pond,cycle,state,onset,terminus,duration,n_species,state_id
1,1,"PC,RS",55,55,1,2,357
1,1,RS,56,56,1,1,376
1,1,none,57,57,1,0,343
1,1,RS,58,59,2,1,376
1,1,none,60,61,2,0,343
1,1,RS,62,67,6,1,376
1,1,none,68,68,1,0,343
1,1,RS,69,69,1,1,376
1,1,"PC,RS",70,79,10,2,357
1,1,RS,80,80,1,1,376
1,1,"PC,RS",81,85,5,2,357
1,1,PC,86,86,1,1,344
1,1,"PC,RS",87,94,8,2,357
1,1,PC,95,95,1,1,344
1,1,"PC,RS",96,97,2,2,357
1,1,RS,98,99,2,1,376
1,1,"PC,RS",100,100,1,2,357
1,1,RS,101,103,3,1,376
1,1,none,104,106,3,0,343
1,1,RS,107,107,1,1,376
1,1,"HV,RS",108,109,2,2,342
1,1,RS,110,110,1,1,376
1,1,none,111,111,1,0,343
1,1,RS,112,112,1,1,376
1,1,none,113,113,1,0,343
1,1,RS,114,115,2,1,376
1,1,none,116,116,1,0,343
1,1,RS,117,117,1,1,376
1,1,"HV,RS",118,120,3,2,342
1,1,HV,121,122,2,1,320
1,1,none,123,123,1,0,343
1,1,"HV,RS",124,124,1,2,342
1,1,HV,125,131,7,1,320
1,1,"HV,RS",132,132,1,2,342
1,1,none,133,136,4,0,343
1,1,HV,137,138,2,1,320
1,1,none,139,151,13,0,343
1,1,"HV,RS",152,154,3,2,342
1,1,RS,155,155,1,1,376
1,1,none,156,156,1,0,343
1,1,"HV,RS",157,160,4,2,342
1,1,"HV,RCA,RS",161,162,2,3,336
1,1,"HV,RCA",163,163,1,2,333
1,1,"HV,RCA,RS",164,164,1,3,336
1,1,"HV,RCA",165,166,2,2,333
1,1,"HV,RCA,RS",167,167,1,3,336
1,1,none,168,170,3,0,343
1,1,HV,171,173,3,1,320
1,1,"BW,HV",174,174,1,2,248
1,1,"BW,HV,RS",175,175,1,3,259
1,1,"BW,HV",176,176,1,2,248
1,1,BW,177,177,1,1,220
1,1,"HV,RS",178,178,1,2,342
1,1,BW,179,180,2,1,220
1,1,HV,181,181,1,1,320
1,1,"BW,HV",182,182,1,2,248
1,1,"HV,RS",183,183,1,2,342
1,1,"HC,HV,RS",184,184,1,3,312
1,1,RS,185,185,1,1,376
1,1,"GC,RS",186,186,1,2,304
1,1,"GC,HV,RS",187,188,2,3,298
1,1,"HV,RS",189,189,1,2,342
1,1,"HC,HV",190,190,1,2,306
1,1,HV,191,192,2,1,320
1,1,"GC,HV,RS",193,195,3,3,298
1,1,"HV,RS",196,196,1,2,342
1,1,"HC,HV,RS",197,197,1,3,312
1,1,"HV,RS",198,198,1,2,342
1,1,HV,199,199,1,1,320
1,1,"HV,RS",200,202,3,2,342
1,1,HV,203,205,3,1,320
1,1,"HV,RS",206,208,3,2,342
1,1,HV,209,209,1,1,320
1,1,"HV,RS",210,210,1,2,342
1,1,"GC,HV",211,212,2,2,289
1,1,HV,213,225,13,1,320
1,1,none,226,226,1,0,343
1,1,HV,227,227,1,1,320
1,1,none,228,243,16,0,343
1,1,RS,244,244,1,1,376
1,1,HV,245,249,5,1,320
1,1,RS,250,250,1,1,376
1,1,none,251,252,2,0,343
1,1,RS,253,253,1,1,376
1,1,none,254,254,1,0,343
1,1,HV,255,256,2,1,320
1,1,none,257,262,6,0,343
1,1,RS,263,263,1,1,376
1,1,none,264,266,3,0,343
1,1,RS,267,267,1,1,376
1,1,none,268,281,14,0,343
1,1,RS,282,283,2,1,376
1,1,none,284,285,2,0,343
1,1,RS,286,286,1,1,376
1,1,none,287,291,5,0,343
1,1,RS,292,292,1,1,376
1,1,none,293,293,1,0,343
1,1,RS,294,298,5,1,376
1,1,none,299,302,4,0,343
1,1,RS,303,303,1,1,376
1,1,none,304,305,2,0,343
1,1,RS,306,309,4,1,376
1,1,none,310,311,2,0,343
1,1,RS,312,312,1,1,376
1,2,RS,9,15,7,1,376
1,2,none,16,17,2,0,343
1,2,RS,18,18,1,1,376
1,2,none,19,23,5,0,343
1,2,PC,24,24,1,1,344
1,2,none,25,35,11,0,343
1,2,RS,36,36,1,1,376
1,2,none,37,38,2,0,343
1,2,RS,39,39,1,1,376
1,2,none,40,42,3,0,343
1,2,RS,43,43,1,1,376
1,2,none,44,48,5,0,343
1,2,RS,49,49,1,1,376
1,2,none,50,52,3,0,343
1,2,RS,53,57,5,1,376
1,2,none,58,70,13,0,343
1,2,RS,71,73,3,1,376
1,2,none,74,74,1,0,343
1,2,RS,75,82,8,1,376
1,2,none,83,106,24,0,343
1,2,RS,107,107,1,1,376
1,2,none,108,112,5,0,343
1,2,RS,113,113,1,1,376
1,2,"HV,RS",114,118,5,2,342
1,2,none,119,209,91,0,343
1,2,HC,210,210,1,1,305
1,2,none,211,211,1,0,343
1,2,HC,212,213,2,1,305
1,2,none,214,214,1,0,343
1,2,HC,215,216,2,1,305
1,2,none,217,217,1,0,343
1,2,HC,218,220,3,1,305
1,2,none,221,221,1,0,343
1,2,HC,222,222,1,1,305
1,2,"HC,HV",223,224,2,2,306
1,2,HV,225,226,2,1,320
1,2,none,227,227,1,0,343
1,2,HC,228,232,5,1,305
1,2,HV,233,233,1,1,320
1,2,"HC,RCA",234,234,1,2,314
1,2,HC,235,235,1,1,305
1,2,none,236,238,3,0,343
1,2,HC,239,240,2,1,305
1,2,none,241,265,25,0,343
1,2,"HV,RS",266,266,1,2,342
1,2,RS,267,268,2,1,376
1,2,none,269,273,5,0,343
1,2,RS,274,274,1,1,376
1,2,none,275,275,1,0,343
1,2,RCA,276,276,1,1,366
1,2,none,277,280,4,0,343
1,2,RS,281,281,1,1,376
1,2,none,282,284,3,0,343
1,2,RS,285,285,1,1,376
1,2,none,286,289,4,0,343
1,2,RS,290,290,1,1,376
1,2,none,291,300,10,0,343
1,2,RS,301,301,1,1,376
1,2,none,302,303,2,0,343
1,2,RS,304,304,1,1,376
1,2,none,305,307,3,0,343
1,2,RS,308,312,5,1,376
1,2,none,313,313,1,0,343
1,2,RS,314,314,1,1,376
1,2,none,315,319,5,0,343
1,2,RS,320,320,1,1,376
1,2,none,321,321,1,0,343
1,2,RS,322,323,2,1,376
1,2,none,324,328,5,0,343
1,2,RS,329,331,3,1,376
1,2,none,332,333,2,0,343
1,2,RS,334,334,1,1,376
1,3,RS,12,12,1,1,376
1,3,none,13,25,13,0,343
1,3,RS,26,26,1,1,376
1,3,HV,27,27,1,1,320
1,3,"PC,RS",28,28,1,2,357
1,3,RS,29,29,1,1,376
1,3,none,30,30,1,0,343
1,3,RS,31,31,1,1,376
1,3,"PC,RS",32,33,2,2,357
1,3,PC,34,34,1,1,344
1,3,"PC,RS",35,36,2,2,357
1,3,none,37,46,10,0,343
1,3,PC,47,49,3,1,344
1,3,none,50,53,4,0,343
1,3,"PC,RS",54,54,1,2,357
1,3,PC,55,55,1,1,344
1,3,none,56,67,12,0,343
1,3,"PC,RS",68,71,4,2,357
1,3,RS,72,72,1,1,376
1,3,none,73,77,5,0,343
1,3,PC,78,79,2,1,344
1,3,"PC,RS",80,80,1,2,357
1,3,PC,81,81,1,1,344
1,3,none,82,85,4,0,343
1,3,PC,86,86,1,1,344
1,3,RS,87,88,2,1,376
1,3,PC,89,95,7,1,344
1,3,none,96,113,18,0,343
1,3,RS,114,114,1,1,376
1,3,none,115,152,38,0,343
1,3,HV,153,153,1,1,320
1,3,none,154,154,1,0,343
1,3,HV,155,156,2,1,320
1,3,"HC,HV",157,157,1,2,306
1,3,none,158,159,2,0,343
1,3,HV,160,166,7,1,320
1,3,none,167,189,23,0,343
1,3,HV,190,191,2,1,320
1,3,none,192,194,3,0,343
1,3,HV,195,203,9,1,320
1,3,none,204,205,2,0,343
1,3,HV,206,208,3,1,320
1,3,none,209,211,3,0,343
1,3,HV,212,215,4,1,320
1,3,none,216,216,1,0,343
1,3,HV,217,217,1,1,320
1,3,none,218,218,1,0,343
1,3,HV,219,220,2,1,320
1,3,none,221,230,10,0,343
1,3,HV,231,232,2,1,320
1,3,none,233,233,1,0,343
1,3,HV,234,237,4,1,320
1,3,none,238,238,1,0,343
1,3,HV,239,239,1,1,320
1,3,none,240,250,11,0,343
1,3,HV,251,251,1,1,320
1,3,none,252,265,14,0,343
1,3,HV,266,266,1,1,320
1,3,none,267,268,2,0,343
1,3,HV,269,270,2,1,320
1,3,"HV,RS",271,271,1,2,342
1,3,RS,272,275,4,1,376
1,3,none,276,281,6,0,343
1,3,RS,282,284,3,1,376
1,3,none,285,308,24,0,343
1,3,RS,309,313,5,1,376
1,3,none,314,315,2,0,343
1,3,RS,316,318,3,1,376
1,3,none,319,321,3,0,343
1,3,RS,322,323,2,1,376
1,3,none,324,324,1,0,343
1,3,RS,325,325,1,1,376
1,3,none,326,340,15,0,343
1,3,PC,341,341,1,1,344
1,3,none,342,347,6,0,343
1,3,RS,348,349,2,1,376
1,4,PC,2,2,1,1,344
1,4,none,3,27,25,0,343
1,4,PC,28,28,1,1,344
1,4,RS,29,29,1,1,376
1,4,none,30,42,13,0,343
1,4,PC,43,45,3,1,344
1,4,none,46,49,4,0,343
1,4,PC,50,53,4,1,344
1,4,none,54,58,5,0,343
1,4,PC,59,59,1,1,344
1,4,none,60,61,2,0,343
1,4,PC,62,62,1,1,344
1,4,none,63,66,4,0,343
1,4,PC,67,67,1,1,344
1,4,"PC,RS",68,68,1,2,357
1,4,PC,69,71,3,1,344
1,4,"PC,RS",72,75,4,2,357
1,4,PC,76,76,1,1,344
1,4,"PC,RS",77,77,1,2,357
1,4,PC,78,80,3,1,344
1,4,"PC,RS",81,81,1,2,357
1,4,PC,82,82,1,1,344
1,4,"PC,RS",83,89,7,2,357
1,4,"HV,PC,RS",90,91,2,3,328
1,4,"HV,PC",92,92,1,2,321
1,4,PC,93,93,1,1,344
1,4,"PC,RS",94,94,1,2,357
1,4,PC,95,102,8,1,344
1,4,none,103,103,1,0,343
1,4,PC,104,104,1,1,344
1,4,"HV,PC",105,107,3,2,321
1,4,PC,108,108,1,1,344
1,4,none,109,109,1,0,343
1,4,PC,110,111,2,1,344
1,4,none,112,112,1,0,343
1,4,HV,113,115,3,1,320
1,4,"HV,PC",116,116,1,2,321
1,4,RS,117,117,1,1,376
1,4,none,118,118,1,0,343
1,4,"HV,RS",119,120,2,2,342
1,4,"HV,PC,RS",121,121,1,3,328
1,4,RS,122,124,3,1,376
1,4,"HV,RS",125,125,1,2,342
1,4,RS,126,126,1,1,376
1,4,"HV,RS",127,127,1,2,342
1,4,RS,128,131,4,1,376
1,4,"RCL,RS",132,132,1,2,373
1,4,RCL,133,133,1,1,370
1,4,"HV,RCL",134,134,1,2,337
1,4,RCL,135,136,2,1,370
1,4,"HV,RCL",137,137,1,2,337
1,4,RCL,138,140,3,1,370
1,4,"HV,RCL",141,141,1,2,337
1,4,none,142,142,1,0,343
1,4,HV,143,143,1,1,320
1,4,"HV,RS",144,144,1,2,342
1,4,"HV,RCL",145,145,1,2,337
1,4,RCL,146,146,1,1,370
1,4,HV,147,148,2,1,320
1,4,"RCL,RS",149,150,2,2,373
1,4,"HV,RCL,RS",151,154,4,3,339
1,4,"HV,RCL",155,155,1,2,337
1,4,"HV,RCL,RS",156,159,4,3,339
1,4,"HC,HV,RCL",160,160,1,3,310
1,4,"HV,RCL,RS",161,161,1,3,339
1,4,"GC,HV,RCL,RS",162,162,1,4,297
1,4,"HC,HV,RCA,RCL,RS",163,163,1,5,309
1,4,"HC,HV,RCL,RS",164,164,1,4,311
1,4,"HV,RCL",165,165,1,2,337
1,4,"HC,HV,RCL",166,166,1,3,310
1,4,"HC,HV,RCL,RS",167,167,1,4,311
1,4,"HC,HV",168,169,2,2,306
1,4,"GC,HC,HV",170,170,1,3,281
1,4,"HC,HV",171,176,6,2,306
1,4,HC,177,178,2,1,305
1,4,none,179,179,1,0,343
1,4,"HC,HV",180,191,12,2,306
1,4,HC,192,192,1,1,305
1,4,"HC,HV",193,193,1,2,306
1,4,HV,194,194,1,1,320
1,4,"HC,HV",195,202,8,2,306
1,4,"GC,HC,HV",203,203,1,3,281
1,4,RCL,204,204,1,1,370
1,4,none,205,205,1,0,343
1,4,"GC,HC,HV,RCL",206,207,2,4,284
1,4,"HC,HV,RCL",208,212,5,3,310
1,4,HC,213,222,10,1,305
1,4,"HC,HV",223,223,1,2,306
1,4,HC,224,226,3,1,305
1,4,none,227,227,1,0,343
1,4,HC,228,229,2,1,305
1,4,none,230,233,4,0,343
1,4,HV,234,234,1,1,320
1,4,none,235,235,1,0,343
1,4,RS,236,236,1,1,376
1,4,none,237,239,3,0,343
1,4,HV,240,240,1,1,320
1,4,"HC,HV",241,241,1,2,306
1,4,HV,242,243,2,1,320
1,4,none,244,245,2,0,343
1,4,RS,246,246,1,1,376
1,4,none,247,253,7,0,343
1,4,RS,254,254,1,1,376
1,4,none,255,260,6,0,343
1,4,HV,261,261,1,1,320
1,4,"HV,RS",262,262,1,2,342
1,4,RS,263,264,2,1,376
1,4,none,265,268,4,0,343
1,4,RS,269,269,1,1,376
1,4,none,270,270,1,0,343
1,4,RS,271,274,4,1,376
1,4,none,275,275,1,0,343
1,4,RS,276,283,8,1,376
1,4,none,284,285,2,0,343
1,4,RS,286,298,13,1,376
1,4,none,299,302,4,0,343
1,4,RS,303,304,2,1,376
1,4,none,305,305,1,0,343
1,4,RS,306,306,1,1,376
1,4,none,307,310,4,0,343
1,4,RS,311,311,1,1,376
1,4,none,312,316,5,0,343
1,4,RS,317,317,1,1,376
1,4,none,318,325,8,0,343
1,4,RS,326,329,4,1,376
1,4,none,330,330,1,0,343
1,4,RS,331,332,2,1,376
1,4,none,333,333,1,0,343
1,4,RS,334,336,3,1,376
1,4,none,337,347,11,0,343
1,4,RS,348,348,1,1,376
1,4,none,349,350,2,0,343
1,4,RS,351,355,5,1,376
1,5,PC,3,3,1,1,344
1,5,none,4,4,1,0,343
1,5,PC,5,6,2,1,344
1,5,none,7,8,2,0,343
1,5,PC,9,10,2,1,344
1,5,none,11,12,2,0,343
1,5,PC,13,13,1,1,344
1,5,none,14,16,3,0,343
1,5,PC,17,18,2,1,344
1,5,none,19,24,6,0,343
1,5,PC,25,30,6,1,344
1,5,none,31,31,1,0,343
1,5,"PC,RS",32,32,1,2,357
1,5,none,33,33,1,0,343
1,5,PC,34,37,4,1,344
1,5,"PC,RS",38,39,2,2,357
1,5,RS,40,41,2,1,376
1,5,none,42,45,4,0,343
1,5,"PC,RS",46,48,3,2,357
1,5,none,49,51,3,0,343
1,5,"PC,RS",52,52,1,2,357
1,5,RS,53,53,1,1,376
1,5,none,54,54,1,0,343
1,5,"PC,RS",55,55,1,2,357
1,5,PC,56,59,4,1,344
1,5,"PC,RS",60,70,11,2,357
1,5,PC,71,71,1,1,344
1,5,"PC,RS",72,73,2,2,357
1,5,PC,74,74,1,1,344
1,5,none,75,77,3,0,343
1,5,PC,78,83,6,1,344
1,5,"PC,RS",84,85,2,2,357
1,5,PC,86,89,4,1,344
1,5,"PC,RS",90,90,1,2,357
1,5,PC,91,91,1,1,344
1,5,"PC,RS",92,92,1,2,357
1,5,PC,93,93,1,1,344
1,5,none,94,104,11,0,343
1,5,PC,105,107,3,1,344
1,5,none,108,127,20,0,343
1,5,HV,128,128,1,1,320
1,5,none,129,136,8,0,343
1,5,HV,137,139,3,1,320
1,5,none,140,144,5,0,343
1,5,HV,145,146,2,1,320
1,5,none,147,149,3,0,343
1,5,RCL,150,150,1,1,370
1,5,none,151,151,1,0,343
1,5,RCL,152,152,1,1,370
1,5,none,153,154,2,0,343
1,5,HV,155,155,1,1,320
1,5,"HV,RCL",156,156,1,2,337
1,5,none,157,164,8,0,343
1,5,RCL,165,165,1,1,370
1,5,none,166,169,4,0,343
1,5,HC,170,171,2,1,305
1,5,none,172,176,5,0,343
1,5,HC,177,178,2,1,305
1,5,none,179,180,2,0,343
1,5,HC,181,181,1,1,305
1,5,none,182,184,3,0,343
1,5,HV,185,186,2,1,320
1,5,none,187,187,1,0,343
1,5,BV,188,188,1,1,158
1,5,none,189,201,13,0,343
1,5,HV,202,202,1,1,320
1,5,none,203,214,12,0,343
1,5,HV,215,215,1,1,320
1,5,none,216,220,5,0,343
1,5,HV,221,221,1,1,320
1,5,none,222,225,4,0,343
1,5,"HC,HV",226,226,1,2,306
1,5,none,227,228,2,0,343
1,5,HC,229,229,1,1,305
1,5,none,230,247,18,0,343
1,5,HV,248,248,1,1,320
1,5,none,249,253,5,0,343
1,5,HV,254,254,1,1,320
1,5,none,255,272,18,0,343
1,5,RS,273,274,2,1,376
1,5,none,275,276,2,0,343
1,5,RS,277,278,2,1,376
1,5,none,279,279,1,0,343
1,5,RS,280,280,1,1,376
1,5,none,281,284,4,0,343
1,5,RS,285,285,1,1,376
1,5,none,286,290,5,0,343
1,5,RS,291,292,2,1,376
1,5,none,293,293,1,0,343
1,5,RS,294,297,4,1,376
1,5,none,298,298,1,0,343
1,5,RS,299,300,2,1,376
1,5,none,301,303,3,0,343
1,5,RS,304,307,4,1,376
1,5,none,308,310,3,0,343
1,5,RS,311,311,1,1,376
1,6,PC,59,59,1,1,344
1,6,none,60,60,1,0,343
1,6,PC,61,61,1,1,344
1,6,none,62,71,10,0,343
1,6,PC,72,72,1,1,344
1,6,RS,73,73,1,1,376
1,6,"PC,RS",74,74,1,2,357
1,6,none,75,79,5,0,343
1,6,PC,80,80,1,1,344
1,6,none,81,81,1,0,343
1,6,PC,82,83,2,1,344
1,6,none,84,84,1,0,343
1,6,PC,85,87,3,1,344
1,6,"PC,RS",88,89,2,2,357
1,6,none,90,91,2,0,343
1,6,PC,92,95,4,1,344
1,6,"PC,RS",96,97,2,2,357
1,6,PC,98,98,1,1,344
1,6,"PC,RS",99,99,1,2,357
1,6,none,100,100,1,0,343
1,6,"PC,RS",101,102,2,2,357
1,6,PC,103,105,3,1,344
1,6,"PC,RS",106,107,2,2,357
1,6,PC,108,109,2,1,344
1,6,"PC,RS",110,110,1,2,357
1,6,PC,111,112,2,1,344
1,6,"PC,RS",113,116,4,2,357
1,6,"HV,PC,RS",117,117,1,3,328
1,6,"HV,PC",118,119,2,2,321
1,6,none,120,121,2,0,343
1,6,HV,122,124,3,1,320
1,6,none,125,129,5,0,343
1,6,HV,130,132,3,1,320
1,6,"HV,PC",133,133,1,2,321
1,6,HV,134,140,7,1,320
1,6,none,141,147,7,0,343
1,6,HV,148,149,2,1,320
1,6,none,150,150,1,0,343
1,6,HV,151,153,3,1,320
1,6,none,154,154,1,0,343
1,6,HV,155,155,1,1,320
1,6,"BV,HV",156,156,1,2,207
1,6,none,157,163,7,0,343
1,6,RCL,164,167,4,1,370
1,6,HV,168,168,1,1,320
1,6,RCL,169,169,1,1,370
1,6,none,170,192,23,0,343
1,6,HV,193,195,3,1,320
1,6,"BV,HC,HV",196,197,2,3,203
1,6,"HC,HV",198,198,1,2,306
1,6,HC,199,199,1,1,305
1,6,none,200,200,1,0,343
1,6,HC,201,201,1,1,305
1,6,none,202,202,1,0,343
1,6,HC,203,203,1,1,305
1,6,none,204,209,6,0,343
1,6,HC,210,210,1,1,305
1,6,none,211,213,3,0,343
1,6,HC,214,215,2,1,305
1,6,none,216,216,1,0,343
1,6,"BV,HC,HV",217,218,2,3,203
1,6,none,219,219,1,0,343
1,6,HC,220,225,6,1,305
1,6,none,226,226,1,0,343
1,6,HC,227,229,3,1,305
1,6,none,230,232,3,0,343
1,6,HC,233,233,1,1,305
1,6,none,234,234,1,0,343
1,6,"HC,HV",235,236,2,2,306
1,6,none,237,237,1,0,343
1,6,HV,238,238,1,1,320
1,6,none,239,239,1,0,343
1,6,HC,240,240,1,1,305
1,6,none,241,246,6,0,343
1,6,HC,247,248,2,1,305
1,6,none,249,261,13,0,343
1,6,HV,262,263,2,1,320
1,6,none,264,266,3,0,343
1,6,HV,267,267,1,1,320
1,6,none,268,287,20,0,343
1,6,RS,288,292,5,1,376
1,6,none,293,293,1,0,343
1,6,RS,294,294,1,1,376
1,6,none,295,297,3,0,343
1,6,RS,298,298,1,1,376
1,6,none,299,303,5,0,343
1,6,RS,304,304,1,1,376
1,6,none,305,310,6,0,343
1,6,RS,311,314,4,1,376
1,6,none,315,315,1,0,343
1,6,RS,316,322,7,1,376
1,6,none,323,325,3,0,343
1,6,RS,326,327,2,1,376
1,6,none,328,339,12,0,343
1,6,RS,340,340,1,1,376
1,7,PC,20,20,1,1,344
1,7,none,21,23,3,0,343
1,7,PC,24,24,1,1,344
1,7,none,25,25,1,0,343
1,7,PC,26,26,1,1,344
1,7,none,27,31,5,0,343
1,7,PC,32,32,1,1,344
1,7,none,33,37,5,0,343
1,7,PC,38,40,3,1,344
1,7,none,41,44,4,0,343
1,7,PC,45,48,4,1,344
1,7,none,49,49,1,0,343
1,7,PC,50,51,2,1,344
1,7,none,52,52,1,0,343
1,7,PC,53,58,6,1,344
1,7,none,59,60,2,0,343
1,7,PC,61,66,6,1,344
1,7,none,67,76,10,0,343
1,7,PC,77,88,12,1,344
1,7,none,89,91,3,0,343
1,7,PC,92,100,9,1,344
1,7,"PC,RS",101,102,2,2,357
1,7,none,103,103,1,0,343
1,7,"HV,PC",104,104,1,2,321
1,7,"HV,PC,RS",105,105,1,3,328
1,7,HV,106,106,1,1,320
1,7,"HV,PC",107,107,1,2,321
1,7,HV,108,109,2,1,320
1,7,"HV,RS",110,110,1,2,342
1,7,"HV,PC",111,111,1,2,321
1,7,"HV,PC,RS",112,112,1,3,328
1,7,"BV,HV,RS",113,113,1,3,215
1,7,HV,114,114,1,1,320
1,7,none,115,119,5,0,343
1,7,HV,120,120,1,1,320
1,7,none,121,129,9,0,343
1,7,HC,130,130,1,1,305
1,7,none,131,138,8,0,343
1,7,HV,139,140,2,1,320
1,7,"BV,HV,RCL",141,141,1,3,213
1,7,"BV,HV",142,142,1,2,207
1,7,none,143,144,2,0,343
1,7,HV,145,146,2,1,320
1,7,none,147,147,1,0,343
1,7,HV,148,148,1,1,320
1,7,"BW,HV",149,149,1,2,248
1,7,HV,150,150,1,1,320
1,7,"BV,HV",151,151,1,2,207
1,7,HV,152,152,1,1,320
1,7,none,153,153,1,0,343
1,7,HV,154,154,1,1,320
1,7,none,155,156,2,0,343
1,7,RCL,157,157,1,1,370
1,7,"HV,RCL",158,162,5,2,337
1,7,RCL,163,167,5,1,370
1,7,none,168,190,23,0,343
1,7,HV,191,193,3,1,320
1,7,none,194,204,11,0,343
1,7,"BW,HV",205,205,1,2,248
1,7,HV,206,207,2,1,320
1,7,none,208,212,5,0,343
1,7,"BV,HV",213,214,2,2,207
1,7,HV,215,216,2,1,320
1,7,none,217,246,30,0,343
1,7,HV,247,252,6,1,320
1,7,none,253,253,1,0,343
1,7,HV,254,257,4,1,320
1,7,"HV,RS",258,260,3,2,342
1,7,HV,261,261,1,1,320
1,7,"HV,RS",262,262,1,2,342
1,7,HV,263,264,2,1,320
1,7,"HV,RS",265,266,2,2,342
1,7,RS,267,267,1,1,376
1,7,HV,268,268,1,1,320
1,7,RS,269,269,1,1,376
1,7,none,270,270,1,0,343
1,7,RS,271,272,2,1,376
1,7,none,273,273,1,0,343
1,7,RS,274,275,2,1,376
1,7,none,276,281,6,0,343
1,7,RS,282,282,1,1,376
1,7,none,283,293,11,0,343
1,7,RS,294,298,5,1,376
1,7,none,299,302,4,0,343
1,7,RS,303,304,2,1,376
1,8,PC,63,63,1,1,344
1,8,none,64,68,5,0,343
1,8,PC,69,70,2,1,344
1,8,none,71,71,1,0,343
1,8,PC,72,77,6,1,344
1,8,none,78,91,14,0,343
1,8,PC,92,99,8,1,344
1,8,none,100,103,4,0,343
1,8,HV,104,105,2,1,320
1,8,PC,106,108,3,1,344
1,8,none,109,112,4,0,343
1,8,HV,113,115,3,1,320
1,8,none,116,120,5,0,343
1,8,HV,121,121,1,1,320
1,8,none,122,123,2,0,343
1,8,HV,124,124,1,1,320
1,8,"BV,HV",125,127,3,2,207
1,8,HV,128,128,1,1,320
1,8,none,129,133,5,0,343
1,8,HV,134,135,2,1,320
1,8,none,136,137,2,0,343
1,8,HV,138,138,1,1,320
1,8,"BV,HC,HV",139,140,2,3,203
1,8,none,141,148,8,0,343
1,8,"BV,HV",149,149,1,2,207
1,8,none,150,153,4,0,343
1,8,HV,154,154,1,1,320
1,8,BV,155,155,1,1,158
1,8,"BV,HC,HV,RCL",156,157,2,4,204
1,8,"HC,HV,RCL",158,158,1,3,310
1,8,none,159,160,2,0,343
1,8,"BV,HC",161,161,1,2,202
1,8,"BV,HV",162,163,2,2,207
1,8,RCL,164,165,2,1,370
1,8,"BV,HC,HV,RCL",166,169,4,4,204
1,8,none,170,182,13,0,343
1,8,HC,183,189,7,1,305
1,8,"BV,HC,HV,RCL",190,190,1,4,204
1,8,"BV,HV,RCL",191,191,1,3,213
1,8,"HV,RCL",192,194,3,2,337
1,8,RCL,195,197,3,1,370
1,8,none,198,198,1,0,343
1,8,RCL,199,202,4,1,370
1,8,"HC,RCL",203,203,1,2,317
1,8,none,204,205,2,0,343
1,8,"BV,HC",206,206,1,2,202
1,8,HC,207,207,1,1,305
1,8,none,208,209,2,0,343
1,8,HC,210,213,4,1,305
1,8,none,214,219,6,0,343
1,8,HC,220,222,3,1,305
1,8,none,223,223,1,0,343
1,8,HC,224,224,1,1,305
1,8,none,225,225,1,0,343
1,8,HC,226,228,3,1,305
1,8,none,229,230,2,0,343
1,8,HC,231,231,1,1,305
1,8,"BV,HC",232,234,3,2,202
1,8,none,235,245,11,0,343
1,8,BV,246,246,1,1,158
1,8,none,247,251,5,0,343
1,8,"BV,HV",252,253,2,2,207
1,8,none,254,257,4,0,343
1,8,HV,258,259,2,1,320
1,8,none,260,261,2,0,343
1,8,HV,262,263,2,1,320
1,8,"HV,RCL",264,264,1,2,337
1,8,HV,265,267,3,1,320
1,8,none,268,268,1,0,343
1,8,HV,269,269,1,1,320
1,8,none,270,270,1,0,343
1,8,HV,271,271,1,1,320
1,8,none,272,287,16,0,343
1,8,RS,288,288,1,1,376
1,9,PC,50,50,1,1,344
1,9,none,51,51,1,0,343
1,9,PC,52,54,3,1,344
1,9,none,55,58,4,0,343
1,9,PC,59,68,10,1,344
1,9,"PC,RS",69,69,1,2,357
1,9,PC,70,73,4,1,344
1,9,none,74,74,1,0,343
1,9,PC,75,75,1,1,344
1,9,none,76,78,3,0,343
1,9,PC,79,79,1,1,344
1,9,none,80,81,2,0,343
1,9,PC,82,82,1,1,344
1,9,none,83,93,11,0,343
1,9,PC,94,94,1,1,344
1,9,none,95,96,2,0,343
1,9,PC,97,103,7,1,344
1,9,"PC,RS",104,104,1,2,357
1,9,PC,105,108,4,1,344
1,9,none,109,109,1,0,343
1,9,"PC,RS",110,112,3,2,357
1,9,PC,113,114,2,1,344
1,9,none,115,115,1,0,343
1,9,PC,116,116,1,1,344
1,9,none,117,120,4,0,343
1,9,PC,121,121,1,1,344
1,9,none,122,128,7,0,343
1,9,PC,129,130,2,1,344
1,9,none,131,131,1,0,343
1,9,PC,132,132,1,1,344
1,9,"PC,RS",133,133,1,2,357
1,9,PC,134,134,1,1,344
1,9,"HV,PC",135,135,1,2,321
1,9,"PC,RS",136,136,1,2,357
1,9,"HV,PC",137,138,2,2,321
1,9,"BV,HV",139,139,1,2,207
1,9,"BV,HV,PC",140,141,2,3,208
1,9,"BV,HV",142,142,1,2,207
1,9,none,143,144,2,0,343
1,9,HV,145,145,1,1,320
1,9,none,146,147,2,0,343
1,9,HV,148,149,2,1,320
1,9,none,150,151,2,0,343
1,9,"BV,HC,HV",152,152,1,3,203
1,9,"BV,HV",153,153,1,2,207
1,9,"BV,HC,HV",154,154,1,3,203
1,9,"BV,HV",155,155,1,2,207
1,9,HV,156,157,2,1,320
1,9,none,158,158,1,0,343
1,9,HV,159,161,3,1,320
1,9,none,162,168,7,0,343
1,9,"BV,HV",169,170,2,2,207
1,9,none,171,172,2,0,343
1,9,HV,173,173,1,1,320
1,9,none,174,201,28,0,343
1,9,BV,202,204,3,1,158
1,9,none,205,225,21,0,343
1,9,"BV,HV",226,227,2,2,207
1,9,none,228,234,7,0,343
1,9,BV,235,235,1,1,158
1,9,none,236,237,2,0,343
1,9,"BV,HV",238,239,2,2,207
1,9,none,240,271,32,0,343
1,9,RS,272,273,2,1,376
1,9,HV,274,274,1,1,320
1,9,none,275,279,5,0,343
1,9,HV,280,280,1,1,320
1,9,none,281,281,1,0,343
1,9,RS,282,282,1,1,376
1,9,none,283,284,2,0,343
1,9,HV,285,285,1,1,320
1,9,none,286,288,3,0,343
1,9,RS,289,289,1,1,376
1,9,none,290,290,1,0,343
1,9,HV,291,291,1,1,320
1,9,RS,292,292,1,1,376
1,9,none,293,293,1,0,343
1,9,RS,294,295,2,1,376
1,9,none,296,304,9,0,343
1,9,RS,305,305,1,1,376
1,9,none,306,309,4,0,343
1,9,RS,310,310,1,1,376
1,9,none,311,311,1,0,343
1,9,RS,312,319,8,1,376
1,9,none,320,320,1,0,343
1,9,RS,321,324,4,1,376
1,9,none,325,327,3,0,343
1,9,RS,328,328,1,1,376
1,9,none,329,329,1,0,343
1,9,RS,330,331,2,1,376
1,9,none,332,332,1,0,343
1,9,RS,333,333,1,1,376
1,9,none,334,336,3,0,343
1,9,RS,337,337,1,1,376
1,10,PC,46,46,1,1,344
1,10,none,47,65,19,0,343
1,10,PC,66,66,1,1,344
1,10,none,67,70,4,0,343
1,10,PC,71,71,1,1,344
1,10,none,72,76,5,0,343
1,10,"PC,RS",77,79,3,2,357
1,10,none,80,82,3,0,343
1,10,PC,83,84,2,1,344
1,10,none,85,85,1,0,343
1,10,PC,86,92,7,1,344
1,10,"PC,RS",93,94,2,2,357
1,10,PC,95,121,27,1,344
1,10,none,122,127,6,0,343
1,10,HV,128,128,1,1,320
1,10,"BW,HV,PC",129,129,1,3,249
1,10,"BV,BW,HV",130,130,1,3,180
1,10,"BW,HV",131,131,1,2,248
1,10,HV,132,133,2,1,320
1,10,none,134,137,4,0,343
1,10,"BV,HV",138,140,3,2,207
1,10,HV,141,141,1,1,320
1,10,none,142,142,1,0,343
1,10,HV,143,143,1,1,320
1,10,none,144,144,1,0,343
1,10,HV,145,145,1,1,320
1,10,"BV,HV",146,146,1,2,207
1,10,HV,147,148,2,1,320
1,10,none,149,169,21,0,343
1,10,BV,170,172,3,1,158
1,10,none,173,175,3,0,343
1,10,BV,176,176,1,1,158
1,10,none,177,182,6,0,343
1,10,BV,183,183,1,1,158
1,10,none,184,185,2,0,343
1,10,HV,186,188,3,1,320
1,10,none,189,206,18,0,343
1,10,BW,207,207,1,1,220
1,10,"BV,HV",208,208,1,2,207
1,10,BV,209,209,1,1,158
1,10,none,210,210,1,0,343
1,10,BV,211,211,1,1,158
1,10,none,212,212,1,0,343
1,10,BV,213,213,1,1,158
1,10,none,214,214,1,0,343
1,10,BV,215,215,1,1,158
1,10,none,216,241,26,0,343
1,10,RS,242,242,1,1,376
1,10,none,243,243,1,0,343
1,10,RS,244,244,1,1,376
1,10,none,245,265,21,0,343
1,10,RS,266,267,2,1,376
1,10,none,268,268,1,0,343
1,10,BV,269,269,1,1,158
1,10,"BV,RS",270,270,1,2,219
1,10,RS,271,278,8,1,376
1,10,none,279,279,1,0,343
1,10,RS,280,280,1,1,376
1,10,none,281,281,1,0,343
1,10,RS,282,297,16,1,376
1,10,none,298,299,2,0,343
1,10,RS,300,301,2,1,376
1,10,none,302,318,17,0,343
1,10,RS,319,321,3,1,376
1,10,none,322,322,1,0,343
1,10,RS,323,324,2,1,376
1,10,none,325,333,9,0,343
1,10,RS,334,334,1,1,376
1,11,RS,26,26,1,1,376
1,11,none,27,48,22,0,343
1,11,RS,49,49,1,1,376
1,11,none,50,55,6,0,343
1,11,RS,56,56,1,1,376
1,11,"PC,RS",57,57,1,2,357
1,11,RS,58,58,1,1,376
1,11,none,59,67,9,0,343
1,11,RS,68,68,1,1,376
1,11,none,69,70,2,0,343
1,11,PC,71,75,5,1,344
1,11,"PC,RS",76,76,1,2,357
1,11,PC,77,77,1,1,344
1,11,"PC,RS",78,79,2,2,357
1,11,RS,80,80,1,1,376
1,11,"PC,RS",81,81,1,2,357
1,11,PC,82,85,4,1,344
1,11,"PC,RS",86,86,1,2,357
1,11,none,87,88,2,0,343
1,11,PC,89,91,3,1,344
1,11,none,92,92,1,0,343
1,11,PC,93,94,2,1,344
1,11,"PC,RS",95,95,1,2,357
1,11,RS,96,97,2,1,376
1,11,"PC,RS",98,98,1,2,357
1,11,RS,99,99,1,1,376
1,11,PC,100,100,1,1,344
1,11,"PC,RS",101,105,5,2,357
1,11,RS,106,117,12,1,376
1,11,none,118,119,2,0,343
1,11,RS,120,120,1,1,376
1,11,none,121,122,2,0,343
1,11,HV,123,123,1,1,320
1,11,"HV,RS",124,124,1,2,342
1,11,RS,125,125,1,1,376
1,11,none,126,142,17,0,343
1,11,HV,143,143,1,1,320
1,11,"HV,RS",144,144,1,2,342
1,11,none,145,145,1,0,343
1,11,HV,146,146,1,1,320
1,11,"HV,RCL",147,147,1,2,337
1,11,"HV,RS",148,148,1,2,342
1,11,none,149,153,5,0,343
1,11,"HV,RS",154,154,1,2,342
1,11,RS,155,156,2,1,376
1,11,"HV,RS",157,160,4,2,342
1,11,none,161,163,3,0,343
1,11,HV,164,166,3,1,320
1,11,none,167,167,1,0,343
1,11,HV,168,172,5,1,320
1,11,none,173,173,1,0,343
1,11,HV,174,177,4,1,320
1,11,none,178,199,22,0,343
1,11,HV,200,200,1,1,320
1,11,none,201,263,63,0,343
1,11,BV,264,265,2,1,158
1,12,RS,61,66,6,1,376
1,12,none,67,70,4,0,343
1,12,RS,71,71,1,1,376
1,12,none,72,72,1,0,343
1,12,RS,73,80,8,1,376
1,12,none,81,81,1,0,343
1,12,RS,82,82,1,1,376
1,12,none,83,86,4,0,343
1,12,"PC,RS",87,87,1,2,357
1,12,PC,88,88,1,1,344
1,12,"PC,RS",89,89,1,2,357
1,12,none,90,90,1,0,343
1,12,"PC,RS",91,91,1,2,357
1,12,PC,92,92,1,1,344
1,12,RS,93,93,1,1,376
1,12,none,94,95,2,0,343
1,12,RS,96,97,2,1,376
1,12,"HV,RS",98,105,8,2,342
1,12,RS,106,111,6,1,376
1,12,"HV,RS",112,112,1,2,342
1,12,HV,113,115,3,1,320
1,12,RS,116,117,2,1,376
1,12,none,118,118,1,0,343
1,12,HV,119,119,1,1,320
1,12,none,120,121,2,0,343
1,12,HV,122,122,1,1,320
1,12,none,123,127,5,0,343
1,12,HV,128,129,2,1,320
1,12,none,130,131,2,0,343
1,12,HV,132,132,1,1,320
1,12,none,133,143,11,0,343
1,12,HV,144,144,1,1,320
1,12,none,145,145,1,0,343
1,12,HV,146,149,4,1,320
1,12,"HV,RCL",150,150,1,2,337
1,12,HV,151,155,5,1,320
1,12,none,156,161,6,0,343
1,12,HV,162,162,1,1,320
1,12,none,163,163,1,0,343
1,12,HV,164,177,14,1,320
1,12,none,178,179,2,0,343
1,12,HV,180,187,8,1,320
1,12,none,188,188,1,0,343
1,12,HV,189,201,13,1,320
1,12,none,202,207,6,0,343
1,12,RS,208,208,1,1,376
1,12,none,209,217,9,0,343
1,12,HV,218,219,2,1,320
1,12,"HV,RCL",220,232,13,2,337
1,12,"HV,RCL,RS",233,233,1,3,339
1,12,"HV,RCL",234,235,2,2,337
1,12,"HV,RCL,RS",236,236,1,3,339
1,12,"HV,RCL",237,239,3,2,337
1,12,RCL,240,240,1,1,370
1,12,"HV,RCL",241,241,1,2,337
1,12,"HV,RCL,RS",242,246,5,3,339
1,12,"HV,RCL",247,247,1,2,337
1,12,"HV,RCL,RS",248,250,3,3,339
1,12,"HV,RCL",251,251,1,2,337
1,12,"RCL,RS",252,253,2,2,373
1,12,RCL,254,258,5,1,370
1,12,"RCL,RS",259,264,6,2,373
1,12,RCL,265,267,3,1,370
1,12,"RCL,RS",268,269,2,2,373
1,12,RCL,270,270,1,1,370
1,12,"RCL,RS",271,271,1,2,373
1,12,RCL,272,272,1,1,370
1,12,"RCL,RS",273,273,1,2,373
1,12,RCL,274,274,1,1,370
1,12,"RCL,RS",275,275,1,2,373
1,12,RCL,276,276,1,1,370
1,12,RS,277,277,1,1,376
1,12,none,278,279,2,0,343
1,12,RS,280,281,2,1,376
1,12,none,282,285,4,0,343
1,12,RS,286,289,4,1,376
1,12,none,290,290,1,0,343
1,12,RS,291,291,1,1,376
1,12,none,292,295,4,0,343
1,12,RS,296,296,1,1,376
1,12,none,297,300,4,0,343
1,12,RS,301,301,1,1,376
1,12,none,302,302,1,0,343
1,12,RS,303,308,6,1,376
1,12,none,309,311,3,0,343
1,12,RCL,312,312,1,1,370
1,12,none,313,313,1,0,343
1,12,RS,314,316,3,1,376
1,13,RS,54,55,2,1,376
1,13,none,56,64,9,0,343
1,13,RS,65,65,1,1,376
1,13,none,66,67,2,0,343
1,13,RS,68,68,1,1,376
1,13,none,69,69,1,0,343
1,13,RS,70,70,1,1,376
1,13,none,71,75,5,0,343
1,13,PC,76,76,1,1,344
1,13,none,77,78,2,0,343
1,13,PC,79,79,1,1,344
1,13,none,80,81,2,0,343
1,13,PC,82,82,1,1,344
1,13,none,83,105,23,0,343
1,13,PC,106,108,3,1,344
1,13,none,109,115,7,0,343
1,13,"HV,PC",116,117,2,2,321
1,13,"BV,HV,PC,RCL",118,118,1,4,209
1,13,"HV,PC",119,119,1,2,321
1,13,none,120,121,2,0,343
1,13,"HV,RCL",122,122,1,2,337
1,13,"HV,PC,RCL",123,123,1,3,325
1,13,"HV,RCL",124,124,1,2,337
1,13,"BW,HV,RCL",125,125,1,3,254
1,13,"HV,RCL,RS",126,126,1,3,339
1,13,"RCL,RS",127,128,2,2,373
1,13,RCL,129,130,2,1,370
1,13,"BV,HV,RCL",131,131,1,3,213
1,13,"HV,RCL",132,133,2,2,337
1,13,"RCL,RS",134,134,1,2,373
1,13,RCL,135,138,4,1,370
1,13,"HV,RCL",139,139,1,2,337
1,13,"HV,RCL,RS",140,140,1,3,339
1,13,RCL,141,142,2,1,370
1,13,"HV,RCL",143,143,1,2,337
1,13,"BV,HV,RCL",144,144,1,3,213
1,13,"BV,HV,RCL,RS",145,145,1,4,214
1,13,"HV,RCL,RS",146,148,3,3,339
1,13,"RCL,RS",149,149,1,2,373
1,13,RCL,150,153,4,1,370
1,13,"HV,RCL",154,155,2,2,337
1,13,"BV,HV,RCL",156,156,1,3,213
1,13,"BV,BW,HV,RCL,RS",157,157,1,5,185
1,13,"BW,HV,RCL,RS",158,158,1,4,257
1,13,"RCL,RS",159,160,2,2,373
1,13,"HV,RCL,RS",161,162,2,3,339
1,13,"BV,BW,HV,RCL,RS",163,164,2,5,185
1,13,"BV,BW,HV,RCL",165,165,1,4,184
1,13,RCL,166,167,2,1,370
1,13,"HV,RCL",168,168,1,2,337
1,13,"BV,HC,HV,RCL",169,169,1,4,204
1,13,"BV,BW,HC,HV,RCL",170,170,1,5,177
1,13,"HV,RCL,RS",171,171,1,3,339
1,13,"HV,RCL",172,172,1,2,337
1,13,"BV,HV,RCL",173,175,3,3,213
1,13,"HV,RCL",176,179,4,2,337
1,13,"BV,BW,HV,RCL",180,181,2,4,184
1,13,"BV,HV,RCL",182,182,1,3,213
1,13,"HV,RCL",183,183,1,2,337
1,13,RCL,184,186,3,1,370
1,13,"HV,RCL",187,190,4,2,337
1,13,RCL,191,192,2,1,370
1,13,"HV,RCL",193,193,1,2,337
1,13,"HC,HV,RCL",194,194,1,3,310
1,13,"HV,RCL",195,196,2,2,337
1,13,"BV,HV,RCL",197,197,1,3,213
1,13,"HV,RCL",198,198,1,2,337
1,13,RCL,199,199,1,1,370
1,13,"HV,RCL",200,205,6,2,337
1,13,RCL,206,222,17,1,370
1,13,"BV,HV,RCL",223,225,3,3,213
1,13,RCL,226,226,1,1,370
1,13,"RCL,RS",227,227,1,2,373
1,13,RCL,228,229,2,1,370
1,13,"RCL,RS",230,230,1,2,373
1,13,RCL,231,233,3,1,370
1,13,"RCL,RS",234,234,1,2,373
1,13,RCL,235,250,16,1,370
1,13,"RCL,RS",251,251,1,2,373
1,13,RCL,252,253,2,1,370
1,13,"RCL,RS",254,257,4,2,373
1,13,RCL,258,258,1,1,370
1,13,"RCL,RS",259,259,1,2,373
1,13,RCL,260,269,10,1,370
1,13,none,270,270,1,0,343
1,13,RS,271,271,1,1,376
1,13,none,272,274,3,0,343
1,13,RS,275,277,3,1,376
1,13,none,278,278,1,0,343
1,13,RS,279,282,4,1,376
1,13,none,283,289,7,0,343
1,13,RS,290,292,3,1,376
1,13,none,293,295,3,0,343
1,13,RS,296,296,1,1,376
1,13,none,297,300,4,0,343
1,13,RS,301,302,2,1,376
1,13,none,303,303,1,0,343
1,13,RS,304,307,4,1,376
1,13,none,308,309,2,0,343
1,13,RS,310,312,3,1,376
1,13,none,313,315,3,0,343
1,13,RS,316,316,1,1,376
1,13,none,317,323,7,0,343
1,13,RS,324,324,1,1,376
1,14,RS,2,2,1,1,376
1,14,none,3,35,33,0,343
1,14,PC,36,36,1,1,344
1,14,none,37,60,24,0,343
1,14,PC,61,62,2,1,344
1,14,none,63,65,3,0,343
1,14,PC,66,67,2,1,344
1,14,none,68,71,4,0,343
1,14,PC,72,75,4,1,344
1,14,"PC,RS",76,77,2,2,357
1,14,RS,78,78,1,1,376
1,14,"PC,RS",79,83,5,2,357
1,14,PC,84,85,2,1,344
1,14,"PC,RS",86,87,2,2,357
1,14,none,88,90,3,0,343
1,14,PC,91,91,1,1,344
1,14,none,92,92,1,0,343
1,14,"PC,RS",93,97,5,2,357
1,14,none,98,98,1,0,343
1,14,RS,99,99,1,1,376
1,14,none,100,100,1,0,343
1,14,PC,101,102,2,1,344
1,14,none,103,106,4,0,343
1,14,PC,107,108,2,1,344
1,14,none,109,111,3,0,343
1,14,PC,112,113,2,1,344
1,14,none,114,117,4,0,343
1,14,HV,118,119,2,1,320
1,14,"AC,HV",120,120,1,2,141
1,14,none,121,122,2,0,343
1,14,"PT,RS",123,123,1,2,365
1,14,none,124,125,2,0,343
1,14,"HV,RS",126,126,1,2,342
1,14,HV,127,127,1,1,320
1,14,"AC,HV",128,128,1,2,141
1,14,HV,129,129,1,1,320
1,14,none,130,136,7,0,343
1,14,HV,137,138,2,1,320
1,14,none,139,142,4,0,343
1,14,HV,143,143,1,1,320
1,14,none,144,149,6,0,343
1,14,HV,150,153,4,1,320
1,14,none,154,154,1,0,343
1,14,"BV,BW,HV",155,155,1,3,180
1,14,"BV,BW,HV,RS",156,157,2,4,186
1,14,"BV,GC,HV",158,158,1,3,194
1,14,"BV,HV",159,159,1,2,207
1,14,"AC,HV,RS",160,160,1,3,147
1,14,"AC,RS",161,161,1,2,157
1,14,"HV,RS",162,162,1,2,342
1,14,"AC,HV,RS",163,168,6,3,147
1,14,"AC,HC,HV,RCA,RS",169,169,1,5,132
1,14,"AC,HV,RS",170,171,2,3,147
1,14,"HV,RS",172,172,1,2,342
1,14,"AC,HV,RS",173,174,2,3,147
1,14,"HV,RS",175,175,1,2,342
1,14,"AC,GC,HV,RS",176,180,5,4,123
1,14,"AC,HV,RS",181,181,1,3,147
1,14,"AC,HV",182,182,1,2,141
1,14,"AC,HC,HV",183,185,3,3,129
1,14,"AC,HV",186,187,2,2,141
1,14,"AC,GC,HV,RS",188,188,1,4,123
1,14,"AC,HC,HV,RS",189,189,1,4,135
1,14,"HV,RS",190,190,1,2,342
1,14,HV,191,191,1,1,320
1,14,"AC,HV",192,195,4,2,141
1,14,AC,196,196,1,1,1
1,14,"AC,HC,HV",197,198,2,3,129
1,14,"AC,HV",199,204,6,2,141
1,14,HV,205,207,3,1,320
1,14,"AC,HV",208,208,1,2,141
1,14,HV,209,209,1,1,320
1,14,"AC,HV",210,210,1,2,141
1,14,"HV,RS",211,212,2,2,342
1,14,"AC,HC,HV",213,213,1,3,129
1,14,"AC,HC,HV,RS",214,215,2,4,135
1,14,"HC,HV,RS",216,217,2,3,312
1,14,HV,218,218,1,1,320
1,14,"HV,RS",219,219,1,2,342
1,14,HV,220,220,1,1,320
1,14,"HV,RS",221,221,1,2,342
1,14,HV,222,225,4,1,320
1,14,"HV,RS",226,231,6,2,342
1,14,"AC,HV,RS",232,232,1,3,147
1,14,"HV,RS",233,236,4,2,342
1,14,"HC,HV,RS",237,237,1,3,312
1,14,"HV,RS",238,244,7,2,342
1,14,HV,245,248,4,1,320
1,14,RS,249,249,1,1,376
1,14,"HV,RS",250,260,11,2,342
1,14,RS,261,261,1,1,376
1,14,none,262,262,1,0,343
1,14,RS,263,270,8,1,376
1,14,none,271,271,1,0,343
1,14,"HV,RS",272,272,1,2,342
1,14,RS,273,277,5,1,376
1,14,none,278,282,5,0,343
1,14,RS,283,285,3,1,376
1,14,none,286,286,1,0,343
1,14,RS,287,287,1,1,376
1,14,none,288,288,1,0,343
1,14,RS,289,291,3,1,376
1,14,none,292,292,1,0,343
1,14,RS,293,303,11,1,376
1,14,none,304,304,1,0,343
1,14,RS,305,305,1,1,376
1,14,none,306,313,8,0,343
1,14,RS,314,316,3,1,376
1,14,none,317,327,11,0,343
1,14,RS,328,328,1,1,376
1,15,RS,6,7,2,1,376
1,15,none,8,21,14,0,343
1,15,RS,22,22,1,1,376
1,15,none,23,28,6,0,343
1,15,RS,29,29,1,1,376
1,15,none,30,42,13,0,343
1,15,PC,43,46,4,1,344
1,15,"PC,RS",47,47,1,2,357
1,15,PC,48,52,5,1,344
1,15,none,53,53,1,0,343
1,15,"PC,RS",54,56,3,2,357
1,15,none,57,57,1,0,343
1,15,"PC,RS",58,58,1,2,357
1,15,PC,59,59,1,1,344
1,15,none,60,61,2,0,343
1,15,PC,62,62,1,1,344
1,15,none,63,65,3,0,343
1,15,PC,66,75,10,1,344
1,15,none,76,77,2,0,343
1,15,PC,78,78,1,1,344
1,15,"PC,RS",79,79,1,2,357
1,15,RS,80,80,1,1,376
1,15,none,81,87,7,0,343
1,15,PC,88,89,2,1,344
1,15,"PC,RS",90,90,1,2,357
1,15,none,91,92,2,0,343
1,15,"PC,RP,RS",93,93,1,3,356
1,15,"PC,RS",94,94,1,2,357
1,15,"PC,RP,RS",95,97,3,3,356
1,15,"PC,PT,RP,RS",98,100,3,4,347
1,15,"HV,PC,PT,RP,RS",101,102,2,5,323
1,15,"HV,PC,RP,RS",103,103,1,4,327
1,15,"HV,PC,PT,RP,RS",104,105,2,5,323
1,15,"HV,PC,RP,RS",106,106,1,4,327
1,15,"HV,PC,RS",107,107,1,3,328
1,15,"PC,RP,RS",108,108,1,3,356
1,15,"HV,PC,RS",109,110,2,3,328
1,15,"HV,RP,RS",111,111,1,3,341
1,15,RP,112,112,1,1,374
1,15,RS,113,114,2,1,376
1,15,"HV,RS",115,117,3,2,342
1,15,HV,118,119,2,1,320
1,15,"HV,RS",120,120,1,2,342
1,15,RS,121,122,2,1,376
1,15,"HV,RS",123,123,1,2,342
1,15,HV,124,126,3,1,320
1,15,none,127,127,1,0,343
1,15,RS,128,128,1,1,376
1,15,"HV,RS",129,130,2,2,342
1,15,RS,131,132,2,1,376
1,15,"HV,RS",133,136,4,2,342
1,15,RS,137,138,2,1,376
1,15,"HV,RCL,RS",139,144,6,3,339
1,15,"RCL,RS",145,146,2,2,373
1,15,"HV,RCL,RS",147,151,5,3,339
1,15,RCL,152,152,1,1,370
1,15,HV,153,153,1,1,320
1,15,RCL,154,154,1,1,370
1,15,none,155,157,3,0,343
1,15,"HV,RCL,RS",158,159,2,3,339
1,15,"HV,RCL",160,160,1,2,337
1,15,"GC,HV,RCL",161,161,1,3,296
1,15,"HV,RCL,RS",162,162,1,3,339
1,15,"GC,HV,RCL,RS",163,163,1,4,297
1,15,"HV,RCL",164,164,1,2,337
1,15,"HV,RCL,RS",165,165,1,3,339
1,15,"GC,HV,RCL,RS",166,166,1,4,297
1,15,"AC,GC,HV,RCL,RS",167,167,1,5,122
1,15,"GC,HV,RCL,RS",168,170,3,4,297
1,15,"AC,HV,RCL,RS",171,171,1,4,146
1,15,"GC,HV,RCL,RS",172,176,5,4,297
1,15,"HV,RCL,RS",177,178,2,3,339
1,15,"GC,HV,RCL,RS",179,181,3,4,297
1,15,"HV,RCL",182,182,1,2,337
1,15,"HV,RCL,RS",183,183,1,3,339
1,15,RCL,184,186,3,1,370
1,15,"HV,RCL",187,188,2,2,337
1,15,RCL,189,194,6,1,370
1,15,"HV,RCL",195,196,2,2,337
1,15,"BV,GC,HV,RCL,RS",197,198,2,5,199
1,15,"BV,RCL",199,199,1,2,217
1,15,"RCL,RS",200,200,1,2,373
1,15,"HV,RCL",201,201,1,2,337
1,15,RCL,202,204,3,1,370
1,15,none,205,215,11,0,343
1,15,HC,216,216,1,1,305
1,15,RCL,217,217,1,1,370
1,15,none,218,220,3,0,343
1,15,RCL,221,222,2,1,370
1,15,none,223,238,16,0,343
1,15,RCL,239,239,1,1,370
1,15,none,240,257,18,0,343
1,15,RCL,258,261,4,1,370
1,16,PC,7,7,1,1,344
1,16,none,8,78,71,0,343
1,16,PT,79,79,1,1,358
1,16,none,80,84,5,0,343
1,16,RP,85,85,1,1,374
1,16,PT,86,87,2,1,358
1,16,none,88,95,8,0,343
1,16,"PC,PT",96,96,1,2,345
1,16,"HV,PC,PT,RS",97,98,2,4,324
1,16,"HV,PC,RS",99,99,1,3,328
1,16,PC,100,102,3,1,344
1,16,none,103,116,14,0,343
1,16,HV,117,117,1,1,320
1,16,none,118,127,10,0,343
1,16,HV,128,129,2,1,320
1,16,none,130,135,6,0,343
1,16,"HV,RS",136,136,1,2,342
1,16,"BV,HV,RS",137,137,1,3,215
1,16,"HV,RS",138,139,2,2,342
1,16,none,140,142,3,0,343
1,16,HV,143,143,1,1,320
1,16,"HV,RS",144,149,6,2,342
1,16,none,150,150,1,0,343
1,16,RCL,151,151,1,1,370
1,16,"HV,RCL",152,152,1,2,337
1,16,RCL,153,153,1,1,370
1,16,"HV,RCL,RS",154,156,3,3,339
1,16,"HV,RCL",157,157,1,2,337
1,16,"AC,HV",158,158,1,2,141
1,16,"HV,RCL",159,162,4,2,337
1,16,HV,163,163,1,1,320
1,16,"HV,RCL",164,165,2,2,337
1,16,RCL,166,167,2,1,370
1,16,"HV,RCL",168,171,4,2,337
1,16,RCL,172,173,2,1,370
1,16,HV,174,192,19,1,320
1,16,none,193,194,2,0,343
1,16,HV,195,262,68,1,320
1,16,"HV,RS",263,270,8,2,342
1,16,RS,271,273,3,1,376
1,16,none,274,297,24,0,343
1,16,RS,298,298,1,1,376
1,16,none,299,313,15,0,343
1,16,RS,314,314,1,1,376
1,17,PC,20,20,1,1,344
1,17,none,21,21,1,0,343
1,17,PC,22,22,1,1,344
1,17,none,23,28,6,0,343
1,17,PC,29,29,1,1,344
1,17,none,30,41,12,0,343
1,17,PC,42,42,1,1,344
1,17,none,43,77,35,0,343
1,17,PC,78,78,1,1,344
1,17,none,79,118,40,0,343
1,17,"HV,PC",119,120,2,2,321
1,17,none,121,128,8,0,343
1,17,RCL,129,136,8,1,370
1,17,"HV,RCL",137,138,2,2,337
1,17,none,139,140,2,0,343
1,17,RCL,141,142,2,1,370
1,17,none,143,144,2,0,343
1,17,"HV,RCL",145,145,1,2,337
1,17,HV,146,146,1,1,320
1,17,RCL,147,148,2,1,370
1,17,"RCL,RS",149,149,1,2,373
1,17,"HV,RCL",150,150,1,2,337
1,17,RCL,151,152,2,1,370
1,17,"HV,RCL",153,154,2,2,337
1,17,RCL,155,160,6,1,370
1,17,"HV,RCL",161,162,2,2,337
1,17,RCL,163,166,4,1,370
1,17,"HV,RCL",167,170,4,2,337
1,17,RCL,171,171,1,1,370
1,17,"GC,HV,RCL",172,172,1,3,296
1,17,"HC,HV,RCL",173,173,1,3,310
1,17,"HV,RCL",174,174,1,2,337
1,17,"GC,HV,RCL",175,177,3,3,296
1,17,"HV,RCL",178,190,13,2,337
1,17,RCL,191,191,1,1,370
1,17,"RCA,RCL",192,192,1,2,367
1,17,RCL,193,199,7,1,370
1,17,"HV,RCL",200,200,1,2,337
1,17,RCL,201,208,8,1,370
1,17,none,209,210,2,0,343
1,17,RCL,211,211,1,1,370
1,17,none,212,213,2,0,343
1,17,RCL,214,215,2,1,370
1,17,none,216,217,2,0,343
1,17,RCL,218,223,6,1,370
1,17,none,224,224,1,0,343
1,17,RCL,225,233,9,1,370
1,17,"BV,RCL",234,234,1,2,217
1,17,RCL,235,240,6,1,370
1,17,HV,241,241,1,1,320
1,17,RCL,242,245,4,1,370
1,17,HV,246,246,1,1,320
1,17,"HV,RCL",247,253,7,2,337
1,17,RCL,254,255,2,1,370
1,17,HV,256,256,1,1,320
1,17,RCL,257,260,4,1,370
1,17,none,261,264,4,0,343
1,17,HV,265,265,1,1,320
1,17,"HV,RCL,RS",266,267,2,3,339
1,17,"RCL,RS",268,270,3,2,373
1,17,"AC,RCL,RS",271,271,1,3,155
1,17,RS,272,274,3,1,376
1,17,none,275,275,1,0,343
1,17,RS,276,281,6,1,376
1,17,none,282,294,13,0,343
1,17,RS,295,297,3,1,376
1,17,none,298,298,1,0,343
1,17,RS,299,300,2,1,376
1,17,none,301,301,1,0,343
1,17,RS,302,303,2,1,376
1,17,none,304,335,32,0,343
1,17,RS,336,337,2,1,376
1,17,none,338,339,2,0,343
1,17,RS,340,340,1,1,376
1,17,none,341,346,6,0,343
1,17,RS,347,347,1,1,376
1,18,PC,17,17,1,1,344
1,18,none,18,47,30,0,343
1,18,PC,48,48,1,1,344
1,18,none,49,60,12,0,343
1,18,PC,61,64,4,1,344
1,18,none,65,65,1,0,343
1,18,PC,66,66,1,1,344
1,18,none,67,67,1,0,343
1,18,PC,68,68,1,1,344
1,18,none,69,70,2,0,343
1,18,PC,71,75,5,1,344
1,18,"HV,PC",76,76,1,2,321
1,18,PC,77,77,1,1,344
1,18,none,78,78,1,0,343
1,18,PC,79,85,7,1,344
1,18,none,86,95,10,0,343
1,18,HV,96,96,1,1,320
1,18,none,97,101,5,0,343
1,18,HV,102,102,1,1,320
1,18,none,103,103,1,0,343
1,18,"HV,RS",104,104,1,2,342
1,18,RS,105,109,5,1,376
1,18,HV,110,110,1,1,320
1,18,none,111,113,3,0,343
1,18,PC,114,114,1,1,344
1,18,"HV,PC,RS",115,115,1,3,328
1,18,"HV,RS",116,116,1,2,342
1,18,HV,117,119,3,1,320
1,18,none,120,122,3,0,343
1,18,HV,123,123,1,1,320
1,18,none,124,128,5,0,343
1,18,HV,129,130,2,1,320
1,18,none,131,132,2,0,343
1,18,HV,133,135,3,1,320
1,18,RCL,136,137,2,1,370
1,18,none,138,138,1,0,343
1,18,RCL,139,140,2,1,370
1,18,HV,141,141,1,1,320
1,18,RCL,142,144,3,1,370
1,18,"HV,RCL",145,147,3,2,337
1,18,RCL,148,148,1,1,370
1,18,"BV,HV,RCL",149,149,1,3,213
1,18,HV,150,150,1,1,320
1,18,none,151,151,1,0,343
1,18,HV,152,152,1,1,320
1,18,RCL,153,153,1,1,370
1,18,HV,154,154,1,1,320
1,18,RCL,155,155,1,1,370
1,18,"HV,RCL",156,156,1,2,337
1,18,RCL,157,157,1,1,370
1,18,none,158,161,4,0,343
1,18,HV,162,162,1,1,320
1,18,none,163,164,2,0,343
1,18,HV,165,166,2,1,320
1,18,none,167,171,5,0,343
1,18,RCL,172,172,1,1,370
1,18,"HV,RCL",173,173,1,2,337
1,18,RCL,174,174,1,1,370
1,18,none,175,180,6,0,343
1,18,RCL,181,181,1,1,370
1,18,HV,182,182,1,1,320
1,18,"BV,HV,RCL",183,183,1,3,213
1,18,"BV,HV",184,184,1,2,207
1,18,none,185,189,5,0,343
1,18,"BV,HV,RCL",190,191,2,3,213
1,18,none,192,196,5,0,343
1,18,"BV,RCL",197,197,1,2,217
1,18,BV,198,198,1,1,158
1,18,"BV,HV",199,199,1,2,207
1,18,"AC,RCL",200,214,15,2,154
1,18,AC,215,215,1,1,1
1,18,RCL,216,218,3,1,370
1,18,"AC,RCL",219,220,2,2,154
1,18,RCL,221,225,5,1,370
1,18,AC,226,226,1,1,1
1,18,"AC,RCL",227,228,2,2,154
1,18,RCL,229,230,2,1,370
1,18,none,231,238,8,0,343
1,18,"BV,HV,RCL",239,239,1,3,213
1,18,RCL,240,246,7,1,370
1,18,"HV,RCL",247,249,3,2,337
1,18,"HV,RCL,RS",250,250,1,3,339
1,18,"RCL,RS",251,253,3,2,373
1,18,"HV,RCL,RS",254,254,1,3,339
1,18,"HV,RCL",255,262,8,2,337
1,18,"HV,RCL,RS",263,263,1,3,339
1,18,RCL,264,265,2,1,370
1,18,"HV,RCL,RS",266,270,5,3,339
1,18,RCL,271,271,1,1,370
1,18,"HV,RCL,RS",272,272,1,3,339
1,18,"RCL,RS",273,273,1,2,373
1,18,RCL,274,275,2,1,370
1,18,none,276,277,2,0,343
1,18,"HV,RS",278,278,1,2,342
1,18,RS,279,283,5,1,376
1,18,none,284,285,2,0,343
1,18,RS,286,288,3,1,376
1,18,none,289,291,3,0,343
1,18,RS,292,294,3,1,376
1,18,none,295,295,1,0,343
1,18,RS,296,300,5,1,376
1,18,none,301,306,6,0,343
1,18,RS,307,308,2,1,376
1,18,none,309,309,1,0,343
1,18,RS,310,313,4,1,376
1,18,none,314,334,21,0,343
1,18,RS,335,335,1,1,376
1,19,PC,12,12,1,1,344
1,19,none,13,33,21,0,343
1,19,PC,34,34,1,1,344
1,19,none,35,48,14,0,343
1,19,PC,49,49,1,1,344
1,19,none,50,50,1,0,343
1,19,PC,51,53,3,1,344
1,19,none,54,57,4,0,343
1,19,PC,58,58,1,1,344
1,19,none,59,59,1,0,343
1,19,PC,60,61,2,1,344
1,19,"PC,RS",62,63,2,2,357
1,19,PC,64,64,1,1,344
1,19,RS,65,65,1,1,376
1,19,PC,66,67,2,1,344
1,19,"PC,RS",68,68,1,2,357
1,19,PC,69,70,2,1,344
1,19,"PC,RS",71,71,1,2,357
1,19,none,72,72,1,0,343
1,19,PC,73,73,1,1,344
1,19,none,74,76,3,0,343
1,19,PC,77,85,9,1,344
1,19,none,86,86,1,0,343
1,19,PC,87,89,3,1,344
1,19,none,90,91,2,0,343
1,19,PC,92,94,3,1,344
1,19,none,95,95,1,0,343
1,19,PC,96,96,1,1,344
1,19,none,97,97,1,0,343
1,19,PC,98,100,3,1,344
1,19,none,101,123,23,0,343
1,19,"HV,PC",124,124,1,2,321
1,19,"HV,RS",125,125,1,2,342
1,19,"HV,RCL,RS",126,126,1,3,339
1,19,"HV,RCL",127,127,1,2,337
1,19,none,128,128,1,0,343
1,19,RCL,129,129,1,1,370
1,19,none,130,131,2,0,343
1,19,RCL,132,133,2,1,370
1,19,"HV,RCL",134,134,1,2,337
1,19,RCL,135,135,1,1,370
1,19,none,136,136,1,0,343
1,19,"HV,RCL",137,139,3,2,337
1,19,"BV,HV,RCL",140,141,2,3,213
1,19,"HV,RCL,RS",142,142,1,3,339
1,19,"RCL,RS",143,143,1,2,373
1,19,"HV,RCL",144,150,7,2,337
1,19,"HV,RCL,RS",151,151,1,3,339
1,19,"BV,HV,RCL,RS",152,152,1,4,214
1,19,"AC,HV,RCL,RS",153,153,1,4,146
1,19,"HV,RCL",154,155,2,2,337
1,19,"AC,BW,HV,RCL,RS",156,156,1,5,101
1,19,"HV,RCL,RS",157,160,4,3,339
1,19,"AC,HV,RCL,RS",161,162,2,4,146
1,19,"AC,HV,RCL",163,164,2,3,145
1,19,"AC,HV",165,165,1,2,141
1,19,"AC,BV,HV,RCL,RS",166,167,2,5,67
1,19,"AC,HV,RCL,RS",168,168,1,4,146
1,19,"AC,HV,RCL",169,169,1,3,145
1,19,"HV,RCL",170,170,1,2,337
1,19,"AC,HV,RCL",171,173,3,3,145
1,19,"HV,RCL",174,174,1,2,337
1,19,"AC,HV,RCL",175,179,5,3,145
1,19,"HV,RCL",180,188,9,2,337
1,19,RCL,189,189,1,1,370
1,19,"HV,RCL",190,192,3,2,337
1,19,RCL,193,193,1,1,370
1,19,HV,194,194,1,1,320
1,19,"AC,HV,RCL",195,195,1,3,145
1,19,"HV,RCL",196,201,6,2,337
1,19,"HC,HV,RCL",202,202,1,3,310
1,19,"HC,RCL",203,204,2,2,317
1,19,RCL,205,207,3,1,370
1,19,"HV,RCL",208,208,1,2,337
1,19,HV,209,209,1,1,320
1,19,"HV,RCL",210,210,1,2,337
1,19,HV,211,211,1,1,320
1,19,none,212,214,3,0,343
1,19,HV,215,216,2,1,320
1,19,none,217,217,1,0,343
1,19,RCL,218,219,2,1,370
1,19,none,220,220,1,0,343
1,19,HV,221,223,3,1,320
1,19,"HV,RS",224,224,1,2,342
1,19,HV,225,225,1,1,320
1,19,"HV,RCL",226,226,1,2,337
1,19,HV,227,231,5,1,320
1,19,none,232,232,1,0,343
1,19,HV,233,233,1,1,320
1,19,none,234,234,1,0,343
1,19,HV,235,236,2,1,320
1,19,none,237,238,2,0,343
1,19,HV,239,240,2,1,320
1,19,none,241,241,1,0,343
1,19,HV,242,245,4,1,320
1,19,none,246,246,1,0,343
1,19,HV,247,250,4,1,320
1,19,none,251,252,2,0,343
1,19,HV,253,254,2,1,320
1,19,none,255,285,31,0,343
1,19,RS,286,287,2,1,376
1,19,none,288,288,1,0,343
1,19,RS,289,291,3,1,376
1,19,none,292,295,4,0,343
1,19,RS,296,296,1,1,376
1,19,none,297,298,2,0,343
1,19,RS,299,299,1,1,376
1,19,none,300,301,2,0,343
1,19,RS,302,305,4,1,376
1,19,none,306,335,30,0,343
1,19,RS,336,336,1,1,376
1,20,PC,41,41,1,1,344
1,20,none,42,69,28,0,343
1,20,PC,70,70,1,1,344
1,20,none,71,71,1,0,343
1,20,PC,72,83,12,1,344
1,20,none,84,86,3,0,343
1,20,PC,87,88,2,1,344
1,20,none,89,90,2,0,343
1,20,PC,91,100,10,1,344
1,20,none,101,103,3,0,343
1,20,PC,104,105,2,1,344
1,20,none,106,106,1,0,343
1,20,PC,107,109,3,1,344
1,20,"HV,PC",110,110,1,2,321
1,20,"HV,RS",111,111,1,2,342
1,20,none,112,115,4,0,343
1,20,RS,116,117,2,1,376
1,20,none,118,119,2,0,343
1,20,PC,120,120,1,1,344
1,20,none,121,124,4,0,343
1,20,HV,125,127,3,1,320
1,20,none,128,128,1,0,343
1,20,HV,129,130,2,1,320
1,20,none,131,134,4,0,343
1,20,HV,135,135,1,1,320
1,20,none,136,136,1,0,343
1,20,HV,137,142,6,1,320
1,20,none,143,144,2,0,343
1,20,HV,145,145,1,1,320
1,20,"HV,RCL",146,146,1,2,337
1,20,none,147,148,2,0,343
1,20,HV,149,153,5,1,320
1,20,none,154,159,6,0,343
1,20,RCL,160,160,1,1,370
1,20,"BV,HV,RCL",161,161,1,3,213
1,20,RCL,162,163,2,1,370
1,20,"RCA,RCL",164,164,1,2,367
1,20,RCL,165,166,2,1,370
1,20,"BV,RCL",167,167,1,2,217
1,20,RCL,168,169,2,1,370
1,20,none,170,171,2,0,343
1,20,HV,172,174,3,1,320
1,20,none,175,175,1,0,343
1,20,HV,176,178,3,1,320
1,20,RCL,179,179,1,1,370
1,20,none,180,180,1,0,343
1,20,RCL,181,181,1,1,370
1,20,none,182,182,1,0,343
1,20,RCL,183,183,1,1,370
1,20,none,184,185,2,0,343
1,20,RCL,186,186,1,1,370
1,20,none,187,187,1,0,343
1,20,RCL,188,188,1,1,370
1,20,none,189,190,2,0,343
1,20,RCL,191,191,1,1,370
1,20,none,192,201,10,0,343
1,20,"HV,RCL",202,202,1,2,337
1,20,"BV,GC,HV",203,203,1,3,194
1,20,"HV,RCL",204,204,1,2,337
1,20,none,205,205,1,0,343
1,20,"HV,RCL",206,206,1,2,337
1,20,HV,207,207,1,1,320
1,20,none,208,208,1,0,343
1,20,"HV,RCL",209,209,1,2,337
1,20,RCL,210,210,1,1,370
1,20,none,211,219,9,0,343
1,20,HC,220,221,2,1,305
1,20,none,222,230,9,0,343
1,20,HV,231,234,4,1,320
1,20,none,235,236,2,0,343
1,20,"HV,RCL",237,237,1,2,337
1,20,RCL,238,239,2,1,370
1,20,"HV,RCL",240,240,1,2,337
1,20,RCL,241,244,4,1,370
1,20,none,245,251,7,0,343
1,20,RS,252,256,5,1,376
1,20,"HV,RS",257,257,1,2,342
1,20,RS,258,260,3,1,376
1,20,"HV,RS",261,261,1,2,342
1,20,RS,262,267,6,1,376
1,20,"HV,RS",268,268,1,2,342
1,20,RS,269,277,9,1,376
1,20,none,278,280,3,0,343
1,20,RS,281,281,1,1,376
1,20,none,282,282,1,0,343
1,20,RS,283,284,2,1,376
1,20,none,285,288,4,0,343
1,20,RS,289,296,8,1,376
1,20,none,297,297,1,0,343
1,20,RS,298,299,2,1,376
1,20,none,300,300,1,0,343
1,20,RS,301,304,4,1,376
1,20,none,305,308,4,0,343
1,20,RS,309,309,1,1,376
1,20,none,310,314,5,0,343
1,20,RS,315,315,1,1,376
1,20,none,316,363,48,0,343
1,20,PC,364,364,1,1,344
1,21,RS,8,8,1,1,376
1,21,none,9,18,10,0,343
1,21,PC,19,19,1,1,344
1,21,none,20,26,7,0,343
1,21,PC,27,28,2,1,344
1,21,none,29,29,1,0,343
1,21,PC,30,33,4,1,344
1,21,none,34,34,1,0,343
1,21,PC,35,36,2,1,344
1,21,none,37,38,2,0,343
1,21,PC,39,40,2,1,344
1,21,none,41,41,1,0,343
1,21,PC,42,42,1,1,344
1,21,none,43,44,2,0,343
1,21,PC,45,45,1,1,344
1,21,none,46,46,1,0,343
1,21,PC,47,51,5,1,344
1,21,none,52,52,1,0,343
1,21,PC,53,53,1,1,344
1,21,none,54,56,3,0,343
1,21,PC,57,57,1,1,344
1,21,none,58,60,3,0,343
1,21,PC,61,61,1,1,344
1,21,none,62,62,1,0,343
1,21,PC,63,64,2,1,344
1,21,none,65,65,1,0,343
1,21,PC,66,68,3,1,344
1,21,none,69,78,10,0,343
1,21,PC,79,85,7,1,344
1,21,"PC,RS",86,86,1,2,357
1,21,PC,87,90,4,1,344
1,21,"PC,RS",91,91,1,2,357
1,21,PC,92,95,4,1,344
1,21,RS,96,96,1,1,376
1,21,"PC,RS",97,103,7,2,357
1,21,PC,104,105,2,1,344
1,21,RS,106,106,1,1,376
1,21,"PC,RS",107,107,1,2,357
1,21,PC,108,111,4,1,344
1,21,none,112,115,4,0,343
1,21,RS,116,116,1,1,376
1,21,none,117,120,4,0,343
1,21,RS,121,124,4,1,376
1,21,"PC,RS",125,128,4,2,357
1,21,RS,129,129,1,1,376
1,21,none,130,132,3,0,343
1,21,"PC,RS",133,135,3,2,357
1,21,RS,136,139,4,1,376
1,21,PC,140,140,1,1,344
1,21,"HV,RS",141,141,1,2,342
1,21,"HV,PC,RS",142,142,1,3,328
1,21,"HV,RS",143,144,2,2,342
1,21,HV,145,145,1,1,320
1,21,PC,146,146,1,1,344
1,21,"HV,PC,RS",147,148,2,3,328
1,21,"HV,PC",149,149,1,2,321
1,21,"HV,PC,RS",150,150,1,3,328
1,21,"AC,HV,RS",151,151,1,3,147
1,21,"AC,HV,RCL,RS",152,152,1,4,146
1,21,HV,153,153,1,1,320
1,21,"HV,RS",154,154,1,2,342
1,21,"AC,HV,RS",155,155,1,3,147
1,21,HV,156,156,1,1,320
1,21,"AC,HV,RS",157,159,3,3,147
1,21,"HV,RS",160,160,1,2,342
1,21,"AC,HV,RS",161,161,1,3,147
1,21,"AC,GC,HV,RS",162,162,1,4,123
1,21,"AC,HV,RS",163,163,1,3,147
1,21,"AC,HV,RCL,RS",164,164,1,4,146
1,21,"AC,HV",165,165,1,2,141
1,21,"AC,GC,HV,RS",166,166,1,4,123
1,21,"AC,HV,RS",167,167,1,3,147
1,21,"AC,GC,HV,RS",168,171,4,4,123
1,21,"AC,HV,RCL,RS",172,172,1,4,146
1,21,"AC,GC,HV,RCL,RS",173,176,4,5,122
1,21,"AC,HV,RS",177,177,1,3,147
1,21,RS,178,178,1,1,376
1,21,"AC,GC,HV,RCL,RS",179,181,3,5,122
1,21,"AC,HV,RCL,RS",182,182,1,4,146
1,21,"AC,GC,HV,RCL,RS",183,186,4,5,122
1,21,"AC,GC,HV,RCL",187,188,2,4,121
1,21,"GC,RCL,RS",189,189,1,3,303
1,21,"RCL,RS",190,190,1,2,373
1,21,RCL,191,193,3,1,370
1,21,"GC,RCL",194,194,1,2,302
1,21,RCL,195,209,15,1,370
1,21,none,210,210,1,0,343
1,21,RCL,211,212,2,1,370
1,21,none,213,213,1,0,343
1,21,RCL,214,219,6,1,370
1,21,none,220,220,1,0,343
1,21,RCL,221,224,4,1,370
1,21,"HC,RCL",225,225,1,2,317
1,21,RCL,226,228,3,1,370
1,21,none,229,230,2,0,343
1,21,RCL,231,231,1,1,370
1,21,RS,232,232,1,1,376
1,21,RCL,233,236,4,1,370
1,21,"HV,RCL",237,239,3,2,337
1,21,RCL,240,240,1,1,370
1,21,HV,241,241,1,1,320
1,21,RCL,242,250,9,1,370
1,21,"RCL,RS",251,251,1,2,373
1,21,RCL,252,256,5,1,370
1,21,none,257,257,1,0,343
1,21,"HV,RCL",258,258,1,2,337
1,21,RCL,259,272,14,1,370
1,21,"RCL,RS",273,273,1,2,373
1,21,RCL,274,275,2,1,370
1,21,"RCL,RS",276,276,1,2,373
1,21,RCL,277,277,1,1,370
1,21,"RCL,RS",278,278,1,2,373
1,21,none,279,279,1,0,343
1,21,RS,280,281,2,1,376
1,21,none,282,282,1,0,343
1,21,RS,283,284,2,1,376
1,21,none,285,303,19,0,343
1,21,RS,304,309,6,1,376
1,21,none,310,310,1,0,343
1,21,RS,311,312,2,1,376
1,22,RS,43,43,1,1,376
1,22,none,44,45,2,0,343
1,22,PC,46,46,1,1,344
1,22,none,47,58,12,0,343
1,22,PC,59,59,1,1,344
1,22,none,60,72,13,0,343
1,22,PC,73,75,3,1,344
1,22,none,76,85,10,0,343
1,22,PC,86,87,2,1,344
1,22,none,88,88,1,0,343
1,22,PC,89,89,1,1,344
1,22,"PC,RS",90,92,3,2,357
1,22,PC,93,98,6,1,344
1,22,"PC,RS",99,106,8,2,357
1,22,"HV,PC,RS",107,107,1,3,328
1,22,"PC,RS",108,109,2,2,357
1,22,PC,110,111,2,1,344
1,22,"PC,RS",112,113,2,2,357
1,22,none,114,114,1,0,343
1,22,PC,115,116,2,1,344
1,22,"PC,RS",117,117,1,2,357
1,22,PC,118,118,1,1,344
1,22,none,119,120,2,0,343
1,22,PC,121,121,1,1,344
1,22,none,122,122,1,0,343
1,22,PC,123,123,1,1,344
1,22,none,124,133,10,0,343
1,22,AC,134,134,1,1,1
1,22,none,135,136,2,0,343
1,22,AC,137,137,1,1,1
1,22,none,138,138,1,0,343
1,22,AC,139,139,1,1,1
1,22,none,140,141,2,0,343
1,22,"HV,PC",142,142,1,2,321
1,22,"AC,HV",143,143,1,2,141
1,22,AC,144,144,1,1,1
1,22,"AC,RCL",145,145,1,2,154
1,22,none,146,148,3,0,343
1,22,RCL,149,149,1,1,370
1,22,"HV,RCL",150,150,1,2,337
1,22,"AC,RCL",151,151,1,2,154
1,22,"AC,HV,RCL",152,152,1,3,145
1,22,"AC,RCL",153,153,1,2,154
1,22,"AC,HC,RCL",154,154,1,3,139
1,22,"AC,RCL",155,155,1,2,154
1,22,"AC,BW,HC,RCL",156,156,1,4,96
1,22,"AC,HC,RCL",157,157,1,3,139
1,22,"AC,RCL",158,158,1,2,154
1,22,RCL,159,167,9,1,370
1,22,none,168,171,4,0,343
1,22,HV,172,172,1,1,320
1,22,none,173,182,10,0,343
1,22,BV,183,183,1,1,158
1,22,none,184,246,63,0,343
1,22,HV,247,247,1,1,320
1,22,none,248,249,2,0,343
1,22,HV,250,254,5,1,320
1,22,none,255,256,2,0,343
1,22,"GC,HV",257,257,1,2,289
1,22,"HV,RS",258,261,4,2,342
1,22,"GC,HV,RS",262,262,1,3,298
1,22,"HV,RS",263,267,5,2,342
1,22,RS,268,300,33,1,376
1,22,none,301,306,6,0,343
1,22,RS,307,307,1,1,376
1,22,none,308,310,3,0,343
1,22,RS,311,311,1,1,376
1,22,none,312,316,5,0,343
1,22,RS,317,317,1,1,376
1,22,none,318,322,5,0,343
1,22,RS,323,325,3,1,376
1,22,none,326,326,1,0,343
1,22,RS,327,335,9,1,376
1,23,RS,4,4,1,1,376
1,23,none,5,7,3,0,343
1,23,RS,8,10,3,1,376
1,23,none,11,16,6,0,343
1,23,PC,17,17,1,1,344
1,23,none,18,26,9,0,343
1,23,RS,27,28,2,1,376
1,23,none,29,54,26,0,343
1,23,PC,55,55,1,1,344
1,23,none,56,63,8,0,343
1,23,PC,64,64,1,1,344
1,23,none,65,72,8,0,343
1,23,PC,73,73,1,1,344
1,23,none,74,76,3,0,343
1,23,PC,77,81,5,1,344
1,23,none,82,83,2,0,343
1,23,PC,84,85,2,1,344
1,23,"HV,PC",86,86,1,2,321
1,23,PC,87,87,1,1,344
1,23,"PC,RS",88,88,1,2,357
1,23,PC,89,89,1,1,344
1,23,"PC,RS",90,90,1,2,357
1,23,"HV,PC,RS",91,92,2,3,328
1,23,"HV,PC",93,94,2,2,321
1,23,"PC,RS",95,98,4,2,357
1,23,RS,99,99,1,1,376
1,23,none,100,101,2,0,343
1,23,PC,102,103,2,1,344
1,23,none,104,104,1,0,343
1,23,PC,105,105,1,1,344
1,23,"PC,RS",106,107,2,2,357
1,23,none,108,111,4,0,343
1,23,"PC,RS",112,112,1,2,357
1,23,PC,113,113,1,1,344
1,23,none,114,114,1,0,343
1,23,PC,115,115,1,1,344
1,23,none,116,118,3,0,343
1,23,RS,119,119,1,1,376
1,23,none,120,122,3,0,343
1,23,PC,123,123,1,1,344
1,23,"PC,RS",124,124,1,2,357
1,23,"HV,PC,RS",125,126,2,3,328
1,23,"HV,RS",127,127,1,2,342
1,23,HV,128,128,1,1,320
1,23,none,129,133,5,0,343
1,23,RS,134,136,3,1,376
1,23,"HV,RS",137,138,2,2,342
1,23,RS,139,142,4,1,376
1,23,HV,143,143,1,1,320
1,23,"HV,RS",144,145,2,2,342
1,23,"RCL,RS",146,146,1,2,373
1,23,"HV,RCL,RS",147,148,2,3,339
1,23,"HV,RCL",149,150,2,2,337
1,23,"HV,RCL,RS",151,151,1,3,339
1,23,"HV,RCL",152,154,3,2,337
1,23,"RCL,RS",155,155,1,2,373
1,23,"HV,RCL,RS",156,157,2,3,339
1,23,"AC,BV,BW,HV,RCL",158,158,1,5,36
1,23,"AC,BV,BW,GC,HV,RCA,RCL",159,159,1,7,14
1,23,"AC,BV,HV,RCL",160,160,1,4,66
1,23,"AC,HV,RCL,RS",161,161,1,4,146
1,23,"AC,BV,BW,GC,HV,RCA,RCL,RS",162,162,1,8,15
1,23,"AC,GC,HV,RCA,RCL,RS",163,163,1,6,120
1,23,"HV,RCL",164,164,1,2,337
1,23,"AC,HV,RCL",165,165,1,3,145
1,23,"AC,BV,GC,HV,RCA,RCL,RS",166,166,1,7,50
1,23,"HV,RCA,RCL,RS",167,167,1,4,335
1,23,"RCA,RCL,RS",168,168,1,3,368
1,23,"HV,RCA,RCL,RS",169,170,2,4,335
1,23,"HV,RCA,RCL",171,174,4,3,334
1,23,"BV,HV,RCA,RCL",175,175,1,4,211
1,23,"HV,RCA,RCL",176,183,8,3,334
1,23,"BV,GC,HV,RCA,RCL",184,184,1,5,196
1,23,"GC,HV,RCA,RCL",185,185,1,4,294
1,23,"HV,RCA,RCL",186,189,4,3,334
1,23,"GC,HV,RCA,RCL",190,190,1,4,294
1,23,"HV,RCA,RCL",191,193,3,3,334
1,23,"BV,GC,HV,RCL",194,194,1,4,198
1,23,"HV,RCA,RCL,RS",195,195,1,4,335
1,23,"BV,HV,RCA,RCL,RS",196,196,1,5,212
1,23,"HV,RCA,RCL,RS",197,198,2,4,335
1,23,"HV,RCA,RCL",199,202,4,3,334
1,23,"RCA,RCL",203,204,2,2,367
1,23,"HV,RCA,RCL",205,205,1,3,334
1,23,"RCA,RCL",206,210,5,2,367
1,23,"HV,RCA,RCL",211,211,1,3,334
1,23,"RCA,RCL",212,212,1,2,367
1,23,RCL,213,213,1,1,370
1,23,"RCA,RCL",214,215,2,2,367
1,23,"HV,RCA,RCL",216,216,1,3,334
1,23,"BV,RCA,RCL",217,217,1,3,216
1,23,RCL,218,218,1,1,370
1,23,"RCA,RCL",219,220,2,2,367
1,23,RCL,221,221,1,1,370
1,23,"RCA,RCL",222,222,1,2,367
1,23,RCL,223,227,5,1,370
1,23,none,228,228,1,0,343
1,23,RCL,229,229,1,1,370
1,23,"HV,RCL",230,230,1,2,337
1,23,RCL,231,235,5,1,370
1,23,none,236,237,2,0,343
1,23,RCL,238,241,4,1,370
1,23,BV,242,242,1,1,158
1,23,RCL,243,243,1,1,370
1,23,BV,244,244,1,1,158
1,23,RCL,245,246,2,1,370
1,23,"BV,RCL",247,248,2,2,217
1,23,BV,249,249,1,1,158
1,23,"BV,RCL",250,253,4,2,217
1,23,RCL,254,256,3,1,370
1,23,"BV,RCL",257,259,3,2,217
1,23,none,260,260,1,0,343
1,23,RCL,261,261,1,1,370
1,23,BV,262,264,3,1,158
1,23,none,265,268,4,0,343
1,23,RCL,269,269,1,1,370
1,23,none,270,271,2,0,343
1,23,RCL,272,272,1,1,370
1,23,none,273,281,9,0,343
1,23,RS,282,282,1,1,376
1,23,none,283,284,2,0,343
1,23,RS,285,285,1,1,376
1,23,none,286,291,6,0,343
1,23,RS,292,292,1,1,376
1,23,none,293,293,1,0,343
1,23,RS,294,302,9,1,376
1,23,none,303,303,1,0,343
1,23,RS,304,310,7,1,376
1,23,none,311,326,16,0,343
1,23,RS,327,329,3,1,376
1,23,none,330,337,8,0,343
1,23,RS,338,338,1,1,376
1,24,PC,51,51,1,1,344
1,24,none,52,55,4,0,343
1,24,"PC,RS",56,56,1,2,357
1,24,"RP,RS",57,57,1,2,375
1,24,none,58,58,1,0,343
1,24,PC,59,59,1,1,344
1,24,none,60,60,1,0,343
1,24,"PC,PT",61,61,1,2,345
1,24,"PC,PT,RS",62,62,1,3,348
1,24,"PT,RS",63,63,1,2,365
1,24,"PC,RS",64,64,1,2,357
1,24,RS,65,65,1,1,376
1,24,"PT,RP,RS",66,66,1,3,364
1,24,"PC,PT,RP,RS",67,67,1,4,347
1,24,"PC,PT,RS",68,70,3,3,348
1,24,"PC,PT,RP,RS",71,72,2,4,347
1,24,"PC,PT,RS",73,74,2,3,348
1,24,none,75,76,2,0,343
1,24,"PC,RP,RS",77,77,1,3,356
1,24,"PC,RS",78,90,13,2,357
1,24,"PC,RP,RS",91,91,1,3,356
1,24,"HV,PC,RS",92,92,1,3,328
1,24,"HV,PC,RCL,RS",93,94,2,4,326
1,24,"PC,RCL,RS",95,95,1,3,354
1,24,"PC,RS",96,97,2,2,357
1,24,"PC,RCL,RS",98,99,2,3,354
1,24,"HV,RS",100,100,1,2,342
1,24,PC,101,101,1,1,344
1,24,"PC,RS",102,104,3,2,357
1,24,"RCL,RS",105,105,1,2,373
1,24,RS,106,106,1,1,376
1,24,"PC,RS",107,107,1,2,357
1,24,PC,108,108,1,1,344
1,24,"PC,RS",109,110,2,2,357
1,24,"PC,RCA,RCL,RS",111,111,1,4,350
1,24,"PC,RS",112,112,1,2,357
1,24,RS,113,114,2,1,376
1,24,"PC,RS",115,115,1,2,357
1,24,RS,116,116,1,1,376
1,24,"RCL,RS",117,117,1,2,373
1,24,"BW,HV,RCL,RS",118,118,1,4,257
1,24,"RCL,RS",119,122,4,2,373
1,24,"HV,RCL,RS",123,123,1,3,339
1,24,"RCA,RCL,RS",124,124,1,3,368
1,24,"RCL,RS",125,128,4,2,373
1,24,"HV,RCL,RS",129,131,3,3,339
1,24,"BW,HV,RCL,RS",132,132,1,4,257
1,24,"HV,RCL,RS",133,136,4,3,339
1,24,"RCL,RS",137,137,1,2,373
1,24,RCL,138,138,1,1,370
1,24,"RCA,RCL,RS",139,139,1,3,368
1,24,"RCL,RS",140,140,1,2,373
1,24,"HV,RCL,RS",141,141,1,3,339
1,24,"BV,BW,HV,RCA,RCL,RS",142,142,1,6,183
1,24,"BV,BW,HV,RCL,RS",143,143,1,5,185
1,24,"HV,RCL,RS",144,146,3,3,339
1,24,"GC,HV,RCA,RCL,RS",147,147,1,5,295
1,24,"BV,GC,HV,RCA,RCL,RS",148,148,1,6,197
1,24,"AC,HV,RCA,RCL,RS",149,149,1,5,144
1,24,"HV,RCA,RCL,RS",150,151,2,4,335
1,24,"GC,HV,RCA,RCL,RS",152,153,2,5,295
1,24,"BV,GC,HV,RCA,RCL,RS",154,154,1,6,197
1,24,"BV,BW,GC,HV,RCA,RCL,RS",155,155,1,7,167
1,24,"GC,HV,RCA,RCL,RS",156,157,2,5,295
1,24,"HV,RCA,RCL,RS",158,159,2,4,335
1,24,HV,160,160,1,1,320
1,24,"BV,BW,GC,HC,HV,RCL,RS",161,162,2,7,163
1,24,"BV,BW,GC,HV,RCL,RS",163,163,1,6,169
1,24,"HV,RCL,RS",164,164,1,3,339
1,24,"BV,BW,GC,HV,RCL,RS",165,167,3,6,169
1,24,"BV,GC,HV,RCL",168,168,1,4,198
1,24,"BV,HV,RCL,RS",169,169,1,4,214
1,24,"HV,RCL",170,170,1,2,337
1,24,"HV,RCL,RS",171,171,1,3,339
1,24,"GC,HV,RCL,RS",172,172,1,4,297
1,24,"GC,HV,RCL",173,174,2,3,296
1,24,"HV,RCL",175,175,1,2,337
1,24,"GC,HV,RCL",176,176,1,3,296
1,24,"BV,GC,HV,RCL,RS",177,177,1,5,199
1,24,"BW,GC,HV,RCL,RS",178,178,1,5,232
1,24,"BV,GC,HV,RCL,RS",179,184,6,5,199
1,24,"GC,HV,RCL",185,187,3,3,296
1,24,"HV,RCL",188,195,8,2,337
1,24,HV,196,197,2,1,320
1,24,"HV,RCL",198,198,1,2,337
1,24,HV,199,199,1,1,320
1,24,none,200,200,1,0,343
1,24,HV,201,201,1,1,320
1,24,"HV,RCL",202,202,1,2,337
1,24,RCL,203,203,1,1,370
1,24,none,204,216,13,0,343
1,24,"BV,HV",217,217,1,2,207
1,24,"BV,GC,HV,RCL,RS",218,218,1,5,199
1,24,"BV,HV,RCL",219,219,1,3,213
1,24,RCL,220,223,4,1,370
1,24,HV,224,225,2,1,320
1,24,RCL,226,226,1,1,370
1,24,HV,227,227,1,1,320
1,24,"HV,RCL",228,231,4,2,337
1,24,HV,232,232,1,1,320
1,24,"HV,RCL",233,234,2,2,337
1,24,"GC,HV,RCL,RS",235,235,1,4,297
1,24,"HV,RCL",236,246,11,2,337
1,24,RCL,247,252,6,1,370
1,24,none,253,259,7,0,343
1,24,RS,260,260,1,1,376
1,24,none,261,266,6,0,343
1,24,RS,267,270,4,1,376
1,24,none,271,271,1,0,343
1,24,RS,272,272,1,1,376
1,24,none,273,275,3,0,343
1,24,RS,276,286,11,1,376
1,24,none,287,289,3,0,343
1,24,RS,290,290,1,1,376
1,24,none,291,294,4,0,343
1,24,RS,295,297,3,1,376
1,24,none,298,299,2,0,343
1,24,RS,300,300,1,1,376
1,24,none,301,301,1,0,343
1,24,RS,302,307,6,1,376
1,24,none,308,308,1,0,343
1,24,RS,309,309,1,1,376
1,24,none,310,310,1,0,343
1,24,RS,311,311,1,1,376
1,24,none,312,312,1,0,343
1,24,RS,313,314,2,1,376
1,24,none,315,315,1,0,343
1,24,RS,316,316,1,1,376
1,24,none,317,340,24,0,343
1,24,RS,341,341,1,1,376
2,1,HV,28,28,1,1,320
2,1,none,29,51,23,0,343
2,1,RS,52,53,2,1,376
2,1,none,54,54,1,0,343
2,1,RS,55,58,4,1,376
2,1,none,59,59,1,0,343
2,1,RS,60,64,5,1,376
2,1,none,65,65,1,0,343
2,1,RS,66,71,6,1,376
2,1,"PC,RS",72,72,1,2,357
2,1,RS,73,73,1,1,376
2,1,"PC,RS",74,74,1,2,357
2,1,RS,75,75,1,1,376
2,1,"PC,RS",76,78,3,2,357
2,1,none,79,79,1,0,343
2,1,"PC,RS",80,84,5,2,357
2,1,RS,85,85,1,1,376
2,1,"PC,RS",86,92,7,2,357
2,1,none,93,99,7,0,343
2,1,"PC,RS",100,100,1,2,357
2,1,RS,101,106,6,1,376
2,1,none,107,107,1,0,343
2,1,RS,108,108,1,1,376
2,1,none,109,109,1,0,343
2,1,RS,110,117,8,1,376
2,1,"HV,RS",118,125,8,2,342
2,1,HV,126,128,3,1,320
2,1,none,129,129,1,0,343
2,1,HV,130,132,3,1,320
2,1,none,133,137,5,0,343
2,1,HV,138,139,2,1,320
2,1,none,140,142,3,0,343
2,1,HV,143,150,8,1,320
2,1,none,151,151,1,0,343
2,1,HV,152,153,2,1,320
2,1,"GC,HV",154,154,1,2,289
2,1,none,155,155,1,0,343
2,1,HV,156,158,3,1,320
2,1,"HC,HV",159,159,1,2,306
2,1,HV,160,164,5,1,320
2,1,"HC,HV",165,166,2,2,306
2,1,HV,167,167,1,1,320
2,1,none,168,169,2,0,343
2,1,HV,170,176,7,1,320
2,1,none,177,177,1,0,343
2,1,HV,178,183,6,1,320
2,1,"HC,HV",184,184,1,2,306
2,1,HV,185,185,1,1,320
2,1,"BW,GC,HV",186,186,1,3,228
2,1,"BW,GC,HV,RS",187,187,1,4,233
2,1,"BW,GC,HC,HV,RS",188,188,1,5,225
2,1,none,189,190,2,0,343
2,1,"BW,HV",191,191,1,2,248
2,1,none,192,199,8,0,343
2,1,HV,200,201,2,1,320
2,1,none,202,202,1,0,343
2,1,HV,203,205,3,1,320
2,1,"GC,HV",206,206,1,2,289
2,1,HV,207,208,2,1,320
2,1,"GC,HV",209,213,5,2,289
2,1,HV,214,216,3,1,320
2,1,none,217,218,2,0,343
2,1,HV,219,224,6,1,320
2,1,none,225,253,29,0,343
2,1,RS,254,255,2,1,376
2,1,"HV,RS",256,256,1,2,342
2,1,RS,257,261,5,1,376
2,1,"HV,RS",262,262,1,2,342
2,1,RS,263,267,5,1,376
2,1,"RCA,RS",268,268,1,2,369
2,1,"HV,RS",269,271,3,2,342
2,1,RS,272,274,3,1,376
2,1,none,275,289,15,0,343
2,1,RS,290,296,7,1,376
2,1,none,297,309,13,0,343
2,1,RS,310,315,6,1,376
2,1,none,316,320,5,0,343
2,1,RS,321,323,3,1,376
2,1,none,324,324,1,0,343
2,1,RS,325,325,1,1,376
2,1,none,326,362,37,0,343
2,1,RS,363,363,1,1,376
2,2,RS,9,9,1,1,376
2,2,none,10,10,1,0,343
2,2,RS,11,13,3,1,376
2,2,"PC,RS",14,14,1,2,357
2,2,RS,15,18,4,1,376
2,2,none,19,22,4,0,343
2,2,PC,23,23,1,1,344
2,2,RS,24,24,1,1,376
2,2,none,25,36,12,0,343
2,2,"PC,RS",37,37,1,2,357
2,2,RS,38,43,6,1,376
2,2,"PC,RS",44,45,2,2,357
2,2,none,46,48,3,0,343
2,2,PC,49,49,1,1,344
2,2,RS,50,50,1,1,376
2,2,"PC,PT,RS",51,51,1,3,348
2,2,RS,52,53,2,1,376
2,2,"PC,RS",54,55,2,2,357
2,2,"PC,RP,RS",56,56,1,3,356
2,2,PC,57,57,1,1,344
2,2,"PC,RS",58,58,1,2,357
2,2,none,59,61,3,0,343
2,2,PC,62,63,2,1,344
2,2,none,64,65,2,0,343
2,2,PC,66,66,1,1,344
2,2,"PC,RP",67,67,1,2,355
2,2,PC,68,68,1,1,344
2,2,none,69,69,1,0,343
2,2,"PC,RP,RS",70,71,2,3,356
2,2,"PC,RP",72,72,1,2,355
2,2,"PC,RP,RS",73,73,1,3,356
2,2,"PC,RS",74,76,3,2,357
2,2,"PC,RP,RS",77,77,1,3,356
2,2,"PC,RP",78,79,2,2,355
2,2,PC,80,80,1,1,344
2,2,"PC,RP,RS",81,82,2,3,356
2,2,PC,83,83,1,1,344
2,2,none,84,85,2,0,343
2,2,RP,86,86,1,1,374
2,2,"PC,RP",87,87,1,2,355
2,2,none,88,89,2,0,343
2,2,PC,90,92,3,1,344
2,2,none,93,93,1,0,343
2,2,PC,94,94,1,1,344
2,2,RS,95,96,2,1,376
2,2,"PC,RS",97,98,2,2,357
2,2,PC,99,100,2,1,344
2,2,"PC,RS",101,101,1,2,357
2,2,PC,102,103,2,1,344
2,2,"PC,RS",104,104,1,2,357
2,2,PC,105,109,5,1,344
2,2,"PC,RS",110,110,1,2,357
2,2,PC,111,113,3,1,344
2,2,"HV,PC",114,114,1,2,321
2,2,"HV,RS",115,115,1,2,342
2,2,PC,116,116,1,1,344
2,2,"PC,RS",117,117,1,2,357
2,2,"HV,PC",118,118,1,2,321
2,2,"BW,HV,PC",119,119,1,3,249
2,2,PC,120,120,1,1,344
2,2,none,121,124,4,0,343
2,2,"HV,PC,RS",125,126,2,3,328
2,2,"BW,HV,PC,RS",127,127,1,4,251
2,2,"BW,HV,PC",128,128,1,3,249
2,2,HV,129,129,1,1,320
2,2,none,130,130,1,0,343
2,2,RCL,131,136,6,1,370
2,2,none,137,140,4,0,343
2,2,RCL,141,141,1,1,370
2,2,none,142,154,13,0,343
2,2,"HV,RCL",155,156,2,2,337
2,2,none,157,168,12,0,343
2,2,"HV,RCL",169,171,3,2,337
2,2,none,172,175,4,0,343
2,2,"BV,BW,GC,HV,RCL",176,176,1,5,168
2,2,none,177,182,6,0,343
2,2,"HV,RCL",183,183,1,2,337
2,2,none,184,196,13,0,343
2,2,"HV,RCL",197,197,1,2,337
2,2,none,198,203,6,0,343
2,2,"HV,RCL",204,224,21,2,337
2,2,"GC,HV,RCL",225,225,1,3,296
2,2,RCL,226,226,1,1,370
2,2,"HV,RCL",227,231,5,2,337
2,2,RCL,232,232,1,1,370
2,2,"HV,RCL",233,234,2,2,337
2,2,none,235,238,4,0,343
2,2,"HV,RCL,RS",239,239,1,3,339
2,2,none,240,245,6,0,343
2,2,"HV,RCL",246,246,1,2,337
2,2,none,247,252,6,0,343
2,2,HV,253,256,4,1,320
2,2,none,257,258,2,0,343
2,2,HV,259,259,1,1,320
2,2,RCL,260,261,2,1,370
2,2,"RCL,RS",262,262,1,2,373
2,2,none,263,263,1,0,343
2,2,RCL,264,264,1,1,370
2,2,"RCL,RS",265,265,1,2,373
2,2,RS,266,266,1,1,376
2,2,none,267,273,7,0,343
2,2,RS,274,274,1,1,376
2,2,none,275,278,4,0,343
2,2,RS,279,279,1,1,376
2,2,none,280,280,1,0,343
2,2,RS,281,281,1,1,376
2,2,none,282,294,13,0,343
2,2,RS,295,296,2,1,376
2,2,none,297,299,3,0,343
2,2,RS,300,301,2,1,376
2,2,none,302,302,1,0,343
2,2,RS,303,303,1,1,376
2,3,PC,47,48,2,1,344
2,3,none,49,54,6,0,343
2,3,PC,55,61,7,1,344
2,3,none,62,63,2,0,343
2,3,PC,64,64,1,1,344
2,3,none,65,66,2,0,343
2,3,PC,67,72,6,1,344
2,3,none,73,75,3,0,343
2,3,PC,76,79,4,1,344
2,3,"PC,RS",80,81,2,2,357
2,3,none,82,82,1,0,343
2,3,PC,83,83,1,1,344
2,3,none,84,84,1,0,343
2,3,PC,85,85,1,1,344
2,3,none,86,86,1,0,343
2,3,"PC,RS",87,87,1,2,357
2,3,PC,88,90,3,1,344
2,3,none,91,91,1,0,343
2,3,PC,92,97,6,1,344
2,3,none,98,98,1,0,343
2,3,PC,99,114,16,1,344
2,3,none,115,116,2,0,343
2,3,PC,117,120,4,1,344
2,3,none,121,122,2,0,343
2,3,"HV,PC",123,123,1,2,321
2,3,"HV,RCL",124,124,1,2,337
2,3,none,125,127,3,0,343
2,3,HV,128,131,4,1,320
2,3,BW,132,132,1,1,220
2,3,HV,133,134,2,1,320
2,3,"HV,RCL",135,135,1,2,337
2,3,HV,136,136,1,1,320
2,3,"HV,RCL",137,137,1,2,337
2,3,RCL,138,140,3,1,370
2,3,"HV,RCL",141,141,1,2,337
2,3,RCL,142,142,1,1,370
2,3,"HV,RCL",143,156,14,2,337
2,3,RCL,157,159,3,1,370
2,3,"HV,RCL",160,160,1,2,337
2,3,"BV,RCL",161,161,1,2,217
2,3,"BV,HV,RCL",162,164,3,3,213
2,3,"HV,RCL",165,167,3,2,337
2,3,RCL,168,168,1,1,370
2,3,"HV,RCL",169,171,3,2,337
2,3,RCL,172,172,1,1,370
2,3,"HV,RCL",173,173,1,2,337
2,3,RCL,174,175,2,1,370
2,3,"HV,RCL",176,178,3,2,337
2,3,RCL,179,183,5,1,370
2,3,"HV,RCL",184,184,1,2,337
2,3,RCL,185,189,5,1,370
2,3,"HV,RCL",190,191,2,2,337
2,3,"HV,RCA,RCL",192,192,1,3,334
2,3,"GC,HV,RCA,RCL",193,193,1,4,294
2,3,"HV,RCL",194,205,12,2,337
2,3,RCL,206,207,2,1,370
2,3,"HV,RCL",208,208,1,2,337
2,3,RCL,209,212,4,1,370
2,3,HV,213,213,1,1,320
2,3,"HV,RCL",214,214,1,2,337
2,3,RCL,215,215,1,1,370
2,3,"HV,RCL",216,228,13,2,337
2,3,RCL,229,255,27,1,370
2,3,none,256,269,14,0,343
2,3,HV,270,270,1,1,320
2,3,"HV,RCL,RS",271,271,1,3,339
2,3,"HV,RS",272,272,1,2,342
2,3,none,273,309,37,0,343
2,3,RS,310,310,1,1,376
2,3,none,311,340,30,0,343
2,3,PC,341,341,1,1,344
2,4,PC,2,2,1,1,344
2,4,none,3,28,26,0,343
2,4,PC,29,29,1,1,344
2,4,none,30,34,5,0,343
2,4,PC,35,35,1,1,344
2,4,none,36,42,7,0,343
2,4,PC,43,43,1,1,344
2,4,"PC,RS",44,44,1,2,357
2,4,PC,45,47,3,1,344
2,4,none,48,48,1,0,343
2,4,PC,49,49,1,1,344
2,4,"PC,RS",50,50,1,2,357
2,4,PC,51,53,3,1,344
2,4,none,54,55,2,0,343
2,4,PC,56,56,1,1,344
2,4,none,57,58,2,0,343
2,4,"PC,RS",59,59,1,2,357
2,4,none,60,61,2,0,343
2,4,RS,62,62,1,1,376
2,4,none,63,66,4,0,343
2,4,PC,67,70,4,1,344
2,4,none,71,72,2,0,343
2,4,PC,73,73,1,1,344
2,4,"PC,RS",74,74,1,2,357
2,4,PC,75,75,1,1,344
2,4,"PC,RS",76,76,1,2,357
2,4,PC,77,79,3,1,344
2,4,none,80,80,1,0,343
2,4,"PC,RP,RS",81,81,1,3,356
2,4,"PC,RS",82,82,1,2,357
2,4,PC,83,84,2,1,344
2,4,"PC,RS",85,87,3,2,357
2,4,"PC,RP,RS",88,89,2,3,356
2,4,PC,90,92,3,1,344
2,4,"PC,RS",93,94,2,2,357
2,4,PC,95,104,10,1,344
2,4,none,105,106,2,0,343
2,4,RS,107,108,2,1,376
2,4,none,109,109,1,0,343
2,4,RS,110,112,3,1,376
2,4,none,113,113,1,0,343
2,4,RS,114,114,1,1,376
2,4,none,115,116,2,0,343
2,4,RCL,117,117,1,1,370
2,4,RS,118,118,1,1,376
2,4,none,119,119,1,0,343
2,4,RCL,120,121,2,1,370
2,4,none,122,124,3,0,343
2,4,RCL,125,127,3,1,370
2,4,none,128,128,1,0,343
2,4,RCL,129,131,3,1,370
2,4,none,132,132,1,0,343
2,4,RCL,133,134,2,1,370
2,4,"BW,RCL",135,135,1,2,273
2,4,RCL,136,139,4,1,370
2,4,"HV,RCL",140,140,1,2,337
2,4,RCL,141,144,4,1,370
2,4,"RCL,RS",145,145,1,2,373
2,4,RCL,146,146,1,1,370
2,4,"HV,RCL",147,158,12,2,337
2,4,"HC,HV,RCL",159,159,1,3,310
2,4,"GC,HC,HV,RCL",160,160,1,4,284
2,4,"HV,RCL",161,161,1,2,337
2,4,"GC,RCL",162,162,1,2,302
2,4,"GC,HV,RCL",163,163,1,3,296
2,4,"GC,HC,HV,RCL",164,165,2,4,284
2,4,"HC,HV,RCL",166,166,1,3,310
2,4,"GC,HC,HV,RCL",167,173,7,4,284
2,4,"HC,HV,RCL",174,174,1,3,310
2,4,"GC,HC,RCL",175,175,1,3,287
2,4,"GC,HC,HV,RCL",176,176,1,4,284
2,4,"GC,RCL",177,178,2,2,302
2,4,RCL,179,179,1,1,370
2,4,"HV,RCL",180,180,1,2,337
2,4,"GC,HC,HV,RCL",181,186,6,4,284
2,4,"HV,RCL",187,187,1,2,337
2,4,"GC,HC,HV,RCL",188,188,1,4,284
2,4,"GC,HC,HV,RCA,RCL",189,189,1,5,282
2,4,"GC,HC,HV,RCL",190,190,1,4,284
2,4,"HC,HV,RCL",191,191,1,3,310
2,4,RCL,192,193,2,1,370
2,4,"GC,RCL",194,194,1,2,302
2,4,"HC,HV,RCL",195,195,1,3,310
2,4,"GC,HC,HV,RCL",196,198,3,4,284
2,4,"HC,HV,RCL",199,200,2,3,310
2,4,RCL,201,201,1,1,370
2,4,"GC,HC,HV,RCL",202,204,3,4,284
2,4,"HC,HV,RCL",205,205,1,3,310
2,4,"GC,HC,HV,RCA,RCL",206,206,1,5,282
2,4,"HC,HV,RCL",207,208,2,3,310
2,4,"HV,RCL",209,209,1,2,337
2,4,"HC,HV,RCL",210,210,1,3,310
2,4,"GC,HC,HV,RCL",211,213,3,4,284
2,4,"HC,HV,RCL",214,214,1,3,310
2,4,"GC,HC,HV,RCL",215,216,2,4,284
2,4,"HC,HV,RCL",217,217,1,3,310
2,4,"HV,RCL",218,218,1,2,337
2,4,"GC,HC,HV,RCL",219,220,2,4,284
2,4,"HC,HV,RCL",221,224,4,3,310
2,4,"HC,RCL",225,230,6,2,317
2,4,RCL,231,231,1,1,370
2,4,"HC,RCL",232,233,2,2,317
2,4,"GC,HC,HV,RCL",234,234,1,4,284
2,4,"HV,RCL",235,236,2,2,337
2,4,"HC,HV,RCL",237,238,2,3,310
2,4,"HC,RCL",239,239,1,2,317
2,4,"HV,RCL",240,240,1,2,337
2,4,"HC,HV,RCL",241,242,2,3,310
2,4,RCL,243,244,2,1,370
2,4,"HV,RCL",245,245,1,2,337
2,4,"RCL,RS",246,246,1,2,373
2,4,RCL,247,251,5,1,370
2,4,none,252,257,6,0,343
2,4,RCL,258,263,6,1,370
2,4,none,264,305,42,0,343
2,4,RS,306,307,2,1,376
2,4,none,308,308,1,0,343
2,4,RS,309,312,4,1,376
2,4,none,313,319,7,0,343
2,4,RCA,320,320,1,1,366
2,4,none,321,323,3,0,343
2,4,RS,324,324,1,1,376
2,4,none,325,353,29,0,343
2,4,RS,354,355,2,1,376
2,5,PC,27,27,1,1,344
2,5,none,28,45,18,0,343
2,5,PC,46,46,1,1,344
2,5,none,47,73,27,0,343
2,5,PC,74,74,1,1,344
2,5,none,75,76,2,0,343
2,5,PC,77,77,1,1,344
2,5,"HV,PC",78,78,1,2,321
2,5,PC,79,94,16,1,344
2,5,none,95,95,1,0,343
2,5,PC,96,96,1,1,344
2,5,none,97,97,1,0,343
2,5,PC,98,99,2,1,344
2,5,none,100,103,4,0,343
2,5,PC,104,110,7,1,344
2,5,"PC,RCL",111,111,1,2,351
2,5,none,112,113,2,0,343
2,5,PC,114,114,1,1,344
2,5,none,115,117,3,0,343
2,5,RCL,118,118,1,1,370
2,5,none,119,120,2,0,343
2,5,RCL,121,122,2,1,370
2,5,none,123,123,1,0,343
2,5,RCL,124,143,20,1,370
2,5,none,144,144,1,0,343
2,5,RCL,145,148,4,1,370
2,5,none,149,149,1,0,343
2,5,RCL,150,150,1,1,370
2,5,none,151,151,1,0,343
2,5,"RCA,RCL",152,153,2,2,367
2,5,RCL,154,155,2,1,370
2,5,"HV,RCA,RCL",156,158,3,3,334
2,5,"HV,RCL",159,160,2,2,337
2,5,"HV,RCA,RCL",161,161,1,3,334
2,5,"RCA,RCL",162,162,1,2,367
2,5,RCL,163,163,1,1,370
2,5,"RCA,RCL",164,164,1,2,367
2,5,"HV,RCA,RCL",165,165,1,3,334
2,5,"HV,RCL",166,168,3,2,337
2,5,RCL,169,185,17,1,370
2,5,"GC,HC,HV,RCL",186,186,1,4,284
2,5,"HC,HV,RCL",187,193,7,3,310
2,5,"HV,RCL",194,194,1,2,337
2,5,RCL,195,207,13,1,370
2,5,"HC,RCL",208,208,1,2,317
2,5,none,209,209,1,0,343
2,5,"HC,RCL",210,212,3,2,317
2,5,HC,213,214,2,1,305
2,5,"HC,HV",215,215,1,2,306
2,5,"HC,RCL",216,216,1,2,317
2,5,"HC,RCA,RCL",217,217,1,3,315
2,5,"HC,RCL",218,218,1,2,317
2,5,RCL,219,219,1,1,370
2,5,"HC,RCL",220,221,2,2,317
2,5,HC,222,224,3,1,305
2,5,none,225,225,1,0,343
2,5,"HC,HV",226,226,1,2,306
2,5,HC,227,227,1,1,305
2,5,none,228,228,1,0,343
2,5,"BV,HC",229,230,2,2,202
2,5,"HC,RCL",231,231,1,2,317
2,5,"HC,HV,RCL",232,232,1,3,310
2,5,"HC,RCL",233,233,1,2,317
2,5,RCL,234,236,3,1,370
2,5,"HC,RCL",237,237,1,2,317
2,5,none,238,246,9,0,343
2,5,HV,247,248,2,1,320
2,5,none,249,253,5,0,343
2,5,"HV,RCL",254,254,1,2,337
2,5,RCL,255,255,1,1,370
2,5,none,256,261,6,0,343
2,5,RCL,262,262,1,1,370
2,5,none,263,293,31,0,343
2,5,RS,294,296,3,1,376
2,5,none,297,297,1,0,343
2,5,RCA,298,298,1,1,366
2,6,PC,60,60,1,1,344
2,6,none,61,61,1,0,343
2,6,PC,62,73,12,1,344
2,6,"PC,RS",74,74,1,2,357
2,6,none,75,83,9,0,343
2,6,PC,84,87,4,1,344
2,6,"PC,RP",88,90,3,2,355
2,6,PC,91,91,1,1,344
2,6,"HV,PC",92,92,1,2,321
2,6,PC,93,96,4,1,344
2,6,"PC,RCA",97,97,1,2,349
2,6,"HV,PC",98,98,1,2,321
2,6,PC,99,99,1,1,344
2,6,none,100,101,2,0,343
2,6,PC,102,104,3,1,344
2,6,none,105,106,2,0,343
2,6,PC,107,108,2,1,344
2,6,none,109,110,2,0,343
2,6,PC,111,113,3,1,344
2,6,none,114,132,19,0,343
2,6,"HV,RCA",133,133,1,2,333
2,6,HV,134,134,1,1,320
2,6,"HV,RCA",135,135,1,2,333
2,6,HV,136,136,1,1,320
2,6,none,137,139,3,0,343
2,6,HV,140,141,2,1,320
2,6,none,142,144,3,0,343
2,6,HV,145,145,1,1,320
2,6,none,146,146,1,0,343
2,6,HV,147,150,4,1,320
2,6,none,151,151,1,0,343
2,6,RCL,152,153,2,1,370
2,6,none,154,155,2,0,343
2,6,"HV,RCA",156,156,1,2,333
2,6,HV,157,157,1,1,320
2,6,none,158,158,1,0,343
2,6,HV,159,159,1,1,320
2,6,"HC,HV",160,160,1,2,306
2,6,HV,161,161,1,1,320
2,6,none,162,170,9,0,343
2,6,"HC,HV",171,171,1,2,306
2,6,none,172,172,1,0,343
2,6,HC,173,173,1,1,305
2,6,none,174,179,6,0,343
2,6,HC,180,184,5,1,305
2,6,"HC,HV",185,185,1,2,306
2,6,HC,186,186,1,1,305
2,6,"HC,HV",187,187,1,2,306
2,6,HC,188,188,1,1,305
2,6,"HC,HV",189,194,6,2,306
2,6,BV,195,195,1,1,158
2,6,none,196,196,1,0,343
2,6,"HC,HV",197,198,2,2,306
2,6,none,199,199,1,0,343
2,6,HC,200,201,2,1,305
2,6,none,202,205,4,0,343
2,6,HC,206,206,1,1,305
2,6,none,207,216,10,0,343
2,6,HV,217,217,1,1,320
2,6,"HC,HV",218,219,2,2,306
2,6,HC,220,228,9,1,305
2,6,none,229,231,3,0,343
2,6,HC,232,232,1,1,305
2,6,none,233,233,1,0,343
2,6,HV,234,234,1,1,320
2,6,"HC,HV",235,241,7,2,306
2,6,HC,242,242,1,1,305
2,6,RCL,243,244,2,1,370
2,6,none,245,245,1,0,343
2,6,RCL,246,247,2,1,370
2,6,"HC,RCL",248,248,1,2,317
2,6,RCL,249,249,1,1,370
2,6,HC,250,250,1,1,305
2,6,none,251,251,1,0,343
2,6,RCL,252,254,3,1,370
2,6,none,255,257,3,0,343
2,6,RCL,258,258,1,1,370
2,6,none,259,259,1,0,343
2,6,RCL,260,260,1,1,370
2,6,HV,261,261,1,1,320
2,6,none,262,264,3,0,343
2,6,"HV,RCL",265,265,1,2,337
2,6,HV,266,266,1,1,320
2,6,none,267,268,2,0,343
2,6,RCL,269,279,11,1,370
2,6,RS,280,280,1,1,376
2,6,none,281,281,1,0,343
2,6,RCL,282,282,1,1,370
2,6,none,283,284,2,0,343
2,6,RS,285,285,1,1,376
2,6,none,286,287,2,0,343
2,6,RS,288,293,6,1,376
2,6,none,294,296,3,0,343
2,6,RS,297,309,13,1,376
2,6,none,310,310,1,0,343
2,6,RS,311,311,1,1,376
2,6,none,312,312,1,0,343
2,6,RS,313,313,1,1,376
2,6,none,314,315,2,0,343
2,6,RS,316,317,2,1,376
2,6,none,318,332,15,0,343
2,6,RS,333,333,1,1,376
2,6,none,334,334,1,0,343
2,6,RS,335,335,1,1,376
2,6,none,336,338,3,0,343
2,6,RS,339,340,2,1,376
2,7,PC,75,78,4,1,344
2,7,"PC,RS",79,79,1,2,357
2,7,PC,80,80,1,1,344
2,7,"PC,RS",81,81,1,2,357
2,7,PC,82,82,1,1,344
2,7,"PC,PT",83,85,3,2,345
2,7,PC,86,88,3,1,344
2,7,none,89,90,2,0,343
2,7,PC,91,92,2,1,344
2,7,"PC,RS",93,93,1,2,357
2,7,PC,94,95,2,1,344
2,7,"HV,PC",96,96,1,2,321
2,7,PC,97,97,1,1,344
2,7,"PC,RS",98,99,2,2,357
2,7,none,100,100,1,0,343
2,7,"PC,RS",101,103,3,2,357
2,7,PC,104,104,1,1,344
2,7,"PC,RS",105,105,1,2,357
2,7,"HV,PC,RCL",106,106,1,3,325
2,7,"PC,RCL",107,108,2,2,351
2,7,"HV,PC,RCL",109,109,1,3,325
2,7,RCL,110,110,1,1,370
2,7,"HV,PC",111,111,1,2,321
2,7,"PC,RCL",112,112,1,2,351
2,7,"HV,PC,RCL",113,113,1,3,325
2,7,"HV,RCL",114,115,2,2,337
2,7,RCL,116,116,1,1,370
2,7,none,117,118,2,0,343
2,7,RCL,119,119,1,1,370
2,7,"HV,RCL",120,120,1,2,337
2,7,RCL,121,122,2,1,370
2,7,none,123,126,4,0,343
2,7,HV,127,127,1,1,320
2,7,RCL,128,129,2,1,370
2,7,"HV,RCL",130,130,1,2,337
2,7,RCL,131,131,1,1,370
2,7,none,132,132,1,0,343
2,7,RCL,133,136,4,1,370
2,7,"BV,RCL",137,137,1,2,217
2,7,"HV,RCL",138,146,9,2,337
2,7,RCL,147,147,1,1,370
2,7,"HV,RCL",148,148,1,2,337
2,7,HV,149,151,3,1,320
2,7,"HC,HV,RCL",152,152,1,3,310
2,7,"GC,HV,RCL",153,153,1,3,296
2,7,HV,154,154,1,1,320
2,7,RCL,155,157,3,1,370
2,7,HV,158,158,1,1,320
2,7,"HV,RCL",159,159,1,2,337
2,7,"HC,HV,RCL",160,162,3,3,310
2,7,none,163,170,8,0,343
2,7,HV,171,175,5,1,320
2,7,none,176,176,1,0,343
2,7,RCL,177,177,1,1,370
2,7,"HC,HV",178,179,2,2,306
2,7,HV,180,181,2,1,320
2,7,none,182,182,1,0,343
2,7,HV,183,183,1,1,320
2,7,none,184,185,2,0,343
2,7,HV,186,186,1,1,320
2,7,"HC,HV",187,187,1,2,306
2,7,"GC,HC,RCL",188,188,1,3,287
2,7,"HC,HV,RCL",189,190,2,3,310
2,7,"HC,HV",191,191,1,2,306
2,7,HV,192,193,2,1,320
2,7,none,194,195,2,0,343
2,7,HV,196,196,1,1,320
2,7,none,197,197,1,0,343
2,7,"HC,HV,RCL",198,198,1,3,310
2,7,"HV,RCL",199,199,1,2,337
2,7,HV,200,200,1,1,320
2,7,"HC,HV",201,206,6,2,306
2,7,"HC,HV,RCL",207,207,1,3,310
2,7,"HC,HV",208,211,4,2,306
2,7,HV,212,212,1,1,320
2,7,"HC,HV",213,213,1,2,306
2,7,"HC,HV,RCL",214,214,1,3,310
2,7,"GC,HC,HV,RCL",215,215,1,4,284
2,7,"GC,HC,HV",216,216,1,3,281
2,7,"HC,HV,RCL",217,217,1,3,310
2,7,"HC,HV",218,218,1,2,306
2,7,"GC,HC,HV",219,220,2,3,281
2,7,"HC,HV",221,226,6,2,306
2,7,HV,227,227,1,1,320
2,7,"HC,HV",228,230,3,2,306
2,7,none,231,231,1,0,343
2,7,"HC,HV",232,234,3,2,306
2,7,HC,235,235,1,1,305
2,7,"HC,HV",236,238,3,2,306
2,7,HV,239,239,1,1,320
2,7,"HC,HV",240,246,7,2,306
2,7,HV,247,247,1,1,320
2,7,none,248,254,7,0,343
2,7,HV,255,257,3,1,320
2,8,PC,62,63,2,1,344
2,8,none,64,64,1,0,343
2,8,PC,65,71,7,1,344
2,8,"PC,PT",72,73,2,2,345
2,8,"PC,PT,RS",74,77,4,3,348
2,8,PC,78,87,10,1,344
2,8,"PC,RS",88,88,1,2,357
2,8,PC,89,90,2,1,344
2,8,none,91,91,1,0,343
2,8,PC,92,92,1,1,344
2,8,"PC,RS",93,93,1,2,357
2,8,PC,94,98,5,1,344
2,8,"PC,RS",99,99,1,2,357
2,8,none,100,103,4,0,343
2,8,RS,104,104,1,1,376
2,8,"PC,RS",105,105,1,2,357
2,8,PC,106,106,1,1,344
2,8,"PC,RS",107,107,1,2,357
2,8,none,108,108,1,0,343
2,8,RS,109,109,1,1,376
2,8,none,110,140,31,0,343
2,8,RCL,141,157,17,1,370
2,8,none,158,166,9,0,343
2,8,HV,167,169,3,1,320
2,8,"GC,HV,RCL",170,172,3,3,296
2,8,RCL,173,173,1,1,370
2,8,"HV,RCL",174,174,1,2,337
2,8,RCL,175,176,2,1,370
2,8,"HV,RCL",177,179,3,2,337
2,8,"HC,HV,RCL",180,180,1,3,310
2,8,"HV,RCL",181,181,1,2,337
2,8,"HC,HV,RCL",182,188,7,3,310
2,8,"BW,HV",189,189,1,2,248
2,8,"GC,HC,HV,RCL",190,190,1,4,284
2,8,"HC,HV,RCL",191,191,1,3,310
2,8,RCL,192,192,1,1,370
2,8,"HC,HV,RCL",193,193,1,3,310
2,8,"HC,RCL",194,195,2,2,317
2,8,RCL,196,197,2,1,370
2,8,"HC,RCL",198,201,4,2,317
2,8,HC,202,202,1,1,305
2,8,"HC,RCL",203,203,1,2,317
2,8,none,204,211,8,0,343
2,8,HC,212,220,9,1,305
2,8,none,221,221,1,0,343
2,8,HC,222,222,1,1,305
2,8,RCL,223,223,1,1,370
2,8,HC,224,226,3,1,305
2,8,none,227,229,3,0,343
2,8,HC,230,231,2,1,305
2,8,none,232,251,20,0,343
2,8,RCL,252,252,1,1,370
2,8,HC,253,254,2,1,305
2,8,none,255,256,2,0,343
2,8,HC,257,257,1,1,305
2,8,none,258,258,1,0,343
2,8,HV,259,260,2,1,320
2,8,"HC,HV,RS",261,261,1,3,312
2,8,"HC,RCL,RS",262,263,2,3,318
2,8,"HC,RS",264,264,1,2,319
2,8,"HC,HV,RCL,RS",265,265,1,4,311
2,8,none,266,283,18,0,343
2,8,"RCL,RS",284,284,1,2,373
2,8,RS,285,286,2,1,376
2,8,none,287,289,3,0,343
2,8,RS,290,291,2,1,376
2,9,PC,54,54,1,1,344
2,9,none,55,63,9,0,343
2,9,PC,64,64,1,1,344
2,9,none,65,65,1,0,343
2,9,PC,66,71,6,1,344
2,9,none,72,72,1,0,343
2,9,PC,73,73,1,1,344
2,9,none,74,74,1,0,343
2,9,PC,75,76,2,1,344
2,9,none,77,77,1,0,343
2,9,PC,78,78,1,1,344
2,9,none,79,81,3,0,343
2,9,PC,82,82,1,1,344
2,9,none,83,84,2,0,343
2,9,PC,85,85,1,1,344
2,9,none,86,89,4,0,343
2,9,PC,90,95,6,1,344
2,9,none,96,96,1,0,343
2,9,PC,97,97,1,1,344
2,9,none,98,98,1,0,343
2,9,PC,99,109,11,1,344
2,9,"PC,PT",110,110,1,2,345
2,9,PC,111,113,3,1,344
2,9,none,114,115,2,0,343
2,9,PC,116,118,3,1,344
2,9,"PC,PT",119,119,1,2,345
2,9,PC,120,120,1,1,344
2,9,"HV,PC",121,121,1,2,321
2,9,PC,122,122,1,1,344
2,9,none,123,124,2,0,343
2,9,PC,125,125,1,1,344
2,9,"HV,PC",126,126,1,2,321
2,9,none,127,128,2,0,343
2,9,PC,129,131,3,1,344
2,9,"HV,PC",132,132,1,2,321
2,9,HV,133,133,1,1,320
2,9,PC,134,134,1,1,344
2,9,"HV,PC",135,135,1,2,321
2,9,PC,136,136,1,1,344
2,9,"HV,PC",137,138,2,2,321
2,9,HV,139,139,1,1,320
2,9,"HV,PC",140,142,3,2,321
2,9,HV,143,143,1,1,320
2,9,"HV,PC",144,145,2,2,321
2,9,HV,146,153,8,1,320
2,9,"HC,HV",154,157,4,2,306
2,9,HV,158,158,1,1,320
2,9,"HC,HV",159,160,2,2,306
2,9,HV,161,161,1,1,320
2,9,"HC,HV",162,162,1,2,306
2,9,none,163,166,4,0,343
2,9,HV,167,172,6,1,320
2,9,none,173,173,1,0,343
2,9,HV,174,175,2,1,320
2,9,none,176,176,1,0,343
2,9,HV,177,178,2,1,320
2,9,none,179,189,11,0,343
2,9,HV,190,190,1,1,320
2,9,"HV,RCL",191,191,1,2,337
2,9,HV,192,193,2,1,320
2,9,"HC,RCL",194,194,1,2,317
2,9,"HV,RCL",195,196,2,2,337
2,9,RCL,197,197,1,1,370
2,9,"HV,RCL",198,198,1,2,337
2,9,RCL,199,200,2,1,370
2,9,none,201,204,4,0,343
2,9,RCL,205,205,1,1,370
2,9,HV,206,206,1,1,320
2,9,none,207,212,6,0,343
2,9,RCL,213,213,1,1,370
2,9,none,214,234,21,0,343
2,9,HV,235,235,1,1,320
2,9,none,236,243,8,0,343
2,9,HC,244,244,1,1,305
2,9,none,245,245,1,0,343
2,9,HC,246,249,4,1,305
2,9,none,250,272,23,0,343
2,9,RS,273,273,1,1,376
2,9,none,274,277,4,0,343
2,9,RS,278,278,1,1,376
2,9,none,279,279,1,0,343
2,9,RS,280,281,2,1,376
2,9,none,282,283,2,0,343
2,9,RS,284,296,13,1,376
2,9,HV,297,297,1,1,320
2,9,none,298,309,12,0,343
2,9,RS,310,310,1,1,376
2,9,none,311,311,1,0,343
2,9,RS,312,319,8,1,376
2,9,none,320,322,3,0,343
2,9,RS,323,325,3,1,376
2,9,none,326,328,3,0,343
2,9,RS,329,336,8,1,376
2,9,none,337,337,1,0,343
2,9,RS,338,354,17,1,376
2,10,RS,10,10,1,1,376
2,10,none,11,40,30,0,343
2,10,PC,41,41,1,1,344
2,10,none,42,44,3,0,343
2,10,PC,45,47,3,1,344
2,10,RS,48,48,1,1,376
2,10,"PC,RS",49,50,2,2,357
2,10,PC,51,51,1,1,344
2,10,none,52,52,1,0,343
2,10,PC,53,53,1,1,344
2,10,"PC,RS",54,54,1,2,357
2,10,PC,55,57,3,1,344
2,10,none,58,58,1,0,343
2,10,"PC,RS",59,60,2,2,357
2,10,PC,61,61,1,1,344
2,10,"PC,RS",62,65,4,2,357
2,10,PC,66,68,3,1,344
2,10,none,69,70,2,0,343
2,10,PC,71,72,2,1,344
2,10,none,73,75,3,0,343
2,10,PC,76,76,1,1,344
2,10,"PC,RS",77,79,3,2,357
2,10,"PC,PT,RS",80,80,1,3,348
2,10,none,81,82,2,0,343
2,10,"PC,PT,RS",83,84,2,3,348
2,10,PC,85,85,1,1,344
2,10,"PC,PT,RS",86,86,1,3,348
2,10,"PC,PT",87,87,1,2,345
2,10,"PC,RS",88,89,2,2,357
2,10,"PC,PT",90,90,1,2,345
2,10,"PC,RS",91,92,2,2,357
2,10,"PC,PT,RP,RS",93,93,1,4,347
2,10,"PC,RS",94,94,1,2,357
2,10,"PC,RP,RS",95,95,1,3,356
2,10,"HV,PC,RP,RS",96,96,1,4,327
2,10,"PC,RP,RS",97,97,1,3,356
2,10,"PC,RS",98,98,1,2,357
2,10,"PC,RP,RS",99,99,1,3,356
2,10,"PC,RS",100,101,2,2,357
2,10,PC,102,107,6,1,344
2,10,"PC,RS",108,108,1,2,357
2,10,PC,109,119,11,1,344
2,10,none,120,127,8,0,343
2,10,HV,128,128,1,1,320
2,10,none,129,129,1,0,343
2,10,HV,130,134,5,1,320
2,10,none,135,137,3,0,343
2,10,HV,138,139,2,1,320
2,10,none,140,145,6,0,343
2,10,RCL,146,146,1,1,370
2,10,none,147,148,2,0,343
2,10,RCL,149,153,5,1,370
2,10,none,154,156,3,0,343
2,10,RCL,157,160,4,1,370
2,10,none,161,161,1,0,343
2,10,RCL,162,170,9,1,370
2,10,"HV,RCL",171,171,1,2,337
2,10,none,172,172,1,0,343
2,10,RCL,173,173,1,1,370
2,10,none,174,175,2,0,343
2,10,RCL,176,176,1,1,370
2,10,none,177,179,3,0,343
2,10,HV,180,181,2,1,320
2,10,none,182,183,2,0,343
2,10,HV,184,184,1,1,320
2,10,none,185,185,1,0,343
2,10,HV,186,188,3,1,320
2,10,none,189,204,16,0,343
2,10,HC,205,205,1,1,305
2,10,none,206,207,2,0,343
2,10,HV,208,208,1,1,320
2,10,none,209,209,1,0,343
2,10,HV,210,210,1,1,320
2,10,none,211,246,36,0,343
2,10,HC,247,247,1,1,305
2,10,none,248,273,26,0,343
2,10,RS,274,294,21,1,376
2,10,none,295,295,1,0,343
2,10,RS,296,303,8,1,376
2,10,none,304,307,4,0,343
2,10,RS,308,308,1,1,376
2,10,none,309,309,1,0,343
2,10,RS,310,310,1,1,376
2,10,none,311,311,1,0,343
2,10,RS,312,314,3,1,376
2,10,none,315,319,5,0,343
2,10,RS,320,321,2,1,376
2,10,none,322,325,4,0,343
2,10,RS,326,326,1,1,376
2,10,none,327,328,2,0,343
2,10,RS,329,330,2,1,376
2,10,none,331,331,1,0,343
2,10,RS,332,332,1,1,376
2,10,none,333,333,1,0,343
2,10,RS,334,335,2,1,376
2,10,none,336,339,4,0,343
2,10,RS,340,340,1,1,376
2,10,none,341,342,2,0,343
2,10,RS,343,344,2,1,376
2,10,none,345,351,7,0,343
2,10,RS,352,352,1,1,376
2,11,RS,16,16,1,1,376
2,11,none,17,49,33,0,343
2,11,RS,50,50,1,1,376
2,11,none,51,55,5,0,343
2,11,RS,56,56,1,1,376
2,11,none,57,75,19,0,343
2,11,RS,76,77,2,1,376
2,11,none,78,79,2,0,343
2,11,RS,80,80,1,1,376
2,11,PC,81,81,1,1,344
2,11,"PC,RS",82,82,1,2,357
2,11,RS,83,84,2,1,376
2,11,PC,85,85,1,1,344
2,11,"PC,RS",86,86,1,2,357
2,11,PC,87,88,2,1,344
2,11,"PC,RS",89,89,1,2,357
2,11,PC,90,92,3,1,344
2,11,none,93,93,1,0,343
2,11,PC,94,99,6,1,344
2,11,"GC,PC",100,100,1,2,299
2,11,none,101,101,1,0,343
2,11,"GC,PC",102,104,3,2,299
2,11,PC,105,105,1,1,344
2,11,none,106,106,1,0,343
2,11,PC,107,107,1,1,344
2,11,none,108,119,12,0,343
2,11,HV,120,120,1,1,320
2,11,none,121,124,4,0,343
2,11,HV,125,127,3,1,320
2,11,none,128,130,3,0,343
2,11,HV,131,131,1,1,320
2,11,none,132,134,3,0,343
2,11,HV,135,144,10,1,320
2,11,none,145,145,1,0,343
2,11,HV,146,148,3,1,320
2,11,none,149,153,5,0,343
2,11,HV,154,156,3,1,320
2,11,none,157,158,2,0,343
2,11,HV,159,160,2,1,320
2,11,none,161,171,11,0,343
2,11,HV,172,172,1,1,320
2,11,none,173,303,131,0,343
2,11,RS,304,304,1,1,376
2,11,none,305,305,1,0,343
2,11,RS,306,310,5,1,376
2,11,none,311,313,3,0,343
2,11,RS,314,314,1,1,376
2,12,HV,88,88,1,1,320
2,12,none,89,93,5,0,343
2,12,HV,94,94,1,1,320
2,12,none,95,98,4,0,343
2,12,HV,99,100,2,1,320
2,12,"HV,RS",101,104,4,2,342
2,12,HV,105,106,2,1,320
2,12,none,107,111,5,0,343
2,12,HV,112,115,4,1,320
2,12,none,116,116,1,0,343
2,12,HV,117,119,3,1,320
2,12,none,120,120,1,0,343
2,12,HV,121,132,12,1,320
2,12,none,133,141,9,0,343
2,12,HV,142,148,7,1,320
2,12,none,149,205,57,0,343
2,12,AC,206,213,8,1,1
2,12,none,214,214,1,0,343
2,12,AC,215,223,9,1,1
2,12,none,224,224,1,0,343
2,12,"AC,HV",225,227,3,2,141
2,12,"AC,HC",228,228,1,2,128
2,12,"AC,HC,HV",229,229,1,3,129
2,12,"AC,HC",230,230,1,2,128
2,12,AC,231,232,2,1,1
2,12,"AC,HC",233,234,2,2,128
2,12,HC,235,236,2,1,305
2,12,"HC,RS",237,237,1,2,319
2,12,none,238,238,1,0,343
2,12,RS,239,239,1,1,376
2,12,none,240,248,9,0,343
2,12,AC,249,257,9,1,1
2,12,none,258,264,7,0,343
2,12,RS,265,265,1,1,376
2,12,none,266,285,20,0,343
2,12,RS,286,294,9,1,376
2,12,none,295,296,2,0,343
2,12,RS,297,297,1,1,376
2,12,none,298,300,3,0,343
2,12,RS,301,306,6,1,376
2,12,none,307,307,1,0,343
2,12,RS,308,308,1,1,376
2,12,none,309,309,1,0,343
2,12,RS,310,313,4,1,376
2,12,none,314,314,1,0,343
2,12,RS,315,315,1,1,376
2,12,none,316,321,6,0,343
2,12,RS,322,322,1,1,376
2,13,PC,4,4,1,1,344
2,13,none,5,27,23,0,343
2,13,PC,28,28,1,1,344
2,13,none,29,35,7,0,343
2,13,PC,36,36,1,1,344
2,13,"PC,RS",37,37,1,2,357
2,13,RS,38,38,1,1,376
2,13,none,39,39,1,0,343
2,13,RS,40,41,2,1,376
2,13,none,42,46,5,0,343
2,13,PC,47,52,6,1,344
2,13,none,53,55,3,0,343
2,13,PC,56,56,1,1,344
2,13,none,57,60,4,0,343
2,13,PC,61,61,1,1,344
2,13,"PC,RS",62,62,1,2,357
2,13,PC,63,63,1,1,344
2,13,"PC,RS",64,70,7,2,357
2,13,PC,71,71,1,1,344
2,13,"PC,RS",72,72,1,2,357
2,13,PC,73,83,11,1,344
2,13,none,84,88,5,0,343
2,13,PC,89,90,2,1,344
2,13,none,91,93,3,0,343
2,13,PC,94,100,7,1,344
2,13,none,101,122,22,0,343
2,13,HV,123,126,4,1,320
2,13,none,127,130,4,0,343
2,13,HV,131,134,4,1,320
2,13,none,135,138,4,0,343
2,13,HV,139,140,2,1,320
2,13,none,141,142,2,0,343
2,13,HV,143,144,2,1,320
2,13,"AC,HV",145,145,1,2,141
2,13,none,146,147,2,0,343
2,13,AC,148,149,2,1,1
2,13,none,150,152,3,0,343
2,13,"AC,PT",153,153,1,2,150
2,13,AC,154,155,2,1,1
2,13,"AC,HV",156,156,1,2,141
2,13,"AC,HV,RS",157,157,1,3,147
2,13,"AC,HV",158,158,1,2,141
2,13,AC,159,159,1,1,1
2,13,"AC,HV,RS",160,160,1,3,147
2,13,"AC,HV",161,161,1,2,141
2,13,"AC,HV,RS",162,163,2,3,147
2,13,"AC,HV",164,164,1,2,141
2,13,AC,165,172,8,1,1
2,13,"AC,HV",173,173,1,2,141
2,13,AC,174,178,5,1,1
2,13,"AC,HV",179,179,1,2,141
2,13,"AC,HV,RCL",180,180,1,3,145
2,13,"AC,RCL",181,181,1,2,154
2,13,"AC,HV,RCL",182,183,2,3,145
2,13,"AC,RCL",184,184,1,2,154
2,13,RCL,185,185,1,1,370
2,13,"AC,RCL",186,186,1,2,154
2,13,"AC,HV,RCL",187,188,2,3,145
2,13,"AC,RCL",189,189,1,2,154
2,13,"AC,HC",190,190,1,2,128
2,13,AC,191,192,2,1,1
2,13,"AC,HC",193,193,1,2,128
2,13,AC,194,196,3,1,1
2,13,"AC,HC,HV",197,197,1,3,129
2,13,"AC,HV",198,198,1,2,141
2,13,"AC,HC,HV",199,201,3,3,129
2,13,"AC,HC",202,204,3,2,128
2,13,HC,205,205,1,1,305
2,13,"AC,HC",206,208,3,2,128
2,13,AC,209,209,1,1,1
2,13,"AC,HC",210,211,2,2,128
2,13,AC,212,212,1,1,1
2,13,"AC,HC",213,213,1,2,128
2,13,AC,214,214,1,1,1
2,13,"AC,HC",215,216,2,2,128
2,13,AC,217,217,1,1,1
2,13,"AC,HC",218,218,1,2,128
2,13,none,219,220,2,0,343
2,13,AC,221,222,2,1,1
2,13,"AC,HC,HV",223,223,1,3,129
2,13,"AC,RCL",224,225,2,2,154
2,13,"AC,HC,RCL",226,226,1,3,139
2,13,"AC,RCL",227,227,1,2,154
2,13,"AC,HC,RCL",228,228,1,3,139
2,13,"AC,HC,HV,RCL",229,230,2,4,133
2,13,"AC,RCL",231,233,3,2,154
2,13,"AC,HC,RCL",234,234,1,3,139
2,13,"AC,RCL",235,240,6,2,154
2,13,RCL,241,242,2,1,370
2,13,AC,243,244,2,1,1
2,13,none,245,248,4,0,343
2,13,HV,249,249,1,1,320
2,13,none,250,252,3,0,343
2,13,HV,253,253,1,1,320
2,13,none,254,261,8,0,343
2,13,RCL,262,263,2,1,370
2,13,none,264,278,15,0,343
2,13,RCL,279,283,5,1,370
2,13,none,284,297,14,0,343
2,13,RCL,298,302,5,1,370
2,13,none,303,303,1,0,343
2,13,RCL,304,306,3,1,370
2,14,RS,17,17,1,1,376
2,14,none,18,66,49,0,343
2,14,PC,67,67,1,1,344
2,14,none,68,71,4,0,343
2,14,PC,72,75,4,1,344
2,14,none,76,76,1,0,343
2,14,PC,77,83,7,1,344
2,14,none,84,85,2,0,343
2,14,PC,86,88,3,1,344
2,14,none,89,92,4,0,343
2,14,PC,93,97,5,1,344
2,14,none,98,98,1,0,343
2,14,RS,99,99,1,1,376
2,14,"PC,RS",100,100,1,2,357
2,14,PC,101,104,4,1,344
2,14,none,105,105,1,0,343
2,14,PC,106,108,3,1,344
2,14,none,109,113,5,0,343
2,14,RS,114,114,1,1,376
2,14,none,115,116,2,0,343
2,14,AC,117,117,1,1,1
2,14,none,118,118,1,0,343
2,14,HV,119,120,2,1,320
2,14,none,121,125,5,0,343
2,14,HV,126,129,4,1,320
2,14,none,130,137,8,0,343
2,14,AC,138,138,1,1,1
2,14,none,139,139,1,0,343
2,14,AC,140,140,1,1,1
2,14,none,141,142,2,0,343
2,14,AC,143,154,12,1,1
2,14,"AC,HV",155,157,3,2,141
2,14,AC,158,158,1,1,1
2,14,"AC,HV",159,159,1,2,141
2,14,HV,160,160,1,1,320
2,14,none,161,161,1,0,343
2,14,"AC,HV",162,166,5,2,141
2,14,"AC,HC,HV",167,170,4,3,129
2,14,"AC,HV",171,175,5,2,141
2,14,"AC,GC,HV",176,176,1,3,117
2,14,"AC,GC,HC,HV",177,177,1,4,109
2,14,"AC,GC,HV",178,178,1,3,117
2,14,"AC,HC,HV",179,180,2,3,129
2,14,"AC,HV",181,184,4,2,141
2,14,AC,185,185,1,1,1
2,14,"AC,HV",186,188,3,2,141
2,14,"AC,GC,HV",189,189,1,3,117
2,14,"AC,HV",190,217,28,2,141
2,14,AC,218,218,1,1,1
2,14,"AC,HV",219,220,2,2,141
2,14,RCL,221,221,1,1,370
2,14,"AC,RCL",222,223,2,2,154
2,14,"AC,RCL,RS",224,224,1,3,155
2,14,"AC,HV,RCL,RS",225,232,8,4,146
2,14,"AC,HV,RCL",233,237,5,3,145
2,14,"HV,RCL,RS",238,240,3,3,339
2,14,"HV,RS",241,243,3,2,342
2,14,HV,244,248,5,1,320
2,14,none,249,249,1,0,343
2,14,HV,250,250,1,1,320
2,14,none,251,253,3,0,343
2,14,HV,254,254,1,1,320
2,14,RS,255,255,1,1,376
2,14,none,256,257,2,0,343
2,14,"HV,RS",258,258,1,2,342
2,14,none,259,268,10,0,343
2,14,RS,269,269,1,1,376
2,14,none,270,271,2,0,343
2,14,RS,272,279,8,1,376
2,14,none,280,280,1,0,343
2,14,RS,281,281,1,1,376
2,14,none,282,282,1,0,343
2,14,RS,283,298,16,1,376
2,14,none,299,302,4,0,343
2,14,RS,303,306,4,1,376
2,14,none,307,320,14,0,343
2,14,RS,321,321,1,1,376
2,15,RS,3,3,1,1,376
2,15,none,4,53,50,0,343
2,15,PC,54,54,1,1,344
2,15,none,55,58,4,0,343
2,15,PC,59,59,1,1,344
2,15,none,60,64,5,0,343
2,15,PC,65,65,1,1,344
2,15,none,66,66,1,0,343
2,15,PC,67,70,4,1,344
2,15,none,71,71,1,0,343
2,15,PC,72,76,5,1,344
2,15,none,77,77,1,0,343
2,15,PC,78,80,3,1,344
2,15,none,81,81,1,0,343
2,15,PC,82,82,1,1,344
2,15,none,83,85,3,0,343
2,15,PC,86,90,5,1,344
2,15,none,91,92,2,0,343
2,15,PC,93,95,3,1,344
2,15,"PC,PT",96,97,2,2,345
2,15,"PC,RS",98,98,1,2,357
2,15,PC,99,101,3,1,344
2,15,"HV,PC,RS",102,102,1,3,328
2,15,"HV,PC",103,104,2,2,321
2,15,"HV,PC,RS",105,107,3,3,328
2,15,"PC,RS",108,108,1,2,357
2,15,"HV,PC,RS",109,109,1,3,328
2,15,"HV,PC,PT",110,110,1,3,322
2,15,HV,111,111,1,1,320
2,15,none,112,122,11,0,343
2,15,HV,123,126,4,1,320
2,15,none,127,129,3,0,343
2,15,HV,130,130,1,1,320
2,15,none,131,132,2,0,343
2,15,HV,133,133,1,1,320
2,15,"HV,RS",134,135,2,2,342
2,15,"AC,HV,RS",136,136,1,3,147
2,15,RS,137,137,1,1,376
2,15,none,138,138,1,0,343
2,15,"HV,RCL",139,139,1,2,337
2,15,"AC,HV,RCL",140,140,1,3,145
2,15,"HV,RCL",141,141,1,2,337
2,15,"AC,HV,RCL",142,143,2,3,145
2,15,"HV,RCL,RS",144,144,1,3,339
2,15,RS,145,145,1,1,376
2,15,RCL,146,146,1,1,370
2,15,"HV,RCL,RS",147,148,2,3,339
2,15,"AC,HV,RCL,RS",149,150,2,4,146
2,15,"AC,HV,RCL",151,153,3,3,145
2,15,"AC,HV,RCL,RS",154,154,1,4,146
2,15,"AC,HV,RCL",155,155,1,3,145
2,15,"AC,HC,HV,RCL",156,157,2,4,133
2,15,"AC,HV,RCL,RS",158,161,4,4,146
2,15,"AC,HV,RCA,RCL,RS",162,162,1,5,144
2,15,"AC,HV,RCL,RS",163,166,4,4,146
2,15,"AC,GC,HC,HV,RCL,RS",167,167,1,6,113
2,15,"AC,HV,RCL,RS",168,169,2,4,146
2,15,"AC,HC,HV,RCL,RS",170,170,1,5,134
2,15,"AC,GC,HC,HV,RCL,RS",171,171,1,6,113
2,15,"AC,HC,HV,RCL,RS",172,172,1,5,134
2,15,"AC,GC,HC,HV,RCL,RS",173,173,1,6,113
2,15,"AC,GC,HV,RCL,RS",174,174,1,5,122
2,15,"AC,GC,HC,HV,RCL,RS",175,176,2,6,113
2,15,"AC,GC,HC,HV,RCL",177,177,1,5,112
2,15,"AC,BV,HV,RCA,RCL,RS",178,178,1,6,65
2,15,"AC,BV,HC,HV,RCL,RS",179,179,1,6,59
2,15,"AC,BV,GC,HC,HV,RCA,RCL",180,180,1,7,44
2,15,"AC,BV,GC,HC,HV,RCL",181,181,1,6,45
2,15,"AC,GC,HC,HV,RCL",182,182,1,5,112
2,15,"AC,GC,HC,HV,RCA,RCL,RS",183,183,1,7,111
2,15,"AC,HC,HV,RCL",184,185,2,4,133
2,15,"AC,BV,HC,HV,RCA,RCL",186,186,1,6,56
2,15,"AC,BV,HC,HV,RCL",187,188,2,5,58
2,15,"AC,BV,GC,HC,HV,RCL",189,189,1,6,45
2,15,"AC,HC,HV,RCL",190,190,1,4,133
2,15,"BV,HC,HV,RCL",191,191,1,4,204
2,15,"AC,HC,HV,RCL",192,194,3,4,133
2,15,"AC,BV,HC,HV,RCL",195,195,1,5,58
2,15,"AC,BV,GC,HC,HV,RCL,RS",196,196,1,7,46
2,15,"AC,BV,GC,HC,HV,RCL",197,197,1,6,45
2,15,"AC,HC,HV,RCL",198,198,1,4,133
2,15,"AC,HC,HV,RCL,RS",199,200,2,5,134
2,15,"AC,HC,RCL",201,201,1,3,139
2,15,"HC,RCL",202,202,1,2,317
2,15,"AC,HC,HV,RCL",203,203,1,4,133
2,15,"AC,HC,RCL",204,204,1,3,139
2,15,"HV,RCL",205,205,1,2,337
2,15,"AC,HC,HV,RCL",206,207,2,4,133
2,15,"AC,HC,RCL",208,208,1,3,139
2,15,"AC,RCL",209,209,1,2,154
2,15,"HV,RCL",210,210,1,2,337
2,15,none,211,245,35,0,343
2,15,HV,246,247,2,1,320
2,15,none,248,248,1,0,343
2,15,HV,249,249,1,1,320
2,15,none,250,250,1,0,343
2,15,HV,251,251,1,1,320
2,16,PC,60,60,1,1,344
2,16,none,61,71,11,0,343
2,16,"PC,RS",72,72,1,2,357
2,16,none,73,73,1,0,343
2,16,RS,74,74,1,1,376
2,16,none,75,76,2,0,343
2,16,RS,77,77,1,1,376
2,16,none,78,78,1,0,343
2,16,"PC,RS",79,80,2,2,357
2,16,PC,81,81,1,1,344
2,16,"PC,RS",82,83,2,2,357
2,16,PC,84,84,1,1,344
2,16,"PC,RS",85,87,3,2,357
2,16,RS,88,88,1,1,376
2,16,"PC,RS",89,89,1,2,357
2,16,none,90,93,4,0,343
2,16,PC,94,95,2,1,344
2,16,"PC,PT,RS",96,96,1,3,348
2,16,"GC,HV,PC,PT",97,97,1,4,291
2,16,"GC,PC",98,98,1,2,299
2,16,"GC,HV,PC",99,99,1,3,290
2,16,"GC,PC",100,100,1,2,299
2,16,"GC,HV,PC",101,101,1,3,290
2,16,"GC,HV",102,102,1,2,289
2,16,none,103,104,2,0,343
2,16,"GC,PC",105,105,1,2,299
2,16,GC,106,107,2,1,280
2,16,RS,108,108,1,1,376
2,16,none,109,109,1,0,343
2,16,RS,110,112,3,1,376
2,16,none,113,116,4,0,343
2,16,HV,117,117,1,1,320
2,16,none,118,128,11,0,343
2,16,HV,129,129,1,1,320
2,16,none,130,133,4,0,343
2,16,HV,134,136,3,1,320
2,16,"HV,RCL",137,137,1,2,337
2,16,"BV,HV,RCL",138,138,1,3,213
2,16,"HV,RCL",139,139,1,2,337
2,16,RCL,140,140,1,1,370
2,16,"AC,RCL",141,141,1,2,154
2,16,"AC,HV",142,142,1,2,141
2,16,"AC,HV,RCL",143,148,6,3,145
2,16,"AC,HV,RCL,RS",149,149,1,4,146
2,16,"RCL,RS",150,150,1,2,373
2,16,"AC,RCL,RS",151,151,1,3,155
2,16,"AC,HV,RCL",152,152,1,3,145
2,16,"AC,RCL",153,153,1,2,154
2,16,"AC,HV,RCL",154,158,5,3,145
2,16,"AC,RCL",159,159,1,2,154
2,16,"AC,HV,RCL",160,160,1,3,145
2,16,"AC,RCL",161,165,5,2,154
2,16,AC,166,166,1,1,1
2,16,"AC,RCL",167,167,1,2,154
2,16,"AC,HV,RCL",168,171,4,3,145
2,16,"AC,HV",172,174,3,2,141
2,16,"AC,HV,RS",175,175,1,3,147
2,16,"AC,GC,HV,RCL,RS",176,176,1,5,122
2,16,"AC,GC,HV,RCL",177,179,3,4,121
2,16,"AC,HV,RCL",180,182,3,3,145
2,16,"AC,GC,HV,RCL",183,183,1,4,121
2,16,"AC,HV,RCL",184,187,4,3,145
2,16,"AC,HC,HV,RCL",188,188,1,4,133
2,16,"AC,HV,RCL",189,190,2,3,145
2,16,"AC,HC,HV,RCL",191,193,3,4,133
2,16,"AC,HC,RCL",194,196,3,3,139
2,16,"AC,RCL",197,197,1,2,154
2,16,RCL,198,198,1,1,370
2,16,"AC,HC,RCL",199,200,2,3,139
2,16,"AC,RCL",201,201,1,2,154
2,16,"AC,HC,RCL",202,202,1,3,139
2,16,"AC,HC,HV,RCL",203,203,1,4,133
2,16,"AC,RCL",204,210,7,2,154
2,16,"AC,HC,RCL",211,211,1,3,139
2,16,"AC,RCL",212,212,1,2,154
2,16,AC,213,213,1,1,1
2,16,RCL,214,214,1,1,370
2,16,"AC,RCL",215,215,1,2,154
2,16,AC,216,217,2,1,1
2,16,"AC,RCL",218,218,1,2,154
2,16,AC,219,220,2,1,1
2,16,none,221,221,1,0,343
2,16,AC,222,223,2,1,1
2,16,none,224,228,5,0,343
2,16,AC,229,229,1,1,1
2,16,none,230,235,6,0,343
2,16,AC,236,238,3,1,1
2,16,"AC,RCL",239,239,1,2,154
2,16,AC,240,240,1,1,1
2,16,"AC,RCL",241,243,3,2,154
2,16,"AC,HV,RCL",244,244,1,3,145
2,16,"AC,RCL",245,245,1,2,154
2,16,"HV,RCL",246,248,3,2,337
2,16,"AC,HV,RCL",249,250,2,3,145
2,16,HV,251,253,3,1,320
2,16,"HV,RCL,RS",254,254,1,3,339
2,16,"HV,RCL",255,255,1,2,337
2,16,"HV,RCL,RS",256,268,13,3,339
2,16,"HV,RS",269,269,1,2,342
2,16,"HV,RCL,RS",270,270,1,3,339
2,16,"RCL,RS",271,272,2,2,373
2,16,RS,273,273,1,1,376
2,16,"RCL,RS",274,274,1,2,373
2,16,RCL,275,275,1,1,370
2,16,"RCL,RS",276,277,2,2,373
2,16,RS,278,278,1,1,376
2,16,none,279,279,1,0,343
2,16,RS,280,280,1,1,376
2,16,none,281,281,1,0,343
2,16,"RCL,RS",282,282,1,2,373
2,16,RS,283,286,4,1,376
2,16,none,287,287,1,0,343
2,16,RS,288,291,4,1,376
2,16,none,292,292,1,0,343
2,16,RS,293,293,1,1,376
2,16,none,294,296,3,0,343
2,16,RS,297,300,4,1,376
2,16,none,301,301,1,0,343
2,16,RS,302,309,8,1,376
2,16,none,310,314,5,0,343
2,16,RS,315,316,2,1,376
2,16,none,317,327,11,0,343
2,16,RS,328,328,1,1,376
2,17,PC,14,14,1,1,344
2,17,none,15,19,5,0,343
2,17,PC,20,20,1,1,344
2,17,none,21,27,7,0,343
2,17,PC,28,29,2,1,344
2,17,none,30,31,2,0,343
2,17,RS,32,32,1,1,376
2,17,none,33,35,3,0,343
2,17,RS,36,36,1,1,376
2,17,none,37,39,3,0,343
2,17,"PC,RS",40,40,1,2,357
2,17,PC,41,41,1,1,344
2,17,"PC,RS",42,48,7,2,357
2,17,PC,49,49,1,1,344
2,17,none,50,50,1,0,343
2,17,PC,51,51,1,1,344
2,17,none,52,56,5,0,343
2,17,PC,57,60,4,1,344
2,17,none,61,62,2,0,343
2,17,PC,63,68,6,1,344
2,17,none,69,69,1,0,343
2,17,PC,70,75,6,1,344
2,17,"PC,RS",76,77,2,2,357
2,17,PC,78,78,1,1,344
2,17,"PC,RS",79,79,1,2,357
2,17,"PC,RP,RS",80,80,1,3,356
2,17,"PC,RP",81,81,1,2,355
2,17,"PC,RP,RS",82,82,1,3,356
2,17,RP,83,84,2,1,374
2,17,"PC,RP,RS",85,87,3,3,356
2,17,none,88,89,2,0,343
2,17,"PC,RP",90,90,1,2,355
2,17,PC,91,91,1,1,344
2,17,"PC,RCL,RS",92,92,1,3,354
2,17,"PC,RS",93,93,1,2,357
2,17,RS,94,94,1,1,376
2,17,"PC,RCL,RP,RS",95,96,2,4,353
2,17,"PC,RP,RS",97,97,1,3,356
2,17,PC,98,98,1,1,344
2,17,none,99,100,2,0,343
2,17,RS,101,101,1,1,376
2,17,none,102,102,1,0,343
2,17,"PC,RCL,RS",103,103,1,3,354
2,17,"PC,RCL",104,104,1,2,351
2,17,"HV,PC,RCL",105,105,1,3,325
2,17,"HV,RCL",106,108,3,2,337
2,17,RCL,109,112,4,1,370
2,17,"HV,RCL,RS",113,115,3,3,339
2,17,RCL,116,118,3,1,370
2,17,"HV,PC,RCL",119,119,1,3,325
2,17,"HV,PC,RCL,RS",120,121,2,4,326
2,17,"RCL,RS",122,122,1,2,373
2,17,"RCL,RP",123,123,1,2,371
2,17,"RCL,RP,RS",124,124,1,3,372
2,17,RCL,125,125,1,1,370
2,17,"RCL,RS",126,126,1,2,373
2,17,RCL,127,127,1,1,370
2,17,"RCL,RP",128,128,1,2,371
2,17,"HV,RP,RS",129,129,1,3,341
2,17,"AC,RCL,RS",130,130,1,3,155
2,17,"RCL,RS",131,131,1,2,373
2,17,"AC,RCL,RS",132,133,2,3,155
2,17,"HV,RCL",134,134,1,2,337
2,17,"RCL,RS",135,135,1,2,373
2,17,"AC,HV,RCL",136,138,3,3,145
2,17,RCL,139,141,3,1,370
2,17,"AC,HV,RCL",142,142,1,3,145
2,17,"AC,RCL",143,143,1,2,154
2,17,RCL,144,144,1,1,370
2,17,"AC,HV,RCL",145,146,2,3,145
2,17,"AC,RCL",147,235,89,2,154
2,17,"AC,HV,RCL",236,236,1,3,145
2,17,RCL,237,238,2,1,370
2,17,none,239,240,2,0,343
2,17,HV,241,241,1,1,320
2,17,none,242,245,4,0,343
2,17,HV,246,246,1,1,320
2,17,"HV,RCL",247,253,7,2,337
2,17,RCL,254,255,2,1,370
2,17,"HV,RCL",256,256,1,2,337
2,17,RCL,257,264,8,1,370
2,17,"HV,RCL",265,265,1,2,337
2,17,"HV,RS",266,266,1,2,342
2,17,"HV,RCL,RS",267,267,1,3,339
2,17,"RCL,RS",268,268,1,2,373
2,17,"HV,RCL,RS",269,269,1,3,339
2,17,"RCL,RS",270,273,4,2,373
2,17,RCL,274,275,2,1,370
2,17,"RCL,RS",276,279,4,2,373
2,17,RS,280,281,2,1,376
2,17,"RCL,RS",282,282,1,2,373
2,17,RS,283,315,33,1,376
2,17,none,316,316,1,0,343
2,17,RS,317,320,4,1,376
2,17,none,321,324,4,0,343
2,17,RS,325,325,1,1,376
2,18,PC,35,38,4,1,344
2,18,none,39,46,8,0,343
2,18,PC,47,49,3,1,344
2,18,none,50,51,2,0,343
2,18,PC,52,55,4,1,344
2,18,none,56,57,2,0,343
2,18,PC,58,64,7,1,344
2,18,none,65,65,1,0,343
2,18,PC,66,68,3,1,344
2,18,none,69,70,2,0,343
2,18,PC,71,75,5,1,344
2,18,"HV,PC",76,76,1,2,321
2,18,HV,77,77,1,1,320
2,18,none,78,78,1,0,343
2,18,PC,79,80,2,1,344
2,18,"HV,PC,RS",81,81,1,3,328
2,18,"PC,RS",82,84,3,2,357
2,18,PC,85,85,1,1,344
2,18,"HV,PC",86,86,1,2,321
2,18,PC,87,91,5,1,344
2,18,none,92,94,3,0,343
2,18,PC,95,95,1,1,344
2,18,"HV,PC",96,96,1,2,321
2,18,none,97,100,4,0,343
2,18,PC,101,101,1,1,344
2,18,"HV,PC",102,104,3,2,321
2,18,PC,105,105,1,1,344
2,18,none,106,109,4,0,343
2,18,"HV,RCL",110,110,1,2,337
2,18,RCL,111,154,44,1,370
2,18,"AC,RCL",155,156,2,2,154
2,18,RCL,157,158,2,1,370
2,18,"AC,RCL",159,162,4,2,154
2,18,RCL,163,164,2,1,370
2,18,"AC,RCL",165,166,2,2,154
2,18,"AC,HV,RCL",167,167,1,3,145
2,18,"BV,HV,RCL",168,168,1,3,213
2,18,RCL,169,169,1,1,370
2,18,"AC,BV,HC,RCL",170,170,1,4,61
2,18,"AC,BV,HC,HV,RCL",171,171,1,5,58
2,18,"AC,BV,BW,HV,RCL",172,172,1,5,36
2,18,"AC,BV,HV,RCL",173,173,1,4,66
2,18,"AC,RCL",174,175,2,2,154
2,18,RCL,176,176,1,1,370
2,18,"AC,RCL",177,177,1,2,154
2,18,"AC,HV",178,178,1,2,141
2,18,"AC,RCL",179,179,1,2,154
2,18,RCL,180,180,1,1,370
2,18,"AC,HC,RCL",181,181,1,3,139
2,18,"AC,HV,RCL",182,182,1,3,145
2,18,"AC,BV,HC,RCL",183,183,1,4,61
2,18,"AC,BV,HC,HV,RCL",184,184,1,5,58
2,18,"AC,BV,HV,RCL",185,185,1,4,66
2,18,"AC,HV,RCL",186,187,2,3,145
2,18,RCL,188,188,1,1,370
2,18,"AC,RCL",189,193,5,2,154
2,18,"AC,HC",194,194,1,2,128
2,18,"AC,HC,RCL",195,195,1,3,139
2,18,AC,196,196,1,1,1
2,18,"AC,RCL",197,197,1,2,154
2,18,"AC,BV,HV,RCL",198,198,1,4,66
2,18,"AC,BV,HC,HV,RCL",199,199,1,5,58
2,18,"AC,BV,RCL",200,200,1,3,70
2,18,"AC,BV,HC,HV,RCL",201,201,1,5,58
2,18,"AC,BV,HC,RCL",202,202,1,4,61
2,18,"AC,HC,RCL",203,203,1,3,139
2,18,"AC,RCL",204,206,3,2,154
2,18,RCL,207,208,2,1,370
2,18,none,209,210,2,0,343
2,18,"BV,HV",211,211,1,2,207
2,18,RCL,212,215,4,1,370
2,18,"BV,HV,RCL",216,216,1,3,213
2,18,"HV,RCL",217,217,1,2,337
2,18,RCL,218,222,5,1,370
2,18,"HV,RCL",223,223,1,2,337
2,18,RCL,224,225,2,1,370
2,18,none,226,226,1,0,343
2,18,RCL,227,228,2,1,370
2,18,none,229,231,3,0,343
2,18,RCL,232,234,3,1,370
2,18,"GC,HV,RCL",235,236,2,3,296
2,18,"HV,RCL",237,237,1,2,337
2,18,"BV,HV,RCL",238,239,2,3,213
2,18,"HV,RCL",240,246,7,2,337
2,18,RCL,247,248,2,1,370
2,18,"HV,RCL",249,250,2,2,337
2,18,RCL,251,257,7,1,370
2,18,none,258,258,1,0,343
2,18,RCL,259,261,3,1,370
2,18,"HV,RCL",262,265,4,2,337
2,18,RCL,266,266,1,1,370
2,18,"HV,RCL,RS",267,267,1,3,339
2,18,"HV,RCL",268,269,2,2,337
2,18,RCL,270,270,1,1,370
2,18,"HV,RCL",271,271,1,2,337
2,18,"HV,RCL,RS",272,273,2,3,339
2,18,"RCL,RS",274,277,4,2,373
2,18,"HV,RCL,RS",278,278,1,3,339
2,18,"RCL,RS",279,281,3,2,373
2,18,RCL,282,282,1,1,370
2,18,"RCL,RS",283,283,1,2,373
2,18,RCL,284,284,1,1,370
2,18,none,285,291,7,0,343
2,18,RS,292,297,6,1,376
2,18,none,298,320,23,0,343
2,18,RS,321,321,1,1,376
2,18,none,322,332,11,0,343
2,18,RS,333,333,1,1,376
2,19,RS,15,15,1,1,376
2,19,none,16,33,18,0,343
2,19,PC,34,34,1,1,344
2,19,none,35,41,7,0,343
2,19,PC,42,42,1,1,344
2,19,none,43,43,1,0,343
2,19,PC,44,44,1,1,344
2,19,none,45,48,4,0,343
2,19,PC,49,49,1,1,344
2,19,none,50,50,1,0,343
2,19,PC,51,55,5,1,344
2,19,none,56,57,2,0,343
2,19,PC,58,61,4,1,344
2,19,"PC,RP",62,63,2,2,355
2,19,RP,64,64,1,1,374
2,19,PC,65,67,3,1,344
2,19,"PC,RP",68,69,2,2,355
2,19,"PC,RS",70,70,1,2,357
2,19,"PC,RP,RS",71,73,3,3,356
2,19,"PC,RS",74,74,1,2,357
2,19,"PC,RP,RS",75,75,1,3,356
2,19,PC,76,76,1,1,344
2,19,"PC,RS",77,79,3,2,357
2,19,"PC,RP,RS",80,81,2,3,356
2,19,"PC,RP",82,82,1,2,355
2,19,"PC,RP,RS",83,85,3,3,356
2,19,none,86,86,1,0,343
2,19,"PC,RP,RS",87,87,1,3,356
2,19,"PC,RP",88,88,1,2,355
2,19,PC,89,90,2,1,344
2,19,none,91,91,1,0,343
2,19,PC,92,93,2,1,344
2,19,"PC,RP",94,95,2,2,355
2,19,PC,96,98,3,1,344
2,19,"PC,RP",99,99,1,2,355
2,19,PC,100,100,1,1,344
2,19,none,101,102,2,0,343
2,19,PC,103,106,4,1,344
2,19,none,107,122,16,0,343
2,19,RCL,123,123,1,1,370
2,19,"BV,HV,RCL",124,125,2,3,213
2,19,"HV,RCL",126,127,2,2,337
2,19,RCL,128,128,1,1,370
2,19,RS,129,129,1,1,376
2,19,none,130,131,2,0,343
2,19,RCL,132,132,1,1,370
2,19,HV,133,134,2,1,320
2,19,none,135,135,1,0,343
2,19,RCL,136,137,2,1,370
2,19,"HV,RCL",138,140,3,2,337
2,19,RCL,141,141,1,1,370
2,19,"HV,RCL",142,142,1,2,337
2,19,RCL,143,143,1,1,370
2,19,"HV,RCL",144,147,4,2,337
2,19,RCL,148,148,1,1,370
2,19,"HV,RCL",149,154,6,2,337
2,19,RCL,155,155,1,1,370
2,19,"HC,HV,RCL",156,156,1,3,310
2,19,"HV,RCL",157,161,5,2,337
2,19,"HC,HV,RCL",162,162,1,3,310
2,19,"AC,HC,HV,RCL",163,163,1,4,133
2,19,"HV,RCL",164,165,2,2,337
2,19,"AC,GC,HC,HV,RCL",166,166,1,5,112
2,19,"AC,BV,GC,HV,RCL",167,167,1,5,51
2,19,"GC,HV,RCL",168,168,1,3,296
2,19,"AC,GC,HV,RCL",169,170,2,4,121
2,19,"GC,HV,RCL",171,171,1,3,296
2,19,"AC,GC,HV,RCL",172,173,2,4,121
2,19,"GC,HV,RCL",174,174,1,3,296
2,19,"AC,GC,HV,RCL",175,175,1,4,121
2,19,"HV,RCL",176,177,2,2,337
2,19,"AC,HV,RCL",178,180,3,3,145
2,19,"HC,HV,RCL",181,182,2,3,310
2,19,"GC,HV,RCL",183,183,1,3,296
2,19,"GC,HC,HV,RCL",184,185,2,4,284
2,19,"HC,HV,RCL",186,186,1,3,310
2,19,"HV,RCL",187,187,1,2,337
2,19,"HC,HV,RCL",188,188,1,3,310
2,19,"HV,RCL",189,189,1,2,337
2,19,"HC,HV,RCL",190,190,1,3,310
2,19,"HV,RCL",191,192,2,2,337
2,19,"BV,HV,RCL",193,193,1,3,213
2,19,"HV,RCL",194,194,1,2,337
2,19,"BV,GC,HV,RCL",195,195,1,4,198
2,19,"GC,HV,RCL",196,197,2,3,296
2,19,"HV,RCL",198,199,2,2,337
2,19,"GC,HV,RCL",200,200,1,3,296
2,19,"HV,RCL",201,215,15,2,337
2,19,RCL,216,219,4,1,370
2,19,"HV,RCL",220,229,10,2,337
2,19,RCL,230,232,3,1,370
2,19,"HV,RCL",233,236,4,2,337
2,19,HV,237,237,1,1,320
2,19,"HV,RCL",238,241,4,2,337
2,19,HV,242,242,1,1,320
2,19,"HV,RCL",243,255,13,2,337
2,19,HV,256,256,1,1,320
2,19,"HV,RCL",257,259,3,2,337
2,19,none,260,260,1,0,343
2,19,"HV,RCL",261,263,3,2,337
2,19,HV,264,266,3,1,320
2,19,none,267,272,6,0,343
2,19,"RCL,RS",273,273,1,2,373
2,19,none,274,282,9,0,343
2,19,RS,283,283,1,1,376
2,19,none,284,288,5,0,343
2,19,RS,289,290,2,1,376
2,19,none,291,308,18,0,343
2,19,RS,309,309,1,1,376
2,20,PC,62,62,1,1,344
2,20,none,63,65,3,0,343
2,20,PC,66,73,8,1,344
2,20,"PC,RS",74,77,4,2,357
2,20,PC,78,79,2,1,344
2,20,"PC,RS",80,83,4,2,357
2,20,PC,84,86,3,1,344
2,20,"PC,RS",87,90,4,2,357
2,20,PC,91,91,1,1,344
2,20,"PC,RS",92,95,4,2,357
2,20,"HV,PC,RS",96,96,1,3,328
2,20,"PC,RS",97,98,2,2,357
2,20,none,99,100,2,0,343
2,20,PC,101,101,1,1,344
2,20,none,102,104,3,0,343
2,20,"HV,PC",105,105,1,2,321
2,20,none,106,107,2,0,343
2,20,PC,108,108,1,1,344
2,20,"PC,RS",109,109,1,2,357
2,20,"HV,PC,RS",110,110,1,3,328
2,20,"HV,RS",111,111,1,2,342
2,20,"RCL,RS",112,112,1,2,373
2,20,"HV,RCL",113,114,2,2,337
2,20,RCL,115,115,1,1,370
2,20,none,116,116,1,0,343
2,20,"HV,RCL",117,117,1,2,337
2,20,none,118,119,2,0,343
2,20,RCL,120,120,1,1,370
2,20,"HV,RCL",121,121,1,2,337
2,20,none,122,123,2,0,343
2,20,HV,124,124,1,1,320
2,20,"HV,RCL",125,126,2,2,337
2,20,RCL,127,129,3,1,370
2,20,"HV,RCL",130,130,1,2,337
2,20,RCL,131,131,1,1,370
2,20,none,132,132,1,0,343
2,20,RCL,133,133,1,1,370
2,20,none,134,136,3,0,343
2,20,PC,137,137,1,1,344
2,20,"BV,HV,RCL",138,138,1,3,213
2,20,"HV,RCL",139,142,4,2,337
2,20,RCL,143,145,3,1,370
2,20,"HV,RCL",146,146,1,2,337
2,20,RCL,147,148,2,1,370
2,20,"HV,RCL",149,152,4,2,337
2,20,RCL,153,161,9,1,370
2,20,"HV,RCL",162,163,2,2,337
2,20,RCL,164,165,2,1,370
2,20,"HV,RCL",166,173,8,2,337
2,20,RCL,174,179,6,1,370
2,20,"HV,RCL",180,180,1,2,337
2,20,RCL,181,185,5,1,370
2,20,none,186,186,1,0,343
2,20,HV,187,187,1,1,320
2,20,none,188,195,8,0,343
2,20,RCL,196,197,2,1,370
2,20,none,198,199,2,0,343
2,20,RCL,200,201,2,1,370
2,20,"HV,RCL",202,202,1,2,337
2,20,"BV,HV,RCL",203,203,1,3,213
2,20,"HV,RCL",204,204,1,2,337
2,20,"GC,HV,RCL",205,205,1,3,296
2,20,"HV,RCL",206,207,2,2,337
2,20,RCL,208,209,2,1,370
2,20,"HV,RCL",210,211,2,2,337
2,20,RCL,212,228,17,1,370
2,20,"HV,RCL",229,231,3,2,337
2,20,RCL,232,232,1,1,370
2,20,"HV,RCL",233,233,1,2,337
2,20,RCL,234,235,2,1,370
2,20,"HV,RCL",236,237,2,2,337
2,20,RCL,238,244,7,1,370
2,20,"HV,RCL",245,246,2,2,337
2,20,RCL,247,255,9,1,370
2,20,"HV,RCL",256,256,1,2,337
2,20,"HV,RCL,RS",257,257,1,3,339
2,20,"RCL,RS",258,260,3,2,373
2,20,RCL,261,267,7,1,370
2,20,"RCL,RS",268,269,2,2,373
2,20,"HV,RCL,RS",270,270,1,3,339
2,20,"RCL,RS",271,277,7,2,373
2,20,RS,278,283,6,1,376
2,20,none,284,284,1,0,343
2,20,RS,285,287,3,1,376
2,20,"RCL,RS",288,288,1,2,373
2,20,RS,289,289,1,1,376
2,20,none,290,290,1,0,343
2,20,RS,291,296,6,1,376
2,20,none,297,298,2,0,343
2,20,RS,299,299,1,1,376
2,20,none,300,303,4,0,343
2,20,RS,304,304,1,1,376
2,20,none,305,319,15,0,343
2,20,RS,320,320,1,1,376
2,21,PC,53,53,1,1,344
2,21,none,54,55,2,0,343
2,21,PC,56,56,1,1,344
2,21,none,57,65,9,0,343
2,21,PC,66,66,1,1,344
2,21,none,67,79,13,0,343
2,21,PC,80,81,2,1,344
2,21,RS,82,82,1,1,376
2,21,"PC,RS",83,87,5,2,357
2,21,PC,88,88,1,1,344
2,21,"PC,RS",89,89,1,2,357
2,21,PC,90,90,1,1,344
2,21,"PC,RS",91,91,1,2,357
2,21,PC,92,93,2,1,344
2,21,"PC,RS",94,95,2,2,357
2,21,none,96,96,1,0,343
2,21,RS,97,97,1,1,376
2,21,"PC,RS",98,103,6,2,357
2,21,RS,104,107,4,1,376
2,21,none,108,111,4,0,343
2,21,RCL,112,112,1,1,370
2,21,none,113,124,12,0,343
2,21,RCL,125,125,1,1,370
2,21,none,126,127,2,0,343
2,21,RCL,128,129,2,1,370
2,21,"HV,PC,RCL",130,131,2,3,325
2,21,PC,132,133,2,1,344
2,21,"PC,RCL",134,136,3,2,351
2,21,none,137,138,2,0,343
2,21,RCL,139,139,1,1,370
2,21,"HV,PC",140,140,1,2,321
2,21,"HV,PC,RCL,RS",141,141,1,4,326
2,21,"HV,RCL",142,142,1,2,337
2,21,RCL,143,144,2,1,370
2,21,"PC,RCL",145,145,1,2,351
2,21,"HV,RCL",146,146,1,2,337
2,21,"HV,RCL,RS",147,148,2,3,339
2,21,"HV,RCL",149,149,1,2,337
2,21,"BV,HV,RCL",150,150,1,3,213
2,21,RCL,151,152,2,1,370
2,21,"HV,RCL",153,154,2,2,337
2,21,"BV,HV,RCL",155,156,2,3,213
2,21,"HV,RCL,RS",157,161,5,3,339
2,21,"GC,HV,RCL,RS",162,162,1,4,297
2,21,"HV,RCL,RS",163,163,1,3,339
2,21,"GC,HV,RCL,RS",164,164,1,4,297
2,21,"HV,RCL",165,165,1,2,337
2,21,"HV,RCL,RS",166,166,1,3,339
2,21,"BV,HV,RCL,RS",167,167,1,4,214
2,21,"BV,GC,HV,RCL,RS",168,168,1,5,199
2,21,"BV,HV,RCL,RS",169,169,1,4,214
2,21,"BV,GC,HV,RCL",170,170,1,4,198
2,21,"GC,HV,RCL",171,171,1,3,296
2,21,"HV,RCL",172,172,1,2,337
2,21,"HV,RCL,RS",173,173,1,3,339
2,21,"GC,HV,RCL,RS",174,176,3,4,297
2,21,"HV,RCL,RS",177,178,2,3,339
2,21,"AC,HV,RCL,RS",179,179,1,4,146
2,21,"AC,GC,HV,RCL,RS",180,181,2,5,122
2,21,"AC,HV,RCL,RS",182,182,1,4,146
2,21,"AC,GC,HV,RCL,RS",183,185,3,5,122
2,21,"AC,GC,HC,HV,RCL,RS",186,186,1,6,113
2,21,"AC,BW,GC,HC,HV,RCL,RS",187,187,1,7,78
2,21,"AC,GC,HC,HV,RCL,RS",188,188,1,6,113
2,21,"AC,HC,HV,RCL",189,189,1,4,133
2,21,"AC,GC,HV,RCL",190,191,2,4,121
2,21,"AC,GC,RCL",192,196,5,3,126
2,21,"AC,RCL",197,197,1,2,154
2,21,"AC,GC,HC,RCL",198,198,1,4,115
2,21,"AC,RCL",199,201,3,2,154
2,21,"AC,GC,RCL",202,204,3,3,126
2,21,"GC,RCL",205,205,1,2,302
2,21,"AC,HV,RCL",206,206,1,3,145
2,21,"HV,RCL",207,207,1,2,337
2,21,"AC,HV,RCL",208,214,7,3,145
2,21,"AC,HC,HV,RCL",215,215,1,4,133
2,21,"AC,HV,RCL",216,219,4,3,145
2,21,"GC,HV,RCL",220,220,1,3,296
2,21,"AC,GC,HV,RCL",221,221,1,4,121
2,21,"AC,HV,RCL",222,226,5,3,145
2,21,"HV,RCL",227,227,1,2,337
2,21,"AC,HV,RCL",228,231,4,3,145
2,21,RCL,232,236,5,1,370
2,21,"HV,RCL",237,240,4,2,337
2,21,"GC,HV,RCL",241,241,1,3,296
2,21,"HV,RCL",242,243,2,2,337
2,21,RCL,244,244,1,1,370
2,21,"HV,RCL",245,246,2,2,337
2,21,RCL,247,247,1,1,370
2,21,"HV,RCL",248,248,1,2,337
2,21,"RCL,RS",249,249,1,2,373
2,21,"HV,RCL,RS",250,252,3,3,339
2,21,"RCL,RS",253,256,4,2,373
2,21,"HV,RCL,RS",257,257,1,3,339
2,21,"HV,RS",258,258,1,2,342
2,21,"RCL,RS",259,260,2,2,373
2,21,RCL,261,261,1,1,370
2,21,"RCL,RS",262,264,3,2,373
2,21,RS,265,265,1,1,376
2,21,"RCL,RS",266,269,4,2,373
2,21,none,270,271,2,0,343
2,21,RS,272,274,3,1,376
2,21,none,275,283,9,0,343
2,21,RS,284,284,1,1,376
2,22,RS,25,25,1,1,376
2,22,none,26,26,1,0,343
2,22,RS,27,27,1,1,376
2,22,none,28,35,8,0,343
2,22,PC,36,36,1,1,344
2,22,none,37,44,8,0,343
2,22,PC,45,46,2,1,344
2,22,none,47,50,4,0,343
2,22,"PC,RS",51,51,1,2,357
2,22,PC,52,52,1,1,344
2,22,none,53,56,4,0,343
2,22,PC,57,57,1,1,344
2,22,"PC,RS",58,60,3,2,357
2,22,none,61,65,5,0,343
2,22,PC,66,67,2,1,344
2,22,"PC,RS",68,68,1,2,357
2,22,RS,69,69,1,1,376
2,22,PC,70,70,1,1,344
2,22,none,71,71,1,0,343
2,22,PC,72,72,1,1,344
2,22,"PC,RS",73,73,1,2,357
2,22,PC,74,74,1,1,344
2,22,"PC,RS",75,75,1,2,357
2,22,RS,76,76,1,1,376
2,22,none,77,77,1,0,343
2,22,"PC,RS",78,78,1,2,357
2,22,PC,79,79,1,1,344
2,22,"PC,RS",80,80,1,2,357
2,22,none,81,85,5,0,343
2,22,PC,86,86,1,1,344
2,22,none,87,87,1,0,343
2,22,PC,88,95,8,1,344
2,22,"PC,RS",96,96,1,2,357
2,22,PC,97,98,2,1,344
2,22,"PC,RS",99,100,2,2,357
2,22,PC,101,101,1,1,344
2,22,"PC,PT,RS",102,102,1,3,348
2,22,"PC,RS",103,104,2,2,357
2,22,"PC,RP,RS",105,105,1,3,356
2,22,"PC,RS",106,106,1,2,357
2,22,PC,107,108,2,1,344
2,22,"PC,RS",109,115,7,2,357
2,22,PC,116,116,1,1,344
2,22,RS,117,117,1,1,376
2,22,none,118,118,1,0,343
2,22,PC,119,119,1,1,344
2,22,none,120,120,1,0,343
2,22,PC,121,122,2,1,344
2,22,none,123,129,7,0,343
2,22,"PC,RCL",130,130,1,2,351
2,22,none,131,132,2,0,343
2,22,HV,133,133,1,1,320
2,22,AC,134,134,1,1,1
2,22,RCL,135,135,1,1,370
2,22,"AC,RCL",136,136,1,2,154
2,22,none,137,137,1,0,343
2,22,RCL,138,139,2,1,370
2,22,"AC,RCL",140,140,1,2,154
2,22,"AC,HV,RCL",141,141,1,3,145
2,22,none,142,142,1,0,343
2,22,"AC,RCL,RS",143,144,2,3,155
2,22,"AC,HV,RCL",145,145,1,3,145
2,22,"AC,HC,HV,RCL",146,146,1,4,133
2,22,"AC,HV,RCL",147,147,1,3,145
2,22,"HV,RCL",148,148,1,2,337
2,22,"AC,HV,RCL",149,151,3,3,145
2,22,"HV,RCL",152,152,1,2,337
2,22,"AC,HV,RCL",153,153,1,3,145
2,22,"HV,RCL",154,154,1,2,337
2,22,"AC,HV,RCL",155,159,5,3,145
2,22,"HV,RCL",160,161,2,2,337
2,22,"AC,HV,RCL",162,162,1,3,145
2,22,"HV,RCL",163,164,2,2,337
2,22,"AC,HV,RCL",165,166,2,3,145
2,22,RCL,167,190,24,1,370
2,22,"HV,RCL",191,191,1,2,337
2,22,RCL,192,207,16,1,370
2,22,none,208,210,3,0,343
2,22,RCL,211,214,4,1,370
2,22,none,215,256,42,0,343
2,22,HV,257,257,1,1,320
2,22,"HV,RS",258,259,2,2,342
2,22,RS,260,260,1,1,376
2,22,"BV,HV,RS",261,261,1,3,215
2,22,"BV,HV,RCL,RS",262,263,2,4,214
2,22,"HV,RCL,RS",264,274,11,3,339
2,22,"HV,RS",275,275,1,2,342
2,22,RS,276,278,3,1,376
2,22,none,279,279,1,0,343
2,22,RS,280,281,2,1,376
2,22,none,282,284,3,0,343
2,22,RS,285,290,6,1,376
2,22,"RCL,RS",291,291,1,2,373
2,22,RS,292,296,5,1,376
2,22,none,297,297,1,0,343
2,22,RS,298,298,1,1,376
2,22,none,299,301,3,0,343
2,22,RS,302,305,4,1,376
2,22,none,306,307,2,0,343
2,22,RS,308,308,1,1,376
2,22,none,309,314,6,0,343
2,22,RS,315,315,1,1,376
2,22,none,316,358,43,0,343
2,22,RCL,359,359,1,1,370
2,23,"HV,RP",55,55,1,2,340
2,23,none,56,79,24,0,343
2,23,RP,80,82,3,1,374
2,23,none,83,84,2,0,343
2,23,RP,85,86,2,1,374
2,23,none,87,87,1,0,343
2,23,RP,88,89,2,1,374
2,23,none,90,90,1,0,343
2,23,RP,91,91,1,1,374
2,23,RS,92,93,2,1,376
2,23,none,94,96,3,0,343
2,23,RS,97,98,2,1,376
2,23,none,99,119,21,0,343
2,23,"HV,RCL",120,120,1,2,337
2,23,none,121,124,4,0,343
2,23,RS,125,126,2,1,376
2,23,none,127,127,1,0,343
2,23,HV,128,128,1,1,320
2,23,none,129,130,2,0,343
2,23,"HV,RCL",131,131,1,2,337
2,23,HV,132,132,1,1,320
2,23,none,133,133,1,0,343
2,23,RCL,134,134,1,1,370
2,23,"HV,RCL",135,136,2,2,337
2,23,HV,137,137,1,1,320
2,23,"HV,RCL",138,139,2,2,337
2,23,none,140,141,2,0,343
2,23,RCL,142,142,1,1,370
2,23,none,143,143,1,0,343
2,23,HV,144,144,1,1,320
2,23,"HV,RCL",145,145,1,2,337
2,23,none,146,146,1,0,343
2,23,"HV,RCL",147,154,8,2,337
2,23,RCL,155,157,3,1,370
2,23,"GC,HV,RCL,RS",158,160,3,4,297
2,23,"HV,RCL,RS",161,162,2,3,339
2,23,"GC,HV,RCL,RS",163,163,1,4,297
2,23,"HV,RCL,RS",164,165,2,3,339
2,23,"GC,HV,RCL",166,167,2,3,296
2,23,"HV,RCL",168,183,16,2,337
2,23,"GC,HV,RCL",184,187,4,3,296
2,23,"HV,RCL",188,188,1,2,337
2,23,"BV,GC,HV,RCL",189,189,1,4,198
2,23,"GC,HV,RCL",190,192,3,3,296
2,23,"BV,GC,HV,RCL",193,193,1,4,198
2,23,"GC,HV,RCL",194,204,11,3,296
2,23,"GC,RCL",205,205,1,2,302
2,23,RCL,206,211,6,1,370
2,23,"HV,RCL",212,218,7,2,337
2,23,HV,219,219,1,1,320
2,23,none,220,284,65,0,343
2,23,RS,285,285,1,1,376
2,23,none,286,294,9,0,343
2,23,RS,295,300,6,1,376
2,23,none,301,304,4,0,343
2,23,RS,305,306,2,1,376
2,23,none,307,326,20,0,343
2,23,RS,327,328,2,1,376
2,24,HV,84,84,1,1,320
2,24,none,85,91,7,0,343
2,24,RS,92,92,1,1,376
2,24,none,93,99,7,0,343
2,24,HV,100,101,2,1,320
2,24,RS,102,102,1,1,376
2,24,RCL,103,103,1,1,370
2,24,none,104,104,1,0,343
2,24,RCL,105,105,1,1,370
2,24,RS,106,107,2,1,376
2,24,none,108,108,1,0,343
2,24,RS,109,109,1,1,376
2,24,"RCL,RS",110,110,1,2,373
2,24,"HV,RCL,RS",111,111,1,3,339
2,24,RS,112,114,3,1,376
2,24,HV,115,115,1,1,320
2,24,"HV,RCL",116,119,4,2,337
2,24,RCL,120,125,6,1,370
2,24,"HV,RCL",126,126,1,2,337
2,24,RCL,127,127,1,1,370
2,24,"HV,RCL,RS",128,132,5,3,339
2,24,"BW,HV,RCL,RS",133,133,1,4,257
2,24,"HV,RCL,RS",134,137,4,3,339
2,24,"RCL,RS",138,139,2,2,373
2,24,"HV,RCL,RS",140,146,7,3,339
2,24,"GC,HC,HV,RCL,RS",147,148,2,5,285
2,24,"HV,RCL,RS",149,149,1,3,339
2,24,"BV,HV,RCL,RS",150,150,1,4,214
2,24,"HV,RCL,RS",151,151,1,3,339
2,24,"GC,HV,RCL,RS",152,152,1,4,297
2,24,"HV,RCL,RS",153,155,3,3,339
2,24,"GC,HV,RCL",156,156,1,3,296
2,24,"HV,RCL",157,157,1,2,337
2,24,"AC,HV,RCL",158,158,1,3,145
2,24,"HV,RCL",159,160,2,2,337
2,24,"HV,RCL,RS",161,161,1,3,339
2,24,"AC,GC,HV,RCL,RS",162,162,1,5,122
2,24,"AC,HV,RCL,RS",163,163,1,4,146
2,24,"HV,RCL,RS",164,164,1,3,339
2,24,"AC,HV,RCL,RS",165,165,1,4,146
2,24,"AC,GC,HV,RCL,RS",166,167,2,5,122
2,24,"AC,GC,HV,RCL",168,168,1,4,121
2,24,"GC,HV,RCL",169,170,2,3,296
2,24,"HV,RCL",171,171,1,2,337
2,24,"AC,GC,HV,RCL",172,175,4,4,121
2,24,"HV,RCL",176,176,1,2,337
2,24,"AC,GC,HV,RCL,RS",177,177,1,5,122
2,24,"HV,RCL",178,178,1,2,337
2,24,"GC,HV,RCL,RS",179,179,1,4,297
2,24,"GC,HV,RCL",180,180,1,3,296
2,24,"GC,HV,RCL,RS",181,182,2,4,297
2,24,"GC,HV,RCL",183,183,1,3,296
2,24,"GC,HV,RCL,RS",184,184,1,4,297
2,24,"AC,HV,RCL,RS",185,185,1,4,146
2,24,"AC,GC,HV,RCL,RS",186,186,1,5,122
2,24,"AC,HV,RCL",187,187,1,3,145
2,24,"AC,GC,HV,RCL",188,188,1,4,121
2,24,"AC,HV,RCL",189,189,1,3,145
2,24,"AC,HV",190,190,1,2,141
2,24,"AC,HV,RCL",191,192,2,3,145
2,24,"AC,HV",193,194,2,2,141
2,24,"AC,HV,RCL",195,198,4,3,145
2,24,"HV,RCL",199,202,4,2,337
2,24,RCL,203,204,2,1,370
2,24,"GC,RCL",205,205,1,2,302
2,24,RCL,206,209,4,1,370
2,24,none,210,210,1,0,343
2,24,RCL,211,211,1,1,370
2,24,HV,212,212,1,1,320
2,24,RCL,213,213,1,1,370
2,24,none,214,214,1,0,343
2,24,RCL,215,215,1,1,370
2,24,none,216,216,1,0,343
2,24,HV,217,217,1,1,320
2,24,"AC,BV,GC,HV,RCL,RS",218,219,2,6,52
2,24,"AC,BV,HV,RCL,RS",220,220,1,5,67
2,24,"AC,BV,HV,RS",221,221,1,4,68
2,24,"AC,HV,RCL,RS",222,223,2,4,146
2,24,"AC,HV,RCL",224,225,2,3,145
2,24,"HV,RCL",226,226,1,2,337
2,24,"HV,RS",227,227,1,2,342
2,24,"HV,RCL",228,230,3,2,337
2,24,"HV,RS",231,231,1,2,342
2,24,"HV,RCL,RS",232,235,4,3,339
2,24,"GC,HV,RCL,RS",236,236,1,4,297
2,24,HV,237,237,1,1,320
2,24,"AC,HV",238,238,1,2,141
2,24,"AC,HV,RCL",239,239,1,3,145
2,24,"AC,HV",240,240,1,2,141
2,24,HV,241,241,1,1,320
2,24,"AC,HV",242,242,1,2,141
2,24,HV,243,243,1,1,320
2,24,"AC,HV",244,245,2,2,141
2,24,HV,246,248,3,1,320
2,24,"AC,HV",249,249,1,2,141
2,24,HV,250,252,3,1,320
2,24,none,253,255,3,0,343
2,24,RS,256,256,1,1,376
2,24,none,257,266,10,0,343
2,24,RS,267,267,1,1,376
2,24,HV,268,268,1,1,320
2,24,none,269,271,3,0,343
2,24,RS,272,273,2,1,376
2,24,RCL,274,274,1,1,370
2,24,none,275,275,1,0,343
2,24,RS,276,276,1,1,376
2,24,none,277,281,5,0,343
2,24,RS,282,283,2,1,376
2,24,none,284,286,3,0,343
2,24,RS,287,288,2,1,376
2,24,none,289,289,1,0,343
2,24,RS,290,290,1,1,376
2,24,none,291,292,2,0,343
2,24,RS,293,298,6,1,376
2,24,none,299,300,2,0,343
2,24,RS,301,304,4,1,376
2,24,none,305,309,5,0,343
2,24,RS,310,311,2,1,376
2,24,none,312,347,36,0,343
2,24,RS,348,348,1,1,376
3,1,RS,72,73,2,1,376
3,1,none,74,78,5,0,343
3,1,RS,79,80,2,1,376
3,1,none,81,85,5,0,343
3,1,"PC,RS",86,87,2,2,357
3,1,none,88,92,5,0,343
3,1,RS,93,93,1,1,376
3,1,PC,94,94,1,1,344
3,1,none,95,99,5,0,343
3,1,"PC,RS",100,101,2,2,357
3,1,none,102,107,6,0,343
3,1,"PC,RS",108,111,4,2,357
3,1,RS,112,119,8,1,376
3,1,"HV,RS",120,120,1,2,342
3,1,RS,121,121,1,1,376
3,1,"HV,RS",122,122,1,2,342
3,1,HV,123,125,3,1,320
3,1,"BW,HV",126,126,1,2,248
3,1,HV,127,127,1,1,320
3,1,none,128,128,1,0,343
3,1,"PC,RS",129,129,1,2,357
3,1,HV,130,132,3,1,320
3,1,RS,133,133,1,1,376
3,1,none,134,155,22,0,343
3,1,HV,156,159,4,1,320
3,1,"BW,HV",160,160,1,2,248
3,1,HV,161,161,1,1,320
3,1,none,162,162,1,0,343
3,1,HV,163,165,3,1,320
3,1,"BW,HV",166,166,1,2,248
3,1,HV,167,167,1,1,320
3,1,none,168,172,5,0,343
3,1,HV,173,174,2,1,320
3,1,"BW,HV",175,175,1,2,248
3,1,HV,176,177,2,1,320
3,1,none,178,178,1,0,343
3,1,HV,179,181,3,1,320
3,1,"BW,HV",182,182,1,2,248
3,1,"BW,HC,HV",183,183,1,3,239
3,1,"BW,HV",184,184,1,2,248
3,1,"BW,HC,HV",185,185,1,3,239
3,1,"BW,HC,HV,RS",186,186,1,4,244
3,1,"BW,GC,HV,RS",187,187,1,4,233
3,1,"GC,HV",188,189,2,2,289
3,1,"BW,GC,HV,RS",190,190,1,4,233
3,1,"GC,HV",191,192,2,2,289
3,1,"BW,GC,HV",193,193,1,3,228
3,1,"GC,HV,RS",194,194,1,3,298
3,1,"HV,RS",195,196,2,2,342
3,1,"GC,HV,RS",197,197,1,3,298
3,1,"GC,HV",198,198,1,2,289
3,1,HV,199,199,1,1,320
3,1,"HV,RS",200,200,1,2,342
3,1,HV,201,210,10,1,320
3,1,"GC,HV",211,211,1,2,289
3,1,HV,212,217,6,1,320
3,1,none,218,218,1,0,343
3,1,HV,219,222,4,1,320
3,1,none,223,223,1,0,343
3,1,HV,224,224,1,1,320
3,1,none,225,233,9,0,343
3,1,HV,234,238,5,1,320
3,1,none,239,239,1,0,343
3,1,HV,240,241,2,1,320
3,1,none,242,244,3,0,343
3,1,HV,245,245,1,1,320
3,1,none,246,246,1,0,343
3,1,HV,247,251,5,1,320
3,1,none,252,255,4,0,343
3,1,HV,256,257,2,1,320
3,1,none,258,264,7,0,343
3,1,HV,265,265,1,1,320
3,1,none,266,281,16,0,343
3,1,RS,282,283,2,1,376
3,1,none,284,284,1,0,343
3,1,RS,285,286,2,1,376
3,1,none,287,299,13,0,343
3,1,RS,300,302,3,1,376
3,1,none,303,304,2,0,343
3,1,RS,305,311,7,1,376
3,1,none,312,312,1,0,343
3,1,RS,313,315,3,1,376
3,2,RS,8,15,8,1,376
3,2,none,16,42,27,0,343
3,2,RS,43,44,2,1,376
3,2,none,45,78,34,0,343
3,2,RS,79,80,2,1,376
3,2,none,81,96,16,0,343
3,2,RS,97,97,1,1,376
3,2,none,98,113,16,0,343
3,2,RS,114,114,1,1,376
3,2,none,115,123,9,0,343
3,2,PC,124,124,1,1,344
3,2,"HV,PC,RS",125,126,2,3,328
3,2,RS,127,127,1,1,376
3,2,none,128,133,6,0,343
3,2,HV,134,135,2,1,320
3,2,none,136,155,20,0,343
3,2,HV,156,156,1,1,320
3,2,none,157,162,6,0,343
3,2,HV,163,163,1,1,320
3,2,none,164,174,11,0,343
3,2,HV,175,176,2,1,320
3,2,"BV,HV",177,177,1,2,207
3,2,none,178,197,20,0,343
3,2,HV,198,198,1,1,320
3,2,none,199,214,16,0,343
3,2,HV,215,215,1,1,320
3,2,none,216,222,7,0,343
3,2,HV,223,225,3,1,320
3,2,none,226,227,2,0,343
3,2,HV,228,228,1,1,320
3,2,none,229,232,4,0,343
3,2,HV,233,233,1,1,320
3,2,none,234,251,18,0,343
3,2,HV,252,252,1,1,320
3,2,none,253,322,70,0,343
3,2,RS,323,324,2,1,376
3,2,none,325,328,4,0,343
3,2,RS,329,331,3,1,376
3,2,none,332,333,2,0,343
3,2,RS,334,334,1,1,376
3,2,none,335,337,3,0,343
3,2,RS,338,340,3,1,376
3,3,PT,28,28,1,1,358
3,3,none,29,79,51,0,343
3,3,RS,80,83,4,1,376
3,3,none,84,91,8,0,343
3,3,RS,92,93,2,1,376
3,3,none,94,122,29,0,343
3,3,HV,123,124,2,1,320
3,3,none,125,155,31,0,343
3,3,HV,156,156,1,1,320
3,3,none,157,162,6,0,343
3,3,HV,163,163,1,1,320
3,3,none,164,165,2,0,343
3,3,HV,166,166,1,1,320
3,3,none,167,172,6,0,343
3,3,HV,173,173,1,1,320
3,3,none,174,189,16,0,343
3,3,HV,190,202,13,1,320
3,3,none,203,212,10,0,343
3,3,HV,213,214,2,1,320
3,3,none,215,218,4,0,343
3,3,HV,219,220,2,1,320
3,3,none,221,230,10,0,343
3,3,HV,231,238,8,1,320
3,3,none,239,250,12,0,343
3,3,HV,251,251,1,1,320
3,3,none,252,261,10,0,343
3,3,RS,262,262,1,1,376
3,3,none,263,265,3,0,343
3,3,RS,266,266,1,1,376
3,3,none,267,269,3,0,343
3,3,HV,270,270,1,1,320
3,3,"HV,RS",271,271,1,2,342
3,3,RS,272,278,7,1,376
3,3,none,279,281,3,0,343
3,3,RS,282,283,2,1,376
3,3,none,284,287,4,0,343
3,3,RS,288,288,1,1,376
3,3,none,289,291,3,0,343
3,3,RS,292,293,2,1,376
3,4,PT,116,116,1,1,358
3,4,none,117,142,26,0,343
3,4,"HV,RS",143,143,1,2,342
3,4,none,144,146,3,0,343
3,4,"BW,HV,RS",147,147,1,3,259
3,4,"HV,RS",148,150,3,2,342
3,4,"GC,HV,RCL,RS",151,151,1,4,297
3,4,"HV,RS",152,153,2,2,342
3,4,"HV,RCA,RS",154,154,1,3,336
3,4,"HV,RS",155,155,1,2,342
3,4,RS,156,156,1,1,376
3,4,"HV,RS",157,161,5,2,342
3,4,"HV,RCL,RS",162,163,2,3,339
3,4,"HV,RS",164,168,5,2,342
3,4,RS,169,169,1,1,376
3,4,none,170,172,3,0,343
3,4,RCL,173,174,2,1,370
3,4,none,175,180,6,0,343
3,4,HV,181,181,1,1,320
3,4,"HV,RCL",182,182,1,2,337
3,4,HV,183,183,1,1,320
3,4,"HV,RCL",184,184,1,2,337
3,4,none,185,185,1,0,343
3,4,HV,186,190,5,1,320
3,4,none,191,222,32,0,343
3,4,HV,223,223,1,1,320
3,4,none,224,236,13,0,343
3,4,"HV,RCL",237,240,4,2,337
3,4,HV,241,245,5,1,320
3,4,none,246,259,14,0,343
3,4,HV,260,262,3,1,320
3,4,none,263,270,8,0,343
3,4,RS,271,275,5,1,376
3,4,none,276,285,10,0,343
3,4,RCA,286,286,1,1,366
3,4,none,287,290,4,0,343
3,4,RS,291,291,1,1,376
3,4,none,292,295,4,0,343
3,4,RS,296,298,3,1,376
3,4,none,299,303,5,0,343
3,4,RS,304,306,3,1,376
3,4,none,307,308,2,0,343
3,4,"RCA,RS",309,309,1,2,369
3,4,RS,310,311,2,1,376
3,4,none,312,312,1,0,343
3,4,RS,313,313,1,1,376
3,4,none,314,333,20,0,343
3,4,RS,334,336,3,1,376
3,4,none,337,350,14,0,343
3,4,RS,351,355,5,1,376
3,5,RS,27,27,1,1,376
3,5,none,28,28,1,0,343
3,5,PC,29,29,1,1,344
3,5,none,30,65,36,0,343
3,5,RS,66,73,8,1,376
3,5,none,74,80,7,0,343
3,5,PC,81,81,1,1,344
3,5,none,82,83,2,0,343
3,5,RS,84,85,2,1,376
3,5,none,86,90,5,0,343
3,5,RS,91,92,2,1,376
3,5,none,93,127,35,0,343
3,5,HV,128,128,1,1,320
3,5,none,129,153,25,0,343
3,5,RCL,154,154,1,1,370
3,5,"HV,RCL",155,158,4,2,337
3,5,none,159,159,1,0,343
3,5,RCL,160,160,1,1,370
3,5,none,161,161,1,0,343
3,5,RCL,162,168,7,1,370
3,5,"BV,RCL",169,169,1,2,217
3,5,RCL,170,176,7,1,370
3,5,none,177,184,8,0,343
3,5,"BV,HV",185,186,2,2,207
3,5,"BV,BW,HV",187,187,1,3,180
3,5,"BV,HV",188,188,1,2,207
3,5,HV,189,189,1,1,320
3,5,BV,190,190,1,1,158
3,5,none,191,192,2,0,343
3,5,HV,193,193,1,1,320
3,5,none,194,294,101,0,343
3,5,RS,295,296,2,1,376
3,5,none,297,298,2,0,343
3,5,RS,299,299,1,1,376
3,6,HV,217,218,2,1,320
3,6,none,219,289,71,0,343
3,6,RS,290,290,1,1,376
3,6,none,291,291,1,0,343
3,6,RS,292,292,1,1,376
3,6,none,293,293,1,0,343
3,6,RS,294,294,1,1,376
3,6,none,295,310,16,0,343
3,6,RS,311,311,1,1,376
3,6,none,312,312,1,0,343
3,6,RS,313,313,1,1,376
3,6,none,314,317,4,0,343
3,6,RS,318,318,1,1,376
3,7,RS,54,54,1,1,376
3,7,none,55,64,10,0,343
3,7,RS,65,66,2,1,376
3,7,none,67,112,46,0,343
3,7,RS,113,113,1,1,376
3,7,none,114,212,99,0,343
3,7,"GC,HV",213,213,1,2,289
3,7,"BV,GC,HC,HV,RS",214,214,1,5,193
3,7,"BV,HV,RS",215,215,1,3,215
3,7,"HC,HV",216,216,1,2,306
3,7,"HC,HV,RS",217,219,3,3,312
3,7,HV,220,221,2,1,320
3,7,"HV,RS",222,225,4,2,342
3,7,HV,226,230,5,1,320
3,7,RS,231,231,1,1,376
3,7,HV,232,239,8,1,320
3,7,"HV,RS",240,242,3,2,342
3,7,HV,243,247,5,1,320
3,7,none,248,248,1,0,343
3,7,HV,249,249,1,1,320
3,7,none,250,255,6,0,343
3,7,HV,256,257,2,1,320
3,7,none,258,277,20,0,343
3,7,RS,278,278,1,1,376
3,7,none,279,289,11,0,343
3,7,RS,290,291,2,1,376
3,7,none,292,298,7,0,343
3,7,RS,299,299,1,1,376
3,8,PT,48,48,1,1,358
3,8,none,49,54,6,0,343
3,8,PT,55,55,1,1,358
3,8,none,56,61,6,0,343
3,8,PT,62,63,2,1,358
3,8,none,64,67,4,0,343
3,8,PT,68,78,11,1,358
3,8,"PT,RS",79,79,1,2,365
3,8,none,80,80,1,0,343
3,8,RS,81,81,1,1,376
3,8,none,82,82,1,0,343
3,8,PT,83,83,1,1,358
3,8,none,84,87,4,0,343
3,8,RS,88,89,2,1,376
3,8,"PT,RS",90,91,2,2,365
3,8,PT,92,92,1,1,358
3,8,none,93,95,3,0,343
3,8,RS,96,96,1,1,376
3,8,"PT,RS",97,97,1,2,365
3,8,PT,98,98,1,1,358
3,8,"PT,RS",99,99,1,2,365
3,8,none,100,108,9,0,343
3,8,RS,109,109,1,1,376
3,8,none,110,121,12,0,343
3,8,PT,122,122,1,1,358
3,8,none,123,162,40,0,343
3,8,"BV,HV",163,163,1,2,207
3,8,HV,164,164,1,1,320
3,8,BV,165,165,1,1,158
3,8,"BV,HV",166,166,1,2,207
3,8,none,167,188,22,0,343
3,8,"BV,HV",189,189,1,2,207
3,8,HC,190,190,1,1,305
3,8,none,191,194,4,0,343
3,8,HC,195,195,1,1,305
3,8,none,196,198,3,0,343
3,8,HC,199,200,2,1,305
3,8,none,201,203,3,0,343
3,8,RCL,204,207,4,1,370
3,8,"HV,RCL",208,208,1,2,337
3,8,RCL,209,209,1,1,370
3,8,none,210,232,23,0,343
3,8,RCL,233,235,3,1,370
3,8,none,236,236,1,0,343
3,8,RCL,237,237,1,1,370
3,8,none,238,250,13,0,343
3,8,HV,251,253,3,1,320
3,8,none,254,254,1,0,343
3,8,"HV,RCL",255,255,1,2,337
3,8,RCL,256,257,2,1,370
3,8,"HV,RCL",258,259,2,2,337
3,8,"HV,RS",260,260,1,2,342
3,8,"HV,RCL,RS",261,261,1,3,339
3,8,"HV,RCL",262,263,2,2,337
3,8,"HV,RCL,RS",264,264,1,3,339
3,8,"HV,RCL",265,267,3,2,337
3,8,RCL,268,270,3,1,370
3,8,"RCL,RS",271,271,1,2,373
3,8,HV,272,272,1,1,320
3,8,RS,273,273,1,1,376
3,8,RCL,274,276,3,1,370
3,8,none,277,284,8,0,343
3,8,RS,285,287,3,1,376
3,8,none,288,288,1,0,343
3,8,RS,289,296,8,1,376
3,9,PT,69,69,1,1,358
3,9,none,70,70,1,0,343
3,9,PT,71,71,1,1,358
3,9,none,72,101,30,0,343
3,9,PT,102,103,2,1,358
3,9,none,104,110,7,0,343
3,9,PT,111,111,1,1,358
3,9,none,112,112,1,0,343
3,9,PT,113,113,1,1,358
3,9,none,114,119,6,0,343
3,9,PT,120,120,1,1,358
3,9,none,121,134,14,0,343
3,9,HV,135,135,1,1,320
3,9,RS,136,136,1,1,376
3,9,none,137,143,7,0,343
3,9,HV,144,145,2,1,320
3,9,none,146,152,7,0,343
3,9,HV,153,157,5,1,320
3,9,none,158,172,15,0,343
3,9,HV,173,173,1,1,320
3,9,BV,174,174,1,1,158
3,9,none,175,177,3,0,343
3,9,BV,178,180,3,1,158
3,9,none,181,186,6,0,343
3,9,BV,187,187,1,1,158
3,9,none,188,195,8,0,343
3,9,HC,196,196,1,1,305
3,9,none,197,199,3,0,343
3,9,HC,200,200,1,1,305
3,9,none,201,201,1,0,343
3,9,"BV,HV",202,202,1,2,207
3,9,none,203,205,3,0,343
3,9,HV,206,206,1,1,320
3,9,HC,207,209,3,1,305
3,9,none,210,216,7,0,343
3,9,HC,217,217,1,1,305
3,9,none,218,233,16,0,343
3,9,HV,234,234,1,1,320
3,9,"HC,HV",235,235,1,2,306
3,9,none,236,237,2,0,343
3,9,HV,238,238,1,1,320
3,9,none,239,240,2,0,343
3,9,HV,241,241,1,1,320
3,9,none,242,242,1,0,343
3,9,HC,243,243,1,1,305
3,9,none,244,266,23,0,343
3,9,"HV,RS",267,267,1,2,342
3,9,HV,268,268,1,1,320
3,9,RS,269,269,1,1,376
3,9,none,270,270,1,0,343
3,9,RS,271,271,1,1,376
3,9,"RCL,RS",272,274,3,2,373
3,9,RCL,275,276,2,1,370
3,9,"RCL,RS",277,277,1,2,373
3,9,"HV,RCL",278,278,1,2,337
3,9,RCL,279,281,3,1,370
3,9,none,282,283,2,0,343
3,9,"HV,RCL",284,284,1,2,337
3,9,RCL,285,285,1,1,370
3,9,"RCL,RS",286,286,1,2,373
3,9,RS,287,287,1,1,376
3,9,RCL,288,288,1,1,370
3,9,RS,289,289,1,1,376
3,9,none,290,312,23,0,343
3,9,RS,313,316,4,1,376
3,9,none,317,321,5,0,343
3,9,RS,322,324,3,1,376
3,9,none,325,325,1,0,343
3,9,RS,326,326,1,1,376
3,9,none,327,329,3,0,343
3,9,RS,330,332,3,1,376
3,9,none,333,337,5,0,343
3,9,RS,338,338,1,1,376
3,10,PT,10,10,1,1,358
3,10,none,11,46,36,0,343
3,10,PT,47,47,1,1,358
3,10,none,48,61,14,0,343
3,10,PT,62,62,1,1,358
3,10,none,63,65,3,0,343
3,10,PT,66,68,3,1,358
3,10,none,69,69,1,0,343
3,10,PT,70,70,1,1,358
3,10,none,71,76,6,0,343
3,10,"PT,RS",77,77,1,2,365
3,10,"PT,RP",78,78,1,2,363
3,10,"PT,RS",79,79,1,2,365
3,10,RS,80,80,1,1,376
3,10,none,81,82,2,0,343
3,10,PT,83,85,3,1,358
3,10,"PT,RS",86,86,1,2,365
3,10,PT,87,88,2,1,358
3,10,"PT,RS",89,89,1,2,365
3,10,PT,90,90,1,1,358
3,10,RS,91,93,3,1,376
3,10,PT,94,94,1,1,358
3,10,"PT,RS",95,95,1,2,365
3,10,RS,96,96,1,1,376
3,10,PT,97,97,1,1,358
3,10,none,98,101,4,0,343
3,10,PT,102,102,1,1,358
3,10,none,103,104,2,0,343
3,10,PT,105,105,1,1,358
3,10,none,106,157,52,0,343
3,10,RCL,158,159,2,1,370
3,10,none,160,164,5,0,343
3,10,RCL,165,166,2,1,370
3,10,none,167,174,8,0,343
3,10,RCL,175,175,1,1,370
3,10,RS,176,176,1,1,376
3,10,none,177,177,1,0,343
3,10,RCL,178,178,1,1,370
3,10,none,179,187,9,0,343
3,10,"BV,HV",188,189,2,2,207
3,10,HV,190,191,2,1,320
3,10,none,192,201,10,0,343
3,10,HV,202,202,1,1,320
3,10,none,203,209,7,0,343
3,10,"BV,HV",210,210,1,2,207
3,10,HV,211,211,1,1,320
3,10,none,212,271,60,0,343
3,10,RS,272,272,1,1,376
3,10,none,273,276,4,0,343
3,10,RS,277,281,5,1,376
3,10,none,282,282,1,0,343
3,10,RS,283,295,13,1,376
3,10,none,296,363,68,0,343
3,10,RS,364,364,1,1,376
3,11,PC,68,68,1,1,344
3,11,none,69,143,75,0,343
3,11,RS,144,144,1,1,376
3,11,none,145,145,1,0,343
3,11,"HV,RS",146,146,1,2,342
3,11,RS,147,147,1,1,376
3,11,none,148,156,9,0,343
3,11,HV,157,157,1,1,320
3,11,none,158,158,1,0,343
3,11,"BW,HV",159,159,1,2,248
3,11,none,160,163,4,0,343
3,11,"BW,HV",164,164,1,2,248
3,11,BW,165,166,2,1,220
3,11,none,167,289,123,0,343
3,11,"RCL,RS",290,290,1,2,373
3,11,RS,291,292,2,1,376
3,11,none,293,293,1,0,343
3,11,RS,294,294,1,1,376
3,11,none,295,295,1,0,343
3,11,RS,296,296,1,1,376
3,12,RS,95,95,1,1,376
3,12,"AC,RS",96,96,1,2,157
3,12,"AC,PC,RS",97,97,1,3,149
3,12,RS,98,102,5,1,376
3,12,"PC,RS",103,103,1,2,357
3,12,RS,104,108,5,1,376
3,12,none,109,113,5,0,343
3,12,HC,114,114,1,1,305
3,12,none,115,120,6,0,343
3,12,RCL,121,132,12,1,370
3,12,none,133,153,21,0,343
3,12,RS,154,154,1,1,376
3,12,none,155,184,30,0,343
3,12,HV,185,185,1,1,320
3,12,none,186,191,6,0,343
3,12,HV,192,192,1,1,320
3,12,none,193,239,47,0,343
3,12,RS,240,240,1,1,376
3,12,none,241,244,4,0,343
3,12,RS,245,249,5,1,376
3,12,none,250,252,3,0,343
3,12,RS,253,253,1,1,376
3,12,none,254,256,3,0,343
3,12,RS,257,257,1,1,376
3,12,none,258,262,5,0,343
3,12,RS,263,265,3,1,376
3,12,none,266,268,3,0,343
3,12,RS,269,269,1,1,376
3,12,none,270,270,1,0,343
3,12,RS,271,280,10,1,376
3,12,none,281,282,2,0,343
3,12,RS,283,283,1,1,376
3,12,none,284,285,2,0,343
3,12,"RCL,RS",286,291,6,2,373
3,12,RCL,292,292,1,1,370
3,12,none,293,293,1,0,343
3,12,RCL,294,294,1,1,370
3,12,RS,295,295,1,1,376
3,12,none,296,298,3,0,343
3,12,RS,299,299,1,1,376
3,12,none,300,300,1,0,343
3,12,RS,301,306,6,1,376
3,12,none,307,307,1,0,343
3,12,RS,308,309,2,1,376
3,12,none,310,311,2,0,343
3,12,RS,312,312,1,1,376
3,13,"PC,RS",4,4,1,2,357
3,13,PC,5,5,1,1,344
3,13,none,6,8,3,0,343
3,13,PC,9,9,1,1,344
3,13,none,10,27,18,0,343
3,13,PT,28,28,1,1,358
3,13,none,29,35,7,0,343
3,13,PT,36,36,1,1,358
3,13,none,37,50,14,0,343
3,13,PT,51,51,1,1,358
3,13,none,52,54,3,0,343
3,13,RS,55,55,1,1,376
3,13,PT,56,56,1,1,358
3,13,none,57,58,2,0,343
3,13,PT,59,60,2,1,358
3,13,none,61,61,1,0,343
3,13,PT,62,62,1,1,358
3,13,none,63,63,1,0,343
3,13,PT,64,65,2,1,358
3,13,none,66,66,1,0,343
3,13,"PT,RS",67,69,3,2,365
3,13,RS,70,70,1,1,376
3,13,none,71,71,1,0,343
3,13,RS,72,72,1,1,376
3,13,none,73,74,2,0,343
3,13,"PT,RS",75,76,2,2,365
3,13,none,77,77,1,0,343
3,13,PT,78,78,1,1,358
3,13,none,79,80,2,0,343
3,13,PT,81,82,2,1,358
3,13,none,83,85,3,0,343
3,13,PT,86,86,1,1,358
3,13,none,87,94,8,0,343
3,13,PT,95,95,1,1,358
3,13,"PT,RS",96,96,1,2,365
3,13,PT,97,102,6,1,358
3,13,none,103,104,2,0,343
3,13,PT,105,105,1,1,358
3,13,none,106,106,1,0,343
3,13,PT,107,107,1,1,358
3,13,none,108,117,10,0,343
3,13,RS,118,118,1,1,376
3,13,"PT,RS",119,119,1,2,365
3,13,none,120,120,1,0,343
3,13,RS,121,123,3,1,376
3,13,none,124,147,24,0,343
3,13,RS,148,148,1,1,376
3,13,none,149,162,14,0,343
3,13,RS,163,163,1,1,376
3,13,HV,164,168,5,1,320
3,13,"BV,HV",169,170,2,2,207
3,13,none,171,172,2,0,343
3,13,HV,173,173,1,1,320
3,13,"BV,HV",174,175,2,2,207
3,13,BV,176,176,1,1,158
3,13,HV,177,179,3,1,320
3,13,"BV,HV",180,183,4,2,207
3,13,none,184,185,2,0,343
3,13,HV,186,195,10,1,320
3,13,none,196,196,1,0,343
3,13,"BV,HV",197,199,3,2,207
3,13,HV,200,205,6,1,320
3,13,none,206,217,12,0,343
3,13,RCL,218,218,1,1,370
3,13,none,219,251,33,0,343
3,13,RS,252,252,1,1,376
3,13,none,253,253,1,0,343
3,13,RS,254,260,7,1,376
3,13,none,261,263,3,0,343
3,13,RS,264,265,2,1,376
3,13,none,266,278,13,0,343
3,13,RS,279,280,2,1,376
3,13,none,281,281,1,0,343
3,13,RS,282,284,3,1,376
3,13,none,285,285,1,0,343
3,13,RS,286,287,2,1,376
3,13,none,288,288,1,0,343
3,13,RS,289,303,15,1,376
3,13,none,304,304,1,0,343
3,13,RS,305,308,4,1,376
3,13,none,309,311,3,0,343
3,13,RS,312,312,1,1,376
3,13,none,313,313,1,0,343
3,13,RS,314,314,1,1,376
3,13,none,315,315,1,0,343
3,13,RS,316,317,2,1,376
3,13,none,318,330,13,0,343
3,13,RS,331,331,1,1,376
3,14,RS,101,101,1,1,376
3,14,none,102,102,1,0,343
3,14,RS,103,103,1,1,376
3,14,none,104,104,1,0,343
3,14,RS,105,110,6,1,376
3,14,none,111,113,3,0,343
3,14,RS,114,115,2,1,376
3,14,none,116,116,1,0,343
3,14,RS,117,117,1,1,376
3,14,none,118,154,37,0,343
3,14,"HV,RS",155,155,1,2,342
3,14,"RCL,RS",156,158,3,2,373
3,14,"HV,RCL",159,159,1,2,337
3,14,RCL,160,162,3,1,370
3,14,"RCL,RS",163,163,1,2,373
3,14,"HV,RCL",164,166,3,2,337
3,14,RCL,167,167,1,1,370
3,14,"HV,RCL",168,168,1,2,337
3,14,RCL,169,173,5,1,370
3,14,"HV,RCL",174,174,1,2,337
3,14,"HV,RCL,RS",175,176,2,3,339
3,14,"GC,HV,RCL",177,177,1,3,296
3,14,"GC,RCL",178,178,1,2,302
3,14,"GC,HV,RCL",179,180,2,3,296
3,14,"HV,RCL",181,186,6,2,337
3,14,HV,187,187,1,1,320
3,14,"HV,RCL",188,204,17,2,337
3,14,"BV,HV,RCL",205,205,1,3,213
3,14,"HV,RCL",206,213,8,2,337
3,14,HV,214,223,10,1,320
3,14,none,224,224,1,0,343
3,14,HV,225,226,2,1,320
3,14,none,227,227,1,0,343
3,14,HV,228,231,4,1,320
3,14,"HV,RS",232,239,8,2,342
3,14,RS,240,240,1,1,376
3,14,"HV,RS",241,252,12,2,342
3,14,RS,253,253,1,1,376
3,14,"HV,RS",254,254,1,2,342
3,14,RS,255,291,37,1,376
3,14,none,292,292,1,0,343
3,14,RS,293,295,3,1,376
3,14,none,296,297,2,0,343
3,14,RS,298,298,1,1,376
3,14,none,299,304,6,0,343
3,14,RS,305,305,1,1,376
3,14,none,306,306,1,0,343
3,14,RS,307,307,1,1,376
3,14,none,308,315,8,0,343
3,14,RS,316,316,1,1,376
3,15,PT,50,52,3,1,358
3,15,none,53,53,1,0,343
3,15,PT,54,55,2,1,358
3,15,none,56,56,1,0,343
3,15,PT,57,58,2,1,358
3,15,none,59,64,6,0,343
3,15,PT,65,66,2,1,358
3,15,none,67,67,1,0,343
3,15,PT,68,69,2,1,358
3,15,none,70,71,2,0,343
3,15,PT,72,72,1,1,358
3,15,"PT,RS",73,73,1,2,365
3,15,none,74,75,2,0,343
3,15,PT,76,77,2,1,358
3,15,"PT,RS",78,80,3,2,365
3,15,none,81,85,5,0,343
3,15,RS,86,86,1,1,376
3,15,"PT,RS",87,90,4,2,365
3,15,none,91,92,2,0,343
3,15,"PT,RS",93,98,6,2,365
3,15,"PC,PT,RS",99,100,2,3,348
3,15,"HV,PC,PT,RS",101,102,2,4,324
3,15,"HV,PC,PT",103,103,1,3,322
3,15,"HV,PC,PT,RS",104,107,4,4,324
3,15,RS,108,108,1,1,376
3,15,"HV,PC,RS",109,109,1,3,328
3,15,"HV,RS",110,111,2,2,342
3,15,none,112,115,4,0,343
3,15,RS,116,118,3,1,376
3,15,none,119,120,2,0,343
3,15,RS,121,121,1,1,376
3,15,"PT,RS",122,122,1,2,365
3,15,"HV,RS",123,125,3,2,342
3,15,RS,126,126,1,1,376
3,15,none,127,127,1,0,343
3,15,RS,128,128,1,1,376
3,15,none,129,129,1,0,343
3,15,RS,130,134,5,1,376
3,15,"HV,RCL,RS",135,136,2,3,339
3,15,"RCL,RS",137,138,2,2,373
3,15,"HV,RCL,RS",139,144,6,3,339
3,15,"RCL,RS",145,146,2,2,373
3,15,"BV,HV,RCL,RS",147,151,5,4,214
3,15,"HV,RCL,RS",152,152,1,3,339
3,15,RCL,153,157,5,1,370
3,15,"HV,RCL,RS",158,160,3,3,339
3,15,"HV,RCA,RCL,RS",161,161,1,4,335
3,15,"HV,RCL,RS",162,162,1,3,339
3,15,"GC,HV,RCL,RS",163,163,1,4,297
3,15,"RCL,RS",164,164,1,2,373
3,15,"HV,RCL,RS",165,166,2,3,339
3,15,"GC,HV,RCL,RS",167,167,1,4,297
3,15,"RCL,RS",168,168,1,2,373
3,15,"BV,HV,RCL,RS",169,169,1,4,214
3,15,"GC,HV,RCL,RS",170,170,1,4,297
3,15,"BV,GC,HV,RCL,RS",171,171,1,5,199
3,15,"HV,RCL,RS",172,172,1,3,339
3,15,"GC,HV,RCL,RS",173,173,1,4,297
3,15,"BV,GC,HV,RCL,RS",174,175,2,5,199
3,15,"GC,HV,RCL,RS",176,176,1,4,297
3,15,"HV,RCL,RS",177,179,3,3,339
3,15,"HV,RCL",180,180,1,2,337
3,15,"GC,HV,RCL",181,183,3,3,296
3,15,"HV,RCL",184,184,1,2,337
3,15,"GC,HV,RCL",185,186,2,3,296
3,15,RCL,187,194,8,1,370
3,15,"HV,RCL",195,195,1,2,337
3,15,"GC,HV,RCL,RS",196,198,3,4,297
3,15,"HV,RCL,RS",199,199,1,3,339
3,15,"HV,RCL",200,200,1,2,337
3,15,RCL,201,212,12,1,370
3,15,"RCL,RS",213,213,1,2,373
3,15,RCL,214,218,5,1,370
3,15,"RCL,RS",219,219,1,2,373
3,15,RCL,220,226,7,1,370
3,15,none,227,236,10,0,343
3,15,RS,237,237,1,1,376
3,15,none,238,251,14,0,343
3,15,HV,252,252,1,1,320
3,15,RS,253,253,1,1,376
3,15,none,254,267,14,0,343
3,15,RCA,268,268,1,1,366
3,15,none,269,274,6,0,343
3,15,RS,275,275,1,1,376
3,15,none,276,276,1,0,343
3,15,RS,277,277,1,1,376
3,15,none,278,282,5,0,343
3,15,RS,283,283,1,1,376
3,15,none,284,297,14,0,343
3,15,RS,298,299,2,1,376
3,16,PT,12,12,1,1,358
3,16,none,13,20,8,0,343
3,16,PT,21,21,1,1,358
3,16,none,22,50,29,0,343
3,16,PT,51,51,1,1,358
3,16,none,52,58,7,0,343
3,16,PT,59,59,1,1,358
3,16,none,60,68,9,0,343
3,16,RS,69,69,1,1,376
3,16,none,70,76,7,0,343
3,16,"PT,RS",77,78,2,2,365
3,16,none,79,79,1,0,343
3,16,PT,80,82,3,1,358
3,16,RS,83,84,2,1,376
3,16,"PT,RS",85,85,1,2,365
3,16,PT,86,86,1,1,358
3,16,"PT,RS",87,87,1,2,365
3,16,none,88,94,7,0,343
3,16,PT,95,96,2,1,358
3,16,"HV,PT,RS",97,97,1,3,332
3,16,"PT,RS",98,98,1,2,365
3,16,RS,99,100,2,1,376
3,16,"HV,RS",101,101,1,2,342
3,16,RS,102,102,1,1,376
3,16,none,103,117,15,0,343
3,16,HV,118,118,1,1,320
3,16,none,119,135,17,0,343
3,16,PT,136,136,1,1,358
3,16,none,137,145,9,0,343
3,16,HV,146,146,1,1,320
3,16,"HV,RCL",147,147,1,2,337
3,16,"GC,HV,RCL,RS",148,149,2,4,297
3,16,"RCL,RS",150,150,1,2,373
3,16,RCL,151,151,1,1,370
3,16,"HV,RCL,RS",152,152,1,3,339
3,16,"HV,RCL",153,153,1,2,337
3,16,HV,154,154,1,1,320
3,16,"HV,RCL",155,155,1,2,337
3,16,RCL,156,156,1,1,370
3,16,"HV,RCL",157,161,5,2,337
3,16,RCL,162,162,1,1,370
3,16,"HV,RCL",163,165,3,2,337
3,16,RCL,166,167,2,1,370
3,16,none,168,168,1,0,343
3,16,"HV,RCL",169,175,7,2,337
3,16,"GC,HV,RCL,RS",176,176,1,4,297
3,16,"GC,HV,RCL",177,177,1,3,296
3,16,"HV,RCL",178,195,18,2,337
3,16,RCL,196,214,19,1,370
3,16,"HV,RCL",215,215,1,2,337
3,16,RCL,216,227,12,1,370
3,16,"HV,RCL",228,228,1,2,337
3,16,RCL,229,233,5,1,370
3,16,none,234,237,4,0,343
3,16,RCL,238,238,1,1,370
3,16,none,239,239,1,0,343
3,16,RCL,240,240,1,1,370
3,16,none,241,241,1,0,343
3,16,RCL,242,252,11,1,370
3,16,none,253,257,5,0,343
3,16,RS,258,261,4,1,376
3,16,"HV,RS",262,263,2,2,342
3,16,RS,264,264,1,1,376
3,16,none,265,265,1,0,343
3,16,"HV,RS",266,266,1,2,342
3,16,RS,267,278,12,1,376
3,16,none,279,281,3,0,343
3,16,RS,282,283,2,1,376
3,16,none,284,286,3,0,343
3,16,RS,287,289,3,1,376
3,16,none,290,290,1,0,343
3,16,RS,291,292,2,1,376
3,16,none,293,293,1,0,343
3,16,RS,294,303,10,1,376
3,16,none,304,304,1,0,343
3,16,RS,305,309,5,1,376
3,16,none,310,310,1,0,343
3,16,RS,311,318,8,1,376
3,17,RS,90,90,1,1,376
3,17,HV,91,91,1,1,320
3,17,"HV,RS",92,92,1,2,342
3,17,RS,93,93,1,1,376
3,17,"RCL,RS",94,94,1,2,373
3,17,RS,95,98,4,1,376
3,17,none,99,102,4,0,343
3,17,"RCL,RS",103,104,2,2,373
3,17,RS,105,108,4,1,376
3,17,none,109,109,1,0,343
3,17,RS,110,114,5,1,376
3,17,"RCL,RS",115,118,4,2,373
3,17,"HV,PT,RCL",119,119,1,3,330
3,17,"PT,RCL,RS",120,120,1,3,362
3,17,RS,121,121,1,1,376
3,17,"RCL,RS",122,122,1,2,373
3,17,RS,123,123,1,1,376
3,17,"HV,RCL",124,124,1,2,337
3,17,"RCL,RS",125,130,6,2,373
3,17,RCL,131,138,8,1,370
3,17,none,139,139,1,0,343
3,17,RCL,140,140,1,1,370
3,17,"RCL,RS",141,144,4,2,373
3,17,RCL,145,145,1,1,370
3,17,"RCL,RS",146,149,4,2,373
3,17,"HV,RCL,RS",150,150,1,3,339
3,17,"RCL,RS",151,157,7,2,373
3,17,RCL,158,158,1,1,370
3,17,"RCL,RS",159,160,2,2,373
3,17,"HV,RCL,RS",161,161,1,3,339
3,17,"HV,RCL",162,162,1,2,337
3,17,"HV,RCL,RS",163,164,2,3,339
3,17,"HV,RCL",165,166,2,2,337
3,17,"HV,RCA,RCL",167,167,1,3,334
3,17,"HV,RCL,RS",168,173,6,3,339
3,17,"GC,HV,RCL,RS",174,174,1,4,297
3,17,"GC,HV,RCL",175,175,1,3,296
3,17,"HV,RCL,RS",176,177,2,3,339
3,17,"GC,HV,RCL,RS",178,178,1,4,297
3,17,"HV,RCA,RCL,RS",179,179,1,4,335
3,17,"HV,RCL,RS",180,182,3,3,339
3,17,"HV,RCL",183,197,15,2,337
3,17,"HV,RCA,RCL",198,198,1,3,334
3,17,RCL,199,199,1,1,370
3,17,"HV,RCL",200,200,1,2,337
3,17,"HV,RCA,RCL",201,201,1,3,334
3,17,"HV,RCL",202,206,5,2,337
3,17,"HV,RCA,RCL",207,207,1,3,334
3,17,"HV,RCL",208,212,5,2,337
3,17,RCL,213,216,4,1,370
3,17,"HV,RCL",217,220,4,2,337
3,17,RCL,221,222,2,1,370
3,17,none,223,224,2,0,343
3,17,RCL,225,230,6,1,370
3,17,"HV,RCL",231,231,1,2,337
3,17,"BV,HV,RCL,RS",232,232,1,4,214
3,17,"BV,HV,RCA,RCL,RS",233,233,1,5,212
3,17,"HV,RCL",234,234,1,2,337
3,17,"HV,RCA,RCL",235,235,1,3,334
3,17,"HV,RCL",236,236,1,2,337
3,17,RCL,237,240,4,1,370
3,17,"HV,RCL",241,241,1,2,337
3,17,"HV,RCL,RS",242,242,1,3,339
3,17,RCL,243,245,3,1,370
3,17,"HV,RCL",246,246,1,2,337
3,17,"HV,RCL,RS",247,247,1,3,339
3,17,"HV,RCL",248,248,1,2,337
3,17,"RCL,RS",249,250,2,2,373
3,17,RCL,251,251,1,1,370
3,17,"HV,RCL,RS",252,252,1,3,339
3,17,"RCL,RS",253,253,1,2,373
3,17,"HV,RCL",254,254,1,2,337
3,17,RCL,255,255,1,1,370
3,17,"HV,RCL,RS",256,258,3,3,339
3,17,"HV,RCL",259,259,1,2,337
3,17,"HV,RCL,RS",260,260,1,3,339
3,17,RCL,261,264,4,1,370
3,17,none,265,265,1,0,343
3,17,RS,266,266,1,1,376
3,17,"HV,RS",267,267,1,2,342
3,17,RS,268,272,5,1,376
3,17,none,273,275,3,0,343
3,17,RS,276,279,4,1,376
3,17,"RCL,RS",280,280,1,2,373
3,17,RS,281,281,1,1,376
3,17,none,282,283,2,0,343
3,17,RS,284,285,2,1,376
3,17,none,286,287,2,0,343
3,17,RS,288,292,5,1,376
3,17,none,293,293,1,0,343
3,17,RS,294,294,1,1,376
3,17,none,295,295,1,0,343
3,17,RS,296,297,2,1,376
3,17,none,298,300,3,0,343
3,17,RS,301,302,2,1,376
3,17,none,303,303,1,0,343
3,17,RS,304,306,3,1,376
3,17,none,307,307,1,0,343
3,17,RS,308,309,2,1,376
3,17,none,310,310,1,0,343
3,17,RS,311,312,2,1,376
3,17,none,313,317,5,0,343
3,17,RS,318,318,1,1,376
3,18,RS,115,115,1,1,376
3,18,"RCL,RS",116,116,1,2,373
3,18,none,117,118,2,0,343
3,18,RCL,119,120,2,1,370
3,18,none,121,122,2,0,343
3,18,HV,123,123,1,1,320
3,18,none,124,134,11,0,343
3,18,"RCL,RS",135,135,1,2,373
3,18,none,136,136,1,0,343
3,18,RCL,137,137,1,1,370
3,18,none,138,138,1,0,343
3,18,RCL,139,141,3,1,370
3,18,none,142,151,10,0,343
3,18,RCL,152,155,4,1,370
3,18,none,156,156,1,0,343
3,18,RCL,157,163,7,1,370
3,18,"HV,RCL",164,164,1,2,337
3,18,RCL,165,166,2,1,370
3,18,"HV,RCL",167,168,2,2,337
3,18,RCL,169,201,33,1,370
3,18,"HV,RCL",202,202,1,2,337
3,18,RCL,203,238,36,1,370
3,18,"HV,RCL",239,239,1,2,337
3,18,RCL,240,266,27,1,370
3,18,"RCL,RS",267,267,1,2,373
3,18,RCL,268,271,4,1,370
3,18,"HV,RCL",272,272,1,2,337
3,18,none,273,274,2,0,343
3,18,RCL,275,275,1,1,370
3,18,none,276,278,3,0,343
3,18,RS,279,279,1,1,376
3,18,"RCL,RS",280,285,6,2,373
3,18,RS,286,286,1,1,376
3,18,"RCL,RS",287,288,2,2,373
3,18,RCL,289,290,2,1,370
3,18,none,291,292,2,0,343
3,18,RS,293,293,1,1,376
3,18,"RCL,RS",294,294,1,2,373
3,18,RS,295,295,1,1,376
3,18,none,296,298,3,0,343
3,18,RS,299,299,1,1,376
3,18,none,300,319,20,0,343
3,18,RS,320,320,1,1,376
3,19,RS,35,35,1,1,376
3,19,none,36,58,23,0,343
3,19,RS,59,59,1,1,376
3,19,none,60,60,1,0,343
3,19,RS,61,65,5,1,376
3,19,none,66,67,2,0,343
3,19,RS,68,78,11,1,376
3,19,none,79,79,1,0,343
3,19,RS,80,82,3,1,376
3,19,none,83,83,1,0,343
3,19,RS,84,86,3,1,376
3,19,none,87,92,6,0,343
3,19,"RCL,RS",93,93,1,2,373
3,19,none,94,108,15,0,343
3,19,RCL,109,109,1,1,370
3,19,"RCL,RS",110,110,1,2,373
3,19,none,111,113,3,0,343
3,19,RCL,114,114,1,1,370
3,19,"RCL,RS",115,115,1,2,373
3,19,none,116,119,4,0,343
3,19,RCL,120,120,1,1,370
3,19,none,121,121,1,0,343
3,19,RCL,122,122,1,1,370
3,19,none,123,124,2,0,343
3,19,RS,125,125,1,1,376
3,19,"RCL,RS",126,129,4,2,373
3,19,RCL,130,130,1,1,370
3,19,none,131,131,1,0,343
3,19,RCL,132,141,10,1,370
3,19,"HV,RCL",142,142,1,2,337
3,19,RCL,143,143,1,1,370
3,19,"HV,RCL",144,147,4,2,337
3,19,RCL,148,148,1,1,370
3,19,"HV,RCL",149,152,4,2,337
3,19,"BW,HV,RCL",153,153,1,3,254
3,19,"HV,RCL",154,154,1,2,337
3,19,RCL,155,155,1,1,370
3,19,"HV,RCL",156,165,10,2,337
3,19,"BV,BW,GC,HV,RCL",166,166,1,5,168
3,19,"GC,HV,RCL",167,173,7,3,296
3,19,RCL,174,178,5,1,370
3,19,"GC,HV,RCL",179,181,3,3,296
3,19,"HV,RCL",182,182,1,2,337
3,19,"GC,HV,RCL",183,187,5,3,296
3,19,"HV,RCL",188,188,1,2,337
3,19,RCL,189,189,1,1,370
3,19,"HV,RCL",190,190,1,2,337
3,19,RCL,191,191,1,1,370
3,19,"HV,RCL",192,192,1,2,337
3,19,RCL,193,193,1,1,370
3,19,HV,194,194,1,1,320
3,19,"GC,HV,RCL",195,198,4,3,296
3,19,"HV,RCL",199,199,1,2,337
3,19,RCL,200,200,1,1,370
3,19,"HV,RCL",201,221,21,2,337
3,19,HV,222,222,1,1,320
3,19,"HV,RCL",223,226,4,2,337
3,19,RCL,227,233,7,1,370
3,19,none,234,234,1,0,343
3,19,RCL,235,236,2,1,370
3,19,none,237,237,1,0,343
3,19,RCL,238,254,17,1,370
3,19,none,255,255,1,0,343
3,19,RCL,256,271,16,1,370
3,19,none,272,272,1,0,343
3,19,RCL,273,273,1,1,370
3,19,none,274,279,6,0,343
3,19,RS,280,280,1,1,376
3,19,none,281,288,8,0,343
3,19,RS,289,292,4,1,376
3,19,none,293,293,1,0,343
3,19,RS,294,294,1,1,376
3,20,RS,40,40,1,1,376
3,20,none,41,41,1,0,343
3,20,RS,42,42,1,1,376
3,20,none,43,104,62,0,343
3,20,HV,105,105,1,1,320
3,20,none,106,109,4,0,343
3,20,"RCL,RS",110,110,1,2,373
3,20,RS,111,111,1,1,376
3,20,none,112,124,13,0,343
3,20,RCL,125,125,1,1,370
3,20,none,126,127,2,0,343
3,20,RCL,128,128,1,1,370
3,20,none,129,129,1,0,343
3,20,RCL,130,130,1,1,370
3,20,none,131,138,8,0,343
3,20,RCL,139,142,4,1,370
3,20,none,143,143,1,0,343
3,20,HV,144,144,1,1,320
3,20,"HV,RCL",145,145,1,2,337
3,20,RCL,146,155,10,1,370
3,20,none,156,156,1,0,343
3,20,RCL,157,171,15,1,370
3,20,"HV,RCL",172,173,2,2,337
3,20,RCL,174,202,29,1,370
3,20,none,203,203,1,0,343
3,20,"HV,RCL",204,204,1,2,337
3,20,RCL,205,221,17,1,370
3,20,"HV,RCL",222,222,1,2,337
3,20,RCL,223,230,8,1,370
3,20,"HV,RCL",231,231,1,2,337
3,20,RCL,232,250,19,1,370
3,20,"RCL,RS",251,251,1,2,373
3,20,RCL,252,255,4,1,370
3,20,"RCL,RS",256,258,3,2,373
3,20,RCL,259,268,10,1,370
3,20,"RCL,RS",269,272,4,2,373
3,20,RCL,273,273,1,1,370
3,20,"RCL,RS",274,277,4,2,373
3,20,none,278,278,1,0,343
3,20,RCL,279,279,1,1,370
3,20,RS,280,282,3,1,376
3,20,none,283,284,2,0,343
3,20,RS,285,286,2,1,376
3,20,none,287,287,1,0,343
3,20,RS,288,288,1,1,376
3,20,none,289,292,4,0,343
3,20,RS,293,293,1,1,376
3,20,none,294,296,3,0,343
3,20,RS,297,297,1,1,376
3,20,none,298,304,7,0,343
3,20,RS,305,305,1,1,376
3,21,RS,1,1,1,1,376
3,21,none,2,7,6,0,343
3,21,RS,8,8,1,1,376
3,21,none,9,31,23,0,343
3,21,RS,32,33,2,1,376
3,21,none,34,44,11,0,343
3,21,RS,45,45,1,1,376
3,21,none,46,47,2,0,343
3,21,RS,48,49,2,1,376
3,21,none,50,50,1,0,343
3,21,RS,51,53,3,1,376
3,21,none,54,55,2,0,343
3,21,RS,56,56,1,1,376
3,21,none,57,79,23,0,343
3,21,PT,80,81,2,1,358
3,21,"PT,RS",82,83,2,2,365
3,21,RS,84,84,1,1,376
3,21,"PT,RS",85,87,3,2,365
3,21,RS,88,88,1,1,376
3,21,"PT,RS",89,89,1,2,365
3,21,RS,90,90,1,1,376
3,21,"PT,RS",91,91,1,2,365
3,21,RS,92,92,1,1,376
3,21,"PT,RS",93,93,1,2,365
3,21,RS,94,94,1,1,376
3,21,"PT,RS",95,96,2,2,365
3,21,RS,97,97,1,1,376
3,21,none,98,98,1,0,343
3,21,RS,99,99,1,1,376
3,21,"PT,RS",100,102,3,2,365
3,21,RS,103,105,3,1,376
3,21,none,106,106,1,0,343
3,21,RS,107,107,1,1,376
3,21,none,108,108,1,0,343
3,21,RS,109,117,9,1,376
3,21,none,118,118,1,0,343
3,21,RS,119,119,1,1,376
3,21,none,120,120,1,0,343
3,21,RS,121,123,3,1,376
3,21,none,124,125,2,0,343
3,21,RS,126,126,1,1,376
3,21,none,127,129,3,0,343
3,21,RS,130,130,1,1,376
3,21,none,131,139,9,0,343
3,21,RCL,140,146,7,1,370
3,21,"HV,RCL,RS",147,149,3,3,339
3,21,"HV,RCL",150,150,1,2,337
3,21,"RCL,RS",151,152,2,2,373
3,21,RCL,153,155,3,1,370
3,21,HV,156,156,1,1,320
3,21,"GC,HV,RCL,RS",157,157,1,4,297
3,21,"HV,RCL,RS",158,158,1,3,339
3,21,"RCL,RS",159,159,1,2,373
3,21,"GC,RCL,RS",160,160,1,3,303
3,21,"RCL,RS",161,161,1,2,373
3,21,"HV,RCL,RS",162,162,1,3,339
3,21,"RCL,RS",163,164,2,2,373
3,21,"HV,RCL,RS",165,166,2,3,339
3,21,"GC,HV,RCL,RS",167,171,5,4,297
3,21,"HV,RCL,RS",172,172,1,3,339
3,21,"GC,HV,RCL,RS",173,173,1,4,297
3,21,"GC,HV,RCL",174,174,1,3,296
3,21,"GC,HV,RCL,RS",175,176,2,4,297
3,21,"HV,RCL,RS",177,177,1,3,339
3,21,"GC,RCL,RS",178,178,1,3,303
3,21,"GC,HV,RCL,RS",179,181,3,4,297
3,21,"HV,RCL,RS",182,182,1,3,339
3,21,"GC,HV,RCL,RS",183,184,2,4,297
3,21,"HV,RCL,RS",185,185,1,3,339
3,21,"GC,HV,RCL,RS",186,187,2,4,297
3,21,"GC,HV,RCL",188,188,1,3,296
3,21,"HV,RCL",189,189,1,2,337
3,21,"GC,RCL",190,190,1,2,302
3,21,"GC,HV,RCL",191,191,1,3,296
3,21,"GC,RCL",192,192,1,2,302
3,21,RCL,193,193,1,1,370
3,21,"GC,RCL",194,194,1,2,302
3,21,RCL,195,205,11,1,370
3,21,"HV,RCL",206,206,1,2,337
3,21,RCL,207,209,3,1,370
3,21,none,210,210,1,0,343
3,21,RCL,211,212,2,1,370
3,21,none,213,213,1,0,343
3,21,RCL,214,221,8,1,370
3,21,"GC,RCL",222,222,1,2,302
3,21,RCL,223,240,18,1,370
3,21,"HV,RCL",241,242,2,2,337
3,21,RCL,243,265,23,1,370
3,21,"RCL,RS",266,267,2,2,373
3,21,RCL,268,268,1,1,370
3,21,"RCL,RS",269,269,1,2,373
3,21,RCL,270,270,1,1,370
3,21,"RCL,RS",271,272,2,2,373
3,21,RS,273,273,1,1,376
3,21,"RCL,RS",274,276,3,2,373
3,21,RS,277,278,2,1,376
3,21,none,279,279,1,0,343
3,21,RCL,280,280,1,1,370
3,21,RS,281,282,2,1,376
3,21,none,283,283,1,0,343
3,21,RS,284,284,1,1,376
3,21,none,285,288,4,0,343
3,21,RS,289,290,2,1,376
3,21,none,291,323,33,0,343
3,21,RS,324,324,1,1,376
3,22,RS,35,35,1,1,376
3,22,none,36,72,37,0,343
3,22,PT,73,74,2,1,358
3,22,none,75,83,9,0,343
3,22,PT,84,84,1,1,358
3,22,none,85,99,15,0,343
3,22,"PT,RS",100,100,1,2,365
3,22,RS,101,101,1,1,376
3,22,"PT,RS",102,102,1,2,365
3,22,"PT,RP,RS",103,103,1,3,364
3,22,"RP,RS",104,104,1,2,375
3,22,RS,105,106,2,1,376
3,22,"RP,RS",107,107,1,2,375
3,22,RS,108,110,3,1,376
3,22,"RP,RS",111,111,1,2,375
3,22,RP,112,115,4,1,374
3,22,none,116,120,5,0,343
3,22,RCL,121,121,1,1,370
3,22,none,122,123,2,0,343
3,22,RCL,124,124,1,1,370
3,22,none,125,132,8,0,343
3,22,RCL,133,133,1,1,370
3,22,none,134,139,6,0,343
3,22,RCL,140,140,1,1,370
3,22,none,141,142,2,0,343
3,22,RCL,143,148,6,1,370
3,22,none,149,149,1,0,343
3,22,RCL,150,170,21,1,370
3,22,none,171,171,1,0,343
3,22,RCL,172,182,11,1,370
3,22,none,183,186,4,0,343
3,22,RCL,187,208,22,1,370
3,22,none,209,210,2,0,343
3,22,RCL,211,219,9,1,370
3,22,none,220,220,1,0,343
3,22,RCL,221,223,3,1,370
3,22,none,224,225,2,0,343
3,22,RCL,226,227,2,1,370
3,22,none,228,233,6,0,343
3,22,RCL,234,237,4,1,370
3,22,none,238,240,3,0,343
3,22,RCL,241,256,16,1,370
3,22,"GC,RCL",257,258,2,2,302
3,22,RCL,259,277,19,1,370
3,22,none,278,278,1,0,343
3,22,RCL,279,280,2,1,370
3,22,none,281,287,7,0,343
3,22,RS,288,288,1,1,376
3,22,none,289,292,4,0,343
3,22,RS,293,293,1,1,376
3,22,none,294,311,18,0,343
3,22,RS,312,312,1,1,376
3,22,none,313,317,5,0,343
3,22,RCL,318,318,1,1,370
3,23,PT,28,28,1,1,358
3,23,"PT,RS",29,29,1,2,365
3,23,RS,30,30,1,1,376
3,23,none,31,51,21,0,343
3,23,PT,52,52,1,1,358
3,23,none,53,55,3,0,343
3,23,RS,56,56,1,1,376
3,23,none,57,62,6,0,343
3,23,RS,63,63,1,1,376
3,23,none,64,64,1,0,343
3,23,RS,65,67,3,1,376
3,23,none,68,72,5,0,343
3,23,PT,73,73,1,1,358
3,23,none,74,74,1,0,343
3,23,RCL,75,75,1,1,370
3,23,none,76,76,1,0,343
3,23,PT,77,78,2,1,358
3,23,none,79,79,1,0,343
3,23,PT,80,80,1,1,358
3,23,none,81,83,3,0,343
3,23,RS,84,84,1,1,376
3,23,none,85,86,2,0,343
3,23,RCL,87,87,1,1,370
3,23,RS,88,97,10,1,376
3,23,none,98,107,10,0,343
3,23,RS,108,108,1,1,376
3,23,none,109,112,4,0,343
3,23,RCL,113,113,1,1,370
3,23,none,114,116,3,0,343
3,23,RCL,117,117,1,1,370
3,23,none,118,118,1,0,343
3,23,RCL,119,120,2,1,370
3,23,none,121,122,2,0,343
3,23,PT,123,123,1,1,358
3,23,RCL,124,124,1,1,370
3,23,"RCL,RS",125,129,5,2,373
3,23,RCL,130,144,15,1,370
3,23,"HV,RCL",145,145,1,2,337
3,23,RCL,146,146,1,1,370
3,23,"HV,RCL",147,153,7,2,337
3,23,RCL,154,156,3,1,370
3,23,"HV,RCL",157,157,1,2,337
3,23,"GC,HV,RCL,RS",158,160,3,4,297
3,23,"HV,RCL,RS",161,161,1,3,339
3,23,"GC,HV,RCL,RS",162,162,1,4,297
3,23,"HV,RCL,RS",163,163,1,3,339
3,23,"RCL,RS",164,164,1,2,373
3,23,"HV,RCL",165,165,1,2,337
3,23,"GC,HV,RCL",166,166,1,3,296
3,23,RCL,167,168,2,1,370
3,23,"HV,RCL",169,169,1,2,337
3,23,RCL,170,170,1,1,370
3,23,none,171,171,1,0,343
3,23,"HV,RCL",172,180,9,2,337
3,23,RCL,181,181,1,1,370
3,23,HV,182,182,1,1,320
3,23,"HV,RCL",183,183,1,2,337
3,23,"GC,HV,RCL",184,187,4,3,296
3,23,"HV,RCL",188,188,1,2,337
3,23,"BV,GC,HV,RCL,RS",189,189,1,5,199
3,23,"GC,HV,RCL,RS",190,190,1,4,297
3,23,"GC,HV,RCL",191,191,1,3,296
3,23,"GC,HV,RCL,RS",192,192,1,4,297
3,23,"GC,HV,RCL",193,194,2,3,296
3,23,"GC,HV,RCL,RS",195,196,2,4,297
3,23,"GC,HV,RCL",197,197,1,3,296
3,23,"HV,RCL",198,208,11,2,337
3,23,RCL,209,234,26,1,370
3,23,none,235,239,5,0,343
3,23,RCL,240,241,2,1,370
3,23,none,242,242,1,0,343
3,23,RCL,243,243,1,1,370
3,23,none,244,251,8,0,343
3,23,RCL,252,252,1,1,370
3,23,none,253,267,15,0,343
3,23,RS,268,268,1,1,376
3,23,none,269,279,11,0,343
3,23,"RCL,RS",280,280,1,2,373
3,23,none,281,288,8,0,343
3,23,RS,289,290,2,1,376
3,23,none,291,294,4,0,343
3,23,RS,295,295,1,1,376
3,23,none,296,296,1,0,343
3,23,RS,297,297,1,1,376
3,23,none,298,298,1,0,343
3,23,RS,299,300,2,1,376
3,23,none,301,301,1,0,343
3,23,RS,302,302,1,1,376
3,23,none,303,304,2,0,343
3,23,RS,305,307,3,1,376
3,23,none,308,326,19,0,343
3,23,RS,327,328,2,1,376
3,24,PT,50,51,2,1,358
3,24,none,52,60,9,0,343
3,24,RS,61,61,1,1,376
3,24,none,62,63,2,0,343
3,24,RS,64,65,2,1,376
3,24,none,66,66,1,0,343
3,24,RS,67,67,1,1,376
3,24,none,68,68,1,0,343
3,24,RS,69,74,6,1,376
3,24,none,75,84,10,0,343
3,24,RCL,85,85,1,1,370
3,24,none,86,89,4,0,343
3,24,RCL,90,90,1,1,370
3,24,none,91,91,1,0,343
3,24,RCL,92,92,1,1,370
3,24,RS,93,94,2,1,376
3,24,none,95,103,9,0,343
3,24,RS,104,104,1,1,376
3,24,none,105,108,4,0,343
3,24,RS,109,109,1,1,376
3,24,RCL,110,110,1,1,370
3,24,none,111,111,1,0,343
3,24,RS,112,112,1,1,376
3,24,none,113,116,4,0,343
3,24,RCL,117,117,1,1,370
3,24,RS,118,118,1,1,376
3,24,none,119,122,4,0,343
3,24,RS,123,123,1,1,376
3,24,none,124,126,3,0,343
3,24,RCL,127,127,1,1,370
3,24,RS,128,128,1,1,376
3,24,"RCL,RS",129,131,3,2,373
3,24,"HV,RCL,RS",132,133,2,3,339
3,24,RCL,134,134,1,1,370
3,24,"RCA,RCL,RS",135,135,1,3,368
3,24,"HV,RCL",136,136,1,2,337
3,24,RCL,137,141,5,1,370
3,24,"HV,RCL",142,142,1,2,337
3,24,RCL,143,145,3,1,370
3,24,"HV,RCL",146,146,1,2,337
3,24,"HV,RCL,RS",147,147,1,3,339
3,24,"HV,RCA,RCL,RS",148,148,1,4,335
3,24,"HV,RCL",149,149,1,2,337
3,24,"HV,RCA,RCL,RS",150,150,1,4,335
3,24,"HV,RCL,RS",151,151,1,3,339
3,24,"GC,HV,RCL,RS",152,152,1,4,297
3,24,"BW,GC,HV,RCL,RS",153,153,1,5,232
3,24,"GC,HV,RCA,RCL,RS",154,154,1,5,295
3,24,"BW,GC,HV,RCA,RCL",155,155,1,5,229
3,24,"GC,HV,RCL",156,156,1,3,296
3,24,RCL,157,159,3,1,370
3,24,HV,160,160,1,1,320
3,24,"HV,RCL",161,161,1,2,337
3,24,"HV,RCA,RCL",162,164,3,3,334
3,24,"GC,HV,RCL",165,167,3,3,296
3,24,"GC,RCL",168,169,2,2,302
3,24,"RCA,RCL",170,171,2,2,367
3,24,RCL,172,173,2,1,370
3,24,"RCA,RCL",174,174,1,2,367
3,24,RCL,175,176,2,1,370
3,24,"GC,HV,RCL",177,179,3,3,296
3,24,"GC,HV,RCA,RCL",180,182,3,4,294
3,24,"GC,HV,RCL,RS",183,184,2,4,297
3,24,"GC,HV,RCA,RCL",185,185,1,4,294
3,24,"HV,RCL,RS",186,186,1,3,339
3,24,"GC,HV,RCL",187,187,1,3,296
3,24,"HV,RCL",188,189,2,2,337
3,24,RCL,190,191,2,1,370
3,24,none,192,196,5,0,343
3,24,RCL,197,197,1,1,370
3,24,none,198,199,2,0,343
3,24,RCL,200,201,2,1,370
3,24,"RCA,RCL",202,202,1,2,367
3,24,RCL,203,206,4,1,370
3,24,"RCA,RCL",207,207,1,2,367
3,24,RCL,208,213,6,1,370
3,24,"RCA,RCL",214,214,1,2,367
3,24,RCL,215,215,1,1,370
3,24,"RCA,RCL",216,216,1,2,367
3,24,"HV,RCA",217,217,1,2,333
3,24,"GC,HV,RCA,RCL",218,219,2,4,294
3,24,"RCA,RCL,RS",220,220,1,3,368
3,24,"RCA,RCL",221,221,1,2,367
3,24,"HV,RCA,RCL",222,222,1,3,334
3,24,"RCA,RCL",223,226,4,2,367
3,24,"HV,RCA,RCL",227,228,2,3,334
3,24,"RCA,RCL",229,229,1,2,367
3,24,"AC,RCA,RCL",230,230,1,3,152
3,24,RCA,231,231,1,1,366
3,24,"HV,RCA",232,232,1,2,333
3,24,"HV,RCA,RCL",233,234,2,3,334
3,24,"HV,RCA,RCL,RS",235,235,1,4,335
3,24,"HV,RCA,RCL",236,236,1,3,334
3,24,"RCA,RCL",237,237,1,2,367
3,24,"HV,RCL",238,238,1,2,337
3,24,RCL,239,240,2,1,370
3,24,"RCL,RS",241,241,1,2,373
3,24,RCL,242,244,3,1,370
3,24,"RCL,RS",245,245,1,2,373
3,24,RCL,246,255,10,1,370
3,24,"RCL,RS",256,256,1,2,373
3,24,RCL,257,260,4,1,370
3,24,none,261,261,1,0,343
3,24,RCL,262,264,3,1,370
3,24,none,265,271,7,0,343
3,24,RS,272,272,1,1,376
3,24,none,273,275,3,0,343
3,24,RS,276,277,2,1,376
3,24,none,278,285,8,0,343
3,24,RCL,286,286,1,1,370
3,24,none,287,287,1,0,343
3,24,RS,288,288,1,1,376
3,24,none,289,340,52,0,343
3,24,RS,341,342,2,1,376
4,1,PC,1,1,1,1,344
4,1,none,2,53,52,0,343
4,1,RS,54,54,1,1,376
4,1,PT,55,56,2,1,358
4,1,"PT,RS",57,57,1,2,365
4,1,none,58,61,4,0,343
4,1,PC,62,62,1,1,344
4,1,"PC,RS",63,63,1,2,357
4,1,PC,64,65,2,1,344
4,1,"PC,PT,RS",66,66,1,3,348
4,1,none,67,69,3,0,343
4,1,RS,70,71,2,1,376
4,1,none,72,72,1,0,343
4,1,RS,73,76,4,1,376
4,1,"PC,RS",77,78,2,2,357
4,1,"PC,PT,RS",79,79,1,3,348
4,1,RS,80,80,1,1,376
4,1,"PT,RS",81,81,1,2,365
4,1,"PC,RS",82,91,10,2,357
4,1,PC,92,92,1,1,344
4,1,"PC,RS",93,101,9,2,357
4,1,RS,102,102,1,1,376
4,1,none,103,104,2,0,343
4,1,PC,105,109,5,1,344
4,1,RS,110,110,1,1,376
4,1,none,111,113,3,0,343
4,1,RS,114,114,1,1,376
4,1,none,115,116,2,0,343
4,1,RS,117,117,1,1,376
4,1,HV,118,118,1,1,320
4,1,"HV,RS",119,120,2,2,342
4,1,RS,121,121,1,1,376
4,1,none,122,122,1,0,343
4,1,RS,123,123,1,1,376
4,1,HV,124,124,1,1,320
4,1,none,125,130,6,0,343
4,1,HV,131,131,1,1,320
4,1,none,132,155,24,0,343
4,1,HV,156,157,2,1,320
4,1,"BW,HV",158,161,4,2,248
4,1,none,162,165,4,0,343
4,1,HV,166,167,2,1,320
4,1,none,168,172,5,0,343
4,1,HV,173,173,1,1,320
4,1,none,174,174,1,0,343
4,1,"HC,HV",175,175,1,2,306
4,1,none,176,182,7,0,343
4,1,"HC,HV",183,183,1,2,306
4,1,"BW,HC,HV,RS",184,184,1,4,244
4,1,"BW,HV,RS",185,185,1,3,259
4,1,"BW,HC,HV,RS",186,187,2,4,244
4,1,"BW,HV,RS",188,190,3,3,259
4,1,"BW,HC,HV,RS",191,191,1,4,244
4,1,"HV,RS",192,192,1,2,342
4,1,"HC,HV,RS",193,193,1,3,312
4,1,"HV,RS",194,195,2,2,342
4,1,HV,196,197,2,1,320
4,1,none,198,198,1,0,343
4,1,HV,199,199,1,1,320
4,1,none,200,210,11,0,343
4,1,HV,211,214,4,1,320
4,1,none,215,222,8,0,343
4,1,HV,223,224,2,1,320
4,1,none,225,255,31,0,343
4,1,HV,256,257,2,1,320
4,1,none,258,268,11,0,343
4,1,HV,269,269,1,1,320
4,1,"HV,RS",270,271,2,2,342
4,1,RS,272,272,1,1,376
4,1,HV,273,273,1,1,320
4,1,RS,274,276,3,1,376
4,1,none,277,277,1,0,343
4,1,RS,278,287,10,1,376
4,1,none,288,289,2,0,343
4,1,RS,290,292,3,1,376
4,1,none,293,293,1,0,343
4,1,RS,294,296,3,1,376
4,1,none,297,297,1,0,343
4,1,RS,298,298,1,1,376
4,1,none,299,299,1,0,343
4,1,RS,300,302,3,1,376
4,1,none,303,309,7,0,343
4,1,RS,310,310,1,1,376
4,1,none,311,311,1,0,343
4,1,RS,312,317,6,1,376
4,1,none,318,318,1,0,343
4,1,RS,319,319,1,1,376
4,1,none,320,323,4,0,343
4,1,RS,324,324,1,1,376
4,1,none,325,330,6,0,343
4,1,RS,331,331,1,1,376
4,1,none,332,333,2,0,343
4,1,RS,334,334,1,1,376
4,2,PC,3,3,1,1,344
4,2,none,4,7,4,0,343
4,2,RS,8,12,5,1,376
4,2,none,13,13,1,0,343
4,2,RS,14,15,2,1,376
4,2,none,16,17,2,0,343
4,2,RS,18,18,1,1,376
4,2,none,19,35,17,0,343
4,2,HV,36,39,4,1,320
4,2,none,40,42,3,0,343
4,2,HV,43,44,2,1,320
4,2,none,45,49,5,0,343
4,2,HV,50,50,1,1,320
4,2,none,51,53,3,0,343
4,2,PC,54,55,2,1,344
4,2,none,56,56,1,0,343
4,2,PC,57,58,2,1,344
4,2,none,59,60,2,0,343
4,2,PC,61,63,3,1,344
4,2,none,64,65,2,0,343
4,2,PC,66,67,2,1,344
4,2,none,68,70,3,0,343
4,2,PC,71,74,4,1,344
4,2,"PC,RS",75,75,1,2,357
4,2,PC,76,77,2,1,344
4,2,RS,78,78,1,1,376
4,2,"PC,RS",79,79,1,2,357
4,2,none,80,81,2,0,343
4,2,"PC,RS",82,82,1,2,357
4,2,none,83,86,4,0,343
4,2,RS,87,87,1,1,376
4,2,none,88,98,11,0,343
4,2,RS,99,99,1,1,376
4,2,none,100,102,3,0,343
4,2,RS,103,103,1,1,376
4,2,none,104,104,1,0,343
4,2,RS,105,108,4,1,376
4,2,none,109,115,7,0,343
4,2,RS,116,116,1,1,376
4,2,none,117,117,1,0,343
4,2,"HV,RS",118,118,1,2,342
4,2,"BW,HV,RS",119,119,1,3,259
4,2,none,120,124,5,0,343
4,2,"BW,HV",125,125,1,2,248
4,2,"BW,HV,RS",126,126,1,3,259
4,2,"BW,HV",127,127,1,2,248
4,2,"BW,HV,RS",128,128,1,3,259
4,2,"HV,RS",129,129,1,2,342
4,2,RS,130,130,1,1,376
4,2,"BW,RS",131,132,2,2,279
4,2,"BW,HV,RS",133,133,1,3,259
4,2,"BW,HV",134,134,1,2,248
4,2,"BW,HV,RS",135,138,4,3,259
4,2,RS,139,139,1,1,376
4,2,"BW,HV,RS",140,141,2,3,259
4,2,none,142,143,2,0,343
4,2,"BV,BW,HV",144,147,4,3,180
4,2,HV,148,148,1,1,320
4,2,none,149,151,3,0,343
4,2,HV,152,152,1,1,320
4,2,none,153,154,2,0,343
4,2,BW,155,157,3,1,220
4,2,none,158,174,17,0,343
4,2,"BV,BW,HV",175,176,2,3,180
4,2,"BW,HV",177,177,1,2,248
4,2,none,178,178,1,0,343
4,2,HV,179,179,1,1,320
4,2,none,180,191,12,0,343
4,2,HV,192,192,1,1,320
4,2,none,193,193,1,0,343
4,2,HV,194,194,1,1,320
4,2,none,195,197,3,0,343
4,2,HV,198,199,2,1,320
4,2,none,200,201,2,0,343
4,2,HV,202,202,1,1,320
4,2,none,203,203,1,0,343
4,2,HV,204,206,3,1,320
4,2,RCL,207,207,1,1,370
4,2,"HV,RCL",208,208,1,2,337
4,2,RCL,209,209,1,1,370
4,2,none,210,232,23,0,343
4,2,HV,233,233,1,1,320
4,2,none,234,235,2,0,343
4,2,HV,236,238,3,1,320
4,2,none,239,311,73,0,343
4,2,RS,312,312,1,1,376
4,2,none,313,319,7,0,343
4,2,RS,320,320,1,1,376
4,2,none,321,321,1,0,343
4,2,RS,322,323,2,1,376
4,2,none,324,329,6,0,343
4,2,RS,330,332,3,1,376
4,2,none,333,335,3,0,343
4,2,RS,336,336,1,1,376
4,2,none,337,337,1,0,343
4,2,RS,338,338,1,1,376
4,2,none,339,341,3,0,343
4,2,RS,342,343,2,1,376
4,2,none,344,344,1,0,343
4,2,RS,345,345,1,1,376
4,3,RS,26,26,1,1,376
4,3,none,27,31,5,0,343
4,3,RS,32,33,2,1,376
4,3,none,34,34,1,0,343
4,3,RS,35,36,2,1,376
4,3,none,37,41,5,0,343
4,3,RS,42,42,1,1,376
4,3,none,43,46,4,0,343
4,3,RS,47,48,2,1,376
4,3,none,49,49,1,0,343
4,3,RS,50,50,1,1,376
4,3,none,51,53,3,0,343
4,3,RS,54,54,1,1,376
4,3,none,55,55,1,0,343
4,3,RS,56,56,1,1,376
4,3,"PC,RS",57,57,1,2,357
4,3,RS,58,58,1,1,376
4,3,"PC,RS",59,59,1,2,357
4,3,RS,60,61,2,1,376
4,3,none,62,63,2,0,343
4,3,RS,64,64,1,1,376
4,3,none,65,69,5,0,343
4,3,RS,70,72,3,1,376
4,3,none,73,77,5,0,343
4,3,RS,78,82,5,1,376
4,3,none,83,86,4,0,343
4,3,PC,87,93,7,1,344
4,3,"PC,RS",94,95,2,2,357
4,3,PC,96,105,10,1,344
4,3,none,106,122,17,0,343
4,3,HV,123,124,2,1,320
4,3,none,125,128,4,0,343
4,3,HV,129,129,1,1,320
4,3,none,130,134,5,0,343
4,3,HV,135,135,1,1,320
4,3,none,136,148,13,0,343
4,3,"BW,HV",149,149,1,2,248
4,3,"BV,BW",150,150,1,2,159
4,3,"BW,HV",151,152,2,2,248
4,3,"BV,BW,HV",153,153,1,3,180
4,3,"BW,HV",154,155,2,2,248
4,3,HV,156,156,1,1,320
4,3,none,157,159,3,0,343
4,3,HV,160,160,1,1,320
4,3,"BV,HV",161,161,1,2,207
4,3,HV,162,162,1,1,320
4,3,"BV,BW,HV",163,163,1,3,180
4,3,"HV,RCL",164,164,1,2,337
4,3,"BW,HV,RCL",165,165,1,3,254
4,3,"BW,HV",166,166,1,2,248
4,3,none,167,186,20,0,343
4,3,HV,187,187,1,1,320
4,3,"BV,HV",188,188,1,2,207
4,3,"BW,HV,RCL",189,189,1,3,254
4,3,"BV,BW,HV,RCL",190,190,1,4,184
4,3,"BW,HV,RCL",191,191,1,3,254
4,3,"HV,RCL",192,200,9,2,337
4,3,HV,201,201,1,1,320
4,3,"HV,RCL",202,202,1,2,337
4,3,HV,203,204,2,1,320
4,3,"HV,RCL",205,205,1,2,337
4,3,HV,206,208,3,1,320
4,3,none,209,212,4,0,343
4,3,HV,213,213,1,1,320
4,3,none,214,214,1,0,343
4,3,HV,215,215,1,1,320
4,3,"HV,RCL",216,216,1,2,337
4,3,RCL,217,218,2,1,370
4,3,"HV,RCL",219,227,9,2,337
4,3,RCL,228,230,3,1,370
4,3,"HV,RCL",231,232,2,2,337
4,3,RCL,233,234,2,1,370
4,3,"HV,RCL",235,235,1,2,337
4,3,HV,236,237,2,1,320
4,3,none,238,238,1,0,343
4,3,HV,239,241,3,1,320
4,3,none,242,245,4,0,343
4,3,HV,246,248,3,1,320
4,3,none,249,259,11,0,343
4,3,HV,260,263,4,1,320
4,3,none,264,265,2,0,343
4,3,HV,266,266,1,1,320
4,3,none,267,272,6,0,343
4,3,RS,273,273,1,1,376
4,3,none,274,274,1,0,343
4,3,RS,275,278,4,1,376
4,3,none,279,280,2,0,343
4,3,RS,281,284,4,1,376
4,3,none,285,291,7,0,343
4,3,RS,292,292,1,1,376
4,3,none,293,295,3,0,343
4,3,GC,296,298,3,1,280
4,3,none,299,299,1,0,343
4,3,GC,300,301,2,1,280
4,3,none,302,306,5,0,343
4,3,GC,307,307,1,1,280
4,3,none,308,309,2,0,343
4,3,GC,310,310,1,1,280
4,3,none,311,347,37,0,343
4,3,RS,348,350,3,1,376
4,3,none,351,352,2,0,343
4,3,RS,353,353,1,1,376
4,4,RS,49,49,1,1,376
4,4,none,50,50,1,0,343
4,4,RS,51,53,3,1,376
4,4,none,54,54,1,0,343
4,4,RS,55,56,2,1,376
4,4,none,57,58,2,0,343
4,4,RS,59,59,1,1,376
4,4,"PC,RS",60,60,1,2,357
4,4,none,61,61,1,0,343
4,4,RS,62,62,1,1,376
4,4,none,63,66,4,0,343
4,4,"PC,RS",67,69,3,2,357
4,4,PC,70,70,1,1,344
4,4,none,71,72,2,0,343
4,4,"PC,RS",73,76,4,2,357
4,4,PC,77,77,1,1,344
4,4,"PC,RS",78,78,1,2,357
4,4,PC,79,80,2,1,344
4,4,"PC,RS",81,81,1,2,357
4,4,none,82,82,1,0,343
4,4,"PC,RS",83,83,1,2,357
4,4,PC,84,84,1,1,344
4,4,"PC,RS",85,87,3,2,357
4,4,"PC,RP,RS",88,89,2,3,356
4,4,PC,90,91,2,1,344
4,4,"PC,RS",92,94,3,2,357
4,4,PC,95,100,6,1,344
4,4,"PC,RS",101,102,2,2,357
4,4,none,103,103,1,0,343
4,4,"HV,RS",104,104,1,2,342
4,4,HV,105,105,1,1,320
4,4,none,106,106,1,0,343
4,4,HV,107,107,1,1,320
4,4,none,108,113,6,0,343
4,4,RS,114,114,1,1,376
4,4,none,115,115,1,0,343
4,4,"HV,RS",116,117,2,2,342
4,4,RS,118,118,1,1,376
4,4,"HV,RS",119,121,3,2,342
4,4,RS,122,126,5,1,376
4,4,"HV,RS",127,127,1,2,342
4,4,RS,128,132,5,1,376
4,4,HV,133,135,3,1,320
4,4,BW,136,136,1,1,220
4,4,none,137,138,2,0,343
4,4,HV,139,139,1,1,320
4,4,"BW,HV",140,140,1,2,248
4,4,BW,141,141,1,1,220
4,4,none,142,142,1,0,343
4,4,"BW,HV,RS",143,144,2,3,259
4,4,HV,145,145,1,1,320
4,4,none,146,146,1,0,343
4,4,"BW,HV,RS",147,148,2,3,259
4,4,"HV,RS",149,149,1,2,342
4,4,RS,150,150,1,1,376
4,4,"BW,HV,RS",151,156,6,3,259
4,4,"HV,RS",157,158,2,2,342
4,4,"BV,GC,HV,RS",159,159,1,4,200
4,4,"BV,HV,RS",160,160,1,3,215
4,4,"BV,RS",161,161,1,2,219
4,4,"HV,RS",162,165,4,2,342
4,4,"HC,HV,RS",166,167,2,3,312
4,4,HV,168,185,18,1,320
4,4,none,186,186,1,0,343
4,4,HV,187,187,1,1,320
4,4,"HV,RS",188,188,1,2,342
4,4,HV,189,189,1,1,320
4,4,none,190,198,9,0,343
4,4,HV,199,201,3,1,320
4,4,"HV,RCL",202,203,2,2,337
4,4,RCL,204,205,2,1,370
4,4,"HV,RCL,RS",206,209,4,3,339
4,4,none,210,222,13,0,343
4,4,HV,223,236,14,1,320
4,4,"HV,RCL",237,239,3,2,337
4,4,none,240,244,5,0,343
4,4,HV,245,246,2,1,320
4,4,none,247,258,12,0,343
4,4,"HV,RCL",259,259,1,2,337
4,4,none,260,302,43,0,343
4,4,RS,303,303,1,1,376
4,4,none,304,308,5,0,343
4,4,RS,309,310,2,1,376
4,4,none,311,330,20,0,343
4,4,RS,331,331,1,1,376
4,4,none,332,333,2,0,343
4,4,RS,334,334,1,1,376
4,4,none,335,335,1,0,343
4,4,RS,336,338,3,1,376
4,4,none,339,349,11,0,343
4,4,RS,350,351,2,1,376
4,4,none,352,358,7,0,343
4,4,RS,359,359,1,1,376
4,4,none,360,362,3,0,343
4,4,RS,363,363,1,1,376
4,5,PC,27,27,1,1,344
4,5,none,28,54,27,0,343
4,5,PC,55,65,11,1,344
4,5,"PC,RS",66,68,3,2,357
4,5,PC,69,69,1,1,344
4,5,"PC,RS",70,73,4,2,357
4,5,none,74,77,4,0,343
4,5,RS,78,80,3,1,376
4,5,"PC,RS",81,81,1,2,357
4,5,PC,82,82,1,1,344
4,5,"PC,RS",83,85,3,2,357
4,5,PC,86,89,4,1,344
4,5,"PC,RS",90,91,2,2,357
4,5,PC,92,92,1,1,344
4,5,none,93,105,13,0,343
4,5,RS,106,106,1,1,376
4,5,none,107,107,1,0,343
4,5,RCL,108,108,1,1,370
4,5,none,109,110,2,0,343
4,5,RCL,111,111,1,1,370
4,5,none,112,115,4,0,343
4,5,RCL,116,120,5,1,370
4,5,none,121,121,1,0,343
4,5,RCL,122,145,24,1,370
4,5,"HV,RCL",146,146,1,2,337
4,5,RCL,147,152,6,1,370
4,5,none,153,185,33,0,343
4,5,HV,186,186,1,1,320
4,5,none,187,210,24,0,343
4,5,RCL,211,211,1,1,370
4,5,none,212,215,4,0,343
4,5,RCL,216,217,2,1,370
4,5,none,218,218,1,0,343
4,5,RCL,219,224,6,1,370
4,5,"HV,RCL",225,225,1,2,337
4,5,none,226,227,2,0,343
4,5,RCL,228,232,5,1,370
4,5,none,233,233,1,0,343
4,5,RCL,234,234,1,1,370
4,5,none,235,235,1,0,343
4,5,RCL,236,239,4,1,370
4,5,none,240,240,1,0,343
4,5,RCL,241,243,3,1,370
4,5,none,244,247,4,0,343
4,5,HV,248,249,2,1,320
4,5,RCL,250,252,3,1,370
4,5,"HV,RCL",253,255,3,2,337
4,5,RCL,256,256,1,1,370
4,5,none,257,260,4,0,343
4,5,"HV,RCL",261,261,1,2,337
4,5,RCL,262,262,1,1,370
4,5,none,263,266,4,0,343
4,5,HV,267,267,1,1,320
4,5,none,268,288,21,0,343
4,5,RS,289,289,1,1,376
4,5,none,290,294,5,0,343
4,5,RS,295,295,1,1,376
4,6,PC,56,56,1,1,344
4,6,none,57,58,2,0,343
4,6,PC,59,61,3,1,344
4,6,none,62,67,6,0,343
4,6,PC,68,68,1,1,344
4,6,none,69,72,4,0,343
4,6,PC,73,73,1,1,344
4,6,none,74,82,9,0,343
4,6,PC,83,85,3,1,344
4,6,none,86,86,1,0,343
4,6,PC,87,88,2,1,344
4,6,none,89,91,3,0,343
4,6,PC,92,92,1,1,344
4,6,none,93,105,13,0,343
4,6,PC,106,109,4,1,344
4,6,none,110,111,2,0,343
4,6,PC,112,112,1,1,344
4,6,none,113,113,1,0,343
4,6,PC,114,115,2,1,344
4,6,"HV,PC",116,117,2,2,321
4,6,HV,118,120,3,1,320
4,6,none,121,121,1,0,343
4,6,HV,122,124,3,1,320
4,6,none,125,128,4,0,343
4,6,HV,129,129,1,1,320
4,6,none,130,130,1,0,343
4,6,HC,131,131,1,1,305
4,6,HV,132,132,1,1,320
4,6,none,133,133,1,0,343
4,6,HV,134,135,2,1,320
4,6,none,136,137,2,0,343
4,6,HV,138,141,4,1,320
4,6,none,142,145,4,0,343
4,6,RCL,146,147,2,1,370
4,6,"HV,RCL",148,148,1,2,337
4,6,none,149,149,1,0,343
4,6,RCL,150,152,3,1,370
4,6,"HV,RCL",153,156,4,2,337
4,6,RCL,157,160,4,1,370
4,6,"HV,RCL",161,161,1,2,337
4,6,RCL,162,168,7,1,370
4,6,none,169,169,1,0,343
4,6,RCL,170,170,1,1,370
4,6,none,171,174,4,0,343
4,6,HV,175,175,1,1,320
4,6,none,176,180,5,0,343
4,6,RCA,181,181,1,1,366
4,6,none,182,186,5,0,343
4,6,RCA,187,187,1,1,366
4,6,none,188,194,7,0,343
4,6,HV,195,197,3,1,320
4,6,none,198,216,19,0,343
4,6,"HV,RCL",217,218,2,2,337
4,6,RCL,219,219,1,1,370
4,6,none,220,234,15,0,343
4,6,"HV,RCL",235,235,1,2,337
4,6,RCL,236,238,3,1,370
4,6,none,239,239,1,0,343
4,6,RCL,240,240,1,1,370
4,6,none,241,245,5,0,343
4,6,HV,246,246,1,1,320
4,6,none,247,260,14,0,343
4,6,HV,261,261,1,1,320
4,6,none,262,266,5,0,343
4,6,HV,267,267,1,1,320
4,6,RS,268,268,1,1,376
4,6,none,269,287,19,0,343
4,6,RS,288,294,7,1,376
4,6,none,295,295,1,0,343
4,6,RS,296,296,1,1,376
4,6,none,297,297,1,0,343
4,6,RS,298,299,2,1,376
4,6,none,300,301,2,0,343
4,6,RS,302,302,1,1,376
4,6,none,303,310,8,0,343
4,6,RS,311,314,4,1,376
4,6,none,315,318,4,0,343
4,6,RS,319,319,1,1,376
4,6,none,320,325,6,0,343
4,6,RS,326,328,3,1,376
4,7,PC,20,20,1,1,344
4,7,none,21,22,2,0,343
4,7,PC,23,23,1,1,344
4,7,none,24,25,2,0,343
4,7,PC,26,26,1,1,344
4,7,none,27,29,3,0,343
4,7,PC,30,30,1,1,344
4,7,none,31,44,14,0,343
4,7,PC,45,47,3,1,344
4,7,"PC,RS",48,48,1,2,357
4,7,PC,49,50,2,1,344
4,7,"PC,RS",51,51,1,2,357
4,7,PC,52,53,2,1,344
4,7,none,54,55,2,0,343
4,7,"PC,RS",56,56,1,2,357
4,7,PC,57,57,1,1,344
4,7,none,58,61,4,0,343
4,7,"PC,RS",62,62,1,2,357
4,7,PC,63,66,4,1,344
4,7,none,67,69,3,0,343
4,7,PC,70,70,1,1,344
4,7,none,71,75,5,0,343
4,7,PC,76,81,6,1,344
4,7,none,82,82,1,0,343
4,7,PC,83,86,4,1,344
4,7,none,87,97,11,0,343
4,7,PC,98,99,2,1,344
4,7,none,100,100,1,0,343
4,7,"PC,RCL",101,101,1,2,351
4,7,none,102,104,3,0,343
4,7,RCL,105,106,2,1,370
4,7,"HV,RCL",107,107,1,2,337
4,7,RCL,108,108,1,1,370
4,7,"HV,RCL",109,112,4,2,337
4,7,"BV,HV,RCL",113,114,2,3,213
4,7,RCL,115,118,4,1,370
4,7,"HV,RCL",119,120,2,2,337
4,7,none,121,126,6,0,343
4,7,RCL,127,127,1,1,370
4,7,none,128,128,1,0,343
4,7,RCL,129,129,1,1,370
4,7,"HV,RCL",130,130,1,2,337
4,7,RCL,131,131,1,1,370
4,7,none,132,132,1,0,343
4,7,RCL,133,137,5,1,370
4,7,"HV,RCL",138,138,1,2,337
4,7,RCL,139,141,3,1,370
4,7,HV,142,142,1,1,320
4,7,none,143,143,1,0,343
4,7,RCL,144,144,1,1,370
4,7,HV,145,145,1,1,320
4,7,RCL,146,147,2,1,370
4,7,"HV,RCL",148,151,4,2,337
4,7,RCL,152,152,1,1,370
4,7,"HV,RCL",153,154,2,2,337
4,7,RCL,155,156,2,1,370
4,7,"HV,RCL",157,157,1,2,337
4,7,RCL,158,158,1,1,370
4,7,"HV,RCL",159,160,2,2,337
4,7,RCL,161,161,1,1,370
4,7,"HV,RCL",162,162,1,2,337
4,7,RCL,163,169,7,1,370
4,7,"HV,RCL",170,170,1,2,337
4,7,RCL,171,171,1,1,370
4,7,"HV,RCL",172,172,1,2,337
4,7,RCL,173,173,1,1,370
4,7,none,174,174,1,0,343
4,7,RCL,175,175,1,1,370
4,7,"HV,RCL",176,178,3,2,337
4,7,RCL,179,180,2,1,370
4,7,"HV,RCL",181,184,4,2,337
4,7,HV,185,185,1,1,320
4,7,RCL,186,191,6,1,370
4,7,"HV,RCL",192,193,2,2,337
4,7,HV,194,195,2,1,320
4,7,"HV,RCL",196,196,1,2,337
4,7,RCL,197,197,1,1,370
4,7,"HV,RCL",198,208,11,2,337
4,7,HV,209,210,2,1,320
4,7,"HV,RCL",211,214,4,2,337
4,7,"BV,HV,RCL",215,215,1,3,213
4,7,"HV,RCL",216,216,1,2,337
4,7,HV,217,217,1,1,320
4,7,"BV,HV",218,219,2,2,207
4,7,HV,220,221,2,1,320
4,7,"HV,RS",222,228,7,2,342
4,7,"BV,HV,RS",229,229,1,3,215
4,7,"HV,RS",230,232,3,2,342
4,7,HV,233,239,7,1,320
4,7,"BV,HV",240,240,1,2,207
4,7,"BV,HV,RCL",241,241,1,3,213
4,7,"HV,RCL",242,246,5,2,337
4,7,HV,247,247,1,1,320
4,7,none,248,248,1,0,343
4,7,HV,249,253,5,1,320
4,7,none,254,254,1,0,343
4,7,HV,255,258,4,1,320
4,7,none,259,265,7,0,343
4,7,RS,266,266,1,1,376
4,7,none,267,271,5,0,343
4,7,RS,272,274,3,1,376
4,7,none,275,275,1,0,343
4,7,RS,276,283,8,1,376
4,7,none,284,289,6,0,343
4,7,RS,290,290,1,1,376
4,7,none,291,292,2,0,343
4,7,RS,293,294,2,1,376
4,7,none,295,296,2,0,343
4,7,RS,297,297,1,1,376
4,7,none,298,298,1,0,343
4,7,RS,299,299,1,1,376
4,8,PC,32,32,1,1,344
4,8,none,33,42,10,0,343
4,8,PC,43,43,1,1,344
4,8,none,44,48,5,0,343
4,8,PC,49,49,1,1,344
4,8,none,50,52,3,0,343
4,8,PC,53,53,1,1,344
4,8,none,54,54,1,0,343
4,8,PC,55,57,3,1,344
4,8,none,58,62,5,0,343
4,8,PC,63,73,11,1,344
4,8,"PC,PT",74,75,2,2,345
4,8,PC,76,83,8,1,344
4,8,none,84,85,2,0,343
4,8,PC,86,90,5,1,344
4,8,none,91,91,1,0,343
4,8,PC,92,99,8,1,344
4,8,none,100,112,13,0,343
4,8,"HV,RCL",113,113,1,2,337
4,8,HV,114,114,1,1,320
4,8,"HV,RCL",115,115,1,2,337
4,8,HV,116,118,3,1,320
4,8,none,119,123,5,0,343
4,8,HV,124,126,3,1,320
4,8,none,127,138,12,0,343
4,8,"BV,HV",139,140,2,2,207
4,8,HV,141,141,1,1,320
4,8,none,142,147,6,0,343
4,8,HV,148,149,2,1,320
4,8,none,150,155,6,0,343
4,8,HV,156,156,1,1,320
4,8,none,157,157,1,0,343
4,8,HV,158,158,1,1,320
4,8,none,159,159,1,0,343
4,8,RCL,160,160,1,1,370
4,8,HV,161,162,2,1,320
4,8,"BV,HV,RCL",163,163,1,3,213
4,8,none,164,165,2,0,343
4,8,RCL,166,169,4,1,370
4,8,"BV,RCL",170,170,1,2,217
4,8,"HV,RCL",171,172,2,2,337
4,8,RCL,173,192,20,1,370
4,8,"HC,HV,RCL",193,193,1,3,310
4,8,"HC,HV",194,194,1,2,306
4,8,none,195,195,1,0,343
4,8,RCL,196,197,2,1,370
4,8,HC,198,199,2,1,305
4,8,none,200,203,4,0,343
4,8,"HC,HV",204,205,2,2,306
4,8,"HC,RCL",206,206,1,2,317
4,8,none,207,210,4,0,343
4,8,RCL,211,212,2,1,370
4,8,none,213,213,1,0,343
4,8,RCL,214,214,1,1,370
4,8,none,215,216,2,0,343
4,8,RCL,217,217,1,1,370
4,8,none,218,218,1,0,343
4,8,RCL,219,219,1,1,370
4,8,HC,220,220,1,1,305
4,8,none,221,222,2,0,343
4,8,RCL,223,224,2,1,370
4,8,none,225,237,13,0,343
4,8,RCL,238,239,2,1,370
4,8,none,240,242,3,0,343
4,8,HV,243,243,1,1,320
4,8,RCL,244,244,1,1,370
4,8,"HV,RCL",245,245,1,2,337
4,8,none,246,251,6,0,343
4,8,"HV,RCL",252,252,1,2,337
4,8,none,253,253,1,0,343
4,8,RCL,254,256,3,1,370
4,8,HV,257,257,1,1,320
4,8,"HV,RCL,RS",258,263,6,3,339
4,8,"RCL,RS",264,265,2,2,373
4,8,"HV,RCL,RS",266,266,1,3,339
4,8,"RCL,RS",267,268,2,2,373
4,8,none,269,269,1,0,343
4,8,RS,270,270,1,1,376
4,8,none,271,271,1,0,343
4,8,RCL,272,272,1,1,370
4,8,"RCL,RS",273,273,1,2,373
4,8,RS,274,276,3,1,376
4,8,none,277,283,7,0,343
4,8,RS,284,285,2,1,376
4,8,none,286,331,46,0,343
4,8,RS,332,332,1,1,376
4,8,none,333,335,3,0,343
4,8,RS,336,336,1,1,376
4,9,PC,54,54,1,1,344
4,9,none,55,58,4,0,343
4,9,PC,59,61,3,1,344
4,9,none,62,62,1,0,343
4,9,PC,63,67,5,1,344
4,9,none,68,68,1,0,343
4,9,PC,69,71,3,1,344
4,9,none,72,72,1,0,343
4,9,PC,73,73,1,1,344
4,9,none,74,78,5,0,343
4,9,PC,79,79,1,1,344
4,9,none,80,80,1,0,343
4,9,PC,81,81,1,1,344
4,9,none,82,82,1,0,343
4,9,PC,83,83,1,1,344
4,9,none,84,84,1,0,343
4,9,PC,85,85,1,1,344
4,9,none,86,89,4,0,343
4,9,PC,90,91,2,1,344
4,9,none,92,93,2,0,343
4,9,PC,94,94,1,1,344
4,9,none,95,96,2,0,343
4,9,PC,97,97,1,1,344
4,9,none,98,98,1,0,343
4,9,PC,99,99,1,1,344
4,9,"PC,PT",100,101,2,2,345
4,9,PC,102,104,3,1,344
4,9,none,105,105,1,0,343
4,9,PC,106,106,1,1,344
4,9,none,107,109,3,0,343
4,9,PC,110,111,2,1,344
4,9,"HC,PC",112,112,1,2,313
4,9,PC,113,113,1,1,344
4,9,none,114,115,2,0,343
4,9,"PC,PT",116,116,1,2,345
4,9,PC,117,119,3,1,344
4,9,none,120,120,1,0,343
4,9,PC,121,121,1,1,344
4,9,none,122,128,7,0,343
4,9,PC,129,129,1,1,344
4,9,none,130,131,2,0,343
4,9,PC,132,134,3,1,344
4,9,"HV,PC",135,135,1,2,321
4,9,"HV,RCL",136,139,4,2,337
4,9,HV,140,140,1,1,320
4,9,RCL,141,142,2,1,370
4,9,none,143,143,1,0,343
4,9,HV,144,148,5,1,320
4,9,"HC,RCL",149,149,1,2,317
4,9,"HV,RCL",150,150,1,2,337
4,9,RCL,151,151,1,1,370
4,9,"HV,RCL",152,154,3,2,337
4,9,RCL,155,155,1,1,370
4,9,none,156,156,1,0,343
4,9,HV,157,159,3,1,320
4,9,RCL,160,169,10,1,370
4,9,"HV,RCL",170,170,1,2,337
4,9,HV,171,171,1,1,320
4,9,"HV,RCL",172,173,2,2,337
4,9,none,174,181,8,0,343
4,9,RCL,182,184,3,1,370
4,9,none,185,186,2,0,343
4,9,RCL,187,187,1,1,370
4,9,none,188,191,4,0,343
4,9,RCL,192,192,1,1,370
4,9,none,193,201,9,0,343
4,9,HV,202,202,1,1,320
4,9,none,203,204,2,0,343
4,9,HV,205,205,1,1,320
4,9,none,206,233,28,0,343
4,9,HV,234,235,2,1,320
4,9,none,236,237,2,0,343
4,9,HV,238,239,2,1,320
4,9,none,240,266,27,0,343
4,9,"HV,RCL",267,268,2,2,337
4,9,none,269,270,2,0,343
4,9,RCL,271,273,3,1,370
4,9,"RCL,RS",274,274,1,2,373
4,9,RCL,275,275,1,1,370
4,9,"HV,RCL",276,276,1,2,337
4,9,"RCL,RS",277,277,1,2,373
4,9,RCL,278,280,3,1,370
4,9,"RCL,RS",281,281,1,2,373
4,9,none,282,282,1,0,343
4,9,"HV,RCL",283,283,1,2,337
4,9,"RCL,RS",284,287,4,2,373
4,9,RCL,288,288,1,1,370
4,9,HV,289,289,1,1,320
4,9,none,290,301,12,0,343
4,9,RS,302,302,1,1,376
4,9,none,303,309,7,0,343
4,9,RS,310,311,2,1,376
4,9,none,312,313,2,0,343
4,9,RS,314,315,2,1,376
4,9,none,316,331,16,0,343
4,9,RCL,332,332,1,1,370
4,9,none,333,335,3,0,343
4,9,RCL,336,341,6,1,370
4,9,none,342,343,2,0,343
4,9,RCL,344,344,1,1,370
4,9,none,345,353,9,0,343
4,9,PC,354,354,1,1,344
4,10,PT,27,27,1,1,358
4,10,none,28,65,38,0,343
4,10,PT,66,66,1,1,358
4,10,none,67,76,10,0,343
4,10,PC,77,78,2,1,344
4,10,none,79,86,8,0,343
4,10,PC,87,87,1,1,344
4,10,none,88,89,2,0,343
4,10,PC,90,92,3,1,344
4,10,none,93,93,1,0,343
4,10,PC,94,96,3,1,344
4,10,none,97,100,4,0,343
4,10,RS,101,101,1,1,376
4,10,PC,102,103,2,1,344
4,10,none,104,104,1,0,343
4,10,PC,105,106,2,1,344
4,10,none,107,109,3,0,343
4,10,PC,110,110,1,1,344
4,10,none,111,116,6,0,343
4,10,HV,117,117,1,1,320
4,10,"HV,RCL",118,118,1,2,337
4,10,RCL,119,123,5,1,370
4,10,"HV,RCL",124,124,1,2,337
4,10,RCL,125,127,3,1,370
4,10,"HV,RCL",128,128,1,2,337
4,10,RCL,129,141,13,1,370
4,10,none,142,142,1,0,343
4,10,RCL,143,149,7,1,370
4,10,none,150,156,7,0,343
4,10,HV,157,161,5,1,320
4,10,"BV,HV",162,162,1,2,207
4,10,HV,163,163,1,1,320
4,10,RCL,164,164,1,1,370
4,10,"HV,RCL",165,165,1,2,337
4,10,HV,166,169,4,1,320
4,10,none,170,178,9,0,343
4,10,HV,179,179,1,1,320
4,10,"HV,RCL",180,181,2,2,337
4,10,HV,182,182,1,1,320
4,10,none,183,185,3,0,343
4,10,HV,186,186,1,1,320
4,10,"GC,HV",187,187,1,2,289
4,10,"GC,RCL",188,188,1,2,302
4,10,RCL,189,194,6,1,370
4,10,none,195,195,1,0,343
4,10,RCL,196,196,1,1,370
4,10,none,197,207,11,0,343
4,10,"HV,RCL",208,209,2,2,337
4,10,HV,210,210,1,1,320
4,10,"HV,RCL",211,211,1,2,337
4,10,RCL,212,214,3,1,370
4,10,HV,215,215,1,1,320
4,10,"BW,HC,HV,RCL",216,216,1,4,242
4,10,"HC,RCL",217,217,1,2,317
4,10,"BV,HC,RCL",218,218,1,3,206
4,10,"HC,RCL",219,219,1,2,317
4,10,RCL,220,220,1,1,370
4,10,"HC,HV,RCL",221,221,1,3,310
4,10,HV,222,222,1,1,320
4,10,none,223,223,1,0,343
4,10,BV,224,224,1,1,158
4,10,"BV,HV",225,225,1,2,207
4,10,"BV,HV,RCL",226,227,2,3,213
4,10,RCL,228,228,1,1,370
4,10,"HV,RCL",229,229,1,2,337
4,10,RCL,230,233,4,1,370
4,10,"BV,HV,RCL",234,236,3,3,213
4,10,RCL,237,254,18,1,370
4,10,"HC,RCL,RS",255,255,1,3,318
4,10,RCL,256,256,1,1,370
4,10,"HC,RCL,RS",257,258,2,3,318
4,10,"RCL,RS",259,259,1,2,373
4,10,RCL,260,268,9,1,370
4,10,"HV,RCL,RS",269,269,1,3,339
4,10,"RCL,RS",270,271,2,2,373
4,10,"HV,RCL,RS",272,273,2,3,339
4,10,"RCL,RS",274,275,2,2,373
4,10,"HV,RCL,RS",276,276,1,3,339
4,10,"RCL,RS",277,286,10,2,373
4,10,RS,287,292,6,1,376
4,10,none,293,293,1,0,343
4,10,RS,294,294,1,1,376
4,10,none,295,295,1,0,343
4,10,RS,296,296,1,1,376
4,10,none,297,298,2,0,343
4,10,RS,299,299,1,1,376
4,10,none,300,300,1,0,343
4,10,RS,301,303,3,1,376
4,10,none,304,311,8,0,343
4,10,RS,312,314,3,1,376
4,10,none,315,316,2,0,343
4,10,RS,317,318,2,1,376
4,10,none,319,319,1,0,343
4,10,RS,320,324,5,1,376
4,11,RS,56,56,1,1,376
4,11,none,57,88,32,0,343
4,11,PC,89,89,1,1,344
4,11,none,90,92,3,0,343
4,11,PC,93,95,3,1,344
4,11,none,96,96,1,0,343
4,11,PC,97,97,1,1,344
4,11,none,98,98,1,0,343
4,11,PC,99,99,1,1,344
4,11,none,100,101,2,0,343
4,11,PC,102,102,1,1,344
4,11,none,103,105,3,0,343
4,11,PC,106,106,1,1,344
4,11,none,107,138,32,0,343
4,11,HV,139,139,1,1,320
4,11,none,140,141,2,0,343
4,11,HV,142,142,1,1,320
4,11,"BV,HV",143,143,1,2,207
4,11,"BV,HV,RS",144,144,1,3,215
4,11,none,145,146,2,0,343
4,11,"BV,HV",147,148,2,2,207
4,11,none,149,156,8,0,343
4,11,RCL,157,157,1,1,370
4,11,HV,158,158,1,1,320
4,11,"BV,HV,RCL,RS",159,159,1,4,214
4,11,RCL,160,167,8,1,370
4,11,"BV,HV,RCL",168,168,1,3,213
4,11,RCL,169,177,9,1,370
4,11,none,178,196,19,0,343
4,11,RCL,197,199,3,1,370
4,11,"BV,HV,RCL",200,202,3,3,213
4,11,"BV,RCL",203,203,1,2,217
4,11,RCL,204,219,16,1,370
4,11,none,220,222,3,0,343
4,11,RCL,223,226,4,1,370
4,11,none,227,228,2,0,343
4,11,RCL,229,232,4,1,370
4,11,"BV,RCL",233,233,1,2,217
4,11,"BV,HC,RCL",234,236,3,3,206
4,11,RCL,237,238,2,1,370
4,11,"HC,RCL",239,239,1,2,317
4,11,RCL,240,240,1,1,370
4,11,none,241,241,1,0,343
4,11,RCL,242,242,1,1,370
4,11,none,243,263,21,0,343
4,11,RCL,264,269,6,1,370
4,11,none,270,270,1,0,343
4,11,RCL,271,278,8,1,370
4,11,none,279,279,1,0,343
4,11,RCL,280,281,2,1,370
4,11,"RCL,RS",282,282,1,2,373
4,11,RCL,283,284,2,1,370
4,11,"RCL,RS",285,286,2,2,373
4,11,RCL,287,287,1,1,370
4,11,"RCL,RS",288,289,2,2,373
4,11,RS,290,292,3,1,376
4,11,none,293,293,1,0,343
4,11,RS,294,294,1,1,376
4,11,none,295,299,5,0,343
4,11,RS,300,301,2,1,376
4,11,none,302,302,1,0,343
4,11,RS,303,303,1,1,376
4,12,RS,96,101,6,1,376
4,12,none,102,103,2,0,343
4,12,RS,104,104,1,1,376
4,12,none,105,105,1,0,343
4,12,RS,106,106,1,1,376
4,12,none,107,107,1,0,343
4,12,RS,108,112,5,1,376
4,12,none,113,113,1,0,343
4,12,RS,114,115,2,1,376
4,12,"AC,RCL",116,116,1,2,154
4,12,RCL,117,121,5,1,370
4,12,"RCL,RS",122,122,1,2,373
4,12,"AC,RCL,RS",123,123,1,3,155
4,12,"AC,RCL",124,124,1,2,154
4,12,RCL,125,125,1,1,370
4,12,"AC,RCL",126,126,1,2,154
4,12,"RCL,RS",127,127,1,2,373
4,12,RCL,128,128,1,1,370
4,12,"AC,RCL,RS",129,129,1,3,155
4,12,"RCL,RS",130,130,1,2,373
4,12,"AC,RCL,RS",131,131,1,3,155
4,12,RCL,132,132,1,1,370
4,12,"RCL,RS",133,135,3,2,373
4,12,RCL,136,136,1,1,370
4,12,"RCL,RS",137,138,2,2,373
4,12,RCL,139,142,4,1,370
4,12,"HV,RCL",143,143,1,2,337
4,12,RCL,144,150,7,1,370
4,12,none,151,155,5,0,343
4,12,RCL,156,171,16,1,370
4,12,none,172,172,1,0,343
4,12,RCL,173,178,6,1,370
4,12,"HV,RCL",179,179,1,2,337
4,12,RCL,180,185,6,1,370
4,12,"RCL,RS",186,186,1,2,373
4,12,RCL,187,201,15,1,370
4,12,RS,202,202,1,1,376
4,12,none,203,212,10,0,343
4,12,RS,213,213,1,1,376
4,12,RCL,214,214,1,1,370
4,12,none,215,216,2,0,343
4,12,RCL,217,217,1,1,370
4,12,none,218,218,1,0,343
4,12,RCL,219,223,5,1,370
4,12,"RCL,RS",224,224,1,2,373
4,12,RCL,225,225,1,1,370
4,12,"AC,RCL",226,226,1,2,154
4,12,RCL,227,231,5,1,370
4,12,"AC,RCL",232,232,1,2,154
4,12,RCL,233,239,7,1,370
4,12,none,240,240,1,0,343
4,12,"RCL,RS",241,241,1,2,373
4,12,RCL,242,246,5,1,370
4,12,"RCL,RS",247,247,1,2,373
4,12,RCL,248,250,3,1,370
4,12,"RCL,RS",251,251,1,2,373
4,12,RCL,252,253,2,1,370
4,12,"RCL,RS",254,255,2,2,373
4,12,RCL,256,257,2,1,370
4,12,"RCL,RS",258,258,1,2,373
4,12,RS,259,259,1,1,376
4,12,none,260,260,1,0,343
4,12,RS,261,261,1,1,376
4,12,none,262,270,9,0,343
4,12,RS,271,274,4,1,376
4,12,none,275,277,3,0,343
4,12,RS,278,278,1,1,376
4,12,none,279,279,1,0,343
4,12,RS,280,280,1,1,376
4,12,none,281,285,5,0,343
4,12,RS,286,289,4,1,376
4,12,none,290,291,2,0,343
4,12,RS,292,292,1,1,376
4,12,none,293,294,2,0,343
4,12,RS,295,295,1,1,376
4,12,none,296,297,2,0,343
4,12,"HV,RS",298,298,1,2,342
4,12,RS,299,299,1,1,376
4,12,none,300,305,6,0,343
4,12,RS,306,306,1,1,376
4,12,none,307,307,1,0,343
4,12,RS,308,308,1,1,376
4,12,none,309,309,1,0,343
4,12,RS,310,310,1,1,376
4,12,none,311,313,3,0,343
4,12,RS,314,314,1,1,376
4,12,none,315,317,3,0,343
4,12,RS,318,318,1,1,376
4,12,none,319,323,5,0,343
4,12,RS,324,324,1,1,376
4,12,none,325,357,33,0,343
4,12,PC,358,358,1,1,344
4,13,PC,6,6,1,1,344
4,13,none,7,15,9,0,343
4,13,PC,16,16,1,1,344
4,13,none,17,34,18,0,343
4,13,PC,35,35,1,1,344
4,13,none,36,36,1,0,343
4,13,PC,37,40,4,1,344
4,13,none,41,44,4,0,343
4,13,PC,45,49,5,1,344
4,13,none,50,50,1,0,343
4,13,PC,51,52,2,1,344
4,13,none,53,53,1,0,343
4,13,PC,54,66,13,1,344
4,13,"PC,RS",67,67,1,2,357
4,13,PC,68,70,3,1,344
4,13,none,71,71,1,0,343
4,13,PC,72,73,2,1,344
4,13,none,74,74,1,0,343
4,13,PC,75,78,4,1,344
4,13,"PC,RS",79,79,1,2,357
4,13,PC,80,83,4,1,344
4,13,none,84,88,5,0,343
4,13,PC,89,90,2,1,344
4,13,none,91,93,3,0,343
4,13,PC,94,94,1,1,344
4,13,"PC,RS",95,95,1,2,357
4,13,PC,96,99,4,1,344
4,13,"PC,RS",100,101,2,2,357
4,13,PC,102,102,1,1,344
4,13,none,103,106,4,0,343
4,13,RS,107,108,2,1,376
4,13,none,109,113,5,0,343
4,13,RS,114,114,1,1,376
4,13,none,115,115,1,0,343
4,13,"BW,HV,RS",116,116,1,3,259
4,13,"PC,RS",117,117,1,2,357
4,13,"AC,BW,HV",118,118,1,3,97
4,13,"HV,RS",119,119,1,2,342
4,13,RS,120,120,1,1,376
4,13,none,121,121,1,0,343
4,13,HV,122,122,1,1,320
4,13,"AC,HV",123,124,2,2,141
4,13,"AC,HV,RS",125,125,1,3,147
4,13,AC,126,126,1,1,1
4,13,"AC,RS",127,127,1,2,157
4,13,none,128,128,1,0,343
4,13,RS,129,129,1,1,376
4,13,AC,130,130,1,1,1
4,13,"AC,HV",131,131,1,2,141
4,13,AC,132,132,1,1,1
4,13,"AC,HV",133,133,1,2,141
4,13,AC,134,134,1,1,1
4,13,RS,135,135,1,1,376
4,13,AC,136,136,1,1,1
4,13,"AC,RS",137,137,1,2,157
4,13,AC,138,138,1,1,1
4,13,"AC,HV,RS",139,139,1,3,147
4,13,"AC,HV",140,140,1,2,141
4,13,none,141,141,1,0,343
4,13,"AC,RS",142,142,1,2,157
4,13,"AC,HV",143,143,1,2,141
4,13,"AC,BV,BW,HV,RCL,RS",144,144,1,6,37
4,13,"AC,BV,BW,HV,RCL",145,145,1,5,36
4,13,"AC,BW,HV,RCL",146,146,1,4,100
4,13,"AC,RCL",147,148,2,2,154
4,13,RCL,149,149,1,1,370
4,13,none,150,150,1,0,343
4,13,AC,151,151,1,1,1
4,13,none,152,153,2,0,343
4,13,RCL,154,154,1,1,370
4,13,"AC,RCL",155,155,1,2,154
4,13,"AC,BW,HV,RCL",156,157,2,4,100
4,13,"AC,BW,HV,RCL,RS",158,158,1,5,101
4,13,"AC,RCL",159,162,4,2,154
4,13,"AC,RCL,RS",163,163,1,3,155
4,13,"AC,BV,BW,HV,RCL",164,164,1,5,36
4,13,"AC,BV,RCL",165,165,1,3,70
4,13,"AC,RCL",166,168,3,2,154
4,13,"AC,BW,RCL",169,169,1,3,105
4,13,"AC,BV,BW,HV,RCL",170,170,1,5,36
4,13,"AC,RCL",171,172,2,2,154
4,13,"AC,HV,RCA,RCL",173,173,1,4,143
4,13,"AC,BV,HV,RCL",174,174,1,4,66
4,13,"AC,RCL",175,175,1,2,154
4,13,"AC,BV,RCL",176,176,1,3,70
4,13,"AC,RCL",177,178,2,2,154
4,13,RCL,179,179,1,1,370
4,13,"AC,BV,BW,HV,RCL",180,181,2,5,36
4,13,"AC,BV,HV,RCL",182,182,1,4,66
4,13,"AC,HC,HV,RCL",183,183,1,4,133
4,13,"AC,RCL",184,184,1,2,154
4,13,RCL,185,185,1,1,370
4,13,"AC,RCL",186,186,1,2,154
4,13,RCL,187,187,1,1,370
4,13,"AC,RCL",188,192,5,2,154
4,13,"AC,HV,RCL",193,194,2,3,145
4,13,"HV,RCL",195,196,2,2,337
4,13,"AC,BW,HV,RCL",197,198,2,4,100
4,13,"AC,HV,RCL",199,201,3,3,145
4,13,"AC,HV,RCA,RCL",202,202,1,4,143
4,13,"AC,HV,RCL",203,203,1,3,145
4,13,"AC,RCL",204,205,2,2,154
4,13,AC,206,206,1,1,1
4,13,"AC,RCL",207,210,4,2,154
4,13,RCL,211,211,1,1,370
4,13,none,212,212,1,0,343
4,13,AC,213,214,2,1,1
4,13,none,215,215,1,0,343
4,13,AC,216,218,3,1,1
4,13,RCL,219,219,1,1,370
4,13,"AC,RCL",220,220,1,2,154
4,13,RCL,221,221,1,1,370
4,13,"AC,RCL",222,222,1,2,154
4,13,"AC,HV,RCL",223,224,2,3,145
4,13,"AC,RCL",225,226,2,2,154
4,13,"AC,HV,RCL",227,229,3,3,145
4,13,AC,230,232,3,1,1
4,13,"AC,RS",233,233,1,2,157
4,13,"AC,RCL",234,238,5,2,154
4,13,"AC,RCL,RS",239,239,1,3,155
4,13,AC,240,240,1,1,1
4,13,"AC,RCL",241,242,2,2,154
4,13,RCL,243,245,3,1,370
4,13,none,246,246,1,0,343
4,13,RCL,247,248,2,1,370
4,13,none,249,249,1,0,343
4,13,"RCL,RS",250,250,1,2,373
4,13,RS,251,251,1,1,376
4,13,none,252,253,2,0,343
4,13,"RCL,RS",254,254,1,2,373
4,13,RCL,255,258,4,1,370
4,13,none,259,259,1,0,343
4,13,RCL,260,260,1,1,370
4,13,none,261,266,6,0,343
4,13,RS,267,267,1,1,376
4,13,none,268,278,11,0,343
4,13,RS,279,279,1,1,376
4,13,none,280,280,1,0,343
4,13,RS,281,285,5,1,376
4,13,none,286,286,1,0,343
4,13,RS,287,289,3,1,376
4,13,none,290,290,1,0,343
4,13,RS,291,293,3,1,376
4,13,none,294,298,5,0,343
4,13,RS,299,301,3,1,376
4,13,none,302,304,3,0,343
4,13,RS,305,305,1,1,376
4,13,none,306,364,59,0,343
4,13,PC,365,365,1,1,344
4,14,PC,39,40,2,1,344
4,14,none,41,57,17,0,343
4,14,PC,58,58,1,1,344
4,14,none,59,59,1,0,343
4,14,PC,60,62,3,1,344
4,14,none,63,64,2,0,343
4,14,PC,65,68,4,1,344
4,14,none,69,71,3,0,343
4,14,PC,72,88,17,1,344
4,14,none,89,90,2,0,343
4,14,PC,91,97,7,1,344
4,14,none,98,99,2,0,343
4,14,RS,100,100,1,1,376
4,14,PC,101,103,3,1,344
4,14,"PC,RS",104,104,1,2,357
4,14,none,105,112,8,0,343
4,14,PC,113,115,3,1,344
4,14,none,116,119,4,0,343
4,14,RCL,120,120,1,1,370
4,14,none,121,125,5,0,343
4,14,HV,126,127,2,1,320
4,14,"HV,RCL",128,130,3,2,337
4,14,none,131,134,4,0,343
4,14,"HV,RCL",135,141,7,2,337
4,14,RCL,142,142,1,1,370
4,14,"HV,RCL",143,144,2,2,337
4,14,"AC,HV,RCL",145,145,1,3,145
4,14,RCL,146,149,4,1,370
4,14,"AC,HV,RCL",150,151,2,3,145
4,14,"AC,RCL",152,152,1,2,154
4,14,"AC,HV,RCL",153,153,1,3,145
4,14,"BW,HV,RCL",154,154,1,3,254
4,14,"AC,BW,HV,RCL",155,158,4,4,100
4,14,"AC,HV,RCL",159,159,1,3,145
4,14,"AC,HV,RCL,RS",160,160,1,4,146
4,14,"AC,RCL,RS",161,161,1,3,155
4,14,"AC,HV,RCL,RS",162,162,1,4,146
4,14,"AC,BW,HV,RCL,RS",163,164,2,5,101
4,14,"AC,HV,RCL,RS",165,167,3,4,146
4,14,"AC,HV,RCL",168,169,2,3,145
4,14,"AC,HV,RCL,RS",170,170,1,4,146
4,14,"AC,HV,RCL",171,174,4,3,145
4,14,"AC,BW,HV,RCL",175,175,1,4,100
4,14,"AC,HV,RCL",176,188,13,3,145
4,14,"AC,BW,HV,RCL",189,192,4,4,100
4,14,"AC,HV,RCL",193,205,13,3,145
4,14,"AC,RCL",206,210,5,2,154
4,14,RCL,211,211,1,1,370
4,14,"AC,HV,RCL",212,212,1,3,145
4,14,"AC,RCL",213,220,8,2,154
4,14,"AC,HV,RCL",221,221,1,3,145
4,14,RCL,222,222,1,1,370
4,14,"AC,HV,RCL",223,225,3,3,145
4,14,"AC,HV,RCL,RS",226,226,1,4,146
4,14,"AC,RCL,RS",227,227,1,3,155
4,14,"AC,HV,RCL,RS",228,228,1,4,146
4,14,"AC,HV,RCL",229,239,11,3,145
4,14,"AC,RCL,RS",240,240,1,3,155
4,14,"AC,HV,RCL,RS",241,243,3,4,146
4,14,"AC,HV,RCL",244,244,1,3,145
4,14,"AC,HV,RCL,RS",245,245,1,4,146
4,14,"HV,RCL,RS",246,246,1,3,339
4,14,"AC,HV,RCL",247,247,1,3,145
4,14,"AC,HV,RCL,RS",248,251,4,4,146
4,14,"AC,RCL,RS",252,252,1,3,155
4,14,"HV,RCL,RS",253,254,2,3,339
4,14,"RCL,RS",255,256,2,2,373
4,14,"HV,RCL,RS",257,259,3,3,339
4,14,"RCL,RS",260,265,6,2,373
4,14,RCL,266,270,5,1,370
4,14,"RCL,RS",271,271,1,2,373
4,14,"HV,RCL",272,272,1,2,337
4,14,"RCL,RS",273,278,6,2,373
4,14,RS,279,281,3,1,376
4,14,"RCL,RS",282,283,2,2,373
4,14,RS,284,291,8,1,376
4,14,"RCL,RS",292,292,1,2,373
4,14,RS,293,293,1,1,376
4,14,none,294,294,1,0,343
4,14,RS,295,315,21,1,376
4,14,none,316,317,2,0,343
4,14,RS,318,318,1,1,376
4,14,none,319,320,2,0,343
4,14,RS,321,321,1,1,376
4,15,PC,22,22,1,1,344
4,15,none,23,32,10,0,343
4,15,PC,33,33,1,1,344
4,15,none,34,43,10,0,343
4,15,PC,44,55,12,1,344
4,15,none,56,56,1,0,343
4,15,PC,57,59,3,1,344
4,15,none,60,60,1,0,343
4,15,PC,61,62,2,1,344
4,15,none,63,63,1,0,343
4,15,PC,64,65,2,1,344
4,15,"PC,RS",66,66,1,2,357
4,15,PC,67,72,6,1,344
4,15,"PC,PT",73,73,1,2,345
4,15,PC,74,75,2,1,344
4,15,"PC,PT",76,76,1,2,345
4,15,PC,77,77,1,1,344
4,15,"PC,PT",78,79,2,2,345
4,15,PC,80,80,1,1,344
4,15,none,81,81,1,0,343
4,15,PC,82,82,1,1,344
4,15,none,83,85,3,0,343
4,15,PC,86,90,5,1,344
4,15,none,91,92,2,0,343
4,15,PC,93,104,12,1,344
4,15,"HV,PC,RS",105,105,1,3,328
4,15,"HV,PC",106,106,1,2,321
4,15,"PC,RS",107,108,2,2,357
4,15,RS,109,109,1,1,376
4,15,"HV,PC,RCL,RS",110,110,1,4,326
4,15,"HV,RS",111,111,1,2,342
4,15,none,112,114,3,0,343
4,15,"HV,RCL",115,117,3,2,337
4,15,RCL,118,118,1,1,370
4,15,"HV,RCL",119,120,2,2,337
4,15,RCL,121,122,2,1,370
4,15,"HV,RS",123,123,1,2,342
4,15,"BV,HV,RCL,RS",124,124,1,4,214
4,15,"HV,RCL",125,126,2,2,337
4,15,"RCL,RS",127,128,2,2,373
4,15,RCL,129,129,1,1,370
4,15,"HV,RCL",130,130,1,2,337
4,15,RCL,131,133,3,1,370
4,15,"HV,RCL",134,136,3,2,337
4,15,RCL,137,138,2,1,370
4,15,"HV,RCL",139,139,1,2,337
4,15,"BV,HV,RCL,RS",140,140,1,4,214
4,15,"HV,RCL,RS",141,142,2,3,339
4,15,"HV,RCL",143,143,1,2,337
4,15,"HV,RCL,RS",144,144,1,3,339
4,15,"RCL,RS",145,146,2,2,373
4,15,"HV,RCL,RS",147,155,9,3,339
4,15,"GC,HV,RCL",156,156,1,3,296
4,15,"HV,RCL",157,157,1,2,337
4,15,"HV,RCL,RS",158,160,3,3,339
4,15,"BV,BW,HV,RCL,RS",161,161,1,5,185
4,15,"AC,BV,BW,HV,RCL",162,162,1,5,36
4,15,"AC,BV,BW,GC,HV,RCL",163,163,1,6,16
4,15,"AC,HV,RCL",164,164,1,3,145
4,15,"AC,BV,BW,GC,HV,RCL,RS",165,167,3,7,17
4,15,"AC,GC,HV,RCL,RS",168,168,1,5,122
4,15,"GC,HV,RCL,RS",169,169,1,4,297
4,15,"AC,GC,HV,RCL,RS",170,170,1,5,122
4,15,"HV,RCL,RS",171,172,2,3,339
4,15,"AC,BV,BW,GC,HV,RCL,RS",173,173,1,7,17
4,15,"BV,BW,GC,HV,RCL,RS",174,174,1,6,169
4,15,"AC,BV,BW,GC,HV,RCL,RS",175,176,2,7,17
4,15,"AC,HV,RCL",177,177,1,3,145
4,15,"AC,GC,HV,RCL,RS",178,178,1,5,122
4,15,"AC,BV,BW,GC,HV,RCL,RS",179,180,2,7,17
4,15,"AC,BW,GC,HV,RCL",181,181,1,5,83
4,15,"AC,GC,HV,RCL",182,183,2,4,121
4,15,"AC,GC,HV,RCL,RS",184,184,1,5,122
4,15,"AC,GC,HV,RCL",185,187,3,4,121
4,15,"AC,HV,RCL",188,193,6,3,145
4,15,"HV,RCL",194,194,1,2,337
4,15,"AC,BV,HV,RCL",195,195,1,4,66
4,15,"BV,GC,HV,RCL,RS",196,196,1,5,199
4,15,"AC,BV,GC,HV,RCL,RS",197,197,1,6,52
4,15,"AC,GC,RCL,RS",198,198,1,4,127
4,15,"AC,HV,RCL",199,200,2,3,145
4,15,"AC,RCL",201,202,2,2,154
4,15,"AC,HV,RCL",203,211,9,3,145
4,15,RCL,212,212,1,1,370
4,15,"AC,RCL",213,220,8,2,154
4,15,AC,221,221,1,1,1
4,15,RCL,222,223,2,1,370
4,15,none,224,224,1,0,343
4,15,"AC,RCL",225,225,1,2,154
4,15,RCL,226,227,2,1,370
4,15,none,228,232,5,0,343
4,15,RCL,233,233,1,1,370
4,15,none,234,238,5,0,343
4,15,HV,239,239,1,1,320
4,15,RCL,240,245,6,1,370
4,15,none,246,250,5,0,343
4,15,RCL,251,254,4,1,370
4,15,none,255,255,1,0,343
4,15,RCL,256,257,2,1,370
4,15,none,258,258,1,0,343
4,15,RCL,259,259,1,1,370
4,15,none,260,260,1,0,343
4,15,RCL,261,261,1,1,370
4,15,"RCL,RS",262,262,1,2,373
4,15,RCL,263,267,5,1,370
4,15,"RCL,RS",268,268,1,2,373
4,15,RCL,269,270,2,1,370
4,15,none,271,272,2,0,343
4,15,RS,273,273,1,1,376
4,15,none,274,286,13,0,343
4,15,RS,287,292,6,1,376
4,15,none,293,293,1,0,343
4,15,RS,294,295,2,1,376
4,15,none,296,296,1,0,343
4,15,RS,297,297,1,1,376
4,15,none,298,298,1,0,343
4,15,RS,299,301,3,1,376
4,15,none,302,303,2,0,343
4,15,RS,304,304,1,1,376
4,15,none,305,308,4,0,343
4,15,RS,309,309,1,1,376
4,15,none,310,310,1,0,343
4,15,RS,311,312,2,1,376
4,15,none,313,330,18,0,343
4,15,RS,331,332,2,1,376
4,15,none,333,348,16,0,343
4,15,RS,349,351,3,1,376
4,16,PC,6,6,1,1,344
4,16,none,7,20,14,0,343
4,16,PC,21,21,1,1,344
4,16,none,22,22,1,0,343
4,16,PC,23,23,1,1,344
4,16,none,24,25,2,0,343
4,16,PC,26,27,2,1,344
4,16,none,28,32,5,0,343
4,16,"PC,RS",33,33,1,2,357
4,16,PC,34,35,2,1,344
4,16,none,36,39,4,0,343
4,16,PC,40,41,2,1,344
4,16,none,42,47,6,0,343
4,16,PC,48,48,1,1,344
4,16,none,49,50,2,0,343
4,16,PC,51,52,2,1,344
4,16,none,53,55,3,0,343
4,16,PC,56,56,1,1,344
4,16,none,57,58,2,0,343
4,16,PC,59,60,2,1,344
4,16,none,61,69,9,0,343
4,16,PC,70,73,4,1,344
4,16,none,74,78,5,0,343
4,16,PC,79,81,3,1,344
4,16,none,82,82,1,0,343
4,16,PC,83,83,1,1,344
4,16,none,84,84,1,0,343
4,16,PC,85,88,4,1,344
4,16,none,89,92,4,0,343
4,16,PC,93,93,1,1,344
4,16,none,94,94,1,0,343
4,16,PC,95,96,2,1,344
4,16,"HV,PC,RS",97,97,1,3,328
4,16,"PC,RS",98,99,2,2,357
4,16,PC,100,100,1,1,344
4,16,"HV,RS",101,101,1,2,342
4,16,HV,102,102,1,1,320
4,16,none,103,112,10,0,343
4,16,HV,113,113,1,1,320
4,16,none,114,133,20,0,343
4,16,AC,134,135,2,1,1
4,16,"HV,RCL",136,136,1,2,337
4,16,"AC,HV,RCL",137,137,1,3,145
4,16,"HV,RCL",138,139,2,2,337
4,16,RCL,140,141,2,1,370
4,16,"AC,HV,RCL",142,144,3,3,145
4,16,"AC,HV,RCL,RS",145,146,2,4,146
4,16,"AC,BV,HV,RCL,RS",147,147,1,5,67
4,16,"AC,BV,GC,HV,RCL,RS",148,148,1,6,52
4,16,"AC,HV,RCL,RS",149,149,1,4,146
4,16,"RCL,RS",150,151,2,2,373
4,16,"HV,RCL",152,153,2,2,337
4,16,"AC,HV,RCL",154,160,7,3,145
4,16,"AC,RCL",161,161,1,2,154
4,16,"AC,HV,RCL",162,163,2,3,145
4,16,"HV,RCL",164,164,1,2,337
4,16,"AC,HV,RCL",165,165,1,3,145
4,16,AC,166,167,2,1,1
4,16,"AC,HV,RCL",168,172,5,3,145
4,16,HV,173,173,1,1,320
4,16,"AC,HV",174,174,1,2,141
4,16,"AC,HV,RCL",175,175,1,3,145
4,16,"AC,GC,HV,RCL,RS",176,176,1,5,122
4,16,"AC,GC,HV,RCL",177,177,1,4,121
4,16,"AC,HV,RCL",178,182,5,3,145
4,16,"AC,GC,HV,RCL",183,185,3,4,121
4,16,"AC,HV,RCL",186,188,3,3,145
4,16,"AC,RCL",189,190,2,2,154
4,16,"AC,HV,RCL",191,191,1,3,145
4,16,"AC,GC,HV,RCL",192,192,1,4,121
4,16,"AC,RCL",193,195,3,2,154
4,16,AC,196,196,1,1,1
4,16,"AC,RCL",197,208,12,2,154
4,16,AC,209,210,2,1,1
4,16,"AC,RCL",211,214,4,2,154
4,16,AC,215,215,1,1,1
4,16,"AC,RCL",216,216,1,2,154
4,16,none,217,217,1,0,343
4,16,AC,218,218,1,1,1
4,16,none,219,219,1,0,343
4,16,AC,220,220,1,1,1
4,16,none,221,222,2,0,343
4,16,RCL,223,223,1,1,370
4,16,none,224,233,10,0,343
4,16,HV,234,234,1,1,320
4,16,none,235,236,2,0,343
4,16,RCL,237,237,1,1,370
4,16,AC,238,241,4,1,1
4,16,none,242,242,1,0,343
4,16,"AC,HV",243,243,1,2,141
4,16,HV,244,244,1,1,320
4,16,none,245,245,1,0,343
4,16,HV,246,248,3,1,320
4,16,AC,249,249,1,1,1
4,16,"AC,HV,RS",250,251,2,3,147
4,16,"HV,RS",252,253,2,2,342
4,16,"AC,GC,HV,RS",254,254,1,4,123
4,16,"HV,RCL,RS",255,260,6,3,339
4,16,"HV,RS",261,261,1,2,342
4,16,"HV,RCL,RS",262,264,3,3,339
4,16,"RCL,RS",265,265,1,2,373
4,16,"HV,RCL,RS",266,266,1,3,339
4,16,"RCL,RS",267,267,1,2,373
4,16,RS,268,269,2,1,376
4,16,"HV,RS",270,270,1,2,342
4,16,RS,271,273,3,1,376
4,16,none,274,280,7,0,343
4,16,RS,281,285,5,1,376
4,16,none,286,286,1,0,343
4,16,RS,287,287,1,1,376
4,16,none,288,291,4,0,343
4,16,RS,292,293,2,1,376
4,16,none,294,294,1,0,343
4,16,RS,295,295,1,1,376
4,16,none,296,314,19,0,343
4,16,RS,315,316,2,1,376
4,17,PC,13,13,1,1,344
4,17,none,14,19,6,0,343
4,17,PC,20,20,1,1,344
4,17,none,21,21,1,0,343
4,17,PC,22,22,1,1,344
4,17,none,23,27,5,0,343
4,17,PC,28,28,1,1,344
4,17,none,29,39,11,0,343
4,17,PC,40,42,3,1,344
4,17,RS,43,43,1,1,376
4,17,"PC,RS",44,44,1,2,357
4,17,PC,45,46,2,1,344
4,17,"PC,RS",47,48,2,2,357
4,17,RS,49,49,1,1,376
4,17,none,50,50,1,0,343
4,17,PC,51,51,1,1,344
4,17,none,52,57,6,0,343
4,17,PC,58,58,1,1,344
4,17,"PC,RS",59,59,1,2,357
4,17,RS,60,60,1,1,376
4,17,none,61,62,2,0,343
4,17,RS,63,64,2,1,376
4,17,none,65,71,7,0,343
4,17,PC,72,75,4,1,344
4,17,"PC,RS",76,79,4,2,357
4,17,PC,80,82,3,1,344
4,17,none,83,89,7,0,343
4,17,PC,90,93,4,1,344
4,17,none,94,94,1,0,343
4,17,HV,95,95,1,1,320
4,17,none,96,96,1,0,343
4,17,PC,97,97,1,1,344
4,17,none,98,111,14,0,343
4,17,HV,112,112,1,1,320
4,17,none,113,114,2,0,343
4,17,RCL,115,115,1,1,370
4,17,none,116,116,1,0,343
4,17,RCL,117,117,1,1,370
4,17,none,118,118,1,0,343
4,17,"HV,PC",119,120,2,2,321
4,17,RCL,121,121,1,1,370
4,17,none,122,123,2,0,343
4,17,RCL,124,124,1,1,370
4,17,none,125,126,2,0,343
4,17,"HV,RCL",127,127,1,2,337
4,17,RCL,128,131,4,1,370
4,17,none,132,132,1,0,343
4,17,RCL,133,136,4,1,370
4,17,"AC,HV,RCL",137,137,1,3,145
4,17,RCL,138,138,1,1,370
4,17,none,139,142,4,0,343
4,17,AC,143,143,1,1,1
4,17,none,144,144,1,0,343
4,17,"AC,HV",145,146,2,2,141
4,17,none,147,147,1,0,343
4,17,AC,148,148,1,1,1
4,17,"AC,RCL",149,149,1,2,154
4,17,"AC,HV,RCL",150,150,1,3,145
4,17,AC,151,151,1,1,1
4,17,none,152,154,3,0,343
4,17,RCL,155,155,1,1,370
4,17,none,156,156,1,0,343
4,17,"AC,RCL",157,157,1,2,154
4,17,"AC,HV,RCL",158,158,1,3,145
4,17,RCL,159,159,1,1,370
4,17,RS,160,160,1,1,376
4,17,"HV,RCL",161,161,1,2,337
4,17,"AC,RCL",162,162,1,2,154
4,17,none,163,163,1,0,343
4,17,RCL,164,164,1,1,370
4,17,none,165,165,1,0,343
4,17,"AC,RCL",166,166,1,2,154
4,17,"AC,BV,HV,RCL",167,167,1,4,66
4,17,"AC,HV,RCL",168,168,1,3,145
4,17,none,169,169,1,0,343
4,17,"AC,BV,HV",170,170,1,3,63
4,17,none,171,171,1,0,343
4,17,"BV,GC,HV,RCL",172,172,1,4,198
4,17,"AC,BV,BW,GC,HV,RCL",173,175,3,6,16
4,17,"AC,BV,BW,GC,HV,RCL,RS",176,177,2,7,17
4,17,"AC,BV,BW,GC,HV,RCL",178,178,1,6,16
4,17,"BV,RCL",179,179,1,2,217
4,17,"AC,GC,HV,RCL",180,180,1,4,121
4,17,"AC,HV,RCL",181,182,2,3,145
4,17,"AC,BV,HV,RCL",183,183,1,4,66
4,17,RCL,184,184,1,1,370
4,17,"BV,RCL",185,185,1,2,217
4,17,"AC,BV,HV,RCL",186,187,2,4,66
4,17,BV,188,188,1,1,158
4,17,"AC,RCL",189,191,3,2,154
4,17,"AC,HV,RCL",192,193,2,3,145
4,17,"AC,RCL",194,194,1,2,154
4,17,"AC,HV,RCL",195,195,1,3,145
4,17,"AC,RCL",196,199,4,2,154
4,17,"AC,HV",200,200,1,2,141
4,17,"AC,BV,RCL",201,202,2,3,70
4,17,"AC,RCL",203,203,1,2,154
4,17,"AC,BV,RCL",204,204,1,3,70
4,17,"AC,RCL",205,205,1,2,154
4,17,RCL,206,206,1,1,370
4,17,"AC,BV",207,207,1,2,2
4,17,"AC,RCL",208,209,2,2,154
4,17,"AC,BV,RCL",210,210,1,3,70
4,17,"AC,RCL",211,212,2,2,154
4,17,"AC,BV,RCL",213,213,1,3,70
4,17,"AC,RCL",214,216,3,2,154
4,17,"AC,HV,RCL",217,217,1,3,145
4,17,"AC,BV",218,218,1,2,2
4,17,"AC,BV,RCL",219,219,1,3,70
4,17,"AC,RCL",220,222,3,2,154
4,17,"AC,BV,HV,RCL",223,224,2,4,66
4,17,"AC,HV,RCL",225,226,2,3,145
4,17,"AC,BV,HV,RCL",227,227,1,4,66
4,17,"AC,RCL",228,230,3,2,154
4,17,"AC,HV,RCL",231,231,1,3,145
4,17,"AC,BV,GC,HV,RCL",232,233,2,5,51
4,17,RCL,234,235,2,1,370
4,17,"HV,RCL",236,236,1,2,337
4,17,RCL,237,238,2,1,370
4,17,"HV,RCL",239,239,1,2,337
4,17,"GC,HV,RCL",240,240,1,3,296
4,17,"GC,HV",241,241,1,2,289
4,17,"GC,RCL",242,242,1,2,302
4,17,RCL,243,244,2,1,370
4,17,"HV,RCL",245,245,1,2,337
4,17,HV,246,247,2,1,320
4,17,"GC,HV,RS",248,249,2,3,298
4,17,HV,250,254,5,1,320
4,17,none,255,255,1,0,343
4,17,"GC,HV,RS",256,257,2,3,298
4,17,none,258,259,2,0,343
4,17,HV,260,260,1,1,320
4,17,none,261,261,1,0,343
4,17,HV,262,262,1,1,320
4,17,RCL,263,263,1,1,370
4,17,none,264,264,1,0,343
4,17,"GC,HV",265,265,1,2,289
4,17,"HV,RCL,RS",266,266,1,3,339
4,17,"GC,RCL,RS",267,267,1,3,303
4,17,RS,268,268,1,1,376
4,17,"HV,RCL,RS",269,269,1,3,339
4,17,"GC,HV,RCL,RS",270,270,1,4,297
4,17,"RCL,RS",271,278,8,2,373
4,17,RS,279,285,7,1,376
4,17,none,286,289,4,0,343
4,17,RS,290,290,1,1,376
4,17,none,291,294,4,0,343
4,17,RS,295,295,1,1,376
4,17,none,296,297,2,0,343
4,17,RS,298,301,4,1,376
4,17,none,302,323,22,0,343
4,17,RS,324,325,2,1,376
4,17,none,326,332,7,0,343
4,17,RS,333,335,3,1,376
4,17,none,336,352,17,0,343
4,17,RS,353,353,1,1,376
4,17,none,354,356,3,0,343
4,17,PC,357,357,1,1,344
4,18,"PC,RS",34,34,1,2,357
4,18,PC,35,36,2,1,344
4,18,"PC,RS",37,37,1,2,357
4,18,PC,38,38,1,1,344
4,18,none,39,41,3,0,343
4,18,PC,42,42,1,1,344
4,18,none,43,45,3,0,343
4,18,"PC,RS",46,48,3,2,357
4,18,RS,49,50,2,1,376
4,18,none,51,51,1,0,343
4,18,"PC,RS",52,52,1,2,357
4,18,RS,53,53,1,1,376
4,18,none,54,54,1,0,343
4,18,PC,55,55,1,1,344
4,18,none,56,57,2,0,343
4,18,PC,58,59,2,1,344
4,18,none,60,61,2,0,343
4,18,PC,62,62,1,1,344
4,18,none,63,63,1,0,343
4,18,PC,64,64,1,1,344
4,18,none,65,66,2,0,343
4,18,PC,67,68,2,1,344
4,18,none,69,71,3,0,343
4,18,"PC,RS",72,72,1,2,357
4,18,RS,73,73,1,1,376
4,18,"PC,RS",74,74,1,2,357
4,18,none,75,75,1,0,343
4,18,PC,76,77,2,1,344
4,18,none,78,78,1,0,343
4,18,"PC,RS",79,79,1,2,357
4,18,PC,80,80,1,1,344
4,18,"PC,RS",81,88,8,2,357
4,18,PC,89,91,3,1,344
4,18,none,92,93,2,0,343
4,18,RS,94,94,1,1,376
4,18,"PC,RS",95,95,1,2,357
4,18,PC,96,96,1,1,344
4,18,none,97,102,6,0,343
4,18,PC,103,103,1,1,344
4,18,"HV,PC,RS",104,104,1,3,328
4,18,"PC,RS",105,105,1,2,357
4,18,RS,106,107,2,1,376
4,18,"HV,RS",108,109,2,2,342
4,18,HV,110,112,3,1,320
4,18,none,113,113,1,0,343
4,18,PC,114,114,1,1,344
4,18,"HV,PC,RS",115,115,1,3,328
4,18,"PC,RCL,RS",116,116,1,3,354
4,18,"HV,RCL,RS",117,118,2,3,339
4,18,"HV,RS",119,119,1,2,342
4,18,"RCL,RS",120,123,4,2,373
4,18,RS,124,128,5,1,376
4,18,"HV,RCL",129,129,1,2,337
4,18,HV,130,130,1,1,320
4,18,none,131,132,2,0,343
4,18,RCL,133,133,1,1,370
4,18,HV,134,134,1,1,320
4,18,RCL,135,148,14,1,370
4,18,"HV,RCL",149,151,3,2,337
4,18,RCL,152,155,4,1,370
4,18,"HV,RCL",156,156,1,2,337
4,18,RCL,157,166,10,1,370
4,18,"HV,RCL",167,168,2,2,337
4,18,RCL,169,172,4,1,370
4,18,"BV,RCL",173,174,2,2,217
4,18,RCL,175,181,7,1,370
4,18,"BV,HV,RCL",182,183,2,3,213
4,18,RCL,184,202,19,1,370
4,18,"HV,RCL",203,205,3,2,337
4,18,RCL,206,206,1,1,370
4,18,"HV,RCL",207,207,1,2,337
4,18,RCL,208,208,1,1,370
4,18,"HV,RCL",209,209,1,2,337
4,18,RCL,210,210,1,1,370
4,18,"HV,RCL",211,211,1,2,337
4,18,RCL,212,213,2,1,370
4,18,"HV,RCL",214,215,2,2,337
4,18,RCL,216,223,8,1,370
4,18,"HV,RCL",224,224,1,2,337
4,18,RCL,225,225,1,1,370
4,18,HV,226,226,1,1,320
4,18,RCL,227,227,1,1,370
4,18,none,228,229,2,0,343
4,18,RCL,230,232,3,1,370
4,18,"HV,RCL",233,235,3,2,337
4,18,"HV,RCL,RS",236,236,1,3,339
4,18,RCL,237,238,2,1,370
4,18,"BW,GC,HV",239,239,1,3,228
4,18,"HV,RCL",240,240,1,2,337
4,18,RCL,241,241,1,1,370
4,18,"HV,RCL",242,243,2,2,337
4,18,RCL,244,245,2,1,370
4,18,none,246,247,2,0,343
4,18,RCL,248,250,3,1,370
4,18,none,251,251,1,0,343
4,18,RCL,252,262,11,1,370
4,18,"HV,RCL",263,265,3,2,337
4,18,RCL,266,266,1,1,370
4,18,"HV,RCL",267,268,2,2,337
4,18,RCL,269,269,1,1,370
4,18,none,270,270,1,0,343
4,18,RCL,271,271,1,1,370
4,18,"HV,RCL",272,272,1,2,337
4,18,none,273,273,1,0,343
4,18,RCL,274,275,2,1,370
4,18,none,276,278,3,0,343
4,18,RS,279,279,1,1,376
4,18,none,280,280,1,0,343
4,18,RS,281,284,4,1,376
4,18,none,285,292,8,0,343
4,18,RS,293,294,2,1,376
4,18,none,295,317,23,0,343
4,18,RS,318,318,1,1,376
4,19,PC,52,53,2,1,344
4,19,none,54,54,1,0,343
4,19,PC,55,55,1,1,344
4,19,none,56,56,1,0,343
4,19,PC,57,61,5,1,344
4,19,none,62,62,1,0,343
4,19,PC,63,63,1,1,344
4,19,none,64,64,1,0,343
4,19,PC,65,65,1,1,344
4,19,none,66,67,2,0,343
4,19,"PC,RS",68,69,2,2,357
4,19,PC,70,72,3,1,344
4,19,"PC,RS",73,73,1,2,357
4,19,RS,74,74,1,1,376
4,19,none,75,78,4,0,343
4,19,PC,79,80,2,1,344
4,19,"PC,RS",81,87,7,2,357
4,19,PC,88,88,1,1,344
4,19,none,89,92,4,0,343
4,19,"RCL,RS",93,93,1,2,373
4,19,PC,94,94,1,1,344
4,19,none,95,98,4,0,343
4,19,"HV,PC",99,99,1,2,321
4,19,PC,100,100,1,1,344
4,19,none,101,110,10,0,343
4,19,RCL,111,111,1,1,370
4,19,none,112,122,11,0,343
4,19,PC,123,123,1,1,344
4,19,"HV,PC,RCL",124,125,2,3,325
4,19,RCL,126,126,1,1,370
4,19,none,127,127,1,0,343
4,19,RCL,128,128,1,1,370
4,19,none,129,131,3,0,343
4,19,RCL,132,132,1,1,370
4,19,none,133,133,1,0,343
4,19,"HV,RCL",134,134,1,2,337
4,19,RCL,135,137,3,1,370
4,19,"HV,RCL",138,139,2,2,337
4,19,RCL,140,144,5,1,370
4,19,"HV,RCL",145,146,2,2,337
4,19,RCL,147,148,2,1,370
4,19,"HV,RCL",149,152,4,2,337
4,19,"GC,HV,RCL",153,153,1,3,296
4,19,"HV,RCL",154,154,1,2,337
4,19,RCL,155,155,1,1,370
4,19,HV,156,156,1,1,320
4,19,RCL,157,159,3,1,370
4,19,"HV,RCL",160,163,4,2,337
4,19,"GC,HV,RCL",164,164,1,3,296
4,19,"HV,RCL",165,165,1,2,337
4,19,"BW,GC,HV,RCL",166,167,2,4,231
4,19,"GC,HV,RCL",168,169,2,3,296
4,19,"GC,HV",170,170,1,2,289
4,19,"GC,HV,RCL",171,173,3,3,296
4,19,"HV,RCL",174,175,2,2,337
4,19,RCL,176,176,1,1,370
4,19,"GC,HV,RCL",177,177,1,3,296
4,19,"HV,RCL",178,180,3,2,337
4,19,"GC,RCL",181,181,1,2,302
4,19,"GC,HV,RCL",182,182,1,3,296
4,19,"GC,HV",183,183,1,2,289
4,19,"GC,HV,RCL",184,184,1,3,296
4,19,"GC,RCL",185,185,1,2,302
4,19,RCL,186,192,7,1,370
4,19,"HV,RCL",193,193,1,2,337
4,19,HV,194,194,1,1,320
4,19,"GC,HV,RCL",195,196,2,3,296
4,19,"GC,RCL",197,199,3,2,302
4,19,RCL,200,201,2,1,370
4,19,"GC,RCL",202,203,2,2,302
4,19,RCL,204,204,1,1,370
4,19,"GC,RCL",205,205,1,2,302
4,19,RCL,206,206,1,1,370
4,19,none,207,207,1,0,343
4,19,RCL,208,209,2,1,370
4,19,"GC,RCL",210,210,1,2,302
4,19,RCL,211,211,1,1,370
4,19,"HV,RCL",212,212,1,2,337
4,19,RCL,213,218,6,1,370
4,19,"HV,RCL",219,219,1,2,337
4,19,RCL,220,221,2,1,370
4,19,"HV,RCL",222,225,4,2,337
4,19,RCL,226,236,11,1,370
4,19,"HV,RCL",237,237,1,2,337
4,19,"GC,HV,RCL",238,238,1,3,296
4,19,"HV,RCL",239,239,1,2,337
4,19,"GC,RCL",240,241,2,2,302
4,19,"HV,RCL",242,247,6,2,337
4,19,RCL,248,248,1,1,370
4,19,"HV,RCL",249,249,1,2,337
4,19,RCL,250,251,2,1,370
4,19,none,252,253,2,0,343
4,19,RCL,254,257,4,1,370
4,19,none,258,258,1,0,343
4,19,RCL,259,265,7,1,370
4,19,none,266,266,1,0,343
4,19,RCL,267,268,2,1,370
4,19,"RCL,RS",269,269,1,2,373
4,19,none,270,270,1,0,343
4,19,RCL,271,271,1,1,370
4,19,none,272,274,3,0,343
4,19,RCL,275,275,1,1,370
4,19,none,276,276,1,0,343
4,19,RS,277,277,1,1,376
4,19,none,278,279,2,0,343
4,19,RS,280,281,2,1,376
4,19,none,282,282,1,0,343
4,19,RS,283,283,1,1,376
4,19,none,284,284,1,0,343
4,19,RS,285,285,1,1,376
4,19,none,286,287,2,0,343
4,19,RS,288,291,4,1,376
4,19,none,292,298,7,0,343
4,19,RS,299,299,1,1,376
4,19,none,300,304,5,0,343
4,19,RS,305,306,2,1,376
4,19,none,307,309,3,0,343
4,19,RS,310,310,1,1,376
4,20,PC,11,11,1,1,344
4,20,none,12,28,17,0,343
4,20,PC,29,29,1,1,344
4,20,none,30,41,12,0,343
4,20,PC,42,42,1,1,344
4,20,none,43,49,7,0,343
4,20,PC,50,52,3,1,344
4,20,none,53,54,2,0,343
4,20,PC,55,55,1,1,344
4,20,none,56,61,6,0,343
4,20,PC,62,62,1,1,344
4,20,none,63,66,4,0,343
4,20,PC,67,68,2,1,344
4,20,none,69,69,1,0,343
4,20,PC,70,74,5,1,344
4,20,none,75,75,1,0,343
4,20,PC,76,78,3,1,344
4,20,none,79,79,1,0,343
4,20,PC,80,80,1,1,344
4,20,none,81,81,1,0,343
4,20,PC,82,82,1,1,344
4,20,none,83,95,13,0,343
4,20,PC,96,97,2,1,344
4,20,none,98,107,10,0,343
4,20,PC,108,108,1,1,344
4,20,none,109,126,18,0,343
4,20,RCL,127,128,2,1,370
4,20,none,129,133,5,0,343
4,20,RCL,134,134,1,1,370
4,20,none,135,136,2,0,343
4,20,RCL,137,141,5,1,370
4,20,"HV,RCL",142,142,1,2,337
4,20,none,143,143,1,0,343
4,20,HV,144,146,3,1,320
4,20,none,147,147,1,0,343
4,20,"HV,RCL",148,151,4,2,337
4,20,RCL,152,153,2,1,370
4,20,none,154,157,4,0,343
4,20,RCL,158,159,2,1,370
4,20,none,160,160,1,0,343
4,20,RCL,161,167,7,1,370
4,20,"HV,RCL",168,169,2,2,337
4,20,RCL,170,171,2,1,370
4,20,"HV,RCL",172,174,3,2,337
4,20,RCL,175,183,9,1,370
4,20,"HV,RCL",184,187,4,2,337
4,20,RCL,188,196,9,1,370
4,20,"HV,RCL",197,199,3,2,337
4,20,RCL,200,201,2,1,370
4,20,"HV,RCL",202,202,1,2,337
4,20,"GC,HV,RCL",203,204,2,3,296
4,20,"GC,RCL",205,205,1,2,302
4,20,"HV,RCL",206,206,1,2,337
4,20,RCL,207,214,8,1,370
4,20,none,215,215,1,0,343
4,20,RCL,216,225,10,1,370
4,20,"HV,RCL",226,226,1,2,337
4,20,RCL,227,227,1,1,370
4,20,"HV,RCL",228,228,1,2,337
4,20,RCL,229,230,2,1,370
4,20,"GC,HV",231,231,1,2,289
4,20,"HV,RCL",232,232,1,2,337
4,20,"GC,HV,RCL",233,233,1,3,296
4,20,RCL,234,252,19,1,370
4,20,"HV,RCL",253,253,1,2,337
4,20,RCL,254,256,3,1,370
4,20,"GC,HV,RCL",257,257,1,3,296
4,20,RCL,258,265,8,1,370
4,20,none,266,266,1,0,343
4,20,RCL,267,274,8,1,370
4,20,none,275,323,49,0,343
4,20,RS,324,324,1,1,376
4,20,none,325,325,1,0,343
4,20,RS,326,326,1,1,376
4,20,none,327,340,14,0,343
4,20,HV,341,341,1,1,320
4,20,none,342,355,14,0,343
4,20,PC,356,356,1,1,344
4,21,PC,53,53,1,1,344
4,21,none,54,78,25,0,343
4,21,PC,79,79,1,1,344
4,21,none,80,81,2,0,343
4,21,"PC,RS",82,84,3,2,357
4,21,none,85,87,3,0,343
4,21,PC,88,91,4,1,344
4,21,none,92,100,9,0,343
4,21,PC,101,101,1,1,344
4,21,none,102,108,7,0,343
4,21,PC,109,110,2,1,344
4,21,none,111,128,18,0,343
4,21,RCL,129,129,1,1,370
4,21,none,130,132,3,0,343
4,21,PC,133,135,3,1,344
4,21,none,136,139,4,0,343
4,21,RCL,140,140,1,1,370
4,21,"PC,RCL",141,141,1,2,351
4,21,none,142,142,1,0,343
4,21,RCL,143,146,4,1,370
4,21,"GC,HV,RCL",147,147,1,3,296
4,21,"HV,PC,RCL,RS",148,148,1,4,326
4,21,"GC,HV,PC,RCL,RS",149,149,1,5,292
4,21,"GC,HV,RCL,RS",150,150,1,4,297
4,21,"RCL,RS",151,153,3,2,373
4,21,"HV,RCL",154,156,3,2,337
4,21,"HV,RCL,RS",157,158,2,3,339
4,21,"RCL,RS",159,159,1,2,373
4,21,"HV,RCL,RS",160,161,2,3,339
4,21,"HV,RCL",162,165,4,2,337
4,21,"HV,RCL,RS",166,168,3,3,339
4,21,"GC,HV,RCL,RS",169,169,1,4,297
4,21,"GC,HV,RCL",170,171,2,3,296
4,21,"HV,RCL",172,172,1,2,337
4,21,"GC,HV,RCL",173,174,2,3,296
4,21,"HV,RCL",175,175,1,2,337
4,21,"GC,HV,RCL",176,176,1,3,296
4,21,"HV,RCL",177,177,1,2,337
4,21,HV,178,178,1,1,320
4,21,"HV,RCL",179,179,1,2,337
4,21,"GC,HV,RCL",180,180,1,3,296
4,21,"HV,RCL",181,182,2,2,337
4,21,"GC,HV,RCL",183,184,2,3,296
4,21,"HV,RCL",185,185,1,2,337
4,21,"GC,HV,RCL",186,187,2,3,296
4,21,"HV,RCL",188,189,2,2,337
4,21,"GC,HV,RCL",190,190,1,3,296
4,21,"HV,RCL",191,194,4,2,337
4,21,"GC,HV,RCL",195,196,2,3,296
4,21,"HV,RCL",197,199,3,2,337
4,21,"GC,HV,RCL",200,200,1,3,296
4,21,"HV,RCL",201,210,10,2,337
4,21,RCL,211,211,1,1,370
4,21,"HV,RCL",212,213,2,2,337
4,21,RCL,214,218,5,1,370
4,21,HV,219,219,1,1,320
4,21,"GC,HV,RCL",220,221,2,3,296
4,21,"GC,RCL",222,222,1,2,302
4,21,RCL,223,223,1,1,370
4,21,"HV,RCL",224,224,1,2,337
4,21,RCL,225,226,2,1,370
4,21,"HV,RCL",227,227,1,2,337
4,21,RCL,228,231,4,1,370
4,21,none,232,233,2,0,343
4,21,RCL,234,234,1,1,370
4,21,none,235,236,2,0,343
4,21,"HV,RCL",237,238,2,2,337
4,21,RCL,239,239,1,1,370
4,21,"HV,RCL",240,240,1,2,337
4,21,"GC,HV,RCL",241,241,1,3,296
4,21,"HV,RCL",242,242,1,2,337
4,21,RCL,243,247,5,1,370
4,21,none,248,250,3,0,343
4,21,RCL,251,252,2,1,370
4,21,none,253,253,1,0,343
4,21,RCL,254,256,3,1,370
4,21,"HV,RCL",257,258,2,2,337
4,21,RCL,259,262,4,1,370
4,21,none,263,264,2,0,343
4,21,RCL,265,266,2,1,370
4,22,PC,35,35,1,1,344
4,22,none,36,73,38,0,343
4,22,PC,74,74,1,1,344
4,22,none,75,78,4,0,343
4,22,PC,79,79,1,1,344
4,22,none,80,94,15,0,343
4,22,PC,95,97,3,1,344
4,22,none,98,98,1,0,343
4,22,RS,99,99,1,1,376
4,22,PC,100,100,1,1,344
4,22,"PC,RS",101,103,3,2,357
4,22,RS,104,104,1,1,376
4,22,none,105,106,2,0,343
4,22,PC,107,107,1,1,344
4,22,"PC,RS",108,110,3,2,357
4,22,"RP,RS",111,111,1,2,375
4,22,none,112,123,12,0,343
4,22,RCL,124,124,1,1,370
4,22,none,125,132,8,0,343
4,22,RCL,133,133,1,1,370
4,22,none,134,139,6,0,343
4,22,RCL,140,140,1,1,370
4,22,none,141,142,2,0,343
4,22,RCL,143,148,6,1,370
4,22,none,149,149,1,0,343
4,22,RCL,150,167,18,1,370
4,22,none,168,168,1,0,343
4,22,RCL,169,170,2,1,370
4,22,none,171,171,1,0,343
4,22,RCL,172,182,11,1,370
4,22,none,183,209,27,0,343
4,22,GC,210,210,1,1,280
4,22,none,211,220,10,0,343
4,22,RCL,221,221,1,1,370
4,22,none,222,256,35,0,343
4,22,RCL,257,259,3,1,370
4,22,"HV,RCL",260,263,4,2,337
4,22,RCL,264,264,1,1,370
4,22,"HV,RCL",265,265,1,2,337
4,22,RCL,266,273,8,1,370
4,22,"HV,RCL",274,275,2,2,337
4,22,RCL,276,276,1,1,370
4,22,"HV,RCL",277,277,1,2,337
4,22,RCL,278,278,1,1,370
4,22,"RCL,RS",279,281,3,2,373
4,22,none,282,282,1,0,343
4,22,"RCL,RS",283,283,1,2,373
4,22,RS,284,305,22,1,376
4,22,none,306,307,2,0,343
4,22,RS,308,310,3,1,376
4,22,none,311,311,1,0,343
4,22,RS,312,312,1,1,376
4,22,none,313,313,1,0,343
4,22,RS,314,315,2,1,376
4,23,RS,8,8,1,1,376
4,23,none,9,24,16,0,343
4,23,PC,25,25,1,1,344
4,23,none,26,26,1,0,343
4,23,RS,27,27,1,1,376
4,23,none,28,28,1,0,343
4,23,RS,29,29,1,1,376
4,23,none,30,54,25,0,343
4,23,RCL,55,55,1,1,370
4,23,none,56,62,7,0,343
4,23,PC,63,63,1,1,344
4,23,none,64,64,1,0,343
4,23,PC,65,65,1,1,344
4,23,none,66,66,1,0,343
4,23,PC,67,67,1,1,344
4,23,none,68,70,3,0,343
4,23,PC,71,73,3,1,344
4,23,none,74,76,3,0,343
4,23,PC,77,77,1,1,344
4,23,"PC,RS",78,78,1,2,357
4,23,"RCL,RS",79,79,1,2,373
4,23,"PC,RS",80,80,1,2,357
4,23,"PC,RCL,RS",81,81,1,3,354
4,23,"PC,RS",82,83,2,2,357
4,23,RS,84,85,2,1,376
4,23,"RCL,RS",86,86,1,2,373
4,23,RS,87,87,1,1,376
4,23,"RCL,RS",88,88,1,2,373
4,23,RS,89,89,1,1,376
4,23,none,90,90,1,0,343
4,23,RS,91,91,1,1,376
4,23,"RCL,RS",92,92,1,2,373
4,23,"HV,RS",93,95,3,2,342
4,23,RS,96,96,1,1,376
4,23,"HV,RS",97,97,1,2,342
4,23,none,98,104,7,0,343
4,23,RS,105,106,2,1,376
4,23,none,107,170,64,0,343
4,23,"HV,RCL",171,171,1,2,337
4,23,RCL,172,172,1,1,370
4,23,"HV,RCL",173,177,5,2,337
4,23,"BV,HV,RCL",178,178,1,3,213
4,23,"BV,GC,HV,RCL",179,179,1,4,198
4,23,"BV,GC,RCL",180,180,1,3,201
4,23,RCL,181,181,1,1,370
4,23,"BV,RCL",182,182,1,2,217
4,23,"BV,GC,HV,RCL",183,184,2,4,198
4,23,RCL,185,187,3,1,370
4,23,"HV,RCL",188,188,1,2,337
4,23,"GC,HV,RCL,RS",189,189,1,4,297
4,23,"GC,HV,RCL",190,191,2,3,296
4,23,"HV,RCL",192,193,2,2,337
4,23,"GC,HV,RCL",194,194,1,3,296
4,23,"GC,RCL",195,195,1,2,302
4,23,"GC,HV,RCL",196,197,2,3,296
4,23,RCL,198,198,1,1,370
4,23,"HV,RCL",199,199,1,2,337
4,23,RCL,200,200,1,1,370
4,23,HV,201,201,1,1,320
4,23,none,202,209,8,0,343
4,23,HV,210,210,1,1,320
4,23,none,211,212,2,0,343
4,23,HV,213,213,1,1,320
4,23,none,214,259,46,0,343
4,23,RS,260,260,1,1,376
4,23,none,261,279,19,0,343
4,23,RS,280,280,1,1,376
4,23,none,281,281,1,0,343
4,23,RS,282,287,6,1,376
4,23,none,288,288,1,0,343
4,23,RS,289,299,11,1,376
4,23,none,300,300,1,0,343
4,23,RS,301,302,2,1,376
4,23,none,303,304,2,0,343
4,23,RS,305,306,2,1,376
4,23,none,307,308,2,0,343
4,23,RS,309,313,5,1,376
4,23,none,314,326,13,0,343
4,23,RS,327,328,2,1,376
4,24,RS,62,62,1,1,376
4,24,none,63,68,6,0,343
4,24,RS,69,69,1,1,376
4,24,none,70,70,1,0,343
4,24,RS,71,71,1,1,376
4,24,"RCL,RS",72,73,2,2,373
4,24,RS,74,75,2,1,376
4,24,none,76,77,2,0,343
4,24,RS,78,85,8,1,376
4,24,none,86,91,6,0,343
4,24,RS,92,96,5,1,376
4,24,none,97,126,30,0,343
4,24,RCA,127,127,1,1,366
4,24,RS,128,128,1,1,376
4,24,none,129,129,1,0,343
4,24,RS,130,130,1,1,376
4,24,"HV,RS",131,131,1,2,342
4,24,"BV,HV,RCL,RS",132,132,1,4,214
4,24,"HV,RS",133,133,1,2,342
4,24,"RCL,RS",134,135,2,2,373
4,24,RS,136,136,1,1,376
4,24,none,137,138,2,0,343
4,24,RS,139,140,2,1,376
4,24,"HV,RS",141,141,1,2,342
4,24,"BV,BW,HV,RS",142,142,1,4,186
4,24,"BV,HV,RS",143,143,1,3,215
4,24,RS,144,144,1,1,376
4,24,HV,145,146,2,1,320
4,24,"BV,HV,RCL,RS",147,148,2,4,214
4,24,"HV,RCL,RS",149,149,1,3,339
4,24,"BV,HV,RCL,RS",150,151,2,4,214
4,24,"BV,BW,HV,RCL,RS",152,152,1,5,185
4,24,"BV,BW,HV,RS",153,153,1,4,186
4,24,"BV,BW,HV,RCL,RS",154,154,1,5,185
4,24,"GC,HV,RCL,RS",155,156,2,4,297
4,24,"HV,RCL,RS",157,157,1,3,339
4,24,"HV,RS",158,159,2,2,342
4,24,HV,160,160,1,1,320
4,24,"BW,HV,RS",161,161,1,3,259
4,24,"BW,GC,HV,RCL,RS",162,162,1,5,232
4,24,"GC,HV,RS",163,163,1,3,298
4,24,"HV,RCL",164,164,1,2,337
4,24,"GC,HV,RCL,RS",165,165,1,4,297
4,24,"BW,GC,HV",166,166,1,3,228
4,24,"GC,HV",167,167,1,2,289
4,24,"BW,HV,RCL",168,169,2,3,254
4,24,RCL,170,171,2,1,370
4,24,"HV,RCL",172,172,1,2,337
4,24,RCL,173,176,4,1,370
4,24,"HV,RCL",177,177,1,2,337
4,24,"GC,HV,RCL",178,179,2,3,296
4,24,"HV,RCL",180,181,2,2,337
4,24,"BV,BW,GC,HV,RCL,RS",182,183,2,6,169
4,24,"BV,GC,HV,RCL",184,184,1,4,198
4,24,"BV,GC,HV",185,185,1,3,194
4,24,"GC,HV",186,186,1,2,289
4,24,"BV,GC,HV",187,187,1,3,194
4,24,GC,188,188,1,1,280
4,24,none,189,191,3,0,343
4,24,RS,192,192,1,1,376
4,24,none,193,196,4,0,343
4,24,RCL,197,202,6,1,370
4,24,none,203,204,2,0,343
4,24,RCL,205,205,1,1,370
4,24,none,206,206,1,0,343
4,24,RCL,207,213,7,1,370
4,24,none,214,216,3,0,343
4,24,"BV,HV,RCL,RS",217,218,2,4,214
4,24,"HV,RS",219,219,1,2,342
4,24,"RCL,RS",220,220,1,2,373
4,24,RS,221,222,2,1,376
4,24,none,223,226,4,0,343
4,24,RS,227,229,3,1,376
4,24,none,230,231,2,0,343
4,24,"HV,RCL,RS",232,233,2,3,339
4,24,"HV,RS",234,234,1,2,342
4,24,"HV,RCL,RS",235,236,2,3,339
4,24,RCL,237,245,9,1,370
4,24,"RCL,RS",246,274,29,2,373
4,24,RS,275,275,1,1,376
4,24,"RCL,RS",276,277,2,2,373
4,24,RS,278,298,21,1,376
4,24,none,299,299,1,0,343
4,24,RS,300,300,1,1,376
4,24,none,301,303,3,0,343
4,24,RS,304,304,1,1,376
4,24,none,305,307,3,0,343
4,24,RS,308,308,1,1,376
4,24,none,309,309,1,0,343
4,24,RS,310,310,1,1,376
4,24,none,311,311,1,0,343
4,24,RS,312,312,1,1,376
5,1,RP,79,80,2,1,374
5,1,none,81,81,1,0,343
5,1,RP,82,85,4,1,374
5,1,none,86,89,4,0,343
5,1,RP,90,90,1,1,374
5,1,none,91,94,4,0,343
5,1,RP,95,95,1,1,374
5,1,none,96,96,1,0,343
5,1,RP,97,98,2,1,374
5,1,none,99,101,3,0,343
5,1,RP,102,102,1,1,374
5,1,none,103,118,16,0,343
5,1,BW,119,122,4,1,220
5,1,none,123,128,6,0,343
5,1,"AC,RCL",129,129,1,2,154
5,1,RCL,130,131,2,1,370
5,1,none,132,132,1,0,343
5,1,RCL,133,133,1,1,370
5,1,none,134,139,6,0,343
5,1,RCL,140,140,1,1,370
5,1,none,141,141,1,0,343
5,1,RCL,142,142,1,1,370
5,1,none,143,143,1,0,343
5,1,RCL,144,144,1,1,370
5,1,none,145,162,18,0,343
5,1,RCL,163,172,10,1,370
5,1,"BW,RCL",173,173,1,2,273
5,1,RCL,174,174,1,1,370
5,1,"BW,RCL",175,175,1,2,273
5,1,"BW,HC,RCL",176,176,1,3,246
5,1,"HV,RCL",177,181,5,2,337
5,1,RCL,182,182,1,1,370
5,1,"BW,RCL",183,183,1,2,273
5,1,"BW,HV,RCL",184,185,2,3,254
5,1,"BW,GC,HV,RCL",186,186,1,4,231
5,1,"BW,GC,HV,RCL,RS",187,187,1,5,232
5,1,"BW,GC,HV,RCL",188,188,1,4,231
5,1,"GC,HV,RCL",189,189,1,3,296
5,1,"GC,HV,RCL,RS",190,192,3,4,297
5,1,"BW,GC,HV,RCL",193,193,1,4,231
5,1,"BW,GC,HV,RCL,RS",194,194,1,5,232
5,1,none,195,197,3,0,343
5,1,"GC,HV,RCL",198,198,1,3,296
5,1,none,199,204,6,0,343
5,1,"BW,GC,HV,RCL",205,205,1,4,231
5,1,none,206,218,13,0,343
5,1,"HV,RCL",219,219,1,2,337
5,1,none,220,225,6,0,343
5,1,"HV,RCA,RCL",226,226,1,3,334
5,1,none,227,232,6,0,343
5,1,"RCA,RCL",233,233,1,2,367
5,1,RCL,234,234,1,1,370
5,1,"RCA,RCL",235,235,1,2,367
5,1,RCL,236,236,1,1,370
5,1,none,237,239,3,0,343
5,1,RCL,240,240,1,1,370
5,1,none,241,246,6,0,343
5,1,"HV,RCA,RCL",247,248,2,3,334
5,1,none,249,253,5,0,343
5,1,"RCA,RCL,RS",254,254,1,3,368
5,1,"RCL,RS",255,259,5,2,373
5,1,"RCA,RCL,RS",260,260,1,3,368
5,1,"RCL,RS",261,268,8,2,373
5,1,"BW,RCL,RS",269,269,1,3,276
5,1,"RCL,RS",270,271,2,2,373
5,1,"BW,RCL,RS",272,272,1,3,276
5,1,"RCL,RS",273,278,6,2,373
5,1,RS,279,279,1,1,376
5,1,"RCL,RS",280,288,9,2,373
5,1,RS,289,295,7,1,376
5,1,none,296,311,16,0,343
5,1,RCL,312,312,1,1,370
5,1,none,313,326,14,0,343
5,1,RS,327,327,1,1,376
5,2,RS,3,3,1,1,376
5,2,none,4,53,50,0,343
5,2,RS,54,54,1,1,376
5,2,none,55,67,13,0,343
5,2,RS,68,68,1,1,376
5,2,none,69,72,4,0,343
5,2,RS,73,73,1,1,376
5,2,none,74,77,4,0,343
5,2,"PC,PT",78,78,1,2,345
5,2,"PC,PT,RS",79,79,1,3,348
5,2,RS,80,81,2,1,376
5,2,"PT,RS",82,82,1,2,365
5,2,none,83,86,4,0,343
5,2,RS,87,87,1,1,376
5,2,none,88,93,6,0,343
5,2,RS,94,94,1,1,376
5,2,none,95,96,2,0,343
5,2,"RP,RS",97,97,1,2,375
5,2,RS,98,98,1,1,376
5,2,"RP,RS",99,105,7,2,375
5,2,"PT,RP,RS",106,106,1,3,364
5,2,none,107,107,1,0,343
5,2,"RP,RS",108,111,4,2,375
5,2,RP,112,113,2,1,374
5,2,"RP,RS",114,115,2,2,375
5,2,"RCL,RP,RS",116,116,1,3,372
5,2,"RP,RS",117,117,1,2,375
5,2,"RCL,RP,RS",118,119,2,3,372
5,2,none,120,124,5,0,343
5,2,"HV,RCL,RS",125,125,1,3,339
5,2,"RCL,RS",126,126,1,2,373
5,2,"BW,RCL,RS",127,128,2,3,276
5,2,"RCL,RS",129,137,9,2,373
5,2,RCL,138,138,1,1,370
5,2,"RCL,RS",139,139,1,2,373
5,2,"HC,RCL",140,140,1,2,317
5,2,"HC,RCL,RS",141,141,1,3,318
5,2,RCL,142,143,2,1,370
5,2,"HV,RCL",144,144,1,2,337
5,2,RCL,145,145,1,1,370
5,2,"HV,RCL",146,148,3,2,337
5,2,"BW,HV,RCL",149,149,1,3,254
5,2,RCL,150,150,1,1,370
5,2,"HV,RCL",151,151,1,2,337
5,2,"BW,HV,RCL",152,152,1,3,254
5,2,"BW,HC,HV,RCL",153,153,1,4,242
5,2,"HV,RCL",154,156,3,2,337
5,2,"HV,RCA,RCL",157,159,3,3,334
5,2,"RCA,RCL",160,161,2,2,367
5,2,"HV,RCL",162,162,1,2,337
5,2,"RCA,RCL",163,163,1,2,367
5,2,RCL,164,171,8,1,370
5,2,"RCA,RCL",172,172,1,2,367
5,2,RCL,173,173,1,1,370
5,2,"BW,RCL",174,174,1,2,273
5,2,"BW,HV,RCL",175,175,1,3,254
5,2,none,176,182,7,0,343
5,2,RCL,183,185,3,1,370
5,2,"GC,HV,RCA,RCL",186,186,1,4,294
5,2,"BW,HV,RCA,RCL",187,188,2,4,252
5,2,"HC,HV,RCA,RCL",189,189,1,4,308
5,2,"HV,RCA,RCL",190,190,1,3,334
5,2,"HV,RCL",191,195,5,2,337
5,2,"HV,RCA,RCL",196,196,1,3,334
5,2,none,197,203,7,0,343
5,2,"BW,HV,RCL",204,204,1,3,254
5,2,"BW,HV,RCL,RS",205,205,1,4,257
5,2,"BW,RCL,RS",206,206,1,3,276
5,2,"BW,HV,RCL,RS",207,207,1,4,257
5,2,"RCL,RS",208,208,1,2,373
5,2,"HV,RCL,RS",209,209,1,3,339
5,2,"HC,HV,RCL,RS",210,211,2,4,311
5,2,"HC,HV,RCL",212,213,2,3,310
5,2,"HC,HV,RCA,RCL",214,214,1,4,308
5,2,"HV,RCL",215,215,1,2,337
5,2,"HC,HV,RCL",216,217,2,3,310
5,2,none,218,231,14,0,343
5,2,"HV,RCL",232,232,1,2,337
5,2,"HV,RCL,RS",233,236,4,3,339
5,2,none,237,238,2,0,343
5,2,"RCL,RS",239,239,1,2,373
5,2,RCL,240,260,21,1,370
5,2,none,261,266,6,0,343
5,2,"RCL,RS",267,283,17,2,373
5,2,RCL,284,284,1,1,370
5,2,"RCL,RS",285,285,1,2,373
5,2,RS,286,291,6,1,376
5,2,none,292,306,15,0,343
5,2,RS,307,307,1,1,376
5,2,none,308,309,2,0,343
5,2,RS,310,310,1,1,376
5,3,RP,102,108,7,1,374
5,3,none,109,135,27,0,343
5,3,RCL,136,138,3,1,370
5,3,none,139,139,1,0,343
5,3,RCL,140,142,3,1,370
5,3,none,143,146,4,0,343
5,3,RCL,147,149,3,1,370
5,3,"BW,RCL",150,150,1,2,273
5,3,RCL,151,153,3,1,370
5,3,"BW,HC,RCL",154,154,1,3,246
5,3,none,155,160,6,0,343
5,3,RCL,161,189,29,1,370
5,3,"BW,HV,RCL",190,192,3,3,254
5,3,RCL,193,193,1,1,370
5,3,"HV,RCL,RS",194,194,1,3,339
5,3,"BW,HV,RCL,RS",195,195,1,4,257
5,3,"HV,RCL",196,224,29,2,337
5,3,"HC,HV,RCL",225,229,5,3,310
5,3,"HV,RCL",230,230,1,2,337
5,3,"BW,HC,HV,RCL",231,232,2,4,242
5,3,"HC,HV,RCL",233,235,3,3,310
5,3,RCL,236,237,2,1,370
5,3,"HC,RCL",238,239,2,2,317
5,3,RCL,240,242,3,1,370
5,3,"HC,RCL",243,243,1,2,317
5,3,RCL,244,245,2,1,370
5,3,"RCL,RS",246,249,4,2,373
5,3,RCL,250,259,10,1,370
5,3,none,260,279,20,0,343
5,3,RS,280,299,20,1,376
5,4,RP,81,81,1,1,374
5,4,none,82,85,4,0,343
5,4,RP,86,86,1,1,374
5,4,none,87,87,1,0,343
5,4,RS,88,89,2,1,376
5,4,PC,90,90,1,1,344
5,4,none,91,93,3,0,343
5,4,RP,94,96,3,1,374
5,4,none,97,98,2,0,343
5,4,RP,99,99,1,1,374
5,4,none,100,100,1,0,343
5,4,RP,101,101,1,1,374
5,4,none,102,105,4,0,343
5,4,RCL,106,106,1,1,370
5,4,RP,107,110,4,1,374
5,4,"RCL,RP",111,111,1,2,371
5,4,RCL,112,112,1,1,370
5,4,"RCL,RP",113,117,5,2,371
5,4,none,118,118,1,0,343
5,4,RCL,119,122,4,1,370
5,4,none,123,124,2,0,343
5,4,RCL,125,125,1,1,370
5,4,RP,126,126,1,1,374
5,4,RCL,127,128,2,1,370
5,4,"RCL,RP",129,130,2,2,371
5,4,none,131,131,1,0,343
5,4,"RCL,RP",132,132,1,2,371
5,4,RCL,133,134,2,1,370
5,4,"BW,RCL",135,136,2,2,273
5,4,"RCL,RP",137,138,2,2,371
5,4,RCL,139,146,8,1,370
5,4,"BW,HV,RCL",147,148,2,3,254
5,4,RCL,149,153,5,1,370
5,4,"BW,HV,RCL",154,157,4,3,254
5,4,RCL,158,159,2,1,370
5,4,"GC,HV,RCL",160,160,1,3,296
5,4,RCL,161,161,1,1,370
5,4,"HV,RCL,RS",162,163,2,3,339
5,4,"BW,HV,RCL,RS",164,164,1,4,257
5,4,"GC,RCL,RS",165,165,1,3,303
5,4,"GC,RCL",166,168,3,2,302
5,4,"GC,HV,RCL",169,171,3,3,296
5,4,"BW,GC,HV,RCL",172,174,3,4,231
5,4,"GC,HV,RCL",175,178,4,3,296
5,4,"GC,RCL",179,180,2,2,302
5,4,"BW,GC,RCL",181,181,1,3,236
5,4,"BW,GC,HV,RCL",182,182,1,4,231
5,4,"BV,BW,GC,HV,RCL",183,183,1,5,168
5,4,"GC,HV,RCL",184,185,2,3,296
5,4,"GC,RCL",186,186,1,2,302
5,4,"BW,GC,HV,RCL",187,187,1,4,231
5,4,"BW,GC,HV,RCA,RCL",188,188,1,5,229
5,4,"GC,HV,RCL",189,191,3,3,296
5,4,RCL,192,194,3,1,370
5,4,"BW,RCA,RCL",195,195,1,3,271
5,4,"BW,GC,HV,RCL",196,196,1,4,231
5,4,"BW,GC,HV,RCA,RCL",197,197,1,5,229
5,4,"GC,HV,RCL",198,198,1,3,296
5,4,RCL,199,199,1,1,370
5,4,"HV,RCL",200,200,1,2,337
5,4,"RCA,RCL",201,201,1,2,367
5,4,"BW,HV,RCL",202,203,2,3,254
5,4,"HV,RCL,RS",204,205,2,3,339
5,4,"BW,GC,HV,RCL,RS",206,206,1,5,232
5,4,"BW,HV,RCL,RS",207,207,1,4,257
5,4,"BW,GC,HV,RCL,RS",208,211,4,5,232
5,4,"GC,HV,RCA,RCL,RS",212,215,4,5,295
5,4,"GC,HV,RCL,RS",216,217,2,4,297
5,4,"HV,RCL,RS",218,218,1,3,339
5,4,"HC,HV,RCL,RS",219,219,1,4,311
5,4,"HV,RCL,RS",220,222,3,3,339
5,4,"GC,RCL,RS",223,223,1,3,303
5,4,"BW,GC,HV,RCL,RS",224,224,1,5,232
5,4,"BW,GC,RCL,RS",225,225,1,4,237
5,4,"BW,RCL,RS",226,228,3,3,276
5,4,"BW,GC,RCL,RS",229,229,1,4,237
5,4,"BW,RCL,RS",230,230,1,3,276
5,4,"RCL,RS",231,233,3,2,373
5,4,"BW,HV,RCL,RS",234,236,3,4,257
5,4,"HV,RCL,RS",237,244,8,3,339
5,4,"RCL,RS",245,245,1,2,373
5,4,"HV,RCL,RS",246,250,5,3,339
5,4,"RCL,RS",251,277,27,2,373
5,4,RS,278,301,24,1,376
5,4,none,302,302,1,0,343
5,4,RS,303,309,7,1,376
5,4,none,310,310,1,0,343
5,4,RS,311,312,2,1,376
5,4,none,313,313,1,0,343
5,4,RS,314,314,1,1,376
5,4,none,315,318,4,0,343
5,4,RS,319,320,2,1,376
5,4,none,321,321,1,0,343
5,4,RS,322,322,1,1,376
5,4,none,323,326,4,0,343
5,4,RCL,327,327,1,1,370
5,4,none,328,333,6,0,343
5,4,RS,334,335,2,1,376
5,4,none,336,341,6,0,343
5,4,RS,342,342,1,1,376
5,4,none,343,354,12,0,343
5,4,RS,355,355,1,1,376
5,5,PC,37,37,1,1,344
5,5,none,38,73,36,0,343
5,5,"RP,RS",74,74,1,2,375
5,5,none,75,76,2,0,343
5,5,"RP,RS",77,77,1,2,375
5,5,RP,78,80,3,1,374
5,5,"RP,RS",81,81,1,2,375
5,5,RP,82,93,12,1,374
5,5,RS,94,94,1,1,376
5,5,none,95,108,14,0,343
5,5,RS,109,115,7,1,376
5,5,"RCL,RS",116,123,8,2,373
5,5,RCL,124,136,13,1,370
5,5,"RCL,RS",137,139,3,2,373
5,5,RCL,140,155,16,1,370
5,5,"BW,HV,RCL",156,156,1,3,254
5,5,"BW,RCL",157,157,1,2,273
5,5,RCL,158,164,7,1,370
5,5,"BW,RCL",165,166,2,2,273
5,5,"BV,BW,RCL",167,167,1,3,189
5,5,"RCA,RCL",168,168,1,2,367
5,5,RCL,169,185,17,1,370
5,5,"BV,BW,GC,HV,RCL",186,186,1,5,168
5,5,"BW,GC,HV,RCL",187,187,1,4,231
5,5,"GC,HC,HV,RCA,RCL",188,188,1,5,282
5,5,"RCA,RCL",189,189,1,2,367
5,5,RCL,190,190,1,1,370
5,5,"HV,RCA,RCL",191,191,1,3,334
5,5,RCL,192,192,1,1,370
5,5,"HC,RCA,RCL",193,193,1,3,315
5,5,RCL,194,199,6,1,370
5,5,"BW,RCL",200,202,3,2,273
5,5,RCL,203,204,2,1,370
5,5,"HC,RCL",205,207,3,2,317
5,5,"BW,HC,RCL",208,208,1,3,246
5,5,"BW,RCL",209,209,1,2,273
5,5,RCL,210,210,1,1,370
5,5,"BV,BW,RCL",211,211,1,3,189
5,5,"BV,BW,HC,RCL",212,212,1,4,178
5,5,"HC,RCL",213,213,1,2,317
5,5,"HV,RCL",214,214,1,2,337
5,5,RCL,215,216,2,1,370
5,5,"HC,RCL",217,218,2,2,317
5,5,"BW,RCL",219,220,2,2,273
5,5,RCL,221,222,2,1,370
5,5,"HC,RCL",223,223,1,2,317
5,5,RCL,224,224,1,1,370
5,5,"HC,RCL",225,227,3,2,317
5,5,RCL,228,243,16,1,370
5,5,"BW,RCL",244,244,1,2,273
5,5,"BV,BW,RCL",245,245,1,3,189
5,5,"BW,RCL",246,246,1,2,273
5,5,RCL,247,277,31,1,370
5,5,none,278,279,2,0,343
5,5,RS,280,282,3,1,376
5,5,none,283,283,1,0,343
5,5,RS,284,284,1,1,376
5,5,none,285,285,1,0,343
5,5,RS,286,287,2,1,376
5,5,none,288,288,1,0,343
5,5,RS,289,289,1,1,376
5,5,none,290,294,5,0,343
5,5,RS,295,300,6,1,376
5,6,RS,54,56,3,1,376
5,6,none,57,58,2,0,343
5,6,RS,59,64,6,1,376
5,6,none,65,71,7,0,343
5,6,RS,72,72,1,1,376
5,6,none,73,73,1,0,343
5,6,RS,74,74,1,1,376
5,6,none,75,81,7,0,343
5,6,RS,82,82,1,1,376
5,6,none,83,85,3,0,343
5,6,RS,86,93,8,1,376
5,6,RP,94,95,2,1,374
5,6,"RP,RS",96,97,2,2,375
5,6,RS,98,98,1,1,376
5,6,RP,99,101,3,1,374
5,6,none,102,102,1,0,343
5,6,RP,103,104,2,1,374
5,6,none,105,106,2,0,343
5,6,RS,107,121,15,1,376
5,6,none,122,129,8,0,343
5,6,RCL,130,130,1,1,370
5,6,none,131,134,4,0,343
5,6,RCL,135,135,1,1,370
5,6,"RCA,RCL",136,136,1,2,367
5,6,RCL,137,137,1,1,370
5,6,none,138,138,1,0,343
5,6,"RCA,RCL",139,140,2,2,367
5,6,RCL,141,145,5,1,370
5,6,none,146,146,1,0,343
5,6,RCL,147,147,1,1,370
5,6,"BW,RCL",148,148,1,2,273
5,6,RCL,149,152,4,1,370
5,6,"BW,RCL",153,154,2,2,273
5,6,"BV,BW,HV,RCL",155,156,2,4,184
5,6,"HV,RCL",157,157,1,2,337
5,6,RCL,158,178,21,1,370
5,6,"RCA,RCL",179,179,1,2,367
5,6,"BW,RCL",180,182,3,2,273
5,6,RCL,183,194,12,1,370
5,6,BW,195,195,1,1,220
5,6,"BV,BW,HV,RCL",196,197,2,4,184
5,6,"AC,HV,RCL",198,198,1,3,145
5,6,RCL,199,205,7,1,370
5,6,none,206,207,2,0,343
5,6,RCL,208,208,1,1,370
5,6,none,209,209,1,0,343
5,6,RCL,210,216,7,1,370
5,6,"RCA,RCL",217,218,2,2,367
5,6,RCL,219,233,15,1,370
5,6,BW,234,234,1,1,220
5,6,"BW,RCL",235,235,1,2,273
5,6,RCL,236,236,1,1,370
5,6,"RCA,RCL",237,237,1,2,367
5,6,RCL,238,239,2,1,370
5,6,"RCA,RCL",240,240,1,2,367
5,6,RCL,241,241,1,1,370
5,6,none,242,245,4,0,343
5,6,"BW,HV",246,246,1,2,248
5,6,HV,247,247,1,1,320
5,6,RCL,248,248,1,1,370
5,6,"HV,RCL",249,249,1,2,337
5,6,RCL,250,260,11,1,370
5,6,HV,261,261,1,1,320
5,6,none,262,262,1,0,343
5,6,RCL,263,264,2,1,370
5,6,none,265,265,1,0,343
5,6,RCL,266,277,12,1,370
5,6,"RCL,RS",278,278,1,2,373
5,6,RCL,279,280,2,1,370
5,6,none,281,281,1,0,343
5,6,RS,282,282,1,1,376
5,6,none,283,287,5,0,343
5,6,RS,288,289,2,1,376
5,6,none,290,301,12,0,343
5,6,RS,302,306,5,1,376
5,6,none,307,310,4,0,343
5,6,RS,311,314,4,1,376
5,6,none,315,315,1,0,343
5,6,RS,316,317,2,1,376
5,6,none,318,320,3,0,343
5,6,RS,321,321,1,1,376
5,6,none,322,322,1,0,343
5,6,RS,323,323,1,1,376
5,6,none,324,326,3,0,343
5,6,RS,327,328,2,1,376
5,7,RS,40,40,1,1,376
5,7,none,41,51,11,0,343
5,7,RS,52,52,1,1,376
5,7,none,53,62,10,0,343
5,7,RS,63,63,1,1,376
5,7,none,64,64,1,0,343
5,7,RS,65,70,6,1,376
5,7,none,71,75,5,0,343
5,7,RS,76,76,1,1,376
5,7,PC,77,77,1,1,344
5,7,none,78,78,1,0,343
5,7,RS,79,89,11,1,376
5,7,none,90,92,3,0,343
5,7,RS,93,97,5,1,376
5,7,"RP,RS",98,99,2,2,375
5,7,"PC,RCL,RP,RS",100,100,1,4,353
5,7,"RCL,RS",101,101,1,2,373
5,7,"RP,RS",102,104,3,2,375
5,7,"RCL,RP,RS",105,108,4,3,372
5,7,"RP,RS",109,109,1,2,375
5,7,"RCL,RP,RS",110,110,1,3,372
5,7,"RCL,RS",111,112,2,2,373
5,7,"RCL,RP,RS",113,113,1,3,372
5,7,"BW,RCL,RS",114,114,1,3,276
5,7,"BW,RCL",115,115,1,2,273
5,7,"RCL,RS",116,116,1,2,373
5,7,RCL,117,118,2,1,370
5,7,"RCL,RS",119,122,4,2,373
5,7,RCL,123,123,1,1,370
5,7,none,124,125,2,0,343
5,7,RCL,126,126,1,1,370
5,7,"RCL,RS",127,127,1,2,373
5,7,RS,128,128,1,1,376
5,7,"RCL,RS",129,129,1,2,373
5,7,RCL,130,130,1,1,370
5,7,none,131,131,1,0,343
5,7,RS,132,133,2,1,376
5,7,"RCL,RS",134,136,3,2,373
5,7,"BW,RCL,RS",137,139,3,3,276
5,7,"RCL,RS",140,141,2,2,373
5,7,RCL,142,142,1,1,370
5,7,"RCL,RS",143,144,2,2,373
5,7,"BW,RCL,RS",145,145,1,3,276
5,7,"BW,RCL",146,146,1,2,273
5,7,"RCL,RS",147,147,1,2,373
5,7,RCL,148,148,1,1,370
5,7,"BW,HV,RCL,RS",149,149,1,4,257
5,7,"HV,RCL,RS",150,150,1,3,339
5,7,"BW,GC,HV,RCA,RCL,RS",151,151,1,6,230
5,7,"GC,HV,RCL,RS",152,154,3,4,297
5,7,"HV,RCA,RCL,RS",155,155,1,4,335
5,7,"RCA,RCL,RS",156,156,1,3,368
5,7,"RCL,RS",157,157,1,2,373
5,7,"RCA,RCL,RS",158,158,1,3,368
5,7,"GC,HV,RCL,RS",159,159,1,4,297
5,7,"GC,RCA,RCL,RS",160,160,1,4,301
5,7,"GC,RCL,RS",161,161,1,3,303
5,7,"RCL,RS",162,164,3,2,373
5,7,RCL,165,165,1,1,370
5,7,"RCL,RS",166,168,3,2,373
5,7,"RCA,RCL,RS",169,169,1,3,368
5,7,"BW,RCA,RCL,RS",170,170,1,4,272
5,7,"BW,GC,RCA,RCL,RS",171,171,1,5,235
5,7,"RCA,RCL,RS",172,177,6,3,368
5,7,"BW,RCL",178,178,1,2,273
5,7,"BW,GC,RCA,RCL",179,179,1,4,234
5,7,"BW,GC,RCA,RCL,RS",180,180,1,5,235
5,7,"RCA,RCL,RS",181,182,2,3,368
5,7,"GC,RCL",183,183,1,2,302
5,7,"GC,RCA,RCL",184,184,1,3,300
5,7,"GC,RCL",185,185,1,2,302
5,7,"GC,RCA,RCL",186,190,5,3,300
5,7,"RCA,RCL",191,191,1,2,367
5,7,"BW,GC,RCA,RCL",192,192,1,4,234
5,7,"BW,GC,HV,RCA,RCL",193,193,1,5,229
5,7,"BW,GC,HV,RCL,RS",194,194,1,5,232
5,7,"BW,GC,HV,RCA,RCL,RS",195,195,1,6,230
5,7,"GC,HV,RCL",196,196,1,3,296
5,7,"GC,HV,RCA,RCL",197,197,1,4,294
5,7,"BW,GC,HV,RCA,RCL,RS",198,198,1,6,230
5,7,"HV,RCA,RCL,RS",199,200,2,4,335
5,7,"BW,HV,RCA,RCL",201,201,1,4,252
5,7,"BW,GC,HV,RCA,RCL,RS",202,202,1,6,230
5,7,"BW,HV,RCA,RCL,RS",203,203,1,5,253
5,7,"BW,GC,HV,RCL,RS",204,204,1,5,232
5,7,"GC,HV,RCL,RS",205,205,1,4,297
5,7,"HV,RCL,RS",206,207,2,3,339
5,7,"BW,HV,RCA,RCL,RS",208,208,1,5,253
5,7,"HV,RCA,RCL,RS",209,209,1,4,335
5,7,"HV,RCL,RS",210,210,1,3,339
5,7,"BW,HV,RCL,RS",211,211,1,4,257
5,7,"AC,BW,HV,RCL,RS",212,212,1,5,101
5,7,"BW,HV,RCL,RS",213,213,1,4,257
5,7,"BV,BW,GC,HV,RCL,RS",214,214,1,6,169
5,7,"BV,BW,GC,HV,RCA,RCL,RS",215,215,1,7,167
5,7,"GC,HV,RCL,RS",216,216,1,4,297
5,7,"GC,HV,RCA,RCL,RS",217,219,3,5,295
5,7,"BW,GC,HV,RCA,RCL,RS",220,220,1,6,230
5,7,"GC,HV,RCA,RCL,RS",221,221,1,5,295
5,7,"BW,HV,RCA,RCL,RS",222,222,1,5,253
5,7,"BW,GC,HV,RCA,RCL,RS",223,223,1,6,230
5,7,"GC,HV,RCA,RCL,RS",224,224,1,5,295
5,7,"HV,RCA,RCL,RS",225,226,2,4,335
5,7,"BW,HV,RCA,RCL,RS",227,228,2,5,253
5,7,"GC,HV,RCA,RCL,RS",229,230,2,5,295
5,7,"RCA,RCL,RS",231,231,1,3,368
5,7,"HV,RCA,RCL,RS",232,232,1,4,335
5,7,"BW,HV,RCA,RCL,RS",233,233,1,5,253
5,7,"BW,RCA,RCL,RS",234,234,1,4,272
5,7,"BW,HV,RCA,RCL,RS",235,237,3,5,253
5,7,"HV,RCA,RCL,RS",238,239,2,4,335
5,7,"BW,RCL,RS",240,240,1,3,276
5,7,"BW,RCA,RCL,RS",241,241,1,4,272
5,7,"BW,RCL,RS",242,242,1,3,276
5,7,"RCA,RCL,RS",243,243,1,3,368
5,7,"HV,RCA,RCL,RS",244,245,2,4,335
5,7,"RCA,RCL,RS",246,246,1,3,368
5,7,"RCA,RCL",247,250,4,2,367
5,7,RCL,251,255,5,1,370
5,7,"RCL,RS",256,262,7,2,373
5,7,RCL,263,282,20,1,370
5,7,none,283,295,13,0,343
5,7,RS,296,307,12,1,376
5,7,"RCA,RS",308,308,1,2,369
5,7,RS,309,310,2,1,376
5,7,none,311,312,2,0,343
5,7,RS,313,313,1,1,376
5,7,none,314,320,7,0,343
5,7,RCA,321,321,1,1,366
5,7,none,322,327,6,0,343
5,7,RS,328,328,1,1,376
5,8,RS,75,75,1,1,376
5,8,none,76,76,1,0,343
5,8,RS,77,78,2,1,376
5,8,none,79,80,2,0,343
5,8,RS,81,82,2,1,376
5,8,none,83,83,1,0,343
5,8,RP,84,85,2,1,374
5,8,none,86,86,1,0,343
5,8,RP,87,90,4,1,374
5,8,"RP,RS",91,92,2,2,375
5,8,RP,93,93,1,1,374
5,8,none,94,103,10,0,343
5,8,RS,104,105,2,1,376
5,8,"RP,RS",106,106,1,2,375
5,8,RP,107,107,1,1,374
5,8,none,108,112,5,0,343
5,8,RCL,113,114,2,1,370
5,8,none,115,115,1,0,343
5,8,RCL,116,117,2,1,370
5,8,"RCL,RS",118,119,2,2,373
5,8,RCL,120,120,1,1,370
5,8,"RCL,RS",121,121,1,2,373
5,8,none,122,123,2,0,343
5,8,RS,124,124,1,1,376
5,8,"RCL,RS",125,129,5,2,373
5,8,RCL,130,135,6,1,370
5,8,"RCL,RS",136,138,3,2,373
5,8,"BW,RCL,RS",139,140,2,3,276
5,8,"RCL,RS",141,144,4,2,373
5,8,RCL,145,159,15,1,370
5,8,none,160,160,1,0,343
5,8,RCL,161,162,2,1,370
5,8,"RCL,RS",163,163,1,2,373
5,8,RCL,164,165,2,1,370
5,8,"BW,RCL",166,166,1,2,273
5,8,"BW,HV,RCL",167,167,1,3,254
5,8,"BV,BW,HC,HV,RCL",168,168,1,5,177
5,8,"HV,RCL",169,176,8,2,337
5,8,"BW,HV,RCL",177,177,1,3,254
5,8,"RCA,RCL",178,178,1,2,367
5,8,RCL,179,189,11,1,370
5,8,"BV,BW,GC,HC,HV,RCL",190,190,1,6,162
5,8,"BW,HC,RCA,RCL",191,191,1,4,245
5,8,RCL,192,192,1,1,370
5,8,"RCA,RCL",193,193,1,2,367
5,8,RCL,194,194,1,1,370
5,8,"HC,RCL",195,195,1,2,317
5,8,"RCA,RCL",196,196,1,2,367
5,8,"HC,RCA,RCL",197,197,1,3,315
5,8,"RCA,RCL",198,198,1,2,367
5,8,"HC,RCA,RCL",199,199,1,3,315
5,8,"RCA,RCL",200,200,1,2,367
5,8,"HC,RCA,RCL",201,202,2,3,315
5,8,RCL,203,203,1,1,370
5,8,none,204,205,2,0,343
5,8,"HC,RCL",206,207,2,2,317
5,8,RCL,208,210,3,1,370
5,8,"RCA,RCL",211,211,1,2,367
5,8,"HC,RCL",212,213,2,2,317
5,8,"HC,RCA,RCL",214,214,1,3,315
5,8,"HC,RCL",215,215,1,2,317
5,8,RCL,216,216,1,1,370
5,8,"HC,RCA,RCL",217,217,1,3,315
5,8,"HC,RCL",218,218,1,2,317
5,8,RCL,219,219,1,1,370
5,8,"HC,RCL",220,222,3,2,317
5,8,none,223,223,1,0,343
5,8,RCL,224,224,1,1,370
5,8,"HC,RCL",225,225,1,2,317
5,8,RCL,226,226,1,1,370
5,8,"HC,RCL",227,227,1,2,317
5,8,"HC,RCA,RCL",228,228,1,3,315
5,8,"RCA,RCL",229,229,1,2,367
5,8,"HC,RCA,RCL",230,231,2,3,315
5,8,"RCA,RCL",232,232,1,2,367
5,8,RCL,233,236,4,1,370
5,8,"HC,RCL",237,237,1,2,317
5,8,RCL,238,238,1,1,370
5,8,"HC,RCL",239,242,4,2,317
5,8,RCL,243,246,4,1,370
5,8,"HC,RCL",247,247,1,2,317
5,8,RCL,248,248,1,1,370
5,8,"RCL,RS",249,249,1,2,373
5,8,RCL,250,251,2,1,370
5,8,none,252,252,1,0,343
5,8,RCL,253,253,1,1,370
5,8,"RCL,RS",254,258,5,2,373
5,8,"BW,RCL,RS",259,259,1,3,276
5,8,"BW,HV,RCL,RS",260,260,1,4,257
5,8,"RCL,RS",261,281,21,2,373
5,8,RS,282,285,4,1,376
5,8,"RCL,RS",286,288,3,2,373
5,8,none,289,289,1,0,343
5,8,RS,290,292,3,1,376
5,9,RS,71,71,1,1,376
5,9,none,72,75,4,0,343
5,9,RS,76,78,3,1,376
5,9,none,79,83,5,0,343
5,9,RS,84,85,2,1,376
5,9,none,86,91,6,0,343
5,9,RS,92,96,5,1,376
5,9,none,97,102,6,0,343
5,9,PC,103,103,1,1,344
5,9,RS,104,107,4,1,376
5,9,none,108,108,1,0,343
5,9,"BW,RS",109,109,1,2,279
5,9,RP,110,110,1,1,374
5,9,none,111,125,15,0,343
5,9,BW,126,126,1,1,220
5,9,none,127,131,5,0,343
5,9,BW,132,134,3,1,220
5,9,"BW,HV",135,136,2,2,248
5,9,"HV,RCL",137,137,1,2,337
5,9,HV,138,138,1,1,320
5,9,none,139,139,1,0,343
5,9,RCL,140,140,1,1,370
5,9,none,141,141,1,0,343
5,9,RCL,142,154,13,1,370
5,9,"HV,RCL",155,155,1,2,337
5,9,"BW,HV,RCL",156,156,1,3,254
5,9,"BV,BW,HC,HV,RCL",157,157,1,5,177
5,9,"HV,RCL",158,158,1,2,337
5,9,"HC,HV,RCL",159,159,1,3,310
5,9,"HC,HV,RCA,RCL",160,160,1,4,308
5,9,"HC,HV,RCL",161,161,1,3,310
5,9,"HC,HV,RCA,RCL",162,162,1,4,308
5,9,"HV,RCL",163,163,1,2,337
5,9,RCL,164,166,3,1,370
5,9,"BW,HV,RCL",167,167,1,3,254
5,9,"BV,BW,HV,RCL",168,169,2,4,184
5,9,RCL,170,171,2,1,370
5,9,"GC,RCA,RCL",172,172,1,3,300
5,9,"RCA,RCL",173,174,2,2,367
5,9,RCL,175,175,1,1,370
5,9,"RCA,RCL",176,177,2,2,367
5,9,"HC,RCA,RCL",178,179,2,3,315
5,9,"RCA,RCL",180,183,4,2,367
5,9,"BW,RCA,RCL",184,184,1,3,271
5,9,"BV,BW,RCA,RCL",185,186,2,4,188
5,9,"GC,RCA,RCL",187,187,1,3,300
5,9,"RCA,RCL",188,188,1,2,367
5,9,"BV,BW,GC,HV,RCA,RCL",189,189,1,6,166
5,9,"BW,GC,HC,RCA,RCL",190,190,1,5,226
5,9,"GC,HC,RCA,RCL",191,191,1,4,286
5,9,"HC,RCA,RCL",192,192,1,3,315
5,9,"RCA,RCL",193,193,1,2,367
5,9,"HC,RCA,RCL",194,194,1,3,315
5,9,"RCA,RCL",195,200,6,2,367
5,9,"HC,RCA,RCL",201,201,1,3,315
5,9,"RCA,RCL",202,204,3,2,367
5,9,RCL,205,205,1,1,370
5,9,"HC,RCA,RCL",206,206,1,3,315
5,9,RCL,207,207,1,1,370
5,9,"RCA,RCL",208,216,9,2,367
5,9,RCL,217,217,1,1,370
5,9,"RCA,RCL",218,220,3,2,367
5,9,RCL,221,221,1,1,370
5,9,"RCA,RCL",222,222,1,2,367
5,9,RCL,223,224,2,1,370
5,9,"BW,RCL",225,226,2,2,273
5,9,RCL,227,230,4,1,370
5,9,"RCA,RCL",231,232,2,2,367
5,9,RCL,233,235,3,1,370
5,9,"BW,RCA,RCL",236,236,1,3,271
5,9,"RCA,RCL",237,237,1,2,367
5,9,"BW,RCA,RCL",238,240,3,3,271
5,9,RCL,241,241,1,1,370
5,9,"RCA,RCL",242,242,1,2,367
5,9,RCL,243,245,3,1,370
5,9,"RCA,RCL",246,246,1,2,367
5,9,RCL,247,249,3,1,370
5,9,"BW,RCL",250,250,1,2,273
5,9,RCL,251,264,14,1,370
5,9,"BW,HC,RCA,RCL",265,265,1,4,245
5,9,RCL,266,266,1,1,370
5,9,"BV,BW,HC,HV,RCA,RCL,RS",267,267,1,7,176
5,9,"BV,BW,HV,RCL,RS",268,268,1,5,185
5,9,"RCL,RS",269,272,4,2,373
5,9,RCL,273,273,1,1,370
5,9,"RCL,RS",274,275,2,2,373
5,9,RCL,276,279,4,1,370
5,9,"RCL,RS",280,280,1,2,373
5,9,RS,281,282,2,1,376
5,9,"HV,RS",283,283,1,2,342
5,9,RS,284,289,6,1,376
5,9,"HV,RS",290,290,1,2,342
5,9,none,291,297,7,0,343
5,9,HV,298,298,1,1,320
5,9,none,299,305,7,0,343
5,9,HV,306,306,1,1,320
5,9,none,307,319,13,0,343
5,9,RS,320,320,1,1,376
5,10,RP,77,77,1,1,374
5,10,none,78,84,7,0,343
5,10,RP,85,86,2,1,374
5,10,none,87,90,4,0,343
5,10,RP,91,91,1,1,374
5,10,RS,92,94,3,1,376
5,10,"PT,RP",95,95,1,2,363
5,10,RS,96,100,5,1,376
5,10,RP,101,101,1,1,374
5,10,none,102,117,16,0,343
5,10,RCL,118,124,7,1,370
5,10,none,125,126,2,0,343
5,10,RCL,127,142,16,1,370
5,10,"RCA,RCL",143,143,1,2,367
5,10,RCL,144,145,2,1,370
5,10,"BW,RCL",146,147,2,2,273
5,10,"BW,HC,RCA,RCL",148,148,1,4,245
5,10,RCL,149,151,3,1,370
5,10,"RCA,RCL",152,153,2,2,367
5,10,RCL,154,154,1,1,370
5,10,"RCA,RCL",155,156,2,2,367
5,10,RCL,157,159,3,1,370
5,10,"RCA,RCL",160,162,3,2,367
5,10,RCL,163,163,1,1,370
5,10,"RCA,RCL",164,164,1,2,367
5,10,"HC,RCA,RCL",165,165,1,3,315
5,10,RCL,166,166,1,1,370
5,10,"RCA,RCL",167,167,1,2,367
5,10,"HC,RCA,RCL",168,168,1,3,315
5,10,"RCA,RCL",169,170,2,2,367
5,10,"RCA,RCL,RS",171,171,1,3,368
5,10,"RCA,RCL",172,172,1,2,367
5,10,RCL,173,173,1,1,370
5,10,"BW,RCL",174,174,1,2,273
5,10,"RCA,RCL",175,176,2,2,367
5,10,RCL,177,177,1,1,370
5,10,"RCA,RCL",178,180,3,2,367
5,10,RCL,181,181,1,1,370
5,10,"BV,BW,RCL",182,182,1,3,189
5,10,"BW,RCL",183,183,1,2,273
5,10,RCL,184,184,1,1,370
5,10,"RCA,RCL",185,185,1,2,367
5,10,RCL,186,186,1,1,370
5,10,"BW,RCL",187,189,3,2,273
5,10,"HC,RCL",190,190,1,2,317
5,10,RCL,191,191,1,1,370
5,10,"HC,RCA,RCL",192,192,1,3,315
5,10,RCL,193,193,1,1,370
5,10,"RCA,RCL",194,197,4,2,367
5,10,"HC,RCA,RCL",198,198,1,3,315
5,10,"HC,RCL",199,199,1,2,317
5,10,"RCA,RCL",200,201,2,2,367
5,10,RCL,202,202,1,1,370
5,10,"RCA,RCL",203,203,1,2,367
5,10,"HC,RCL",204,205,2,2,317
5,10,"RCA,RCL",206,206,1,2,367
5,10,"BW,RCL",207,207,1,2,273
5,10,"BW,RCA,RCL",208,208,1,3,271
5,10,"BW,HV,RCA,RCL",209,209,1,4,252
5,10,"BW,HC,HV,RCA,RCL",210,210,1,5,240
5,10,"BW,GC,HC,HV,RCL",211,211,1,5,223
5,10,"GC,HC,HV,RCL",212,212,1,4,284
5,10,"HC,RCL",213,213,1,2,317
5,10,"BV,HC,RCA,RCL",214,214,1,4,205
5,10,"HV,RCA,RCL",215,215,1,3,334
5,10,"HC,RCA,RCL",216,221,6,3,315
5,10,"GC,HC,RCA,RCL",222,222,1,4,286
5,10,"HC,RCL",223,223,1,2,317
5,10,RCL,224,224,1,1,370
5,10,"HC,RCA,RCL",225,226,2,3,315
5,10,"BW,HC,HV,RCA,RCL",227,227,1,5,240
5,10,"BW,RCA,RCL",228,228,1,3,271
5,10,"HC,RCL",229,229,1,2,317
5,10,"HC,RCA,RCL",230,232,3,3,315
5,10,"HC,RCL",233,233,1,2,317
5,10,"GC,HV,RCL",234,234,1,3,296
5,10,"BW,GC,HC,HV,RCL",235,236,2,5,223
5,10,"HC,HV,RCA,RCL",237,237,1,4,308
5,10,"HC,HV,RCL",238,238,1,3,310
5,10,"HC,RCL",239,239,1,2,317
5,10,"HC,HV,RCL",240,240,1,3,310
5,10,"HC,RCL",241,244,4,2,317
5,10,"BV,BW,GC,HC,HV,RCL",245,245,1,6,162
5,10,"BW,GC,HC,HV,RCL",246,246,1,5,223
5,10,"BW,GC,HC,HV,RCA,RCL",247,248,2,6,221
5,10,"HC,HV,RCA,RCL,RS",249,249,1,5,309
5,10,"BW,HC,HV,RCL,RS",250,251,2,5,243
5,10,"BW,HC,HV,RCA,RCL,RS",252,252,1,6,241
5,10,"BW,HC,HV,RCL,RS",253,253,1,5,243
5,10,"GC,HC,RCL,RS",254,254,1,4,288
5,10,"RCL,RS",255,257,3,2,373
5,10,"HC,RCL,RS",258,258,1,3,318
5,10,"RCL,RS",259,285,27,2,373
5,10,RS,286,296,11,1,376
5,11,RP,83,83,1,1,374
5,11,none,84,84,1,0,343
5,11,RS,85,88,4,1,376
5,11,"RP,RS",89,89,1,2,375
5,11,RS,90,91,2,1,376
5,11,"RP,RS",92,93,2,2,375
5,11,RS,94,94,1,1,376
5,11,none,95,96,2,0,343
5,11,RP,97,97,1,1,374
5,11,RS,98,98,1,1,376
5,11,"RP,RS",99,99,1,2,375
5,11,RS,100,102,3,1,376
5,11,"RP,RS",103,103,1,2,375
5,11,RS,104,105,2,1,376
5,11,"RP,RS",106,108,3,2,375
5,11,RS,109,112,4,1,376
5,11,"RCL,RS",113,113,1,2,373
5,11,RS,114,120,7,1,376
5,11,"BW,RCL,RS",121,121,1,3,276
5,11,RS,122,123,2,1,376
5,11,"BW,RS",124,124,1,2,279
5,11,"BW,RCL,RS",125,125,1,3,276
5,11,"BW,RS",126,126,1,2,279
5,11,"RCL,RS",127,128,2,2,373
5,11,RCL,129,133,5,1,370
5,11,none,134,134,1,0,343
5,11,RCL,135,135,1,1,370
5,11,"BW,RCL",136,136,1,2,273
5,11,RCL,137,138,2,1,370
5,11,"BW,RCL",139,139,1,2,273
5,11,BW,140,140,1,1,220
5,11,"BW,RCL,RS",141,141,1,3,276
5,11,"BW,RCL",142,142,1,2,273
5,11,BW,143,143,1,1,220
5,11,"BW,RCL",144,144,1,2,273
5,11,"BV,BW,HV,RCL,RS",145,145,1,5,185
5,11,"BW,RCL,RS",146,146,1,3,276
5,11,"BW,HV,RCL",147,147,1,3,254
5,11,"BW,HC,HV,RCL,RS",148,148,1,5,243
5,11,RCL,149,160,12,1,370
5,11,"BW,RCL,RS",161,161,1,3,276
5,11,RCL,162,167,6,1,370
5,11,"HC,RCL",168,168,1,2,317
5,11,"BV,BW,GC,HV,RCL",169,169,1,5,168
5,11,"BV,BW,GC,HC,HV,RCA,RCL",170,170,1,7,160
5,11,"GC,HC,HV,RCL",171,172,2,4,284
5,11,"GC,HC,RCL",173,173,1,3,287
5,11,RCL,174,175,2,1,370
5,11,"HC,RCL",176,176,1,2,317
5,11,RCL,177,177,1,1,370
5,11,"RCA,RCL",178,180,3,2,367
5,11,RCL,181,183,3,1,370
5,11,"RCL,RS",184,184,1,2,373
5,11,"RCA,RCL",185,185,1,2,367
5,11,RCL,186,186,1,1,370
5,11,"HV,RCL",187,187,1,2,337
5,11,RCL,188,193,6,1,370
5,11,"HC,RCL",194,194,1,2,317
5,11,RCL,195,195,1,1,370
5,11,"HC,RCL",196,199,4,2,317
5,11,RCL,200,200,1,1,370
5,11,"BW,RCL",201,201,1,2,273
5,11,"BV,BW,RCL",202,202,1,3,189
5,11,"BV,HC,RCA,RCL",203,203,1,4,205
5,11,"HC,RCL",204,207,4,2,317
5,11,RCL,208,209,2,1,370
5,11,"HC,RCL",210,210,1,2,317
5,11,RCL,211,215,5,1,370
5,11,"HC,RCL",216,220,5,2,317
5,11,RCL,221,221,1,1,370
5,11,"HC,RCL",222,222,1,2,317
5,11,RCL,223,227,5,1,370
5,11,"BV,BW,GC,RCA,RCL",228,228,1,5,171
5,11,"BV,BW,HC,RCL",229,229,1,4,178
5,11,"HC,RCL",230,233,4,2,317
5,11,"HC,RCA,RCL",234,234,1,3,315
5,11,RCL,235,235,1,1,370
5,11,"AC,HC,RCL",236,236,1,3,139
5,11,"AC,RCL",237,237,1,2,154
5,11,"AC,HC,RCL",238,238,1,3,139
5,11,"AC,RCL",239,239,1,2,154
5,11,"AC,HC,RCL",240,240,1,3,139
5,11,"AC,RCL",241,241,1,2,154
5,11,"AC,HC,RCL",242,242,1,3,139
5,11,"AC,RCL",243,244,2,2,154
5,11,RCL,245,249,5,1,370
5,11,"BW,RCL",250,250,1,2,273
5,11,RCL,251,276,26,1,370
5,12,RS,44,44,1,1,376
5,12,none,45,49,5,0,343
5,12,RS,50,50,1,1,376
5,12,none,51,58,8,0,343
5,12,RS,59,59,1,1,376
5,12,none,60,60,1,0,343
5,12,RS,61,62,2,1,376
5,12,none,63,63,1,0,343
5,12,RS,64,64,1,1,376
5,12,none,65,70,6,0,343
5,12,RS,71,71,1,1,376
5,12,none,72,72,1,0,343
5,12,RP,73,75,3,1,374
5,12,none,76,76,1,0,343
5,12,RP,77,78,2,1,374
5,12,none,79,79,1,0,343
5,12,RP,80,80,1,1,374
5,12,none,81,88,8,0,343
5,12,RP,89,92,4,1,374
5,12,none,93,93,1,0,343
5,12,RS,94,95,2,1,376
5,12,none,96,98,3,0,343
5,12,RS,99,99,1,1,376
5,12,none,100,103,4,0,343
5,12,RCL,104,105,2,1,370
5,12,HC,106,106,1,1,305
5,12,none,107,107,1,0,343
5,12,RCL,108,118,11,1,370
5,12,"BW,RCL",119,119,1,2,273
5,12,"BW,HC,HV,RCL",120,120,1,4,242
5,12,"BW,RCL",121,121,1,2,273
5,12,"BW,HV,RCL",122,122,1,3,254
5,12,"RCA,RCL",123,127,5,2,367
5,12,RCL,128,128,1,1,370
5,12,"RCA,RCL",129,129,1,2,367
5,12,RCL,130,130,1,1,370
5,12,"RCA,RCL",131,131,1,2,367
5,12,"AC,HC,RCA,RCL",132,132,1,4,137
5,12,RCL,133,134,2,1,370
5,12,"RCA,RCL",135,136,2,2,367
5,12,RCL,137,137,1,1,370
5,12,"RCA,RCL",138,138,1,2,367
5,12,RCL,139,140,2,1,370
5,12,"RCA,RCL",141,141,1,2,367
5,12,RCA,142,142,1,1,366
5,12,"RCA,RCL",143,143,1,2,367
5,12,"BW,GC,RCA,RCL",144,144,1,4,234
5,12,"BW,GC,HV,RCL",145,145,1,4,231
5,12,"BW,GC,RCA,RCL",146,146,1,4,234
5,12,"GC,RCA,RCL",147,148,2,3,300
5,12,"RCA,RCL",149,149,1,2,367
5,12,"GC,RCA,RCL",150,150,1,3,300
5,12,"GC,HV,RCA,RCL",151,151,1,4,294
5,12,"GC,RCA,RCL",152,152,1,3,300
5,12,"RCA,RCL",153,155,3,2,367
5,12,"GC,RCL",156,156,1,2,302
5,12,"RCA,RCL",157,157,1,2,367
5,12,RCL,158,158,1,1,370
5,12,"RCA,RCL",159,160,2,2,367
5,12,"BW,RCA,RCL",161,161,1,3,271
5,12,"BW,GC,RCA,RCL",162,162,1,4,234
5,12,"GC,RCA,RCL",163,163,1,3,300
5,12,RCL,164,164,1,1,370
5,12,"RCA,RCL",165,173,9,2,367
5,12,"GC,RCA,RCL",174,175,2,3,300
5,12,"RCA,RCL",176,176,1,2,367
5,12,"BW,RCA,RCL",177,177,1,3,271
5,12,"BW,GC,RCA,RCL",178,178,1,4,234
5,12,"BW,GC,HV,RCA,RCL",179,179,1,5,229
5,12,"BW,HV,RCA,RCL",180,180,1,4,252
5,12,"RCA,RCL",181,181,1,2,367
5,12,"HV,RCA,RCL",182,182,1,3,334
5,12,"HC,HV,RCL",183,184,2,3,310
5,12,RCL,185,186,2,1,370
5,12,"RCA,RCL",187,187,1,2,367
5,12,"BW,RCA,RCL",188,189,2,3,271
5,12,"BW,HC,RCL",190,190,1,3,246
5,12,"HC,RCA,RCL",191,191,1,3,315
5,12,"RCA,RCL",192,192,1,2,367
5,12,"BW,RCL",193,193,1,2,273
5,12,"BW,GC,HC,RCA,RCL",194,195,2,5,226
5,12,"BW,GC,RCA,RCL",196,196,1,4,234
5,12,"BW,GC,HV,RCA,RCL",197,197,1,5,229
5,12,"BW,HV,RCA,RCL",198,198,1,4,252
5,12,"RCA,RCL",199,199,1,2,367
5,12,"BW,HC,HV,RCA,RCL",200,200,1,5,240
5,12,"BW,HC,RCL",201,201,1,3,246
5,12,"RCA,RCL",202,202,1,2,367
5,12,"BW,RCA,RCL",203,203,1,3,271
5,12,"HC,RCA,RCL",204,204,1,3,315
5,12,"RCA,RCL",205,208,4,2,367
5,12,"HC,RCA,RCL",209,209,1,3,315
5,12,RCL,210,212,3,1,370
5,12,"RCA,RCL",213,213,1,2,367
5,12,RCL,214,215,2,1,370
5,12,"RCA,RCL",216,216,1,2,367
5,12,"BW,RCA,RCL",217,217,1,3,271
5,12,"BW,GC,RCA,RCL",218,218,1,4,234
5,12,"BW,GC,HV,RCA,RCL",219,219,1,5,229
5,12,"BV,BW,GC,HV,RCA,RCL",220,220,1,6,166
5,12,"GC,RCA,RCL",221,221,1,3,300
5,12,"BW,RCA,RCL",222,222,1,3,271
5,12,"BW,HV,RCA,RCL",223,224,2,4,252
5,12,"BW,GC,HC,HV,RCA,RCL",225,225,1,6,221
5,12,"BW,HV,RCL",226,226,1,3,254
5,12,"GC,HC,RCL",227,227,1,3,287
5,12,"HC,HV,RCL",228,229,2,3,310
5,12,"HC,RCL",230,230,1,2,317
5,12,"HC,RCA,RCL",231,231,1,3,315
5,12,"BW,GC,HC,HV,RCA,RCL",232,232,1,6,221
5,12,"BW,GC,HV,RCL",233,233,1,4,231
5,12,"RCA,RCL",234,234,1,2,367
5,12,RCL,235,239,5,1,370
5,12,"RCA,RCL",240,244,5,2,367
5,12,RCL,245,245,1,1,370
5,12,"RCA,RCL",246,246,1,2,367
5,12,RCL,247,249,3,1,370
5,12,"RCL,RS",250,262,13,2,373
5,12,RCL,263,263,1,1,370
5,12,"RCL,RS",264,287,24,2,373
5,12,RCL,288,288,1,1,370
5,12,"RCL,RS",289,290,2,2,373
5,12,RS,291,300,10,1,376
5,12,none,301,301,1,0,343
5,12,RS,302,307,6,1,376
5,12,none,308,308,1,0,343
5,12,RS,309,309,1,1,376
5,13,RS,72,72,1,1,376
5,13,none,73,74,2,0,343
5,13,RS,75,75,1,1,376
5,13,none,76,79,4,0,343
5,13,RS,80,80,1,1,376
5,13,none,81,81,1,0,343
5,13,RS,82,83,2,1,376
5,13,none,84,84,1,0,343
5,13,RS,85,85,1,1,376
5,13,none,86,95,10,0,343
5,13,RS,96,96,1,1,376
5,13,none,97,98,2,0,343
5,13,RS,99,99,1,1,376
5,13,none,100,101,2,0,343
5,13,RS,102,104,3,1,376
5,13,none,105,107,3,0,343
5,13,RS,108,108,1,1,376
5,13,none,109,115,7,0,343
5,13,RS,116,116,1,1,376
5,13,none,117,125,9,0,343
5,13,RCL,126,127,2,1,370
5,13,none,128,130,3,0,343
5,13,RCL,131,134,4,1,370
5,13,"HC,RCL",135,135,1,2,317
5,13,none,136,136,1,0,343
5,13,RCL,137,140,4,1,370
5,13,"RCA,RCL",141,141,1,2,367
5,13,none,142,142,1,0,343
5,13,RCL,143,145,3,1,370
5,13,"BW,RCA,RCL",146,147,2,3,271
5,13,"BW,RCL",148,148,1,2,273
5,13,"RCA,RCL",149,150,2,2,367
5,13,RCL,151,155,5,1,370
5,13,"RCA,RCL",156,156,1,2,367
5,13,RCL,157,159,3,1,370
5,13,"RCA,RCL",160,163,4,2,367
5,13,"BW,RCA,RCL",164,164,1,3,271
5,13,"BV,BW,HV,RCA,RCL",165,165,1,5,182
5,13,"GC,HV,RCA,RCL",166,166,1,4,294
5,13,"RCA,RCL",167,167,1,2,367
5,13,RCL,168,169,2,1,370
5,13,"RCA,RCL",170,174,5,2,367
5,13,"HC,RCA,RCL",175,175,1,3,315
5,13,"RCA,RCL,RS",176,176,1,3,368
5,13,"AC,RCA,RCL,RS",177,177,1,4,153
5,13,"HC,RCL,RS",178,178,1,3,318
5,13,"RCL,RS",179,179,1,2,373
5,13,"HC,RCA,RCL,RS",180,180,1,4,316
5,13,"BV,BW,GC,HC,HV,RCA,RCL,RS",181,182,2,8,161
5,13,"AC,BV,BW,GC,HC,HV,RCA,RCL,RS",183,183,1,9,8
5,13,"AC,GC,HC,HV,RCL,RS",184,184,1,6,113
5,13,"GC,RCL,RS",185,186,2,3,303
5,13,"HC,HV,RCA,RCL,RS",187,187,1,5,309
5,13,"AC,GC,HC,HV,RCA,RCL,RS",188,188,1,7,111
5,13,"GC,HC,HV,RCL,RS",189,189,1,5,285
5,13,"GC,HC,HV,RCL",190,193,4,4,284
5,13,"GC,HC,HV,RCA,RCL",194,194,1,5,282
5,13,"BW,GC,HC,HV,RCA,RCL",195,196,2,6,221
5,13,"RCA,RCL",197,197,1,2,367
5,13,"BW,HC,HV,RCA,RCL",198,198,1,5,240
5,13,"BW,GC,HC,HV,RCA,RCL",199,199,1,6,221
5,13,"BW,HC,HV,RCL",200,200,1,4,242
5,13,"HC,HV,RCL",201,201,1,3,310
5,13,"HC,HV,RCA,RCL",202,202,1,4,308
5,13,"HC,RCA,RCL",203,204,2,3,315
5,13,"HC,RCL",205,205,1,2,317
5,13,"HC,RCA,RCL",206,208,3,3,315
5,13,"RCA,RCL",209,210,2,2,367
5,13,"HC,RCL",211,212,2,2,317
5,13,"HC,RCA,RCL",213,219,7,3,315
5,13,"HC,RCL",220,220,1,2,317
5,13,"HC,RCA,RCL",221,221,1,3,315
5,13,"RCA,RCL",222,223,2,2,367
5,13,"BW,RCA,RCL",224,225,2,3,271
5,13,"BV,BW,GC,HC,RCA,RCL",226,226,1,6,164
5,13,"GC,HC,RCL",227,227,1,3,287
5,13,"BV,BW,GC,HV,RCA,RCL,RS",228,228,1,7,167
5,13,"BW,GC,HV,RCA,RCL,RS",229,229,1,6,230
5,13,"HC,RCA,RCL,RS",230,230,1,4,316
5,13,"HC,RCL",231,231,1,2,317
5,13,"HC,RCL,RS",232,232,1,3,318
5,13,"HC,RCA,RCL",233,235,3,3,315
5,13,"RCL,RS",236,237,2,2,373
5,13,"HC,RCA,RCL",238,239,2,3,315
5,13,"RCA,RCL",240,241,2,2,367
5,13,RCL,242,242,1,1,370
5,13,"HC,RCA,RCL",243,245,3,3,315
5,13,"HC,RCL",246,247,2,2,317
5,13,RCL,248,248,1,1,370
5,13,"HC,RCL",249,249,1,2,317
5,13,"RCA,RCL,RS",250,251,2,3,368
5,13,"HC,RCA,RCL,RS",252,253,2,4,316
5,13,"RCA,RCL,RS",254,255,2,3,368
5,13,"RCL,RS",256,280,25,2,373
5,13,RS,281,289,9,1,376
5,13,none,290,290,1,0,343
5,13,RS,291,294,4,1,376
5,14,RP,79,79,1,1,374
5,14,none,80,80,1,0,343
5,14,RP,81,83,3,1,374
5,14,none,84,84,1,0,343
5,14,RP,85,86,2,1,374
5,14,none,87,92,6,0,343
5,14,RP,93,93,1,1,374
5,14,none,94,95,2,0,343
5,14,RP,96,98,3,1,374
5,14,none,99,99,1,0,343
5,14,RP,100,100,1,1,374
5,14,none,101,102,2,0,343
5,14,RP,103,105,3,1,374
5,14,none,106,106,1,0,343
5,14,RP,107,109,3,1,374
5,14,none,110,112,3,0,343
5,14,RP,113,113,1,1,374
5,14,RCL,114,114,1,1,370
5,14,RP,115,115,1,1,374
5,14,"RCL,RP",116,119,4,2,371
5,14,RCL,120,120,1,1,370
5,14,none,121,127,7,0,343
5,14,RCL,128,130,3,1,370
5,14,none,131,131,1,0,343
5,14,RP,132,133,2,1,374
5,14,none,134,135,2,0,343
5,14,RCL,136,143,8,1,370
5,14,"BW,HC,RCL",144,144,1,3,246
5,14,RCL,145,148,4,1,370
5,14,none,149,149,1,0,343
5,14,RCL,150,150,1,1,370
5,14,"BW,RCA,RCL",151,151,1,3,271
5,14,"BV,BW,HC,RCL",152,152,1,4,178
5,14,"BW,HC,RCL",153,153,1,3,246
5,14,"HC,HV,RCL",154,154,1,3,310
5,14,RCL,155,156,2,1,370
5,14,"RCA,RCL",157,158,2,2,367
5,14,"HV,RCL",159,160,2,2,337
5,14,RCL,161,161,1,1,370
5,14,"HV,RCL",162,162,1,2,337
5,14,"GC,HC,HV,RCA,RCL",163,163,1,5,282
5,14,"BW,GC,HC,HV,RCA,RCL",164,164,1,6,221
5,14,"BW,GC,HC,HV,RCL",165,165,1,5,223
5,14,"GC,HV,RCA,RCL",166,167,2,4,294
5,14,"GC,HV,RCL",168,168,1,3,296
5,14,"GC,HV,RCA,RCL",169,170,2,4,294
5,14,"HC,HV,RCA,RCL",171,171,1,4,308
5,14,"GC,HC,HV,RCA,RCL",172,172,1,5,282
5,14,"RCA,RCL",173,173,1,2,367
5,14,"HV,RCA,RCL",174,174,1,3,334
5,14,"AC,BW,GC,HV,RCA,RCL",175,175,1,6,81
5,14,"BW,GC,HC,HV,RCL",176,176,1,5,223
5,14,"BW,GC,HC,HV,RCA,RCL",177,177,1,6,221
5,14,"GC,HV,RCA,RCL",178,179,2,4,294
5,14,"BW,GC,HC,HV,RCA,RCL",180,180,1,6,221
5,14,"BV,BW,GC,HC,HV,RCL",181,181,1,6,162
5,14,"BV,GC,HC,HV,RCL",182,182,1,5,192
5,14,"GC,HV,RCL",183,183,1,3,296
5,14,"BW,GC,HC,HV,RCA,RCL",184,186,3,6,221
5,14,"BW,HV,RCL",187,187,1,3,254
5,14,"BW,GC,HC,HV,RCA,RCL",188,189,2,6,221
5,14,"GC,HC,HV,RCA,RCL",190,190,1,5,282
5,14,"BV,GC,HC,HV,RCA,RCL",191,191,1,6,191
5,14,"GC,HV,RCL",192,192,1,3,296
5,14,"GC,HC,HV,RCA,RCL",193,195,3,5,282
5,14,"BW,GC,HC,HV,RCA,RCL",196,198,3,6,221
5,14,"GC,HC,HV,RCA,RCL",199,199,1,5,282
5,14,"HC,HV,RCA,RCL",200,200,1,4,308
5,14,"HV,RCA,RCL",201,201,1,3,334
5,14,"RCA,RCL",202,202,1,2,367
5,14,"BW,RCA,RCL",203,204,2,3,271
5,14,"BW,HC,HV,RCA,RCL",205,205,1,5,240
5,14,"BW,GC,HC,HV,RCA,RCL",206,206,1,6,221
5,14,"BW,GC,HC,RCA,RCL",207,207,1,5,226
5,14,"HC,RCA,RCL",208,209,2,3,315
5,14,"RCA,RCL",210,212,3,2,367
5,14,"HC,RCL",213,213,1,2,317
5,14,"BW,RCL",214,214,1,2,273
5,14,"BW,HC,RCL",215,215,1,3,246
5,14,"BW,GC,HC,RCA,RCL",216,217,2,5,226
5,14,"BW,HC,RCA,RCL",218,218,1,4,245
5,14,"GC,HC,RCA,RCL",219,219,1,4,286
5,14,"HC,RCA,RCL",220,220,1,3,315
5,14,"RCA,RCL",221,221,1,2,367
5,14,"HC,RCA,RCL",222,222,1,3,315
5,14,"RCA,RCL",223,224,2,2,367
5,14,"BW,HV,RCL",225,225,1,3,254
5,14,"BW,GC,HC,HV,RCL,RS",226,226,1,6,224
5,14,"BW,GC,HC,HV,RCA,RCL,RS",227,228,2,7,222
5,14,"GC,HC,HV,RCA,RCL",229,229,1,5,282
5,14,"GC,HC,HV,RCA,RCL,RS",230,230,1,6,283
5,14,"AC,HC,HV,RCA,RCL,RS",231,231,1,6,131
5,14,"HC,HV,RCA,RCL,RS",232,232,1,5,309
5,14,"HV,RCA,RCL",233,233,1,3,334
5,14,"HC,RCA,RCL",234,235,2,3,315
5,14,"HC,RCL",236,236,1,2,317
5,14,"HC,RCA,RCL",237,237,1,3,315
5,14,"HC,RCA,RCL,RS",238,238,1,4,316
5,14,"RCA,RCL,RS",239,240,2,3,368
5,14,"RCL,RS",241,241,1,2,373
5,14,"HC,RCL,RS",242,242,1,3,318
5,14,"HC,RCL",243,243,1,2,317
5,14,"HC,RCL,RS",244,244,1,3,318
5,14,RCL,245,258,14,1,370
5,14,"RCL,RS",259,279,21,2,373
5,14,RS,280,311,32,1,376
5,14,none,312,314,3,0,343
5,14,RS,315,315,1,1,376
5,15,RS,54,54,1,1,376
5,15,none,55,55,1,0,343
5,15,RS,56,59,4,1,376
5,15,none,60,60,1,0,343
5,15,RS,61,62,2,1,376
5,15,none,63,63,1,0,343
5,15,RS,64,65,2,1,376
5,15,"PC,RS",66,66,1,2,357
5,15,RS,67,72,6,1,376
5,15,none,73,76,4,0,343
5,15,RS,77,77,1,1,376
5,15,none,78,78,1,0,343
5,15,RS,79,81,3,1,376
5,15,none,82,87,6,0,343
5,15,RS,88,96,9,1,376
5,15,"PT,RS",97,98,2,2,365
5,15,RS,99,100,2,1,376
5,15,"PC,RS",101,103,3,2,357
5,15,"PC,PT,RS",104,104,1,3,348
5,15,"PT,RS",105,105,1,2,365
5,15,PT,106,106,1,1,358
5,15,none,107,117,11,0,343
5,15,RCL,118,118,1,1,370
5,15,none,119,120,2,0,343
5,15,RCL,121,122,2,1,370
5,15,RS,123,123,1,1,376
5,15,"RCL,RS",124,124,1,2,373
5,15,"RCA,RCL",125,125,1,2,367
5,15,RCL,126,133,8,1,370
5,15,"BW,HV,RCL",134,136,3,3,254
5,15,RCL,137,139,3,1,370
5,15,"GC,RCL,RS",140,140,1,3,303
5,15,"BW,RCL,RS",141,141,1,3,276
5,15,"BW,GC,HV,RCL",142,142,1,4,231
5,15,"BW,HV,RCA,RCL",143,143,1,4,252
5,15,"RCA,RCL",144,144,1,2,367
5,15,RCL,145,145,1,1,370
5,15,"RCA,RCL",146,146,1,2,367
5,15,RCL,147,147,1,1,370
5,15,"RCA,RCL,RS",148,149,2,3,368
5,15,"RCA,RCL",150,151,2,2,367
5,15,"RCL,RS",152,152,1,2,373
5,15,RCL,153,153,1,1,370
5,15,"BW,RCL",154,154,1,2,273
5,15,"BW,HV,RCA,RCL",155,155,1,4,252
5,15,RCL,156,156,1,1,370
5,15,"HV,RCL",157,157,1,2,337
5,15,"BW,GC,HV,RCA,RCL,RS",158,158,1,6,230
5,15,"BW,HC,RCL,RS",159,159,1,4,247
5,15,"BW,HV,RCA,RCL,RS",160,160,1,5,253
5,15,"BW,HC,HV,RCA,RCL,RS",161,161,1,6,241
5,15,"GC,HC,HV,RCA,RCL,RS",162,162,1,6,283
5,15,"BW,GC,HC,HV,RCA,RCL,RS",163,163,1,7,222
5,15,"HV,RCA,RCL,RS",164,164,1,4,335
5,15,"BW,HC,HV,RCL,RS",165,165,1,5,243
5,15,"BW,GC,HC,HV,RCA,RCL,RS",166,167,2,7,222
5,15,"RCA,RCL,RS",168,168,1,3,368
5,15,"HV,RCA,RCL,RS",169,169,1,4,335
5,15,"BW,GC,HV,RCA,RCL,RS",170,170,1,6,230
5,15,"BW,GC,RCA,RCL,RS",171,171,1,5,235
5,15,"RCA,RCL",172,172,1,2,367
5,15,"BW,GC,HC,HV,RCA,RCL,RS",173,175,3,7,222
5,15,"GC,HV,RCA,RCL,RS",176,176,1,5,295
5,15,"HV,RCA,RCL,RS",177,177,1,4,335
5,15,"GC,HV,RCA,RCL,RS",178,178,1,5,295
5,15,"HV,RCA,RCL,RS",179,179,1,4,335
5,15,"BW,GC,HV,RCA,RCL,RS",180,180,1,6,230
5,15,"BW,GC,HC,HV,RCA,RCL,RS",181,181,1,7,222
5,15,"AC,BW,GC,HV,RCA,RCL,RS",182,182,1,7,82
5,15,"AC,GC,HV,RCA,RCL,RS",183,183,1,6,120
5,15,"GC,HV,RCA,RCL",184,184,1,4,294
5,15,"HV,RCA,RCL",185,185,1,3,334
5,15,"BW,HV,RCA,RCL",186,186,1,4,252
5,15,"HV,RCA,RCL",187,187,1,3,334
5,15,RCL,188,188,1,1,370
5,15,"RCA,RCL",189,191,3,2,367
5,15,"BW,RCA,RCL",192,192,1,3,271
5,15,"BW,RCL",193,193,1,2,273
5,15,"BW,RCA,RCL",194,194,1,3,271
5,15,"HV,RCL",195,195,1,2,337
5,15,"BW,GC,HC,HV,RCA,RCL",196,196,1,6,221
5,15,"BW,GC,HC,HV,RCL,RS",197,197,1,6,224
5,15,"GC,HC,HV,RCA,RCL,RS",198,198,1,6,283
5,15,"HC,HV,RCA,RCL,RS",199,199,1,5,309
5,15,"HV,RCA,RCL",200,200,1,3,334
5,15,"BW,HC,HV,RCA,RCL,RS",201,201,1,6,241
5,15,"BW,GC,HC,HV,RCA,RCL,RS",202,202,1,7,222
5,15,"BV,BW,GC,HC,HV,RCA,RCL,RS",203,203,1,8,161
5,15,"GC,HC,HV,RCA,RCL,RS",204,204,1,6,283
5,15,"RCA,RCL",205,205,1,2,367
5,15,"BW,GC,RCA,RCL",206,206,1,4,234
5,15,"HV,RCA,RCL",207,207,1,3,334
5,15,"RCA,RCL,RS",208,208,1,3,368
5,15,"BW,HV,RCA,RCL",209,209,1,4,252
5,15,"BW,HC,RCA,RCL",210,211,2,4,245
5,15,RCL,212,212,1,1,370
5,15,"HC,RCL",213,213,1,2,317
5,15,"BW,RCA,RCL",214,215,2,3,271
5,15,"BW,RCL",216,216,1,2,273
5,15,"BW,RCA,RCL",217,220,4,3,271
5,15,"RCA,RCL",221,225,5,2,367
5,15,RCL,226,236,11,1,370
5,15,"RCA,RCL",237,237,1,2,367
5,15,RCL,238,251,14,1,370
5,15,"RCL,RS",252,252,1,2,373
5,15,RCL,253,254,2,1,370
5,15,"RCL,RS",255,261,7,2,373
5,15,RCL,262,262,1,1,370
5,15,"RCL,RS",263,271,9,2,373
5,15,RCL,272,276,5,1,370
5,15,none,277,277,1,0,343
5,15,RCL,278,278,1,1,370
5,15,none,279,280,2,0,343
5,15,RCL,281,281,1,1,370
5,15,none,282,286,5,0,343
5,15,RS,287,287,1,1,376
5,15,none,288,291,4,0,343
5,15,RS,292,292,1,1,376
5,15,none,293,295,3,0,343
5,15,RS,296,296,1,1,376
5,15,none,297,317,21,0,343
5,15,RS,318,318,1,1,376
5,15,none,319,325,7,0,343
5,15,RS,326,326,1,1,376
5,16,RS,47,47,1,1,376
5,16,none,48,52,5,0,343
5,16,RS,53,54,2,1,376
5,16,none,55,57,3,0,343
5,16,RS,58,60,3,1,376
5,16,none,61,126,66,0,343
5,16,RCL,127,127,1,1,370
5,16,none,128,128,1,0,343
5,16,RCL,129,129,1,1,370
5,16,none,130,132,3,0,343
5,16,RCL,133,133,1,1,370
5,16,none,134,135,2,0,343
5,16,"BW,HV,RCL",136,136,1,3,254
5,16,"BW,HV,RCL,RS",137,138,2,4,257
5,16,"RCL,RS",139,145,7,2,373
5,16,"GC,RCL,RS",146,146,1,3,303
5,16,"RCL,RS",147,147,1,2,373
5,16,"BW,GC,HV,RCL,RS",148,148,1,5,232
5,16,"GC,HV,RCL,RS",149,149,1,4,297
5,16,"RCL,RS",150,156,7,2,373
5,16,"BW,RCL,RS",157,157,1,3,276
5,16,RCL,158,158,1,1,370
5,16,"HV,RCL,RS",159,159,1,3,339
5,16,"GC,RCL,RS",160,160,1,3,303
5,16,RCL,161,168,8,1,370
5,16,"BW,RCL",169,169,1,2,273
5,16,"BW,GC,HV,RCL",170,170,1,4,231
5,16,RCL,171,173,3,1,370
5,16,"BW,HV,RCL",174,174,1,3,254
5,16,"BW,HV,RS",175,175,1,3,259
5,16,"BW,HC,HV,RCL,RS",176,176,1,5,243
5,16,"BW,GC,HV,RCL,RS",177,177,1,5,232
5,16,"HV,RCL,RS",178,178,1,3,339
5,16,RCL,179,179,1,1,370
5,16,"HV,RCL,RS",180,180,1,3,339
5,16,"RCL,RS",181,183,3,2,373
5,16,"GC,RCL",184,184,1,2,302
5,16,"GC,RCA,RCL",185,185,1,3,300
5,16,"GC,HV,RCA,RCL",186,187,2,4,294
5,16,"GC,HV,RCL",188,188,1,3,296
5,16,"HV,RCL",189,190,2,2,337
5,16,RCL,191,191,1,1,370
5,16,"BW,GC,HC,HV,RCL",192,193,2,5,223
5,16,"GC,HC,HV,RCL,RS",194,194,1,5,285
5,16,"GC,HC,HV,RCL",195,195,1,4,284
5,16,"AC,HC,HV,RCA,RCL",196,196,1,5,130
5,16,"AC,HC,RCA,RCL,RS",197,197,1,5,138
5,16,"HV,RCL",198,198,1,2,337
5,16,"HC,HV,RCL",199,199,1,3,310
5,16,"AC,HC,HV,RCL",200,200,1,4,133
5,16,"AC,HV,RCL",201,201,1,3,145
5,16,"AC,HC,HV,RCL",202,203,2,4,133
5,16,"HC,HV,RCL",204,204,1,3,310
5,16,"HC,RCL",205,205,1,2,317
5,16,RCL,206,208,3,1,370
5,16,"HC,RCL",209,212,4,2,317
5,16,RCL,213,214,2,1,370
5,16,"HC,RCL",215,215,1,2,317
5,16,"BW,HC,RCL",216,217,2,3,246
5,16,"BW,RCL",218,218,1,2,273
5,16,"BW,HC,RCL",219,219,1,3,246
5,16,"BW,RCL",220,220,1,2,273
5,16,"HC,RCL",221,224,4,2,317
5,16,RCL,225,228,4,1,370
5,16,"HC,RCL",229,230,2,2,317
5,16,RCL,231,231,1,1,370
5,16,"HC,RCL",232,232,1,2,317
5,16,"RCL,RS",233,233,1,2,373
5,16,"BW,RCL,RS",234,235,2,3,276
5,16,"RCL,RS",236,238,3,2,373
5,16,"HC,RCL,RS",239,239,1,3,318
5,16,"HC,RCL",240,241,2,2,317
5,16,RCL,242,242,1,1,370
5,16,"RCL,RS",243,244,2,2,373
5,16,"HC,RCL,RS",245,245,1,3,318
5,16,"RCL,RS",246,255,10,2,373
5,16,"BW,HV,RCL,RS",256,256,1,4,257
5,16,"HV,RCL,RS",257,258,2,3,339
5,16,"RCL,RS",259,259,1,2,373
5,16,"HV,RCL,RS",260,260,1,3,339
5,16,"BW,HV,RCL,RS",261,261,1,4,257
5,16,"HV,RCL,RS",262,262,1,3,339
5,16,"GC,RCL,RS",263,264,2,3,303
5,16,"RCL,RS",265,267,3,2,373
5,16,"HV,RCL,RS",268,268,1,3,339
5,16,"RCL,RS",269,278,10,2,373
5,16,RS,279,299,21,1,376
5,16,none,300,314,15,0,343
5,16,RS,315,317,3,1,376
5,17,RS,46,51,6,1,376
5,17,none,52,57,6,0,343
5,17,RS,58,59,2,1,376
5,17,none,60,62,3,0,343
5,17,RS,63,81,19,1,376
5,17,none,82,83,2,0,343
5,17,RP,84,84,1,1,374
5,17,RS,85,85,1,1,376
5,17,"RP,RS",86,86,1,2,375
5,17,RS,87,87,1,1,376
5,17,none,88,88,1,0,343
5,17,RS,89,90,2,1,376
5,17,"PT,RCL,RP,RS",91,91,1,4,361
5,17,"RCL,RS",92,92,1,2,373
5,17,RS,93,93,1,1,376
5,17,"RCL,RP,RS",94,96,3,3,372
5,17,"RCL,RS",97,97,1,2,373
5,17,RS,98,99,2,1,376
5,17,none,100,101,2,0,343
5,17,"RCL,RS",102,104,3,2,373
5,17,RCL,105,105,1,1,370
5,17,"RCL,RS",106,106,1,2,373
5,17,RCL,107,108,2,1,370
5,17,"RCL,RS",109,110,2,2,373
5,17,RCL,111,119,9,1,370
5,17,"RCL,RS",120,120,1,2,373
5,17,"RCL,RP,RS",121,121,1,3,372
5,17,"RCL,RS",122,123,2,2,373
5,17,RCL,124,124,1,1,370
5,17,"RCL,RS",125,126,2,2,373
5,17,"RCL,RP,RS",127,127,1,3,372
5,17,"RCL,RS",128,128,1,2,373
5,17,"BW,RCL,RS",129,130,2,3,276
5,17,"RCL,RS",131,131,1,2,373
5,17,RCL,132,132,1,1,370
5,17,"RCL,RS",133,133,1,2,373
5,17,"RCL,RP",134,134,1,2,371
5,17,"RCL,RS",135,135,1,2,373
5,17,"RCL,RP,RS",136,136,1,3,372
5,17,RCL,137,144,8,1,370
5,17,"BW,RCL",145,145,1,2,273
5,17,RCL,146,153,8,1,370
5,17,"BW,RCL",154,154,1,2,273
5,17,"BV,BW,RCL",155,155,1,3,189
5,17,"BW,HC,HV,RCL",156,156,1,4,242
5,17,"HC,RCL",157,157,1,2,317
5,17,RCL,158,161,4,1,370
5,17,"HC,RCL",162,162,1,2,317
5,17,"HC,HV,RCL",163,163,1,3,310
5,17,RCL,164,164,1,1,370
5,17,"HV,RCL",165,165,1,2,337
5,17,"HC,HV,RCL",166,166,1,3,310
5,17,"BW,HV,RCL",167,167,1,3,254
5,17,"BW,HV,RCL,RS",168,168,1,4,257
5,17,"BW,HV,RCL,RP,RS",169,169,1,5,256
5,17,"BW,HV,RCL,RS",170,170,1,4,257
5,17,"HV,RCL,RP,RS",171,171,1,4,338
5,17,"BW,GC,HV,RCL,RS",172,173,2,5,232
5,17,"GC,HV,RCL,RS",174,174,1,4,297
5,17,"HC,HV,RCL,RS",175,175,1,4,311
5,17,"BW,GC,HV,RCL,RS",176,177,2,5,232
5,17,"GC,HV,RCL,RS",178,178,1,4,297
5,17,"HV,RCL,RS",179,179,1,3,339
5,17,"GC,HV,RCL",180,180,1,3,296
5,17,RCL,181,181,1,1,370
5,17,"BW,HV,RCL",182,183,2,3,254
5,17,"BW,GC,HV,RCL,RS",184,184,1,5,232
5,17,"GC,HV,RCL",185,185,1,3,296
5,17,"HV,RCL",186,188,3,2,337
5,17,"BW,HV,RCL",189,190,2,3,254
5,17,"HV,RCL",191,191,1,2,337
5,17,"AC,BW,GC,HV,RCL",192,194,3,5,83
5,17,"AC,BW,HV,RCL",195,196,2,4,100
5,17,"AC,HV,RCL",197,197,1,3,145
5,17,"AC,BW,HV,RCL",198,198,1,4,100
5,17,"BW,HV,RCL",199,200,2,3,254
5,17,"AC,BV,BW,GC,HV,RCL",201,201,1,6,16
5,17,"AC,BV,GC,HC,HV,RCL",202,202,1,6,45
5,17,"AC,HC,HV,RCL",203,203,1,4,133
5,17,"AC,BV,HV,RCL",204,204,1,4,66
5,17,"AC,BV,BW,HC,HV,RCL",205,206,2,6,26
5,17,"AC,BV,BW,HV,RCL",207,207,1,5,36
5,17,"AC,HV,RCL",208,208,1,3,145
5,17,"HV,RCL",209,216,8,2,337
5,17,RCL,217,217,1,1,370
5,17,"BW,HV,RCL",218,219,2,3,254
5,17,"BV,BW,HV,RCL",220,220,1,4,184
5,17,"HV,RCL",221,224,4,2,337
5,17,"AC,HV,RCL",225,225,1,3,145
5,17,"HV,RCL",226,230,5,2,337
5,17,RCL,231,231,1,1,370
5,17,"BV,BW,GC,HV,RCL,RS",232,232,1,6,169
5,17,"AC,BW,GC,HV,RCL,RS",233,234,2,6,84
5,17,"AC,BW,HV,RCL,RS",235,237,3,5,101
5,17,"AC,HV,RCL,RS",238,240,3,4,146
5,17,"AC,BW,HV,RCL,RS",241,246,6,5,101
5,17,"AC,BW,GC,HV,RCL,RS",247,247,1,6,84
5,17,"BW,HV,RCL,RS",248,248,1,4,257
5,17,"AC,BW,GC,HV,RCL,RS",249,249,1,6,84
5,17,"AC,BW,HV,RCL,RS",250,251,2,5,101
5,17,"AC,BW,GC,HV,RCL,RS",252,252,1,6,84
5,17,"BW,HV,RCL,RS",253,253,1,4,257
5,17,"AC,BW,HV,RCL,RS",254,255,2,5,101
5,17,"HV,RCL,RS",256,256,1,3,339
5,17,"BW,HV,RCL,RS",257,257,1,4,257
5,17,"HV,RCL,RS",258,261,4,3,339
5,17,"RCL,RS",262,264,3,2,373
5,17,"BW,HV,RCL,RS",265,265,1,4,257
5,17,"BW,HV,RS",266,267,2,3,259
5,17,"BW,HV,RCL,RS",268,268,1,4,257
5,17,"BW,RCL,RS",269,269,1,3,276
5,17,"BW,GC,RCL,RS",270,270,1,4,237
5,17,"RCL,RS",271,276,6,2,373
5,17,RCL,277,278,2,1,370
5,17,"RCL,RS",279,284,6,2,373
5,17,RS,285,301,17,1,376
5,17,none,302,302,1,0,343
5,17,RS,303,308,6,1,376
5,17,"RCL,RS",309,309,1,2,373
5,17,RS,310,311,2,1,376
5,17,none,312,320,9,0,343
5,17,RS,321,321,1,1,376
5,17,none,322,332,11,0,343
5,17,RS,333,333,1,1,376
5,17,none,334,347,14,0,343
5,17,RS,348,348,1,1,376
5,17,none,349,364,16,0,343
5,17,RS,365,365,1,1,376
5,18,RS,15,15,1,1,376
5,18,none,16,53,38,0,343
5,18,RS,54,54,1,1,376
5,18,none,55,71,17,0,343
5,18,RS,72,75,4,1,376
5,18,none,76,76,1,0,343
5,18,RS,77,78,2,1,376
5,18,"PC,PT,RS",79,80,2,3,348
5,18,"PT,RS",81,81,1,2,365
5,18,RS,82,84,3,1,376
5,18,"PT,RS",85,85,1,2,365
5,18,RS,86,90,5,1,376
5,18,RP,91,91,1,1,374
5,18,none,92,102,11,0,343
5,18,RCL,103,103,1,1,370
5,18,"RCL,RP,RS",104,104,1,3,372
5,18,RS,105,105,1,1,376
5,18,"RP,RS",106,106,1,2,375
5,18,RS,107,107,1,1,376
5,18,"RCL,RS",108,108,1,2,373
5,18,RS,109,109,1,1,376
5,18,"RCL,RS",110,110,1,2,373
5,18,RS,111,111,1,1,376
5,18,"RCL,RS",112,113,2,2,373
5,18,RS,114,114,1,1,376
5,18,"BW,HV,RS",115,115,1,3,259
5,18,"RCL,RS",116,116,1,2,373
5,18,"BW,HV,RS",117,117,1,3,259
5,18,"BW,HV,RCL,RS",118,118,1,4,257
5,18,"BV,BW,HV,RCL,RS",119,119,1,5,185
5,18,"RCL,RS",120,121,2,2,373
5,18,"PT,RCL,RS",122,123,2,3,362
5,18,"RCL,RS",124,131,8,2,373
5,18,RCL,132,145,14,1,370
5,18,"BW,RCL",146,149,4,2,273
5,18,RCL,150,153,4,1,370
5,18,"BW,RCL",154,154,1,2,273
5,18,"BV,BW,RCL",155,156,2,3,189
5,18,"AC,RCL",157,157,1,2,154
5,18,"RCL,RS",158,159,2,2,373
5,18,"AC,RCL,RS",160,162,3,3,155
5,18,"AC,RCL",163,167,5,2,154
5,18,"AC,BV,BW,RCL",168,168,1,4,41
5,18,"BW,RCL",169,169,1,2,273
5,18,"BV,BW,GC,RCL",170,170,1,4,172
5,18,"AC,RCA,RCL",171,171,1,3,152
5,18,"RCA,RCL",172,173,2,2,367
5,18,"AC,BV,BW,RCA,RCL",174,174,1,5,39
5,18,"AC,BV,BW,GC,RCA,RCL",175,175,1,6,18
5,18,"AC,RCA,RCL",176,178,3,3,152
5,18,"RCA,RCL",179,179,1,2,367
5,18,"AC,RCA,RCL",180,180,1,3,152
5,18,"AC,RCL",181,182,2,2,154
5,18,"AC,RCA,RCL",183,184,2,3,152
5,18,"AC,RCL",185,185,1,2,154
5,18,"AC,RCA,RCL",186,191,6,3,152
5,18,"RCA,RCL",192,192,1,2,367
5,18,RCL,193,193,1,1,370
5,18,"RCA,RCL",194,197,4,2,367
5,18,"AC,BV,BW,RCL",198,198,1,4,41
5,18,"AC,BV,BW,GC,RCA,RCL",199,199,1,6,18
5,18,"AC,BV,GC,RCL",200,200,1,4,54
5,18,"GC,RCL",201,201,1,2,302
5,18,"RCA,RCL",202,202,1,2,367
5,18,RCL,203,204,2,1,370
5,18,"AC,RCA,RCL",205,205,1,3,152
5,18,"RCA,RCL",206,209,4,2,367
5,18,RCL,210,210,1,1,370
5,18,"RCA,RCL",211,211,1,2,367
5,18,"BW,RCL",212,212,1,2,273
5,18,"RCA,RCL",213,215,3,2,367
5,18,RCL,216,218,3,1,370
5,18,"RCA,RCL",219,220,2,2,367
5,18,RCL,221,221,1,1,370
5,18,"RCA,RCL",222,228,7,2,367
5,18,RCL,229,229,1,1,370
5,18,"RCA,RCL",230,230,1,2,367
5,18,RCL,231,232,2,1,370
5,18,"RCA,RCL",233,237,5,2,367
5,18,RCL,238,238,1,1,370
5,18,"BV,BW,GC,HV,RCA,RCL",239,239,1,6,166
5,18,"BV,BW,GC,HV,RCL",240,240,1,5,168
5,18,"BW,GC,RCA,RCL",241,241,1,4,234
5,18,"RCA,RCL",242,244,3,2,367
5,18,RCL,245,246,2,1,370
5,18,"RCA,RCL",247,249,3,2,367
5,18,"RCA,RCL,RS",250,250,1,3,368
5,18,"RCA,RCL",251,253,3,2,367
5,18,"RCA,RCL,RS",254,254,1,3,368
5,18,"RCA,RCL",255,256,2,2,367
5,18,RCL,257,258,2,1,370
5,18,"RCL,RS",259,262,4,2,373
5,18,RCL,263,263,1,1,370
5,18,"RCL,RS",264,291,28,2,373
5,18,RS,292,292,1,1,376
5,18,"RCL,RS",293,294,2,2,373
5,18,RS,295,308,14,1,376
5,18,none,309,309,1,0,343
5,18,RS,310,310,1,1,376
5,18,none,311,316,6,0,343
5,18,RS,317,318,2,1,376
5,18,none,319,321,3,0,343
5,18,RS,322,323,2,1,376
5,18,none,324,326,3,0,343
5,18,RS,327,327,1,1,376
5,18,none,328,333,6,0,343
5,18,RS,334,334,1,1,376
5,19,RS,20,20,1,1,376
5,19,none,21,59,39,0,343
5,19,RS,60,60,1,1,376
5,19,none,61,61,1,0,343
5,19,"RP,RS",62,63,2,2,375
5,19,RS,64,64,1,1,376
5,19,none,65,65,1,0,343
5,19,RP,66,66,1,1,374
5,19,none,67,67,1,0,343
5,19,"RP,RS",68,69,2,2,375
5,19,RS,70,75,6,1,376
5,19,none,76,76,1,0,343
5,19,RS,77,77,1,1,376
5,19,none,78,81,4,0,343
5,19,"RP,RS",82,82,1,2,375
5,19,none,83,84,2,0,343
5,19,"RCL,RP,RS",85,85,1,3,372
5,19,none,86,86,1,0,343
5,19,RP,87,87,1,1,374
5,19,"RP,RS",88,88,1,2,375
5,19,none,89,91,3,0,343
5,19,RP,92,92,1,1,374
5,19,"RP,RS",93,93,1,2,375
5,19,"RCL,RP,RS",94,94,1,3,372
5,19,"RP,RS",95,95,1,2,375
5,19,"RCL,RP,RS",96,97,2,3,372
5,19,"RP,RS",98,101,4,2,375
5,19,RP,102,102,1,1,374
5,19,none,103,109,7,0,343
5,19,"RCL,RS",110,110,1,2,373
5,19,"RCL,RP,RS",111,111,1,3,372
5,19,RCL,112,112,1,1,370
5,19,"RCL,RS",113,113,1,2,373
5,19,RCL,114,116,3,1,370
5,19,none,117,119,3,0,343
5,19,RCL,120,122,3,1,370
5,19,"RCL,RS",123,126,4,2,373
5,19,"BW,RCL,RS",127,127,1,3,276
5,19,"RCL,RS",128,128,1,2,373
5,19,"RCL,RP,RS",129,129,1,3,372
5,19,RCL,130,134,5,1,370
5,19,"RCL,RS",135,138,4,2,373
5,19,"BW,RCL,RP,RS",139,139,1,4,275
5,19,"BV,BW,RCL,RS",140,140,1,4,190
5,19,"RCL,RS",141,143,3,2,373
5,19,RCL,144,144,1,1,370
5,19,"RCL,RS",145,145,1,2,373
5,19,RCL,146,148,3,1,370
5,19,"RCL,RS",149,150,2,2,373
5,19,"BW,HV,RCL,RS",151,151,1,4,257
5,19,"HV,RCL",152,153,2,2,337
5,19,"GC,HV,RCL",154,154,1,3,296
5,19,RCL,155,155,1,1,370
5,19,"BW,HV,RCL,RS",156,156,1,4,257
5,19,"HV,RCL,RS",157,157,1,3,339
5,19,"RCL,RS",158,159,2,2,373
5,19,"BW,GC,HV,RCL,RS",160,160,1,5,232
5,19,"BW,HV,RCL,RS",161,161,1,4,257
5,19,"BW,GC,HV,RCL,RS",162,162,1,5,232
5,19,"GC,HV,RCL,RS",163,164,2,4,297
5,19,"GC,RCL",165,165,1,2,302
5,19,"GC,HV,RCL",166,166,1,3,296
5,19,"GC,HV,RCL,RS",167,167,1,4,297
5,19,"GC,HV,RCL",168,170,3,3,296
5,19,"AC,GC,HV,RCL",171,171,1,4,121
5,19,"GC,HV,RCL",172,172,1,3,296
5,19,"BW,GC,HV,RCL",173,173,1,4,231
5,19,"GC,HV,RCL",174,176,3,3,296
5,19,"BW,GC,HV,RCL",177,178,2,4,231
5,19,"AC,BW,GC,HC,HV,RCL",179,179,1,6,77
5,19,"GC,RCL",180,180,1,2,302
5,19,"AC,GC,HV,RCL",181,181,1,4,121
5,19,"GC,HV,RCL",182,182,1,3,296
5,19,"BW,HV,RCL",183,183,1,3,254
5,19,"BW,GC,HC,HV,RCL",184,184,1,5,223
5,19,"BW,GC,HV,RCL",185,185,1,4,231
5,19,"GC,RCL",186,186,1,2,302
5,19,"GC,HC,RCL",187,187,1,3,287
5,19,"GC,HC,HV,RCL",188,188,1,4,284
5,19,RCL,189,189,1,1,370
5,19,"HV,RCL",190,190,1,2,337
5,19,"BW,HV,RCL",191,191,1,3,254
5,19,"BW,HC,HV,RCL",192,192,1,4,242
5,19,"BW,GC,HC,HV,RCL",193,193,1,5,223
5,19,"BW,HV,RCL",194,194,1,3,254
5,19,"AC,BW,GC,HC,HV,RCL",195,196,2,6,77
5,19,"AC,GC,HC,HV,RCL",197,200,4,5,112
5,19,"AC,BW,HV,RCL",201,201,1,4,100
5,19,"AC,BW,GC,HV,RCA,RCL,RS",202,202,1,7,82
5,19,"BW,GC,HC,HV,RCA,RCL,RS",203,203,1,7,222
5,19,"AC,BW,GC,HC,HV,RCL,RS",204,204,1,7,78
5,19,"AC,GC,HV,RCA,RCL,RS",205,205,1,6,120
5,19,"AC,BW,GC,HC,HV,RCA,RCL,RS",206,206,1,8,76
5,19,"AC,HV,RCL,RS",207,207,1,4,146
5,19,"AC,BW,HV,RCL,RS",208,208,1,5,101
5,19,"AC,BW,GC,HC,HV,RCL,RS",209,210,2,7,78
5,19,"BW,GC,HC,HV,RCL",211,211,1,5,223
5,19,"BW,GC,HC,HV,RCL,RS",212,212,1,6,224
5,19,"BW,GC,HC,HV,RCL",213,213,1,5,223
5,19,"GC,HC,HV,RCL",214,215,2,4,284
5,19,"GC,HC,RCA,RCL",216,216,1,4,286
5,19,"BW,GC,HC,HV,RCA,RCL",217,217,1,6,221
5,19,"BW,GC,HV,RCA,RCL",218,218,1,5,229
5,19,"BW,GC,HC,HV,RCL,RS",219,219,1,6,224
5,19,"BW,RCL,RS",220,220,1,3,276
5,19,RCL,221,221,1,1,370
5,19,"RCA,RCL,RS",222,222,1,3,368
5,19,"BW,HC,RCL",223,223,1,3,246
5,19,"BW,RCL",224,224,1,2,273
5,19,"BW,HC,HV,RCL",225,225,1,4,242
5,19,"BW,RCL",226,226,1,2,273
5,19,"BW,HC,RCL",227,228,2,3,246
5,19,"RCA,RCL",229,232,4,2,367
5,19,"BW,RCL",233,233,1,2,273
5,19,"BW,RCA,RCL",234,234,1,3,271
5,19,"BW,RCL",235,236,2,2,273
5,19,"BW,HV,RCL",237,237,1,3,254
5,19,"BW,HV,RCA,RCL",238,238,1,4,252
5,19,"BW,HV,RCL",239,240,2,3,254
5,19,"BW,HV,RCA,RCL",241,242,2,4,252
5,19,"BW,HC,HV,RCA,RCL,RS",243,243,1,6,241
5,19,"BW,GC,HC,HV,RCA,RCL",244,244,1,6,221
5,19,"BW,HV,RCL",245,245,1,3,254
5,19,RCL,246,246,1,1,370
5,19,"GC,HV,RCL",247,247,1,3,296
5,19,"HC,HV,RCL",248,248,1,3,310
5,19,"RCA,RCL",249,249,1,2,367
5,19,"AC,BW,HC,RCL",250,250,1,4,96
5,19,"AC,HC,RCL",251,251,1,3,139
5,19,"AC,RCL",252,252,1,2,154
5,19,"AC,HV,RCL",253,253,1,3,145
5,19,"AC,BW,RCL",254,255,2,3,105
5,19,"AC,BW,HC,RCL",256,256,1,4,96
5,19,RCL,257,258,2,1,370
5,19,"RCL,RS",259,266,8,2,373
5,19,"BW,HV,RCL,RS",267,267,1,4,257
5,19,"BW,RCL,RS",268,268,1,3,276
5,19,"RCL,RS",269,283,15,2,373
5,19,RS,284,284,1,1,376
5,19,"RCL,RS",285,285,1,2,373
5,19,RS,286,292,7,1,376
5,19,"RCL,RS",293,293,1,2,373
5,19,RS,294,310,17,1,376
5,19,none,311,311,1,0,343
5,19,RS,312,314,3,1,376
5,19,none,315,327,13,0,343
5,19,RS,328,328,1,1,376
5,20,RS,37,37,1,1,376
5,20,none,38,41,4,0,343
5,20,RS,42,42,1,1,376
5,20,none,43,44,2,0,343
5,20,RS,45,45,1,1,376
5,20,none,46,52,7,0,343
5,20,RS,53,63,11,1,376
5,20,none,64,64,1,0,343
5,20,RS,65,70,6,1,376
5,20,"RP,RS",71,72,2,2,375
5,20,RS,73,74,2,1,376
5,20,"RP,RS",75,75,1,2,375
5,20,RS,76,76,1,1,376
5,20,"RP,RS",77,77,1,2,375
5,20,RS,78,78,1,1,376
5,20,none,79,79,1,0,343
5,20,"RP,RS",80,80,1,2,375
5,20,RS,81,81,1,1,376
5,20,"RP,RS",82,82,1,2,375
5,20,RS,83,83,1,1,376
5,20,"RP,RS",84,84,1,2,375
5,20,none,85,85,1,0,343
5,20,RP,86,87,2,1,374
5,20,RS,88,89,2,1,376
5,20,"RP,RS",90,90,1,2,375
5,20,none,91,91,1,0,343
5,20,RP,92,92,1,1,374
5,20,"RP,RS",93,98,6,2,375
5,20,RS,99,101,3,1,376
5,20,none,102,103,2,0,343
5,20,"RP,RS",104,104,1,2,375
5,20,"RCL,RS",105,105,1,2,373
5,20,"RCL,RP,RS",106,106,1,3,372
5,20,none,107,108,2,0,343
5,20,"RCL,RP,RS",109,109,1,3,372
5,20,"RCL,RS",110,113,4,2,373
5,20,"PT,RCL,RS",114,114,1,3,362
5,20,"RCL,RS",115,117,3,2,373
5,20,RCL,118,123,6,1,370
5,20,"BW,RCL",124,124,1,2,273
5,20,"BW,HV,RCL",125,125,1,3,254
5,20,"BW,RCL",126,126,1,2,273
5,20,"HV,RCL",127,127,1,2,337
5,20,RCL,128,128,1,1,370
5,20,"HV,RCL,RS",129,129,1,3,339
5,20,"HV,PT,RCL",130,130,1,3,330
5,20,RCL,131,136,6,1,370
5,20,"BW,RCL",137,137,1,2,273
5,20,"BW,HV,RCL,RS",138,138,1,4,257
5,20,"BV,BW,HV,RCL,RS",139,139,1,5,185
5,20,"HV,RCL",140,140,1,2,337
5,20,"RCL,RS",141,141,1,2,373
5,20,"HV,RCL,RS",142,142,1,3,339
5,20,"RCL,RS",143,143,1,2,373
5,20,RCL,144,146,3,1,370
5,20,"RCL,RS",147,148,2,2,373
5,20,RCL,149,150,2,1,370
5,20,"HV,RCL",151,151,1,2,337
5,20,"GC,HV,RCL",152,152,1,3,296
5,20,RCL,153,161,9,1,370
5,20,"BW,RCL",162,163,2,2,273
5,20,RCL,164,166,3,1,370
5,20,"AC,BV,BW,GC,RCL",167,167,1,5,19
5,20,"GC,RCL",168,168,1,2,302
5,20,"AC,GC,RCL",169,169,1,3,126
5,20,RCL,170,170,1,1,370
5,20,"BW,RCL",171,171,1,2,273
5,20,"BW,GC,HV,RCL",172,172,1,4,231
5,20,"BW,HV,RCL",173,173,1,3,254
5,20,"BW,GC,HV,RCL",174,174,1,4,231
5,20,"HV,RCL",175,175,1,2,337
5,20,RCL,176,176,1,1,370
5,20,"GC,RCL",177,178,2,2,302
5,20,RCL,179,179,1,1,370
5,20,"HV,RCL",180,180,1,2,337
5,20,"BW,GC,HV,RCL",181,182,2,4,231
5,20,"BW,GC,HC,HV,RCL",183,183,1,5,223
5,20,"GC,HC,HV,RCL",184,184,1,4,284
5,20,"GC,RCL",185,185,1,2,302
5,20,"GC,HV,RCL",186,188,3,3,296
5,20,RCL,189,190,2,1,370
5,20,"BW,RCL",191,191,1,2,273
5,20,"BV,BW,GC,RCL",192,192,1,4,172
5,20,"BV,BW,GC,HV,RCL",193,193,1,5,168
5,20,"GC,HV,RCL",194,194,1,3,296
5,20,"GC,RCL",195,196,2,2,302
5,20,RCL,197,201,5,1,370
5,20,"BW,HC,HV,RCL",202,202,1,4,242
5,20,"BV,BW,GC,HC,HV,RCL",203,203,1,6,162
5,20,"BV,GC,HC,HV,RCL",204,204,1,5,192
5,20,"BW,GC,HC,HV,RCL",205,205,1,5,223
5,20,"GC,HC,HV,RCL",206,207,2,4,284
5,20,"HC,HV,RCL",208,208,1,3,310
5,20,"GC,HV,RCL",209,209,1,3,296
5,20,"HV,RCL",210,211,2,2,337
5,20,RCL,212,212,1,1,370
5,20,"HC,RCL",213,213,1,2,317
5,20,"GC,RCL",214,214,1,2,302
5,20,RCL,215,216,2,1,370
5,20,"GC,HC,HV,RCL",217,218,2,4,284
5,20,"HC,RCL",219,223,5,2,317
5,20,RCL,224,224,1,1,370
5,20,"HC,RCL",225,225,1,2,317
5,20,RCL,226,232,7,1,370
5,20,"HC,RCL",233,233,1,2,317
5,20,"RCL,RS",234,234,1,2,373
5,20,"HC,RCL,RS",235,236,2,3,318
5,20,RCL,237,240,4,1,370
5,20,"RCL,RS",241,241,1,2,373
5,20,RCL,242,245,4,1,370
5,20,"RCL,RS",246,246,1,2,373
5,20,RCL,247,249,3,1,370
5,20,"RCL,RS",250,250,1,2,373
5,20,RCL,251,254,4,1,370
5,20,"RCL,RS",255,255,1,2,373
5,20,RCL,256,256,1,1,370
5,20,"RCL,RS",257,284,28,2,373
5,20,RS,285,300,16,1,376
5,20,none,301,302,2,0,343
5,20,RS,303,307,5,1,376
5,20,none,308,309,2,0,343
5,20,RS,310,313,4,1,376
5,21,RS,31,36,6,1,376
5,21,none,37,37,1,0,343
5,21,RS,38,38,1,1,376
5,21,none,39,39,1,0,343
5,21,RS,40,41,2,1,376
5,21,none,42,44,3,0,343
5,21,RS,45,46,2,1,376
5,21,none,47,47,1,0,343
5,21,RS,48,50,3,1,376
5,21,"PT,RS",51,51,1,2,365
5,21,none,52,80,29,0,343
5,21,PT,81,81,1,1,358
5,21,"PT,RS",82,82,1,2,365
5,21,"PT,RP,RS",83,85,3,3,364
5,21,RP,86,86,1,1,374
5,21,none,87,88,2,0,343
5,21,RP,89,90,2,1,374
5,21,none,91,91,1,0,343
5,21,RP,92,94,3,1,374
5,21,"RP,RS",95,98,4,2,375
5,21,RP,99,102,4,1,374
5,21,none,103,103,1,0,343
5,21,"RP,RS",104,104,1,2,375
5,21,none,105,107,3,0,343
5,21,RS,108,108,1,1,376
5,21,"RP,RS",109,110,2,2,375
5,21,none,111,111,1,0,343
5,21,RCL,112,112,1,1,370
5,21,none,113,115,3,0,343
5,21,RCL,116,116,1,1,370
5,21,none,117,122,6,0,343
5,21,RCL,123,123,1,1,370
5,21,none,124,125,2,0,343
5,21,RCL,126,132,7,1,370
5,21,none,133,133,1,0,343
5,21,RP,134,134,1,1,374
5,21,"RCL,RP",135,136,2,2,371
5,21,RCL,137,137,1,1,370
5,21,none,138,139,2,0,343
5,21,RCL,140,140,1,1,370
5,21,"RCL,RP,RS",141,141,1,3,372
5,21,"RCL,RP",142,142,1,2,371
5,21,"RCL,RS",143,144,2,2,373
5,21,RCL,145,146,2,1,370
5,21,"BW,HV,RCL,RS",147,148,2,4,257
5,21,"BW,HC,HV,RCL,RS",149,149,1,5,243
5,21,"GC,HV,RCL,RS",150,150,1,4,297
5,21,"RCL,RS",151,152,2,2,373
5,21,"GC,RCL,RS",153,154,2,3,303
5,21,"RCL,RS",155,155,1,2,373
5,21,"HV,RCL,RS",156,156,1,3,339
5,21,"BW,GC,HV,RCL,RS",157,157,1,5,232
5,21,"RCL,RS",158,158,1,2,373
5,21,"GC,RCL,RS",159,160,2,3,303
5,21,"GC,HV,RCL,RS",161,161,1,4,297
5,21,"BW,HV,RCL,RS",162,163,2,4,257
5,21,"GC,HV,RCL,RS",164,165,2,4,297
5,21,"HV,RCL,RS",166,166,1,3,339
5,21,"BW,HV,RCL,RS",167,169,3,4,257
5,21,"BW,GC,HV,RCL,RS",170,170,1,5,232
5,21,"HV,RCL,RS",171,172,2,3,339
5,21,"BW,GC,HV,RCL,RS",173,174,2,5,232
5,21,"HV,RCL,RS",175,175,1,3,339
5,21,"GC,HV,RCL,RS",176,178,3,4,297
5,21,"BW,GC,HV,RCL,RS",179,181,3,5,232
5,21,"BW,HV,RCL,RS",182,182,1,4,257
5,21,"GC,HV,RCL,RS",183,183,1,4,297
5,21,"BW,GC,HV,RCL,RS",184,184,1,5,232
5,21,"HV,RCL,RS",185,185,1,3,339
5,21,"BW,GC,HV,RCL,RS",186,189,4,5,232
5,21,"GC,HV,RCL,RS",190,190,1,4,297
5,21,"GC,RCL",191,191,1,2,302
5,21,"BW,GC,RCL",192,192,1,3,236
5,21,"BW,GC,HV,RCL,RS",193,193,1,5,232
5,21,"GC,RCL",194,196,3,2,302
5,21,"BW,GC,RCL",197,197,1,3,236
5,21,"GC,RCL",198,198,1,2,302
5,21,RCL,199,199,1,1,370
5,21,"GC,RCL,RS",200,200,1,3,303
5,21,"BW,GC,RCL",201,203,3,3,236
5,21,"GC,RCL",204,204,1,2,302
5,21,RCL,205,206,2,1,370
5,21,"BW,GC,RCL",207,208,2,3,236
5,21,"GC,RCL",209,210,2,2,302
5,21,RCL,211,212,2,1,370
5,21,"BW,RCL",213,213,1,2,273
5,21,"BW,GC,HV,RCL",214,214,1,4,231
5,21,"BW,GC,RCL,RS",215,215,1,4,237
5,21,"GC,RCL",216,216,1,2,302
5,21,RCL,217,217,1,1,370
5,21,"BW,RCL",218,219,2,2,273
5,21,"BW,HV,RCL,RS",220,220,1,4,257
5,21,"BW,HC,HV,RCL,RS",221,221,1,5,243
5,21,"BW,HV,RCL,RS",222,222,1,4,257
5,21,"HV,RCL,RS",223,224,2,3,339
5,21,"HC,HV,RCL,RS",225,225,1,4,311
5,21,"HV,RCL,RS",226,226,1,3,339
5,21,"RCL,RS",227,230,4,2,373
5,21,"BW,GC,RCL",231,231,1,3,236
5,21,"BW,RCL",232,232,1,2,273
5,21,RCL,233,241,9,1,370
5,21,"RCL,RS",242,287,46,2,373
5,21,RS,288,300,13,1,376
5,21,"RCL,RS",301,301,1,2,373
5,21,RS,302,312,11,1,376
5,21,none,313,321,9,0,343
5,21,RS,322,322,1,1,376
5,21,none,323,325,3,0,343
5,21,RS,326,326,1,1,376
5,21,none,327,340,14,0,343
5,21,RS,341,341,1,1,376
5,22,RS,25,26,2,1,376
5,22,none,27,73,47,0,343
5,22,"PT,RS",74,74,1,2,365
5,22,RS,75,80,6,1,376
5,22,none,81,88,8,0,343
5,22,RS,89,91,3,1,376
5,22,"RP,RS",92,92,1,2,375
5,22,RP,93,93,1,1,374
5,22,RS,94,94,1,1,376
5,22,RP,95,95,1,1,374
5,22,"RP,RS",96,96,1,2,375
5,22,none,97,97,1,0,343
5,22,RP,98,98,1,1,374
5,22,RS,99,103,5,1,376
5,22,"RP,RS",104,106,3,2,375
5,22,none,107,107,1,0,343
5,22,"RP,RS",108,113,6,2,375
5,22,none,114,119,6,0,343
5,22,RCL,120,120,1,1,370
5,22,none,121,121,1,0,343
5,22,"RCL,RS",122,122,1,2,373
5,22,RCL,123,123,1,1,370
5,22,none,124,124,1,0,343
5,22,RCL,125,125,1,1,370
5,22,none,126,127,2,0,343
5,22,RCL,128,138,11,1,370
5,22,"HV,RCL",139,141,3,2,337
5,22,RCL,142,144,3,1,370
5,22,"BW,HV,RCL",145,148,4,3,254
5,22,"HV,RCL",149,149,1,2,337
5,22,RCL,150,152,3,1,370
5,22,"HV,RCL",153,153,1,2,337
5,22,"BW,HV,RCL",154,154,1,3,254
5,22,"HC,HV,RCL",155,157,3,3,310
5,22,"GC,HV,RCL",158,159,2,3,296
5,22,"HV,RCL",160,161,2,2,337
5,22,"BW,HV,RCL",162,162,1,3,254
5,22,"HV,RCL",163,164,2,2,337
5,22,"BW,HV,RCL",165,165,1,3,254
5,22,"BW,GC,HC,HV,RCL",166,167,2,5,223
5,22,"GC,HC,HV,RCL",168,168,1,4,284
5,22,RCL,169,172,4,1,370
5,22,"HV,RCL",173,174,2,2,337
5,22,"BW,HV,RCL",175,178,4,3,254
5,22,"HV,RCL",179,179,1,2,337
5,22,RCL,180,188,9,1,370
5,22,"HV,RCL",189,189,1,2,337
5,22,RCL,190,209,20,1,370
5,22,"BV,BW,RCL",210,210,1,3,189
5,22,"BV,RCL",211,212,2,2,217
5,22,RCL,213,255,43,1,370
5,22,"RCL,RS",256,256,1,2,373
5,22,"BV,RCL",257,257,1,2,217
5,22,"BV,BW,GC,RCL",258,258,1,4,172
5,22,"BV,BW,RCL,RS",259,259,1,4,190
5,22,"GC,RCL,RS",260,260,1,3,303
5,22,"BV,BW,GC,HV,RCL,RS",261,262,2,6,169
5,22,"GC,HV,RCL,RS",263,265,3,4,297
5,22,"HV,RCL,RS",266,271,6,3,339
5,22,"RCL,RS",272,283,12,2,373
5,22,RCL,284,284,1,1,370
5,22,"RCL,RS",285,293,9,2,373
5,22,RS,294,298,5,1,376
5,22,none,299,330,32,0,343
5,22,RS,331,331,1,1,376
5,22,none,332,337,6,0,343
5,22,RCL,338,338,1,1,370
5,23,RS,29,29,1,1,376
5,23,none,30,60,31,0,343
5,23,RS,61,61,1,1,376
5,23,none,62,62,1,0,343
5,23,RS,63,65,3,1,376
5,23,"RP,RS",66,67,2,2,375
5,23,none,68,68,1,0,343
5,23,"RP,RS",69,69,1,2,375
5,23,RP,70,70,1,1,374
5,23,none,71,71,1,0,343
5,23,RP,72,72,1,1,374
5,23,"RP,RS",73,73,1,2,375
5,23,RP,74,75,2,1,374
5,23,none,76,76,1,0,343
5,23,RP,77,77,1,1,374
5,23,"RP,RS",78,84,7,2,375
5,23,RP,85,85,1,1,374
5,23,"RCL,RP,RS",86,86,1,3,372
5,23,"RP,RS",87,88,2,2,375
5,23,none,89,89,1,0,343
5,23,"RP,RS",90,91,2,2,375
5,23,"RCL,RP,RS",92,92,1,3,372
5,23,"RP,RS",93,93,1,2,375
5,23,"HV,RCL,RP,RS",94,94,1,4,338
5,23,"RCL,RP,RS",95,95,1,3,372
5,23,"RP,RS",96,96,1,2,375
5,23,"RCL,RP,RS",97,98,2,3,372
5,23,RCL,99,101,3,1,370
5,23,RP,102,103,2,1,374
5,23,"RCL,RP",104,104,1,2,371
5,23,none,105,105,1,0,343
5,23,"RP,RS",106,106,1,2,375
5,23,"RCL,RP",107,107,1,2,371
5,23,"RCL,RP,RS",108,108,1,3,372
5,23,"BW,RCL,RP",109,109,1,3,274
5,23,"RCL,RP,RS",110,110,1,3,372
5,23,"RCL,RP",111,112,2,2,371
5,23,RCL,113,119,7,1,370
5,23,"BW,RCL",120,120,1,2,273
5,23,RCL,121,124,4,1,370
5,23,"RCL,RS",125,126,2,2,373
5,23,RCL,127,128,2,1,370
5,23,"RCL,RS",129,130,2,2,373
5,23,"BW,RCL,RS",131,131,1,3,276
5,23,"BV,BW,HV,RCL",132,132,1,4,184
5,23,RCL,133,134,2,1,370
5,23,"RCL,RS",135,135,1,2,373
5,23,"HV,RCL",136,137,2,2,337
5,23,"HV,RCL,RS",138,139,2,3,339
5,23,"RCL,RS",140,142,3,2,373
5,23,"HV,RCL",143,143,1,2,337
5,23,"HV,RCL,RS",144,145,2,3,339
5,23,"RCL,RS",146,146,1,2,373
5,23,"BW,HV,RCL,RS",147,147,1,4,257
5,23,"HV,RCL,RS",148,148,1,3,339
5,23,"BW,HV,RCL,RS",149,149,1,4,257
5,23,"BV,BW,HV,RCL",150,150,1,4,184
5,23,"BW,HV,RCL",151,151,1,3,254
5,23,"HV,RCL,RS",152,152,1,3,339
5,23,"GC,RCL",153,153,1,2,302
5,23,"GC,RCL,RS",154,154,1,3,303
5,23,"GC,RCL",155,155,1,2,302
5,23,"RCL,RS",156,156,1,2,373
5,23,RCL,157,157,1,1,370
5,23,"BW,GC,HV,RCL,RS",158,159,2,5,232
5,23,"GC,HV,RCL,RS",160,160,1,4,297
5,23,"HV,RCL,RS",161,161,1,3,339
5,23,"BW,HV,RCL,RS",162,162,1,4,257
5,23,"BW,GC,HV,RCL,RS",163,163,1,5,232
5,23,"BW,HV,RCL,RS",164,164,1,4,257
5,23,"BW,GC,HV,RCL,RS",165,166,2,5,232
5,23,"HV,RCL,RS",167,167,1,3,339
5,23,"RCL,RS",168,168,1,2,373
5,23,"HV,RCL,RS",169,170,2,3,339
5,23,RS,171,308,138,1,376
5,23,none,309,309,1,0,343
5,23,RS,310,313,4,1,376
5,23,none,314,318,5,0,343
5,23,RS,319,319,1,1,376
5,23,none,320,326,7,0,343
5,23,RS,327,328,2,1,376
5,24,RS,52,181,130,1,376
5,24,"GC,HV,RCL,RS",182,184,3,4,297
5,24,"BW,GC,HV,RCL,RS",185,186,2,5,232
5,24,"BW,GC,HV,RCL",187,187,1,4,231
5,24,"HV,RCL",188,188,1,2,337
5,24,"HV,RCL,RS",189,190,2,3,339
5,24,"BW,GC,HV,RCL,RS",191,191,1,5,232
5,24,"BW,GC,HV,RCL",192,192,1,4,231
5,24,"HV,RCL",193,195,3,2,337
5,24,"GC,HV,RCL",196,196,1,3,296
5,24,"HV,RCL",197,197,1,2,337
5,24,"BW,GC,HV,RCL,RS",198,199,2,5,232
5,24,"BV,BW,HV,RCL",200,200,1,4,184
5,24,"GC,HV,RCL",201,202,2,3,296
5,24,"HV,RCL",203,210,8,2,337
5,24,RCL,211,213,3,1,370
5,24,"HV,RCL",214,214,1,2,337
5,24,"BW,HV,RCL",215,215,1,3,254
5,24,RCL,216,216,1,1,370
5,24,"BW,GC,HV,RCL",217,217,1,4,231
5,24,"BV,BW,GC,HV,RCL,RS",218,219,2,6,169
5,24,"BV,BW,HV,RCL,RS",220,220,1,5,185
5,24,"HV,RCL,RS",221,231,11,3,339
5,24,"BW,HV,RCL,RS",232,232,1,4,257
5,24,"BW,GC,HV,RCL,RS",233,235,3,5,232
5,24,"GC,HV,RCL,RS",236,237,2,4,297
5,24,"HV,RCL",238,240,3,2,337
5,24,"GC,RCL",241,241,1,2,302
5,24,"HV,RCL",242,242,1,2,337
5,24,RCL,243,244,2,1,370
5,24,"HV,RCL",245,246,2,2,337
5,24,RCL,247,251,5,1,370
5,24,"RCL,RS",252,253,2,2,373
5,24,RCL,254,254,1,1,370
5,24,"RCL,RS",255,255,1,2,373
5,24,RCL,256,256,1,1,370
5,24,"RCL,RS",257,257,1,2,373
5,24,RCL,258,259,2,1,370
5,24,"RCL,RS",260,260,1,2,373
5,24,RCL,261,261,1,1,370
5,24,"RCL,RS",262,278,17,2,373
5,24,none,279,280,2,0,343
5,24,RS,281,282,2,1,376
5,24,none,283,285,3,0,343
5,24,RCL,286,286,1,1,370
5,24,none,287,288,2,0,343
5,24,RS,289,289,1,1,376
5,24,none,290,290,1,0,343
5,24,RS,291,292,2,1,376
5,24,none,293,295,3,0,343
5,24,RS,296,298,3,1,376
5,24,none,299,300,2,0,343
5,24,RS,301,317,17,1,376
5,24,none,318,318,1,0,343
5,24,RS,319,329,11,1,376
6,1,PT,64,66,3,1,358
6,1,none,67,71,5,0,343
6,1,"PC,PT,RS",72,72,1,3,348
6,1,"PT,RS",73,74,2,2,365
6,1,PT,75,75,1,1,358
6,1,RS,76,76,1,1,376
6,1,"PC,PT,RS",77,77,1,3,348
6,1,"PC,PT,RP,RS",78,78,1,4,347
6,1,"PT,RS",79,79,1,2,365
6,1,"PC,RS",80,81,2,2,357
6,1,"PC,PT,RS",82,82,1,3,348
6,1,RS,83,83,1,1,376
6,1,"PT,RS",84,85,2,2,365
6,1,RS,86,92,7,1,376
6,1,"PT,RS",93,97,5,2,365
6,1,"PC,PT,RP,RS",98,98,1,4,347
6,1,"PC,RP,RS",99,99,1,3,356
6,1,"PC,RS",100,101,2,2,357
6,1,"PC,RP,RS",102,102,1,3,356
6,1,"PC,RP",103,103,1,2,355
6,1,"PC,RP,RS",104,104,1,3,356
6,1,"PC,RP",105,105,1,2,355
6,1,PC,106,108,3,1,344
6,1,"BW,PC,RP,RS",109,109,1,4,265
6,1,"BW,PC,PT,RP,RS",110,110,1,5,261
6,1,PC,111,111,1,1,344
6,1,none,112,112,1,0,343
6,1,PC,113,115,3,1,344
6,1,"PC,PT",116,116,1,2,345
6,1,"PC,RP,RS",117,117,1,3,356
6,1,"BW,RP,RS",118,119,2,3,278
6,1,"BW,RS",120,120,1,2,279
6,1,RS,121,121,1,1,376
6,1,none,122,124,3,0,343
6,1,RS,125,127,3,1,376
6,1,none,128,129,2,0,343
6,1,"BW,RCL,RS",130,130,1,3,276
6,1,RCL,131,131,1,1,370
6,1,"AC,RCL,RS",132,132,1,3,155
6,1,"RCL,RS",133,133,1,2,373
6,1,RCL,134,134,1,1,370
6,1,none,135,135,1,0,343
6,1,AC,136,136,1,1,1
6,1,"RCL,RS",137,137,1,2,373
6,1,"HV,RCL,RS",138,138,1,3,339
6,1,RCL,139,145,7,1,370
6,1,"BW,RCL",146,147,2,2,273
6,1,"BV,BW,RCL,RS",148,148,1,4,190
6,1,"BW,RCL,RS",149,149,1,3,276
6,1,RCL,150,150,1,1,370
6,1,"RCL,RS",151,151,1,2,373
6,1,"HV,RCL,RS",152,152,1,3,339
6,1,"AC,RCL,RS",153,153,1,3,155
6,1,"RCL,RS",154,155,2,2,373
6,1,none,156,178,23,0,343
6,1,RCL,179,180,2,1,370
6,1,"AC,RCL",181,181,1,2,154
6,1,RCL,182,182,1,1,370
6,1,"AC,HV,RCL",183,183,1,3,145
6,1,"BW,HV,RCL",184,184,1,3,254
6,1,"BW,HV,RCL,RS",185,185,1,4,257
6,1,"BW,GC,HV,RCL,RS",186,186,1,5,232
6,1,"AC,GC,HV,RCL,RS",187,192,6,5,122
6,1,"AC,BW,GC,HV,RCL,RS",193,195,3,6,84
6,1,"AC,GC,HV,RCL,RS",196,199,4,5,122
6,1,"AC,RCL,RS",200,200,1,3,155
6,1,"AC,HV,RCL,RS",201,202,2,4,146
6,1,"AC,BW,HV,RCL,RS",203,207,5,5,101
6,1,"AC,BW,GC,HV,RCL,RS",208,208,1,6,84
6,1,"AC,BW,HV,RCL,RS",209,209,1,5,101
6,1,"AC,BW,GC,HV,RCL,RS",210,210,1,6,84
6,1,"AC,GC,HV,RCL,RS",211,212,2,5,122
6,1,"AC,HV,RCL,RS",213,213,1,4,146
6,1,"AC,RCL",214,253,40,2,154
6,1,"AC,RCL,RS",254,254,1,3,155
6,1,"AC,RCL",255,256,2,2,154
6,1,"AC,RCL,RS",257,257,1,3,155
6,1,"RCL,RS",258,261,4,2,373
6,1,RCL,262,262,1,1,370
6,1,"RCL,RS",263,268,6,2,373
6,1,"HV,RCL,RS",269,269,1,3,339
6,1,"RCL,RS",270,270,1,2,373
6,1,"GC,RCL,RS",271,272,2,3,303
6,1,"RCL,RS",273,274,2,2,373
6,1,RCL,275,276,2,1,370
6,1,"RCL,RS",277,277,1,2,373
6,1,RCL,278,278,1,1,370
6,1,RS,279,279,1,1,376
6,1,"RCL,RS",280,283,4,2,373
6,1,RS,284,287,4,1,376
6,1,none,288,288,1,0,343
6,1,RS,289,289,1,1,376
6,1,none,290,290,1,0,343
6,1,RS,291,292,2,1,376
6,1,none,293,293,1,0,343
6,1,RS,294,294,1,1,376
6,1,none,295,330,36,0,343
6,1,RS,331,331,1,1,376
6,1,none,332,332,1,0,343
6,1,RS,333,333,1,1,376
6,1,none,334,339,6,0,343
6,1,RS,340,340,1,1,376
6,2,PT,63,63,1,1,358
6,2,none,64,66,3,0,343
6,2,PT,67,67,1,1,358
6,2,none,68,70,3,0,343
6,2,PT,71,71,1,1,358
6,2,none,72,72,1,0,343
6,2,RS,73,73,1,1,376
6,2,none,74,75,2,0,343
6,2,"PC,RS",76,76,1,2,357
6,2,"PC,PT,RS",77,77,1,3,348
6,2,"PT,RS",78,78,1,2,365
6,2,"PT,RP,RS",79,79,1,3,364
6,2,RS,80,81,2,1,376
6,2,"PC,RP,RS",82,82,1,3,356
6,2,PC,83,83,1,1,344
6,2,none,84,91,8,0,343
6,2,"PC,RP,RS",92,94,3,3,356
6,2,"RP,RS",95,96,2,2,375
6,2,"PC,RP,RS",97,99,3,3,356
6,2,"BW,PC,RP,RS",100,100,1,4,265
6,2,"RCL,RP",101,101,1,2,371
6,2,none,102,105,4,0,343
6,2,"RCL,RP",106,106,1,2,371
6,2,RP,107,107,1,1,374
6,2,"RCL,RP",108,109,2,2,371
6,2,none,110,110,1,0,343
6,2,RP,111,111,1,1,374
6,2,none,112,112,1,0,343
6,2,RP,113,113,1,1,374
6,2,"RCL,RP",114,114,1,2,371
6,2,"BW,RCL,RS",115,115,1,3,276
6,2,"RCL,RS",116,116,1,2,373
6,2,RCL,117,124,8,1,370
6,2,"BW,HV,RCL,RS",125,128,4,4,257
6,2,"BV,BW,HV,RCL,RS",129,129,1,5,185
6,2,"HV,RCL",130,130,1,2,337
6,2,"RCL,RS",131,131,1,2,373
6,2,"HV,RCL,RS",132,132,1,3,339
6,2,RCL,133,133,1,1,370
6,2,"HV,RCL",134,134,1,2,337
6,2,"BW,HV,RCL",135,138,4,3,254
6,2,RCL,139,139,1,1,370
6,2,"BW,RCL",140,141,2,2,273
6,2,RCL,142,143,2,1,370
6,2,"BW,RCL",144,144,1,2,273
6,2,"BW,GC,RCL",145,145,1,3,236
6,2,"BV,BW,GC,HC,RCL",146,146,1,5,165
6,2,"AC,BW,GC,HC,RCL",147,147,1,5,80
6,2,"AC,BW,GC,HC,HV,RCL",148,148,1,6,77
6,2,"AC,RCL",149,150,2,2,154
6,2,"HC,RCL",151,151,1,2,317
6,2,"AC,RCL",152,152,1,2,154
6,2,"AC,BW,RCL",153,154,2,3,105
6,2,"AC,GC,RCL",155,155,1,3,126
6,2,"AC,BW,GC,RCL",156,157,2,4,86
6,2,"BW,GC,HC,RCL",158,158,1,4,227
6,2,"AC,BW,GC,RCL",159,159,1,4,86
6,2,"AC,RCL",160,160,1,2,154
6,2,RCL,161,162,2,1,370
6,2,"BW,RCL",163,163,1,2,273
6,2,"AC,RCL",164,164,1,2,154
6,2,RCL,165,167,3,1,370
6,2,"AC,RCL",168,168,1,2,154
6,2,RCL,169,169,1,1,370
6,2,"AC,RCL",170,171,2,2,154
6,2,"AC,RCA,RCL",172,172,1,3,152
6,2,"AC,HV,RCA,RCL",173,173,1,4,143
6,2,"AC,BW,RCL",174,174,1,3,105
6,2,"AC,BV,BW,HC,HV,RCL",175,176,2,6,26
6,2,"AC,BV,BW,GC,HV,RCL",177,177,1,6,16
6,2,"AC,GC,HC,RCL",178,178,1,4,115
6,2,"AC,HC,RCL",179,179,1,3,139
6,2,"AC,RCL",180,187,8,2,154
6,2,"AC,HC,RCL",188,190,3,3,139
6,2,"AC,RCL",191,193,3,2,154
6,2,"AC,BW,HV,RCL",194,194,1,4,100
6,2,RCL,195,195,1,1,370
6,2,"AC,RCL",196,203,8,2,154
6,2,"AC,BV,BW,HC,HV,RCL",204,204,1,6,26
6,2,"AC,BV,BW,GC,HC,HV,RCL",205,205,1,7,9
6,2,"AC,BV,GC,HC,HV,RCL",206,206,1,6,45
6,2,"AC,BW,HC,HV,RCL",207,207,1,5,92
6,2,"AC,GC,HC,HV,RCL",208,208,1,5,112
6,2,"AC,GC,HV,RCL",209,209,1,4,121
6,2,"AC,HC,RCL",210,210,1,3,139
6,2,none,211,217,7,0,343
6,2,"AC,RCL",218,220,3,2,154
6,2,"AC,HV,RCL",221,221,1,3,145
6,2,"AC,RCL",222,222,1,2,154
6,2,none,223,224,2,0,343
6,2,"AC,GC,HV,RCL",225,225,1,4,121
6,2,none,226,231,6,0,343
6,2,"AC,RCL",232,235,4,2,154
6,2,none,236,238,3,0,343
6,2,"AC,RCL",239,243,5,2,154
6,2,RCL,244,244,1,1,370
6,2,"AC,RCL",245,246,2,2,154
6,2,RCL,247,248,2,1,370
6,2,"AC,RCL",249,250,2,2,154
6,2,RCL,251,271,21,1,370
6,2,none,272,272,1,0,343
6,2,RCL,273,273,1,1,370
6,2,"RCL,RS",274,274,1,2,373
6,2,RCL,275,275,1,1,370
6,2,none,276,309,34,0,343
6,2,RS,310,311,2,1,376
6,3,RS,70,72,3,1,376
6,3,"PT,RP",73,73,1,2,363
6,3,none,74,75,2,0,343
6,3,"RP,RS",76,76,1,2,375
6,3,RS,77,77,1,1,376
6,3,"PC,RP,RS",78,78,1,3,356
6,3,"PC,RS",79,82,4,2,357
6,3,RS,83,84,2,1,376
6,3,"PC,RS",85,85,1,2,357
6,3,"PC,RP,RS",86,90,5,3,356
6,3,"PC,RP",91,91,1,2,355
6,3,PC,92,92,1,1,344
6,3,"PC,RP,RS",93,97,5,3,356
6,3,"RP,RS",98,98,1,2,375
6,3,none,99,117,19,0,343
6,3,RCL,118,120,3,1,370
6,3,"BW,RCL",121,121,1,2,273
6,3,BW,122,122,1,1,220
6,3,HV,123,123,1,1,320
6,3,"BW,HV,RCL,RP",124,124,1,4,255
6,3,none,125,126,2,0,343
6,3,RCL,127,129,3,1,370
6,3,"BW,RCL",130,131,2,2,273
6,3,RCL,132,140,9,1,370
6,3,"BW,RCL",141,141,1,2,273
6,3,RCL,142,143,2,1,370
6,3,"BW,RCL",144,144,1,2,273
6,3,RCL,145,145,1,1,370
6,3,"AC,RCL",146,147,2,2,154
6,3,RCL,148,148,1,1,370
6,3,"AC,RCL",149,149,1,2,154
6,3,RCL,150,150,1,1,370
6,3,"AC,BW,RCL",151,151,1,3,105
6,3,"BW,RCL",152,152,1,2,273
6,3,"AC,RCL",153,153,1,2,154
6,3,"AC,BW,RCL",154,154,1,3,105
6,3,"AC,BW,GC,RCL",155,155,1,4,86
6,3,"AC,RCL",156,156,1,2,154
6,3,RCL,157,159,3,1,370
6,3,"AC,RCL",160,160,1,2,154
6,3,"AC,BW,RCL",161,161,1,3,105
6,3,"BW,RCL",162,163,2,2,273
6,3,RCL,164,170,7,1,370
6,3,"BW,RCL",171,174,4,2,273
6,3,RCL,175,176,2,1,370
6,3,"AC,RCL",177,178,2,2,154
6,3,"BW,RCL",179,179,1,2,273
6,3,"AC,BV,BW,RCL",180,181,2,4,41
6,3,"AC,RCL",182,182,1,2,154
6,3,"AC,BW,RCL",183,183,1,3,105
6,3,"BW,RCL",184,184,1,2,273
6,3,"AC,BW,RCL",185,185,1,3,105
6,3,RCL,186,186,1,1,370
6,3,"AC,BW,RCL",187,187,1,3,105
6,3,"AC,BV,RCL",188,188,1,3,70
6,3,"AC,BV,BW,RCL",189,189,1,4,41
6,3,"AC,BW,HV,RCL",190,190,1,4,100
6,3,"AC,BV,BW,RCL",191,191,1,4,41
6,3,"AC,BV,GC,HC,HV,RCL",192,192,1,6,45
6,3,"GC,HV,RCL",193,193,1,3,296
6,3,"HV,RCL",194,194,1,2,337
6,3,"AC,HV,RCL",195,195,1,3,145
6,3,"AC,GC,RCL",196,196,1,3,126
6,3,"AC,HC,RCL",197,197,1,3,139
6,3,"AC,RCL",198,204,7,2,154
6,3,RCL,205,205,1,1,370
6,3,"AC,RCL",206,209,4,2,154
6,3,"AC,BV,RCL",210,212,3,3,70
6,3,"BV,BW,HV,RCL",213,213,1,4,184
6,3,"AC,BV,BW,GC,HV,RCL",214,214,1,6,16
6,3,"AC,BV,RCL",215,215,1,3,70
6,3,RCL,216,216,1,1,370
6,3,"AC,RCL",217,224,8,2,154
6,3,"AC,HC,RCL",225,228,4,3,139
6,3,"AC,BV,HC,RCL",229,230,2,4,61
6,3,"AC,RCL",231,231,1,2,154
6,3,"AC,HC,RCL",232,232,1,3,139
6,3,"AC,RCL",233,249,17,2,154
6,3,RCL,250,250,1,1,370
6,3,"AC,HV,RCL",251,251,1,3,145
6,3,"AC,RCL",252,258,7,2,154
6,3,RCL,259,268,10,1,370
6,3,"RCL,RS",269,269,1,2,373
6,3,HV,270,270,1,1,320
6,3,"RCL,RS",271,271,1,2,373
6,3,"GC,HV,RCL,RS",272,272,1,4,297
6,3,"GC,RCL,RS",273,273,1,3,303
6,3,"RCL,RS",274,275,2,2,373
6,3,RCL,276,276,1,1,370
6,3,"RCL,RS",277,277,1,2,373
6,3,RCL,278,278,1,1,370
6,3,none,279,281,3,0,343
6,3,RS,282,283,2,1,376
6,4,RS,52,55,4,1,376
6,4,"RP,RS",56,56,1,2,375
6,4,none,57,61,5,0,343
6,4,PT,62,62,1,1,358
6,4,none,63,69,7,0,343
6,4,PT,70,71,2,1,358
6,4,none,72,82,11,0,343
6,4,PC,83,83,1,1,344
6,4,none,84,84,1,0,343
6,4,PC,85,85,1,1,344
6,4,"PC,PT",86,86,1,2,345
6,4,"PC,PT,RP",87,87,1,3,346
6,4,"PC,PT",88,90,3,2,345
6,4,PC,91,109,19,1,344
6,4,"PC,RCL",110,118,9,2,351
6,4,RCL,119,119,1,1,370
6,4,"PC,RCL",120,121,2,2,351
6,4,RCL,122,126,5,1,370
6,4,"BW,RCL",127,127,1,2,273
6,4,"PT,RCL",128,129,2,2,360
6,4,RCL,130,133,4,1,370
6,4,"BW,RCL",134,136,3,2,273
6,4,RCL,137,140,4,1,370
6,4,"BW,RCL",141,141,1,2,273
6,4,RCL,142,142,1,1,370
6,4,"BW,PT,RCL",143,143,1,3,268
6,4,"BW,HV,RCL",144,144,1,3,254
6,4,"BW,RCL",145,146,2,2,273
6,4,"BV,BW,GC,HV,RCL",147,147,1,5,168
6,4,"BW,HV,RCL",148,148,1,3,254
6,4,RCL,149,150,2,1,370
6,4,"BW,HV,RCL",151,154,4,3,254
6,4,"GC,HV,RCL",155,155,1,3,296
6,4,"AC,GC,RCL",156,156,1,3,126
6,4,"HV,RCL",157,158,2,2,337
6,4,"AC,HV,RCL",159,159,1,3,145
6,4,"BW,GC,HV,RCL",160,160,1,4,231
6,4,"BW,HV,RCL",161,161,1,3,254
6,4,"BW,GC,HV,RCL",162,162,1,4,231
6,4,"BV,BW,GC,HV,RCL",163,163,1,5,168
6,4,"AC,BV,BW,GC,HV,RCL",164,164,1,6,16
6,4,"BV,BW,GC,HV,RCL",165,165,1,5,168
6,4,"AC,BV,BW,GC,HV,RCL",166,166,1,6,16
6,4,"AC,BW,GC,HV,RCL",167,174,8,5,83
6,4,"BW,GC,RCL",175,175,1,3,236
6,4,"AC,GC,HV,RCL",176,176,1,4,121
6,4,"GC,RCL",177,178,2,2,302
6,4,"AC,BW,GC,RCL",179,179,1,4,86
6,4,"AC,BV,BW,GC,RCL",180,180,1,5,19
6,4,"AC,BV,BW,GC,HV,RCL",181,181,1,6,16
6,4,"AC,BV,BW,GC,HV,RCL,RS",182,182,1,7,17
6,4,"BV,BW,GC,HV,RCL",183,183,1,5,168
6,4,"AC,BW,HV,RCL",184,185,2,4,100
6,4,"AC,HV,RCL",186,186,1,3,145
6,4,"BW,GC,HV,RCL",187,187,1,4,231
6,4,"BV,BW,GC,RCL",188,188,1,4,172
6,4,"BV,BW,GC,HV,RCL",189,189,1,5,168
6,4,"AC,BV,GC,HV,RCL",190,190,1,5,51
6,4,"AC,BV,RCL",191,191,1,3,70
6,4,"AC,RCL",192,194,3,2,154
6,4,"AC,BW,HV,RCL",195,195,1,4,100
6,4,"AC,BV,BW,GC,RCL",196,201,6,5,19
6,4,"AC,BV,BW,GC,HV,RCL",202,203,2,6,16
6,4,"AC,BW,GC,RCL",204,216,13,4,86
6,4,RCL,217,261,45,1,370
6,4,"RCL,RS",262,262,1,2,373
6,4,RCL,263,273,11,1,370
6,4,none,274,301,28,0,343
6,4,RS,302,302,1,1,376
6,4,none,303,355,53,0,343
6,4,RS,356,356,1,1,376
6,5,PT,58,58,1,1,358
6,5,PC,59,59,1,1,344
6,5,none,60,62,3,0,343
6,5,RS,63,63,1,1,376
6,5,"PC,RS",64,64,1,2,357
6,5,RS,65,67,3,1,376
6,5,none,68,76,9,0,343
6,5,RS,77,77,1,1,376
6,5,PC,78,78,1,1,344
6,5,none,79,79,1,0,343
6,5,PC,80,89,10,1,344
6,5,"PC,PT",90,90,1,2,345
6,5,PC,91,92,2,1,344
6,5,"PC,RS",93,93,1,2,357
6,5,none,94,108,15,0,343
6,5,"RP,RS",109,109,1,2,375
6,5,"BW,PC,RCL,RP,RS",110,110,1,5,263
6,5,"RCL,RP",111,112,2,2,371
6,5,"PC,RCL,RP",113,113,1,3,352
6,5,"RCL,RP",114,115,2,2,371
6,5,"BW,RCL,RP",116,116,1,3,274
6,5,"BW,PC,RCL,RP",117,117,1,4,262
6,5,RCL,118,121,4,1,370
6,5,"RCL,RP",122,122,1,2,371
6,5,RCL,123,125,3,1,370
6,5,"PC,RCL",126,126,1,2,351
6,5,"RCL,RS",127,127,1,2,373
6,5,"PC,RCL,RS",128,128,1,3,354
6,5,"RCL,RS",129,129,1,2,373
6,5,RCL,130,134,5,1,370
6,5,"RCA,RCL",135,135,1,2,367
6,5,RCL,136,136,1,1,370
6,5,"BW,RCL",137,137,1,2,273
6,5,"BW,RCA,RCL",138,138,1,3,271
6,5,RCL,139,144,6,1,370
6,5,"BW,RCA,RCL",145,145,1,3,271
6,5,"BV,BW,RCL",146,146,1,3,189
6,5,"BW,RCL",147,147,1,2,273
6,5,RCL,148,148,1,1,370
6,5,"BW,RCL",149,149,1,2,273
6,5,RCL,150,151,2,1,370
6,5,"RCA,RCL",152,154,3,2,367
6,5,RCL,155,155,1,1,370
6,5,"BV,BW,RCL",156,156,1,3,189
6,5,"BV,BW,HC,HV,RCA,RCL",157,157,1,6,175
6,5,"RCA,RCL",158,173,16,2,367
6,5,"BW,RCA,RCL",174,174,1,3,271
6,5,"RCA,RCL",175,179,5,2,367
6,5,RCL,180,180,1,1,370
6,5,"RCA,RCL",181,181,1,2,367
6,5,RCL,182,186,5,1,370
6,5,"RCA,RCL",187,193,7,2,367
6,5,RCL,194,230,37,1,370
6,5,"HC,RCL",231,231,1,2,317
6,5,RCL,232,247,16,1,370
6,5,none,248,248,1,0,343
6,5,RCL,249,253,5,1,370
6,5,"BV,RCL",254,254,1,2,217
6,5,RCL,255,263,9,1,370
6,6,RS,56,63,8,1,376
6,6,none,64,66,3,0,343
6,6,RS,67,67,1,1,376
6,6,none,68,71,4,0,343
6,6,RS,72,73,2,1,376
6,6,"PC,RS",74,74,1,2,357
6,6,RS,75,75,1,1,376
6,6,none,76,81,6,0,343
6,6,"PC,RS",82,82,1,2,357
6,6,PC,83,85,3,1,344
6,6,"PC,RP,RS",86,86,1,3,356
6,6,"RP,RS",87,87,1,2,375
6,6,RP,88,88,1,1,374
6,6,none,89,97,9,0,343
6,6,RS,98,98,1,1,376
6,6,none,99,106,8,0,343
6,6,"PC,RP,RS",107,108,2,3,356
6,6,"PC,RP",109,111,3,2,355
6,6,"PC,RP,RS",112,113,2,3,356
6,6,"PC,RS",114,114,1,2,357
6,6,"BW,HV,PC,RP,RS",115,117,3,5,250
6,6,PC,118,121,4,1,344
6,6,none,122,123,2,0,343
6,6,RCL,124,132,9,1,370
6,6,"BW,RCL",133,134,2,2,273
6,6,RCL,135,135,1,1,370
6,6,"AC,RCL",136,136,1,2,154
6,6,RCL,137,137,1,1,370
6,6,"AC,RCL",138,139,2,2,154
6,6,"BW,RCL",140,140,1,2,273
6,6,"AC,BW,RCL",141,141,1,3,105
6,6,RCL,142,147,6,1,370
6,6,"BW,RCL",148,149,2,2,273
6,6,RCL,150,152,3,1,370
6,6,none,153,153,1,0,343
6,6,"BW,RCL",154,154,1,2,273
6,6,"BW,HV,RCL",155,155,1,3,254
6,6,RCL,156,156,1,1,370
6,6,"AC,RCL",157,157,1,2,154
6,6,RCL,158,158,1,1,370
6,6,"AC,RCL",159,160,2,2,154
6,6,none,161,161,1,0,343
6,6,RCL,162,164,3,1,370
6,6,"RCA,RCL",165,165,1,2,367
6,6,"AC,RCL",166,166,1,2,154
6,6,RCL,167,172,6,1,370
6,6,"AC,RCL",173,173,1,2,154
6,6,RCL,174,176,3,1,370
6,6,"BW,RCL",177,177,1,2,273
6,6,BW,178,178,1,1,220
6,6,none,179,179,1,0,343
6,6,"BW,RCL",180,180,1,2,273
6,6,RCL,181,182,2,1,370
6,6,none,183,183,1,0,343
6,6,RCL,184,184,1,1,370
6,6,none,185,186,2,0,343
6,6,RCL,187,189,3,1,370
6,6,none,190,190,1,0,343
6,6,RCL,191,194,4,1,370
6,6,none,195,195,1,0,343
6,6,"BV,BW",196,196,1,2,159
6,6,"BV,BW,RCL",197,197,1,3,189
6,6,RCL,198,208,11,1,370
6,6,none,209,209,1,0,343
6,6,RCL,210,212,3,1,370
6,6,none,213,213,1,0,343
6,6,RCL,214,216,3,1,370
6,6,none,217,217,1,0,343
6,6,RCL,218,228,11,1,370
6,6,none,229,230,2,0,343
6,6,RCL,231,233,3,1,370
6,6,none,234,235,2,0,343
6,6,RCL,236,241,6,1,370
6,6,none,242,245,4,0,343
6,6,BV,246,249,4,1,158
6,6,none,250,267,18,0,343
6,6,RCL,268,268,1,1,370
6,6,none,269,287,19,0,343
6,6,RS,288,288,1,1,376
6,6,none,289,292,4,0,343
6,6,RS,293,293,1,1,376
6,6,none,294,300,7,0,343
6,6,RS,301,301,1,1,376
6,6,none,302,302,1,0,343
6,6,RS,303,304,2,1,376
6,6,none,305,310,6,0,343
6,6,RS,311,313,3,1,376
6,6,none,314,314,1,0,343
6,6,RS,315,321,7,1,376
6,6,none,322,326,5,0,343
6,6,RS,327,328,2,1,376
6,7,"PC,RS",38,38,1,2,357
6,7,RS,39,41,3,1,376
6,7,none,42,46,5,0,343
6,7,RS,47,47,1,1,376
6,7,none,48,48,1,0,343
6,7,RS,49,49,1,1,376
6,7,none,50,52,3,0,343
6,7,RS,53,54,2,1,376
6,7,none,55,55,1,0,343
6,7,RS,56,56,1,1,376
6,7,none,57,63,7,0,343
6,7,"PC,RS",64,64,1,2,357
6,7,RS,65,67,3,1,376
6,7,none,68,68,1,0,343
6,7,RS,69,69,1,1,376
6,7,"PC,RS",70,71,2,2,357
6,7,none,72,76,5,0,343
6,7,"PC,RS",77,80,4,2,357
6,7,"PC,RP,RS",81,81,1,3,356
6,7,"RP,RS",82,84,3,2,375
6,7,RS,85,85,1,1,376
6,7,"PC,RP,RS",86,86,1,3,356
6,7,RS,87,88,2,1,376
6,7,none,89,91,3,0,343
6,7,RS,92,92,1,1,376
6,7,"PC,RS",93,97,5,2,357
6,7,"PC,RP,RS",98,98,1,3,356
6,7,"PC,RS",99,101,3,2,357
6,7,none,102,105,4,0,343
6,7,"BW,RS",106,106,1,2,279
6,7,"BW,PC,RCL,RS",107,108,2,4,264
6,7,"BW,HV,RCL,RS",109,109,1,4,257
6,7,"RCL,RS",110,112,3,2,373
6,7,"BW,HV,RCL,RS",113,113,1,4,257
6,7,"BW,RCL,RS",114,115,2,3,276
6,7,"RCL,RS",116,116,1,2,373
6,7,RCL,117,119,3,1,370
6,7,"RCL,RS",120,120,1,2,373
6,7,RS,121,122,2,1,376
6,7,none,123,123,1,0,343
6,7,RS,124,125,2,1,376
6,7,none,126,126,1,0,343
6,7,RS,127,129,3,1,376
6,7,"RCL,RS",130,130,1,2,373
6,7,RS,131,131,1,1,376
6,7,none,132,132,1,0,343
6,7,RS,133,135,3,1,376
6,7,"BW,RCL,RS",136,137,2,3,276
6,7,"BW,RCA,RCL,RS",138,139,2,4,272
6,7,"RCL,RS",140,145,6,2,373
6,7,"BW,RCL,RS",146,146,1,3,276
6,7,"RCL,RS",147,147,1,2,373
6,7,none,148,148,1,0,343
6,7,"BV,BW,HV,RCL,RS",149,149,1,5,185
6,7,"BW,HV,RCL,RS",150,150,1,4,257
6,7,"BW,GC,HV,RCL,RS",151,151,1,5,232
6,7,"GC,HV,RCL,RS",152,155,4,4,297
6,7,"AC,HV,RCL,RS",156,156,1,4,146
6,7,"HV,RCL,RS",157,158,2,3,339
6,7,"BW,HV,RCL,RS",159,161,3,4,257
6,7,"BV,BW,HV,RCL",162,162,1,4,184
6,7,RCL,163,167,5,1,370
6,7,"BW,RCL",168,168,1,2,273
6,7,"BV,BW,HV,RCL",169,169,1,4,184
6,7,"BV,BW,HV,RCL,RS",170,170,1,5,185
6,7,"AC,BV,BW,GC,RCL,RS",171,171,1,6,20
6,7,"RCL,RS",172,174,3,2,373
6,7,RCL,175,177,3,1,370
6,7,"BW,HV,RCL",178,178,1,3,254
6,7,"BW,GC,HV,RCL",179,179,1,4,231
6,7,"AC,GC,RCL",180,180,1,3,126
6,7,RCL,181,182,2,1,370
6,7,"AC,HV,RCA,RCL",183,183,1,4,143
6,7,"AC,HV,RCL",184,184,1,3,145
6,7,"GC,HV,RCL",185,185,1,3,296
6,7,"AC,BW,GC,HV,RCL",186,186,1,5,83
6,7,"HV,RCL",187,187,1,2,337
6,7,RCL,188,188,1,1,370
6,7,"GC,RCL",189,189,1,2,302
6,7,RCL,190,190,1,1,370
6,7,"BW,RCL",191,191,1,2,273
6,7,"HV,RCL",192,192,1,2,337
6,7,RCL,193,193,1,1,370
6,7,"BW,HV,RCL",194,195,2,3,254
6,7,"GC,HV,RCL",196,196,1,3,296
6,7,"GC,RCL",197,198,2,2,302
6,7,"HV,RCL",199,199,1,2,337
6,7,RCL,200,200,1,1,370
6,7,"HV,RCL",201,201,1,2,337
6,7,"GC,HV,RCL",202,205,4,3,296
6,7,"AC,HV,RCL",206,206,1,3,145
6,7,RCL,207,207,1,1,370
6,7,"AC,RCL",208,208,1,2,154
6,7,RCL,209,209,1,1,370
6,7,"HV,RCL",210,210,1,2,337
6,7,"AC,HV,RCL",211,211,1,3,145
6,7,"HV,RCL",212,212,1,2,337
6,7,"BV,BW,GC,HV,RCL",213,213,1,5,168
6,7,"BV,BW,RCL",214,214,1,3,189
6,7,"BV,BW,GC,RCL,RS",215,215,1,5,173
6,7,"BW,GC,HV,RCL,RS",216,218,3,5,232
6,7,"AC,GC,HV,RCL,RS",219,219,1,5,122
6,7,"RCL,RS",220,220,1,2,373
6,7,RCL,221,221,1,1,370
6,7,BW,222,222,1,1,220
6,7,"BW,RCL,RS",223,223,1,3,276
6,7,"GC,HV,RCL,RS",224,225,2,4,297
6,7,"AC,BW,GC,HV,RCL,RS",226,226,1,6,84
6,7,none,227,227,1,0,343
6,7,"BW,RCL",228,228,1,2,273
6,7,"AC,BW,GC,HV,RCL,RS",229,229,1,6,84
6,7,"AC,BV,HV,RCL,RS",230,230,1,5,67
6,7,"AC,HV,RCL,RS",231,231,1,4,146
6,7,"AC,HV,RCL",232,232,1,3,145
6,7,"AC,RCL",233,233,1,2,154
6,7,"AC,BW,HV,RCL,RS",234,234,1,5,101
6,7,"AC,BW,RCL,RS",235,235,1,4,106
6,7,"BW,RCL",236,236,1,2,273
6,7,"AC,BW,RCL",237,237,1,3,105
6,7,"AC,BW,HV,RCL",238,239,2,4,100
6,7,"BV,BW,RCL,RS",240,243,4,4,190
6,7,"BV,RCL,RS",244,244,1,3,218
6,7,"AC,BV,RCL,RS",245,245,1,4,71
6,7,"AC,RCL",246,246,1,2,154
6,7,RCL,247,255,9,1,370
6,7,"RCL,RS",256,257,2,2,373
6,7,RCL,258,258,1,1,370
6,7,"RCL,RS",259,259,1,2,373
6,7,RCL,260,261,2,1,370
6,7,"RCL,RS",262,264,3,2,373
6,7,RCL,265,266,2,1,370
6,7,"RCL,RS",267,268,2,2,373
6,7,RCL,269,269,1,1,370
6,7,"RCL,RS",270,273,4,2,373
6,7,RS,274,274,1,1,376
6,7,"RCL,RS",275,275,1,2,373
6,7,none,276,279,4,0,343
6,7,RS,280,283,4,1,376
6,7,none,284,291,8,0,343
6,7,RS,292,292,1,1,376
6,7,none,293,306,14,0,343
6,7,RS,307,307,1,1,376
6,8,RS,55,55,1,1,376
6,8,none,56,59,4,0,343
6,8,RS,60,64,5,1,376
6,8,none,65,65,1,0,343
6,8,RS,66,66,1,1,376
6,8,none,67,67,1,0,343
6,8,RS,68,68,1,1,376
6,8,none,69,71,3,0,343
6,8,RS,72,72,1,1,376
6,8,PC,73,73,1,1,344
6,8,RS,74,76,3,1,376
6,8,"PC,RS",77,81,5,2,357
6,8,"PC,RP,RS",82,83,2,3,356
6,8,none,84,86,3,0,343
6,8,PC,87,87,1,1,344
6,8,"PC,RP,RS",88,89,2,3,356
6,8,PC,90,92,3,1,344
6,8,"PC,RS",93,93,1,2,357
6,8,PC,94,95,2,1,344
6,8,"PC,RS",96,96,1,2,357
6,8,PC,97,99,3,1,344
6,8,none,100,103,4,0,343
6,8,BW,104,104,1,1,220
6,8,PC,105,105,1,1,344
6,8,none,106,113,8,0,343
6,8,"BW,RCL",114,114,1,2,273
6,8,BW,115,115,1,1,220
6,8,"BW,HV,RCL",116,116,1,3,254
6,8,RCL,117,119,3,1,370
6,8,"RCL,RS",120,121,2,2,373
6,8,none,122,122,1,0,343
6,8,RS,123,123,1,1,376
6,8,"RCL,RS",124,126,3,2,373
6,8,"AC,RCL,RS",127,127,1,3,155
6,8,RCL,128,128,1,1,370
6,8,"AC,RCL",129,129,1,2,154
6,8,none,130,133,4,0,343
6,8,"AC,RCL",134,134,1,2,154
6,8,"BW,RCL",135,136,2,2,273
6,8,"BW,HV,RCL",137,137,1,3,254
6,8,"AC,BW,HV",138,138,1,3,97
6,8,"AC,BW,HV,RCL,RS",139,139,1,5,101
6,8,"AC,BV,BW,HV,RCL,RS",140,140,1,6,37
6,8,"AC,BW,HV,RCL,RS",141,141,1,5,101
6,8,"AC,RCL,RS",142,144,3,3,155
6,8,RCL,145,146,2,1,370
6,8,"AC,RCL",147,148,2,2,154
6,8,"AC,HV,RCL",149,149,1,3,145
6,8,"AC,RCL,RS",150,150,1,3,155
6,8,"AC,RCL",151,152,2,2,154
6,8,"AC,RCL,RS",153,153,1,3,155
6,8,"AC,BW,HV,RCL,RS",154,154,1,5,101
6,8,"AC,BW,RCL,RS",155,155,1,4,106
6,8,"AC,BV,HV,RCL",156,156,1,4,66
6,8,"AC,BV,BW,HV,RCL",157,157,1,5,36
6,8,"AC,BV,BW,HC,HV,RCL",158,158,1,6,26
6,8,"AC,RCL",159,160,2,2,154
6,8,"AC,HC,HV,RCL",161,161,1,4,133
6,8,"AC,BW,HV,RCL",162,162,1,4,100
6,8,"AC,BV,BW,HV,RCL",163,163,1,5,36
6,8,"BV,RCL",164,164,1,2,217
6,8,"AC,HV,RCL",165,165,1,3,145
6,8,"AC,GC,RCL",166,166,1,3,126
6,8,"AC,BV,BW,HV,RCL",167,167,1,5,36
6,8,"AC,BV,BW,GC,HC,HV,RCL",168,169,2,7,9
6,8,"AC,GC,RCL",170,171,2,3,126
6,8,"AC,GC,HC,RCL",172,173,2,4,115
6,8,"AC,RCL",174,175,2,2,154
6,8,"AC,BW,GC,HC,RCL",176,176,1,5,80
6,8,"AC,BV,BW,GC,HC,RCL",177,177,1,6,12
6,8,"AC,GC,HC,RCL",178,178,1,4,115
6,8,"AC,HC,RCL",179,183,5,3,139
6,8,"AC,GC,HC,RCL",184,186,3,4,115
6,8,"AC,HC,RCL",187,188,2,3,139
6,8,"AC,BV,BW,GC,HC,RCL",189,190,2,6,12
6,8,"AC,GC,HC,RCL",191,191,1,4,115
6,8,"AC,HC,RCL",192,193,2,3,139
6,8,"AC,RCL",194,197,4,2,154
6,8,"AC,HC,RCL",198,199,2,3,139
6,8,"AC,RCL",200,201,2,2,154
6,8,"AC,HC,RCL",202,203,2,3,139
6,8,"AC,RCL",204,205,2,2,154
6,8,"AC,HC,RCL",206,207,2,3,139
6,8,"AC,RCL",208,209,2,2,154
6,8,"AC,HC,RCL",210,210,1,3,139
6,8,"AC,RCL",211,218,8,2,154
6,8,"AC,HC,RCL",219,219,1,3,139
6,8,"AC,RCL",220,221,2,2,154
6,8,"AC,HC,RCL",222,222,1,3,139
6,8,"AC,RCL",223,230,8,2,154
6,8,"AC,HC,RCL",231,231,1,3,139
6,8,"AC,RCL",232,247,16,2,154
6,8,RCL,248,248,1,1,370
6,8,"AC,RCL",249,250,2,2,154
6,8,RCL,251,251,1,1,370
6,8,"AC,BV,BW,RCL,RS",252,253,2,5,42
6,8,"AC,RCL,RS",254,256,3,3,155
6,8,"RCL,RS",257,258,2,2,373
6,8,"BV,BW,RCL,RS",259,260,2,4,190
6,8,"RCL,RS",261,261,1,2,373
6,8,RCL,262,264,3,1,370
6,8,"RCL,RS",265,268,4,2,373
6,8,RCL,269,272,4,1,370
6,8,"RCL,RS",273,276,4,2,373
6,8,RCL,277,283,7,1,370
6,8,RS,284,284,1,1,376
6,8,"RCL,RS",285,285,1,2,373
6,8,RCL,286,287,2,1,370
6,8,none,288,288,1,0,343
6,8,RCL,289,289,1,1,370
6,9,RS,67,76,10,1,376
6,9,none,77,81,5,0,343
6,9,RS,82,82,1,1,376
6,9,"PC,RS",83,83,1,2,357
6,9,RS,84,85,2,1,376
6,9,none,86,93,8,0,343
6,9,RCL,94,94,1,1,370
6,9,none,95,98,4,0,343
6,9,PC,99,99,1,1,344
6,9,"PC,PT,RS",100,100,1,3,348
6,9,"PC,RS",101,101,1,2,357
6,9,"PC,RP,RS",102,103,2,3,356
6,9,"RP,RS",104,106,3,2,375
6,9,RP,107,107,1,1,374
6,9,RS,108,108,1,1,376
6,9,none,109,109,1,0,343
6,9,RP,110,110,1,1,374
6,9,"PC,RP,RS",111,111,1,3,356
6,9,"BW,RP,RS",112,112,1,3,278
6,9,"BW,PT,RP,RS",113,113,1,4,269
6,9,none,114,118,5,0,343
6,9,RP,119,120,2,1,374
6,9,BW,121,121,1,1,220
6,9,"RCL,RP",122,122,1,2,371
6,9,none,123,124,2,0,343
6,9,RP,125,125,1,1,374
6,9,BW,126,126,1,1,220
6,9,none,127,128,2,0,343
6,9,RP,129,131,3,1,374
6,9,none,132,132,1,0,343
6,9,RP,133,133,1,1,374
6,9,"BW,RP",134,134,1,2,277
6,9,"BW,HV,RP",135,135,1,3,258
6,9,"BW,HV",136,136,1,2,248
6,9,"AC,RCL",137,137,1,2,154
6,9,"AC,BV,BW,HV,RCL",138,139,2,5,36
6,9,"AC,BV,HV,RCL",140,140,1,4,66
6,9,"AC,BV,RCL",141,141,1,3,70
6,9,"AC,RCL",142,151,10,2,154
6,9,"AC,BV,BW,HV,RCL",152,154,3,5,36
6,9,"AC,HC,HV,RCL",155,155,1,4,133
6,9,"AC,GC,HC,HV,RCL",156,156,1,5,112
6,9,"AC,HC,RCL",157,157,1,3,139
6,9,"AC,HV,RCL",158,158,1,3,145
6,9,"AC,HC,HV,RCL",159,160,2,4,133
6,9,"AC,HC,RCL",161,162,2,3,139
6,9,"AC,BW,RCL",163,163,1,3,105
6,9,"AC,RCL",164,165,2,2,154
6,9,"AC,HV,RCL",166,167,2,3,145
6,9,"AC,BV,BW,HV,RCL",168,169,2,5,36
6,9,"AC,BV,GC,RCL",170,170,1,4,54
6,9,"AC,GC,RCL",171,171,1,3,126
6,9,"AC,BW,HV,RCL",172,172,1,4,100
6,9,"AC,HV,RCL",173,174,2,3,145
6,9,"AC,RCL",175,177,3,2,154
6,9,"AC,HC,RCL",178,178,1,3,139
6,9,"AC,RCL",179,179,1,2,154
6,9,"AC,GC,HC,HV,RCL",180,180,1,5,112
6,9,"AC,RCL",181,181,1,2,154
6,9,"AC,BW,RCL",182,182,1,3,105
6,9,"AC,RCL",183,184,2,2,154
6,9,"AC,HV,RCL",185,185,1,3,145
6,9,"AC,RCL",186,188,3,2,154
6,9,"AC,BV,GC,HC,HV,RCL",189,189,1,6,45
6,9,"AC,BV,BW,GC,RCL",190,190,1,5,19
6,9,"AC,RCL",191,192,2,2,154
6,9,"AC,HC,RCL",193,203,11,3,139
6,9,"AC,RCL",204,204,1,2,154
6,9,"AC,HC,RCL",205,206,2,3,139
6,9,"AC,RCL",207,207,1,2,154
6,9,"AC,HC,RCL",208,211,4,3,139
6,9,"AC,RCL",212,233,22,2,154
6,9,RCL,234,235,2,1,370
6,9,"BW,RCL",236,236,1,2,273
6,9,RCL,237,238,2,1,370
6,9,"BV,RCL",239,239,1,2,217
6,9,"BV,BW,RCL",240,240,1,3,189
6,9,"BV,RCL",241,241,1,2,217
6,9,RCL,242,249,8,1,370
6,9,none,250,250,1,0,343
6,9,RCL,251,255,5,1,370
6,9,none,256,257,2,0,343
6,9,RCL,258,264,7,1,370
6,9,none,265,265,1,0,343
6,9,RCL,266,266,1,1,370
6,9,"BV,BW,RCL",267,267,1,3,189
6,9,"GC,HV,RCL,RS",268,268,1,4,297
6,9,"RCL,RS",269,270,2,2,373
6,9,RCL,271,276,6,1,370
6,9,none,277,278,2,0,343
6,9,RCL,279,279,1,1,370
6,9,none,280,280,1,0,343
6,9,HV,281,281,1,1,320
6,9,none,282,282,1,0,343
6,9,HV,283,283,1,1,320
6,9,none,284,289,6,0,343
6,9,HV,290,290,1,1,320
6,9,none,291,302,12,0,343
6,9,RS,303,303,1,1,376
6,9,none,304,308,5,0,343
6,9,RS,309,310,2,1,376
6,9,none,311,313,3,0,343
6,9,RS,314,314,1,1,376
6,10,PT,59,63,5,1,358
6,10,none,64,65,2,0,343
6,10,PC,66,66,1,1,344
6,10,none,67,77,11,0,343
6,10,PC,78,78,1,1,344
6,10,"PC,PT",79,79,1,2,345
6,10,none,80,83,4,0,343
6,10,PC,84,84,1,1,344
6,10,none,85,86,2,0,343
6,10,PC,87,87,1,1,344
6,10,none,88,88,1,0,343
6,10,PC,89,93,5,1,344
6,10,PT,94,94,1,1,358
6,10,none,95,110,16,0,343
6,10,RS,111,112,2,1,376
6,10,BW,113,113,1,1,220
6,10,none,114,115,2,0,343
6,10,BW,116,116,1,1,220
6,10,"AC,BW,HV",117,117,1,3,97
6,10,"AC,BW,RCL",118,118,1,3,105
6,10,"BW,RCL",119,119,1,2,273
6,10,RCL,120,121,2,1,370
6,10,"AC,RCL",122,122,1,2,154
6,10,RCL,123,127,5,1,370
6,10,"AC,RCL",128,133,6,2,154
6,10,RCL,134,136,3,1,370
6,10,"AC,RCL",137,137,1,2,154
6,10,RCL,138,138,1,1,370
6,10,"AC,RCL",139,139,1,2,154
6,10,"AC,BW,RCL",140,140,1,3,105
6,10,"AC,RCL",141,147,7,2,154
6,10,"AC,HV,RCL",148,148,1,3,145
6,10,"AC,RCL",149,151,3,2,154
6,10,"AC,HV,RCL,RS",152,152,1,4,146
6,10,"AC,RCL,RS",153,154,2,3,155
6,10,"AC,RCL",155,155,1,2,154
6,10,RCL,156,156,1,1,370
6,10,"AC,RCL,RS",157,157,1,3,155
6,10,"AC,BW,RCL",158,158,1,3,105
6,10,"AC,RCL",159,161,3,2,154
6,10,"AC,BW,HV,RCL",162,162,1,4,100
6,10,"AC,BV,BW,HC,HV,RCL",163,163,1,6,26
6,10,"AC,HC,HV,RCL",164,164,1,4,133
6,10,"AC,BV,BW,HC,HV,RCL",165,165,1,6,26
6,10,"AC,HC,RCL",166,166,1,3,139
6,10,"AC,GC,RCL",167,167,1,3,126
6,10,"AC,GC,HC,RCL",168,168,1,4,115
6,10,"AC,GC,HV,RCL",169,169,1,4,121
6,10,"AC,RCL",170,173,4,2,154
6,10,"AC,HC,RCL",174,174,1,3,139
6,10,"AC,RCL",175,175,1,2,154
6,10,"AC,HC,RCL",176,178,3,3,139
6,10,"AC,RCL",179,180,2,2,154
6,10,"AC,BW,GC,HC,HV,RCL",181,181,1,6,77
6,10,"AC,BV,BW,GC,HC,HV,RCL",182,182,1,7,9
6,10,"AC,BV,GC,HC,HV,RCL",183,183,1,6,45
6,10,"AC,GC,HC,RCL",184,184,1,4,115
6,10,"AC,RCL",185,185,1,2,154
6,10,"AC,HC,HV,RCL",186,186,1,4,133
6,10,"AC,BW,GC,HV,RCL",187,187,1,5,83
6,10,"AC,BW,GC,HC,HV,RCL",188,188,1,6,77
6,10,"AC,GC,HC,RCL",189,190,2,4,115
6,10,"AC,RCL",191,191,1,2,154
6,10,"AC,HC,RCL",192,192,1,3,139
6,10,"AC,RCL",193,193,1,2,154
6,10,"AC,HC,RCL",194,196,3,3,139
6,10,"AC,RCL",197,197,1,2,154
6,10,"AC,HC,RCL",198,198,1,3,139
6,10,"AC,GC,HC,RCL",199,199,1,4,115
6,10,"AC,HC,RCL",200,200,1,3,139
6,10,"AC,RCL",201,201,1,2,154
6,10,"AC,HC,RCL",202,206,5,3,139
6,10,"AC,HC,HV,RCL",207,208,2,4,133
6,10,"AC,BV,GC,HV,RCL",209,209,1,5,51
6,10,"AC,BV,GC,HC,HV,RCL",210,212,3,6,45
6,10,"AC,HC,HV,RCL",213,214,2,4,133
6,10,"AC,HV,RCL",215,216,2,3,145
6,10,"AC,HC,HV,RCL",217,221,5,4,133
6,10,"AC,HC,RCL",222,223,2,3,139
6,10,"AC,RCL",224,224,1,2,154
6,10,"AC,HC,RCL",225,226,2,3,139
6,10,"AC,GC,HV,RCL",227,227,1,4,121
6,10,"AC,GC,HC,RCL",228,228,1,4,115
6,10,"AC,GC,RCL",229,229,1,3,126
6,10,"AC,HC,RCL",230,232,3,3,139
6,10,"AC,RCL",233,233,1,2,154
6,10,"AC,GC,HV,RCL",234,234,1,4,121
6,10,"AC,BV,GC,HC,HV,RCL",235,235,1,6,45
6,10,"AC,BV,HC,HV,RCL",236,236,1,5,58
6,10,"AC,HC,RCL",237,238,2,3,139
6,10,"AC,RCL",239,240,2,2,154
6,10,"AC,HC,RCL",241,241,1,3,139
6,10,"AC,RCL",242,244,3,2,154
6,10,"AC,BV,GC,HC,HV,RCL",245,245,1,6,45
6,10,"AC,BV,GC,HC,RCL",246,246,1,5,47
6,10,"AC,RCL",247,249,3,2,154
6,10,"AC,HC,RCL",250,250,1,3,139
6,10,"AC,RCL",251,257,7,2,154
6,10,RCL,258,258,1,1,370
6,10,"AC,RCL",259,259,1,2,154
6,10,RCL,260,263,4,1,370
6,10,"RCL,RS",264,264,1,2,373
6,10,RCL,265,265,1,1,370
6,10,"RCL,RS",266,266,1,2,373
6,10,RCL,267,272,6,1,370
6,10,none,273,273,1,0,343
6,10,RCL,274,275,2,1,370
6,10,none,276,284,9,0,343
6,10,RCL,285,286,2,1,370
6,10,none,287,287,1,0,343
6,10,RCL,288,288,1,1,370
6,10,none,289,295,7,0,343
6,10,RS,296,296,1,1,376
6,10,none,297,297,1,0,343
6,10,RS,298,298,1,1,376
6,10,none,299,305,7,0,343
6,10,RS,306,306,1,1,376
6,10,none,307,326,20,0,343
6,10,RS,327,327,1,1,376
6,11,RS,50,50,1,1,376
6,11,none,51,51,1,0,343
6,11,RS,52,52,1,1,376
6,11,none,53,54,2,0,343
6,11,"PC,RS",55,58,4,2,357
6,11,none,59,63,5,0,343
6,11,RS,64,64,1,1,376
6,11,none,65,70,6,0,343
6,11,RS,71,71,1,1,376
6,11,"PC,RS",72,75,4,2,357
6,11,RS,76,76,1,1,376
6,11,"PC,RP,RS",77,77,1,3,356
6,11,"PC,RS",78,78,1,2,357
6,11,"PC,RP,RS",79,79,1,3,356
6,11,"RP,RS",80,81,2,2,375
6,11,"PC,RP,RS",82,82,1,3,356
6,11,RS,83,83,1,1,376
6,11,"PC,RS",84,84,1,2,357
6,11,"RP,RS",85,86,2,2,375
6,11,RS,87,90,4,1,376
6,11,none,91,92,2,0,343
6,11,RS,93,96,4,1,376
6,11,"PC,RS",97,102,6,2,357
6,11,"BW,PC,RS",103,105,3,3,266
6,11,"PC,RP,RS",106,106,1,3,356
6,11,RS,107,110,4,1,376
6,11,none,111,111,1,0,343
6,11,RS,112,118,7,1,376
6,11,"RCL,RS",119,122,4,2,373
6,11,RCL,123,124,2,1,370
6,11,"AC,RCL,RS",125,125,1,3,155
6,11,"AC,RCL",126,126,1,2,154
6,11,"AC,RCL,RS",127,129,3,3,155
6,11,"AC,RCL",130,134,5,2,154
6,11,"AC,BW,RCL",135,135,1,3,105
6,11,"AC,BV,BW,RCL",136,136,1,4,41
6,11,"AC,BW,GC,HC,HV,RCL",137,137,1,6,77
6,11,"AC,HC,HV,RCL",138,138,1,4,133
6,11,"AC,HC,RCL",139,141,3,3,139
6,11,"AC,HV,RCL",142,142,1,3,145
6,11,"AC,BV,BW,HC,HV,RCL",143,143,1,6,26
6,11,"AC,BW,HC,HV,RCL,RS",144,144,1,6,93
6,11,"HV,RCL,RP,RS",145,145,1,4,338
6,11,"AC,GC,HV,RCL,RS",146,146,1,5,122
6,11,"AC,BV,BW,GC,HC,HV,RCL,RS",147,147,1,8,10
6,11,"AC,GC,HV,RCL",148,148,1,4,121
6,11,RS,149,149,1,1,376
6,11,"AC,RCL",150,152,3,2,154
6,11,"AC,RCL,RS",153,153,1,3,155
6,11,"AC,GC,HV,RCL",154,154,1,4,121
6,11,"AC,HC,RCL,RS",155,155,1,4,140
6,11,"AC,GC,HC,RCL",156,157,2,4,115
6,11,"AC,GC,RCL",158,158,1,3,126
6,11,"HV,RCL",159,159,1,2,337
6,11,"AC,GC,RCL",160,160,1,3,126
6,11,RCL,161,161,1,1,370
6,11,"AC,RCL",162,163,2,2,154
6,11,"AC,BW,RCL",164,164,1,3,105
6,11,"AC,BV,BW,GC,HC,RCL",165,165,1,6,12
6,11,"AC,BV,BW,GC,HC,HV,RCL",166,166,1,7,9
6,11,"AC,BV,GC,HC,HV,RCL",167,167,1,6,45
6,11,"AC,BV,BW,GC,HC,HV,RCL",168,169,2,7,9
6,11,"AC,GC,HC,HV,RCL",170,172,3,5,112
6,11,"AC,RCL",173,173,1,2,154
6,11,"AC,GC,HC,RCL",174,176,3,4,115
6,11,"AC,HC,RCL",177,177,1,3,139
6,11,"AC,RCL",178,178,1,2,154
6,11,"AC,GC,RCL",179,180,2,3,126
6,11,"AC,RCL",181,181,1,2,154
6,11,"AC,HC,RCL",182,182,1,3,139
6,11,"AC,GC,HC,RCL",183,183,1,4,115
6,11,"AC,GC,RCL",184,184,1,3,126
6,11,"AC,HC,RCL",185,185,1,3,139
6,11,"AC,GC,RCL",186,186,1,3,126
6,11,"AC,GC,HC,RCL",187,187,1,4,115
6,11,"AC,HC,RCL",188,188,1,3,139
6,11,"AC,RCL",189,191,3,2,154
6,11,"AC,GC,HC,RCL",192,198,7,4,115
6,11,"AC,HC,RCL",199,199,1,3,139
6,11,"AC,BW,GC,HC,RCL",200,200,1,5,80
6,11,"AC,BV,BW,GC,HC,RCL",201,202,2,6,12
6,11,"AC,GC,HC,RCL",203,203,1,4,115
6,11,"AC,HC,RCL",204,206,3,3,139
6,11,"AC,RCL",207,208,2,2,154
6,11,"AC,HC,RCL",209,209,1,3,139
6,11,"AC,RCL",210,210,1,2,154
6,11,"AC,HC,RCL",211,215,5,3,139
6,11,"AC,RCL",216,216,1,2,154
6,11,"AC,HC,RCL",217,221,5,3,139
6,11,"AC,RCL",222,223,2,2,154
6,11,"AC,HC,RCL",224,224,1,3,139
6,11,"AC,GC,HC,RCL",225,225,1,4,115
6,11,"AC,BV,GC,HC,RCL",226,226,1,5,47
6,11,"AC,BV,BW,GC,HC,RCL",227,227,1,6,12
6,11,"AC,GC,HC,RCL",228,228,1,4,115
6,11,"AC,HC,RCL",229,232,4,3,139
6,11,"AC,RCL",233,234,2,2,154
6,11,"AC,HC,RCL",235,235,1,3,139
6,11,"AC,RCL",236,236,1,2,154
6,11,"AC,HC,RCL",237,237,1,3,139
6,11,"AC,RCL",238,238,1,2,154
6,11,"AC,HC,RCL",239,239,1,3,139
6,11,"AC,RCL",240,240,1,2,154
6,11,"AC,HC,RCL",241,241,1,3,139
6,11,"AC,RCL",242,242,1,2,154
6,11,"HC,RCL",243,243,1,2,317
6,11,RCL,244,244,1,1,370
6,11,"AC,HC,RCL",245,249,5,3,139
6,11,"AC,GC,HC,RCL",250,250,1,4,115
6,11,"AC,RCL",251,254,4,2,154
6,11,RCL,255,255,1,1,370
6,11,"AC,RCL",256,256,1,2,154
6,11,RCL,257,257,1,1,370
6,11,"AC,RCL",258,260,3,2,154
6,11,RCL,261,262,2,1,370
6,11,"AC,RCL",263,263,1,2,154
6,11,RCL,264,270,7,1,370
6,11,none,271,271,1,0,343
6,11,RCL,272,273,2,1,370
6,11,none,274,274,1,0,343
6,11,RCL,275,276,2,1,370
6,12,RP,77,80,4,1,374
6,12,none,81,98,18,0,343
6,12,BW,99,99,1,1,220
6,12,"BV,BW",100,101,2,2,159
6,12,"BV,RCL",102,102,1,2,217
6,12,none,103,103,1,0,343
6,12,BV,104,104,1,1,158
6,12,"AC,BV,RCL",105,105,1,3,70
6,12,RCL,106,106,1,1,370
6,12,RS,107,109,3,1,376
6,12,"RCL,RS",110,110,1,2,373
6,12,"AC,RCL,RS",111,111,1,3,155
6,12,"RCL,RS",112,113,2,2,373
6,12,"AC,RCL,RS",114,114,1,3,155
6,12,"RCL,RS",115,116,2,2,373
6,12,"AC,BV,BW,RCL,RS",117,117,1,5,42
6,12,"AC,BW,RCL,RS",118,118,1,4,106
6,12,"AC,RCL,RS",119,119,1,3,155
6,12,"RCL,RS",120,120,1,2,373
6,12,"AC,RCL,RS",121,124,4,3,155
6,12,"AC,BW,RCL,RS",125,125,1,4,106
6,12,"AC,RCL,RS",126,126,1,3,155
6,12,"AC,RCL",127,127,1,2,154
6,12,"AC,BW,RCL",128,128,1,3,105
6,12,"AC,RCL",129,129,1,2,154
6,12,"AC,BW,RCL",130,130,1,3,105
6,12,"AC,BW,GC,RCL",131,131,1,4,86
6,12,"AC,BW,GC,RCL,RS",132,132,1,5,87
6,12,"AC,RCL",133,136,4,2,154
6,12,"AC,RCL,RS",137,137,1,3,155
6,12,"AC,RCL",138,142,5,2,154
6,12,"AC,BW,GC,RCL",143,143,1,4,86
6,12,"AC,BV,BW,GC,RCL",144,144,1,5,19
6,12,"AC,BV,GC,RCL",145,145,1,4,54
6,12,"AC,GC,RCL",146,148,3,3,126
6,12,"AC,GC,HC,RCL",149,149,1,4,115
6,12,"AC,BW,GC,HC,RCL",150,152,3,5,80
6,12,"AC,BW,GC,RCL",153,155,3,4,86
6,12,"AC,BW,GC,HC,HV,RCL",156,156,1,6,77
6,12,"AC,BW,GC,RCL",157,157,1,4,86
6,12,"AC,HV,RCL",158,159,2,3,145
6,12,"AC,BV,BW,GC,HV,RCL",160,162,3,6,16
6,12,"AC,RCL",163,163,1,2,154
6,12,"AC,BW,HC,RCL",164,164,1,4,96
6,12,"AC,BV,BW,GC,HC,RCL",165,165,1,6,12
6,12,"AC,BW,GC,HC,RCL",166,166,1,5,80
6,12,"AC,BW,HC,RCL",167,167,1,4,96
6,12,"AC,RCL",168,168,1,2,154
6,12,"AC,HC,RCL",169,169,1,3,139
6,12,"AC,GC,HC,RCL",170,171,2,4,115
6,12,"AC,GC,RCL",172,172,1,3,126
6,12,"AC,GC,HC,RCL",173,174,2,4,115
6,12,"AC,HC,RCL",175,175,1,3,139
6,12,"AC,RCL",176,176,1,2,154
6,12,"AC,HC,RCL",177,177,1,3,139
6,12,"AC,GC,RCL",178,178,1,3,126
6,12,"AC,BW,RCL",179,179,1,3,105
6,12,"AC,RCL",180,180,1,2,154
6,12,"AC,BW,GC,HC,RCL",181,183,3,5,80
6,12,"AC,BW,RCL",184,184,1,3,105
6,12,"AC,BW,GC,HV,RCL",185,185,1,5,83
6,12,"AC,BV,BW,GC,HV,RCL",186,186,1,6,16
6,12,"AC,BV,BW,GC,HC,HV,RCL",187,187,1,7,9
6,12,"AC,BV,GC,HC,HV,RCL",188,188,1,6,45
6,12,"AC,GC,RCL",189,189,1,3,126
6,12,"AC,RCL",190,190,1,2,154
6,12,"AC,BW",191,191,1,2,72
6,12,"AC,BW,HC,RCL",192,192,1,4,96
6,12,"AC,BV,BW,GC,HC,HV,RCL",193,193,1,7,9
6,12,"AC,GC,HC,HV,RCL",194,194,1,5,112
6,12,"AC,RCL",195,195,1,2,154
6,12,"AC,GC,HC,RCL",196,196,1,4,115
6,12,"AC,HC,HV,RCL",197,197,1,4,133
6,12,"AC,BW,HV,RCL",198,198,1,4,100
6,12,"AC,BW,GC,HC,RCL",199,199,1,5,80
6,12,"AC,HC,RCL",200,200,1,3,139
6,12,"AC,RCL",201,201,1,2,154
6,12,"AC,HC,RCL",202,207,6,3,139
6,12,"AC,RCL",208,208,1,2,154
6,12,"AC,HC,RCL",209,209,1,3,139
6,12,"AC,RCL",210,212,3,2,154
6,12,"AC,GC,RCL",213,213,1,3,126
6,12,"AC,RCL",214,215,2,2,154
6,12,"AC,BV,GC,HV,RCL",216,216,1,5,51
6,12,"AC,BV,BW,GC,HV,RCL",217,219,3,6,16
6,12,"AC,GC,HV,RCL",220,220,1,4,121
6,12,"BW,GC,HV,RCL",221,221,1,4,231
6,12,"AC,BW,HV,RCL",222,222,1,4,100
6,12,"AC,HV,RCL",223,223,1,3,145
6,12,"AC,GC,HV,RCL",224,227,4,4,121
6,12,"AC,GC,HC,HV,RCL",228,228,1,5,112
6,12,"AC,GC,HV,RCL",229,229,1,4,121
6,12,"AC,HC,HV,RCL",230,230,1,4,133
6,12,"AC,GC,HC,HV,RCL",231,231,1,5,112
6,12,"AC,GC,HV,RCL",232,232,1,4,121
6,12,"AC,GC,RCL",233,233,1,3,126
6,12,"AC,BW,GC,HC,RCL",234,234,1,5,80
6,12,"AC,GC,HC,HV,RCL",235,235,1,5,112
6,12,"AC,GC,RCL",236,236,1,3,126
6,12,"AC,RCL",237,249,13,2,154
6,12,"AC,RCL,RS",250,251,2,3,155
6,12,"AC,HC,RCL",252,252,1,3,139
6,12,"AC,RCL",253,255,3,2,154
6,12,"AC,RCL,RS",256,257,2,3,155
6,12,"RCL,RS",258,264,7,2,373
6,12,RCL,265,266,2,1,370
6,12,"RCL,RS",267,267,1,2,373
6,12,RCL,268,268,1,1,370
6,12,"RCL,RS",269,269,1,2,373
6,12,"HV,RCL,RS",270,271,2,3,339
6,12,none,272,273,2,0,343
6,12,RS,274,276,3,1,376
6,12,none,277,278,2,0,343
6,12,RS,279,283,5,1,376
6,12,none,284,284,1,0,343
6,12,RS,285,298,14,1,376
6,12,none,299,300,2,0,343
6,12,RS,301,301,1,1,376
6,12,none,302,302,1,0,343
6,12,RS,303,303,1,1,376
6,12,none,304,304,1,0,343
6,12,RS,305,308,4,1,376
6,12,none,309,314,6,0,343
6,12,RS,315,315,1,1,376
6,13,PC,35,35,1,1,344
6,13,none,36,50,15,0,343
6,13,PT,51,51,1,1,358
6,13,none,52,89,38,0,343
6,13,RS,90,90,1,1,376
6,13,none,91,93,3,0,343
6,13,RS,94,94,1,1,376
6,13,none,95,100,6,0,343
6,13,RS,101,101,1,1,376
6,13,"BW,RS",102,105,4,2,279
6,13,RS,106,107,2,1,376
6,13,"BW,RS",108,108,1,2,279
6,13,RS,109,110,2,1,376
6,13,none,111,116,6,0,343
6,13,BW,117,117,1,1,220
6,13,"AC,BW,RCL,RS",118,118,1,4,106
6,13,"BW,RCL,RS",119,119,1,3,276
6,13,RS,120,121,2,1,376
6,13,"RCL,RS",122,122,1,2,373
6,13,"HV,RCL,RS",123,123,1,3,339
6,13,"RCL,RS",124,124,1,2,373
6,13,"AC,HV,RCL,RS",125,125,1,4,146
6,13,"AC,BW,HV,RCL",126,126,1,4,100
6,13,RCL,127,128,2,1,370
6,13,"AC,RCL,RS",129,129,1,3,155
6,13,"AC,RCL",130,131,2,2,154
6,13,"AC,BW,RCL",132,132,1,3,105
6,13,"AC,BW,HV,RCL",133,133,1,4,100
6,13,"AC,BV,HV,RCL",134,134,1,4,66
6,13,"AC,RCL",135,135,1,2,154
6,13,RCL,136,136,1,1,370
6,13,"AC,RCL",137,137,1,2,154
6,13,RCL,138,138,1,1,370
6,13,"AC,RCL",139,148,10,2,154
6,13,RCL,149,150,2,1,370
6,13,"AC,RCL",151,151,1,2,154
6,13,RCL,152,152,1,1,370
6,13,"AC,RCL",153,155,3,2,154
6,13,"AC,HV,RCL,RS",156,156,1,4,146
6,13,"AC,BW,HV,RCL,RS",157,158,2,5,101
6,13,"AC,RCL,RS",159,159,1,3,155
6,13,"AC,HC,RCL,RS",160,160,1,4,140
6,13,"AC,HC,HV,RCL",161,161,1,4,133
6,13,"AC,HV,RCL",162,162,1,3,145
6,13,"AC,BW,HC,HV,RCL",163,163,1,5,92
6,13,"AC,BW,GC,HC,HV,RCL",164,164,1,6,77
6,13,"AC,GC,HC,HV,RCL",165,167,3,5,112
6,13,"AC,BW,HC,HV,RCL",168,168,1,5,92
6,13,"AC,BV,BW,GC,HC,HV,RCL",169,169,1,7,9
6,13,"AC,BV,BW,GC,HC,RCL",170,170,1,6,12
6,13,"AC,GC,HC,RCL",171,172,2,4,115
6,13,"AC,HC,RCL",173,177,5,3,139
6,13,"AC,GC,HC,RCL",178,179,2,4,115
6,13,"AC,BV,BW,GC,HC,HV,RCL",180,180,1,7,9
6,13,"AC,BV,BW,GC,HC,HV,RCL,RS",181,181,1,8,10
6,13,"AC,BV,BW,GC,HC,HV,RCL",182,182,1,7,9
6,13,"AC,GC,HC,RCL",183,183,1,4,115
6,13,"AC,GC,HC,HV,RCL",184,184,1,5,112
6,13,"AC,BV,GC,RCL",185,185,1,4,54
6,13,"AC,BV,GC,HC,HV,RCL",186,186,1,6,45
6,13,"AC,GC,HC,HV,RCL",187,187,1,5,112
6,13,"AC,GC,HC,RCL",188,188,1,4,115
6,13,"AC,GC,RCL",189,189,1,3,126
6,13,"AC,GC,HC,RCL",190,190,1,4,115
6,13,"AC,HC,RCL",191,191,1,3,139
6,13,"AC,GC,HC,RCL",192,194,3,4,115
6,13,"AC,GC,HC,RCL,RS",195,195,1,5,116
6,13,"AC,RCL",196,196,1,2,154
6,13,"AC,HC,RCL",197,207,11,3,139
6,13,"AC,RCL",208,208,1,2,154
6,13,"AC,HC,RCL",209,216,8,3,139
6,13,"HC,RCL",217,218,2,2,317
6,13,"AC,HC,RCL",219,220,2,3,139
6,13,"HC,RCL",221,222,2,2,317
6,13,"AC,HC,HV,RCL",223,223,1,4,133
6,13,"AC,BV,HC,RCL",224,225,2,4,61
6,13,"AC,HC,RCL",226,226,1,3,139
6,13,"AC,BV,HC,HV,RCL",227,227,1,5,58
6,13,"AC,HC,RCL",228,228,1,3,139
6,13,"AC,GC,HC,HV,RCL",229,229,1,5,112
6,13,"AC,GC,HC,RCL",230,230,1,4,115
6,13,"HC,RCL",231,231,1,2,317
6,13,"AC,HC,RCL",232,232,1,3,139
6,14,RS,67,67,1,1,376
6,14,none,68,71,4,0,343
6,14,RS,72,72,1,1,376
6,14,none,73,73,1,0,343
6,14,RS,74,75,2,1,376
6,14,none,76,76,1,0,343
6,14,"RP,RS",77,78,2,2,375
6,14,RS,79,79,1,1,376
6,14,"RP,RS",80,83,4,2,375
6,14,none,84,85,2,0,343
6,14,"RP,RS",86,87,2,2,375
6,14,RS,88,88,1,1,376
6,14,none,89,90,2,0,343
6,14,"RP,RS",91,94,4,2,375
6,14,RS,95,95,1,1,376
6,14,"RP,RS",96,96,1,2,375
6,14,RS,97,99,3,1,376
6,14,"RP,RS",100,100,1,2,375
6,14,RP,101,101,1,1,374
6,14,none,102,103,2,0,343
6,14,"RP,RS",104,104,1,2,375
6,14,RP,105,107,3,1,374
6,14,BW,108,108,1,1,220
6,14,none,109,117,9,0,343
6,14,"BW,RCL",118,119,2,2,273
6,14,RCL,120,121,2,1,370
6,14,none,122,126,5,0,343
6,14,RCL,127,127,1,1,370
6,14,"BW,RCL",128,128,1,2,273
6,14,"AC,BW,RCL",129,130,2,3,105
6,14,RCL,131,137,7,1,370
6,14,"BW,RCL",138,139,2,2,273
6,14,"AC,BV,BW,HC,RCL",140,140,1,5,30
6,14,"AC,BW,HC,RCL",141,141,1,4,96
6,14,"AC,RCL",142,142,1,2,154
6,14,"AC,HC,RCL",143,143,1,3,139
6,14,"AC,RCL",144,145,2,2,154
6,14,"AC,RCL,RS",146,146,1,3,155
6,14,RCL,147,147,1,1,370
6,14,"AC,RCL,RS",148,149,2,3,155
6,14,"AC,RCL",150,150,1,2,154
6,14,"AC,BW,HC,RCL",151,151,1,4,96
6,14,"AC,BV,BW,HC,RCL",152,153,2,5,30
6,14,"AC,BV,BW,RCL",154,154,1,4,41
6,14,"AC,BV,BW,GC,HV,RCL,RS",155,155,1,7,17
6,14,"AC,BV,BW,HC,HV,RCA,RCL,RS",156,156,1,8,25
6,14,"AC,BV,BW,GC,HC,HV,RCA,RCL",157,157,1,8,7
6,14,"AC,BV,GC,HC,HV,RCA,RCL",158,158,1,7,44
6,14,"AC,BW,HV,RCL",159,159,1,4,100
6,14,RCL,160,160,1,1,370
6,14,none,161,162,2,0,343
6,14,"AC,BV,BW,HV,RCA,RCL",163,163,1,6,34
6,14,"AC,BV,BW,GC,HC,HV,RCA,RCL",164,165,2,8,7
6,14,"AC,BV,BW,HV,RCA,RCL",166,166,1,6,34
6,14,"AC,GC,HV,RCA,RCL",167,169,3,5,119
6,14,"AC,GC,RCA,RCL",170,170,1,4,124
6,14,"AC,RCA,RCL",171,171,1,3,152
6,14,"AC,GC,HC,RCA,RCL",172,172,1,5,114
6,14,"AC,RCA,RCL",173,173,1,3,152
6,14,"BW,GC,HV,RCL",174,174,1,4,231
6,14,"AC,BV,BW,GC,HV,RCA,RCL",175,176,2,7,14
6,14,"AC,GC,HC,HV,RCA,RCL",177,177,1,6,110
6,14,"AC,GC,HC,HV,RCL",178,178,1,5,112
6,14,"AC,GC,HV,RCA,RCL",179,179,1,5,119
6,14,"AC,GC,HC,HV,RCA,RCL",180,180,1,6,110
6,14,"AC,GC,HV,RCA,RCL",181,181,1,5,119
6,14,"AC,BW,GC",182,182,1,3,73
6,14,"AC,BW,HC",183,184,2,3,88
6,14,"AC,BW,HC,HV,RCL",185,185,1,5,92
6,14,"AC,BW,GC,HC,HV,RCA,RCL",186,188,3,7,75
6,14,"AC,BV,BW,GC,HC,HV,RCA,RCL",189,189,1,8,7
6,14,"AC,HC,HV,RCA,RCL",190,190,1,5,130
6,14,"AC,GC,HC,HV,RCA,RCL",191,193,3,6,110
6,14,"AC,GC,HC,RCA,RCL",194,195,2,5,114
6,14,"AC,BW,GC,HC,HV,RCL",196,196,1,6,77
6,14,"AC,BW,GC,HC,HV,RCA,RCL",197,197,1,7,75
6,14,"AC,GC,HC,HV,RCA,RCL",198,198,1,6,110
6,14,"AC,GC,HC,RCA,RCL",199,199,1,5,114
6,14,"AC,HC,RCA,RCL",200,201,2,4,137
6,14,"AC,GC,HC,RCA,RCL",202,202,1,5,114
6,14,"AC,HC,RCA,RCL",203,204,2,4,137
6,14,"AC,BW,GC,HC,RCA,RCL",205,206,2,6,79
6,14,"AC,HC,HV",207,207,1,3,129
6,14,"AC,HC",208,210,3,2,128
6,14,"AC,BW,HC",211,211,1,3,88
6,14,"AC,BV,BW,HC,HV",212,212,1,5,22
6,14,"AC,BV,HC",213,213,1,3,55
6,14,"AC,HC",214,220,7,2,128
6,14,"AC,HC,RCL",221,224,4,3,139
6,14,"BW,HC,HV,RCL",225,225,1,4,242
6,14,"AC,BV,BW,HC,HV,RCL,RS",226,226,1,7,27
6,14,"AC,BV,BW,GC,HC,HV,RCA,RCL,RS",227,227,1,9,8
6,14,"AC,BV,HC,HV,RCA,RCL,RS",228,228,1,7,57
6,14,"AC,HC,RCA,RCL",229,229,1,4,137
6,14,"AC,HC,RCL",230,230,1,3,139
6,14,none,231,234,4,0,343
6,14,"AC,RCL",235,236,2,2,154
6,14,AC,237,237,1,1,1
6,14,RCL,238,239,2,1,370
6,14,none,240,244,5,0,343
6,14,AC,245,245,1,1,1
6,14,none,246,246,1,0,343
6,14,RCL,247,247,1,1,370
6,14,none,248,253,6,0,343
6,14,RS,254,254,1,1,376
6,14,none,255,255,1,0,343
6,14,RS,256,256,1,1,376
6,14,none,257,268,12,0,343
6,14,"RCL,RS",269,269,1,2,373
6,14,RS,270,270,1,1,376
6,14,none,271,274,4,0,343
6,14,"RCL,RS",275,276,2,2,373
6,14,RS,277,281,5,1,376
6,14,none,282,282,1,0,343
6,14,RS,283,286,4,1,376
6,14,none,287,287,1,0,343
6,14,RS,288,300,13,1,376
6,14,none,301,302,2,0,343
6,14,RS,303,303,1,1,376
6,14,none,304,314,11,0,343
6,14,RS,315,315,1,1,376
6,14,none,316,316,1,0,343
6,14,RS,317,317,1,1,376
6,14,none,318,320,3,0,343
6,14,RS,321,321,1,1,376
6,15,RS,95,95,1,1,376
6,15,none,96,96,1,0,343
6,15,RS,97,103,7,1,376
6,15,none,104,104,1,0,343
6,15,RP,105,105,1,1,374
6,15,RS,106,106,1,1,376
6,15,RCL,107,107,1,1,370
6,15,none,108,109,2,0,343
6,15,RS,110,110,1,1,376
6,15,none,111,115,5,0,343
6,15,"BW,RCL",116,118,3,2,273
6,15,RCL,119,123,5,1,370
6,15,"AC,BW,RCL",124,124,1,3,105
6,15,"BW,RCL,RS",125,126,2,3,276
6,15,"RCL,RS",127,129,3,2,373
6,15,"AC,BW,RCA,RCL",130,130,1,4,103
6,15,RCL,131,131,1,1,370
6,15,"AC,RCA,RCL",132,132,1,3,152
6,15,"AC,BW,HV,RCA,RCL",133,133,1,5,98
6,15,"AC,BV,BW,HV,RCL,RS",134,134,1,6,37
6,15,"AC,BV,BW,HV,RCA,RCL,RS",135,135,1,7,35
6,15,"AC,BW,HV,RCA,RCL,RS",136,136,1,6,99
6,15,"AC,RCL,RS",137,137,1,3,155
6,15,"AC,RCA,RCL",138,138,1,3,152
6,15,"AC,BV,BW,HC,HV,RCA,RCL",139,139,1,7,24
6,15,"AC,BV,BW,GC,HC,HV,RCA,RCL",140,140,1,8,7
6,15,"AC,BV,BW,HV,RCA,RCL",141,141,1,6,34
6,15,"AC,BV,BW,HC,HV,RCA,RCL",142,143,2,7,24
6,15,"AC,HV,RCA,RCL",144,144,1,4,143
6,15,"RCA,RCL",145,145,1,2,367
6,15,"AC,RCA,RCL",146,146,1,3,152
6,15,"AC,HV,RCA,RCL",147,148,2,4,143
6,15,"AC,BW,HC,HV,RCA,RCL",149,149,1,6,90
6,15,"AC,BV,BW,HC,HV,RCA,RCL",150,151,2,7,24
6,15,"AC,BV,BW,HV,RCA,RCL,RS",152,152,1,7,35
6,15,"AC,BV,BW,HC,HV,RCA,RCL,RS",153,153,1,8,25
6,15,"AC,BV,BW,GC,HC,HV,RCA,RCL,RS",154,156,3,9,8
6,15,"AC,BW,HC,HV,RCA,RCL,RS",157,157,1,7,91
6,15,"AC,BW,GC,HV,RCA,RCL,RS",158,158,1,7,82
6,15,"AC,BW,HV,RCA,RCL,RS",159,159,1,6,99
6,15,"AC,BW,GC,HC,HV,RCA,RCL,RS",160,160,1,8,76
6,15,"AC,BV,BW,GC,HC,HV,RCA,RCL,RS",161,163,3,9,8
6,15,"AC,BW,HV,RCA,RCL,RS",164,164,1,6,99
6,15,"AC,BW,GC,HV,RCA,RCL,RS",165,165,1,7,82
6,15,"AC,BW,HC,HV,RCA,RCL,RS",166,166,1,7,91
6,15,"AC,BV,BW,GC,HC,HV,RCA,RCL,RS",167,167,1,9,8
6,15,"GC,HV,RCA,RCL,RS",168,168,1,5,295
6,15,"AC,GC,HV,RCA,RCL,RS",169,169,1,6,120
6,15,"AC,BV,BW,GC,HC,HV,RCA,RCL,RS",170,170,1,9,8
6,15,"AC,BV,BW,HC,HV,RCA,RCL,RS",171,171,1,8,25
6,15,"AC,BW,HC,HV,RCA,RCL,RS",172,172,1,7,91
6,15,"AC,BV,BW,GC,HC,HV,RCA,RCL,RS",173,175,3,9,8
6,15,"AC,BW,GC,HC,HV,RCA,RCL,RS",176,176,1,8,76
6,15,"AC,BW,HC,HV,RCA,RCL,RS",177,177,1,7,91
6,15,"AC,BW,GC,HC,HV,RCA,RCL,RS",178,178,1,8,76
6,15,"AC,BW,HV,RCA,RCL,RS",179,179,1,6,99
6,15,"AC,BW,GC,HC,HV,RCA,RCL",180,184,5,7,75
6,15,"AC,BW,GC,HV,RCA,RCL",185,185,1,6,81
6,15,"AC,BW,GC,HC,HV,RCA,RCL",186,190,5,7,75
6,15,"AC,GC,HV,RCA,RCL",191,191,1,5,119
6,15,"AC,BW,GC,HC,HV,RCA,RCL",192,194,3,7,75
6,15,"AC,BW,GC,HC,HV,RCA,RCL,RS",195,195,1,8,76
6,15,"AC,BV,BW,GC,HC,HV,RCA,RCL,RS",196,197,2,9,8
6,15,"AC,BW,HC,HV,RCA,RCL,RS",198,198,1,7,91
6,15,"AC,BW,HC,HV,RCA,RCL",199,199,1,6,90
6,15,"AC,HC,RCA,RCL",200,200,1,4,137
6,15,"AC,GC,HC,HV,RCA,RCL",201,201,1,6,110
6,15,"AC,RCA,RCL",202,202,1,3,152
6,15,"AC,BW,HC,RCA,RCL",203,203,1,5,95
6,15,"AC,HC,RCA,RCL",204,204,1,4,137
6,15,"AC,BW,HC,RCA,RCL",205,205,1,5,95
6,15,"AC,BW,GC,HC,RCA,RCL",206,206,1,6,79
6,15,"AC,GC,HC,RCA,RCL",207,207,1,5,114
6,15,"AC,HC,RCA,RCL",208,212,5,4,137
6,15,"AC,GC,HC,RCA,RCL",213,214,2,5,114
6,15,"AC,HC,RCL",215,216,2,3,139
6,15,"AC,RCL",217,217,1,2,154
6,15,"AC,RCA,RCL",218,218,1,3,152
6,15,"AC,HC,RCL",219,220,2,3,139
6,15,"AC,RCL",221,223,3,2,154
6,15,"AC,HC,RCL",224,224,1,3,139
6,15,"AC,RCL",225,232,8,2,154
6,15,RCL,233,234,2,1,370
6,15,"AC,RCL",235,240,6,2,154
6,15,RCL,241,241,1,1,370
6,15,"AC,RCL",242,243,2,2,154
6,15,AC,244,244,1,1,1
6,15,"AC,RCL",245,245,1,2,154
6,15,RCL,246,246,1,1,370
6,15,"AC,RCL",247,250,4,2,154
6,15,RCL,251,257,7,1,370
6,15,"HV,RCL",258,258,1,2,337
6,15,RCL,259,260,2,1,370
6,15,"RCL,RS",261,261,1,2,373
6,15,RCL,262,264,3,1,370
6,15,"RCL,RS",265,268,4,2,373
6,15,RS,269,272,4,1,376
6,15,none,273,275,3,0,343
6,15,RS,276,276,1,1,376
6,15,none,277,280,4,0,343
6,15,RS,281,281,1,1,376
6,15,none,282,285,4,0,343
6,15,RS,286,289,4,1,376
6,15,none,290,290,1,0,343
6,15,RS,291,292,2,1,376
6,15,none,293,297,5,0,343
6,15,RS,298,298,1,1,376
6,15,none,299,300,2,0,343
6,15,RS,301,301,1,1,376
6,15,none,302,303,2,0,343
6,15,RS,304,304,1,1,376
6,15,none,305,324,20,0,343
6,15,RS,325,327,3,1,376
6,16,PT,39,39,1,1,358
6,16,none,40,40,1,0,343
6,16,PT,41,42,2,1,358
6,16,none,43,47,5,0,343
6,16,PT,48,48,1,1,358
6,16,none,49,50,2,0,343
6,16,PT,51,51,1,1,358
6,16,none,52,56,5,0,343
6,16,PT,57,57,1,1,358
6,16,none,58,75,18,0,343
6,16,RS,76,79,4,1,376
6,16,"PC,RS",80,81,2,2,357
6,16,RS,82,85,4,1,376
6,16,"PC,RS",86,87,2,2,357
6,16,RS,88,89,2,1,376
6,16,none,90,92,3,0,343
6,16,PC,93,93,1,1,344
6,16,none,94,96,3,0,343
6,16,"PC,RS",97,97,1,2,357
6,16,"PT,RP,RS",98,98,1,3,364
6,16,none,99,102,4,0,343
6,16,RS,103,103,1,1,376
6,16,none,104,117,14,0,343
6,16,RCL,118,118,1,1,370
6,16,none,119,123,5,0,343
6,16,RCL,124,127,4,1,370
6,16,"AC,BW,RCL",128,128,1,3,105
6,16,"AC,BW,HV,RCL",129,129,1,4,100
6,16,AC,130,130,1,1,1
6,16,RCL,131,132,2,1,370
6,16,"AC,RCL",133,133,1,2,154
6,16,"AC,BW",134,134,1,2,72
6,16,RCL,135,135,1,1,370
6,16,"AC,BV,BW,HV,PT,RCL",136,136,1,6,33
6,16,"AC,BV,BW,HV,RCL",137,137,1,5,36
6,16,RCL,138,138,1,1,370
6,16,"AC,RCL",139,140,2,2,154
6,16,RCL,141,141,1,1,370
6,16,"AC,RCL",142,142,1,2,154
6,16,"AC,BV,GC,RCL",143,143,1,4,54
6,16,"AC,BV,RCL",144,144,1,3,70
6,16,"AC,RCA,RCL",145,145,1,3,152
6,16,"AC,GC,RCA,RCL",146,146,1,4,124
6,16,"AC,GC,HV,RCL",147,147,1,4,121
6,16,"AC,BW,HC,HV,RCA,RCL",148,148,1,6,90
6,16,"AC,GC,RCA,RCL",149,149,1,4,124
6,16,"AC,RCL",150,150,1,2,154
6,16,"AC,RCA,RCL",151,155,5,3,152
6,16,"AC,GC,RCL",156,156,1,3,126
6,16,"AC,RCA,RCL",157,157,1,3,152
6,16,"AC,BW,GC,RCA,RCL",158,160,3,5,85
6,16,"AC,RCL",161,163,3,2,154
6,16,AC,164,164,1,1,1
6,16,"AC,BW,RCL",165,165,1,3,105
6,16,"AC,RCL",166,168,3,2,154
6,16,"AC,BW,GC,HC,RCL",169,169,1,5,80
6,16,"AC,BW,GC,HC,HV,RCL",170,170,1,6,77
6,16,"AC,GC,HC,HV,RCA,RCL",171,172,2,6,110
6,16,"AC,HV,RCL",173,173,1,3,145
6,16,"AC,BW,HC,HV",174,174,1,4,89
6,16,"AC,BW,HV,RCL",175,175,1,4,100
6,16,"AC,BV,BW,GC,HC,HV,RCL",176,176,1,7,9
6,16,"AC,BV,GC,HC,HV,RCA,RCL",177,177,1,7,44
6,16,"AC,HV,RCA,RCL",178,178,1,4,143
6,16,"AC,RCA,RCL",179,179,1,3,152
6,16,"AC,HV,RCL",180,180,1,3,145
6,16,"HV,RCL",181,182,2,2,337
6,16,"AC,BW,HV,RCL",183,184,2,4,100
6,16,"AC,HV,RCL",185,185,1,3,145
6,16,"AC,BW,GC,HV,RCA,RCL",186,187,2,6,81
6,16,"AC,GC,HV,RCA,RCL",188,188,1,5,119
6,16,"AC,GC,HV,RCL",189,189,1,4,121
6,16,"AC,GC,HV,RCA,RCL",190,191,2,5,119
6,16,"AC,BW,GC,HV,RCA,RCL",192,192,1,6,81
6,16,"AC,GC,HV,RCL",193,193,1,4,121
6,16,"AC,GC,RCA,RCL",194,194,1,4,124
6,16,"AC,HC,RCL",195,195,1,3,139
6,16,"AC,HC,HV,RCL",196,196,1,4,133
6,16,"AC,RCL",197,198,2,2,154
6,16,"AC,HC,HV,RCL",199,199,1,4,133
6,16,"AC,HC,RCL",200,200,1,3,139
6,16,AC,201,201,1,1,1
6,16,"AC,RCL",202,210,9,2,154
6,16,AC,211,212,2,1,1
6,16,"AC,RCL",213,219,7,2,154
6,16,AC,220,223,4,1,1
6,16,"AC,RCL",224,225,2,2,154
6,16,AC,226,226,1,1,1
6,16,"AC,RCL",227,227,1,2,154
6,16,AC,228,228,1,1,1
6,16,RCL,229,229,1,1,370
6,16,none,230,231,2,0,343
6,16,AC,232,233,2,1,1
6,16,"AC,HV",234,234,1,2,141
6,16,"AC,GC,RCL",235,235,1,3,126
6,16,"AC,RCL",236,241,6,2,154
6,16,AC,242,244,3,1,1
6,16,none,245,248,4,0,343
6,16,RS,249,249,1,1,376
6,16,none,250,251,2,0,343
6,16,HV,252,252,1,1,320
6,16,RCL,253,254,2,1,370
6,16,"HV,RCL",255,255,1,2,337
6,16,"GC,HV,RCL,RS",256,258,3,4,297
6,16,"HV,RCL,RS",259,263,5,3,339
6,16,RCL,264,264,1,1,370
6,16,"HV,RCL",265,265,1,2,337
6,16,"HV,RCL,RS",266,268,3,3,339
6,16,"RCL,RS",269,269,1,2,373
6,16,RCL,270,272,3,1,370
6,16,RS,273,273,1,1,376
6,16,none,274,274,1,0,343
6,16,RCL,275,275,1,1,370
6,16,none,276,281,6,0,343
6,16,RS,282,282,1,1,376
6,16,none,283,303,21,0,343
6,16,RS,304,304,1,1,376
6,16,none,305,307,3,0,343
6,16,RS,308,309,2,1,376
6,16,none,310,311,2,0,343
6,16,RS,312,312,1,1,376
6,16,none,313,314,2,0,343
6,16,RS,315,316,2,1,376
6,17,RS,44,44,1,1,376
6,17,none,45,45,1,0,343
6,17,RS,46,48,3,1,376
6,17,none,49,49,1,0,343
6,17,RS,50,51,2,1,376
6,17,none,52,76,25,0,343
6,17,RS,77,80,4,1,376
6,17,none,81,83,3,0,343
6,17,RS,84,85,2,1,376
6,17,none,86,87,2,0,343
6,17,RS,88,88,1,1,376
6,17,none,89,90,2,0,343
6,17,RS,91,94,4,1,376
6,17,none,95,95,1,0,343
6,17,RCL,96,96,1,1,370
6,17,none,97,97,1,0,343
6,17,RCL,98,98,1,1,370
6,17,none,99,102,4,0,343
6,17,RCL,103,103,1,1,370
6,17,"BW,RCL",104,105,2,2,273
6,17,"RCL,RS",106,106,1,2,373
6,17,RCL,107,113,7,1,370
6,17,"RCA,RCL",114,114,1,2,367
6,17,RCL,115,116,2,1,370
6,17,"AC,RCL",117,117,1,2,154
6,17,RCL,118,118,1,1,370
6,17,"AC,RCL",119,119,1,2,154
6,17,"RCL,RS",120,120,1,2,373
6,17,"AC,BW,RCL",121,121,1,3,105
6,17,RCL,122,122,1,1,370
6,17,"AC,RCL",123,123,1,2,154
6,17,"BW,RCL",124,124,1,2,273
6,17,"AC,BW,RCA,RCL",125,126,2,4,103
6,17,"AC,BW,HV,RCA,RCL",127,127,1,5,98
6,17,RCL,128,128,1,1,370
6,17,"AC,BW,RCA,RCL",129,129,1,4,103
6,17,"AC,BW,RCA,RCL,RS",130,130,1,5,104
6,17,"AC,BW,HV,RCA,RCL",131,131,1,5,98
6,17,"AC,RCA,RCL",132,136,5,3,152
6,17,"AC,BW,RCA,RCL",137,138,2,4,103
6,17,RCL,139,139,1,1,370
6,17,"AC,RCL",140,140,1,2,154
6,17,"AC,RCA,RCL",141,141,1,3,152
6,17,"AC,RCL",142,142,1,2,154
6,17,"AC,RCA,RCL",143,144,2,3,152
6,17,"AC,BW,HV,RCA,RCL",145,145,1,5,98
6,17,"AC,BW,RCA,RCL",146,146,1,4,103
6,17,"AC,RCA,RCL",147,153,7,3,152
6,17,"AC,BW,RCA,RCL",154,155,2,4,103
6,17,"AC,BW,HV,RCA,RCL",156,156,1,5,98
6,17,"AC,HV,RCA,RCL",157,158,2,4,143
6,17,"AC,RCA,RCL",159,163,5,3,152
6,17,"AC,HV,RCL",164,164,1,3,145
6,17,"AC,HV,RCA,RCL",165,166,2,4,143
6,17,"AC,BW,HV,RCA,RCL",167,167,1,5,98
6,17,"AC,GC,RCA,RCL",168,168,1,4,124
6,17,"AC,BW,HV,RCL",169,169,1,4,100
6,17,"AC,BV,BW,HV,RCL",170,170,1,5,36
6,17,"AC,RCA,RCL",171,171,1,3,152
6,17,"AC,BW,GC,HV,RCA,RCL",172,172,1,6,81
6,17,"AC,BV,GC,HV,RCA,RCL",173,173,1,6,49
6,17,"AC,BV,GC,HV,RCL",174,174,1,5,51
6,17,"AC,HV,RCL",175,175,1,3,145
6,17,"AC,BW,GC,HV,RCA,RCL,RS",176,177,2,7,82
6,17,"AC,GC,RCL",178,178,1,3,126
6,17,"AC,HV,RCA,RCL",179,179,1,4,143
6,17,"AC,HV,RCL",180,180,1,3,145
6,17,"AC,GC,HV,RCL",181,181,1,4,121
6,17,"AC,HV",182,182,1,2,141
6,17,"AC,HV,RCL",183,183,1,3,145
6,17,"AC,GC,HV,RCL",184,185,2,4,121
6,17,"AC,GC,RCL",186,186,1,3,126
6,17,"AC,RCL",187,187,1,2,154
6,17,"AC,GC,HV,RCL",188,188,1,4,121
6,17,"AC,HV,RCL",189,189,1,3,145
6,17,"AC,GC,HV,RCL",190,190,1,4,121
6,17,"AC,GC,RCL",191,193,3,3,126
6,17,"AC,RCL",194,199,6,2,154
6,17,"AC,HV",200,200,1,2,141
6,17,"AC,GC,RCL",201,202,2,3,126
6,17,"AC,RCL",203,215,13,2,154
6,17,RCL,216,216,1,1,370
6,17,"AC,RCL",217,217,1,2,154
6,17,RCL,218,219,2,1,370
6,17,AC,220,220,1,1,1
6,17,RCL,221,221,1,1,370
6,17,AC,222,222,1,1,1
6,17,"AC,HV,RCL",223,223,1,3,145
6,17,"GC,HV,RCL",224,224,1,3,296
6,17,"AC,GC,RCL",225,225,1,3,126
6,17,"AC,RCL",226,230,5,2,154
6,17,"AC,HV,RCL",231,231,1,3,145
6,17,"AC,BV,GC,HV,RCL",232,232,1,5,51
6,17,"BV,GC,RCL",233,233,1,3,201
6,17,"AC,GC,HC,RCL",234,234,1,4,115
6,17,"AC,RCL",235,236,2,2,154
6,17,RCL,237,238,2,1,370
6,17,"RCA,RCL",239,239,1,2,367
6,17,"AC,RCA,RCL",240,241,2,3,152
6,17,"RCA,RCL",242,242,1,2,367
6,17,"AC,RCA,RCL",243,243,1,3,152
6,17,RCL,244,244,1,1,370
6,17,"RCA,RCL",245,245,1,2,367
6,17,"HV,RCL",246,247,2,2,337
6,17,RCL,248,264,17,1,370
6,17,none,265,265,1,0,343
6,17,"HV,RS",266,267,2,2,342
6,17,"RCL,RS",268,270,3,2,373
6,17,RCL,271,272,2,1,370
6,17,none,273,275,3,0,343
6,17,RS,276,276,1,1,376
6,17,none,277,278,2,0,343
6,17,RS,279,279,1,1,376
6,17,none,280,283,4,0,343
6,17,RS,284,285,2,1,376
6,17,none,286,301,16,0,343
6,17,"RCL,RS",302,302,1,2,373
6,17,none,303,320,18,0,343
6,17,RS,321,324,4,1,376
6,18,RS,37,37,1,1,376
6,18,none,38,48,11,0,343
6,18,RS,49,49,1,1,376
6,18,none,50,95,46,0,343
6,18,RS,96,97,2,1,376
6,18,none,98,100,3,0,343
6,18,RS,101,108,8,1,376
6,18,none,109,112,4,0,343
6,18,AC,113,113,1,1,1
6,18,none,114,114,1,0,343
6,18,"BW,HV,RCL,RS",115,115,1,4,257
6,18,"RCL,RS",116,116,1,2,373
6,18,"BV,BW,HV,RCL,RS",117,118,2,5,185
6,18,"BV,BW,HV,RCL",119,119,1,4,184
6,18,"AC,RCL",120,120,1,2,154
6,18,RCL,121,123,3,1,370
6,18,none,124,124,1,0,343
6,18,RCL,125,128,4,1,370
6,18,"AC,RCL",129,129,1,2,154
6,18,"AC,BW,RCL",130,130,1,3,105
6,18,RCL,131,133,3,1,370
6,18,"AC,RCL",134,136,3,2,154
6,18,RCL,137,137,1,1,370
6,18,"AC,HV,RCL",138,138,1,3,145
6,18,RCL,139,139,1,1,370
6,18,"AC,RCL",140,140,1,2,154
6,18,"AC,BW,RCL",141,141,1,3,105
6,18,"AC,RCL",142,144,3,2,154
6,18,"AC,BW,RCL",145,147,3,3,105
6,18,"AC,BV,BW,HV,RCL",148,149,2,5,36
6,18,"AC,RCL",150,154,5,2,154
6,18,"AC,BW,RCL",155,155,1,3,105
6,18,"AC,BW,HC,RCL",156,156,1,4,96
6,18,"AC,BV,BW,HC,RCL",157,157,1,5,30
6,18,"AC,BV,BW,HV,RCL",158,158,1,5,36
6,18,"AC,BW,RCL",159,159,1,3,105
6,18,"AC,RCL",160,167,8,2,154
6,18,"AC,BV,BW,GC,RCL",168,168,1,5,19
6,18,"AC,BV,BW,GC,HV,RCL",169,169,1,6,16
6,18,"AC,BV,GC,RCL",170,170,1,4,54
6,18,"AC,GC,RCL",171,171,1,3,126
6,18,"AC,RCL",172,172,1,2,154
6,18,"AC,GC,RCL",173,173,1,3,126
6,18,"AC,BV,BW,GC,HV,RCL",174,174,1,6,16
6,18,"AC,BV,BW,GC,HC,HV,RCL",175,175,1,7,9
6,18,"AC,GC,HC,HV,RCL",176,176,1,5,112
6,18,"AC,GC,HC,RCL",177,180,4,4,115
6,18,"AC,HC,RCL",181,181,1,3,139
6,18,AC,182,182,1,1,1
6,18,"GC,HC,RCL",183,183,1,3,287
6,18,"AC,HC,RCL",184,184,1,3,139
6,18,"AC,RCL",185,188,4,2,154
6,18,"AC,HC,RCL",189,189,1,3,139
6,18,"AC,GC,RCL",190,190,1,3,126
6,18,"AC,RCL",191,191,1,2,154
6,18,AC,192,197,6,1,1
6,18,"AC,BV,BW,GC,HV,RCL",198,198,1,6,16
6,18,"AC,BV,GC,RCL",199,199,1,4,54
6,18,"AC,GC,RCL",200,201,2,3,126
6,18,"AC,HC,RCL",202,202,1,3,139
6,18,"HC,RCL",203,203,1,2,317
6,18,"AC,HC,RCL",204,205,2,3,139
6,18,RCL,206,207,2,1,370
6,18,none,208,208,1,0,343
6,18,RCL,209,209,1,1,370
6,18,none,210,210,1,0,343
6,18,RCL,211,212,2,1,370
6,18,"HC,RCL",213,213,1,2,317
6,18,RCL,214,215,2,1,370
6,18,none,216,217,2,0,343
6,18,RCL,218,219,2,1,370
6,18,none,220,223,4,0,343
6,18,RCL,224,224,1,1,370
6,18,none,225,237,13,0,343
6,18,HV,238,238,1,1,320
6,18,"BV,BW,GC,HC,HV,RCL",239,239,1,6,162
6,18,"GC,RCL",240,240,1,2,302
6,18,"AC,RCL",241,241,1,2,154
6,18,RCL,242,248,7,1,370
6,18,none,249,251,3,0,343
6,18,RCL,252,253,2,1,370
6,18,none,254,255,2,0,343
6,18,RS,256,256,1,1,376
6,18,none,257,267,11,0,343
6,18,"GC,HV,RCL",268,268,1,3,296
6,18,"HV,RCL",269,269,1,2,337
6,18,RCL,270,271,2,1,370
6,18,"GC,HV,RCL",272,272,1,3,296
6,18,"GC,RCL,RS",273,273,1,3,303
6,18,"RCL,RS",274,274,1,2,373
6,18,RCL,275,278,4,1,370
6,18,none,279,279,1,0,343
6,18,RS,280,280,1,1,376
6,18,"RCL,RS",281,281,1,2,373
6,18,"HV,RCL,RS",282,282,1,3,339
6,18,"RCL,RS",283,286,4,2,373
6,18,RCL,287,289,3,1,370
6,18,none,290,290,1,0,343
6,18,"RCL,RS",291,293,3,2,373
6,18,RCL,294,295,2,1,370
6,18,none,296,299,4,0,343
6,18,RS,300,303,4,1,376
6,18,none,304,308,5,0,343
6,18,RS,309,310,2,1,376
6,18,none,311,313,3,0,343
6,18,RS,314,322,9,1,376
6,19,RS,33,33,1,1,376
6,19,none,34,34,1,0,343
6,19,RS,35,35,1,1,376
6,19,none,36,37,2,0,343
6,19,RS,38,38,1,1,376
6,19,none,39,42,4,0,343
6,19,RS,43,44,2,1,376
6,19,none,45,47,3,0,343
6,19,RS,48,49,2,1,376
6,19,none,50,52,3,0,343
6,19,RS,53,55,3,1,376
6,19,none,56,58,3,0,343
6,19,RS,59,59,1,1,376
6,19,"RP,RS",60,60,1,2,375
6,19,RS,61,61,1,1,376
6,19,"RCL,RP,RS",62,62,1,3,372
6,19,"PC,RCL,RP,RS",63,63,1,4,353
6,19,"RCL,RS",64,64,1,2,373
6,19,RS,65,65,1,1,376
6,19,none,66,67,2,0,343
6,19,"RP,RS",68,71,4,2,375
6,19,"RCL,RP,RS",72,73,2,3,372
6,19,"RP,RS",74,74,1,2,375
6,19,RS,75,75,1,1,376
6,19,"RP,RS",76,77,2,2,375
6,19,RS,78,79,2,1,376
6,19,"RP,RS",80,80,1,2,375
6,19,"PT,RP,RS",81,81,1,3,364
6,19,"RP,RS",82,84,3,2,375
6,19,"RCL,RP,RS",85,85,1,3,372
6,19,RP,86,86,1,1,374
6,19,"RP,RS",87,88,2,2,375
6,19,none,89,91,3,0,343
6,19,RP,92,94,3,1,374
6,19,"RCL,RP,RS",95,95,1,3,372
6,19,"RCL,RP",96,97,2,2,371
6,19,RCL,98,98,1,1,370
6,19,"RCL,RP",99,100,2,2,371
6,19,RP,101,102,2,1,374
6,19,none,103,125,23,0,343
6,19,"RCL,RS",126,128,3,2,373
6,19,RCL,129,132,4,1,370
6,19,"AC,RCL",133,133,1,2,154
6,19,RCL,134,137,4,1,370
6,19,"AC,HV,RCL",138,138,1,3,145
6,19,"AC,BW,HV,RCL",139,139,1,4,100
6,19,"AC,BV,BW,HV,RCL",140,140,1,5,36
6,19,"AC,BV,BW,HV,PT,RCL",141,141,1,6,33
6,19,"AC,BV,BW,HV,RCL",142,142,1,5,36
6,19,"AC,HV,RCL",143,143,1,3,145
6,19,"AC,BV,BW,HV,RCL",144,146,3,5,36
6,19,"AC,BV,HV,RCL",147,148,2,4,66
6,19,"AC,HV,RCL,RS",149,149,1,4,146
6,19,"AC,GC,HV,RCL,RS",150,151,2,5,122
6,19,"AC,BV,BW,GC,HV,RCL,RS",152,152,1,7,17
6,19,"AC,GC,HV,RCL",153,154,2,4,121
6,19,"AC,HV,RCL",155,155,1,3,145
6,19,"AC,BW,GC,HV,RCL,RS",156,156,1,6,84
6,19,"AC,RCL,RS",157,157,1,3,155
6,19,"AC,HV,RCL,RS",158,158,1,4,146
6,19,"AC,RCL",159,159,1,2,154
6,19,"AC,BW,GC,HV,RCL",160,161,2,5,83
6,19,"AC,BV,BW,GC,HC,HV,RCL",162,162,1,7,9
6,19,"AC,BV,BW,GC,HV,RCL",163,164,2,6,16
6,19,"AC,GC,RCL",165,165,1,3,126
6,19,"AC,BW,GC,HV,RCL",166,166,1,5,83
6,19,"AC,BV,BW,GC,HV,RCL",167,167,1,6,16
6,19,"AC,GC,HV,RCL",168,168,1,4,121
6,19,"AC,BW,GC,HC,HV,RCL",169,169,1,6,77
6,19,"AC,GC,HC,HV,RCL",170,171,2,5,112
6,19,"AC,BW,GC,HV,RCL",172,173,2,5,83
6,19,"AC,GC,HV,RCL",174,176,3,4,121
6,19,"AC,BV,BW,GC,HV,RCL",177,177,1,6,16
6,19,"AC,BV,BW,GC,HV,RCL,RS",178,179,2,7,17
6,19,"AC,BW,GC,RCL",180,180,1,4,86
6,19,"AC,BW,GC,HC,HV,RCL",181,181,1,6,77
6,19,"AC,BW,GC,RCL",182,182,1,4,86
6,19,"AC,BW,HV,RCL,RS",183,183,1,5,101
6,19,"AC,BW,GC,HC,HV,RCL,RS",184,184,1,7,78
6,19,"AC,GC,HV,RCL",185,186,2,4,121
6,19,"AC,BW,GC,HV,RCL",187,187,1,5,83
6,19,"AC,GC,HV,RCL",188,188,1,4,121
6,19,"AC,RCL",189,189,1,2,154
6,19,"AC,BW,HV,RCL",190,190,1,4,100
6,19,"AC,BW,RCL",191,191,1,3,105
6,19,"AC,BW,HC,HV,RCL",192,192,1,5,92
6,19,"AC,HC,HV,RCL",193,193,1,4,133
6,19,"AC,BW,GC,HC,HV,RCL",194,194,1,6,77
6,19,"AC,BV,BW,GC,HC,HV,RCL,RS",195,195,1,8,10
6,19,"AC,BW,GC,HC,HV,RCL,RS",196,196,1,7,78
6,19,"AC,GC,HC,HV,RCL",197,199,3,5,112
6,19,"AC,HC,HV,RCL",200,200,1,4,133
6,19,"AC,GC,HC,HV,RCL",201,201,1,5,112
6,19,"AC,BW,GC,HC,HV,RCL",202,206,5,6,77
6,19,"AC,RCL",207,207,1,2,154
6,19,"AC,BW,GC,HV,RCL",208,208,1,5,83
6,19,"AC,GC,HV,RCL",209,212,4,4,121
6,19,"AC,GC,HC,HV,RCL",213,213,1,5,112
6,19,"AC,GC,HC,HV,RCA,RCL",214,214,1,6,110
6,19,"AC,HC,RCL",215,216,2,3,139
6,19,"AC,RCL",217,220,4,2,154
6,19,AC,221,221,1,1,1
6,19,"AC,RCL",222,222,1,2,154
6,19,"AC,HV,RCL",223,224,2,3,145
6,19,"AC,HV",225,225,1,2,141
6,19,"AC,RCL",226,227,2,2,154
6,19,AC,228,230,3,1,1
6,19,"AC,RCL,RS",231,231,1,3,155
6,19,"AC,RCL",232,235,4,2,154
6,19,"AC,HC,RCL",236,236,1,3,139
6,19,"AC,RCL",237,237,1,2,154
6,19,RCL,238,239,2,1,370
6,19,"AC,RCL",240,240,1,2,154
6,19,"AC,HC,HV,RCL",241,241,1,4,133
6,19,"AC,RCL",242,242,1,2,154
6,19,"AC,HV",243,243,1,2,141
6,19,"AC,HC,HV",244,244,1,3,129
6,19,"AC,HV,RS",245,245,1,3,147
6,19,AC,246,248,3,1,1
6,19,none,249,252,4,0,343
6,19,HV,253,253,1,1,320
6,19,none,254,258,5,0,343
6,19,HV,259,259,1,1,320
6,19,none,260,262,3,0,343
6,19,RS,263,263,1,1,376
6,19,none,264,266,3,0,343
6,19,"BV,GC,HV,RCL,RS",267,267,1,5,199
6,19,"GC,RCL,RS",268,268,1,3,303
6,19,"RCL,RS",269,269,1,2,373
6,19,"HV,RCL,RS",270,270,1,3,339
6,19,"RCL,RS",271,282,12,2,373
6,19,RS,283,283,1,1,376
6,19,none,284,284,1,0,343
6,19,RS,285,291,7,1,376
6,19,none,292,293,2,0,343
6,19,RS,294,294,1,1,376
6,19,none,295,298,4,0,343
6,19,RS,299,308,10,1,376
6,19,none,309,309,1,0,343
6,19,RS,310,315,6,1,376
6,19,none,316,318,3,0,343
6,19,RS,319,319,1,1,376
6,20,RS,62,62,1,1,376
6,20,none,63,67,5,0,343
6,20,RS,68,71,4,1,376
6,20,none,72,72,1,0,343
6,20,RS,73,73,1,1,376
6,20,"PT,RS",74,74,1,2,365
6,20,"RP,RS",75,75,1,2,375
6,20,none,76,76,1,0,343
6,20,"RP,RS",77,78,2,2,375
6,20,none,79,80,2,0,343
6,20,"PT,RP,RS",81,81,1,3,364
6,20,"PT,RS",82,82,1,2,365
6,20,"RP,RS",83,83,1,2,375
6,20,RP,84,87,4,1,374
6,20,"RP,RS",88,89,2,2,375
6,20,RP,90,90,1,1,374
6,20,PT,91,92,2,1,358
6,20,RP,93,94,2,1,374
6,20,"RP,RS",95,98,4,2,375
6,20,RP,99,104,6,1,374
6,20,none,105,105,1,0,343
6,20,"AC,RP,RS",106,106,1,3,156
6,20,RP,107,107,1,1,374
6,20,none,108,108,1,0,343
6,20,PT,109,109,1,1,358
6,20,"HV,PT,RS",110,110,1,3,332
6,20,RS,111,111,1,1,376
6,20,AC,112,112,1,1,1
6,20,"AC,RCL",113,114,2,2,154
6,20,RCL,115,115,1,1,370
6,20,none,116,123,8,0,343
6,20,"AC,HV,RS",124,124,1,3,147
6,20,"AC,HV,RCL,RS",125,125,1,4,146
6,20,"AC,HC,HV,RCL,RS",126,126,1,5,134
6,20,"AC,HV,PT,RCL,RS",127,127,1,5,142
6,20,"RCL,RS",128,129,2,2,373
6,20,"AC,HC,RCL,RS",130,130,1,4,140
6,20,none,131,133,3,0,343
6,20,RCL,134,134,1,1,370
6,20,"PT,RCL",135,135,1,2,360
6,20,"AC,RCL",136,136,1,2,154
6,20,"HV,PT,RS",137,137,1,3,332
6,20,"BV,BW,HC,HV,PT,RCL,RS",138,138,1,7,174
6,20,"AC,HC,HV,RCL",139,139,1,4,133
6,20,"AC,RCL",140,140,1,2,154
6,20,"AC,GC,RCL",141,141,1,3,126
6,20,"AC,GC,HV,RCL",142,142,1,4,121
6,20,"AC,RCL",143,144,2,2,154
6,20,"HC,RCL",145,145,1,2,317
6,20,"AC,GC,HC,HV,RCL",146,146,1,5,112
6,20,RCL,147,147,1,1,370
6,20,"HV,RCL",148,148,1,2,337
6,20,"AC,HC,HV,RCL",149,149,1,4,133
6,20,"AC,BW,HC,HV,RCL",150,150,1,5,92
6,20,"AC,GC,HC,HV,RCL",151,152,2,5,112
6,20,"AC,RCL",153,153,1,2,154
6,20,RCL,154,154,1,1,370
6,20,"AC,RCL",155,156,2,2,154
6,20,RCL,157,157,1,1,370
6,20,"AC,RCL",158,159,2,2,154
6,20,AC,160,161,2,1,1
6,20,"AC,RCL",162,162,1,2,154
6,20,"AC,HV",163,163,1,2,141
6,20,"AC,HV,RCL",164,164,1,3,145
6,20,"AC,BV,BW,GC,HV,RCL",165,166,2,6,16
6,20,"AC,BV,BW,GC,HC,HV,RCL",167,167,1,7,9
6,20,"AC,GC,HV,RCL",168,168,1,4,121
6,20,"AC,BV,GC,RCL",169,169,1,4,54
6,20,"AC,RCL",170,170,1,2,154
6,20,AC,171,171,1,1,1
6,20,"AC,BW,GC,HV,RCL",172,172,1,5,83
6,20,"AC,GC,HV,RCL",173,173,1,4,121
6,20,"AC,BW,GC,RCL",174,174,1,4,86
6,20,"AC,GC,RCL",175,175,1,3,126
6,20,"AC,GC,HV,RCL",176,176,1,4,121
6,20,"AC,GC,RCL",177,177,1,3,126
6,20,AC,178,178,1,1,1
6,20,"AC,HV",179,180,2,2,141
6,20,"AC,HV,RS",181,181,1,3,147
6,20,"AC,HV",182,184,3,2,141
6,20,AC,185,186,2,1,1
6,20,"AC,RCL",187,187,1,2,154
6,20,AC,188,188,1,1,1
6,20,RCL,189,189,1,1,370
6,20,none,190,190,1,0,343
6,20,"AC,HV,RCL",191,191,1,3,145
6,20,AC,192,193,2,1,1
6,20,RCL,194,195,2,1,370
6,20,none,196,198,3,0,343
6,20,HV,199,199,1,1,320
6,20,none,200,200,1,0,343
6,20,RCL,201,201,1,1,370
6,20,"AC,BW,GC,HC,HV,RCL",202,202,1,6,77
6,20,"AC,BV,GC,HC,HV,RCL",203,203,1,6,45
6,20,"AC,BV,GC,HC,RCL,RS",204,204,1,6,48
6,20,"AC,GC,RCL",205,205,1,3,126
6,20,"AC,GC,HC,RCL",206,206,1,4,115
6,20,"AC,RCL",207,208,2,2,154
6,20,AC,209,209,1,1,1
6,20,"AC,RCL",210,210,1,2,154
6,20,AC,211,211,1,1,1
6,20,"AC,RCL",212,214,3,2,154
6,20,"AC,HV",215,215,1,2,141
6,20,"AC,HV,RCL",216,216,1,3,145
6,20,"AC,GC,RCL",217,217,1,3,126
6,20,AC,218,218,1,1,1
6,20,"AC,RCL",219,219,1,2,154
6,20,AC,220,221,2,1,1
6,20,"AC,RCL",222,222,1,2,154
6,20,AC,223,224,2,1,1
6,20,none,225,227,3,0,343
6,20,"AC,RCL",228,228,1,2,154
6,20,RCL,229,229,1,1,370
6,20,none,230,230,1,0,343
6,20,AC,231,231,1,1,1
6,20,none,232,232,1,0,343
6,20,RCL,233,233,1,1,370
6,20,none,234,235,2,0,343
6,20,RCL,236,236,1,1,370
6,20,HV,237,237,1,1,320
6,20,none,238,238,1,0,343
6,20,RS,239,239,1,1,376
6,20,HV,240,240,1,1,320
6,20,none,241,243,3,0,343
6,20,HV,244,245,2,1,320
6,20,"HV,RS",246,246,1,2,342
6,20,none,247,247,1,0,343
6,20,RS,248,248,1,1,376
6,20,none,249,255,7,0,343
6,20,HV,256,256,1,1,320
6,20,"BV,GC,HV,RCL",257,257,1,4,198
6,20,RCL,258,259,2,1,370
6,20,none,260,264,5,0,343
6,20,RCL,265,265,1,1,370
6,20,none,266,267,2,0,343
6,20,RS,268,268,1,1,376
6,20,none,269,270,2,0,343
6,20,RS,271,271,1,1,376
6,20,none,272,272,1,0,343
6,20,"HV,RCL,RS",273,274,2,3,339
6,20,"HV,RS",275,275,1,2,342
6,20,"RCL,RS",276,277,2,2,373
6,20,RS,278,285,8,1,376
6,20,none,286,286,1,0,343
6,20,RS,287,288,2,1,376
6,20,none,289,289,1,0,343
6,20,RS,290,290,1,1,376
6,20,none,291,291,1,0,343
6,20,RS,292,296,5,1,376
6,20,none,297,311,15,0,343
6,20,RS,312,312,1,1,376
6,20,none,313,324,12,0,343
6,20,RS,325,325,1,1,376
6,20,none,326,339,14,0,343
6,20,RS,340,340,1,1,376
6,20,none,341,341,1,0,343
6,20,RS,342,342,1,1,376
6,20,none,343,344,2,0,343
6,20,"HV,RS",345,345,1,2,342
6,21,RS,12,12,1,1,376
6,21,none,13,15,3,0,343
6,21,RS,16,16,1,1,376
6,21,none,17,19,3,0,343
6,21,RS,20,20,1,1,376
6,21,none,21,22,2,0,343
6,21,RS,23,23,1,1,376
6,21,none,24,26,3,0,343
6,21,PT,27,27,1,1,358
6,21,RS,28,28,1,1,376
6,21,none,29,30,2,0,343
6,21,"PT,RS",31,33,3,2,365
6,21,RS,34,35,2,1,376
6,21,none,36,41,6,0,343
6,21,RS,42,42,1,1,376
6,21,none,43,44,2,0,343
6,21,RS,45,46,2,1,376
6,21,"PT,RS",47,53,7,2,365
6,21,none,54,78,25,0,343
6,21,PT,79,81,3,1,358
6,21,"PT,RS",82,85,4,2,365
6,21,RS,86,86,1,1,376
6,21,PT,87,87,1,1,358
6,21,RP,88,88,1,1,374
6,21,"PT,RP,RS",89,91,3,3,364
6,21,"PT,RP",92,93,2,2,363
6,21,"RP,RS",94,94,1,2,375
6,21,"PT,RS",95,95,1,2,365
6,21,RP,96,96,1,1,374
6,21,"PT,RP,RS",97,98,2,3,364
6,21,"PT,RP",99,99,1,2,363
6,21,PT,100,100,1,1,358
6,21,"PT,RP,RS",101,102,2,3,364
6,21,PT,103,103,1,1,358
6,21,RP,104,104,1,1,374
6,21,none,105,105,1,0,343
6,21,RP,106,107,2,1,374
6,21,PT,108,108,1,1,358
6,21,"PT,RP",109,110,2,2,363
6,21,none,111,112,2,0,343
6,21,RP,113,113,1,1,374
6,21,none,114,132,19,0,343
6,21,PT,133,133,1,1,358
6,21,none,134,134,1,0,343
6,21,RS,135,136,2,1,376
6,21,none,137,138,2,0,343
6,21,RCL,139,139,1,1,370
6,21,PT,140,140,1,1,358
6,21,RCL,141,141,1,1,370
6,21,none,142,142,1,0,343
6,21,RCL,143,143,1,1,370
6,21,HV,144,144,1,1,320
6,21,RCL,145,145,1,1,370
6,21,none,146,146,1,0,343
6,21,"HV,PT,RCL,RS",147,147,1,4,331
6,21,"HV,PT,RS",148,148,1,3,332
6,21,"BV,BW,HV,RCL,RS",149,149,1,5,185
6,21,"GC,HC,HV,RCL",150,150,1,4,284
6,21,RCL,151,151,1,1,370
6,21,"AC,GC,RCL",152,152,1,3,126
6,21,RCL,153,153,1,1,370
6,21,"AC,BV,RCL",154,155,2,3,70
6,21,"HV,PT,RCL",156,156,1,3,330
6,21,"AC,GC,HV,PT,RCL",157,157,1,5,118
6,21,"HV,RCL",158,158,1,2,337
6,21,"AC,RCL",159,159,1,2,154
6,21,"GC,RCL",160,160,1,2,302
6,21,"AC,GC,HV,RCL",161,162,2,4,121
6,21,"AC,HV,RCL",163,164,2,3,145
6,21,"AC,GC,HV,PT,RCL",165,165,1,5,118
6,21,"AC,HV,RCL",166,166,1,3,145
6,21,"AC,HV,RCL,RS",167,169,3,4,146
6,21,"AC,GC,HV,RCL,RS",170,170,1,5,122
6,21,"AC,HV,RCL",171,172,2,3,145
6,21,"AC,GC,HV,RCL",173,174,2,4,121
6,21,"AC,HV,RCL,RS",175,175,1,4,146
6,21,"AC,GC,HV,RCL,RS",176,176,1,5,122
6,21,"HV,RCL",177,177,1,2,337
6,21,"AC,GC,HV,RCL",178,178,1,4,121
6,21,"AC,HV,RCL,RS",179,180,2,4,146
6,21,"HV,RCL",181,181,1,2,337
6,21,"AC,HV,RCL",182,182,1,3,145
6,21,"HV,RCL",183,183,1,2,337
6,21,"AC,GC,HV,RCL",184,184,1,4,121
6,21,"AC,HV,RCL",185,185,1,3,145
6,21,"AC,GC,HV,RCL,RS",186,186,1,5,122
6,21,"AC,GC,HV,RCL",187,189,3,4,121
6,21,"AC,RCL",190,190,1,2,154
6,21,"AC,GC,RCL",191,191,1,3,126
6,21,"AC,RCL",192,193,2,2,154
6,21,"BW,RCL",194,194,1,2,273
6,21,"AC,RCL",195,197,3,2,154
6,21,AC,198,200,3,1,1
6,21,"AC,RCL",201,203,3,2,154
6,21,"AC,GC,RCL",204,204,1,3,126
6,21,"AC,RCL",205,205,1,2,154
6,21,RCL,206,206,1,1,370
6,21,"AC,HV,RCL",207,207,1,3,145
6,21,"AC,BW,HV,RCL",208,208,1,4,100
6,21,"AC,RCL",209,212,4,2,154
6,21,"AC,BW,HV,RCL",213,213,1,4,100
6,21,"AC,GC,HV,RCL,RS",214,214,1,5,122
6,21,"AC,BV,BW,GC,HV,RCL",215,215,1,6,16
6,21,"AC,GC,RCL",216,216,1,3,126
6,21,"AC,RCL",217,219,3,2,154
6,21,"AC,BW,HV,RCL",220,220,1,4,100
6,21,"AC,HV,RCL",221,221,1,3,145
6,21,"AC,RCL",222,222,1,2,154
6,21,"AC,GC,RCL",223,224,2,3,126
6,21,"AC,RCL",225,227,3,2,154
6,21,RCL,228,228,1,1,370
6,21,"AC,RCL",229,229,1,2,154
6,21,RCL,230,231,2,1,370
6,21,"AC,RCL,RS",232,232,1,3,155
6,21,"AC,RCL",233,235,3,2,154
6,21,none,236,236,1,0,343
6,21,RCL,237,240,4,1,370
6,21,"HV,RCL,RS",241,241,1,3,339
6,21,"HV,RCL",242,244,3,2,337
6,21,RCL,245,245,1,1,370
6,21,none,246,246,1,0,343
6,21,RS,247,247,1,1,376
6,21,none,248,248,1,0,343
6,21,RS,249,249,1,1,376
6,21,none,250,253,4,0,343
6,21,HV,254,254,1,1,320
6,21,none,255,256,2,0,343
6,21,HV,257,257,1,1,320
6,21,"HV,RCL",258,258,1,2,337
6,21,none,259,261,3,0,343
6,21,RS,262,264,3,1,376
6,21,none,265,267,3,0,343
6,21,RS,268,268,1,1,376
6,21,none,269,271,3,0,343
6,21,RS,272,272,1,1,376
6,21,none,273,277,5,0,343
6,21,RS,278,278,1,1,376
6,21,none,279,284,6,0,343
6,21,RS,285,285,1,1,376
6,21,none,286,286,1,0,343
6,21,RS,287,287,1,1,376
6,21,none,288,300,13,0,343
6,21,RS,301,303,3,1,376
6,21,none,304,308,5,0,343
6,21,RS,309,315,7,1,376
6,21,none,316,320,5,0,343
6,21,RS,321,321,1,1,376
6,21,none,322,322,1,0,343
6,21,RS,323,323,1,1,376
6,21,none,324,332,9,0,343
6,21,RS,333,333,1,1,376
6,21,none,334,344,11,0,343
6,21,RS,345,347,3,1,376
6,21,none,348,355,8,0,343
6,21,RS,356,356,1,1,376
6,22,RS,18,21,4,1,376
6,22,none,22,22,1,0,343
6,22,RS,23,23,1,1,376
6,22,PT,24,24,1,1,358
6,22,"PT,RS",25,25,1,2,365
6,22,none,26,34,9,0,343
6,22,PT,35,35,1,1,358
6,22,none,36,58,23,0,343
6,22,PT,59,59,1,1,358
6,22,none,60,72,13,0,343
6,22,PT,73,73,1,1,358
6,22,"PT,RS",74,75,2,2,365
6,22,none,76,76,1,0,343
6,22,PT,77,77,1,1,358
6,22,"PT,RS",78,80,3,2,365
6,22,none,81,87,7,0,343
6,22,PT,88,88,1,1,358
6,22,RS,89,89,1,1,376
6,22,none,90,90,1,0,343
6,22,RS,91,91,1,1,376
6,22,"PT,RS",92,92,1,2,365
6,22,none,93,95,3,0,343
6,22,PT,96,97,2,1,358
6,22,none,98,98,1,0,343
6,22,PT,99,99,1,1,358
6,22,"PT,RS",100,100,1,2,365
6,22,"PT,RP,RS",101,101,1,3,364
6,22,"PT,RS",102,103,2,2,365
6,22,PT,104,104,1,1,358
6,22,"PT,RP",105,105,1,2,363
6,22,none,106,106,1,0,343
6,22,PT,107,107,1,1,358
6,22,"PC,PT",108,108,1,2,345
6,22,"PC,PT,RS",109,109,1,3,348
6,22,"PC,RP,RS",110,111,2,3,356
6,22,"PT,RP,RS",112,112,1,3,364
6,22,RP,113,113,1,1,374
6,22,"PT,RP",114,114,1,2,363
6,22,none,115,115,1,0,343
6,22,"PT,RP,RS",116,117,2,3,364
6,22,PT,118,119,2,1,358
6,22,none,120,121,2,0,343
6,22,"HV,PT",122,122,1,2,329
6,22,RS,123,123,1,1,376
6,22,none,124,127,4,0,343
6,22,HV,128,128,1,1,320
6,22,none,129,130,2,0,343
6,22,RS,131,131,1,1,376
6,22,none,132,132,1,0,343
6,22,HV,133,133,1,1,320
6,22,none,134,136,3,0,343
6,22,RCA,137,137,1,1,366
6,22,none,138,143,6,0,343
6,22,HV,144,145,2,1,320
6,22,none,146,149,4,0,343
6,22,HV,150,150,1,1,320
6,22,none,151,152,2,0,343
6,22,GC,153,155,3,1,280
6,22,"AC,GC",156,156,1,2,107
6,22,AC,157,159,3,1,1
6,22,none,160,162,3,0,343
6,22,AC,163,163,1,1,1
6,22,none,164,166,3,0,343
6,22,AC,167,167,1,1,1
6,22,none,168,269,102,0,343
6,22,HV,270,270,1,1,320
6,23,RS,8,10,3,1,376
6,23,none,11,24,14,0,343
6,23,PT,25,25,1,1,358
6,23,"PT,RS",26,30,5,2,365
6,23,none,31,42,12,0,343
6,23,PT,43,45,3,1,358
6,23,none,46,46,1,0,343
6,23,PT,47,48,2,1,358
6,23,none,49,51,3,0,343
6,23,PT,52,52,1,1,358
6,23,none,53,53,1,0,343
6,23,PT,54,55,2,1,358
6,23,"PT,RS",56,56,1,2,365
6,23,PT,57,57,1,1,358
6,23,none,58,58,1,0,343
6,23,PT,59,59,1,1,358
6,23,RS,60,60,1,1,376
6,23,PT,61,62,2,1,358
6,23,"PT,RS",63,65,3,2,365
6,23,RS,66,66,1,1,376
6,23,"PT,RS",67,67,1,2,365
6,23,RS,68,68,1,1,376
6,23,none,69,69,1,0,343
6,23,PT,70,70,1,1,358
6,23,RS,71,71,1,1,376
6,23,PT,72,73,2,1,358
6,23,none,74,77,4,0,343
6,23,HV,78,78,1,1,320
6,23,none,79,79,1,0,343
6,23,"PT,RS",80,81,2,2,365
6,23,none,82,87,6,0,343
6,23,PT,88,90,3,1,358
6,23,RS,91,91,1,1,376
6,23,none,92,95,4,0,343
6,23,PT,96,97,2,1,358
6,23,none,98,101,4,0,343
6,23,"HV,PT",102,102,1,2,329
6,23,PT,103,103,1,1,358
6,23,none,104,105,2,0,343
6,23,RS,106,106,1,1,376
6,23,"PT,RS",107,107,1,2,365
6,23,"HV,RS",108,108,1,2,342
6,23,RS,109,109,1,1,376
6,23,none,110,110,1,0,343
6,23,RS,111,111,1,1,376
6,23,none,112,114,3,0,343
6,23,PT,115,115,1,1,358
6,23,"HV,PT",116,116,1,2,329
6,23,"PT,RS",117,117,1,2,365
6,23,RCL,118,123,6,1,370
6,23,PT,124,124,1,1,358
6,23,"HV,PT,RCL,RS",125,125,1,4,331
6,23,"RCL,RS",126,126,1,2,373
6,23,"HV,RCL,RS",127,127,1,3,339
6,23,RCL,128,130,3,1,370
6,23,"HV,PT,RCL,RS",131,131,1,4,331
6,23,"HV,RCL,RS",132,132,1,3,339
6,23,RCL,133,134,2,1,370
6,23,"PT,RCL",135,135,1,2,360
6,23,"HV,RCL",136,136,1,2,337
6,23,"HV,PT,RCL",137,137,1,3,330
6,23,"HV,PT,RCL,RS",138,138,1,4,331
6,23,"BV,HV,RCL,RS",139,139,1,4,214
6,23,RCL,140,142,3,1,370
6,23,PT,143,143,1,1,358
6,23,"PT,RCL,RS",144,144,1,3,362
6,23,"HV,RCL,RS",145,145,1,3,339
6,23,"RCL,RS",146,146,1,2,373
6,23,"HV,RCL,RS",147,147,1,3,339
6,23,RCL,148,148,1,1,370
6,23,"HV,RCL",149,150,2,2,337
6,23,"BV,BW,HV,RCL",151,151,1,4,184
6,23,"BV,BW,GC,HV,RCL",152,152,1,5,168
6,23,"BV,GC,HV,RCL,RS",153,153,1,5,199
6,23,"GC,HV,RCL,RS",154,154,1,4,297
6,23,"GC,RCL,RS",155,156,2,3,303
6,23,"PT,RCL,RS",157,157,1,3,362
6,23,"BV,GC,HV,PT,RCL,RS",158,159,2,6,195
6,23,"GC,HV,PT,RCL",160,160,1,4,293
6,23,"BV,HV,PT,RCL,RS",161,161,1,5,210
6,23,"BV,GC,HV,PT,RCL,RS",162,162,1,6,195
6,23,"BV,GC,HV,RCL,RS",163,163,1,5,199
6,23,"HV,RCL,RS",164,164,1,3,339
6,23,"BV,GC,HV,RCL,RS",165,165,1,5,199
6,23,"BV,GC,HV,RCL",166,166,1,4,198
6,23,RCL,167,172,6,1,370
6,23,none,173,173,1,0,343
6,23,RCL,174,175,2,1,370
6,23,HV,176,176,1,1,320
6,23,none,177,179,3,0,343
6,23,RCL,180,181,2,1,370
6,23,none,182,187,6,0,343
6,23,"HV,RCL",188,188,1,2,337
6,23,"GC,HV,RCL",189,189,1,3,296
6,23,GC,190,190,1,1,280
6,23,none,191,192,2,0,343
6,23,RCL,193,193,1,1,370
6,23,GC,194,194,1,1,280
6,23,none,195,195,1,0,343
6,23,HV,196,198,3,1,320
6,23,none,199,326,128,0,343
6,23,RS,327,329,3,1,376
6,23,none,330,335,6,0,343
6,23,RS,336,336,1,1,376
6,24,RS,17,17,1,1,376
6,24,none,18,19,2,0,343
6,24,RS,20,20,1,1,376
6,24,none,21,37,17,0,343
6,24,RS,38,38,1,1,376
6,24,none,39,48,10,0,343
6,24,RS,49,49,1,1,376
6,24,"PT,RS",50,55,6,2,365
6,24,RS,56,56,1,1,376
6,24,"PT,RS",57,58,2,2,365
6,24,RS,59,59,1,1,376
6,24,PT,60,61,2,1,358
6,24,RS,62,63,2,1,376
6,24,"PT,RS",64,64,1,2,365
6,24,RS,65,66,2,1,376
6,24,none,67,67,1,0,343
6,24,"PT,RS",68,69,2,2,365
6,24,RS,70,71,2,1,376
6,24,none,72,72,1,0,343
6,24,"PT,RS",73,74,2,2,365
6,24,none,75,79,5,0,343
6,24,PT,80,80,1,1,358
6,24,none,81,82,2,0,343
6,24,PT,83,85,3,1,358
6,24,none,86,86,1,0,343
6,24,PT,87,87,1,1,358
6,24,none,88,88,1,0,343
6,24,PT,89,89,1,1,358
6,24,none,90,90,1,0,343
6,24,PT,91,92,2,1,358
6,24,"PT,RS",93,93,1,2,365
6,24,RS,94,95,2,1,376
6,24,none,96,96,1,0,343
6,24,RS,97,99,3,1,376
6,24,none,100,100,1,0,343
6,24,RS,101,101,1,1,376
6,24,none,102,103,2,0,343
6,24,RS,104,105,2,1,376
6,24,none,106,106,1,0,343
6,24,RS,107,107,1,1,376
6,24,PT,108,108,1,1,358
6,24,RS,109,110,2,1,376
6,24,none,111,111,1,0,343
6,24,RS,112,115,4,1,376
6,24,none,116,117,2,0,343
6,24,"HV,RCL",118,118,1,2,337
6,24,"RCL,RS",119,119,1,2,373
6,24,RCL,120,121,2,1,370
6,24,none,122,122,1,0,343
6,24,RCL,123,124,2,1,370
6,24,"RCL,RS",125,125,1,2,373
6,24,none,126,126,1,0,343
6,24,RS,127,131,5,1,376
6,24,"HV,RS",132,132,1,2,342
6,24,"BV,HV,RS",133,135,3,3,215
6,24,"HV,RS",136,136,1,2,342
6,24,none,137,138,2,0,343
6,24,RS,139,140,2,1,376
6,24,"HV,RS",141,141,1,2,342
6,24,"BW,HV,RS",142,142,1,3,259
6,24,"BV,BW,GC,HV,RS",143,143,1,5,170
6,24,"BV,GC,HV,RS",144,144,1,4,200
6,24,none,145,145,1,0,343
6,24,"HV,RS",146,146,1,2,342
6,24,"BV,BW,GC,HV,RS",147,148,2,5,170
6,24,"BV,GC,HV,RS",149,149,1,4,200
6,24,"BV,BW,GC,HV,RS",150,150,1,5,170
6,24,"BV,BW,HV,RS",151,151,1,4,186
6,24,"BV,GC,HV,RS",152,152,1,4,200
6,24,"BV,BW,GC,HV,RS",153,153,1,5,170
6,24,"BW,GC,HV,RS",154,154,1,4,233
6,24,"BW,GC,HV",155,155,1,3,228
6,24,"GC,HV",156,157,2,2,289
6,24,"HV,RS",158,158,1,2,342
6,24,HV,159,160,2,1,320
6,24,"BV,HV,RS",161,161,1,3,215
6,24,"BV,GC,HV,RS",162,163,2,4,200
6,24,"HV,RS",164,164,1,2,342
6,24,"BV,HV,RS",165,165,1,3,215
6,24,"GC,HV,RS",166,166,1,3,298
6,24,"BV,GC,HV",167,167,1,3,194
6,24,"GC,HV",168,168,1,2,289
6,24,"GC,HV,RCL",169,173,5,3,296
6,24,"GC,RCL",174,175,2,2,302
6,24,RCL,176,176,1,1,370
6,24,"GC,HV,RCL",177,178,2,3,296
6,24,"BW,GC,HV,RCL",179,179,1,4,231
6,24,"BV,BW,GC,HV,RCL",180,180,1,5,168
6,24,"BV,BW,GC,HV,RCL,RS",181,181,1,6,169
6,24,"BW,GC,HV,RCL,RS",182,182,1,5,232
6,24,"BV,GC,HV,RCL",183,183,1,4,198
6,24,"BV,BW,GC,HV,RCL",184,185,2,5,168
6,24,"BV,BW,GC,RCL",186,186,1,4,172
6,24,"GC,RCL",187,188,2,2,302
6,24,"GC,HV,RCL",189,190,2,3,296
6,24,"BV,GC,RCL",191,191,1,3,201
6,24,"HV,RCL",192,192,1,2,337
6,24,RCL,193,193,1,1,370
6,24,"HV,RCL",194,194,1,2,337
6,24,RCL,195,198,4,1,370
6,24,none,199,211,13,0,343
6,24,RS,212,212,1,1,376
6,24,none,213,216,4,0,343
6,24,"BV,GC,HV,RCL",217,217,1,4,198
6,24,"BV,GC,HV,RCL,RS",218,218,1,5,199
6,24,"BV,GC,HV,RCL",219,219,1,4,198
6,24,RCL,220,222,3,1,370
6,24,none,223,223,1,0,343
6,24,RCL,224,224,1,1,370
6,24,none,225,225,1,0,343
6,24,RCL,226,226,1,1,370
6,24,"HV,RCL,RS",227,227,1,3,339
6,24,RCL,228,229,2,1,370
6,24,"HV,RCL",230,232,3,2,337
6,24,"GC,HV,RCL",233,233,1,3,296
6,24,"GC,HV,RCL,RS",234,236,3,4,297
6,24,"GC,HV,RCL",237,237,1,3,296
6,24,"GC,RCL,RS",238,238,1,3,303
6,24,"GC,RCL",239,239,1,2,302
6,24,RCL,240,246,7,1,370
6,24,none,247,270,24,0,343
6,24,"HV,RS",271,272,2,2,342
6,24,"GC,RS",273,273,1,2,304
6,24,RS,274,274,1,1,376
6,24,none,275,275,1,0,343
6,24,RS,276,280,5,1,376
6,24,none,281,282,2,0,343
6,24,RS,283,283,1,1,376
6,24,none,284,284,1,0,343
6,24,RS,285,285,1,1,376
6,24,none,286,295,10,0,343
6,24,RS,296,296,1,1,376
6,24,none,297,297,1,0,343
6,24,RS,298,298,1,1,376
6,24,none,299,302,4,0,343
6,24,RS,303,303,1,1,376
6,24,none,304,334,31,0,343
6,24,RS,335,339,5,1,376
7,1,PC,64,64,1,1,344
7,1,none,65,70,6,0,343
7,1,PC,71,71,1,1,344
7,1,none,72,76,5,0,343
7,1,PC,77,78,2,1,344
7,1,none,79,81,3,0,343
7,1,PC,82,82,1,1,344
7,1,none,83,83,1,0,343
7,1,PC,84,84,1,1,344
7,1,none,85,89,5,0,343
7,1,PT,90,90,1,1,358
7,1,none,91,91,1,0,343
7,1,PT,92,92,1,1,358
7,1,PC,93,93,1,1,344
7,1,none,94,97,4,0,343
7,1,RS,98,98,1,1,376
7,1,PC,99,99,1,1,344
7,1,none,100,107,8,0,343
7,1,RCL,108,108,1,1,370
7,1,none,109,116,8,0,343
7,1,PC,117,117,1,1,344
7,1,none,118,123,6,0,343
7,1,RCL,124,131,8,1,370
7,1,"BW,RCL",132,132,1,2,273
7,1,RCL,133,137,5,1,370
7,1,"BW,RCL",138,138,1,2,273
7,1,RCL,139,146,8,1,370
7,1,"BW,RCL",147,150,4,2,273
7,1,RCL,151,151,1,1,370
7,1,"BW,RCL",152,152,1,2,273
7,1,RCL,153,153,1,1,370
7,1,"BW,RCL",154,154,1,2,273
7,1,RCL,155,162,8,1,370
7,1,none,163,169,7,0,343
7,1,RCL,170,176,7,1,370
7,1,"BW,RCL",177,177,1,2,273
7,1,RCL,178,179,2,1,370
7,1,"BW,RCL",180,180,1,2,273
7,1,RCL,181,182,2,1,370
7,1,"HV,RCL",183,183,1,2,337
7,1,HV,184,185,2,1,320
7,1,"GC,HV,RCL",186,186,1,3,296
7,1,none,187,187,1,0,343
7,1,"HV,RCL",188,188,1,2,337
7,1,"GC,HV,RCL",189,189,1,3,296
7,1,"GC,RCL",190,191,2,2,302
7,1,RCL,192,192,1,1,370
7,1,"HC,HV,PC,RCL",193,193,1,4,307
7,1,"HV,PC,RCL",194,194,1,3,325
7,1,"PC,RCL",195,197,3,2,351
7,1,RCL,198,208,11,1,370
7,1,"HV,RCL",209,209,1,2,337
7,1,"GC,HV,RCL",210,211,2,3,296
7,1,RCL,212,227,16,1,370
7,1,"RCA,RCL",228,228,1,2,367
7,1,RCL,229,232,4,1,370
7,1,none,233,240,8,0,343
7,1,RCL,241,241,1,1,370
7,1,none,242,245,4,0,343
7,1,RCL,246,247,2,1,370
7,1,none,248,248,1,0,343
7,1,RCL,249,258,10,1,370
7,1,none,259,259,1,0,343
7,1,RCL,260,263,4,1,370
7,1,none,264,268,5,0,343
7,1,RCL,269,273,5,1,370
7,1,none,274,274,1,0,343
7,1,RCL,275,275,1,1,370
7,1,none,276,339,64,0,343
7,1,RS,340,340,1,1,376
7,2,"PC,RS",71,71,1,2,357
7,2,none,72,77,6,0,343
7,2,"PC,RS",78,78,1,2,357
7,2,none,79,91,13,0,343
7,2,PC,92,92,1,1,344
7,2,none,93,98,6,0,343
7,2,"PC,RS",99,99,1,2,357
7,2,none,100,105,6,0,343
7,2,RS,106,106,1,1,376
7,2,none,107,107,1,0,343
7,2,RCL,108,108,1,1,370
7,2,none,109,109,1,0,343
7,2,RCL,110,110,1,1,370
7,2,none,111,111,1,0,343
7,2,RCL,112,112,1,1,370
7,2,none,113,113,1,0,343
7,2,RCL,114,130,17,1,370
7,2,"RCA,RCL",131,133,3,2,367
7,2,RCL,134,134,1,1,370
7,2,"RCA,RCL",135,135,1,2,367
7,2,RCL,136,143,8,1,370
7,2,"BW,RCL",144,144,1,2,273
7,2,"BW,RCA,RCL",145,145,1,3,271
7,2,"BV,BW,RCL",146,147,2,3,189
7,2,RCL,148,151,4,1,370
7,2,"BW,RCL",152,153,2,2,273
7,2,RCL,154,162,9,1,370
7,2,"BW,RCL",163,163,1,2,273
7,2,RCL,164,164,1,1,370
7,2,none,165,165,1,0,343
7,2,RCL,166,169,4,1,370
7,2,"RCA,RCL",170,170,1,2,367
7,2,"BW,RCL",171,171,1,2,273
7,2,"BV,BW,HV,RCA,RCL",172,172,1,5,182
7,2,RCL,173,174,2,1,370
7,2,"BW,RCA,RCL",175,176,2,3,271
7,2,"RCA,RCL",177,178,2,2,367
7,2,"BW,RCA,RCL",179,179,1,3,271
7,2,"RCA,RCL",180,180,1,2,367
7,2,"GC,RCA,RCL",181,181,1,3,300
7,2,"RCA,RCL",182,182,1,2,367
7,2,RCL,183,188,6,1,370
7,2,"RCA,RCL",189,192,4,2,367
7,2,RCL,193,193,1,1,370
7,2,"RCA,RCL",194,194,1,2,367
7,2,"BW,RCL",195,196,2,2,273
7,2,RCL,197,209,13,1,370
7,2,none,210,217,8,0,343
7,2,RCL,218,223,6,1,370
7,2,"HV,RCL",224,224,1,2,337
7,2,"GC,HV,RCL",225,225,1,3,296
7,2,"GC,RCL",226,226,1,2,302
7,2,RCL,227,227,1,1,370
7,2,"RCA,RCL",228,228,1,2,367
7,2,RCL,229,237,9,1,370
7,2,none,238,238,1,0,343
7,2,RCL,239,262,24,1,370
7,2,none,263,263,1,0,343
7,2,RCL,264,264,1,1,370
7,2,none,265,265,1,0,343
7,2,RCL,266,266,1,1,370
7,2,none,267,267,1,0,343
7,2,RCL,268,268,1,1,370
7,2,none,269,269,1,0,343
7,2,RCL,270,270,1,1,370
7,3,RS,48,48,1,1,376
7,3,none,49,57,9,0,343
7,3,RS,58,58,1,1,376
7,3,PC,59,60,2,1,344
7,3,none,61,66,6,0,343
7,3,PC,67,69,3,1,344
7,3,"PC,RS",70,70,1,2,357
7,3,PC,71,71,1,1,344
7,3,"PC,RS",72,73,2,2,357
7,3,RS,74,75,2,1,376
7,3,"PC,RS",76,77,2,2,357
7,3,none,78,78,1,0,343
7,3,PC,79,79,1,1,344
7,3,none,80,92,13,0,343
7,3,RS,93,93,1,1,376
7,3,none,94,111,18,0,343
7,3,RCA,112,112,1,1,366
7,3,RS,113,113,1,1,376
7,3,none,114,116,3,0,343
7,3,RCL,117,117,1,1,370
7,3,none,118,118,1,0,343
7,3,RCL,119,119,1,1,370
7,3,"RCA,RCL,RS",120,120,1,3,368
7,3,"RCL,RS",121,121,1,2,373
7,3,RCL,122,122,1,1,370
7,3,"HV,RCL,RS",123,123,1,3,339
7,3,"RCL,RS",124,127,4,2,373
7,3,"RCA,RCL,RS",128,130,3,3,368
7,3,"BW,RCA,RCL,RS",131,131,1,4,272
7,3,"RCA,RCL,RS",132,133,2,3,368
7,3,"RCA,RCL",134,134,1,2,367
7,3,"RCA,RCL,RS",135,136,2,3,368
7,3,"RCA,RCL",137,138,2,2,367
7,3,RCL,139,140,2,1,370
7,3,"RCA,RCL",141,143,3,2,367
7,3,"BW,RCA,RCL",144,144,1,3,271
7,3,"BW,RCL",145,145,1,2,273
7,3,"RCA,RCL",146,146,1,2,367
7,3,RCL,147,148,2,1,370
7,3,"RCA,RCL",149,149,1,2,367
7,3,RCL,150,152,3,1,370
7,3,"HV,RCL",153,153,1,2,337
7,3,RCL,154,154,1,1,370
7,3,"RCA,RCL",155,155,1,2,367
7,3,RCL,156,158,3,1,370
7,3,"RCA,RCL",159,161,3,2,367
7,3,"BW,RCA,RCL",162,162,1,3,271
7,3,"RCA,RCL",163,164,2,2,367
7,3,"BW,RCA,RCL",165,166,2,3,271
7,3,"RCA,RCL",167,169,3,2,367
7,3,RCL,170,170,1,1,370
7,3,"BW,RCL",171,171,1,2,273
7,3,RCL,172,173,2,1,370
7,3,"RCA,RCL",174,178,5,2,367
7,3,RCL,179,186,8,1,370
7,3,"BW,RCL",187,188,2,2,273
7,3,"BW,RCA,RCL",189,189,1,3,271
7,3,"RCA,RCL",190,192,3,2,367
7,3,"BW,RCA,RCL",193,193,1,3,271
7,3,"BW,HV,RCA,RCL",194,195,2,4,252
7,3,"HV,RCA,RCL",196,197,2,3,334
7,3,"HV,RCL",198,198,1,2,337
7,3,"HV,RCA,RCL",199,200,2,3,334
7,3,RCL,201,201,1,1,370
7,3,"GC,RCA,RCL",202,204,3,3,300
7,3,"RCA,RCL",205,206,2,2,367
7,3,RCL,207,209,3,1,370
7,3,"RCA,RCL",210,210,1,2,367
7,3,RCL,211,225,15,1,370
7,3,none,226,226,1,0,343
7,3,RCL,227,241,15,1,370
7,3,none,242,242,1,0,343
7,3,RCL,243,264,22,1,370
7,3,none,265,270,6,0,343
7,3,"GC,RCL",271,271,1,2,302
7,3,none,272,272,1,0,343
7,3,RCL,273,273,1,1,370
7,3,RS,274,274,1,1,376
7,4,RS,2,2,1,1,376
7,4,none,3,41,39,0,343
7,4,PC,42,42,1,1,344
7,4,none,43,72,30,0,343
7,4,RS,73,82,10,1,376
7,4,none,83,83,1,0,343
7,4,RS,84,85,2,1,376
7,4,PC,86,86,1,1,344
7,4,RS,87,90,4,1,376
7,4,none,91,91,1,0,343
7,4,PC,92,92,1,1,344
7,4,none,93,100,8,0,343
7,4,RS,101,101,1,1,376
7,4,PC,102,103,2,1,344
7,4,RCL,104,111,8,1,370
7,4,"RCA,RCL",112,112,1,2,367
7,4,RCL,113,114,2,1,370
7,4,"RCA,RCL",115,116,2,2,367
7,4,RCL,117,118,2,1,370
7,4,"RCA,RCL",119,122,4,2,367
7,4,RCL,123,126,4,1,370
7,4,"RCA,RCL",127,127,1,2,367
7,4,RCL,128,159,32,1,370
7,4,"GC,RCL",160,160,1,2,302
7,4,RCL,161,166,6,1,370
7,4,"GC,RCL",167,167,1,2,302
7,4,RCL,168,187,20,1,370
7,4,"GC,HV,RCL",188,189,2,3,296
7,4,RCL,190,258,69,1,370
7,4,none,259,259,1,0,343
7,4,RCL,260,260,1,1,370
7,4,"RCL,RS",261,261,1,2,373
7,4,RCL,262,264,3,1,370
7,4,"RCL,RS",265,265,1,2,373
7,4,RCL,266,271,6,1,370
7,4,none,272,295,24,0,343
7,4,RCL,296,296,1,1,370
7,4,none,297,318,22,0,343
7,4,RS,319,319,1,1,376
7,4,none,320,324,5,0,343
7,4,RCA,325,325,1,1,366
7,4,RS,326,326,1,1,376
7,4,none,327,327,1,0,343
7,4,RS,328,328,1,1,376
7,4,none,329,338,10,0,343
7,4,RS,339,341,3,1,376
7,4,none,342,347,6,0,343
7,4,RS,348,348,1,1,376
7,4,none,349,350,2,0,343
7,4,RS,351,351,1,1,376
7,4,none,352,361,10,0,343
7,4,RS,362,365,4,1,376
7,5,PC,3,3,1,1,344
7,5,none,4,25,22,0,343
7,5,PC,26,28,3,1,344
7,5,none,29,37,9,0,343
7,5,RCL,38,38,1,1,370
7,5,PC,39,39,1,1,344
7,5,none,40,58,19,0,343
7,5,PC,59,59,1,1,344
7,5,none,60,62,3,0,343
7,5,RS,63,63,1,1,376
7,5,PC,64,64,1,1,344
7,5,"PC,RS",65,65,1,2,357
7,5,"PC,PT,RS",66,66,1,3,348
7,5,PC,67,67,1,1,344
7,5,none,68,68,1,0,343
7,5,PC,69,70,2,1,344
7,5,none,71,71,1,0,343
7,5,PC,72,73,2,1,344
7,5,RS,74,75,2,1,376
7,5,none,76,76,1,0,343
7,5,"PC,RS",77,78,2,2,357
7,5,RS,79,79,1,1,376
7,5,"PC,RS",80,80,1,2,357
7,5,"PC,RCL,RS",81,81,1,3,354
7,5,PC,82,82,1,1,344
7,5,RS,83,83,1,1,376
7,5,PC,84,85,2,1,344
7,5,RS,86,86,1,1,376
7,5,none,87,88,2,0,343
7,5,PC,89,90,2,1,344
7,5,"PC,RS",91,92,2,2,357
7,5,PC,93,94,2,1,344
7,5,none,95,129,35,0,343
7,5,RCL,130,139,10,1,370
7,5,"RCA,RCL",140,140,1,2,367
7,5,RCL,141,153,13,1,370
7,5,"HV,RCL",154,154,1,2,337
7,5,RCL,155,155,1,1,370
7,5,"HV,RCL",156,156,1,2,337
7,5,RCL,157,173,17,1,370
7,5,"RCA,RCL",174,174,1,2,367
7,5,RCL,175,177,3,1,370
7,5,"RCA,RCL",178,178,1,2,367
7,5,RCL,179,182,4,1,370
7,5,"RCA,RCL",183,183,1,2,367
7,5,RCL,184,186,3,1,370
7,5,"RCA,RCL",187,187,1,2,367
7,5,RCL,188,259,72,1,370
7,5,none,260,260,1,0,343
7,5,RCL,261,263,3,1,370
7,5,"RCL,RS",264,264,1,2,373
7,5,RCL,265,267,3,1,370
7,5,none,268,269,2,0,343
7,5,RCL,270,270,1,1,370
7,5,none,271,271,1,0,343
7,5,RS,272,272,1,1,376
7,5,none,273,282,10,0,343
7,5,RS,283,283,1,1,376
7,5,none,284,286,3,0,343
7,5,RS,287,287,1,1,376
7,5,none,288,295,8,0,343
7,5,RS,296,296,1,1,376
7,5,none,297,337,41,0,343
7,5,RS,338,338,1,1,376
7,5,none,339,339,1,0,343
7,5,RS,340,340,1,1,376
7,5,none,341,343,3,0,343
7,5,RS,344,344,1,1,376
7,6,RS,57,58,2,1,376
7,6,none,59,60,2,0,343
7,6,RS,61,61,1,1,376
7,6,none,62,62,1,0,343
7,6,RS,63,63,1,1,376
7,6,none,64,65,2,0,343
7,6,RS,66,66,1,1,376
7,6,none,67,87,21,0,343
7,6,RS,88,88,1,1,376
7,6,none,89,97,9,0,343
7,6,RS,98,98,1,1,376
7,6,none,99,114,16,0,343
7,6,PC,115,115,1,1,344
7,6,none,116,117,2,0,343
7,6,"PC,RS",118,118,1,2,357
7,6,none,119,120,2,0,343
7,6,RCL,121,123,3,1,370
7,6,none,124,127,4,0,343
7,6,RCL,128,136,9,1,370
7,6,"AC,RCL",137,137,1,2,154
7,6,"RCA,RCL",138,138,1,2,367
7,6,"AC,RCL",139,141,3,2,154
7,6,RCL,142,142,1,1,370
7,6,"AC,RCL",143,143,1,2,154
7,6,RCL,144,146,3,1,370
7,6,"AC,RCL",147,147,1,2,154
7,6,RCL,148,148,1,1,370
7,6,"AC,RCA,RCL",149,149,1,3,152
7,6,"AC,RCL",150,151,2,2,154
7,6,"RCA,RCL",152,152,1,2,367
7,6,"AC,RCL",153,153,1,2,154
7,6,RCL,154,154,1,1,370
7,6,"AC,RCL",155,157,3,2,154
7,6,RCL,158,158,1,1,370
7,6,"AC,RCL",159,159,1,2,154
7,6,"AC,RCA,RCL",160,160,1,3,152
7,6,none,161,161,1,0,343
7,6,"AC,RCL",162,169,8,2,154
7,6,"AC,RCA,RCL",170,170,1,3,152
7,6,"AC,RCL",171,178,8,2,154
7,6,none,179,179,1,0,343
7,6,"AC,RCA,RCL",180,180,1,3,152
7,6,"AC,RCL",181,197,17,2,154
7,6,"AC,PC,RCL",198,198,1,3,148
7,6,"AC,GC,RCL",199,201,3,3,126
7,6,"AC,RCL",202,208,7,2,154
7,6,AC,209,209,1,1,1
7,6,none,210,210,1,0,343
7,6,"AC,RCL",211,220,10,2,154
7,6,RCL,221,221,1,1,370
7,6,"AC,RCL",222,224,3,2,154
7,6,none,225,225,1,0,343
7,6,"AC,RCL",226,229,4,2,154
7,6,RCL,230,230,1,1,370
7,6,"AC,RCL",231,231,1,2,154
7,6,none,232,232,1,0,343
7,6,RCL,233,233,1,1,370
7,6,none,234,234,1,0,343
7,6,"AC,RCL",235,239,5,2,154
7,6,"AC,RCA,RCL",240,240,1,3,152
7,6,"AC,RCL",241,243,3,2,154
7,6,RCL,244,246,3,1,370
7,6,"AC,RCA,RCL",247,247,1,3,152
7,6,"AC,RCL",248,249,2,2,154
7,6,RCL,250,250,1,1,370
7,6,"AC,RCL",251,253,3,2,154
7,6,RCL,254,260,7,1,370
7,6,none,261,261,1,0,343
7,6,RCL,262,264,3,1,370
7,6,none,265,265,1,0,343
7,6,RCL,266,271,6,1,370
7,6,none,272,272,1,0,343
7,6,RCL,273,274,2,1,370
7,6,none,275,279,5,0,343
7,6,RCL,280,280,1,1,370
7,6,none,281,287,7,0,343
7,6,RS,288,297,10,1,376
7,6,none,298,299,2,0,343
7,6,RS,300,300,1,1,376
7,6,none,301,304,4,0,343
7,6,RCL,305,305,1,1,370
7,7,PC,79,86,8,1,344
7,7,none,87,87,1,0,343
7,7,PC,88,88,1,1,344
7,7,none,89,90,2,0,343
7,7,PC,91,97,7,1,344
7,7,"PC,RS",98,98,1,2,357
7,7,PC,99,100,2,1,344
7,7,"PC,RCL",101,101,1,2,351
7,7,PC,102,102,1,1,344
7,7,"PC,RCL",103,112,10,2,351
7,7,RCL,113,113,1,1,370
7,7,"PC,RCL",114,114,1,2,351
7,7,RCL,115,123,9,1,370
7,7,none,124,126,3,0,343
7,7,RCL,127,131,5,1,370
7,7,none,132,132,1,0,343
7,7,RCL,133,137,5,1,370
7,7,"AC,RCL",138,138,1,2,154
7,7,RCL,139,139,1,1,370
7,7,"AC,RCL",140,140,1,2,154
7,7,RCL,141,145,5,1,370
7,7,"AC,RCL",146,147,2,2,154
7,7,RCL,148,150,3,1,370
7,7,"AC,RCL",151,155,5,2,154
7,7,RCL,156,157,2,1,370
7,7,"AC,RCL",158,164,7,2,154
7,7,RCL,165,165,1,1,370
7,7,"AC,RCL",166,166,1,2,154
7,7,RCL,167,167,1,1,370
7,7,"BW,RCL",168,168,1,2,273
7,7,"AC,RCL",169,169,1,2,154
7,7,"AC,BW,RCL",170,170,1,3,105
7,7,"AC,BW,GC,RCL",171,172,2,4,86
7,7,"AC,RCL",173,173,1,2,154
7,7,"AC,BW,GC,RCL",174,174,1,4,86
7,7,"AC,RCL",175,176,2,2,154
7,7,RCL,177,177,1,1,370
7,7,"AC,GC,RCL",178,180,3,3,126
7,7,"AC,RCL",181,184,4,2,154
7,7,"AC,GC,RCL",185,186,2,3,126
7,7,"AC,RCL",187,193,7,2,154
7,7,"AC,HV,RCL",194,194,1,3,145
7,7,"AC,GC,HV,RCL",195,195,1,4,121
7,7,"AC,GC,RCL",196,198,3,3,126
7,7,"AC,RCL",199,211,13,2,154
7,7,RCL,212,247,36,1,370
7,7,"AC,RCL",248,252,5,2,154
7,7,"AC,HC,RCL",253,253,1,3,139
7,7,RCL,254,260,7,1,370
7,7,none,261,267,7,0,343
7,7,RS,268,268,1,1,376
7,7,none,269,282,14,0,343
7,7,RS,283,283,1,1,376
7,7,none,284,294,11,0,343
7,7,RS,295,295,1,1,376
7,7,none,296,303,8,0,343
7,7,RS,304,304,1,1,376
7,7,none,305,306,2,0,343
7,7,RS,307,309,3,1,376
7,8,RS,55,55,1,1,376
7,8,none,56,59,4,0,343
7,8,RS,60,60,1,1,376
7,8,"PC,RS",61,61,1,2,357
7,8,RS,62,68,7,1,376
7,8,"PC,RS",69,69,1,2,357
7,8,RS,70,70,1,1,376
7,8,none,71,72,2,0,343
7,8,"PC,RS",73,73,1,2,357
7,8,RS,74,79,6,1,376
7,8,none,80,80,1,0,343
7,8,RS,81,83,3,1,376
7,8,none,84,85,2,0,343
7,8,"PC,RS",86,88,3,2,357
7,8,"RCL,RS",89,89,1,2,373
7,8,none,90,91,2,0,343
7,8,RS,92,92,1,1,376
7,8,none,93,95,3,0,343
7,8,"PC,RS",96,97,2,2,357
7,8,PC,98,98,1,1,344
7,8,"PC,RS",99,99,1,2,357
7,8,PC,100,103,4,1,344
7,8,"PC,RCL",104,105,2,2,351
7,8,RCL,106,106,1,1,370
7,8,PC,107,107,1,1,344
7,8,none,108,111,4,0,343
7,8,RCL,112,137,26,1,370
7,8,"BW,RCL",138,138,1,2,273
7,8,"BV,BW,RCL",139,140,2,3,189
7,8,RCL,141,145,5,1,370
7,8,none,146,146,1,0,343
7,8,RCL,147,156,10,1,370
7,8,"AC,BW,RCL",157,157,1,3,105
7,8,RCL,158,161,4,1,370
7,8,AC,162,162,1,1,1
7,8,RCL,163,165,3,1,370
7,8,"BW,RCL",166,166,1,2,273
7,8,"BV,BW,RCL",167,167,1,3,189
7,8,"BV,BW,HV,RCL",168,168,1,4,184
7,8,"AC,RCL",169,169,1,2,154
7,8,RCL,170,170,1,1,370
7,8,"AC,RCL",171,172,2,2,154
7,8,RCL,173,175,3,1,370
7,8,"AC,BW,RCL",176,176,1,3,105
7,8,"AC,RCL",177,178,2,2,154
7,8,RCL,179,181,3,1,370
7,8,"AC,RCL",182,184,3,2,154
7,8,RCL,185,186,2,1,370
7,8,"AC,RCL",187,188,2,2,154
7,8,"AC,BW,RCL",189,189,1,3,105
7,8,"BW,RCL",190,190,1,2,273
7,8,"AC,RCL",191,195,5,2,154
7,8,RCL,196,196,1,1,370
7,8,"AC,RCL",197,197,1,2,154
7,8,RCL,198,198,1,1,370
7,8,"AC,RCL",199,202,4,2,154
7,8,RCL,203,218,16,1,370
7,8,"AC,RCL",219,219,1,2,154
7,8,RCL,220,257,38,1,370
7,8,"HV,RCL",258,258,1,2,337
7,8,"RCL,RS",259,260,2,2,373
7,8,"AC,RCL",261,261,1,2,154
7,8,RCL,262,271,10,1,370
7,9,RS,66,66,1,1,376
7,9,none,67,67,1,0,343
7,9,RS,68,78,11,1,376
7,9,none,79,81,3,0,343
7,9,RS,82,85,4,1,376
7,9,none,86,88,3,0,343
7,9,RS,89,96,8,1,376
7,9,none,97,97,1,0,343
7,9,RS,98,98,1,1,376
7,9,"PC,RS",99,103,5,2,357
7,9,"RP,RS",104,104,1,2,375
7,9,RS,105,107,3,1,376
7,9,none,108,108,1,0,343
7,9,BW,109,109,1,1,220
7,9,RS,110,112,3,1,376
7,9,none,113,125,13,0,343
7,9,RCL,126,127,2,1,370
7,9,none,128,128,1,0,343
7,9,RCL,129,129,1,1,370
7,9,none,130,133,4,0,343
7,9,PC,134,135,2,1,344
7,9,"PC,RCL,RS",136,136,1,3,354
7,9,RCL,137,137,1,1,370
7,9,"BW,RCL",138,140,3,2,273
7,9,RCL,141,141,1,1,370
7,9,"HV,RCL",142,142,1,2,337
7,9,RCL,143,156,14,1,370
7,9,"AC,RCL",157,158,2,2,154
7,9,"BW,RCL",159,159,1,2,273
7,9,"AC,HV,RCL",160,160,1,3,145
7,9,RCL,161,161,1,1,370
7,9,"AC,RCL",162,165,4,2,154
7,9,RCL,166,166,1,1,370
7,9,"AC,HV,RCL",167,167,1,3,145
7,9,"AC,BW,HV,RCL",168,170,3,4,100
7,9,"AC,GC,RCL",171,171,1,3,126
7,9,"AC,RCL",172,176,5,2,154
7,9,RCL,177,177,1,1,370
7,9,"AC,BW,RCL",178,178,1,3,105
7,9,"AC,GC,RCL",179,179,1,3,126
7,9,"AC,RCL",180,181,2,2,154
7,9,RCL,182,182,1,1,370
7,9,"AC,RCL",183,186,4,2,154
7,9,"AC,GC,RCL",187,187,1,3,126
7,9,"AC,RCL",188,188,1,2,154
7,9,"AC,GC,RCL",189,192,4,3,126
7,9,"AC,RCL",193,213,21,2,154
7,9,none,214,214,1,0,343
7,9,"AC,RCL",215,219,5,2,154
7,9,RCL,220,220,1,1,370
7,9,"AC,RCL",221,222,2,2,154
7,9,RCL,223,224,2,1,370
7,9,"AC,RCL",225,225,1,2,154
7,9,RCL,226,226,1,1,370
7,9,"AC,RCL",227,227,1,2,154
7,9,RCL,228,235,8,1,370
7,9,"AC,RCL",236,238,3,2,154
7,9,"BW,RCL",239,239,1,2,273
7,9,"AC,RCL",240,245,6,2,154
7,9,RCL,246,246,1,1,370
7,9,"AC,RCL",247,248,2,2,154
7,9,RCL,249,250,2,1,370
7,9,"AC,RCL",251,255,5,2,154
7,9,RCL,256,268,13,1,370
7,9,RS,269,269,1,1,376
7,9,"RCL,RS",270,270,1,2,373
7,9,none,271,271,1,0,343
7,9,RCL,272,272,1,1,370
7,9,none,273,273,1,0,343
7,9,RS,274,274,1,1,376
7,10,RS,77,80,4,1,376
7,10,none,81,82,2,0,343
7,10,RS,83,86,4,1,376
7,10,none,87,88,2,0,343
7,10,RS,89,89,1,1,376
7,10,none,90,90,1,0,343
7,10,RS,91,95,5,1,376
7,10,"PC,RS",96,96,1,2,357
7,10,RS,97,97,1,1,376
7,10,PC,98,99,2,1,344
7,10,"PC,RS",100,100,1,2,357
7,10,PC,101,101,1,1,344
7,10,"PC,RS",102,102,1,2,357
7,10,PC,103,106,4,1,344
7,10,none,107,107,1,0,343
7,10,PC,108,109,2,1,344
7,10,none,110,110,1,0,343
7,10,PC,111,112,2,1,344
7,10,none,113,115,3,0,343
7,10,RCL,116,116,1,1,370
7,10,none,117,118,2,0,343
7,10,RCL,119,139,21,1,370
7,10,"BW,RCL",140,140,1,2,273
7,10,RCL,141,145,5,1,370
7,10,"BW,RCL",146,146,1,2,273
7,10,"BW,HV,RCL",147,147,1,3,254
7,10,"BW,RCL",148,148,1,2,273
7,10,RCL,149,151,3,1,370
7,10,"AC,RCL",152,152,1,2,154
7,10,RCL,153,157,5,1,370
7,10,"BW,RCL",158,160,3,2,273
7,10,RCL,161,161,1,1,370
7,10,"AC,RCL",162,162,1,2,154
7,10,RCL,163,164,2,1,370
7,10,"BW,RCL",165,167,3,2,273
7,10,"AC,RCL",168,168,1,2,154
7,10,"BW,RCL",169,170,2,2,273
7,10,"AC,BV,BW,RCL",171,171,1,4,41
7,10,"BV,BW,RCL",172,173,2,3,189
7,10,"AC,BW,RCL",174,174,1,3,105
7,10,"AC,RCL",175,175,1,2,154
7,10,"AC,BW,RCL",176,176,1,3,105
7,10,"BW,RCL",177,178,2,2,273
7,10,"AC,RCL",179,179,1,2,154
7,10,RCL,180,180,1,1,370
7,10,"AC,RCL",181,181,1,2,154
7,10,RCL,182,182,1,1,370
7,10,"AC,RCL",183,185,3,2,154
7,10,RCL,186,186,1,1,370
7,10,"BW,RCL",187,187,1,2,273
7,10,"BW,GC,RCL",188,188,1,3,236
7,10,"GC,RCL",189,189,1,2,302
7,10,"AC,GC,RCL",190,192,3,3,126
7,10,"AC,RCL",193,207,15,2,154
7,10,RCL,208,208,1,1,370
7,10,"AC,RCL",209,209,1,2,154
7,10,RCL,210,210,1,1,370
7,10,"AC,RCL",211,211,1,2,154
7,10,"AC,GC,HC,RCL",212,212,1,4,115
7,10,"AC,GC,RCL",213,213,1,3,126
7,10,"AC,RCL",214,215,2,2,154
7,10,RCL,216,216,1,1,370
7,10,"AC,RCL",217,225,9,2,154
7,10,RCL,226,226,1,1,370
7,10,"AC,RCL",227,231,5,2,154
7,10,RCL,232,232,1,1,370
7,10,"AC,RCL",233,233,1,2,154
7,10,"AC,GC,HV,RCL",234,234,1,4,121
7,10,"AC,GC,RCL",235,236,2,3,126
7,10,"GC,RCL",237,237,1,2,302
7,10,"AC,RCL",238,244,7,2,154
7,10,"AC,GC,RCL",245,245,1,3,126
7,10,"AC,RCL",246,249,4,2,154
7,10,RCL,250,254,5,1,370
7,10,"AC,RCL",255,255,1,2,154
7,10,RCL,256,261,6,1,370
7,10,none,262,263,2,0,343
7,10,RCL,264,265,2,1,370
7,10,none,266,266,1,0,343
7,10,RCL,267,267,1,1,370
7,10,none,268,268,1,0,343
7,10,RCL,269,270,2,1,370
7,10,none,271,274,4,0,343
7,10,RCL,275,275,1,1,370
7,10,none,276,318,43,0,343
7,10,"RCL,RS",319,319,1,2,373
7,11,RS,58,58,1,1,376
7,11,none,59,63,5,0,343
7,11,RS,64,64,1,1,376
7,11,none,65,71,7,0,343
7,11,RS,72,76,5,1,376
7,11,none,77,78,2,0,343
7,11,RCL,79,79,1,1,370
7,11,none,80,80,1,0,343
7,11,RCL,81,81,1,1,370
7,11,none,82,88,7,0,343
7,11,RCL,89,89,1,1,370
7,11,none,90,97,8,0,343
7,11,RCL,98,98,1,1,370
7,11,HV,99,99,1,1,320
7,11,none,100,100,1,0,343
7,11,RCL,101,101,1,1,370
7,11,none,102,102,1,0,343
7,11,RCL,103,106,4,1,370
7,11,none,107,107,1,0,343
7,11,RS,108,108,1,1,376
7,11,"RCL,RS",109,110,2,2,373
7,11,RCL,111,113,3,1,370
7,11,none,114,117,4,0,343
7,11,RCL,118,119,2,1,370
7,11,"BW,RCL",120,120,1,2,273
7,11,RCL,121,124,4,1,370
7,11,"BW,RCL",125,125,1,2,273
7,11,"AC,BW,RCL",126,126,1,3,105
7,11,"BW,RCL",127,127,1,2,273
7,11,none,128,130,3,0,343
7,11,RCL,131,131,1,1,370
7,11,none,132,133,2,0,343
7,11,RCL,134,136,3,1,370
7,11,"BW,RCL",137,137,1,2,273
7,11,RCL,138,138,1,1,370
7,11,"AC,RCL",139,139,1,2,154
7,11,RCL,140,142,3,1,370
7,11,"BV,BW,RCL",143,143,1,3,189
7,11,"BW,RCL",144,144,1,2,273
7,11,RCL,145,146,2,1,370
7,11,"BV,BW,HV,RCL",147,147,1,4,184
7,11,"AC,BV,BW,HV,RCL",148,148,1,5,36
7,11,RCL,149,153,5,1,370
7,11,"AC,RCL",154,154,1,2,154
7,11,"AC,BW,RCL",155,155,1,3,105
7,11,RCL,156,156,1,1,370
7,11,"AC,RCL",157,157,1,2,154
7,11,RCL,158,158,1,1,370
7,11,"AC,RCL",159,160,2,2,154
7,11,RCL,161,164,4,1,370
7,11,"BW,RCL",165,165,1,2,273
7,11,"AC,RCL",166,167,2,2,154
7,11,"BW,RCL",168,168,1,2,273
7,11,"AC,BW,RCL",169,169,1,3,105
7,11,"AC,RCL",170,172,3,2,154
7,11,RCL,173,174,2,1,370
7,11,"AC,RCL",175,179,5,2,154
7,11,RCL,180,180,1,1,370
7,11,"AC,RCL",181,182,2,2,154
7,11,RCL,183,186,4,1,370
7,11,"AC,RCL",187,187,1,2,154
7,11,RCL,188,188,1,1,370
7,11,AC,189,189,1,1,1
7,11,RCL,190,190,1,1,370
7,11,"AC,RCL",191,194,4,2,154
7,11,RCL,195,195,1,1,370
7,11,"AC,RCL",196,199,4,2,154
7,11,"AC,BW,RCL",200,200,1,3,105
7,11,"AC,BV,BW,RCL",201,201,1,4,41
7,11,"AC,RCL",202,206,5,2,154
7,11,RCL,207,209,3,1,370
7,11,"AC,RCL",210,210,1,2,154
7,11,RCL,211,212,2,1,370
7,11,none,213,214,2,0,343
7,11,RCL,215,219,5,1,370
7,11,none,220,220,1,0,343
7,11,RCL,221,225,5,1,370
7,11,"BW,RCL",226,226,1,2,273
7,11,"AC,BV,BW,GC,RCL",227,227,1,5,19
7,11,"BV,GC,RCL",228,228,1,3,201
7,11,"AC,RCL",229,233,5,2,154
7,11,RCL,234,242,9,1,370
7,11,none,243,243,1,0,343
7,11,RCL,244,244,1,1,370
7,11,none,245,247,3,0,343
7,11,RCL,248,281,34,1,370
7,11,none,282,282,1,0,343
7,11,RCL,283,285,3,1,370
7,11,none,286,286,1,0,343
7,11,RCL,287,290,4,1,370
7,12,"BW,RCL",99,100,2,2,273
7,12,RCL,101,106,6,1,370
7,12,none,107,107,1,0,343
7,12,RCL,108,120,13,1,370
7,12,"GC,RCL",121,121,1,2,302
7,12,"BW,HV,RCL",122,122,1,3,254
7,12,RCL,123,126,4,1,370
7,12,"BW,RCL",127,129,3,2,273
7,12,RCL,130,130,1,1,370
7,12,"BW,RCL",131,131,1,2,273
7,12,"BV,BW,RCL",132,132,1,3,189
7,12,RCL,133,142,10,1,370
7,12,"BW,RCL",143,144,2,2,273
7,12,RCL,145,151,7,1,370
7,12,"BW,RCL",152,152,1,2,273
7,12,"BV,BW,RCL",153,155,3,3,189
7,12,"AC,RCL",156,156,1,2,154
7,12,RCL,157,159,3,1,370
7,12,"GC,RCL",160,160,1,2,302
7,12,"BW,GC,RCL",161,161,1,3,236
7,12,RCL,162,162,1,1,370
7,12,"AC,RCL",163,163,1,2,154
7,12,RCL,164,167,4,1,370
7,12,"BV,BW,RCL",168,168,1,3,189
7,12,"BV,BW,GC,RCL",169,170,2,4,172
7,12,"GC,RCL",171,171,1,2,302
7,12,RCL,172,173,2,1,370
7,12,"AC,RCL",174,174,1,2,154
7,12,RCL,175,175,1,1,370
7,12,"GC,RCL",176,176,1,2,302
7,12,"AC,RCL",177,177,1,2,154
7,12,RCL,178,181,4,1,370
7,12,"BW,GC,RCL",182,182,1,3,236
7,12,"BV,BW,RCL",183,183,1,3,189
7,12,RCL,184,184,1,1,370
7,12,"AC,RCL",185,185,1,2,154
7,12,RCL,186,189,4,1,370
7,12,"AC,RCL",190,190,1,2,154
7,12,RCL,191,191,1,1,370
7,12,"AC,RCL",192,192,1,2,154
7,12,"AC,BV,BW,GC,RCL",193,193,1,5,19
7,12,"AC,BV,RCL",194,196,3,3,70
7,12,"AC,RCL",197,206,10,2,154
7,12,RCL,207,208,2,1,370
7,12,"AC,RCL",209,209,1,2,154
7,12,RCL,210,210,1,1,370
7,12,"AC,RCL",211,211,1,2,154
7,12,RCL,212,216,5,1,370
7,12,"AC,RCL",217,217,1,2,154
7,12,RCL,218,218,1,1,370
7,12,"AC,GC,RCL",219,219,1,3,126
7,12,RCL,220,221,2,1,370
7,12,"AC,RCL",222,224,3,2,154
7,12,"AC,GC,RCL",225,225,1,3,126
7,12,"AC,RCL",226,241,16,2,154
7,12,RCL,242,263,22,1,370
7,12,none,264,264,1,0,343
7,12,RCL,265,265,1,1,370
7,12,none,266,267,2,0,343
7,12,RCL,268,268,1,1,370
7,12,none,269,276,8,0,343
7,12,RCL,277,277,1,1,370
7,12,none,278,282,5,0,343
7,12,RCL,283,283,1,1,370
7,12,none,284,300,17,0,343
7,12,RS,301,301,1,1,376
7,13,RS,51,51,1,1,376
7,13,none,52,73,22,0,343
7,13,RS,74,74,1,1,376
7,13,none,75,78,4,0,343
7,13,RS,79,79,1,1,376
7,13,none,80,81,2,0,343
7,13,RS,82,82,1,1,376
7,13,none,83,83,1,0,343
7,13,RS,84,84,1,1,376
7,13,none,85,92,8,0,343
7,13,RS,93,104,12,1,376
7,13,none,105,106,2,0,343
7,13,RS,107,108,2,1,376
7,13,none,109,113,5,0,343
7,13,RCL,114,114,1,1,370
7,13,RS,115,115,1,1,376
7,13,"BW,RS",116,116,1,2,279
7,13,RS,117,117,1,1,376
7,13,"RCL,RS",118,118,1,2,373
7,13,RS,119,119,1,1,376
7,13,none,120,121,2,0,343
7,13,RCL,122,122,1,1,370
7,13,none,123,123,1,0,343
7,13,RS,124,124,1,1,376
7,13,"BW,RS",125,125,1,2,279
7,13,"BW,RCL,RS",126,126,1,3,276
7,13,none,127,131,5,0,343
7,13,"BW,RCL",132,132,1,2,273
7,13,"AC,BV,BW,RCL,RS",133,133,1,5,42
7,13,"AC,BV,RCL,RS",134,134,1,4,71
7,13,RS,135,135,1,1,376
7,13,none,136,138,3,0,343
7,13,"RCL,RS",139,139,1,2,373
7,13,RCL,140,140,1,1,370
7,13,none,141,143,3,0,343
7,13,"AC,RCL",144,145,2,2,154
7,13,RCL,146,148,3,1,370
7,13,none,149,150,2,0,343
7,13,RCL,151,151,1,1,370
7,13,none,152,153,2,0,343
7,13,RCL,154,154,1,1,370
7,13,"BW,RCL",155,155,1,2,273
7,13,RCL,156,156,1,1,370
7,13,"BW,RCL",157,157,1,2,273
7,13,RCL,158,162,5,1,370
7,13,"BV,BW,RCL",163,163,1,3,189
7,13,"AC,BV,BW,HV,RCL",164,164,1,5,36
7,13,RCL,165,166,2,1,370
7,13,"AC,RCL",167,167,1,2,154
7,13,RCL,168,178,11,1,370
7,13,"AC,RCL",179,179,1,2,154
7,13,"AC,BV,BW,GC,HV,RCL",180,180,1,6,16
7,13,"AC,BV,BW,HV,RCL",181,181,1,5,36
7,13,"AC,BV,GC,RCL",182,182,1,4,54
7,13,"AC,RCL",183,184,2,2,154
7,13,RCL,185,185,1,1,370
7,13,"AC,RCL",186,208,23,2,154
7,13,RCL,209,209,1,1,370
7,13,"AC,RCL",210,210,1,2,154
7,13,RCL,211,211,1,1,370
7,13,"AC,RCL",212,216,5,2,154
7,13,"AC,GC,RCL",217,217,1,3,126
7,13,RCL,218,218,1,1,370
7,13,"AC,RCL",219,220,2,2,154
7,13,RCL,221,224,4,1,370
7,13,"GC,RCL",225,226,2,2,302
7,13,"AC,BV,BW,RCL",227,227,1,4,41
7,13,"AC,BV,BW,GC,RCL",228,229,2,5,19
7,13,"AC,GC,RCL",230,230,1,3,126
7,13,"AC,RCL",231,233,3,2,154
7,13,RCL,234,234,1,1,370
7,13,"AC,RCL",235,235,1,2,154
7,13,RCL,236,237,2,1,370
7,13,"AC,RCL",238,239,2,2,154
7,13,RCL,240,273,34,1,370
7,13,none,274,274,1,0,343
7,13,RCL,275,275,1,1,370
7,13,none,276,287,12,0,343
7,13,RS,288,288,1,1,376
7,13,none,289,290,2,0,343
7,13,RS,291,291,1,1,376
7,13,none,292,293,2,0,343
7,13,RCL,294,294,1,1,370
7,13,none,295,310,16,0,343
7,13,RCL,311,311,1,1,370
7,14,RCL,116,116,1,1,370
7,14,none,117,117,1,0,343
7,14,RCL,118,122,5,1,370
7,14,none,123,124,2,0,343
7,14,RCL,125,127,3,1,370
7,14,"BW,RCL",128,130,3,2,273
7,14,RCL,131,132,2,1,370
7,14,none,133,133,1,0,343
7,14,RCL,134,134,1,1,370
7,14,none,135,135,1,0,343
7,14,RCL,136,144,9,1,370
7,14,"AC,RCL",145,145,1,2,154
7,14,RCL,146,151,6,1,370
7,14,"AC,BW,RCL",152,153,2,3,105
7,14,RCL,154,161,8,1,370
7,14,"GC,RCL",162,162,1,2,302
7,14,"AC,RCL,RS",163,163,1,3,155
7,14,"GC,RCL",164,164,1,2,302
7,14,"AC,GC,RCL",165,165,1,3,126
7,14,"AC,RCL",166,166,1,2,154
7,14,"AC,GC,RCL",167,167,1,3,126
7,14,"GC,RCL",168,169,2,2,302
7,14,"AC,GC,RCL",170,170,1,3,126
7,14,"GC,RCL",171,171,1,2,302
7,14,"AC,RCL",172,172,1,2,154
7,14,RCL,173,174,2,1,370
7,14,"BW,GC,RCL",175,175,1,3,236
7,14,"AC,BW,GC,RCL",176,176,1,4,86
7,14,"BW,GC,RCL",177,177,1,3,236
7,14,"AC,GC,RCL",178,178,1,3,126
7,14,"GC,RCL",179,179,1,2,302
7,14,"AC,BW,GC,RCL",180,180,1,4,86
7,14,"GC,RCL",181,181,1,2,302
7,14,"AC,GC,RCL",182,182,1,3,126
7,14,"GC,RCL",183,183,1,2,302
7,14,"AC,BV,BW,GC,RCL",184,184,1,5,19
7,14,"BV,BW,GC,RCL",185,185,1,4,172
7,14,"AC,BV,BW,GC,RCL",186,186,1,5,19
7,14,RCL,187,187,1,1,370
7,14,"GC,RCL",188,188,1,2,302
7,14,"BV,BW,GC,HC,RCL",189,189,1,5,165
7,14,"GC,RCL",190,191,2,2,302
7,14,"AC,GC,RCL",192,193,2,3,126
7,14,RCL,194,194,1,1,370
7,14,"AC,GC,RCL",195,195,1,3,126
7,14,"AC,HV,RCL",196,196,1,3,145
7,14,"GC,RCL",197,197,1,2,302
7,14,"AC,GC,RCL",198,198,1,3,126
7,14,"AC,RCL",199,199,1,2,154
7,14,"AC,GC,RCL",200,200,1,3,126
7,14,"AC,RCL",201,201,1,2,154
7,14,"AC,BW,RCL",202,202,1,3,105
7,14,"AC,RCL",203,203,1,2,154
7,14,"AC,BW,RCL",204,204,1,3,105
7,14,"AC,BV,BW,RCL",205,206,2,4,41
7,14,"AC,BW,GC,RCL",207,207,1,4,86
7,14,"AC,RCL",208,208,1,2,154
7,14,RCL,209,209,1,1,370
7,14,"AC,RCL",210,210,1,2,154
7,14,"AC,GC,RCL",211,211,1,3,126
7,14,"BV,BW,GC,RCL",212,213,2,4,172
7,14,"GC,RCL",214,215,2,2,302
7,14,RCL,216,224,9,1,370
7,14,none,225,225,1,0,343
7,14,"RCL,RS",226,226,1,2,373
7,14,"GC,RCL",227,231,5,2,302
7,14,RCL,232,233,2,1,370
7,14,"GC,RCL",234,234,1,2,302
7,14,"AC,GC,RCL",235,235,1,3,126
7,14,RCL,236,237,2,1,370
7,14,"AC,RCL",238,238,1,2,154
7,14,RCL,239,241,3,1,370
7,14,"AC,RCL",242,242,1,2,154
7,14,RCL,243,256,14,1,370
7,14,none,257,257,1,0,343
7,14,RCL,258,263,6,1,370
7,14,none,264,268,5,0,343
7,14,RCL,269,270,2,1,370
7,14,none,271,271,1,0,343
7,14,"RCL,RS",272,272,1,2,373
7,14,RCL,273,273,1,1,370
7,14,none,274,282,9,0,343
7,14,RS,283,283,1,1,376
7,14,none,284,289,6,0,343
7,14,RS,290,290,1,1,376
7,14,none,291,309,19,0,343
7,14,RCL,310,310,1,1,370
7,14,none,311,314,4,0,343
7,14,RS,315,315,1,1,376
7,15,RS,53,53,1,1,376
7,15,none,54,54,1,0,343
7,15,RS,55,60,6,1,376
7,15,none,61,61,1,0,343
7,15,RS,62,73,12,1,376
7,15,none,74,76,3,0,343
7,15,RS,77,80,4,1,376
7,15,none,81,85,5,0,343
7,15,RS,86,90,5,1,376
7,15,none,91,92,2,0,343
7,15,RS,93,96,4,1,376
7,15,"PC,RS",97,98,2,2,357
7,15,RS,99,101,3,1,376
7,15,none,102,104,3,0,343
7,15,RS,105,106,2,1,376
7,15,none,107,113,7,0,343
7,15,RCL,114,115,2,1,370
7,15,"BW,RCL",116,116,1,2,273
7,15,RCL,117,119,3,1,370
7,15,"RCL,RS",120,120,1,2,373
7,15,RCL,121,128,8,1,370
7,15,"HV,RCL",129,129,1,2,337
7,15,RCL,130,134,5,1,370
7,15,"BW,HV,RCL",135,135,1,3,254
7,15,"BW,RCL",136,136,1,2,273
7,15,RCL,137,138,2,1,370
7,15,"BW,RCL",139,139,1,2,273
7,15,"HV,RCL",140,140,1,2,337
7,15,RCL,141,144,4,1,370
7,15,none,145,149,5,0,343
7,15,"AC,RCL,RS",150,150,1,3,155
7,15,"AC,RCL",151,151,1,2,154
7,15,RCL,152,152,1,1,370
7,15,"AC,RCL",153,154,2,2,154
7,15,"AC,HV,RCL",155,155,1,3,145
7,15,"AC,GC,RCL",156,156,1,3,126
7,15,"HV,RCL",157,157,1,2,337
7,15,"AC,HV,RCL",158,158,1,3,145
7,15,"BW,RCL,RS",159,159,1,3,276
7,15,"BW,HV,RCL",160,161,2,3,254
7,15,"AC,RCL",162,162,1,2,154
7,15,"AC,BW,GC,RCL",163,163,1,4,86
7,15,RCL,164,164,1,1,370
7,15,"AC,BV,BW,HV,RCL",165,166,2,5,36
7,15,"BV,BW,GC,RCL",167,167,1,4,172
7,15,RCL,168,168,1,1,370
7,15,"AC,RCL",169,169,1,2,154
7,15,"AC,BW,RCL",170,170,1,3,105
7,15,RCL,171,171,1,1,370
7,15,"BW,RCL",172,172,1,2,273
7,15,"BW,HV,RCL,RS",173,173,1,4,257
7,15,none,174,180,7,0,343
7,15,"AC,BV,BW,GC,RCL",181,181,1,5,19
7,15,"AC,BW,GC,RCL",182,182,1,4,86
7,15,"GC,RCL,RS",183,183,1,3,303
7,15,"AC,RCL",184,185,2,2,154
7,15,"AC,GC,RCL",186,186,1,3,126
7,15,RCL,187,187,1,1,370
7,15,"BW,GC,RCL",188,188,1,3,236
7,15,RCL,189,191,3,1,370
7,15,"BW,RCL",192,193,2,2,273
7,15,"BW,HV,RCL",194,194,1,3,254
7,15,"BV,GC,HV,RCL",195,195,1,4,198
7,15,"BV,BW,GC,HC,HV,RCL",196,196,1,6,162
7,15,"BV,BW,GC,RCL",197,197,1,4,172
7,15,"BW,GC,HV,RCL",198,198,1,4,231
7,15,"GC,RCL",199,199,1,2,302
7,15,"BW,RCL",200,200,1,2,273
7,15,RCL,201,209,9,1,370
7,15,"BW,RCL",210,214,5,2,273
7,15,RCL,215,216,2,1,370
7,15,"BW,RCL",217,217,1,2,273
7,15,RCL,218,264,47,1,370
7,15,none,265,268,4,0,343
7,15,RCL,269,269,1,1,370
7,15,none,270,293,24,0,343
7,15,RCL,294,294,1,1,370
7,15,none,295,325,31,0,343
7,15,RS,326,326,1,1,376
7,15,none,327,332,6,0,343
7,15,RS,333,333,1,1,376
7,15,none,334,344,11,0,343
7,15,RS,345,345,1,1,376
7,16,RS,35,35,1,1,376
7,16,none,36,36,1,0,343
7,16,RS,37,37,1,1,376
7,16,none,38,39,2,0,343
7,16,RS,40,40,1,1,376
7,16,none,41,41,1,0,343
7,16,RS,42,42,1,1,376
7,16,none,43,45,3,0,343
7,16,RS,46,47,2,1,376
7,16,none,48,51,4,0,343
7,16,RS,52,63,12,1,376
7,16,none,64,64,1,0,343
7,16,RS,65,65,1,1,376
7,16,none,66,66,1,0,343
7,16,RS,67,77,11,1,376
7,16,"PC,RS",78,79,2,2,357
7,16,none,80,80,1,0,343
7,16,RS,81,92,12,1,376
7,16,"PC,RS",93,93,1,2,357
7,16,"HV,RS",94,95,2,2,342
7,16,RS,96,99,4,1,376
7,16,none,100,100,1,0,343
7,16,RCL,101,105,5,1,370
7,16,none,106,106,1,0,343
7,16,RS,107,107,1,1,376
7,16,none,108,109,2,0,343
7,16,"RCL,RS",110,110,1,2,373
7,16,none,111,111,1,0,343
7,16,RS,112,112,1,1,376
7,16,RCL,113,119,7,1,370
7,16,none,120,120,1,0,343
7,16,RCL,121,122,2,1,370
7,16,"RCL,RS",123,123,1,2,373
7,16,RCL,124,136,13,1,370
7,16,"BV,BW,RCL",137,137,1,3,189
7,16,"BW,RCL",138,138,1,2,273
7,16,RCL,139,141,3,1,370
7,16,"AC,RCL",142,142,1,2,154
7,16,"BW,RCL",143,143,1,2,273
7,16,"AC,BV,RCL",144,144,1,3,70
7,16,"AC,RCL",145,147,3,2,154
7,16,"BW,HV,RCL",148,148,1,3,254
7,16,"AC,RCL,RS",149,149,1,3,155
7,16,RCL,150,151,2,1,370
7,16,"AC,RCL",152,153,2,2,154
7,16,RCL,154,156,3,1,370
7,16,"AC,RCL",157,157,1,2,154
7,16,"AC,BW,RCL",158,158,1,3,105
7,16,"BW,RCL",159,159,1,2,273
7,16,RCL,160,160,1,1,370
7,16,"AC,RCL",161,161,1,2,154
7,16,RCL,162,164,3,1,370
7,16,"AC,RCL",165,165,1,2,154
7,16,RCL,166,166,1,1,370
7,16,none,167,167,1,0,343
7,16,RCL,168,168,1,1,370
7,16,"AC,BW,RCL",169,169,1,3,105
7,16,"AC,BW,GC,RCL",170,170,1,4,86
7,16,"AC,RCL",171,171,1,2,154
7,16,RCL,172,173,2,1,370
7,16,"HV,RCL",174,174,1,2,337
7,16,"AC,RCL",175,175,1,2,154
7,16,"AC,BV,BW,GC,HV,RCL",176,176,1,6,16
7,16,"AC,BV,BW,GC,RCL",177,177,1,5,19
7,16,"AC,BV,RCL",178,178,1,3,70
7,16,"AC,GC,RCL",179,179,1,3,126
7,16,"AC,RCL",180,181,2,2,154
7,16,"HV,RCL",182,182,1,2,337
7,16,"AC,GC,HV,RCL",183,183,1,4,121
7,16,"AC,HV,RCL",184,184,1,3,145
7,16,"AC,BW,GC,RCL",185,186,2,4,86
7,16,"AC,GC,RCL",187,187,1,3,126
7,16,"AC,BW,GC,RCL",188,190,3,4,86
7,16,"AC,RCL",191,191,1,2,154
7,16,"AC,BW,GC,HV,RCL",192,192,1,5,83
7,16,"AC,BW,GC,RCL",193,194,2,4,86
7,16,"AC,RCL",195,195,1,2,154
7,16,"AC,BW,RCL",196,196,1,3,105
7,16,"AC,RCL",197,197,1,2,154
7,16,RCL,198,198,1,1,370
7,16,"BW,RCL",199,200,2,2,273
7,16,RCL,201,211,11,1,370
7,16,"BW,RCL",212,214,3,2,273
7,16,RCL,215,224,10,1,370
7,16,none,225,226,2,0,343
7,16,RCL,227,229,3,1,370
7,16,none,230,230,1,0,343
7,16,RCL,231,234,4,1,370
7,16,none,235,240,6,0,343
7,16,RCL,241,244,4,1,370
7,16,"RCL,RS",245,245,1,2,373
7,16,RCL,246,254,9,1,370
7,16,none,255,256,2,0,343
7,16,RCL,257,261,5,1,370
7,16,"GC,RCL,RS",262,262,1,3,303
7,16,RCL,263,263,1,1,370
7,16,"RCL,RS",264,264,1,2,373
7,16,RCL,265,268,4,1,370
7,16,none,269,274,6,0,343
7,16,RS,275,275,1,1,376
7,16,none,276,276,1,0,343
7,16,RS,277,277,1,1,376
7,16,none,278,278,1,0,343
7,16,RS,279,279,1,1,376
7,17,RS,46,46,1,1,376
7,17,none,47,58,12,0,343
7,17,RS,59,59,1,1,376
7,17,none,60,61,2,0,343
7,17,RS,62,66,5,1,376
7,17,none,67,67,1,0,343
7,17,RS,68,68,1,1,376
7,17,none,69,69,1,0,343
7,17,RS,70,70,1,1,376
7,17,none,71,74,4,0,343
7,17,RS,75,76,2,1,376
7,17,"RCL,RS",77,77,1,2,373
7,17,RS,78,79,2,1,376
7,17,"RCL,RS",80,80,1,2,373
7,17,RS,81,81,1,1,376
7,17,none,82,83,2,0,343
7,17,RCL,84,84,1,1,370
7,17,"RCL,RS",85,85,1,2,373
7,17,RCL,86,86,1,1,370
7,17,none,87,87,1,0,343
7,17,RCL,88,88,1,1,370
7,17,none,89,90,2,0,343
7,17,RCL,91,91,1,1,370
7,17,"RCL,RS",92,92,1,2,373
7,17,RS,93,93,1,1,376
7,17,"RCL,RS",94,94,1,2,373
7,17,RCL,95,96,2,1,370
7,17,RP,97,100,4,1,374
7,17,none,101,101,1,0,343
7,17,RCL,102,107,6,1,370
7,17,"RCL,RS",108,108,1,2,373
7,17,RCL,109,136,28,1,370
7,17,"GC,RCL",137,138,2,2,302
7,17,RCL,139,144,6,1,370
7,17,"BW,RCL",145,145,1,2,273
7,17,RCL,146,154,9,1,370
7,17,"BW,RCL",155,156,2,2,273
7,17,"BV,BW,RCL",157,157,1,3,189
7,17,RCL,158,159,2,1,370
7,17,"GC,RCL",160,160,1,2,302
7,17,"BV,RCL",161,161,1,2,217
7,17,RCL,162,163,2,1,370
7,17,"RCA,RCL",164,164,1,2,367
7,17,"GC,RCL",165,165,1,2,302
7,17,RCL,166,171,6,1,370
7,17,"GC,RCL",172,172,1,2,302
7,17,"BV,BW,GC,HV,RCL",173,174,2,5,168
7,17,"HV,RCL",175,175,1,2,337
7,17,"GC,HV,RCL",176,177,2,3,296
7,17,"GC,RCL",178,178,1,2,302
7,17,"GC,HV,RCL",179,179,1,3,296
7,17,"GC,RCL",180,180,1,2,302
7,17,RCL,181,182,2,1,370
7,17,"GC,RCA,RCL",183,183,1,3,300
7,17,"GC,HV,RCL",184,184,1,3,296
7,17,"BW,GC,RCL",185,185,1,3,236
7,17,"GC,RCL",186,186,1,2,302
7,17,RCL,187,187,1,1,370
7,17,"BW,RCL",188,189,2,2,273
7,17,"BW,GC,RCL",190,190,1,3,236
7,17,"GC,HV,RCL",191,191,1,3,296
7,17,"HV,RCL",192,192,1,2,337
7,17,RCL,193,193,1,1,370
7,17,"BW,RCL",194,194,1,2,273
7,17,RCL,195,196,2,1,370
7,17,"BW,RCL",197,197,1,2,273
7,17,RCL,198,200,3,1,370
7,17,"BW,RCL",201,202,2,2,273
7,17,RCL,203,264,62,1,370
7,17,none,265,266,2,0,343
7,17,RCL,267,267,1,1,370
7,17,"RCL,RS",268,272,5,2,373
7,17,RCL,273,274,2,1,370
7,17,none,275,293,19,0,343
7,17,RS,294,294,1,1,376
7,17,none,295,320,26,0,343
7,17,RS,321,321,1,1,376
7,18,RS,54,54,1,1,376
7,18,none,55,57,3,0,343
7,18,RS,58,58,1,1,376
7,18,none,59,62,4,0,343
7,18,RS,63,64,2,1,376
7,18,none,65,66,2,0,343
7,18,RS,67,68,2,1,376
7,18,none,69,70,2,0,343
7,18,RS,71,72,2,1,376
7,18,"RP,RS",73,77,5,2,375
7,18,"PC,RP,RS",78,78,1,3,356
7,18,RS,79,79,1,1,376
7,18,"RP,RS",80,83,4,2,375
7,18,RS,84,84,1,1,376
7,18,"RP,RS",85,85,1,2,375
7,18,"PC,RP,RS",86,86,1,3,356
7,18,"PC,RS",87,87,1,2,357
7,18,"PC,RP,RS",88,89,2,3,356
7,18,"PC,RS",90,90,1,2,357
7,18,"PC,RP,RS",91,91,1,3,356
7,18,"PC,RS",92,92,1,2,357
7,18,RS,93,93,1,1,376
7,18,none,94,94,1,0,343
7,18,"PC,RP,RS",95,95,1,3,356
7,18,RS,96,101,6,1,376
7,18,"RCL,RS",102,102,1,2,373
7,18,RCL,103,103,1,1,370
7,18,"RCL,RS",104,104,1,2,373
7,18,none,105,105,1,0,343
7,18,RCL,106,106,1,1,370
7,18,RS,107,107,1,1,376
7,18,RCL,108,108,1,1,370
7,18,RS,109,109,1,1,376
7,18,"RCL,RS",110,110,1,2,373
7,18,RCL,111,113,3,1,370
7,18,"PC,RCL",114,114,1,2,351
7,18,"PC,RCL,RS",115,115,1,3,354
7,18,"RCL,RS",116,116,1,2,373
7,18,"BW,HV,RCL,RS",117,118,2,4,257
7,18,"BV,BW,HV,RCL,RS",119,119,1,5,185
7,18,"RCL,RS",120,122,3,2,373
7,18,RCL,123,123,1,1,370
7,18,none,124,124,1,0,343
7,18,RCL,125,125,1,1,370
7,18,"RCL,RS",126,126,1,2,373
7,18,RCL,127,132,6,1,370
7,18,"RCL,RS",133,133,1,2,373
7,18,RCL,134,138,5,1,370
7,18,"RCL,RS",139,139,1,2,373
7,18,RCL,140,145,6,1,370
7,18,"BW,RCL",146,147,2,2,273
7,18,RCL,148,154,7,1,370
7,18,"AC,RCL",155,155,1,2,154
7,18,RCL,156,157,2,1,370
7,18,"BW,RCL",158,159,2,2,273
7,18,"BV,BW,RCL",160,160,1,3,189
7,18,RCL,161,168,8,1,370
7,18,"BW,HV,RCL",169,170,2,3,254
7,18,"BV,BW,GC,HV,RCL",171,171,1,5,168
7,18,"BV,RCL",172,172,1,2,217
7,18,RCL,173,185,13,1,370
7,18,"RCA,RCL",186,189,4,2,367
7,18,RCL,190,197,8,1,370
7,18,"BW,RCL",198,199,2,2,273
7,18,RCL,200,201,2,1,370
7,18,"BW,RCL",202,202,1,2,273
7,18,RCL,203,216,14,1,370
7,18,"RCA,RCL",217,217,1,2,367
7,18,RCL,218,219,2,1,370
7,18,"BW,RCL",220,221,2,2,273
7,18,"RCA,RCL",222,222,1,2,367
7,18,RCL,223,266,44,1,370
7,18,none,267,267,1,0,343
7,18,RCL,268,268,1,1,370
7,18,"RCL,RS",269,269,1,2,373
7,18,RCL,270,270,1,1,370
7,18,none,271,271,1,0,343
7,18,RCL,272,278,7,1,370
7,18,none,279,282,4,0,343
7,18,RCL,283,283,1,1,370
7,19,RCL,93,93,1,1,370
7,19,none,94,95,2,0,343
7,19,RCL,96,96,1,1,370
7,19,none,97,97,1,0,343
7,19,RCL,98,99,2,1,370
7,19,none,100,108,9,0,343
7,19,RCL,109,116,8,1,370
7,19,none,117,118,2,0,343
7,19,RCL,119,126,8,1,370
7,19,"BW,RCL",127,127,1,2,273
7,19,RCL,128,129,2,1,370
7,19,none,130,130,1,0,343
7,19,RCL,131,138,8,1,370
7,19,"BW,RCL",139,140,2,2,273
7,19,RCL,141,143,3,1,370
7,19,"RCA,RCL",144,144,1,2,367
7,19,RCL,145,145,1,1,370
7,19,"BW,RCL",146,146,1,2,273
7,19,"BW,HV,RCL",147,147,1,3,254
7,19,RCL,148,148,1,1,370
7,19,"HV,RCL",149,149,1,2,337
7,19,RCL,150,151,2,1,370
7,19,"BW,HV,RCL",152,152,1,3,254
7,19,"BW,RCA,RCL",153,153,1,3,271
7,19,"RCA,RCL",154,154,1,2,367
7,19,RCL,155,155,1,1,370
7,19,"HV,RCL",156,156,1,2,337
7,19,RCL,157,158,2,1,370
7,19,"RCA,RCL",159,161,3,2,367
7,19,"GC,RCL",162,162,1,2,302
7,19,"GC,RCA,RCL",163,164,2,3,300
7,19,RCL,165,165,1,1,370
7,19,"BV,GC,HV,RCL",166,166,1,4,198
7,19,RCL,167,167,1,1,370
7,19,"GC,RCA,RCL",168,168,1,3,300
7,19,"GC,HV,RCA,RCL",169,169,1,4,294
7,19,"GC,HV,RCL",170,170,1,3,296
7,19,"GC,RCA,RCL",171,171,1,3,300
7,19,"PT,RCA,RCL",172,172,1,3,359
7,19,RCL,173,178,6,1,370
7,19,"BW,GC,RCL",179,182,4,3,236
7,19,RCL,183,183,1,1,370
7,19,"BW,GC,RCL",184,185,2,3,236
7,19,"BW,RCL",186,186,1,2,273
7,19,"GC,RCL",187,188,2,2,302
7,19,RCL,189,189,1,1,370
7,19,"GC,RCL",190,190,1,2,302
7,19,RCL,191,193,3,1,370
7,19,none,194,194,1,0,343
7,19,"GC,RCL",195,199,5,2,302
7,19,"GC,RCA,RCL",200,200,1,3,300
7,19,"GC,RCL",201,204,4,2,302
7,19,RCL,205,205,1,1,370
7,19,"GC,RCL",206,206,1,2,302
7,19,RCL,207,207,1,1,370
7,19,"GC,RCL",208,208,1,2,302
7,19,RCL,209,209,1,1,370
7,19,"GC,RCL",210,216,7,2,302
7,19,RCL,217,217,1,1,370
7,19,"GC,RCL",218,218,1,2,302
7,19,RCL,219,270,52,1,370
7,19,"RCL,RS",271,271,1,2,373
7,19,RCL,272,272,1,1,370
7,19,"RCA,RCL",273,273,1,2,367
7,19,RCL,274,275,2,1,370
7,19,none,276,291,16,0,343
7,19,RCL,292,292,1,1,370
7,19,none,293,295,3,0,343
7,19,RS,296,296,1,1,376
7,19,none,297,301,5,0,343
7,19,RS,302,302,1,1,376
7,19,none,303,314,12,0,343
7,19,RS,315,315,1,1,376
7,19,none,316,318,3,0,343
7,19,RCL,319,319,1,1,370
7,19,none,320,350,31,0,343
7,19,RCL,351,351,1,1,370
7,20,RS,61,61,1,1,376
7,20,none,62,62,1,0,343
7,20,RS,63,63,1,1,376
7,20,none,64,66,3,0,343
7,20,RS,67,78,12,1,376
7,20,none,79,79,1,0,343
7,20,RS,80,87,8,1,376
7,20,"PC,RS",88,88,1,2,357
7,20,RS,89,98,10,1,376
7,20,"RCL,RS",99,101,3,2,373
7,20,RCL,102,102,1,1,370
7,20,"RCL,RS",103,103,1,2,373
7,20,RCL,104,104,1,1,370
7,20,"RCL,RS",105,106,2,2,373
7,20,RCL,107,107,1,1,370
7,20,none,108,108,1,0,343
7,20,RCL,109,109,1,1,370
7,20,"RCL,RS",110,111,2,2,373
7,20,RCL,112,112,1,1,370
7,20,"RCL,RS",113,114,2,2,373
7,20,RCL,115,115,1,1,370
7,20,"RCL,RS",116,117,2,2,373
7,20,RCL,118,122,5,1,370
7,20,none,123,123,1,0,343
7,20,"RCL,RS",124,124,1,2,373
7,20,RCL,125,166,42,1,370
7,20,"GC,RCL",167,167,1,2,302
7,20,RCL,168,202,35,1,370
7,20,"RCA,RCL",203,203,1,2,367
7,20,"GC,RCL",204,205,2,2,302
7,20,RCL,206,209,4,1,370
7,20,"RCA,RCL",210,210,1,2,367
7,20,RCL,211,234,24,1,370
7,20,none,235,235,1,0,343
7,20,RCL,236,241,6,1,370
7,20,"RCL,RS",242,242,1,2,373
7,20,RCL,243,253,11,1,370
7,20,"RCL,RS",254,254,1,2,373
7,20,RCL,255,257,3,1,370
7,20,"RCL,RS",258,258,1,2,373
7,20,RCL,259,268,10,1,370
7,20,"RCL,RS",269,269,1,2,373
7,20,RCL,270,270,1,1,370
7,20,none,271,275,5,0,343
7,20,RS,276,276,1,1,376
7,20,none,277,280,4,0,343
7,20,RS,281,281,1,1,376
7,20,RCL,282,282,1,1,370
7,20,none,283,285,3,0,343
7,20,RS,286,287,2,1,376
7,20,none,288,298,11,0,343
7,20,RS,299,299,1,1,376
7,21,RS,45,54,10,1,376
7,21,none,55,55,1,0,343
7,21,RS,56,60,5,1,376
7,21,"PC,RS",61,61,1,2,357
7,21,RS,62,63,2,1,376
7,21,none,64,65,2,0,343
7,21,RS,66,66,1,1,376
7,21,none,67,80,14,0,343
7,21,PC,81,81,1,1,344
7,21,"PC,RS",82,83,2,2,357
7,21,RS,84,86,3,1,376
7,21,none,87,88,2,0,343
7,21,"PC,RS",89,90,2,2,357
7,21,PC,91,93,3,1,344
7,21,"PC,RS",94,98,5,2,357
7,21,PC,99,100,2,1,344
7,21,"PC,RS",101,101,1,2,357
7,21,RS,102,102,1,1,376
7,21,none,103,110,8,0,343
7,21,RS,111,111,1,1,376
7,21,none,112,115,4,0,343
7,21,RCL,116,116,1,1,370
7,21,none,117,118,2,0,343
7,21,RCL,119,119,1,1,370
7,21,RS,120,122,3,1,376
7,21,none,123,124,2,0,343
7,21,RS,125,125,1,1,376
7,21,none,126,129,4,0,343
7,21,RCL,130,130,1,1,370
7,21,"AC,RCL",131,131,1,2,154
7,21,none,132,133,2,0,343
7,21,RCL,134,134,1,1,370
7,21,none,135,141,7,0,343
7,21,RCL,142,147,6,1,370
7,21,none,148,148,1,0,343
7,21,"BW,HC,HV,RCL",149,149,1,4,242
7,21,"BW,HV,RCL",150,150,1,3,254
7,21,"RCL,RS",151,151,1,2,373
7,21,RCL,152,152,1,1,370
7,21,"HV,RCL",153,153,1,2,337
7,21,"HV,RCL,RS",154,154,1,3,339
7,21,RCL,155,156,2,1,370
7,21,"BW,HV,RCL",157,157,1,3,254
7,21,none,158,159,2,0,343
7,21,RCL,160,161,2,1,370
7,21,"BW,RCL",162,162,1,2,273
7,21,"BW,GC,HV,RCL",163,163,1,4,231
7,21,RCL,164,164,1,1,370
7,21,GC,165,165,1,1,280
7,21,RCL,166,166,1,1,370
7,21,"BW,RCL",167,167,1,2,273
7,21,RCA,168,168,1,1,366
7,21,RCL,169,169,1,1,370
7,21,"BW,GC,HV,RCA,RCL",170,170,1,5,229
7,21,"BW,HV,RCA,RCL",171,171,1,4,252
7,21,"RCA,RCL",172,172,1,2,367
7,21,"BV,BW,GC,HV,RCA,RCL",173,173,1,6,166
7,21,"BW,GC,HV,RCA,RCL",174,174,1,5,229
7,21,"RCA,RCL",175,175,1,2,367
7,21,"BW,RCA,RCL",176,176,1,3,271
7,21,"RCA,RCL",177,177,1,2,367
7,21,"BW,GC,RCL",178,178,1,3,236
7,21,"BW,RCA,RCL",179,179,1,3,271
7,21,"BV,BW,GC,RCL",180,180,1,4,172
7,21,"BV,BW,GC,RCA,RCL",181,181,1,5,171
7,21,"RCA,RCL",182,182,1,2,367
7,21,"BW,GC,RCA,RCL",183,183,1,4,234
7,21,"BV,BW,GC,RCA,RCL",184,184,1,5,171
7,21,"BW,RCA,RCL",185,185,1,3,271
7,21,"BV,BW,GC,RCA,RCL",186,186,1,5,171
7,21,"BW,GC,HV,RCA,RCL",187,187,1,5,229
7,21,"BW,GC,RCA,RCL",188,188,1,4,234
7,21,"BW,GC,HV,RCA,RCL",189,191,3,5,229
7,21,"BV,BW,GC,RCA,RCL",192,193,2,5,171
7,21,"BV,RCA,RCL",194,194,1,3,216
7,21,RCL,195,197,3,1,370
7,21,"BW,RCL",198,198,1,2,273
7,21,RCL,199,200,2,1,370
7,21,"BV,BW,GC,HV,RCL",201,201,1,5,168
7,21,"BW,GC,RCL",202,202,1,3,236
7,21,RCL,203,203,1,1,370
7,21,"RCA,RCL",204,204,1,2,367
7,21,RCL,205,206,2,1,370
7,21,"BW,RCL",207,207,1,2,273
7,21,"GC,RCA,RCL",208,210,3,3,300
7,21,"GC,RCL",211,211,1,2,302
7,21,RCL,212,212,1,1,370
7,21,"RCA,RCL",213,214,2,2,367
7,21,"GC,RCA,RCL",215,216,2,3,300
7,21,"RCA,RCL",217,217,1,2,367
7,21,"GC,RCA,RCL",218,218,1,3,300
7,21,"RCA,RCL",219,219,1,2,367
7,21,RCL,220,220,1,1,370
7,21,"RCA,RCL",221,221,1,2,367
7,21,"GC,RCA,RCL",222,224,3,3,300
7,21,"RCA,RCL",225,225,1,2,367
7,21,"GC,RCL",226,226,1,2,302
7,21,RCL,227,234,8,1,370
7,21,"RCL,RS",235,235,1,2,373
7,21,RCL,236,254,19,1,370
7,21,"RCL,RS",255,255,1,2,373
7,21,RCL,256,256,1,1,370
7,21,none,257,258,2,0,343
7,21,RCL,259,262,4,1,370
7,21,"RCL,RS",263,263,1,2,373
7,21,RCL,264,269,6,1,370
7,21,RS,270,270,1,1,376
7,21,none,271,273,3,0,343
7,21,RS,274,274,1,1,376
7,21,none,275,275,1,0,343
7,21,RS,276,281,6,1,376
7,21,none,282,282,1,0,343
7,21,RS,283,283,1,1,376
7,21,none,284,293,10,0,343
7,21,RS,294,296,3,1,376
7,21,none,297,302,6,0,343
7,21,RS,303,304,2,1,376
7,21,none,305,312,8,0,343
7,21,RS,313,313,1,1,376
7,21,none,314,324,11,0,343
7,21,RS,325,325,1,1,376
7,21,none,326,327,2,0,343
7,21,RS,328,328,1,1,376
7,21,none,329,329,1,0,343
7,21,RS,330,330,1,1,376
7,21,none,331,338,8,0,343
7,21,RS,339,339,1,1,376
7,21,none,340,345,6,0,343
7,21,RS,346,346,1,1,376
7,21,none,347,350,4,0,343
7,21,RS,351,351,1,1,376
7,21,none,352,360,9,0,343
7,21,RS,361,362,2,1,376
7,22,RS,26,26,1,1,376
7,22,none,27,58,32,0,343
7,22,PC,59,59,1,1,344
7,22,none,60,72,13,0,343
7,22,RS,73,80,8,1,376
7,22,none,81,81,1,0,343
7,22,RS,82,82,1,1,376
7,22,none,83,84,2,0,343
7,22,RS,85,86,2,1,376
7,22,"PC,RS",87,90,4,2,357
7,22,RS,91,93,3,1,376
7,22,none,94,94,1,0,343
7,22,RS,95,95,1,1,376
7,22,"PC,RS",96,96,1,2,357
7,22,none,97,98,2,0,343
7,22,RS,99,99,1,1,376
7,22,"PC,RS",100,100,1,2,357
7,22,RS,101,101,1,1,376
7,22,"PC,RS",102,103,2,2,357
7,22,RS,104,108,5,1,376
7,22,"PC,RS",109,113,5,2,357
7,22,RS,114,115,2,1,376
7,22,"RCL,RS",116,117,2,2,373
7,22,RCL,118,134,17,1,370
7,22,"RCA,RCL",135,135,1,2,367
7,22,RCL,136,138,3,1,370
7,22,"RCA,RCL",139,139,1,2,367
7,22,RCL,140,145,6,1,370
7,22,"BW,RCL",146,146,1,2,273
7,22,RCL,147,148,2,1,370
7,22,"BV,RCL",149,149,1,2,217
7,22,"RCA,RCL",150,153,4,2,367
7,22,"BW,RCL",154,154,1,2,273
7,22,"BW,GC,RCL",155,155,1,3,236
7,22,"RCA,RCL",156,159,4,2,367
7,22,RCL,160,160,1,1,370
7,22,"RCA,RCL",161,161,1,2,367
7,22,RCL,162,162,1,1,370
7,22,"RCA,RCL",163,163,1,2,367
7,22,RCL,164,164,1,1,370
7,22,"RCA,RCL",165,165,1,2,367
7,22,RCL,166,168,3,1,370
7,22,RCA,169,169,1,1,366
7,22,RCL,170,170,1,1,370
7,22,RCA,171,171,1,1,366
7,22,"RCA,RCL",172,173,2,2,367
7,22,RCL,174,174,1,1,370
7,22,"BW,RCA,RCL",175,175,1,3,271
7,22,"BW,RCL",176,176,1,2,273
7,22,"RCA,RCL",177,179,3,2,367
7,22,RCL,180,180,1,1,370
7,22,"RCA,RCL",181,182,2,2,367
7,22,"BV,RCA,RCL",183,183,1,3,216
7,22,"RCA,RCL",184,185,2,2,367
7,22,RCL,186,191,6,1,370
7,22,"RCA,RCL",192,192,1,2,367
7,22,RCL,193,195,3,1,370
7,22,"RCA,RCL",196,196,1,2,367
7,22,RCL,197,208,12,1,370
7,22,"RCA,RCL",209,209,1,2,367
7,22,RCL,210,239,30,1,370
7,22,"RCL,RS",240,240,1,2,373
7,22,RCL,241,244,4,1,370
7,22,none,245,245,1,0,343
7,22,RCL,246,256,11,1,370
7,22,"GC,RCL",257,260,4,2,302
7,22,RCL,261,261,1,1,370
7,22,"GC,RCL",262,263,2,2,302
7,22,RCL,264,274,11,1,370
7,22,none,275,276,2,0,343
7,22,RS,277,278,2,1,376
7,22,none,279,280,2,0,343
7,22,RS,281,281,1,1,376
7,22,none,282,283,2,0,343
7,22,RS,284,285,2,1,376
7,22,none,286,288,3,0,343
7,22,"RCL,RS",289,289,1,2,373
7,22,none,290,297,8,0,343
7,22,RS,298,298,1,1,376
7,22,none,299,304,6,0,343
7,22,RS,305,306,2,1,376
7,22,none,307,309,3,0,343
7,22,RCL,310,310,1,1,370
7,22,none,311,319,9,0,343
7,22,RS,320,320,1,1,376
7,23,RCL,25,25,1,1,370
7,23,none,26,62,37,0,343
7,23,RS,63,63,1,1,376
7,23,none,64,64,1,0,343
7,23,RS,65,73,9,1,376
7,23,none,74,76,3,0,343
7,23,RS,77,81,5,1,376
7,23,none,82,83,2,0,343
7,23,RS,84,84,1,1,376
7,23,none,85,86,2,0,343
7,23,"HV,PC",87,87,1,2,321
7,23,PC,88,88,1,1,344
7,23,RCL,89,89,1,1,370
7,23,"PC,RS",90,90,1,2,357
7,23,PC,91,91,1,1,344
7,23,"PC,RCL,RS",92,92,1,3,354
7,23,RCL,93,93,1,1,370
7,23,"PC,RCL",94,95,2,2,351
7,23,PC,96,96,1,1,344
7,23,"PC,RCL",97,97,1,2,351
7,23,RCL,98,98,1,1,370
7,23,none,99,99,1,0,343
7,23,RCL,100,102,3,1,370
7,23,none,103,107,5,0,343
7,23,"RCL,RP",108,111,4,2,371
7,23,none,112,112,1,0,343
7,23,RCL,113,114,2,1,370
7,23,none,115,115,1,0,343
7,23,RCL,116,118,3,1,370
7,23,"BW,RCL",119,119,1,2,273
7,23,"RCA,RCL",120,120,1,2,367
7,23,RCL,121,122,2,1,370
7,23,none,123,124,2,0,343
7,23,RCL,125,151,27,1,370
7,23,"GC,RCL",152,153,2,2,302
7,23,RCL,154,158,5,1,370
7,23,"GC,RCL",159,160,2,2,302
7,23,RCL,161,161,1,1,370
7,23,"GC,RCL",162,163,2,2,302
7,23,RCL,164,164,1,1,370
7,23,"GC,RCL",165,165,1,2,302
7,23,"BW,GC,RCL",166,166,1,3,236
7,23,RCL,167,170,4,1,370
7,23,"BW,RCL",171,172,2,2,273
7,23,"BW,GC,RCL",173,173,1,3,236
7,23,"GC,RCL",174,174,1,2,302
7,23,"BW,GC,RCL",175,175,1,3,236
7,23,RCL,176,177,2,1,370
7,23,"BW,RCL",178,178,1,2,273
7,23,RCL,179,183,5,1,370
7,23,"BW,RCL",184,185,2,2,273
7,23,RCL,186,189,4,1,370
7,23,"GC,RCL",190,191,2,2,302
7,23,"BW,HV,RCL",192,192,1,3,254
7,23,"BW,RCL",193,197,5,2,273
7,23,"GC,RCL",198,198,1,2,302
7,23,RCL,199,203,5,1,370
7,23,"BW,RCL",204,205,2,2,273
7,23,RCL,206,206,1,1,370
7,23,"BW,RCL",207,208,2,2,273
7,23,RCL,209,210,2,1,370
7,23,"BW,RCL",211,211,1,2,273
7,23,RCL,212,265,54,1,370
7,23,none,266,266,1,0,343
7,23,RCL,267,272,6,1,370
7,23,RS,273,273,1,1,376
7,23,RCL,274,275,2,1,370
7,23,RS,276,276,1,1,376
7,23,none,277,356,80,0,343
7,23,RS,357,357,1,1,376
7,24,RCL,38,38,1,1,370
7,24,none,39,88,50,0,343
7,24,RCL,89,90,2,1,370
7,24,none,91,91,1,0,343
7,24,RCL,92,95,4,1,370
7,24,none,96,98,3,0,343
7,24,RCL,99,104,6,1,370
7,24,none,105,106,2,0,343
7,24,RCL,107,107,1,1,370
7,24,none,108,109,2,0,343
7,24,RCL,110,111,2,1,370
7,24,none,112,113,2,0,343
7,24,RCL,114,131,18,1,370
7,24,"BW,RCL",132,133,2,2,273
7,24,RCL,134,141,8,1,370
7,24,"BW,RCL",142,143,2,2,273
7,24,RCL,144,147,4,1,370
7,24,"GC,RCL",148,148,1,2,302
7,24,RCL,149,155,7,1,370
7,24,"GC,RCL",156,158,3,2,302
7,24,RCL,159,162,4,1,370
7,24,"GC,RCL",163,163,1,2,302
7,24,RCL,164,164,1,1,370
7,24,"GC,RCL",165,169,5,2,302
7,24,RCL,170,170,1,1,370
7,24,"GC,RCL",171,171,1,2,302
7,24,"GC,HV,RCL",172,172,1,3,296
7,24,"GC,RCL",173,174,2,2,302
7,24,RCL,175,181,7,1,370
7,24,"BV,GC,RCL",182,183,2,3,201
7,24,"GC,RCL",184,186,3,2,302
7,24,"BV,GC,RCL",187,187,1,3,201
7,24,"GC,RCL",188,188,1,2,302
7,24,RCL,189,189,1,1,370
7,24,"GC,RCL",190,191,2,2,302
7,24,RCL,192,192,1,1,370
7,24,"GC,RCL",193,193,1,2,302
7,24,RCL,194,217,24,1,370
7,24,"GC,RCL",218,220,3,2,302
7,24,RCL,221,230,10,1,370
7,24,none,231,232,2,0,343
7,24,RCL,233,260,28,1,370
7,24,none,261,261,1,0,343
7,24,RS,262,262,1,1,376
7,24,RCL,263,266,4,1,370
7,24,none,267,267,1,0,343
7,24,RCL,268,270,3,1,370
7,24,none,271,272,2,0,343
7,24,RCL,273,273,1,1,370
7,24,"RCL,RS",274,275,2,2,373
7,24,none,276,304,29,0,343
7,24,RCL,305,305,1,1,370
7,24,none,306,313,8,0,343
7,24,RS,314,314,1,1,376
7,24,none,315,320,6,0,343
7,24,RS,321,321,1,1,376
7,24,none,322,337,16,0,343
7,24,"RCL,RS",338,338,1,2,373
8,1,PT,59,59,1,1,358
8,1,none,60,64,5,0,343
8,1,PT,65,66,2,1,358
8,1,none,67,69,3,0,343
8,1,PT,70,70,1,1,358
8,1,"PT,RS",71,72,2,2,365
8,1,RS,73,73,1,1,376
8,1,PT,74,74,1,1,358
8,1,none,75,75,1,0,343
8,1,PT,76,78,3,1,358
8,1,"PT,RS",79,79,1,2,365
8,1,PT,80,80,1,1,358
8,1,"PC,PT",81,81,1,2,345
8,1,PC,82,83,2,1,344
8,1,none,84,85,2,0,343
8,1,PT,86,86,1,1,358
8,1,none,87,88,2,0,343
8,1,PT,89,90,2,1,358
8,1,none,91,107,17,0,343
8,1,BW,108,109,2,1,220
8,1,none,110,119,10,0,343
8,1,BW,120,120,1,1,220
8,1,none,121,127,7,0,343
8,1,RCL,128,128,1,1,370
8,1,"AC,RCL",129,129,1,2,154
8,1,"AC,BW,HV,RCL",130,130,1,4,100
8,1,AC,131,131,1,1,1
8,1,"AC,BW,RCL",132,132,1,3,105
8,1,"AC,RCL",133,133,1,2,154
8,1,RCL,134,136,3,1,370
8,1,"AC,RCL",137,137,1,2,154
8,1,"AC,BW,RCL",138,138,1,3,105
8,1,"AC,BW",139,139,1,2,72
8,1,"AC,RCL",140,140,1,2,154
8,1,none,141,141,1,0,343
8,1,"AC,RCL",142,146,5,2,154
8,1,"AC,BW,RCL",147,148,2,3,105
8,1,"AC,BV,BW,RCL",149,149,1,4,41
8,1,"AC,RCL",150,154,5,2,154
8,1,"AC,BW,RCL",155,155,1,3,105
8,1,"AC,BV,BW,RCL",156,157,2,4,41
8,1,"AC,BW,HV,RCL",158,158,1,4,100
8,1,"AC,BV,BW,RCL",159,159,1,4,41
8,1,"AC,BV,RCL",160,160,1,3,70
8,1,"AC,BV,BW,RCL",161,162,2,4,41
8,1,"AC,BV,BW,HC,RCL",163,163,1,5,30
8,1,"AC,BV,BW,RCL",164,165,2,4,41
8,1,"AC,BW,RCL",166,166,1,3,105
8,1,"AC,BV,BW,RCL",167,167,1,4,41
8,1,"AC,RCL",168,170,3,2,154
8,1,"AC,BW,RCL",171,173,3,3,105
8,1,"AC,BV,BW,HC,RCL",174,174,1,5,30
8,1,"AC,BW,RCL",175,175,1,3,105
8,1,"AC,BV,BW,HC,RCL",176,176,1,5,30
8,1,"AC,HC,RCL",177,177,1,3,139
8,1,"AC,RCL",178,179,2,2,154
8,1,"AC,HC,RCL",180,180,1,3,139
8,1,"AC,HC,HV,RCL",181,181,1,4,133
8,1,"AC,HC,RCL",182,182,1,3,139
8,1,"AC,RCL",183,183,1,2,154
8,1,"AC,BW,RCL",184,184,1,3,105
8,1,"BW,HC",185,185,1,2,238
8,1,"AC,BV,BW,RCL",186,187,2,4,41
8,1,"AC,BV,BW,HC,HV,RCA,RCL",188,188,1,7,24
8,1,"AC,BV,BW,HC,HV,RCL",189,189,1,6,26
8,1,"AC,BW,HC,HV,RCL",190,190,1,5,92
8,1,"AC,BV,HC,RCL",191,191,1,4,61
8,1,"AC,HC,RCL",192,192,1,3,139
8,1,"AC,BV,BW,HC,HV,RCL",193,194,2,6,26
8,1,"AC,BV,HC,HV,RCL",195,196,2,5,58
8,1,"AC,BV,HC,RCL",197,197,1,4,61
8,1,"AC,BV,BW,HC,HV,RCL",198,198,1,6,26
8,1,"AC,BV,HC,RCL",199,199,1,4,61
8,1,"AC,HC,RCL",200,200,1,3,139
8,1,"AC,RCL",201,201,1,2,154
8,1,"AC,HC,RCL",202,208,7,3,139
8,1,"AC,BW,RCL",209,209,1,3,105
8,1,"AC,BV,HC,RCL",210,210,1,4,61
8,1,"AC,HC,RCL",211,211,1,3,139
8,1,none,212,218,7,0,343
8,1,"AC,HC,RCL",219,220,2,3,139
8,1,"AC,RCL",221,253,33,2,154
8,1,none,254,288,35,0,343
8,1,RS,289,294,6,1,376
8,1,none,295,296,2,0,343
8,1,RS,297,297,1,1,376
8,1,none,298,302,5,0,343
8,1,RS,303,303,1,1,376
8,1,none,304,329,26,0,343
8,1,RS,330,330,1,1,376
8,2,PT,55,56,2,1,358
8,2,RS,57,57,1,1,376
8,2,none,58,63,6,0,343
8,2,PT,64,67,4,1,358
8,2,none,68,75,8,0,343
8,2,RS,76,76,1,1,376
8,2,"PT,RS",77,77,1,2,365
8,2,RS,78,78,1,1,376
8,2,"PT,RS",79,79,1,2,365
8,2,none,80,80,1,0,343
8,2,RS,81,82,2,1,376
8,2,none,83,86,4,0,343
8,2,"PC,RS",87,87,1,2,357
8,2,none,88,91,4,0,343
8,2,PC,92,92,1,1,344
8,2,"PC,RS",93,94,2,2,357
8,2,none,95,96,2,0,343
8,2,"PC,RS",97,97,1,2,357
8,2,PC,98,98,1,1,344
8,2,"PC,RS",99,99,1,2,357
8,2,none,100,100,1,0,343
8,2,PC,101,103,3,1,344
8,2,none,104,109,6,0,343
8,2,PC,110,110,1,1,344
8,2,none,111,113,3,0,343
8,2,RCL,114,114,1,1,370
8,2,"BW,RCL",115,115,1,2,273
8,2,RCL,116,118,3,1,370
8,2,"BW,RCL,RS",119,119,1,3,276
8,2,RCL,120,123,4,1,370
8,2,none,124,124,1,0,343
8,2,"BW,RCL",125,125,1,2,273
8,2,RCL,126,126,1,1,370
8,2,"BW,RCL",127,127,1,2,273
8,2,"AC,BW,RCL",128,129,2,3,105
8,2,"AC,RCL",130,130,1,2,154
8,2,"AC,RCA,RCL",131,132,2,3,152
8,2,"AC,RCL",133,134,2,2,154
8,2,"AC,RCA,RCL",135,140,6,3,152
8,2,none,141,147,7,0,343
8,2,"AC,BV,BW,RCA,RCL",148,148,1,5,39
8,2,"AC,RCA,RCL",149,151,3,3,152
8,2,"AC,BW,RCA,RCL",152,152,1,4,103
8,2,"AC,BW,HC,RCA,RCL",153,154,2,5,95
8,2,none,155,175,21,0,343
8,2,"AC,BV,BW,HC,RCL",176,176,1,5,30
8,2,"AC,BV,BW,HC,RCA,RCL",177,178,2,6,29
8,2,"AC,BV,HC,RCA,RCL",179,181,3,5,60
8,2,"AC,RCA,RCL",182,183,2,3,152
8,2,"AC,HC,RCA,RCL",184,184,1,4,137
8,2,"AC,RCA,RCL",185,187,3,3,152
8,2,"AC,HC,RCA,RCL",188,188,1,4,137
8,2,"AC,RCA,RCL",189,189,1,3,152
8,2,"AC,HC,RCL",190,190,1,3,139
8,2,"AC,RCL",191,192,2,2,154
8,2,RCL,193,193,1,1,370
8,2,"AC,RCL",194,194,1,2,154
8,2,"AC,BV,RCL",195,195,1,3,70
8,2,"AC,BV,BW,RCL",196,196,1,4,41
8,2,"AC,BV,BW,HC,RCL",197,197,1,5,30
8,2,"AC,RCL",198,199,2,2,154
8,2,"AC,HC,RCL",200,200,1,3,139
8,2,"AC,RCL",201,205,5,2,154
8,2,"AC,HC,RCL",206,206,1,3,139
8,2,"AC,BW,RCL",207,209,3,3,105
8,2,"AC,RCL",210,211,2,2,154
8,2,"AC,HC,RCL",212,212,1,3,139
8,2,"AC,HC,RCA,RCL",213,213,1,4,137
8,2,"AC,RCA,RCL",214,214,1,3,152
8,2,"AC,HC,RCA,RCL",215,215,1,4,137
8,2,"AC,HC,RCL",216,217,2,3,139
8,2,none,218,224,7,0,343
8,2,"AC,HC,RCL",225,225,1,3,139
8,2,"AC,HC,HV,RCA,RCL",226,226,1,5,130
8,2,"AC,HC,RCL",227,227,1,3,139
8,2,"AC,HC,RCA,RCL",228,228,1,4,137
8,2,"AC,RCA,RCL",229,230,2,3,152
8,2,"AC,HC,RCA,RCL",231,231,1,4,137
8,2,"AC,HC,RCL",232,232,1,3,139
8,2,"AC,RCL",233,237,5,2,154
8,2,"AC,HC,RCA,RCL",238,238,1,4,137
8,2,"AC,RCL",239,244,6,2,154
8,2,"AC,RCA,RCL",245,245,1,3,152
8,2,"AC,RCL,RS",246,246,1,3,155
8,2,"AC,RCL",247,247,1,2,154
8,2,RCL,248,275,28,1,370
8,2,none,276,299,24,0,343
8,2,RS,300,300,1,1,376
8,2,none,301,321,21,0,343
8,2,RCA,322,322,1,1,366
8,3,PT,11,12,2,1,358
8,3,none,13,67,55,0,343
8,3,PT,68,73,6,1,358
8,3,none,74,104,31,0,343
8,3,PT,105,105,1,1,358
8,3,none,106,109,4,0,343
8,3,RCL,110,112,3,1,370
8,3,RCA,113,113,1,1,366
8,3,none,114,117,4,0,343
8,3,RCL,118,120,3,1,370
8,3,"BW,RCL",121,123,3,2,273
8,3,RCL,124,128,5,1,370
8,3,"RCA,RCL",129,129,1,2,367
8,3,RCL,130,131,2,1,370
8,3,"RCA,RCL",132,132,1,2,367
8,3,none,133,139,7,0,343
8,3,"AC,RCA,RCL",140,140,1,3,152
8,3,"BW,HC,RCL",141,141,1,3,246
8,3,"AC,BW,RCA,RCL",142,144,3,4,103
8,3,"AC,RCA,RCL",145,145,1,3,152
8,3,"AC,RCL",146,146,1,2,154
8,3,"AC,BW,RCA,RCL",147,148,2,4,103
8,3,"AC,RCA,RCL",149,149,1,3,152
8,3,"AC,BW,RCA,RCL",150,150,1,4,103
8,3,"AC,HC,RCL",151,151,1,3,139
8,3,"AC,BW,RCA,RCL",152,154,3,4,103
8,3,none,155,167,13,0,343
8,3,"AC,RCA,RCL",168,170,3,3,152
8,3,"AC,RCL",171,195,25,2,154
8,3,"AC,HC,RCL",196,197,2,3,139
8,3,"AC,BW,HV,RCL",198,198,1,4,100
8,3,"AC,HV,RCL",199,199,1,3,145
8,3,"AC,HC,HV,RCL",200,200,1,4,133
8,3,"AC,HC,HV,RCA,RCL",201,202,2,5,130
8,3,"AC,BW,RCA,RCL",203,203,1,4,103
8,3,"AC,HV,RCA,RCL",204,207,4,4,143
8,3,"AC,RCL",208,208,1,2,154
8,3,"AC,BW,HC,RCL",209,209,1,4,96
8,3,"AC,BV,BW,HC,RCL",210,210,1,5,30
8,3,"AC,BW,RCL",211,211,1,3,105
8,3,"AC,RCL",212,212,1,2,154
8,3,"AC,BW,RCL",213,214,2,3,105
8,3,"AC,BW,RCA,RCL",215,216,2,4,103
8,3,"AC,BW,HV,RCL",217,217,1,4,100
8,3,"AC,BW,HC,RCL",218,218,1,4,96
8,3,"AC,HV,RCL",219,219,1,3,145
8,3,"AC,RCL",220,220,1,2,154
8,3,"AC,RCA,RCL",221,221,1,3,152
8,3,"AC,HC,RCL",222,222,1,3,139
8,3,"AC,RCL",223,224,2,2,154
8,3,"AC,RCA,RCL",225,226,2,3,152
8,3,"AC,HC,RCA,RCL",227,227,1,4,137
8,3,"AC,RCL",228,230,3,2,154
8,3,"AC,HV,RCA,RCL",231,231,1,4,143
8,3,"AC,RCL",232,232,1,2,154
8,3,"AC,RCA,RCL",233,233,1,3,152
8,3,"AC,BW,RCL",234,234,1,3,105
8,3,"AC,BW,RCA,RCL",235,235,1,4,103
8,3,RCL,236,236,1,1,370
8,3,"AC,RCL",237,240,4,2,154
8,3,RCL,241,241,1,1,370
8,3,"AC,RCL",242,245,4,2,154
8,3,RCL,246,246,1,1,370
8,3,"AC,RCL",247,248,2,2,154
8,3,RCL,249,251,3,1,370
8,3,"AC,RCL",252,253,2,2,154
8,3,RCL,254,254,1,1,370
8,3,"AC,RCA,RCL",255,255,1,3,152
8,3,RCL,256,276,21,1,370
8,3,none,277,278,2,0,343
8,3,RCL,279,279,1,1,370
8,3,none,280,314,35,0,343
8,3,RCL,315,315,1,1,370
8,4,PT,52,52,1,1,358
8,4,none,53,73,21,0,343
8,4,PT,74,78,5,1,358
8,4,none,79,79,1,0,343
8,4,PT,80,90,11,1,358
8,4,none,91,91,1,0,343
8,4,PT,92,92,1,1,358
8,4,none,93,95,3,0,343
8,4,PT,96,96,1,1,358
8,4,none,97,103,7,0,343
8,4,RCL,104,104,1,1,370
8,4,"BW,RCL",105,105,1,2,273
8,4,"BW,RCA,RCL",106,106,1,3,271
8,4,"BW,RCL",107,107,1,2,273
8,4,RCL,108,112,5,1,370
8,4,"RCA,RCL",113,113,1,2,367
8,4,RCL,114,114,1,1,370
8,4,"BW,RCL",115,115,1,2,273
8,4,RCL,116,117,2,1,370
8,4,"RCA,RCL",118,120,3,2,367
8,4,"BW,RCA,RCL",121,122,2,3,271
8,4,"RCA,RCL",123,127,5,2,367
8,4,RCL,128,130,3,1,370
8,4,"PT,RCL",131,131,1,2,360
8,4,RCL,132,132,1,1,370
8,4,"RCA,RCL",133,133,1,2,367
8,4,"BW,RCA,RCL",134,136,3,3,271
8,4,"RCA,RCL",137,139,3,2,367
8,4,"AC,RCA,RCL",140,140,1,3,152
8,4,"RCA,RCL",141,142,2,2,367
8,4,"BV,BW,HV,RCA,RCL",143,143,1,5,182
8,4,"BV,BW,RCA,RCL",144,144,1,4,188
8,4,"AC,BV,RCA,RCL",145,145,1,4,69
8,4,"RCA,RCL",146,146,1,2,367
8,4,"AC,BV,BW,RCA,RCL",147,147,1,5,39
8,4,"AC,BV,BW,HC,RCL",148,148,1,5,30
8,4,RCL,149,149,1,1,370
8,4,"RCA,RCL",150,150,1,2,367
8,4,"AC,HV,RCA,RCL",151,151,1,4,143
8,4,"AC,BV,HV,RCA,RCL",152,152,1,5,64
8,4,"BV,BW,HV,RCA,RCL",153,154,2,5,182
8,4,"AC,BV,BW,HV,RCA,RCL",155,156,2,6,34
8,4,"AC,HV,RCA,RCL",157,159,3,4,143
8,4,"AC,BW,HC,HV,RCA,RCL",160,160,1,6,90
8,4,"AC,HV,RCA,RCL",161,161,1,4,143
8,4,"AC,BW,RCA,RCL",162,162,1,4,103
8,4,"AC,BW,HC,RCA,RCL",163,163,1,5,95
8,4,"AC,BV,BW,HV,RCA,RCL",164,164,1,6,34
8,4,"AC,HV,RCA,RCL",165,165,1,4,143
8,4,"AC,BW,HC,RCA,RCL",166,166,1,5,95
8,4,"AC,BW,RCA,RCL",167,168,2,4,103
8,4,"AC,RCA,RCL",169,169,1,3,152
8,4,"AC,BW,RCA,RCL",170,171,2,4,103
8,4,"AC,BV,BW,RCA,RCL",172,172,1,5,39
8,4,"AC,BV,BW,HC,HV,RCA,RCL",173,173,1,7,24
8,4,"AC,BW,RCA,RCL",174,176,3,4,103
8,4,"AC,HV,RCA,RCL",177,177,1,4,143
8,4,"AC,BW,HV,RCA,RCL",178,178,1,5,98
8,4,"AC,BW,RCA,RCL",179,179,1,4,103
8,4,"AC,BV,BW,GC,HC,RCA,RCL",180,180,1,7,11
8,4,"AC,BV,BW,RCA,RCL",181,182,2,5,39
8,4,"AC,HC,RCA,RCL",183,183,1,4,137
8,4,"AC,RCA,RCL",184,186,3,3,152
8,4,"AC,BW,HV,RCL",187,187,1,4,100
8,4,"AC,BV,BW,RCA,RCL",188,188,1,5,39
8,4,"AC,BV,BW,HC,HV,RCL",189,189,1,6,26
8,4,"AC,BV,BW,HC,RCA,RCL",190,190,1,6,29
8,4,"AC,HC,RCA,RCL",191,191,1,4,137
8,4,"AC,BW,RCA,RCL",192,192,1,4,103
8,4,"AC,BW,HC,RCA,RCL",193,193,1,5,95
8,4,"AC,RCA,RCL",194,195,2,3,152
8,4,"AC,BW,HC,RCA,RCL",196,197,2,5,95
8,4,"AC,GC,HC,RCL",198,198,1,4,115
8,4,"AC,RCL",199,199,1,2,154
8,4,"AC,BW,RCL",200,200,1,3,105
8,4,"AC,RCL",201,201,1,2,154
8,4,"AC,BW,HV,RCL",202,208,7,4,100
8,4,"AC,BV,BW,HV,RCL",209,209,1,5,36
8,4,"AC,RCL",210,215,6,2,154
8,4,"AC,HC,RCL",216,223,8,3,139
8,4,"AC,RCL",224,230,7,2,154
8,4,RCL,231,231,1,1,370
8,4,"HC,RCL",232,232,1,2,317
8,4,"AC,HC,RCL",233,237,5,3,139
8,4,"AC,RCL",238,245,8,2,154
8,4,RCL,246,250,5,1,370
8,4,"AC,RCA,RCL",251,251,1,3,152
8,4,"RCA,RCL",252,252,1,2,367
8,4,RCL,253,253,1,1,370
8,4,none,254,282,29,0,343
8,4,RS,283,284,2,1,376
8,4,none,285,289,5,0,343
8,4,RS,290,290,1,1,376
8,4,none,291,298,8,0,343
8,4,RS,299,299,1,1,376
8,5,PC,82,82,1,1,344
8,5,none,83,83,1,0,343
8,5,PC,84,85,2,1,344
8,5,none,86,87,2,0,343
8,5,PC,88,93,6,1,344
8,5,none,94,95,2,0,343
8,5,PC,96,99,4,1,344
8,5,none,100,103,4,0,343
8,5,PC,104,104,1,1,344
8,5,none,105,105,1,0,343
8,5,RCL,106,107,2,1,370
8,5,PT,108,108,1,1,358
8,5,none,109,109,1,0,343
8,5,RCL,110,112,3,1,370
8,5,none,113,113,1,0,343
8,5,RCL,114,116,3,1,370
8,5,"BW,RCL",117,117,1,2,273
8,5,RCL,118,120,3,1,370
8,5,"BW,RCL",121,121,1,2,273
8,5,RCL,122,124,3,1,370
8,5,"RCA,RCL",125,125,1,2,367
8,5,"BW,RCA,RCL",126,127,2,3,271
8,5,RCL,128,128,1,1,370
8,5,"RCA,RCL",129,133,5,2,367
8,5,"AC,RCA,RCL",134,134,1,3,152
8,5,"RCA,RCL",135,135,1,2,367
8,5,"BW,RCA,RCL",136,136,1,3,271
8,5,"BV,BW,RCA,RCL",137,138,2,4,188
8,5,"AC,RCA,RCL",139,139,1,3,152
8,5,"RCA,RCL",140,140,1,2,367
8,5,"AC,RCA,RCL",141,141,1,3,152
8,5,"RCA,RCL",142,142,1,2,367
8,5,"AC,RCA,RCL",143,143,1,3,152
8,5,"RCA,RCL",144,144,1,2,367
8,5,"AC,RCA,RCL",145,145,1,3,152
8,5,"RCA,RCL",146,146,1,2,367
8,5,RCL,147,147,1,1,370
8,5,"AC,RCA,RCL",148,148,1,3,152
8,5,RCL,149,149,1,1,370
8,5,"RCA,RCL",150,151,2,2,367
8,5,"AC,RCA,RCL",152,153,2,3,152
8,5,"RCA,RCL",154,155,2,2,367
8,5,"AC,BV,BW,RCA,RCL",156,158,3,5,39
8,5,"AC,BV,RCA,RCL",159,159,1,4,69
8,5,"AC,RCA,RCL",160,166,7,3,152
8,5,"AC,HC,RCA,RCL",167,167,1,4,137
8,5,"AC,RCA,RCL",168,168,1,3,152
8,5,"AC,BW,HC,RCA,RCL",169,169,1,5,95
8,5,"AC,BV,BW,HC,RCA,RCL",170,170,1,6,29
8,5,"AC,HC,RCA,RCL",171,171,1,4,137
8,5,"AC,RCA,RCL",172,172,1,3,152
8,5,"AC,BW,RCA,RCL",173,174,2,4,103
8,5,"BW,RCA,RCL",175,175,1,3,271
8,5,"AC,BW,RCA,RCL",176,176,1,4,103
8,5,"AC,BV,BW,RCA,RCL",177,177,1,5,39
8,5,"AC,BV,BW,HC,RCA,RCL",178,178,1,6,29
8,5,"AC,BV,RCA,RCL",179,179,1,4,69
8,5,"AC,RCA,RCL",180,180,1,3,152
8,5,"AC,HC,RCA,RCL",181,181,1,4,137
8,5,"AC,RCL",182,183,2,2,154
8,5,RCL,184,184,1,1,370
8,5,"AC,RCL",185,185,1,2,154
8,5,"AC,BV,RCL",186,186,1,3,70
8,5,"AC,BV,BW,HC,HV,RCA,RCL",187,187,1,7,24
8,5,"AC,BV,HC,RCA,RCL",188,188,1,5,60
8,5,"AC,HC,RCL",189,189,1,3,139
8,5,"AC,RCL",190,190,1,2,154
8,5,"HC,RCL",191,191,1,2,317
8,5,"AC,RCL",192,192,1,2,154
8,5,"AC,BV,HC,RCA,RCL",193,193,1,5,60
8,5,"AC,BV,HC,RCL",194,194,1,4,61
8,5,"AC,HC,RCA,RCL",195,195,1,4,137
8,5,"AC,BW,RCA,RCL",196,196,1,4,103
8,5,"AC,RCL",197,198,2,2,154
8,5,"AC,RCA,RCL",199,199,1,3,152
8,5,"AC,RCL",200,201,2,2,154
8,5,"AC,HC,RCL",202,202,1,3,139
8,5,"AC,RCL",203,204,2,2,154
8,5,"AC,HC,RCL",205,205,1,3,139
8,5,"AC,RCL",206,208,3,2,154
8,5,"AC,HC,RCA,RCL",209,209,1,4,137
8,5,"AC,HC,RCL",210,210,1,3,139
8,5,"AC,RCL",211,230,20,2,154
8,5,"AC,HC,RCL",231,235,5,3,139
8,5,"AC,RCL",236,241,6,2,154
8,5,RCL,242,243,2,1,370
8,5,"AC,RCL",244,246,3,2,154
8,5,RCL,247,247,1,1,370
8,5,HV,248,248,1,1,320
8,5,AC,249,255,7,1,1
8,5,"AC,RCL",256,256,1,2,154
8,5,RCL,257,264,8,1,370
8,5,none,265,280,16,0,343
8,5,RS,281,281,1,1,376
8,5,none,282,283,2,0,343
8,5,RCA,284,284,1,1,366
8,5,none,285,293,9,0,343
8,5,RS,294,294,1,1,376
8,6,RS,54,54,1,1,376
8,6,none,55,55,1,0,343
8,6,RS,56,63,8,1,376
8,6,none,64,71,8,0,343
8,6,RS,72,73,2,1,376
8,6,"PC,RS",74,74,1,2,357
8,6,none,75,79,5,0,343
8,6,PC,80,80,1,1,344
8,6,none,81,81,1,0,343
8,6,"PC,RS",82,82,1,2,357
8,6,PC,83,84,2,1,344
8,6,"PC,RS",85,86,2,2,357
8,6,PC,87,96,10,1,344
8,6,none,97,105,9,0,343
8,6,PC,106,106,1,1,344
8,6,none,107,113,7,0,343
8,6,PC,114,114,1,1,344
8,6,"BW,PC",115,115,1,2,260
8,6,"BW,HV,RS",116,116,1,3,259
8,6,"BV,BW,HV,RS",117,117,1,4,186
8,6,"BV,BW,HV",118,118,1,3,180
8,6,RCA,119,119,1,1,366
8,6,none,120,120,1,0,343
8,6,RCA,121,124,4,1,366
8,6,"AC,RCA",125,125,1,2,151
8,6,none,126,126,1,0,343
8,6,"AC,RCA",127,127,1,2,151
8,6,RCA,128,130,3,1,366
8,6,"AC,RCA",131,131,1,2,151
8,6,RCA,132,132,1,1,366
8,6,"AC,RCA",133,133,1,2,151
8,6,"AC,BV,BW,HC,RCA",134,136,3,5,28
8,6,"AC,RCA",137,137,1,2,151
8,6,"AC,BW",138,138,1,2,72
8,6,"AC,BV,BW,HC,HV,RCA",139,139,1,6,23
8,6,"AC,BV,BW,HC,HV,RCA,RCL",140,140,1,7,24
8,6,"AC,BV,BW,HC,HV,RCA",141,141,1,6,23
8,6,"RCA,RCL",142,142,1,2,367
8,6,RCA,143,144,2,1,366
8,6,"AC,RCA,RCL",145,145,1,3,152
8,6,"AC,RCL",146,146,1,2,154
8,6,"AC,RCA,RCL",147,147,1,3,152
8,6,"AC,BW,HV,RCA,RCL",148,148,1,5,98
8,6,"AC,BV,BW,HC,HV,RCA,RCL",149,150,2,7,24
8,6,"AC,BW,RCA,RCL",151,151,1,4,103
8,6,"AC,RCA,RCL",152,152,1,3,152
8,6,"AC,BW,RCA,RCL",153,153,1,4,103
8,6,"AC,RCA,RCL",154,154,1,3,152
8,6,"AC,BV,BW,HC,HV,RCA,RCL",155,156,2,7,24
8,6,"AC,RCA,RCL",157,157,1,3,152
8,6,"RCA,RCL",158,158,1,2,367
8,6,"AC,RCA,RCL",159,160,2,3,152
8,6,"AC,RCA",161,161,1,2,151
8,6,RCA,162,162,1,1,366
8,6,"AC,RCA",163,163,1,2,151
8,6,"AC,RCA,RCL",164,165,2,3,152
8,6,"AC,BW,RCA,RCL",166,166,1,4,103
8,6,"AC,RCA,RCL",167,168,2,3,152
8,6,"AC,HC,RCA,RCL",169,169,1,4,137
8,6,"AC,RCL",170,170,1,2,154
8,6,"AC,RCA,RCL",171,171,1,3,152
8,6,"AC,BW,RCL",172,172,1,3,105
8,6,"AC,BV,BW,RCA,RCL",173,173,1,5,39
8,6,"AC,BV,BW,HC,RCA,RCL",174,175,2,6,29
8,6,"AC,BW,HC,RCA",176,176,1,4,94
8,6,"AC,BW,RCA",177,177,1,3,102
8,6,"AC,RCA",178,178,1,2,151
8,6,"AC,BV,BW,RCL",179,180,2,4,41
8,6,"AC,BV,BW,HC,RCA,RCL",181,182,2,6,29
8,6,"HC,RCL",183,183,1,2,317
8,6,"AC,RCA",184,184,1,2,151
8,6,"AC,HC,RCA",185,190,6,3,136
8,6,"AC,RCA",191,192,2,2,151
8,6,"AC,HC",193,193,1,2,128
8,6,AC,194,194,1,1,1
8,6,BW,195,195,1,1,220
8,6,"AC,BV,BW",196,196,1,3,3
8,6,"AC,BV,BW,RCL",197,197,1,4,41
8,6,"AC,HC,RCA,RCL",198,199,2,4,137
8,6,"AC,RCL",200,201,2,2,154
8,6,"RCA,RCL",202,202,1,2,367
8,6,RCL,203,203,1,1,370
8,6,"AC,RCL",204,205,2,2,154
8,6,AC,206,206,1,1,1
8,6,"AC,RCA,RCL",207,207,1,3,152
8,6,"AC,RCL",208,208,1,2,154
8,6,AC,209,209,1,1,1
8,6,none,210,210,1,0,343
8,6,AC,211,213,3,1,1
8,6,"AC,RCA,RCL",214,214,1,3,152
8,6,AC,215,215,1,1,1
8,6,"AC,RCL",216,218,3,2,154
8,6,"AC,HC,RCL",219,220,2,3,139
8,6,"AC,RCL",221,222,2,2,154
8,6,AC,223,223,1,1,1
8,6,"AC,RCL",224,225,2,2,154
8,6,RCL,226,226,1,1,370
8,6,"AC,RCL",227,229,3,2,154
8,6,AC,230,230,1,1,1
8,6,"AC,RCL",231,231,1,2,154
8,6,AC,232,232,1,1,1
8,6,"AC,RCL",233,233,1,2,154
8,6,"AC,BW",234,234,1,2,72
8,6,"AC,BV,BW,GC,HV",235,235,1,5,13
8,6,"AC,BV,GC,HC,HV,RCL",236,236,1,6,45
8,6,"AC,HC,HV,RCL",237,237,1,4,133
8,6,"AC,HC,RCL",238,238,1,3,139
8,6,"AC,HC",239,239,1,2,128
8,6,"AC,HC,RCL",240,243,4,3,139
8,6,"HC,RCL",244,244,1,2,317
8,6,"AC,HC,RCL",245,245,1,3,139
8,6,"AC,GC,HC,HV",246,246,1,4,109
8,6,"AC,GC,HC",247,248,2,3,108
8,6,"AC,HC,RCL",249,251,3,3,139
8,6,"AC,RCL",252,252,1,2,154
8,6,"AC,HC,RCL",253,253,1,3,139
8,6,"AC,RCL",254,258,5,2,154
8,6,none,259,259,1,0,343
8,6,AC,260,260,1,1,1
8,6,"AC,RCL",261,262,2,2,154
8,6,RCL,263,263,1,1,370
8,6,"AC,RCL",264,265,2,2,154
8,6,RCL,266,266,1,1,370
8,6,AC,267,268,2,1,1
8,7,RS,82,82,1,1,376
8,7,none,83,93,11,0,343
8,7,PC,94,94,1,1,344
8,7,none,95,95,1,0,343
8,7,BW,96,97,2,1,220
8,7,RS,98,101,4,1,376
8,7,none,102,105,4,0,343
8,7,BW,106,106,1,1,220
8,7,"BW,RS",107,107,1,2,279
8,7,BW,108,108,1,1,220
8,7,none,109,110,2,0,343
8,7,RCL,111,111,1,1,370
8,7,none,112,112,1,0,343
8,7,RS,113,113,1,1,376
8,7,"BW,RCL",114,114,1,2,273
8,7,RCL,115,120,6,1,370
8,7,none,121,217,97,0,343
8,7,"AC,RCL",218,218,1,2,154
8,7,"AC,HC,RCL",219,219,1,3,139
8,7,"AC,HC,HV,RCL",220,220,1,4,133
8,7,"AC,HC,RCL",221,221,1,3,139
8,7,"HC,HV,RCL",222,222,1,3,310
8,7,"AC,BW,HC,HV,RCL",223,223,1,5,92
8,7,"AC,HC,RCL",224,224,1,3,139
8,7,"AC,RCL",225,225,1,2,154
8,7,"AC,HC,RCL",226,226,1,3,139
8,7,"AC,HV,RCL",227,227,1,3,145
8,7,"AC,HC,HV,RCL",228,228,1,4,133
8,7,"AC,HC,RCL",229,230,2,3,139
8,7,"AC,RCL",231,232,2,2,154
8,7,"AC,HC,RCL",233,233,1,3,139
8,7,"AC,RCL",234,237,4,2,154
8,7,"AC,BW,HC,RCL",238,238,1,4,96
8,7,"AC,RCL",239,240,2,2,154
8,7,"AC,HC,RCL",241,244,4,3,139
8,7,"AC,RCL",245,245,1,2,154
8,7,"AC,HC,RCL",246,246,1,3,139
8,7,"HC,RCL",247,247,1,2,317
8,7,"AC,RCL",248,248,1,2,154
8,7,"AC,HC,RCL",249,250,2,3,139
8,7,"AC,RCL",251,251,1,2,154
8,7,"HC,RCL",252,252,1,2,317
8,7,RCL,253,283,31,1,370
8,7,none,284,285,2,0,343
8,7,RCL,286,286,1,1,370
8,7,none,287,295,9,0,343
8,7,RCL,296,296,1,1,370
8,7,none,297,298,2,0,343
8,7,RCL,299,299,1,1,370
8,7,none,300,300,1,0,343
8,7,RCL,301,301,1,1,370
8,7,none,302,304,3,0,343
8,7,RCL,305,305,1,1,370
8,8,"PC,RS",74,74,1,2,357
8,8,RS,75,76,2,1,376
8,8,"PC,RS",77,77,1,2,357
8,8,RS,78,78,1,1,376
8,8,"PC,RS",79,79,1,2,357
8,8,none,80,80,1,0,343
8,8,"PC,PT,RP,RS",81,81,1,4,347
8,8,"PC,RP,RS",82,83,2,3,356
8,8,RP,84,84,1,1,374
8,8,"PC,RP",85,85,1,2,355
8,8,RP,86,86,1,1,374
8,8,"PC,RP",87,87,1,2,355
8,8,none,88,94,7,0,343
8,8,PC,95,95,1,1,344
8,8,"PC,PT",96,96,1,2,345
8,8,PC,97,98,2,1,344
8,8,"PC,PT",99,99,1,2,345
8,8,none,100,112,13,0,343
8,8,RCL,113,113,1,1,370
8,8,"BW,RCL",114,114,1,2,273
8,8,BW,115,115,1,1,220
8,8,RCL,116,121,6,1,370
8,8,"PT,RCL",122,122,1,2,360
8,8,PT,123,123,1,1,358
8,8,"PT,RCL",124,124,1,2,360
8,8,"AC,RCL",125,125,1,2,154
8,8,"AC,BW,RCL",126,127,2,3,105
8,8,RCL,128,133,6,1,370
8,8,"AC,RCA,RCL",134,134,1,3,152
8,8,"AC,RCL",135,137,3,2,154
8,8,"AC,BW,RCL",138,138,1,3,105
8,8,"AC,BV,BW,HC,RCL",139,139,1,5,30
8,8,"AC,BV,BW,HV,RCL",140,140,1,5,36
8,8,"AC,BV,HC,RCA,RCL",141,141,1,5,60
8,8,"AC,RCL",142,143,2,2,154
8,8,"AC,RCA,RCL",144,147,4,3,152
8,8,"AC,RCL",148,150,3,2,154
8,8,"AC,RCA,RCL",151,152,2,3,152
8,8,"AC,RCL",153,154,2,2,154
8,8,"AC,BW,RCL",155,156,2,3,105
8,8,"AC,BV,BW,RCA,RCL",157,157,1,5,39
8,8,"AC,BV,BW,HC,RCA,RCL",158,158,1,6,29
8,8,"AC,RCL",159,163,5,2,154
8,8,"AC,RCA,RCL",164,164,1,3,152
8,8,"AC,RCL",165,165,1,2,154
8,8,"AC,BW,RCL",166,166,1,3,105
8,8,"AC,BV,BW,RCL",167,167,1,4,41
8,8,"AC,BV,BW,RCA,RCL",168,168,1,5,39
8,8,"AC,BV,BW,HV,RCA,RCL",169,169,1,6,34
8,8,"AC,RCL",170,170,1,2,154
8,8,"AC,RCA,RCL",171,173,3,3,152
8,8,"AC,RCL",174,175,2,2,154
8,8,"AC,BW,RCA,RCL",176,176,1,4,103
8,8,"AC,BW,GC,RCA,RCL",177,177,1,5,85
8,8,"AC,RCA,RCL",178,178,1,3,152
8,8,"AC,RCL",179,180,2,2,154
8,8,"AC,BW,RCA,RCL",181,181,1,4,103
8,8,"AC,BW,RCL",182,183,2,3,105
8,8,"AC,BV,RCL",184,185,2,3,70
8,8,"AC,BV,BW,RCL",186,186,1,4,41
8,8,"AC,RCL",187,188,2,2,154
8,8,"AC,HV,RCL",189,189,1,3,145
8,8,"AC,BW,RCL",190,190,1,3,105
8,8,"AC,BV,BW,RCL",191,191,1,4,41
8,8,"AC,BV,RCL",192,192,1,3,70
8,8,"AC,BW,HV,RCL",193,193,1,4,100
8,8,"AC,RCL",194,201,8,2,154
8,8,"AC,BW,RCL",202,202,1,3,105
8,8,"AC,RCL",203,211,9,2,154
8,8,"AC,BV,RCL",212,218,7,3,70
8,8,"AC,RCL",219,220,2,2,154
8,8,"AC,BV,HC,RCL",221,222,2,4,61
8,8,"AC,RCL",223,223,1,2,154
8,8,"AC,HC,RCL",224,225,2,3,139
8,8,"AC,RCL",226,227,2,2,154
8,8,"AC,HC,RCL",228,229,2,3,139
8,8,"AC,BV,HC,RCL",230,230,1,4,61
8,8,"AC,HC,RCL",231,231,1,3,139
8,8,"AC,RCL",232,235,4,2,154
8,8,"AC,HC,RCL",236,237,2,3,139
8,8,"AC,RCL",238,238,1,2,154
8,8,"AC,BV,RCL",239,240,2,3,70
8,8,"AC,RCL",241,242,2,2,154
8,8,"AC,BW,RCL",243,243,1,3,105
8,8,"AC,RCL",244,244,1,2,154
8,8,RCL,245,245,1,1,370
8,8,"AC,RCL",246,248,3,2,154
8,8,"AC,BV,RCL",249,249,1,3,70
8,8,"AC,RCL",250,251,2,2,154
8,8,AC,252,254,3,1,1
8,8,RCL,255,255,1,1,370
8,8,"AC,RCL",256,257,2,2,154
8,8,AC,258,258,1,1,1
8,8,RS,259,261,3,1,376
8,8,none,262,262,1,0,343
8,8,GC,263,263,1,1,280
8,8,"GC,RCL",264,264,1,2,302
8,8,RCL,265,265,1,1,370
8,8,"RCL,RS",266,266,1,2,373
8,8,RS,267,276,10,1,376
8,8,none,277,277,1,0,343
8,8,RS,278,278,1,1,376
8,8,none,279,283,5,0,343
8,8,RS,284,286,3,1,376
8,9,RS,67,83,17,1,376
8,9,"BW,RS",84,84,1,2,279
8,9,RS,85,85,1,1,376
8,9,none,86,88,3,0,343
8,9,RS,89,97,9,1,376
8,9,none,98,98,1,0,343
8,9,RS,99,99,1,1,376
8,9,none,100,100,1,0,343
8,9,"PC,RS",101,102,2,2,357
8,9,"RP,RS",103,107,5,2,375
8,9,RS,108,108,1,1,376
8,9,none,109,110,2,0,343
8,9,RP,111,111,1,1,374
8,9,"RP,RS",112,112,1,2,375
8,9,RP,113,113,1,1,374
8,9,none,114,120,7,0,343
8,9,BW,121,121,1,1,220
8,9,none,122,125,4,0,343
8,9,"AC,BW",126,126,1,2,72
8,9,RCL,127,127,1,1,370
8,9,none,128,131,4,0,343
8,9,"RCL,RS",132,132,1,2,373
8,9,none,133,133,1,0,343
8,9,"HV,RS",134,134,1,2,342
8,9,"HC,RS",135,135,1,2,319
8,9,"AC,HC,RCL",136,136,1,3,139
8,9,RCL,137,137,1,1,370
8,9,"AC,BW,RCL",138,138,1,3,105
8,9,"AC,RCL",139,145,7,2,154
8,9,"AC,HC,RCL",146,152,7,3,139
8,9,"AC,HC,HV,RCL",153,153,1,4,133
8,9,"AC,HC,RCL",154,159,6,3,139
8,9,"AC,BW,HC,RCL",160,160,1,4,96
8,9,AC,161,167,7,1,1
8,9,"AC,BV,BW",168,169,2,3,3
8,9,"AC,BV,BW,HC",170,170,1,4,21
8,9,"AC,BV",171,171,1,2,2
8,9,"AC,HC",172,172,1,2,128
8,9,AC,173,173,1,1,1
8,9,"AC,RCL",174,187,14,2,154
8,9,"AC,HC,HV,RCL",188,188,1,4,133
8,9,"AC,RCL",189,202,14,2,154
8,9,RCL,203,208,6,1,370
8,9,"HC,RCL",209,215,7,2,317
8,9,"AC,HC,RCL",216,217,2,3,139
8,9,AC,218,218,1,1,1
8,9,"AC,RCL",219,219,1,2,154
8,9,"AC,HC",220,220,1,2,128
8,9,AC,221,224,4,1,1
8,9,"AC,RCL",225,225,1,2,154
8,9,AC,226,226,1,1,1
8,9,none,227,227,1,0,343
8,9,AC,228,228,1,1,1
8,9,"AC,BV",229,229,1,2,2
8,9,"AC,RCL",230,231,2,2,154
8,9,RCL,232,233,2,1,370
8,9,AC,234,234,1,1,1
8,9,none,235,235,1,0,343
8,9,AC,236,237,2,1,1
8,9,none,238,239,2,0,343
8,9,"AC,RCL",240,240,1,2,154
8,9,RCL,241,241,1,1,370
8,9,AC,242,243,2,1,1
8,9,none,244,244,1,0,343
8,9,"AC,RCL",245,250,6,2,154
8,9,RCL,251,252,2,1,370
8,9,"AC,RCL",253,253,1,2,154
8,9,AC,254,254,1,1,1
8,9,"AC,RCL",255,255,1,2,154
8,9,RCL,256,261,6,1,370
8,9,none,262,262,1,0,343
8,9,RCL,263,263,1,1,370
8,9,none,264,265,2,0,343
8,9,RCL,266,268,3,1,370
8,9,RS,269,269,1,1,376
8,9,"RCL,RS",270,270,1,2,373
8,9,RS,271,273,3,1,376
8,9,none,274,275,2,0,343
8,9,RS,276,276,1,1,376
8,9,none,277,278,2,0,343
8,9,HV,279,279,1,1,320
8,9,RS,280,281,2,1,376
8,9,none,282,285,4,0,343
8,9,"HV,RS",286,286,1,2,342
8,9,none,287,296,10,0,343
8,9,HV,297,297,1,1,320
8,9,none,298,361,64,0,343
8,9,PT,362,362,1,1,358
8,10,PT,3,4,2,1,358
8,10,none,5,8,4,0,343
8,10,PT,9,11,3,1,358
8,10,none,12,18,7,0,343
8,10,PT,19,19,1,1,358
8,10,none,20,27,8,0,343
8,10,PT,28,28,1,1,358
8,10,none,29,29,1,0,343
8,10,PT,30,30,1,1,358
8,10,none,31,43,13,0,343
8,10,PT,44,48,5,1,358
8,10,none,49,55,7,0,343
8,10,PT,56,64,9,1,358
8,10,none,65,65,1,0,343
8,10,PT,66,67,2,1,358
8,10,none,68,70,3,0,343
8,10,PT,71,72,2,1,358
8,10,none,73,73,1,0,343
8,10,PT,74,77,4,1,358
8,10,"PT,RP",78,78,1,2,363
8,10,"PT,RP,RS",79,79,1,3,364
8,10,PT,80,80,1,1,358
8,10,none,81,81,1,0,343
8,10,PT,82,82,1,1,358
8,10,"PT,RP",83,83,1,2,363
8,10,PT,84,84,1,1,358
8,10,"PT,RP",85,87,3,2,363
8,10,PT,88,88,1,1,358
8,10,"PT,RP",89,92,4,2,363
8,10,"PC,PT,RP",93,93,1,3,346
8,10,"PC,PT",94,94,1,2,345
8,10,PT,95,101,7,1,358
8,10,none,102,103,2,0,343
8,10,PC,104,105,2,1,344
8,10,none,106,107,2,0,343
8,10,PC,108,108,1,1,344
8,10,none,109,109,1,0,343
8,10,PT,110,112,3,1,358
8,10,PC,113,116,4,1,344
8,10,"BW,PC",117,120,4,2,260
8,10,"BW,RS",121,121,1,2,279
8,10,BW,122,123,2,1,220
8,10,none,124,127,4,0,343
8,10,RS,128,128,1,1,376
8,10,none,129,131,3,0,343
8,10,RCL,132,132,1,1,370
8,10,none,133,133,1,0,343
8,10,RCL,134,134,1,1,370
8,10,none,135,137,3,0,343
8,10,"BW,RCL,RS",138,138,1,3,276
8,10,"BV,BW,RCL,RS",139,139,1,4,190
8,10,"BV,BW,HV,RCL,RS",140,140,1,5,185
8,10,"RCL,RS",141,142,2,2,373
8,10,"HC,RCL,RS",143,143,1,3,318
8,10,"RCL,RS",144,145,2,2,373
8,10,"BV,BW,HC,RCL",146,146,1,4,178
8,10,"BV,BW,HC,RCL,RS",147,147,1,5,179
8,10,"AC,BV,HC,RCL,RS",148,148,1,5,62
8,10,"AC,RCL,RS",149,149,1,3,155
8,10,"AC,HC,RCL,RS",150,150,1,4,140
8,10,"AC,RCL,RS",151,151,1,3,155
8,10,"AC,HC,RCL,RS",152,152,1,4,140
8,10,"AC,BV,BW,HC,RCL",153,153,1,5,30
8,10,"AC,BV,BW,HC,RCL,RS",154,154,1,6,31
8,10,"AC,RCL,RS",155,156,2,3,155
8,10,"AC,BV,BW,HC,RCL,RS",157,159,3,6,31
8,10,"AC,BV,BW,HC,HV,RCL,RS",160,160,1,7,27
8,10,"AC,HV,RCL,RS",161,161,1,4,146
8,10,"AC,BW,HC,HV,RCL,RS",162,163,2,6,93
8,10,"AC,RCL,RS",164,164,1,3,155
8,10,"AC,BV,BW,HC,HV,RCL,RS",165,166,2,7,27
8,10,"AC,BV,GC,HC,RCL,RS",167,167,1,6,48
8,10,"AC,BV,GC,HC,HV,RCL,RS",168,168,1,7,46
8,10,"AC,HC,RCL,RS",169,170,2,4,140
8,10,"AC,BV,HC,RCL,RS",171,171,1,5,62
8,10,"AC,BV,BW,HC,RCL,RS",172,173,2,6,31
8,10,"AC,BV,BW,HC,RCL",174,174,1,5,30
8,10,"AC,BV,BW,GC,HC,RCL",175,175,1,6,12
8,10,"AC,HC,RCL",176,176,1,3,139
8,10,"AC,RCL",177,178,2,2,154
8,10,"AC,HC,RCL",179,180,2,3,139
8,10,"AC,RCL,RS",181,181,1,3,155
8,10,"BW,RCL",182,182,1,2,273
8,10,"AC,BV,HC,RCL",183,183,1,4,61
8,10,"AC,BV,BW,HC,RCL",184,184,1,5,30
8,10,"AC,BW,HC,RCL",185,185,1,4,96
8,10,"AC,BW,RCL",186,186,1,3,105
8,10,"BW,RCL",187,187,1,2,273
8,10,"AC,BV,BW,HC,RCL",188,188,1,5,30
8,10,"AC,BV,GC,HC,RCL",189,189,1,5,47
8,10,"AC,HC,RCL",190,196,7,3,139
8,10,"AC,RCL",197,197,1,2,154
8,10,"AC,HC,RCL",198,200,3,3,139
8,10,"AC,RCL",201,202,2,2,154
8,10,"AC,HC,RCL",203,205,3,3,139
8,10,"AC,RCL",206,209,4,2,154
8,10,"AC,BV,BW,GC,HV,RCL",210,211,2,6,16
8,10,"AC,BV,BW,HC,HV,RCL",212,212,1,6,26
8,10,"AC,BV,HC,HV,RCL",213,213,1,5,58
8,10,"AC,RCL",214,214,1,2,154
8,10,"AC,BW,HV,RCL",215,215,1,4,100
8,10,"AC,HC,HV,RCL",216,216,1,4,133
8,10,"AC,RCL",217,217,1,2,154
8,10,"AC,HC,RCL",218,219,2,3,139
8,10,"AC,RCL",220,220,1,2,154
8,10,"AC,HC,RCL",221,221,1,3,139
8,10,"AC,RCL",222,222,1,2,154
8,10,"AC,HC,RCL",223,232,10,3,139
8,10,"AC,RCL",233,233,1,2,154
8,10,"AC,BW,HV,RCL",234,234,1,4,100
8,10,"AC,BV,RCL",235,236,2,3,70
8,10,"AC,BV,HC,RCL",237,237,1,4,61
8,10,"AC,HC,RCL",238,241,4,3,139
8,10,"AC,RCL",242,242,1,2,154
8,10,"AC,HC,RCL",243,243,1,3,139
8,10,RCL,244,244,1,1,370
8,10,"AC,RCL",245,245,1,2,154
8,10,"HC,RCL",246,248,3,2,317
8,10,RCL,249,249,1,1,370
8,10,"HC,RCL",250,250,1,2,317
8,10,"AC,RCL",251,251,1,2,154
8,10,"HC,RCL",252,253,2,2,317
8,10,RCL,254,254,1,1,370
8,10,"HV,RCL",255,255,1,2,337
8,10,RCL,256,271,16,1,370
8,10,none,272,272,1,0,343
8,10,RCL,273,278,6,1,370
8,10,none,279,279,1,0,343
8,10,RCL,280,281,2,1,370
8,10,none,282,331,50,0,343
8,10,RS,332,332,1,1,376
8,11,PT,44,47,4,1,358
8,11,none,48,51,4,0,343
8,11,PT,52,52,1,1,358
8,11,none,53,53,1,0,343
8,11,PT,54,55,2,1,358
8,11,none,56,56,1,0,343
8,11,PT,57,59,3,1,358
8,11,none,60,62,3,0,343
8,11,PT,63,64,2,1,358
8,11,none,65,71,7,0,343
8,11,PT,72,72,1,1,358
8,11,none,73,76,4,0,343
8,11,RS,77,77,1,1,376
8,11,PT,78,78,1,1,358
8,11,none,79,85,7,0,343
8,11,RS,86,89,4,1,376
8,11,none,90,90,1,0,343
8,11,RS,91,95,5,1,376
8,11,none,96,97,2,0,343
8,11,RS,98,98,1,1,376
8,11,none,99,103,5,0,343
8,11,RS,104,104,1,1,376
8,11,none,105,118,14,0,343
8,11,"BW,RCL",119,119,1,2,273
8,11,AC,120,120,1,1,1
8,11,none,121,123,3,0,343
8,11,RCL,124,124,1,1,370
8,11,"AC,BW,RCL",125,127,3,3,105
8,11,"AC,RCL",128,128,1,2,154
8,11,RCL,129,129,1,1,370
8,11,"AC,RCL",130,130,1,2,154
8,11,"BW,RCL",131,131,1,2,273
8,11,"AC,RCL",132,134,3,2,154
8,11,"AC,BW,RCL",135,135,1,3,105
8,11,"AC,BV,BW,HC,RCL",136,137,2,5,30
8,11,"AC,RCL",138,138,1,2,154
8,11,"AC,HC,RCL",139,139,1,3,139
8,11,"AC,RCL",140,140,1,2,154
8,11,"AC,HC,RCL",141,141,1,3,139
8,11,"AC,RCL",142,142,1,2,154
8,11,"AC,BV,BW,RCL",143,143,1,4,41
8,11,"AC,BW,RCL",144,144,1,3,105
8,11,"AC,RCL",145,146,2,2,154
8,11,"AC,BV,BW,RCL",147,148,2,4,41
8,11,"AC,RCL",149,150,2,2,154
8,11,RCL,151,151,1,1,370
8,11,"AC,RCL",152,153,2,2,154
8,11,"AC,BW,HC,RCL",154,154,1,4,96
8,11,"AC,BV,BW,HC,RCL",155,155,1,5,30
8,11,"AC,BV,BW,RCL",156,156,1,4,41
8,11,"AC,BV,RCL",157,157,1,3,70
8,11,"AC,RCL",158,159,2,2,154
8,11,RCL,160,160,1,1,370
8,11,"AC,RCL",161,164,4,2,154
8,11,"AC,BV,RCL",165,165,1,3,70
8,11,"AC,BV,BW,HC,RCL",166,166,1,5,30
8,11,"AC,RCL",167,167,1,2,154
8,11,"AC,BV,BW,RCL",168,168,1,4,41
8,11,"AC,BV,BW,GC,HC,RCL",169,169,1,6,12
8,11,"AC,BV,GC,HC,RCL",170,170,1,5,47
8,11,"AC,GC,HC,RCL",171,171,1,4,115
8,11,"AC,RCL",172,173,2,2,154
8,11,"AC,HC,RCL",174,176,3,3,139
8,11,"AC,RCL",177,178,2,2,154
8,11,"AC,HC,RCL",179,179,1,3,139
8,11,"AC,RCL",180,180,1,2,154
8,11,"AC,BV,RCL",181,181,1,3,70
8,11,"AC,BV,HC",182,182,1,3,55
8,11,AC,183,183,1,1,1
8,11,"AC,RCL",184,184,1,2,154
8,11,AC,185,191,7,1,1
8,11,"AC,HC",192,198,7,2,128
8,11,AC,199,199,1,1,1
8,11,none,200,200,1,0,343
8,11,"AC,RCL",201,201,1,2,154
8,11,"AC,HC,RCL",202,203,2,3,139
8,11,"AC,RCL",204,205,2,2,154
8,11,"AC,GC,RCL",206,206,1,3,126
8,11,AC,207,207,1,1,1
8,11,RCL,208,208,1,1,370
8,11,none,209,209,1,0,343
8,11,RCL,210,210,1,1,370
8,11,none,211,212,2,0,343
8,11,AC,213,217,5,1,1
8,11,"AC,HC",218,218,1,2,128
8,11,none,219,219,1,0,343
8,11,AC,220,220,1,1,1
8,11,none,221,221,1,0,343
8,11,AC,222,225,4,1,1
8,11,none,226,226,1,0,343
8,11,AC,227,231,5,1,1
8,11,none,232,232,1,0,343
8,11,AC,233,233,1,1,1
8,11,none,234,234,1,0,343
8,11,AC,235,236,2,1,1
8,11,none,237,237,1,0,343
8,11,AC,238,238,1,1,1
8,11,none,239,262,24,0,343
8,11,RCL,263,263,1,1,370
8,12,RS,60,60,1,1,376
8,12,none,61,61,1,0,343
8,12,RS,62,62,1,1,376
8,12,none,63,65,3,0,343
8,12,RS,66,69,4,1,376
8,12,none,70,74,5,0,343
8,12,RS,75,81,7,1,376
8,12,none,82,94,13,0,343
8,12,PT,95,99,5,1,358
8,12,"BW,PT",100,100,1,2,267
8,12,none,101,101,1,0,343
8,12,PT,102,108,7,1,358
8,12,none,109,111,3,0,343
8,12,RS,112,112,1,1,376
8,12,BW,113,113,1,1,220
8,12,"BV,BW",114,115,2,2,159
8,12,PT,116,116,1,1,358
8,12,"BV,BW,HV",117,117,1,3,180
8,12,"BV,BW,RCL",118,119,2,3,189
8,12,"PT,RCL",120,120,1,2,360
8,12,"BV,BW,PT,RCL",121,122,2,4,187
8,12,RCL,123,124,2,1,370
8,12,"BV,BW,RCL",125,127,3,3,189
8,12,"BV,BW,HV,RCL",128,128,1,4,184
8,12,"AC,BV,BW,GC,HV,RCL",129,129,1,6,16
8,12,"AC,BV,RCL",130,130,1,3,70
8,12,"AC,BV,GC,HC,RCL",131,131,1,5,47
8,12,"GC,RCL",132,132,1,2,302
8,12,RCL,133,135,3,1,370
8,12,none,136,136,1,0,343
8,12,AC,137,137,1,1,1
8,12,none,138,139,2,0,343
8,12,AC,140,140,1,1,1
8,12,none,141,141,1,0,343
8,12,"AC,HC",142,142,1,2,128
8,12,"AC,BV,BW",143,143,1,3,3
8,12,"AC,BV,BW,HV",144,144,1,4,32
8,12,"AC,BV,BW,HC",145,147,3,4,21
8,12,"AC,BV,BW,GC,HC",148,149,2,5,5
8,12,"AC,BV,BW,GC",150,150,1,4,4
8,12,"AC,BV,BW,GC,HC",151,151,1,5,5
8,12,"AC,BV,GC,HC",152,152,1,4,43
8,12,"AC,BV,BW,GC,HC",153,153,1,5,5
8,12,"AC,GC",154,154,1,2,107
8,12,"AC,GC,HC",155,155,1,3,108
8,12,AC,156,159,4,1,1
8,12,"AC,BW",160,160,1,2,72
8,12,"AC,BV,BW,GC,HC,HV",161,161,1,6,6
8,12,"AC,BV,BW,GC,HC",162,162,1,5,5
8,12,"AC,RCL",163,163,1,2,154
8,12,"AC,GC,HC,RCL",164,164,1,4,115
8,12,"AC,HC,RCL",165,166,2,3,139
8,12,"AC,HC",167,168,2,2,128
8,12,"AC,GC,HC",169,169,1,3,108
8,12,"AC,HC",170,170,1,2,128
8,12,"AC,GC,HC",171,174,4,3,108
8,12,"AC,BW,GC,HC",175,175,1,4,74
8,12,"AC,HC",176,176,1,2,128
8,12,"AC,BV,BW,GC,HC",177,177,1,5,5
8,12,"AC,BV,BW,HC",178,178,1,4,21
8,12,"AC,GC,HC",179,179,1,3,108
8,12,"AC,BV",180,180,1,2,2
8,12,"AC,BV,BW,HC,RCL",181,181,1,5,30
8,12,"AC,BV,BW,HC",182,182,1,4,21
8,12,"AC,BV,HC,RCL",183,183,1,4,61
8,12,"AC,HC,RCL",184,187,4,3,139
8,12,"AC,GC,HC,RCL",188,189,2,4,115
8,12,"AC,GC,HC",190,190,1,3,108
8,12,"AC,RCL",191,191,1,2,154
8,12,"AC,HC,RCL",192,192,1,3,139
8,12,"AC,BV,BW,GC,HC,RCL",193,194,2,6,12
8,12,"AC,BV,GC,HC,RCL",195,197,3,5,47
8,12,"AC,GC,RCL",198,198,1,3,126
8,12,"AC,GC,HC,RCL",199,204,6,4,115
8,12,"AC,HC,RCL",205,205,1,3,139
8,12,"AC,GC,HC,RCL",206,206,1,4,115
8,12,"AC,HC,RCL",207,209,3,3,139
8,12,"AC,RCL",210,210,1,2,154
8,12,"AC,BV,HC,RCL",211,211,1,4,61
8,12,"AC,HC,RCL",212,216,5,3,139
8,12,"AC,BV,GC,HC,RCL",217,220,4,5,47
8,12,"AC,GC",221,221,1,2,107
8,12,"AC,GC,HC,RCL",222,229,8,4,115
8,12,"AC,HC,RCL",230,230,1,3,139
8,12,"AC,BW,GC,HC,RCL",231,231,1,5,80
8,12,"AC,GC,RCL",232,232,1,3,126
8,12,"AC,GC,HC,RCL",233,233,1,4,115
8,12,"AC,HC,RCL",234,234,1,3,139
8,12,"AC,GC,HC,RCL",235,235,1,4,115
8,12,"AC,HC,RCL",236,236,1,3,139
8,12,"AC,GC,HC,RCL",237,237,1,4,115
8,12,"AC,HC,RCL",238,238,1,3,139
8,12,"AC,BV,HC,RCL",239,240,2,4,61
8,12,"AC,HC,RCL",241,245,5,3,139
8,12,"AC,RCL",246,246,1,2,154
8,12,"AC,HC,RCL",247,250,4,3,139
8,12,"AC,RCL",251,251,1,2,154
8,12,"AC,HC,RCL",252,257,6,3,139
8,12,"AC,RCL",258,258,1,2,154
8,12,"AC,HC,RCL",259,260,2,3,139
8,12,"AC,RCL",261,269,9,2,154
8,12,RCL,270,271,2,1,370
8,12,"AC,RCL",272,272,1,2,154
8,12,RCL,273,274,2,1,370
8,12,none,275,275,1,0,343
8,12,RCL,276,278,3,1,370
8,12,none,279,279,1,0,343
8,12,RCL,280,280,1,1,370
8,12,none,281,300,20,0,343
8,12,RS,301,302,2,1,376
8,13,PT,35,39,5,1,358
8,13,none,40,47,8,0,343
8,13,PT,48,48,1,1,358
8,13,none,49,49,1,0,343
8,13,RS,50,50,1,1,376
8,13,none,51,56,6,0,343
8,13,PT,57,57,1,1,358
8,13,none,58,61,4,0,343
8,13,PT,62,63,2,1,358
8,13,none,64,64,1,0,343
8,13,RS,65,65,1,1,376
8,13,none,66,66,1,0,343
8,13,RS,67,67,1,1,376
8,13,none,68,102,35,0,343
8,13,"RCL,RS",103,103,1,2,373
8,13,RS,104,104,1,1,376
8,13,none,105,105,1,0,343
8,13,PC,106,106,1,1,344
8,13,none,107,124,18,0,343
8,13,RCL,125,125,1,1,370
8,13,BW,126,126,1,1,220
8,13,none,127,130,4,0,343
8,13,AC,131,131,1,1,1
8,13,"AC,BW,RCL",132,132,1,3,105
8,13,"AC,BV,BW,RCA",133,133,1,4,38
8,13,AC,134,135,2,1,1
8,13,none,136,137,2,0,343
8,13,AC,138,140,3,1,1
8,13,"AC,RCL",141,141,1,2,154
8,13,AC,142,142,1,1,1
8,13,"AC,HC,RCL",143,143,1,3,139
8,13,"AC,HC,RCL,RS",144,144,1,4,140
8,13,"AC,BW,HC,RCL",145,145,1,4,96
8,13,"AC,RCL",146,147,2,2,154
8,13,"AC,HC,RCL",148,148,1,3,139
8,13,"AC,RCL",149,153,5,2,154
8,13,"AC,BW,RCL",154,154,1,3,105
8,13,"AC,BV,BW,HC,RCL",155,155,1,5,30
8,13,"AC,BV,BW,RCL",156,156,1,4,41
8,13,"AC,BV,BW,HC,RCL",157,158,2,5,30
8,13,"AC,RCL",159,162,4,2,154
8,13,"AC,BV,HC,RCL",163,163,1,4,61
8,13,"AC,BV,BW,HC,RCL",164,165,2,5,30
8,13,"AC,BV,HC,RCL",166,166,1,4,61
8,13,"AC,HC,RCL",167,168,2,3,139
8,13,"AC,BW,HC,RCL",169,169,1,4,96
8,13,"AC,HC,RCL",170,172,3,3,139
8,13,"AC,BV,HC,RCL",173,173,1,4,61
8,13,"AC,HC,RCL",174,177,4,3,139
8,13,"AC,BV,BW,HC,RCL",178,179,2,5,30
8,13,"AC,BV,BW,GC,RCL",180,180,1,5,19
8,13,"AC,BV,BW,GC,HC,HV,RCL",181,181,1,7,9
8,13,"AC,BV,GC,HC,RCL",182,182,1,5,47
8,13,"AC,GC,HC,RCL",183,183,1,4,115
8,13,"AC,GC,RCL",184,185,2,3,126
8,13,"AC,HC,RCL",186,192,7,3,139
8,13,"AC,RCL",193,193,1,2,154
8,13,"AC,GC,HC,RCL",194,194,1,4,115
8,13,"AC,HC,RCL",195,195,1,3,139
8,13,"AC,RCL",196,196,1,2,154
8,13,"AC,HC,RCL",197,197,1,3,139
8,13,"AC,GC,HC,RCL",198,198,1,4,115
8,13,"AC,HC,RCL",199,218,20,3,139
8,13,"AC,RCL",219,219,1,2,154
8,13,"AC,HC,RCL",220,220,1,3,139
8,13,"AC,RCL",221,223,3,2,154
8,13,"AC,HC",224,224,1,2,128
8,13,"AC,HC,RCL",225,226,2,3,139
8,13,"AC,RCL",227,227,1,2,154
8,13,"AC,HC,RCL",228,234,7,3,139
8,13,RCL,235,235,1,1,370
8,13,"AC,HC,RCL",236,238,3,3,139
8,13,"AC,RCL",239,239,1,2,154
8,13,"AC,HC,RCL",240,240,1,3,139
8,13,"HC,RCL",241,241,1,2,317
8,13,RCL,242,244,3,1,370
8,13,"AC,RCL",245,245,1,2,154
8,13,AC,246,246,1,1,1
8,13,"AC,RCL",247,247,1,2,154
8,13,AC,248,251,4,1,1
8,13,none,252,262,11,0,343
8,13,RCL,263,268,6,1,370
8,13,none,269,272,4,0,343
8,13,RCL,273,273,1,1,370
8,14,PT,37,39,3,1,358
8,14,none,40,40,1,0,343
8,14,PT,41,41,1,1,358
8,14,none,42,106,65,0,343
8,14,BW,107,108,2,1,220
8,14,none,109,117,9,0,343
8,14,BW,118,119,2,1,220
8,14,none,120,126,7,0,343
8,14,BW,127,129,3,1,220
8,14,RCL,130,130,1,1,370
8,14,none,131,134,4,0,343
8,14,"AC,RCL",135,136,2,2,154
8,14,RCL,137,137,1,1,370
8,14,"AC,RCL",138,139,2,2,154
8,14,"AC,HC,RCL",140,140,1,3,139
8,14,"AC,RCL",141,142,2,2,154
8,14,"AC,HC,RCL",143,143,1,3,139
8,14,"AC,BV,BW,HC,RCL",144,144,1,5,30
8,14,"AC,BW,HC,RCL",145,145,1,4,96
8,14,"AC,BW,RCL",146,146,1,3,105
8,14,"AC,RCL",147,149,3,2,154
8,14,"AC,BW,RCL",150,150,1,3,105
8,14,"AC,BW,HC,RCL",151,151,1,4,96
8,14,"AC,BV,BW,HC,HV,RCL",152,152,1,6,26
8,14,"AC,BV,BW,HC,RCL",153,153,1,5,30
8,14,"AC,BV,BW,HC,HV,RCL",154,154,1,6,26
8,14,"AC,BV,BW,HV,RCL",155,156,2,5,36
8,14,"AC,BV,BW,HC,HV,RCL",157,158,2,6,26
8,14,"AC,RCL",159,159,1,2,154
8,14,RCL,160,161,2,1,370
8,14,"AC,BW,RCL",162,162,1,3,105
8,14,"BV,BW,GC,RCL",163,163,1,4,172
8,14,"AC,BV,BW,GC,HC,RCL",164,164,1,6,12
8,14,"AC,BV,BW,HC,RCL",165,166,2,5,30
8,14,"AC,BV,BW,GC,HC,RCL",167,168,2,6,12
8,14,"AC,BW,GC,HC,RCL",169,172,4,5,80
8,14,"AC,RCL",173,173,1,2,154
8,14,"AC,BW,RCL",174,174,1,3,105
8,14,"AC,BV,BW,GC,RCL",175,175,1,5,19
8,14,"AC,BV,BW,GC,HC,RCL",176,177,2,6,12
8,14,"AC,BV,GC,HC,RCL",178,178,1,5,47
8,14,"AC,BV,GC,HC,HV,RCL",179,179,1,6,45
8,14,"AC,BV,BW,GC,HC,RCL",180,180,1,6,12
8,14,"AC,BV,GC,HC,RCL",181,181,1,5,47
8,14,"AC,BV,BW,GC,HC,RCL",182,182,1,6,12
8,14,"AC,BW,GC,HC,RCL",183,185,3,5,80
8,14,"AC,BV,BW,HC,RCL",186,186,1,5,30
8,14,"AC,BW,HV,RCL",187,187,1,4,100
8,14,"AC,BV,BW,GC,HC,RCL",188,189,2,6,12
8,14,"AC,BV,GC,HC,RCL",190,190,1,5,47
8,14,"AC,GC,HC,HV,RCA,RCL",191,191,1,6,110
8,14,"AC,GC,HC,RCL",192,193,2,4,115
8,14,"AC,HC,RCA,RCL",194,194,1,4,137
8,14,"AC,BW,GC,HC,RCL",195,195,1,5,80
8,14,"AC,HV,RCL",196,196,1,3,145
8,14,"AC,BW,GC,HC,HV,RCL",197,197,1,6,77
8,14,"AC,BW,GC,HC,RCA,RCL",198,199,2,6,79
8,14,"AC,RCL",200,200,1,2,154
8,14,"AC,BW,RCL",201,202,2,3,105
8,14,"AC,RCL",203,203,1,2,154
8,14,"AC,HC,RCL",204,204,1,3,139
8,14,"AC,BV,HC,RCL",205,205,1,4,61
8,14,"AC,BV,BW,HC,RCL",206,206,1,5,30
8,14,"AC,BV,HC,RCL",207,207,1,4,61
8,14,"AC,RCL",208,208,1,2,154
8,14,"AC,HC,RCL",209,210,2,3,139
8,14,"AC,RCL",211,211,1,2,154
8,14,"AC,BV,BW,GC,HV,RCL",212,212,1,6,16
8,14,"AC,GC,HC,RCL",213,215,3,4,115
8,14,"AC,HC,RCL",216,220,5,3,139
8,14,"AC,HC",221,221,1,2,128
8,14,"AC,HC,RCL",222,222,1,3,139
8,14,"AC,RCL",223,225,3,2,154
8,14,"GC,HV,RCL",226,226,1,3,296
8,14,"AC,RCL",227,227,1,2,154
8,14,"AC,BV,GC,RCL",228,228,1,4,54
8,14,"AC,GC,RCL",229,230,2,3,126
8,14,RCL,231,231,1,1,370
8,14,"AC,RCL",232,247,16,2,154
8,14,RCL,248,249,2,1,370
8,14,"AC,RCL",250,252,3,2,154
8,14,RCL,253,254,2,1,370
8,14,"AC,RCL",255,255,1,2,154
8,14,RCL,256,256,1,1,370
8,14,none,257,257,1,0,343
8,14,RCL,258,267,10,1,370
8,14,none,268,279,12,0,343
8,14,RS,280,280,1,1,376
8,15,RS,65,67,3,1,376
8,15,none,68,78,11,0,343
8,15,RS,79,80,2,1,376
8,15,none,81,86,6,0,343
8,15,RS,87,90,4,1,376
8,15,none,91,92,2,0,343
8,15,RS,93,94,2,1,376
8,15,none,95,97,3,0,343
8,15,RP,98,98,1,1,374
8,15,"RP,RS",99,99,1,2,375
8,15,none,100,102,3,0,343
8,15,RS,103,103,1,1,376
8,15,none,104,118,15,0,343
8,15,RCL,119,121,3,1,370
8,15,none,122,122,1,0,343
8,15,RCL,123,123,1,1,370
8,15,"BW,RCL",124,124,1,2,273
8,15,RCL,125,125,1,1,370
8,15,"AC,RCL",126,126,1,2,154
8,15,RCL,127,129,3,1,370
8,15,"AC,RCL",130,130,1,2,154
8,15,RCL,131,133,3,1,370
8,15,"AC,BV,BW,RCL",134,134,1,4,41
8,15,"AC,BV,BW,HV,RCL",135,135,1,5,36
8,15,"AC,RCL",136,136,1,2,154
8,15,RCL,137,138,2,1,370
8,15,"AC,RCL",139,144,6,2,154
8,15,RCL,145,146,2,1,370
8,15,"AC,RCL",147,148,2,2,154
8,15,"AC,BW,RCL",149,149,1,3,105
8,15,"AC,BV,BW,RCL",150,150,1,4,41
8,15,"AC,BV,BW,HV,RCL",151,152,2,5,36
8,15,"AC,HV,RCL",153,153,1,3,145
8,15,"AC,RCL",154,157,4,2,154
8,15,RCL,158,158,1,1,370
8,15,"AC,RCL",159,160,2,2,154
8,15,"AC,BV,BW,RCL",161,161,1,4,41
8,15,"AC,HV,RCL",162,162,1,3,145
8,15,"AC,BV,BW,GC,HC,RCA,RCL",163,163,1,7,11
8,15,"AC,RCA,RCL",164,164,1,3,152
8,15,"AC,BV,BW,HC,RCL,RS",165,165,1,6,31
8,15,"AC,BV,BW,HC,RCL",166,166,1,5,30
8,15,"AC,BV,GC,HC,HV,RCL",167,167,1,6,45
8,15,"AC,RCL",168,168,1,2,154
8,15,"AC,BV,RCA,RCL",169,169,1,4,69
8,15,"AC,BV,GC,HC,HV,RCA,RCL",170,170,1,7,44
8,15,"AC,BV,BW,RCL",171,171,1,4,41
8,15,"AC,RCL",172,172,1,2,154
8,15,"AC,BV,BW,GC,HC,HV,RCA,RCL",173,175,3,8,7
8,15,"AC,BV,GC,HC,HV,RCA,RCL",176,176,1,7,44
8,15,"AC,HV,RCL",177,177,1,3,145
8,15,"AC,RCL",178,178,1,2,154
8,15,"AC,HC,RCL",179,179,1,3,139
8,15,"AC,HC,RCA,RCL",180,180,1,4,137
8,15,"AC,HC,RCL",181,181,1,3,139
8,15,"AC,RCL",182,182,1,2,154
8,15,"AC,HC,RCL",183,186,4,3,139
8,15,"AC,RCL",187,188,2,2,154
8,15,"AC,HC,RCL",189,189,1,3,139
8,15,"AC,RCL",190,261,72,2,154
8,15,none,262,262,1,0,343
8,15,"AC,RCL",263,263,1,2,154
8,15,RCL,264,264,1,1,370
8,15,"RCL,RS",265,265,1,2,373
8,15,RCL,266,274,9,1,370
8,15,none,275,295,21,0,343
8,15,RCL,296,296,1,1,370
8,15,none,297,298,2,0,343
8,15,RCL,299,299,1,1,370
8,16,RP,82,88,7,1,374
8,16,none,89,94,6,0,343
8,16,"RP,RS",95,95,1,2,375
8,16,none,96,96,1,0,343
8,16,RS,97,98,2,1,376
8,16,none,99,116,18,0,343
8,16,AC,117,118,2,1,1
8,16,none,119,120,2,0,343
8,16,AC,121,123,3,1,1
8,16,none,124,125,2,0,343
8,16,AC,126,135,10,1,1
8,16,"BV,BW,HV,PT",136,136,1,4,181
8,16,"AC,BV,BW,HV",137,137,1,4,32
8,16,"AC,BV",138,139,2,2,2
8,16,"AC,RCL",140,141,2,2,154
8,16,AC,142,142,1,1,1
8,16,"AC,BV,BW,HV,RCL",143,143,1,5,36
8,16,"AC,BV,BW,RCL",144,144,1,4,41
8,16,"AC,RCL",145,147,3,2,154
8,16,"AC,BV,BW,GC,HV,RCL",148,148,1,6,16
8,16,"AC,GC,RCL",149,149,1,3,126
8,16,"AC,RCL",150,166,17,2,154
8,16,AC,167,168,2,1,1
8,16,"AC,RCL",169,170,2,2,154
8,16,AC,171,171,1,1,1
8,16,"AC,RCL",172,173,2,2,154
8,16,"AC,BW,HV",174,174,1,3,97
8,16,"HV,RCL",175,175,1,2,337
8,16,"AC,BV,GC,HV,RCL",176,177,2,5,51
8,16,"AC,BV,HV,RCL",178,178,1,4,66
8,16,"AC,GC,RCL",179,179,1,3,126
8,16,"AC,RCL",180,181,2,2,154
8,16,"AC,HV,RCL",182,182,1,3,145
8,16,"AC,RCL",183,184,2,2,154
8,16,"AC,HV,RCL",185,186,2,3,145
8,16,"AC,RCL",187,202,16,2,154
8,16,AC,203,203,1,1,1
8,16,"AC,RCL",204,209,6,2,154
8,16,RCL,210,210,1,1,370
8,16,"AC,RCL",211,220,10,2,154
8,16,AC,221,223,3,1,1
8,16,"AC,RCL",224,226,3,2,154
8,16,AC,227,235,9,1,1
8,16,none,236,236,1,0,343
8,16,AC,237,241,5,1,1
8,16,none,242,242,1,0,343
8,16,AC,243,254,12,1,1
8,16,none,255,262,8,0,343
8,16,RCL,263,270,8,1,370
8,16,none,271,272,2,0,343
8,16,RCL,273,273,1,1,370
8,16,none,274,281,8,0,343
8,16,RCL,282,283,2,1,370
8,16,none,284,299,16,0,343
8,16,RCL,300,301,2,1,370
8,17,PT,45,47,3,1,358
8,17,none,48,61,14,0,343
8,17,RS,62,64,3,1,376
8,17,none,65,69,5,0,343
8,17,RS,70,70,1,1,376
8,17,none,71,74,4,0,343
8,17,RS,75,77,3,1,376
8,17,"PT,RS",78,79,2,2,365
8,17,RS,80,80,1,1,376
8,17,none,81,83,3,0,343
8,17,RS,84,86,3,1,376
8,17,none,87,134,48,0,343
8,17,"AC,RCL",135,138,4,2,154
8,17,none,139,140,2,0,343
8,17,AC,141,141,1,1,1
8,17,RCL,142,142,1,1,370
8,17,"AC,RCL",143,144,2,2,154
8,17,"AC,BW,RCL",145,145,1,3,105
8,17,"AC,RCL",146,146,1,2,154
8,17,none,147,147,1,0,343
8,17,"AC,RCL",148,150,3,2,154
8,17,RCL,151,152,2,1,370
8,17,"AC,RCL",153,158,6,2,154
8,17,RCL,159,159,1,1,370
8,17,"AC,RCL",160,162,3,2,154
8,17,AC,163,163,1,1,1
8,17,RCL,164,164,1,1,370
8,17,"AC,RCL",165,166,2,2,154
8,17,AC,167,167,1,1,1
8,17,"AC,RCL",168,168,1,2,154
8,17,RCL,169,169,1,1,370
8,17,"AC,RCL",170,172,3,2,154
8,17,"AC,GC,RCL",173,174,2,3,126
8,17,"AC,RCL",175,175,1,2,154
8,17,"BV,GC,RCL",176,177,2,3,201
8,17,"AC,GC,RCL",178,179,2,3,126
8,17,"AC,RCL",180,181,2,2,154
8,17,RCL,182,182,1,1,370
8,17,"AC,RCL",183,183,1,2,154
8,17,"AC,GC,RCL",184,184,1,3,126
8,17,"GC,RCL",185,185,1,2,302
8,17,RCL,186,190,5,1,370
8,17,"AC,GC,RCL",191,191,1,3,126
8,17,"AC,RCL",192,195,4,2,154
8,17,RCL,196,196,1,1,370
8,17,"AC,RCL",197,198,2,2,154
8,17,RCL,199,199,1,1,370
8,17,none,200,200,1,0,343
8,17,"AC,RCL",201,206,6,2,154
8,17,RCL,207,207,1,1,370
8,17,"AC,RCL",208,213,6,2,154
8,17,RCL,214,215,2,1,370
8,17,"AC,RCL",216,222,7,2,154
8,17,AC,223,223,1,1,1
8,17,"AC,RCL",224,244,21,2,154
8,17,RCL,245,264,20,1,370
8,17,none,265,268,4,0,343
8,17,"RCA,RS",269,269,1,2,369
8,17,RCL,270,272,3,1,370
8,18,RS,37,37,1,1,376
8,18,none,38,46,9,0,343
8,18,RS,47,48,2,1,376
8,18,none,49,53,5,0,343
8,18,RS,54,54,1,1,376
8,18,none,55,62,8,0,343
8,18,RS,63,64,2,1,376
8,18,none,65,65,1,0,343
8,18,RS,66,68,3,1,376
8,18,none,69,70,2,0,343
8,18,RS,71,80,10,1,376
8,18,"RP,RS",81,82,2,2,375
8,18,RP,83,85,3,1,374
8,18,"RP,RS",86,86,1,2,375
8,18,RP,87,90,4,1,374
8,18,none,91,102,12,0,343
8,18,BW,103,103,1,1,220
8,18,"BW,PT,RS",104,104,1,3,270
8,18,RS,105,105,1,1,376
8,18,none,106,113,8,0,343
8,18,PT,114,115,2,1,358
8,18,none,116,117,2,0,343
8,18,BW,118,118,1,1,220
8,18,"BV,BW",119,119,1,2,159
8,18,none,120,128,9,0,343
8,18,RCL,129,158,30,1,370
8,18,"AC,BW,RCL",159,159,1,3,105
8,18,"AC,BV,BW,RCL",160,162,3,4,41
8,18,"AC,RCL",163,168,6,2,154
8,18,"AC,BW,RCL",169,169,1,3,105
8,18,"AC,BV,BW,RCL",170,171,2,4,41
8,18,"AC,RCL",172,179,8,2,154
8,18,AC,180,182,3,1,1
8,18,"AC,RCL",183,183,1,2,154
8,18,AC,184,186,3,1,1
8,18,"AC,RCL",187,194,8,2,154
8,18,AC,195,198,4,1,1
8,18,"AC,RCL",199,220,22,2,154
8,18,RCL,221,222,2,1,370
8,18,"AC,RCL",223,223,1,2,154
8,18,RCL,224,224,1,1,370
8,18,"AC,RCL",225,228,4,2,154
8,18,RCL,229,236,8,1,370
8,18,"AC,RCL",237,253,17,2,154
8,18,RCL,254,255,2,1,370
8,18,"AC,RCL",256,256,1,2,154
8,18,RCL,257,257,1,1,370
8,18,"AC,RCL",258,259,2,2,154
8,18,AC,260,260,1,1,1
8,18,none,261,261,1,0,343
8,18,AC,262,262,1,1,1
8,18,none,263,264,2,0,343
8,18,AC,265,265,1,1,1
8,18,"AC,RCL",266,266,1,2,154
8,18,AC,267,267,1,1,1
8,18,none,268,268,1,0,343
8,18,RCL,269,269,1,1,370
8,18,none,270,293,24,0,343
8,18,RS,294,294,1,1,376
8,19,BW,110,111,2,1,220
8,19,none,112,114,3,0,343
8,19,BW,115,115,1,1,220
8,19,none,116,120,5,0,343
8,19,BW,121,122,2,1,220
8,19,none,123,126,4,0,343
8,19,BW,127,127,1,1,220
8,19,none,128,131,4,0,343
8,19,RCL,132,132,1,1,370
8,19,"BW,RCL",133,134,2,2,273
8,19,RCL,135,137,3,1,370
8,19,"AC,BW,HV,RCL",138,138,1,4,100
8,19,"AC,BW,RCL",139,140,2,3,105
8,19,"AC,RCL",141,141,1,2,154
8,19,"AC,BW,HV,RCL",142,142,1,4,100
8,19,"AC,RCL",143,145,3,2,154
8,19,"AC,BV,BW,RCL",146,147,2,4,41
8,19,"AC,BV,BW,HC,RCL",148,148,1,5,30
8,19,"AC,RCL",149,149,1,2,154
8,19,"AC,BW,HV,RCL",150,150,1,4,100
8,19,"AC,BW,RCL",151,151,1,3,105
8,19,"AC,BV,BW,HC,HV,RCL",152,152,1,6,26
8,19,"AC,BV,BW,HV,RCL",153,153,1,5,36
8,19,"AC,HV,RCL",154,154,1,3,145
8,19,"AC,RCL",155,155,1,2,154
8,19,"AC,HC,HV,RCL",156,156,1,4,133
8,19,"AC,HV,RCL",157,160,4,3,145
8,19,"AC,HC,HV,RCL",161,161,1,4,133
8,19,"AC,BV,HC,HV,RCL",162,162,1,5,58
8,19,"AC,BW,HV,RCL",163,163,1,4,100
8,19,"AC,HC,RCL",164,164,1,3,139
8,19,"AC,HV,RCL",165,165,1,3,145
8,19,"AC,HC,HV,RCL",166,166,1,4,133
8,19,"AC,HC,RCL",167,167,1,3,139
8,19,"AC,BV,HC,RCL",168,168,1,4,61
8,19,"AC,BV,BW,HC,RCL",169,169,1,5,30
8,19,"AC,BW,RCL",170,170,1,3,105
8,19,"AC,GC,HC,RCL",171,172,2,4,115
8,19,"AC,GC,RCL",173,173,1,3,126
8,19,"AC,BV,RCL",174,174,1,3,70
8,19,"AC,BV,HC,RCL",175,176,2,4,61
8,19,"AC,GC,RCL",177,177,1,3,126
8,19,"AC,RCL",178,178,1,2,154
8,19,"AC,GC,RCL",179,180,2,3,126
8,19,"AC,RCL",181,181,1,2,154
8,19,"AC,GC,RCL",182,182,1,3,126
8,19,AC,183,183,1,1,1
8,19,"AC,GC,RCL",184,184,1,3,126
8,19,"AC,RCL",185,193,9,2,154
8,19,"AC,HC",194,194,1,2,128
8,19,"AC,BV,BW,GC,RCL",195,195,1,5,19
8,19,"AC,BV,GC,HC,HV,RCL",196,196,1,6,45
8,19,"AC,BV,GC,RCL",197,197,1,4,54
8,19,"AC,GC,RCL",198,200,3,3,126
8,19,"AC,GC,HV,RCL",201,201,1,4,121
8,19,"AC,RCL",202,205,4,2,154
8,19,"AC,GC,RCL",206,206,1,3,126
8,19,"AC,RCL",207,209,3,2,154
8,19,"AC,GC,RCL",210,210,1,3,126
8,19,"AC,RCL",211,246,36,2,154
8,19,RCL,247,249,3,1,370
8,19,"AC,RCL",250,250,1,2,154
8,19,RCL,251,253,3,1,370
8,19,"AC,RCL",254,255,2,2,154
8,19,AC,256,258,3,1,1
8,19,"AC,RCL",259,261,3,2,154
8,19,RCL,262,262,1,1,370
8,19,"AC,RCL",263,265,3,2,154
8,19,AC,266,266,1,1,1
8,19,RCL,267,276,10,1,370
8,19,none,277,293,17,0,343
8,19,RCL,294,294,1,1,370
8,19,none,295,299,5,0,343
8,19,RS,300,300,1,1,376
8,20,RS,61,62,2,1,376
8,20,none,63,67,5,0,343
8,20,RS,68,83,16,1,376
8,20,none,84,84,1,0,343
8,20,RS,85,92,8,1,376
8,20,none,93,95,3,0,343
8,20,RS,96,96,1,1,376
8,20,none,97,110,14,0,343
8,20,RCL,111,117,7,1,370
8,20,none,118,118,1,0,343
8,20,RCL,119,123,5,1,370
8,20,"AC,RCL",124,129,6,2,154
8,20,AC,130,130,1,1,1
8,20,"AC,RCL",131,133,3,2,154
8,20,AC,134,134,1,1,1
8,20,"AC,RCL",135,137,3,2,154
8,20,"AC,BW,RCL",138,139,2,3,105
8,20,"AC,BV,RCL",140,140,1,3,70
8,20,"AC,RCL",141,145,5,2,154
8,20,"AC,HC,RCL",146,146,1,3,139
8,20,"AC,RCL",147,148,2,2,154
8,20,"AC,HV,RCL",149,149,1,3,145
8,20,"AC,BW,RCL",150,150,1,3,105
8,20,"AC,RCL",151,180,30,2,154
8,20,"AC,BV,RCL",181,181,1,3,70
8,20,"AC,BV,GC,RCL",182,182,1,4,54
8,20,"AC,BV,RCL",183,183,1,3,70
8,20,"AC,RCL",184,202,19,2,154
8,20,"AC,BV,RCL",203,203,1,3,70
8,20,"AC,RCL",204,204,1,2,154
8,20,"AC,BV,RCL",205,205,1,3,70
8,20,"AC,RCL",206,209,4,2,154
8,20,"AC,HC,RCL",210,210,1,3,139
8,20,"AC,RCL",211,213,3,2,154
8,20,"AC,RCL,RS",214,214,1,3,155
8,20,"AC,RCL",215,242,28,2,154
8,20,RCL,243,243,1,1,370
8,20,"AC,RCL",244,248,5,2,154
8,20,RCL,249,270,22,1,370
8,21,RS,47,52,6,1,376
8,21,none,53,56,4,0,343
8,21,RS,57,68,12,1,376
8,21,none,69,78,10,0,343
8,21,RS,79,79,1,1,376
8,21,none,80,80,1,0,343
8,21,RS,81,83,3,1,376
8,21,"RP,RS",84,86,3,2,375
8,21,RS,87,87,1,1,376
8,21,none,88,88,1,0,343
8,21,"RP,RS",89,89,1,2,375
8,21,RP,90,90,1,1,374
8,21,RS,91,92,2,1,376
8,21,"RP,RS",93,93,1,2,375
8,21,RS,94,96,3,1,376
8,21,none,97,97,1,0,343
8,21,RP,98,98,1,1,374
8,21,none,99,100,2,0,343
8,21,RP,101,102,2,1,374
8,21,none,103,122,20,0,343
8,21,BW,123,123,1,1,220
8,21,none,124,128,5,0,343
8,21,AC,129,129,1,1,1
8,21,none,130,140,11,0,343
8,21,"BV,BW",141,141,1,2,159
8,21,"AC,BV,BW",142,143,2,3,3
8,21,"AC,BV,BW,HV",144,145,2,4,32
8,21,"AC,HV",146,146,1,2,141
8,21,BW,147,147,1,1,220
8,21,none,148,148,1,0,343
8,21,"BV,BW,HV",149,149,1,3,180
8,21,"AC,BV,BW,GC,HC,HV,RCL",150,150,1,7,9
8,21,"AC,RCL",151,153,3,2,154
8,21,"AC,BW,RCL",154,154,1,3,105
8,21,"AC,BW",155,155,1,2,72
8,21,"AC,RCL",156,156,1,2,154
8,21,"AC,BV,BW,RCL",157,157,1,4,41
8,21,"AC,RCL",158,158,1,2,154
8,21,RCL,159,159,1,1,370
8,21,"AC,BW,RCL",160,160,1,3,105
8,21,"AC,BV,BW,HV,RCL",161,161,1,5,36
8,21,"AC,BV,BW,GC,HC,RCL",162,162,1,6,12
8,21,"AC,BW,HC,HV,RCL",163,163,1,5,92
8,21,"AC,GC,HV,RCL",164,164,1,4,121
8,21,"AC,HV",165,165,1,2,141
8,21,"AC,HV,RCL",166,167,2,3,145
8,21,"AC,RCL",168,170,3,2,154
8,21,"AC,BW,RCL",171,171,1,3,105
8,21,"AC,RCL",172,172,1,2,154
8,21,"AC,BV,GC,HC,RCL",173,173,1,5,47
8,21,"AC,BV,BW,GC,HC,HV,RCL",174,174,1,7,9
8,21,"AC,GC,RCL",175,179,5,3,126
8,21,"AC,BV,BW,RCL",180,180,1,4,41
8,21,"AC,GC,RCL",181,181,1,3,126
8,21,"AC,RCL",182,182,1,2,154
8,21,"AC,GC,RCL",183,183,1,3,126
8,21,"AC,RCL",184,184,1,2,154
8,21,"AC,RCL,RS",185,185,1,3,155
8,21,"AC,GC,RCL,RS",186,186,1,4,127
8,21,"AC,GC,RCL",187,190,4,3,126
8,21,"AC,RCL",191,199,9,2,154
8,21,"AC,GC,RCL",200,208,9,3,126
8,21,"AC,RCL",209,213,5,2,154
8,21,"AC,HV,RCL",214,215,2,3,145
8,21,"AC,RCL",216,218,3,2,154
8,21,"AC,GC,RCL",219,219,1,3,126
8,21,"AC,RCL",220,235,16,2,154
8,21,"AC,HV,RCL",236,237,2,3,145
8,21,"AC,RCL",238,240,3,2,154
8,21,"AC,HV,RCL",241,241,1,3,145
8,21,"AC,RCL",242,245,4,2,154
8,21,RCL,246,247,2,1,370
8,21,"AC,RCL",248,259,12,2,154
8,21,RCL,260,263,4,1,370
8,21,none,264,269,6,0,343
8,21,RCL,270,270,1,1,370
8,21,none,271,271,1,0,343
8,21,RS,272,272,1,1,376
8,21,none,273,294,22,0,343
8,21,RS,295,297,3,1,376
8,21,none,298,298,1,0,343
8,21,RS,299,299,1,1,376
8,21,none,300,313,14,0,343
8,21,RCL,314,314,1,1,370
8,21,none,315,315,1,0,343
8,21,RS,316,316,1,1,376
8,22,RS,13,13,1,1,376
8,22,none,14,68,55,0,343
8,22,RS,69,69,1,1,376
8,22,none,70,73,4,0,343
8,22,RS,74,74,1,1,376
8,22,"PC,RS",75,75,1,2,357
8,22,RS,76,78,3,1,376
8,22,none,79,79,1,0,343
8,22,RS,80,80,1,1,376
8,22,none,81,87,7,0,343
8,22,RS,88,88,1,1,376
8,22,"RP,RS",89,90,2,2,375
8,22,RS,91,91,1,1,376
8,22,"RP,RS",92,92,1,2,375
8,22,RP,93,93,1,1,374
8,22,none,94,95,2,0,343
8,22,RS,96,96,1,1,376
8,22,none,97,100,4,0,343
8,22,"RP,RS",101,106,6,2,375
8,22,none,107,108,2,0,343
8,22,"RP,RS",109,113,5,2,375
8,22,"BW,RP",114,114,1,2,277
8,22,BW,115,115,1,1,220
8,22,none,116,120,5,0,343
8,22,AC,121,121,1,1,1
8,22,BW,122,122,1,1,220
8,22,none,123,126,4,0,343
8,22,RCL,127,127,1,1,370
8,22,"BW,RCL",128,128,1,2,273
8,22,AC,129,129,1,1,1
8,22,RCL,130,130,1,1,370
8,22,AC,131,131,1,1,1
8,22,RCL,132,132,1,1,370
8,22,"AC,RCL",133,134,2,2,154
8,22,RCL,135,135,1,1,370
8,22,"AC,RCL",136,138,3,2,154
8,22,"AC,RCA,RCL",139,140,2,3,152
8,22,"AC,RCL",141,141,1,2,154
8,22,RCL,142,142,1,1,370
8,22,"AC,RCL",143,144,2,2,154
8,22,"AC,HC,RCA,RCL",145,145,1,4,137
8,22,"AC,BW,RCA,RCL",146,147,2,4,103
8,22,"AC,RCA,RCL",148,150,3,3,152
8,22,"AC,GC,RCA,RCL",151,151,1,4,124
8,22,"AC,RCA,RCL",152,153,2,3,152
8,22,"AC,BV,GC,RCL",154,154,1,4,54
8,22,"AC,HC,RCL",155,155,1,3,139
8,22,"AC,RCL",156,156,1,2,154
8,22,"AC,HC,RCL",157,157,1,3,139
8,22,"AC,RCL",158,158,1,2,154
8,22,"AC,BW,RCL",159,159,1,3,105
8,22,"AC,RCL",160,175,16,2,154
8,22,"AC,GC,RCL",176,178,3,3,126
8,22,"AC,RCL",179,194,16,2,154
8,22,"AC,HC,RCL",195,195,1,3,139
8,22,"AC,RCL",196,199,4,2,154
8,22,"AC,HC,RCL",200,200,1,3,139
8,22,"AC,RCL",201,203,3,2,154
8,22,"AC,HC,RCL",204,204,1,3,139
8,22,"AC,RCL",205,209,5,2,154
8,22,"AC,HC,RCL",210,210,1,3,139
8,22,"AC,RCL",211,255,45,2,154
8,22,RCL,256,256,1,1,370
8,22,"AC,RCL",257,260,4,2,154
8,22,none,261,261,1,0,343
8,22,"AC,RCL",262,265,4,2,154
8,22,RCL,266,272,7,1,370
8,22,"RCL,RS",273,273,1,2,373
8,22,none,274,277,4,0,343
8,22,RCL,278,278,1,1,370
8,22,none,279,280,2,0,343
8,22,RS,281,281,1,1,376
8,22,none,282,290,9,0,343
8,22,RS,291,291,1,1,376
8,22,none,292,306,15,0,343
8,22,RS,307,307,1,1,376
8,23,RS,10,10,1,1,376
8,23,none,11,23,13,0,343
8,23,RS,24,24,1,1,376
8,23,none,25,95,71,0,343
8,23,RCL,96,96,1,1,370
8,23,none,97,97,1,0,343
8,23,RCL,98,98,1,1,370
8,23,none,99,110,12,0,343
8,23,"AC,RCL",111,111,1,2,154
8,23,RCL,112,115,4,1,370
8,23,none,116,116,1,0,343
8,23,RCL,117,118,2,1,370
8,23,"AC,RCL",119,119,1,2,154
8,23,"AC,BW,RCL",120,121,2,3,105
8,23,none,122,125,4,0,343
8,23,RCL,126,127,2,1,370
8,23,"AC,RCL",128,128,1,2,154
8,23,RCL,129,130,2,1,370
8,23,"AC,BW,RCL",131,132,2,3,105
8,23,"AC,RCL",133,136,4,2,154
8,23,"AC,BW,RCL",137,137,1,3,105
8,23,"AC,RCL",138,139,2,2,154
8,23,RCL,140,142,3,1,370
8,23,"AC,RCL",143,143,1,2,154
8,23,RCL,144,144,1,1,370
8,23,"BW,RCL",145,145,1,2,273
8,23,"RCL,RS",146,146,1,2,373
8,23,"AC,BW,RCL,RS",147,147,1,4,106
8,23,"AC,RCL",148,148,1,2,154
8,23,"AC,BW,RCL,RS",149,149,1,4,106
8,23,"AC,BV,BW,GC,RCL",150,150,1,5,19
8,23,"AC,BV,BW,HV,RCL,RS",151,151,1,6,37
8,23,"AC,BV,BW,GC,HC,HV,RCL",152,152,1,7,9
8,23,"AC,BV,GC,HV,RCL",153,153,1,5,51
8,23,"AC,GC,RCL",154,154,1,3,126
8,23,"AC,RCL",155,157,3,2,154
8,23,"AC,BV,BW,GC,RCA,RCL",158,158,1,6,18
8,23,"AC,GC,RCA,RCL",159,160,2,4,124
8,23,"AC,RCA,RCL",161,162,2,3,152
8,23,"AC,GC,RCA,RCL",163,163,1,4,124
8,23,"AC,BV,GC,RCA,RCL",164,164,1,5,53
8,23,"AC,BV,BW,GC,RCA,RCL",165,166,2,6,18
8,23,"AC,GC,RCA,RCL",167,167,1,4,124
8,23,"AC,RCA,RCL",168,171,4,3,152
8,23,"AC,GC,RCA,RCL",172,172,1,4,124
8,23,"AC,RCA,RCL",173,173,1,3,152
8,23,"AC,GC,RCA,RCL",174,174,1,4,124
8,23,"AC,RCA,RCL",175,175,1,3,152
8,23,"AC,RCL",176,176,1,2,154
8,23,"AC,RCA,RCL",177,177,1,3,152
8,23,"AC,GC,RCA,RCL",178,180,3,4,124
8,23,"AC,RCA,RCL",181,181,1,3,152
8,23,"AC,RCL",182,183,2,2,154
8,23,"AC,BW,RCA,RCL",184,184,1,4,103
8,23,"AC,RCA,RCL",185,187,3,3,152
8,23,"AC,RCL",188,188,1,2,154
8,23,"AC,RCA,RCL",189,189,1,3,152
8,23,"AC,RCL",190,191,2,2,154
8,23,"AC,RCL,RS",192,192,1,3,155
8,23,"AC,RCL",193,215,23,2,154
8,23,"AC,RCA,RCL",216,216,1,3,152
8,23,"AC,RCL",217,236,20,2,154
8,23,RCL,237,237,1,1,370
8,23,"AC,RCL",238,240,3,2,154
8,23,RCL,241,245,5,1,370
8,23,"AC,RCL",246,246,1,2,154
8,23,RCL,247,247,1,1,370
8,23,"AC,RCL",248,248,1,2,154
8,23,RCL,249,249,1,1,370
8,23,"AC,RCL",250,250,1,2,154
8,23,RCL,251,278,28,1,370
8,23,none,279,279,1,0,343
8,23,RS,280,280,1,1,376
8,23,none,281,284,4,0,343
8,23,RCL,285,285,1,1,370
8,24,RCL,97,104,8,1,370
8,24,none,105,108,4,0,343
8,24,RCL,109,109,1,1,370
8,24,none,110,111,2,0,343
8,24,RCL,112,112,1,1,370
8,24,none,113,113,1,0,343
8,24,RCL,114,117,4,1,370
8,24,"AC,RCL",118,119,2,2,154
8,24,RCL,120,122,3,1,370
8,24,"AC,RCL",123,125,3,2,154
8,24,"AC,HC,RCL",126,126,1,3,139
8,24,RCL,127,129,3,1,370
8,24,"BW,RCL",130,130,1,2,273
8,24,"AC,BW,RCL",131,131,1,3,105
8,24,"AC,BV,BW,HV,RCL",132,132,1,5,36
8,24,"AC,BV,BW,RCL",133,133,1,4,41
8,24,"AC,BV,BW,HV,RCL",134,134,1,5,36
8,24,"AC,BV,BW,RCL",135,136,2,4,41
8,24,"AC,RCL",137,137,1,2,154
8,24,AC,138,138,1,1,1
8,24,RCL,139,140,2,1,370
8,24,"AC,RCL",141,141,1,2,154
8,24,"AC,BV,RCA,RCL",142,142,1,4,69
8,24,"AC,BV,BW,RCA,RCL",143,143,1,5,39
8,24,"AC,RCL",144,144,1,2,154
8,24,"AC,RCA,RCL",145,145,1,3,152
8,24,"AC,RCA,RCL,RS",146,146,1,4,153
8,24,"AC,BV,BW,RCA,RCL,RS",147,147,1,6,40
8,24,"AC,BV,BW,GC,HV,RCA,RCL",148,148,1,7,14
8,24,"AC,BV,BW,HV,RCL",149,149,1,5,36
8,24,"AC,BV,BW,RCA,RCL",150,152,3,5,39
8,24,"AC,BV,BW,GC,RCA,RCL",153,153,1,6,18
8,24,"AC,BV,BW,RCA,RCL",154,154,1,5,39
8,24,"AC,BV,BW,GC,HC,RCL",155,155,1,6,12
8,24,"AC,BV,GC,RCA,RCL",156,156,1,5,53
8,24,"AC,GC,RCA,RCL,RS",157,157,1,5,125
8,24,"AC,GC,RCA,RCL",158,158,1,4,124
8,24,"AC,RCA,RCL",159,159,1,3,152
8,24,RCL,160,160,1,1,370
8,24,"AC,BW,RCL",161,161,1,3,105
8,24,"AC,BV,BW,GC,RCA,RCL",162,162,1,6,18
8,24,"AC,BV,BW,GC,HC,RCA,RCL",163,163,1,7,11
8,24,"AC,RCL",164,164,1,2,154
8,24,"AC,BW,RCA,RCL",165,165,1,4,103
8,24,"AC,BV,BW,GC,HC,RCA,RCL",166,166,1,7,11
8,24,"AC,BV,RCA,RCL",167,167,1,4,69
8,24,"AC,BV,GC,RCA,RCL",168,168,1,5,53
8,24,"AC,GC,RCA,RCL",169,169,1,4,124
8,24,"AC,RCA,RCL",170,170,1,3,152
8,24,"AC,GC,RCA,RCL",171,172,2,4,124
8,24,"AC,RCA,RCL",173,173,1,3,152
8,24,"AC,GC,RCA,RCL",174,175,2,4,124
8,24,"AC,RCA,RCL",176,176,1,3,152
8,24,"AC,BW,RCA,RCL",177,177,1,4,103
8,24,"AC,RCA,RCL",178,180,3,3,152
8,24,"AC,RCL",181,181,1,2,154
8,24,none,182,182,1,0,343
8,24,"AC,RCA,RCL",183,184,2,3,152
8,24,"AC,RCL",185,186,2,2,154
8,24,"AC,RCA,RCL",187,187,1,3,152
8,24,"AC,RCL",188,188,1,2,154
8,24,"AC,RCA,RCL",189,189,1,3,152
8,24,"AC,RCL",190,190,1,2,154
8,24,"AC,RCA,RCL",191,191,1,3,152
8,24,"AC,RCL",192,201,10,2,154
8,24,"AC,RCA,RCL",202,202,1,3,152
8,24,"AC,RCL",203,217,15,2,154
8,24,"AC,BV,RCL",218,220,3,3,70
8,24,"AC,RCL",221,254,34,2,154
8,24,RCL,255,256,2,1,370
8,24,"AC,RCL",257,259,3,2,154
8,24,RCL,260,275,16,1,370
8,24,"RCA,RS",276,276,1,2,369
8,24,RS,277,277,1,1,376
8,24,none,278,284,7,0,343
8,24,RCL,285,285,1,1,370
8,24,none,286,288,3,0,343
8,24,RCL,289,289,1,1,370
8,24,none,290,292,3,0,343
8,24,RS,293,293,1,1,376
8,24,none,294,299,6,0,343
8,24,RS,300,300,1,1,376
8,24,none,301,307,7,0,343
8,24,RS,308,308,1,1,376
8,24,none,309,312,4,0,343
8,24,RS,313,313,1,1,376
