pond,cycle,onset,terminus,vertex.id,duration,species,gap_tolerance_used
1,1,174,177,1,4,BW,0
1,1,179,180,1,2,BW,0
1,1,182,182,1,1,BW,0
1,1,186,188,2,3,GC,0
1,1,193,195,2,3,GC,0
1,1,211,212,2,2,GC,0
1,1,184,184,3,1,HC,0
1,1,190,190,3,1,HC,0
1,1,197,197,3,1,HC,0
1,1,108,109,4,2,HV,0
1,1,118,122,4,5,HV,0
1,1,124,132,4,9,HV,0
1,1,137,138,4,2,HV,0
1,1,152,154,4,3,HV,0
1,1,157,167,4,11,HV,0
1,1,171,176,4,6,HV,0
1,1,178,178,4,1,HV,0
1,1,181,184,4,4,HV,0
1,1,187,225,4,39,HV,0
1,1,227,227,4,1,HV,0
1,1,245,249,4,5,HV,0
1,1,255,256,4,2,HV,0
1,1,55,55,5,1,PC,0
1,1,70,79,5,10,PC,0
1,1,81,97,5,17,PC,0
1,1,100,100,5,1,PC,0
1,1,161,167,6,7,RCA,0
1,1,55,56,7,2,RS,0
1,1,58,59,7,2,RS,0
1,1,62,67,7,6,RS,0
1,1,69,85,7,17,RS,0
1,1,87,94,7,8,RS,0
1,1,96,103,7,8,RS,0
1,1,107,110,7,4,RS,0
1,1,112,112,7,1,RS,0
1,1,114,115,7,2,RS,0
1,1,117,120,7,4,RS,0
1,1,124,124,7,1,RS,0
1,1,132,132,7,1,RS,0
1,1,152,155,7,4,RS,0
1,1,157,162,7,6,RS,0
1,1,164,164,7,1,RS,0
1,1,167,167,7,1,RS,0
1,1,175,175,7,1,RS,0
1,1,178,178,7,1,RS,0
1,1,183,189,7,7,RS,0
1,1,193,198,7,6,RS,0
1,1,200,202,7,3,RS,0
1,1,206,208,7,3,RS,0
1,1,210,210,7,1,RS,0
1,1,244,244,7,1,RS,0
1,1,250,250,7,1,RS,0
1,1,253,253,7,1,RS,0
1,1,263,263,7,1,RS,0
1,1,267,267,7,1,RS,0
1,1,282,283,7,2,RS,0
1,1,286,286,7,1,RS,0
1,1,292,292,7,1,RS,0
1,1,294,298,7,5,RS,0
1,1,303,303,7,1,RS,0
1,1,306,309,7,4,RS,0
1,1,312,312,7,1,RS,0
1,2,210,210,1,1,HC,0
1,2,212,213,1,2,HC,0
1,2,215,216,1,2,HC,0
1,2,218,220,1,3,HC,0
1,2,222,224,1,3,HC,0
1,2,228,232,1,5,HC,0
1,2,234,235,1,2,HC,0
1,2,239,240,1,2,HC,0
1,2,114,118,2,5,HV,0
1,2,223,226,2,4,HV,0
1,2,233,233,2,1,HV,0
1,2,266,266,2,1,HV,0
1,2,24,24,3,1,PC,0
1,2,234,234,4,1,RCA,0
1,2,276,276,4,1,RCA,0
1,2,9,15,5,7,RS,0
1,2,18,18,5,1,RS,0
1,2,36,36,5,1,RS,0
1,2,39,39,5,1,RS,0
1,2,43,43,5,1,RS,0
1,2,49,49,5,1,RS,0
1,2,53,57,5,5,RS,0
1,2,71,73,5,3,RS,0
1,2,75,82,5,8,RS,0
1,2,107,107,5,1,RS,0
1,2,113,118,5,6,RS,0
1,2,266,268,5,3,RS,0
1,2,274,274,5,1,RS,0
1,2,281,281,5,1,RS,0
1,2,285,285,5,1,RS,0
1,2,290,290,5,1,RS,0
1,2,301,301,5,1,RS,0
1,2,304,304,5,1,RS,0
1,2,308,312,5,5,RS,0
1,2,314,314,5,1,RS,0
1,2,320,320,5,1,RS,0
1,2,322,323,5,2,RS,0
1,2,329,331,5,3,RS,0
1,2,334,334,5,1,RS,0
1,3,157,157,1,1,HC,0
1,3,27,27,2,1,HV,0
1,3,153,153,2,1,HV,0
1,3,155,157,2,3,HV,0
1,3,160,166,2,7,HV,0
1,3,190,191,2,2,HV,0
1,3,195,203,2,9,HV,0
1,3,206,208,2,3,HV,0
1,3,212,215,2,4,HV,0
1,3,217,217,2,1,HV,0
1,3,219,220,2,2,HV,0
1,3,231,232,2,2,HV,0
1,3,234,237,2,4,HV,0
1,3,239,239,2,1,HV,0
1,3,251,251,2,1,HV,0
1,3,266,266,2,1,HV,0
1,3,269,271,2,3,HV,0
1,3,28,28,3,1,PC,0
1,3,32,36,3,5,PC,0
1,3,47,49,3,3,PC,0
1,3,54,55,3,2,PC,0
1,3,68,71,3,4,PC,0
1,3,78,81,3,4,PC,0
1,3,86,86,3,1,PC,0
1,3,89,95,3,7,PC,0
1,3,341,341,3,1,PC,0
1,3,12,12,4,1,RS,0
1,3,26,26,4,1,RS,0
1,3,28,29,4,2,RS,0
1,3,31,33,4,3,RS,0
1,3,35,36,4,2,RS,0
1,3,54,54,4,1,RS,0
1,3,68,72,4,5,RS,0
1,3,80,80,4,1,RS,0
1,3,87,88,4,2,RS,0
1,3,114,114,4,1,RS,0
1,3,271,275,4,5,RS,0
1,3,282,284,4,3,RS,0
1,3,309,313,4,5,RS,0
1,3,316,318,4,3,RS,0
1,3,322,323,4,2,RS,0
1,3,325,325,4,1,RS,0
1,3,348,349,4,2,RS,0
1,4,162,162,1,1,GC,0
1,4,170,170,1,1,GC,0
1,4,203,203,1,1,GC,0
1,4,206,207,1,2,GC,0
1,4,160,160,2,1,HC,0
1,4,163,164,2,2,HC,0
1,4,166,178,2,13,HC,0
1,4,180,193,2,14,HC,0
1,4,195,203,2,9,HC,0
1,4,206,226,2,21,HC,0
1,4,228,229,2,2,HC,0
1,4,241,241,2,1,HC,0
1,4,90,92,3,3,HV,0
1,4,105,107,3,3,HV,0
1,4,113,116,3,4,HV,0
1,4,119,121,3,3,HV,0
1,4,125,125,3,1,HV,0
1,4,127,127,3,1,HV,0
1,4,134,134,3,1,HV,0
1,4,137,137,3,1,HV,0
1,4,141,141,3,1,HV,0
1,4,143,145,3,3,HV,0
1,4,147,148,3,2,HV,0
1,4,151,176,3,26,HV,0
1,4,180,191,3,12,HV,0
1,4,193,203,3,11,HV,0
1,4,206,212,3,7,HV,0
1,4,223,223,3,1,HV,0
1,4,234,234,3,1,HV,0
1,4,240,243,3,4,HV,0
1,4,261,262,3,2,HV,0
1,4,2,2,4,1,PC,0
1,4,28,28,4,1,PC,0
1,4,43,45,4,3,PC,0
1,4,50,53,4,4,PC,0
1,4,59,59,4,1,PC,0
1,4,62,62,4,1,PC,0
1,4,67,102,4,36,PC,0
1,4,104,108,4,5,PC,0
1,4,110,111,4,2,PC,0
1,4,116,116,4,1,PC,0
1,4,121,121,4,1,PC,0
1,4,163,163,5,1,RCA,0
1,4,132,141,6,10,RCL,0
1,4,145,146,6,2,RCL,0
1,4,149,167,6,19,RCL,0
1,4,204,204,6,1,RCL,0
1,4,206,212,6,7,RCL,0
1,4,29,29,7,1,RS,0
1,4,68,68,7,1,RS,0
1,4,72,75,7,4,RS,0
1,4,77,77,7,1,RS,0
1,4,81,81,7,1,RS,0
1,4,83,91,7,9,RS,0
1,4,94,94,7,1,RS,0
1,4,117,117,7,1,RS,0
1,4,119,132,7,14,RS,0
1,4,144,144,7,1,RS,0
1,4,149,154,7,6,RS,0
1,4,156,159,7,4,RS,0
1,4,161,164,7,4,RS,0
1,4,167,167,7,1,RS,0
1,4,236,236,7,1,RS,0
1,4,246,246,7,1,RS,0
1,4,254,254,7,1,RS,0
1,4,262,264,7,3,RS,0
1,4,269,269,7,1,RS,0
1,4,271,274,7,4,RS,0
1,4,276,283,7,8,RS,0
1,4,286,298,7,13,RS,0
1,4,303,304,7,2,RS,0
1,4,306,306,7,1,RS,0
1,4,311,311,7,1,RS,0
1,4,317,317,7,1,RS,0
1,4,326,329,7,4,RS,0
1,4,331,332,7,2,RS,0
1,4,334,336,7,3,RS,0
1,4,348,348,7,1,RS,0
1,4,351,355,7,5,RS,0
1,5,188,188,1,1,BV,0
1,5,170,171,2,2,HC,0
1,5,177,178,2,2,HC,0
1,5,181,181,2,1,HC,0
1,5,226,226,2,1,HC,0
1,5,229,229,2,1,HC,0
1,5,128,128,3,1,HV,0
1,5,137,139,3,3,HV,0
1,5,145,146,3,2,HV,0
1,5,155,156,3,2,HV,0
1,5,185,186,3,2,HV,0
1,5,202,202,3,1,HV,0
1,5,215,215,3,1,HV,0
1,5,221,221,3,1,HV,0
1,5,226,226,3,1,HV,0
1,5,248,248,3,1,HV,0
1,5,254,254,3,1,HV,0
1,5,3,3,4,1,PC,0
1,5,5,6,4,2,PC,0
1,5,9,10,4,2,PC,0
1,5,13,13,4,1,PC,0
1,5,17,18,4,2,PC,0
1,5,25,30,4,6,PC,0
1,5,32,32,4,1,PC,0
1,5,34,39,4,6,PC,0
1,5,46,48,4,3,PC,0
1,5,52,52,4,1,PC,0
1,5,55,74,4,20,PC,0
1,5,78,93,4,16,PC,0
1,5,105,107,4,3,PC,0
1,5,150,150,5,1,RCL,0
1,5,152,152,5,1,RCL,0
1,5,156,156,5,1,RCL,0
1,5,165,165,5,1,RCL,0
1,5,32,32,6,1,RS,0
1,5,38,41,6,4,RS,0
1,5,46,48,6,3,RS,0
1,5,52,53,6,2,RS,0
1,5,55,55,6,1,RS,0
1,5,60,70,6,11,RS,0
1,5,72,73,6,2,RS,0
1,5,84,85,6,2,RS,0
1,5,90,90,6,1,RS,0
1,5,92,92,6,1,RS,0
1,5,273,274,6,2,RS,0
1,5,277,278,6,2,RS,0
1,5,280,280,6,1,RS,0
1,5,285,285,6,1,RS,0
1,5,291,292,6,2,RS,0
1,5,294,297,6,4,RS,0
1,5,299,300,6,2,RS,0
1,5,304,307,6,4,RS,0
1,5,311,311,6,1,RS,0
1,6,156,156,1,1,BV,0
1,6,196,197,1,2,BV,0
1,6,217,218,1,2,BV,0
1,6,196,199,2,4,HC,0
1,6,201,201,2,1,HC,0
1,6,203,203,2,1,HC,0
1,6,210,210,2,1,HC,0
1,6,214,215,2,2,HC,0
1,6,217,218,2,2,HC,0
1,6,220,225,2,6,HC,0
1,6,227,229,2,3,HC,0
1,6,233,233,2,1,HC,0
1,6,235,236,2,2,HC,0
1,6,240,240,2,1,HC,0
1,6,247,248,2,2,HC,0
1,6,117,119,3,3,HV,0
1,6,122,124,3,3,HV,0
1,6,130,140,3,11,HV,0
1,6,148,149,3,2,HV,0
1,6,151,153,3,3,HV,0
1,6,155,156,3,2,HV,0
1,6,168,168,3,1,HV,0
1,6,193,198,3,6,HV,0
1,6,217,218,3,2,HV,0
1,6,235,236,3,2,HV,0
1,6,238,238,3,1,HV,0
1,6,262,263,3,2,HV,0
1,6,267,267,3,1,HV,0
1,6,59,59,4,1,PC,0
1,6,61,61,4,1,PC,0
1,6,72,72,4,1,PC,0
1,6,74,74,4,1,PC,0
1,6,80,80,4,1,PC,0
1,6,82,83,4,2,PC,0
1,6,85,89,4,5,PC,0
1,6,92,99,4,8,PC,0
1,6,101,119,4,19,PC,0
1,6,133,133,4,1,PC,0
1,6,164,167,5,4,RCL,0
1,6,169,169,5,1,RCL,0
1,6,73,74,6,2,RS,0
1,6,88,89,6,2,RS,0
1,6,96,97,6,2,RS,0
1,6,99,99,6,1,RS,0
1,6,101,102,6,2,RS,0
1,6,106,107,6,2,RS,0
1,6,110,110,6,1,RS,0
1,6,113,117,6,5,RS,0
1,6,288,292,6,5,RS,0
1,6,294,294,6,1,RS,0
1,6,298,298,6,1,RS,0
1,6,304,304,6,1,RS,0
1,6,311,314,6,4,RS,0
1,6,316,322,6,7,RS,0
1,6,326,327,6,2,RS,0
1,6,340,340,6,1,RS,0
1,7,113,113,1,1,BV,0
1,7,141,142,1,2,BV,0
1,7,151,151,1,1,BV,0
1,7,213,214,1,2,BV,0
1,7,149,149,2,1,BW,0
1,7,205,205,2,1,BW,0
1,7,130,130,3,1,HC,0
1,7,104,114,4,11,HV,0
1,7,120,120,4,1,HV,0
1,7,139,142,4,4,HV,0
1,7,145,146,4,2,HV,0
1,7,148,152,4,5,HV,0
1,7,154,154,4,1,HV,0
1,7,158,162,4,5,HV,0
1,7,191,193,4,3,HV,0
1,7,205,207,4,3,HV,0
1,7,213,216,4,4,HV,0
1,7,247,252,4,6,HV,0
1,7,254,266,4,13,HV,0
1,7,268,268,4,1,HV,0
1,7,20,20,5,1,PC,0
1,7,24,24,5,1,PC,0
1,7,26,26,5,1,PC,0
1,7,32,32,5,1,PC,0
1,7,38,40,5,3,PC,0
1,7,45,48,5,4,PC,0
1,7,50,51,5,2,PC,0
1,7,53,58,5,6,PC,0
1,7,61,66,5,6,PC,0
1,7,77,88,5,12,PC,0
1,7,92,102,5,11,PC,0
1,7,104,105,5,2,PC,0
1,7,107,107,5,1,PC,0
1,7,111,112,5,2,PC,0
1,7,141,141,6,1,RCL,0
1,7,157,167,6,11,RCL,0
1,7,101,102,7,2,RS,0
1,7,105,105,7,1,RS,0
1,7,110,110,7,1,RS,0
1,7,112,113,7,2,RS,0
1,7,258,260,7,3,RS,0
1,7,262,262,7,1,RS,0
1,7,265,267,7,3,RS,0
1,7,269,269,7,1,RS,0
1,7,271,272,7,2,RS,0
1,7,274,275,7,2,RS,0
1,7,282,282,7,1,RS,0
1,7,294,298,7,5,RS,0
1,7,303,304,7,2,RS,0
1,8,125,127,1,3,BV,0
1,8,139,140,1,2,BV,0
1,8,149,149,1,1,BV,0
1,8,155,157,1,3,BV,0
1,8,161,163,1,3,BV,0
1,8,166,169,1,4,BV,0
1,8,190,191,1,2,BV,0
1,8,206,206,1,1,BV,0
1,8,232,234,1,3,BV,0
1,8,246,246,1,1,BV,0
1,8,252,253,1,2,BV,0
1,8,139,140,2,2,HC,0
1,8,156,158,2,3,HC,0
1,8,161,161,2,1,HC,0
1,8,166,169,2,4,HC,0
1,8,183,190,2,8,HC,0
1,8,203,203,2,1,HC,0
1,8,206,207,2,2,HC,0
1,8,210,213,2,4,HC,0
1,8,220,222,2,3,HC,0
1,8,224,224,2,1,HC,0
1,8,226,228,2,3,HC,0
1,8,231,234,2,4,HC,0
1,8,104,105,3,2,HV,0
1,8,113,115,3,3,HV,0
1,8,121,121,3,1,HV,0
1,8,124,128,3,5,HV,0
1,8,134,135,3,2,HV,0
1,8,138,140,3,3,HV,0
1,8,149,149,3,1,HV,0
1,8,154,154,3,1,HV,0
1,8,156,158,3,3,HV,0
1,8,162,163,3,2,HV,0
1,8,166,169,3,4,HV,0
1,8,190,194,3,5,HV,0
1,8,252,253,3,2,HV,0
1,8,258,259,3,2,HV,0
1,8,262,267,3,6,HV,0
1,8,269,269,3,1,HV,0
1,8,271,271,3,1,HV,0
1,8,63,63,4,1,PC,0
1,8,69,70,4,2,PC,0
1,8,72,77,4,6,PC,0
1,8,92,99,4,8,PC,0
1,8,106,108,4,3,PC,0
1,8,156,158,5,3,RCL,0
1,8,164,169,5,6,RCL,0
1,8,190,197,5,8,RCL,0
1,8,199,203,5,5,RCL,0
1,8,264,264,5,1,RCL,0
1,8,288,288,6,1,RS,0
1,9,139,142,1,4,BV,0
1,9,152,155,1,4,BV,0
1,9,169,170,1,2,BV,0
1,9,202,204,1,3,BV,0
1,9,226,227,1,2,BV,0
1,9,235,235,1,1,BV,0
1,9,238,239,1,2,BV,0
1,9,152,152,2,1,HC,0
1,9,154,154,2,1,HC,0
1,9,135,135,3,1,HV,0
1,9,137,142,3,6,HV,0
1,9,145,145,3,1,HV,0
1,9,148,149,3,2,HV,0
1,9,152,157,3,6,HV,0
1,9,159,161,3,3,HV,0
1,9,169,170,3,2,HV,0
1,9,173,173,3,1,HV,0
1,9,226,227,3,2,HV,0
1,9,238,239,3,2,HV,0
1,9,274,274,3,1,HV,0
1,9,280,280,3,1,HV,0
1,9,285,285,3,1,HV,0
1,9,291,291,3,1,HV,0
1,9,50,50,4,1,PC,0
1,9,52,54,4,3,PC,0
1,9,59,73,4,15,PC,0
1,9,75,75,4,1,PC,0
1,9,79,79,4,1,PC,0
1,9,82,82,4,1,PC,0
1,9,94,94,4,1,PC,0
1,9,97,108,4,12,PC,0
1,9,110,114,4,5,PC,0
1,9,116,116,4,1,PC,0
1,9,121,121,4,1,PC,0
1,9,129,130,4,2,PC,0
1,9,132,138,4,7,PC,0
1,9,140,141,4,2,PC,0
1,9,69,69,5,1,RS,0
1,9,104,104,5,1,RS,0
1,9,110,112,5,3,RS,0
1,9,133,133,5,1,RS,0
1,9,136,136,5,1,RS,0
1,9,272,273,5,2,RS,0
1,9,282,282,5,1,RS,0
1,9,289,289,5,1,RS,0
1,9,292,292,5,1,RS,0
1,9,294,295,5,2,RS,0
1,9,305,305,5,1,RS,0
1,9,310,310,5,1,RS,0
1,9,312,319,5,8,RS,0
1,9,321,324,5,4,RS,0
1,9,328,328,5,1,RS,0
1,9,330,331,5,2,RS,0
1,9,333,333,5,1,RS,0
1,9,337,337,5,1,RS,0
1,10,130,130,1,1,BV,0
1,10,138,140,1,3,BV,0
1,10,146,146,1,1,BV,0
1,10,170,172,1,3,BV,0
1,10,176,176,1,1,BV,0
1,10,183,183,1,1,BV,0
1,10,208,209,1,2,BV,0
1,10,211,211,1,1,BV,0
1,10,213,213,1,1,BV,0
1,10,215,215,1,1,BV,0
1,10,269,270,1,2,BV,0
1,10,129,131,2,3,BW,0
1,10,207,207,2,1,BW,0
1,10,128,133,3,6,HV,0
1,10,138,141,3,4,HV,0
1,10,143,143,3,1,HV,0
1,10,145,148,3,4,HV,0
1,10,186,188,3,3,HV,0
1,10,208,208,3,1,HV,0
1,10,46,46,4,1,PC,0
1,10,66,66,4,1,PC,0
1,10,71,71,4,1,PC,0
1,10,77,79,4,3,PC,0
1,10,83,84,4,2,PC,0
1,10,86,121,4,36,PC,0
1,10,129,129,4,1,PC,0
1,10,77,79,5,3,RS,0
1,10,93,94,5,2,RS,0
1,10,242,242,5,1,RS,0
1,10,244,244,5,1,RS,0
1,10,266,267,5,2,RS,0
1,10,270,278,5,9,RS,0
1,10,280,280,5,1,RS,0
1,10,282,297,5,16,RS,0
1,10,300,301,5,2,RS,0
1,10,319,321,5,3,RS,0
1,10,323,324,5,2,RS,0
1,10,334,334,5,1,RS,0
1,11,264,265,1,2,BV,0
1,11,123,124,2,2,HV,0
1,11,143,144,2,2,HV,0
1,11,146,148,2,3,HV,0
1,11,154,154,2,1,HV,0
1,11,157,160,2,4,HV,0
1,11,164,166,2,3,HV,0
1,11,168,172,2,5,HV,0
1,11,174,177,2,4,HV,0
1,11,200,200,2,1,HV,0
1,11,57,57,3,1,PC,0
1,11,71,79,3,9,PC,0
1,11,81,86,3,6,PC,0
1,11,89,91,3,3,PC,0
1,11,93,95,3,3,PC,0
1,11,98,98,3,1,PC,0
1,11,100,105,3,6,PC,0
1,11,147,147,4,1,RCL,0
1,11,26,26,5,1,RS,0
1,11,49,49,5,1,RS,0
1,11,56,58,5,3,RS,0
1,11,68,68,5,1,RS,0
1,11,76,76,5,1,RS,0
1,11,78,81,5,4,RS,0
1,11,86,86,5,1,RS,0
1,11,95,99,5,5,RS,0
1,11,101,117,5,17,RS,0
1,11,120,120,5,1,RS,0
1,11,124,125,5,2,RS,0
1,11,144,144,5,1,RS,0
1,11,148,148,5,1,RS,0
1,11,154,160,5,7,RS,0
1,12,98,105,1,8,HV,0
1,12,112,115,1,4,HV,0
1,12,119,119,1,1,HV,0
1,12,122,122,1,1,HV,0
1,12,128,129,1,2,HV,0
1,12,132,132,1,1,HV,0
1,12,144,144,1,1,HV,0
1,12,146,155,1,10,HV,0
1,12,162,162,1,1,HV,0
1,12,164,177,1,14,HV,0
1,12,180,187,1,8,HV,0
1,12,189,201,1,13,HV,0
1,12,218,239,1,22,HV,0
1,12,241,251,1,11,HV,0
1,12,87,89,2,3,PC,0
1,12,91,92,2,2,PC,0
1,12,150,150,3,1,RCL,0
1,12,220,276,3,57,RCL,0
1,12,312,312,3,1,RCL,0
1,12,61,66,4,6,RS,0
1,12,71,71,4,1,RS,0
1,12,73,80,4,8,RS,0
1,12,82,82,4,1,RS,0
1,12,87,87,4,1,RS,0
1,12,89,89,4,1,RS,0
1,12,91,91,4,1,RS,0
1,12,93,93,4,1,RS,0
1,12,96,112,4,17,RS,0
1,12,116,117,4,2,RS,0
1,12,208,208,4,1,RS,0
1,12,233,233,4,1,RS,0
1,12,236,236,4,1,RS,0
1,12,242,246,4,5,RS,0
1,12,248,250,4,3,RS,0
1,12,252,253,4,2,RS,0
1,12,259,264,4,6,RS,0
1,12,268,269,4,2,RS,0
1,12,271,271,4,1,RS,0
1,12,273,273,4,1,RS,0
1,12,275,275,4,1,RS,0
1,12,277,277,4,1,RS,0
1,12,280,281,4,2,RS,0
1,12,286,289,4,4,RS,0
1,12,291,291,4,1,RS,0
1,12,296,296,4,1,RS,0
1,12,301,301,4,1,RS,0
1,12,303,308,4,6,RS,0
1,12,314,316,4,3,RS,0
1,13,118,118,1,1,BV,0
1,13,131,131,1,1,BV,0
1,13,144,145,1,2,BV,0
1,13,156,157,1,2,BV,0
1,13,163,165,1,3,BV,0
1,13,169,170,1,2,BV,0
1,13,173,175,1,3,BV,0
1,13,180,182,1,3,BV,0
1,13,197,197,1,1,BV,0
1,13,223,225,1,3,BV,0
1,13,125,125,2,1,BW,0
1,13,157,158,2,2,BW,0
1,13,163,165,2,3,BW,0
1,13,170,170,2,1,BW,0
1,13,180,181,2,2,BW,0
1,13,169,170,3,2,HC,0
1,13,194,194,3,1,HC,0
1,13,116,119,4,4,HV,0
1,13,122,126,4,5,HV,0
1,13,131,133,4,3,HV,0
1,13,139,140,4,2,HV,0
1,13,143,148,4,6,HV,0
1,13,154,158,4,5,HV,0
1,13,161,165,4,5,HV,0
1,13,168,183,4,16,HV,0
1,13,187,190,4,4,HV,0
1,13,193,198,4,6,HV,0
1,13,200,205,4,6,HV,0
1,13,223,225,4,3,HV,0
1,13,76,76,5,1,PC,0
1,13,79,79,5,1,PC,0
1,13,82,82,5,1,PC,0
1,13,106,108,5,3,PC,0
1,13,116,119,5,4,PC,0
1,13,123,123,5,1,PC,0
1,13,118,118,6,1,RCL,0
1,13,122,269,6,148,RCL,0
1,13,54,55,7,2,RS,0
1,13,65,65,7,1,RS,0
1,13,68,68,7,1,RS,0
1,13,70,70,7,1,RS,0
1,13,126,128,7,3,RS,0
1,13,134,134,7,1,RS,0
1,13,140,140,7,1,RS,0
1,13,145,149,7,5,RS,0
1,13,157,164,7,8,RS,0
1,13,171,171,7,1,RS,0
1,13,227,227,7,1,RS,0
1,13,230,230,7,1,RS,0
1,13,234,234,7,1,RS,0
1,13,251,251,7,1,RS,0
1,13,254,257,7,4,RS,0
1,13,259,259,7,1,RS,0
1,13,271,271,7,1,RS,0
1,13,275,277,7,3,RS,0
1,13,279,282,7,4,RS,0
1,13,290,292,7,3,RS,0
1,13,296,296,7,1,RS,0
1,13,301,302,7,2,RS,0
1,13,304,307,7,4,RS,0
1,13,310,312,7,3,RS,0
1,13,316,316,7,1,RS,0
1,13,324,324,7,1,RS,0
1,14,120,120,1,1,AC,0
1,14,128,128,1,1,AC,0
1,14,160,161,1,2,AC,0
1,14,163,171,1,9,AC,0
1,14,173,174,1,2,AC,0
1,14,176,189,1,14,AC,0
1,14,192,204,1,13,AC,0
1,14,208,208,1,1,AC,0
1,14,210,210,1,1,AC,0
1,14,213,215,1,3,AC,0
1,14,232,232,1,1,AC,0
1,14,155,159,2,5,BV,0
1,14,155,157,3,3,BW,0
1,14,158,158,4,1,GC,0
1,14,176,180,4,5,GC,0
1,14,188,188,4,1,GC,0
1,14,169,169,5,1,HC,0
1,14,183,185,5,3,HC,0
1,14,189,189,5,1,HC,0
1,14,197,198,5,2,HC,0
1,14,213,217,5,5,HC,0
1,14,237,237,5,1,HC,0
1,14,118,120,6,3,HV,0
1,14,126,129,6,4,HV,0
1,14,137,138,6,2,HV,0
1,14,143,143,6,1,HV,0
1,14,150,153,6,4,HV,0
1,14,155,160,6,6,HV,0
1,14,162,195,6,34,HV,0
1,14,197,248,6,52,HV,0
1,14,250,260,6,11,HV,0
1,14,272,272,6,1,HV,0
1,14,36,36,7,1,PC,0
1,14,61,62,7,2,PC,0
1,14,66,67,7,2,PC,0
1,14,72,77,7,6,PC,0
1,14,79,87,7,9,PC,0
1,14,91,91,7,1,PC,0
1,14,93,97,7,5,PC,0
1,14,101,102,7,2,PC,0
1,14,107,108,7,2,PC,0
1,14,112,113,7,2,PC,0
1,14,123,123,8,1,PT,0
1,14,169,169,9,1,RCA,0
1,14,2,2,10,1,RS,0
1,14,76,83,10,8,RS,0
1,14,86,87,10,2,RS,0
1,14,93,97,10,5,RS,0
1,14,99,99,10,1,RS,0
1,14,123,123,10,1,RS,0
1,14,126,126,10,1,RS,0
1,14,156,157,10,2,RS,0
1,14,160,181,10,22,RS,0
1,14,188,190,10,3,RS,0
1,14,211,212,10,2,RS,0
1,14,214,217,10,4,RS,0
1,14,219,219,10,1,RS,0
1,14,221,221,10,1,RS,0
1,14,226,244,10,19,RS,0
1,14,249,261,10,13,RS,0
1,14,263,270,10,8,RS,0
1,14,272,277,10,6,RS,0
1,14,283,285,10,3,RS,0
1,14,287,287,10,1,RS,0
1,14,289,291,10,3,RS,0
1,14,293,303,10,11,RS,0
1,14,305,305,10,1,RS,0
1,14,314,316,10,3,RS,0
1,14,328,328,10,1,RS,0
1,15,167,167,1,1,AC,0
1,15,171,171,1,1,AC,0
1,15,197,199,2,3,BV,0
1,15,161,161,3,1,GC,0
1,15,163,163,3,1,GC,0
1,15,166,170,3,5,GC,0
1,15,172,176,3,5,GC,0
1,15,179,181,3,3,GC,0
1,15,197,198,3,2,GC,0
1,15,216,216,4,1,HC,0
1,15,101,107,5,7,HV,0
1,15,109,111,5,3,HV,0
1,15,115,120,5,6,HV,0
1,15,123,126,5,4,HV,0
1,15,129,130,5,2,HV,0
1,15,133,136,5,4,HV,0
1,15,139,144,5,6,HV,0
1,15,147,151,5,5,HV,0
1,15,153,153,5,1,HV,0
1,15,158,183,5,26,HV,0
1,15,187,188,5,2,HV,0
1,15,195,198,5,4,HV,0
1,15,201,201,5,1,HV,0
1,15,43,52,6,10,PC,0
1,15,54,56,6,3,PC,0
1,15,58,59,6,2,PC,0
1,15,62,62,6,1,PC,0
1,15,66,75,6,10,PC,0
1,15,78,79,6,2,PC,0
1,15,88,90,6,3,PC,0
1,15,93,110,6,18,PC,0
1,15,98,102,7,5,PT,0
1,15,104,105,7,2,PT,0
1,15,139,152,8,14,RCL,0
1,15,154,154,8,1,RCL,0
1,15,158,204,8,47,RCL,0
1,15,217,217,8,1,RCL,0
1,15,221,222,8,2,RCL,0
1,15,239,239,8,1,RCL,0
1,15,258,261,8,4,RCL,0
1,15,93,93,9,1,RP,0
1,15,95,106,9,12,RP,0
1,15,108,108,9,1,RP,0
1,15,111,112,9,2,RP,0
1,15,6,7,10,2,RS,0
1,15,22,22,10,1,RS,0
1,15,29,29,10,1,RS,0
1,15,47,47,10,1,RS,0
1,15,54,56,10,3,RS,0
1,15,58,58,10,1,RS,0
1,15,79,80,10,2,RS,0
1,15,90,90,10,1,RS,0
1,15,93,111,10,19,RS,0
1,15,113,117,10,5,RS,0
1,15,120,123,10,4,RS,0
1,15,128,151,10,24,RS,0
1,15,158,159,10,2,RS,0
1,15,162,163,10,2,RS,0
1,15,165,181,10,17,RS,0
1,15,183,183,10,1,RS,0
1,15,197,198,10,2,RS,0
1,15,200,200,10,1,RS,0
1,16,158,158,1,1,AC,0
1,16,137,137,2,1,BV,0
1,16,97,99,3,3,HV,0
1,16,117,117,3,1,HV,0
1,16,128,129,3,2,HV,0
1,16,136,139,3,4,HV,0
1,16,143,149,3,7,HV,0
1,16,152,152,3,1,HV,0
1,16,154,165,3,12,HV,0
1,16,168,171,3,4,HV,0
1,16,174,185,3,12,HV,0
1,16,189,192,3,4,HV,0
1,16,195,196,3,2,HV,0
1,16,263,270,3,8,HV,0
1,16,7,7,4,1,PC,0
1,16,96,102,4,7,PC,0
1,16,79,79,5,1,PT,0
1,16,86,87,5,2,PT,0
1,16,96,98,5,3,PT,0
1,16,151,157,6,7,RCL,0
1,16,159,162,6,4,RCL,0
1,16,164,173,6,10,RCL,0
1,16,85,85,7,1,RP,0
1,16,97,99,8,3,RS,0
1,16,136,139,8,4,RS,0
1,16,144,149,8,6,RS,0
1,16,154,156,8,3,RS,0
1,16,185,185,8,1,RS,0
1,16,263,273,8,11,RS,0
1,16,298,298,8,1,RS,0
1,16,314,314,8,1,RS,0
1,17,271,271,1,1,AC,0
1,17,234,234,2,1,BV,0
1,17,172,172,3,1,GC,0
1,17,175,177,3,3,GC,0
1,17,173,173,4,1,HC,0
1,17,119,120,5,2,HV,0
1,17,137,138,5,2,HV,0
1,17,145,146,5,2,HV,0
1,17,150,150,5,1,HV,0
1,17,153,154,5,2,HV,0
1,17,161,162,5,2,HV,0
1,17,167,170,5,4,HV,0
1,17,172,190,5,19,HV,0
1,17,200,200,5,1,HV,0
1,17,241,241,5,1,HV,0
1,17,246,253,5,8,HV,0
1,17,256,256,5,1,HV,0
1,17,265,267,5,3,HV,0
1,17,20,20,6,1,PC,0
1,17,22,22,6,1,PC,0
1,17,29,29,6,1,PC,0
1,17,42,42,6,1,PC,0
1,17,78,78,6,1,PC,0
1,17,119,120,6,2,PC,0
1,17,192,192,7,1,RCA,0
1,17,129,138,8,10,RCL,0
1,17,141,142,8,2,RCL,0
1,17,145,145,8,1,RCL,0
1,17,147,208,8,62,RCL,0
1,17,211,211,8,1,RCL,0
1,17,214,215,8,2,RCL,0
1,17,218,223,8,6,RCL,0
1,17,225,226,8,2,RCL,0
1,17,234,240,8,7,RCL,0
1,17,242,245,8,4,RCL,0
1,17,247,255,8,9,RCL,0
1,17,257,260,8,4,RCL,0
1,17,266,271,8,6,RCL,0
1,17,149,149,9,1,RS,0
1,17,266,274,9,9,RS,0
1,17,276,281,9,6,RS,0
1,17,295,297,9,3,RS,0
1,17,299,300,9,2,RS,0
1,17,302,303,9,2,RS,0
1,17,336,337,9,2,RS,0
1,17,340,340,9,1,RS,0
1,17,347,347,9,1,RS,0
1,18,200,215,1,16,AC,0
1,18,219,220,1,2,AC,0
1,18,226,228,1,3,AC,0
1,18,149,149,2,1,BV,0
1,18,167,168,2,2,BV,0
1,18,183,184,2,2,BV,0
1,18,190,193,2,4,BV,0
1,18,197,199,2,3,BV,0
1,18,239,239,2,1,BV,0
1,18,177,177,3,1,HC,0
1,18,76,76,4,1,HV,0
1,18,96,96,4,1,HV,0
1,18,102,102,4,1,HV,0
1,18,104,104,4,1,HV,0
1,18,110,110,4,1,HV,0
1,18,115,119,4,5,HV,0
1,18,123,123,4,1,HV,0
1,18,129,130,4,2,HV,0
1,18,133,135,4,3,HV,0
1,18,141,141,4,1,HV,0
1,18,145,147,4,3,HV,0
1,18,149,150,4,2,HV,0
1,18,152,152,4,1,HV,0
1,18,154,154,4,1,HV,0
1,18,156,156,4,1,HV,0
1,18,158,159,4,2,HV,0
1,18,162,162,4,1,HV,0
1,18,164,168,4,5,HV,0
1,18,173,173,4,1,HV,0
1,18,182,184,4,3,HV,0
1,18,186,187,4,2,HV,0
1,18,189,192,4,4,HV,0
1,18,198,199,4,2,HV,0
1,18,238,239,4,2,HV,0
1,18,241,241,4,1,HV,0
1,18,243,245,4,3,HV,0
1,18,247,251,4,5,HV,0
1,18,253,258,4,6,HV,0
1,18,260,263,4,4,HV,0
1,18,266,270,4,5,HV,0
1,18,272,272,4,1,HV,0
1,18,278,278,4,1,HV,0
1,18,17,17,5,1,PC,0
1,18,48,48,5,1,PC,0
1,18,61,64,5,4,PC,0
1,18,66,66,5,1,PC,0
1,18,68,68,5,1,PC,0
1,18,71,77,5,7,PC,0
1,18,79,85,5,7,PC,0
1,18,114,115,5,2,PC,0
1,18,136,137,6,2,RCL,0
1,18,139,140,6,2,RCL,0
1,18,142,149,6,8,RCL,0
1,18,153,153,6,1,RCL,0
1,18,155,159,6,5,RCL,0
1,18,170,174,6,5,RCL,0
1,18,177,177,6,1,RCL,0
1,18,181,181,6,1,RCL,0
1,18,183,183,6,1,RCL,0
1,18,187,193,6,7,RCL,0
1,18,197,197,6,1,RCL,0
1,18,200,214,6,15,RCL,0
1,18,216,225,6,10,RCL,0
1,18,227,230,6,4,RCL,0
1,18,238,275,6,38,RCL,0
1,18,104,109,7,6,RS,0
1,18,115,116,7,2,RS,0
1,18,250,254,7,5,RS,0
1,18,263,263,7,1,RS,0
1,18,266,270,7,5,RS,0
1,18,272,273,7,2,RS,0
1,18,278,283,7,6,RS,0
1,18,286,288,7,3,RS,0
1,18,292,294,7,3,RS,0
1,18,296,300,7,5,RS,0
1,18,307,308,7,2,RS,0
1,18,310,313,7,4,RS,0
1,18,335,335,7,1,RS,0
1,19,153,153,1,1,AC,0
1,19,156,156,1,1,AC,0
1,19,161,169,1,9,AC,0
1,19,171,173,1,3,AC,0
1,19,175,179,1,5,AC,0
1,19,195,195,1,1,AC,0
1,19,140,141,2,2,BV,0
1,19,152,152,2,1,BV,0
1,19,166,167,2,2,BV,0
1,19,156,156,3,1,BW,0
1,19,202,204,4,3,HC,0
1,19,124,127,5,4,HV,0
1,19,134,134,5,1,HV,0
1,19,137,142,5,6,HV,0
1,19,144,188,5,45,HV,0
1,19,190,192,5,3,HV,0
1,19,194,202,5,9,HV,0
1,19,208,211,5,4,HV,0
1,19,215,216,5,2,HV,0
1,19,221,231,5,11,HV,0
1,19,233,233,5,1,HV,0
1,19,235,236,5,2,HV,0
1,19,239,240,5,2,HV,0
1,19,242,245,5,4,HV,0
1,19,247,250,5,4,HV,0
1,19,253,254,5,2,HV,0
1,19,12,12,6,1,PC,0
1,19,34,34,6,1,PC,0
1,19,49,49,6,1,PC,0
1,19,51,53,6,3,PC,0
1,19,58,58,6,1,PC,0
1,19,60,64,6,5,PC,0
1,19,66,71,6,6,PC,0
1,19,73,73,6,1,PC,0
1,19,77,85,6,9,PC,0
1,19,87,89,6,3,PC,0
1,19,92,94,6,3,PC,0
1,19,96,96,6,1,PC,0
1,19,98,100,6,3,PC,0
1,19,124,124,6,1,PC,0
1,19,126,127,7,2,RCL,0
1,19,129,129,7,1,RCL,0
1,19,132,135,7,4,RCL,0
1,19,137,164,7,28,RCL,0
1,19,166,193,7,28,RCL,0
1,19,195,208,7,14,RCL,0
1,19,210,210,7,1,RCL,0
1,19,218,219,7,2,RCL,0
1,19,226,226,7,1,RCL,0
1,19,62,63,8,2,RS,0
1,19,65,65,8,1,RS,0
1,19,68,68,8,1,RS,0
1,19,71,71,8,1,RS,0
1,19,125,126,8,2,RS,0
1,19,142,143,8,2,RS,0
1,19,151,153,8,3,RS,0
1,19,156,162,8,7,RS,0
1,19,166,168,8,3,RS,0
1,19,224,224,8,1,RS,0
1,19,286,287,8,2,RS,0
1,19,289,291,8,3,RS,0
1,19,296,296,8,1,RS,0
1,19,299,299,8,1,RS,0
1,19,302,305,8,4,RS,0
1,19,336,336,8,1,RS,0
1,20,161,161,1,1,BV,0
1,20,167,167,1,1,BV,0
1,20,203,203,1,1,BV,0
1,20,203,203,2,1,GC,0
1,20,220,221,3,2,HC,0
1,20,110,111,4,2,HV,0
1,20,125,127,4,3,HV,0
1,20,129,130,4,2,HV,0
1,20,135,135,4,1,HV,0
1,20,137,142,4,6,HV,0
1,20,145,146,4,2,HV,0
1,20,149,153,4,5,HV,0
1,20,161,161,4,1,HV,0
1,20,172,174,4,3,HV,0
1,20,176,178,4,3,HV,0
1,20,202,204,4,3,HV,0
1,20,206,207,4,2,HV,0
1,20,209,209,4,1,HV,0
1,20,231,234,4,4,HV,0
1,20,237,237,4,1,HV,0
1,20,240,240,4,1,HV,0
1,20,257,257,4,1,HV,0
1,20,261,261,4,1,HV,0
1,20,268,268,4,1,HV,0
1,20,41,41,5,1,PC,0
1,20,70,70,5,1,PC,0
1,20,72,83,5,12,PC,0
1,20,87,88,5,2,PC,0
1,20,91,100,5,10,PC,0
1,20,104,105,5,2,PC,0
1,20,107,110,5,4,PC,0
1,20,120,120,5,1,PC,0
1,20,364,364,5,1,PC,0
1,20,164,164,6,1,RCA,0
1,20,146,146,7,1,RCL,0
1,20,160,169,7,10,RCL,0
1,20,179,179,7,1,RCL,0
1,20,181,181,7,1,RCL,0
1,20,183,183,7,1,RCL,0
1,20,186,186,7,1,RCL,0
1,20,188,188,7,1,RCL,0
1,20,191,191,7,1,RCL,0
1,20,202,202,7,1,RCL,0
1,20,204,204,7,1,RCL,0
1,20,206,206,7,1,RCL,0
1,20,209,210,7,2,RCL,0
1,20,237,244,7,8,RCL,0
1,20,111,111,8,1,RS,0
1,20,116,117,8,2,RS,0
1,20,252,277,8,26,RS,0
1,20,281,281,8,1,RS,0
1,20,283,284,8,2,RS,0
1,20,289,296,8,8,RS,0
1,20,298,299,8,2,RS,0
1,20,301,304,8,4,RS,0
1,20,309,309,8,1,RS,0
1,20,315,315,8,1,RS,0
1,21,151,152,1,2,AC,0
1,21,155,155,1,1,AC,0
1,21,157,159,1,3,AC,0
1,21,161,177,1,17,AC,0
1,21,179,188,1,10,AC,0
1,21,162,162,2,1,GC,0
1,21,166,166,2,1,GC,0
1,21,168,171,2,4,GC,0
1,21,173,176,2,4,GC,0
1,21,179,181,2,3,GC,0
1,21,183,189,2,7,GC,0
1,21,194,194,2,1,GC,0
1,21,225,225,3,1,HC,0
1,21,141,145,4,5,HV,0
1,21,147,177,4,31,HV,0
1,21,179,188,4,10,HV,0
1,21,237,239,4,3,HV,0
1,21,241,241,4,1,HV,0
1,21,258,258,4,1,HV,0
1,21,19,19,5,1,PC,0
1,21,27,28,5,2,PC,0
1,21,30,33,5,4,PC,0
1,21,35,36,5,2,PC,0
1,21,39,40,5,2,PC,0
1,21,42,42,5,1,PC,0
1,21,45,45,5,1,PC,0
1,21,47,51,5,5,PC,0
1,21,53,53,5,1,PC,0
1,21,57,57,5,1,PC,0
1,21,61,61,5,1,PC,0
1,21,63,64,5,2,PC,0
1,21,66,68,5,3,PC,0
1,21,79,95,5,17,PC,0
1,21,97,105,5,9,PC,0
1,21,107,111,5,5,PC,0
1,21,125,128,5,4,PC,0
1,21,133,135,5,3,PC,0
1,21,140,140,5,1,PC,0
1,21,142,142,5,1,PC,0
1,21,146,150,5,5,PC,0
1,21,152,152,6,1,RCL,0
1,21,164,164,6,1,RCL,0
1,21,172,176,6,5,RCL,0
1,21,179,209,6,31,RCL,0
1,21,211,212,6,2,RCL,0
1,21,214,219,6,6,RCL,0
1,21,221,228,6,8,RCL,0
1,21,231,231,6,1,RCL,0
1,21,233,240,6,8,RCL,0
1,21,242,256,6,15,RCL,0
1,21,258,278,6,21,RCL,0
1,21,8,8,7,1,RS,0
1,21,86,86,7,1,RS,0
1,21,91,91,7,1,RS,0
1,21,96,103,7,8,RS,0
1,21,106,107,7,2,RS,0
1,21,116,116,7,1,RS,0
1,21,121,129,7,9,RS,0
1,21,133,139,7,7,RS,0
1,21,141,144,7,4,RS,0
1,21,147,148,7,2,RS,0
1,21,150,152,7,3,RS,0
1,21,154,155,7,2,RS,0
1,21,157,164,7,8,RS,0
1,21,166,186,7,21,RS,0
1,21,189,190,7,2,RS,0
1,21,232,232,7,1,RS,0
1,21,251,251,7,1,RS,0
1,21,273,273,7,1,RS,0
1,21,276,276,7,1,RS,0
1,21,278,278,7,1,RS,0
1,21,280,281,7,2,RS,0
1,21,283,284,7,2,RS,0
1,21,304,309,7,6,RS,0
1,21,311,312,7,2,RS,0
1,22,134,134,1,1,AC,0
1,22,137,137,1,1,AC,0
1,22,139,139,1,1,AC,0
1,22,143,145,1,3,AC,0
1,22,151,158,1,8,AC,0
1,22,183,183,2,1,BV,0
1,22,156,156,3,1,BW,0
1,22,257,257,4,1,GC,0
1,22,262,262,4,1,GC,0
1,22,154,154,5,1,HC,0
1,22,156,157,5,2,HC,0
1,22,107,107,6,1,HV,0
1,22,142,143,6,2,HV,0
1,22,150,150,6,1,HV,0
1,22,152,152,6,1,HV,0
1,22,172,172,6,1,HV,0
1,22,247,247,6,1,HV,0
1,22,250,254,6,5,HV,0
1,22,257,267,6,11,HV,0
1,22,46,46,7,1,PC,0
1,22,59,59,7,1,PC,0
1,22,73,75,7,3,PC,0
1,22,86,87,7,2,PC,0
1,22,89,113,7,25,PC,0
1,22,115,118,7,4,PC,0
1,22,121,121,7,1,PC,0
1,22,123,123,7,1,PC,0
1,22,142,142,7,1,PC,0
1,22,145,145,8,1,RCL,0
1,22,149,167,8,19,RCL,0
1,22,43,43,9,1,RS,0
1,22,90,92,9,3,RS,0
1,22,99,109,9,11,RS,0
1,22,112,113,9,2,RS,0
1,22,117,117,9,1,RS,0
1,22,258,300,9,43,RS,0
1,22,307,307,9,1,RS,0
1,22,311,311,9,1,RS,0
1,22,317,317,9,1,RS,0
1,22,323,325,9,3,RS,0
1,22,327,335,9,9,RS,0
1,23,17,17,1,1,PC,0
1,23,4,4,2,1,RS,0
1,23,8,10,2,3,RS,0
1,23,27,27,2,1,RS,0
2,1,186,188,1,3,BW,0
2,1,191,191,1,1,BW,0
2,1,154,154,2,1,GC,0
2,1,186,188,2,3,GC,0
2,1,206,206,2,1,GC,0
2,1,209,213,2,5,GC,0
2,1,159,159,3,1,HC,0
2,1,165,166,3,2,HC,0
2,1,184,184,3,1,HC,0
2,1,188,188,3,1,HC,0
2,1,28,28,4,1,HV,0
2,1,118,128,4,11,HV,0
2,1,130,132,4,3,HV,0
2,1,138,139,4,2,HV,0
2,1,143,150,4,8,HV,0
2,1,152,154,4,3,HV,0
2,1,156,167,4,12,HV,0
2,1,170,176,4,7,HV,0
2,1,178,188,4,11,HV,0
2,1,191,191,4,1,HV,0
2,1,200,201,4,2,HV,0
2,1,203,216,4,14,HV,0
2,1,219,224,4,6,HV,0
2,1,256,256,4,1,HV,0
2,1,262,262,4,1,HV,0
2,1,269,271,4,3,HV,0
2,1,72,72,5,1,PC,0
2,1,74,74,5,1,PC,0
2,1,76,78,5,3,PC,0
2,1,80,84,5,5,PC,0
2,1,86,92,5,7,PC,0
2,1,100,100,5,1,PC,0
2,1,268,268,6,1,RCA,0
2,1,52,53,7,2,RS,0
2,1,55,58,7,4,RS,0
2,1,60,64,7,5,RS,0
2,1,66,78,7,13,RS,0
2,1,80,92,7,13,RS,0
2,1,100,106,7,7,RS,0
2,1,108,108,7,1,RS,0
2,1,110,125,7,16,RS,0
2,1,187,188,7,2,RS,0
2,1,254,274,7,21,RS,0
2,1,290,296,7,7,RS,0
2,1,310,315,7,6,RS,0
2,1,321,323,7,3,RS,0
2,1,325,325,7,1,RS,0
2,1,363,363,7,1,RS,0
2,2,176,176,1,1,BV,0
2,2,119,119,2,1,BW,0
2,2,127,128,2,2,BW,0
2,2,176,176,2,1,BW,0
2,2,176,176,3,1,GC,0
2,2,225,225,3,1,GC,0
2,2,114,115,4,2,HV,0
2,2,118,119,4,2,HV,0
2,2,125,129,4,5,HV,0
2,2,155,156,4,2,HV,0
2,2,169,171,4,3,HV,0
2,2,176,176,4,1,HV,0
2,2,183,183,4,1,HV,0
2,2,197,197,4,1,HV,0
2,2,204,225,4,22,HV,0
2,2,227,231,4,5,HV,0
2,2,233,234,4,2,HV,0
2,2,239,239,4,1,HV,0
2,2,246,246,4,1,HV,0
2,2,253,256,4,4,HV,0
2,2,259,259,4,1,HV,0
2,2,14,14,5,1,PC,0
2,2,23,23,5,1,PC,0
2,2,37,37,5,1,PC,0
2,2,44,45,5,2,PC,0
2,2,49,49,5,1,PC,0
2,2,51,51,5,1,PC,0
2,2,54,58,5,5,PC,0
2,2,62,63,5,2,PC,0
2,2,66,68,5,3,PC,0
2,2,70,83,5,14,PC,0
2,2,87,87,5,1,PC,0
2,2,90,92,5,3,PC,0
2,2,94,94,5,1,PC,0
2,2,97,114,5,18,PC,0
2,2,116,120,5,5,PC,0
2,2,125,128,5,4,PC,0
2,2,51,51,6,1,PT,0
2,2,131,136,7,6,RCL,0
2,2,141,141,7,1,RCL,0
2,2,155,156,7,2,RCL,0
2,2,169,171,7,3,RCL,0
2,2,176,176,7,1,RCL,0
2,2,183,183,7,1,RCL,0
2,2,197,197,7,1,RCL,0
2,2,204,234,7,31,RCL,0
2,2,239,239,7,1,RCL,0
2,2,246,246,7,1,RCL,0
2,2,260,262,7,3,RCL,0
2,2,264,265,7,2,RCL,0
2,2,56,56,8,1,RP,0
2,2,67,67,8,1,RP,0
2,2,70,73,8,4,RP,0
2,2,77,79,8,3,RP,0
2,2,81,82,8,2,RP,0
2,2,86,87,8,2,RP,0
2,2,9,9,9,1,RS,0
2,2,11,18,9,8,RS,0
2,2,24,24,9,1,RS,0
2,2,37,45,9,9,RS,0
2,2,50,56,9,7,RS,0
2,2,58,58,9,1,RS,0
2,2,70,71,9,2,RS,0
2,2,73,77,9,5,RS,0
2,2,81,82,9,2,RS,0
2,2,95,98,9,4,RS,0
2,2,101,101,9,1,RS,0
2,2,104,104,9,1,RS,0
2,2,110,110,9,1,RS,0
2,2,115,115,9,1,RS,0
2,2,117,117,9,1,RS,0
2,2,125,127,9,3,RS,0
2,2,239,239,9,1,RS,0
2,2,262,262,9,1,RS,0
2,2,265,266,9,2,RS,0
2,2,274,274,9,1,RS,0
2,2,279,279,9,1,RS,0
2,2,281,281,9,1,RS,0
2,2,295,296,9,2,RS,0
2,2,300,301,9,2,RS,0
2,2,303,303,9,1,RS,0
2,3,161,164,1,4,BV,0
2,3,132,132,2,1,BW,0
2,3,193,193,3,1,GC,0
2,3,123,124,4,2,HV,0
2,3,128,131,4,4,HV,0
2,3,133,137,4,5,HV,0
2,3,141,141,4,1,HV,0
2,3,143,156,4,14,HV,0
2,3,160,160,4,1,HV,0
2,3,162,167,4,6,HV,0
2,3,169,171,4,3,HV,0
2,3,173,173,4,1,HV,0
2,3,176,178,4,3,HV,0
2,3,184,184,4,1,HV,0
2,3,190,205,4,16,HV,0
2,3,208,208,4,1,HV,0
2,3,213,214,4,2,HV,0
2,3,216,228,4,13,HV,0
2,3,270,272,4,3,HV,0
2,3,47,48,5,2,PC,0
2,3,55,61,5,7,PC,0
2,3,64,64,5,1,PC,0
2,3,67,72,5,6,PC,0
2,3,76,81,5,6,PC,0
2,3,83,83,5,1,PC,0
2,3,85,85,5,1,PC,0
2,3,87,90,5,4,PC,0
2,3,92,97,5,6,PC,0
2,3,99,114,5,16,PC,0
2,3,117,120,5,4,PC,0
2,3,123,123,5,1,PC,0
2,3,341,341,5,1,PC,0
2,3,192,193,6,2,RCA,0
2,3,124,124,7,1,RCL,0
2,3,135,135,7,1,RCL,0
2,3,137,212,7,76,RCL,0
2,3,214,255,7,42,RCL,0
2,3,271,271,7,1,RCL,0
2,3,80,81,8,2,RS,0
2,3,87,87,8,1,RS,0
2,3,271,272,8,2,RS,0
2,3,310,310,8,1,RS,0
2,4,135,135,1,1,BW,0
2,4,160,160,2,1,GC,0
2,4,162,165,2,4,GC,0
2,4,167,173,2,7,GC,0
2,4,175,178,2,4,GC,0
2,4,181,186,2,6,GC,0
2,4,188,190,2,3,GC,0
2,4,194,194,2,1,GC,0
2,4,196,198,2,3,GC,0
2,4,202,204,2,3,GC,0
2,4,206,206,2,1,GC,0
2,4,211,213,2,3,GC,0
2,4,215,216,2,2,GC,0
2,4,219,220,2,2,GC,0
2,4,234,234,2,1,GC,0
2,4,159,160,3,2,HC,0
2,4,164,176,3,13,HC,0
2,4,181,186,3,6,HC,0
2,4,188,191,3,4,HC,0
2,4,195,200,3,6,HC,0
2,4,202,208,3,7,HC,0
2,4,210,217,3,8,HC,0
2,4,219,230,3,12,HC,0
2,4,232,234,3,3,HC,0
2,4,237,239,3,3,HC,0
2,4,241,242,3,2,HC,0
2,4,140,140,4,1,HV,0
2,4,147,161,4,15,HV,0
2,4,163,174,4,12,HV,0
2,4,176,176,4,1,HV,0
2,4,180,191,4,12,HV,0
2,4,195,200,4,6,HV,0
2,4,202,224,4,23,HV,0
2,4,234,238,4,5,HV,0
2,4,240,242,4,3,HV,0
2,4,245,245,4,1,HV,0
2,4,2,2,5,1,PC,0
2,4,29,29,5,1,PC,0
2,4,35,35,5,1,PC,0
2,4,43,47,5,5,PC,0
2,4,49,53,5,5,PC,0
2,4,56,56,5,1,PC,0
2,4,59,59,5,1,PC,0
2,4,67,70,5,4,PC,0
2,4,73,79,5,7,PC,0
2,4,81,104,5,24,PC,0
2,4,189,189,6,1,RCA,0
2,4,206,206,6,1,RCA,0
2,4,320,320,6,1,RCA,0
2,4,117,117,7,1,RCL,0
2,4,120,121,7,2,RCL,0
2,4,125,127,7,3,RCL,0
2,4,129,131,7,3,RCL,0
2,4,133,251,7,119,RCL,0
2,4,258,263,7,6,RCL,0
2,4,81,81,8,1,RP,0
2,4,88,89,8,2,RP,0
2,4,44,44,9,1,RS,0
2,4,50,50,9,1,RS,0
2,4,59,59,9,1,RS,0
2,4,62,62,9,1,RS,0
2,4,74,74,9,1,RS,0
2,4,76,76,9,1,RS,0
2,4,81,82,9,2,RS,0
2,4,85,89,9,5,RS,0
2,4,93,94,9,2,RS,0
2,4,107,108,9,2,RS,0
2,4,110,112,9,3,RS,0
2,4,114,114,9,1,RS,0
2,4,118,118,9,1,RS,0
2,4,145,145,9,1,RS,0
2,4,246,246,9,1,RS,0
2,4,306,307,9,2,RS,0
2,4,309,312,9,4,RS,0
2,4,324,324,9,1,RS,0
2,4,354,355,9,2,RS,0
2,5,229,230,1,2,BV,0
2,5,186,186,2,1,GC,0
2,5,186,193,3,8,HC,0
2,5,208,208,3,1,HC,0
2,5,210,218,3,9,HC,0
2,5,220,224,3,5,HC,0
2,5,226,227,3,2,HC,0
2,5,229,233,3,5,HC,0
2,5,237,237,3,1,HC,0
2,5,78,78,4,1,HV,0
2,5,156,161,4,6,HV,0
2,5,165,168,4,4,HV,0
2,5,186,194,4,9,HV,0
2,5,215,215,4,1,HV,0
2,5,226,226,4,1,HV,0
2,5,232,232,4,1,HV,0
2,5,247,248,4,2,HV,0
2,5,254,254,4,1,HV,0
2,5,27,27,5,1,PC,0
2,5,46,46,5,1,PC,0
2,5,74,74,5,1,PC,0
2,5,77,94,5,18,PC,0
2,5,96,96,5,1,PC,0
2,5,98,99,5,2,PC,0
2,5,104,111,5,8,PC,0
2,5,114,114,5,1,PC,0
2,5,152,153,6,2,RCA,0
2,5,156,158,6,3,RCA,0
2,5,161,162,6,2,RCA,0
2,5,164,165,6,2,RCA,0
2,5,217,217,6,1,RCA,0
2,5,298,298,6,1,RCA,0
2,5,111,111,7,1,RCL,0
2,5,118,118,7,1,RCL,0
2,5,121,122,7,2,RCL,0
2,5,124,143,7,20,RCL,0
2,5,145,148,7,4,RCL,0
2,5,150,150,7,1,RCL,0
2,5,152,208,7,57,RCL,0
2,5,210,212,7,3,RCL,0
2,5,216,221,7,6,RCL,0
2,5,231,237,7,7,RCL,0
2,5,254,255,7,2,RCL,0
2,5,262,262,7,1,RCL,0
2,5,294,296,8,3,RS,0
2,6,195,195,1,1,BV,0
2,6,160,160,2,1,HC,0
2,6,171,171,2,1,HC,0
2,6,173,173,2,1,HC,0
2,6,180,194,2,15,HC,0
2,6,197,198,2,2,HC,0
2,6,200,201,2,2,HC,0
2,6,206,206,2,1,HC,0
2,6,218,228,2,11,HC,0
2,6,232,232,2,1,HC,0
2,6,235,242,2,8,HC,0
2,6,248,248,2,1,HC,0
2,6,250,250,2,1,HC,0
2,6,92,92,3,1,HV,0
2,6,98,98,3,1,HV,0
2,6,133,136,3,4,HV,0
2,6,140,141,3,2,HV,0
2,6,145,145,3,1,HV,0
2,6,147,150,3,4,HV,0
2,6,156,157,3,2,HV,0
2,6,159,161,3,3,HV,0
2,6,171,171,3,1,HV,0
2,6,185,185,3,1,HV,0
2,6,187,187,3,1,HV,0
2,6,189,194,3,6,HV,0
2,6,197,198,3,2,HV,0
2,6,217,219,3,3,HV,0
2,6,234,241,3,8,HV,0
2,6,261,261,3,1,HV,0
2,6,265,266,3,2,HV,0
2,6,60,60,4,1,PC,0
2,6,62,74,4,13,PC,0
2,6,84,99,4,16,PC,0
2,6,102,104,4,3,PC,0
2,6,107,108,4,2,PC,0
2,6,111,113,4,3,PC,0
2,6,97,97,5,1,RCA,0
2,6,133,133,5,1,RCA,0
2,6,135,135,5,1,RCA,0
2,6,156,156,5,1,RCA,0
2,6,152,153,6,2,RCL,0
2,6,243,244,6,2,RCL,0
2,6,246,249,6,4,RCL,0
2,6,252,254,6,3,RCL,0
2,6,258,258,6,1,RCL,0
2,6,260,260,6,1,RCL,0
2,6,265,265,6,1,RCL,0
2,6,269,279,6,11,RCL,0
2,6,282,282,6,1,RCL,0
2,6,88,90,7,3,RP,0
2,6,74,74,8,1,RS,0
2,6,280,280,8,1,RS,0
2,6,285,285,8,1,RS,0
2,6,288,293,8,6,RS,0
2,6,297,309,8,13,RS,0
2,6,311,311,8,1,RS,0
2,6,313,313,8,1,RS,0
2,6,316,317,8,2,RS,0
2,6,333,333,8,1,RS,0
2,6,335,335,8,1,RS,0
2,6,339,340,8,2,RS,0
2,7,137,137,1,1,BV,0
2,7,153,153,2,1,GC,0
2,7,188,188,2,1,GC,0
2,7,215,216,2,2,GC,0
2,7,219,220,2,2,GC,0
2,7,152,152,3,1,HC,0
2,7,160,162,3,3,HC,0
2,7,178,179,3,2,HC,0
2,7,187,191,3,5,HC,0
2,7,198,198,3,1,HC,0
2,7,201,211,3,11,HC,0
2,7,213,226,3,14,HC,0
2,7,228,230,3,3,HC,0
2,7,232,238,3,7,HC,0
2,7,240,246,3,7,HC,0
2,7,96,96,4,1,HV,0
2,7,106,106,4,1,HV,0
2,7,109,109,4,1,HV,0
2,7,111,111,4,1,HV,0
2,7,113,115,4,3,HV,0
2,7,120,120,4,1,HV,0
2,7,127,127,4,1,HV,0
2,7,130,130,4,1,HV,0
2,7,138,146,4,9,HV,0
2,7,148,154,4,7,HV,0
2,7,158,162,4,5,HV,0
2,7,171,175,4,5,HV,0
2,7,178,181,4,4,HV,0
2,7,183,183,4,1,HV,0
2,7,186,187,4,2,HV,0
2,7,189,193,4,5,HV,0
2,7,196,196,4,1,HV,0
2,7,198,230,4,33,HV,0
2,7,232,234,4,3,HV,0
2,7,236,247,4,12,HV,0
2,7,255,257,4,3,HV,0
2,7,75,88,5,14,PC,0
2,7,91,99,5,9,PC,0
2,7,101,109,5,9,PC,0
2,7,111,113,5,3,PC,0
2,7,83,85,6,3,PT,0
2,7,106,110,7,5,RCL,0
2,7,112,116,7,5,RCL,0
2,7,119,122,7,4,RCL,0
2,7,128,131,7,4,RCL,0
2,7,133,148,7,16,RCL,0
2,7,152,153,7,2,RCL,0
2,7,155,157,7,3,RCL,0
2,7,159,162,7,4,RCL,0
2,7,177,177,7,1,RCL,0
2,7,188,190,7,3,RCL,0
2,7,198,199,7,2,RCL,0
2,7,207,207,7,1,RCL,0
2,7,214,215,7,2,RCL,0
2,7,217,217,7,1,RCL,0
2,7,79,79,8,1,RS,0
2,7,81,81,8,1,RS,0
2,7,93,93,8,1,RS,0
2,7,98,99,8,2,RS,0
2,7,101,103,8,3,RS,0
2,7,105,105,8,1,RS,0
2,8,189,189,1,1,BW,0
2,8,170,172,2,3,GC,0
2,8,190,190,2,1,GC,0
2,8,180,180,3,1,HC,0
2,8,182,188,3,7,HC,0
2,8,190,191,3,2,HC,0
2,8,193,195,3,3,HC,0
2,8,198,203,3,6,HC,0
2,8,212,220,3,9,HC,0
2,8,222,222,3,1,HC,0
2,8,224,226,3,3,HC,0
2,8,230,231,3,2,HC,0
2,8,253,254,3,2,HC,0
2,8,257,257,3,1,HC,0
2,8,261,265,3,5,HC,0
2,8,167,172,4,6,HV,0
2,8,174,174,4,1,HV,0
2,8,177,191,4,15,HV,0
2,8,193,193,4,1,HV,0
2,8,259,261,4,3,HV,0
2,8,265,265,4,1,HV,0
2,8,62,63,5,2,PC,0
2,8,65,90,5,26,PC,0
2,8,92,99,5,8,PC,0
2,8,105,107,5,3,PC,0
2,8,72,77,6,6,PT,0
2,8,141,157,7,17,RCL,0
2,8,170,188,7,19,RCL,0
2,8,190,201,7,12,RCL,0
2,8,203,203,7,1,RCL,0
2,8,223,223,7,1,RCL,0
2,8,252,252,7,1,RCL,0
2,8,262,263,7,2,RCL,0
2,8,265,265,7,1,RCL,0
2,8,284,284,7,1,RCL,0
2,8,74,77,8,4,RS,0
2,8,88,88,8,1,RS,0
2,8,93,93,8,1,RS,0
2,8,99,99,8,1,RS,0
2,8,104,105,8,2,RS,0
2,8,107,107,8,1,RS,0
2,8,109,109,8,1,RS,0
2,8,261,265,8,5,RS,0
2,8,284,286,8,3,RS,0
2,8,290,291,8,2,RS,0
2,9,154,157,1,4,HC,0
2,9,159,160,1,2,HC,0
2,9,162,162,1,1,HC,0
2,9,194,194,1,1,HC,0
2,9,244,244,1,1,HC,0
2,9,246,249,1,4,HC,0
2,9,121,121,2,1,HV,0
2,9,126,126,2,1,HV,0
2,9,132,133,2,2,HV,0
2,9,135,135,2,1,HV,0
2,9,137,162,2,26,HV,0
2,9,167,172,2,6,HV,0
2,9,174,175,2,2,HV,0
2,9,177,178,2,2,HV,0
2,9,190,193,2,4,HV,0
2,9,195,196,2,2,HV,0
2,9,198,198,2,1,HV,0
2,9,206,206,2,1,HV,0
2,9,235,235,2,1,HV,0
2,9,297,297,2,1,HV,0
2,9,54,54,3,1,PC,0
2,9,64,64,3,1,PC,0
2,9,66,71,3,6,PC,0
2,9,73,73,3,1,PC,0
2,9,75,76,3,2,PC,0
2,9,78,78,3,1,PC,0
2,9,82,82,3,1,PC,0
2,9,85,85,3,1,PC,0
2,9,90,95,3,6,PC,0
2,9,97,97,3,1,PC,0
2,9,99,113,3,15,PC,0
2,9,116,122,3,7,PC,0
2,9,125,126,3,2,PC,0
2,9,129,132,3,4,PC,0
2,9,134,138,3,5,PC,0
2,9,140,142,3,3,PC,0
2,9,144,145,3,2,PC,0
2,9,110,110,4,1,PT,0
2,9,119,119,4,1,PT,0
2,9,191,191,5,1,RCL,0
2,9,194,200,5,7,RCL,0
2,9,205,205,5,1,RCL,0
2,9,213,213,5,1,RCL,0
2,9,273,273,6,1,RS,0
2,9,278,278,6,1,RS,0
2,9,280,281,6,2,RS,0
2,9,284,296,6,13,RS,0
2,9,310,310,6,1,RS,0
2,9,312,319,6,8,RS,0
2,9,323,325,6,3,RS,0
2,9,329,336,6,8,RS,0
2,9,338,354,6,17,RS,0
2,10,205,205,1,1,HC,0
2,10,247,247,1,1,HC,0
2,10,96,96,2,1,HV,0
2,10,128,128,2,1,HV,0
2,10,130,134,2,5,HV,0
2,10,138,139,2,2,HV,0
2,10,171,171,2,1,HV,0
2,10,180,181,2,2,HV,0
2,10,184,184,2,1,HV,0
2,10,186,188,2,3,HV,0
2,10,208,208,2,1,HV,0
2,10,210,210,2,1,HV,0
2,10,41,41,3,1,PC,0
2,10,45,47,3,3,PC,0
2,10,49,51,3,3,PC,0
2,10,53,57,3,5,PC,0
2,10,59,68,3,10,PC,0
2,10,71,72,3,2,PC,0
2,10,76,80,3,5,PC,0
2,10,83,119,3,37,PC,0
2,10,80,80,4,1,PT,0
2,10,83,84,4,2,PT,0
2,10,86,87,4,2,PT,0
2,10,90,90,4,1,PT,0
2,10,93,93,4,1,PT,0
2,10,146,146,5,1,RCL,0
2,10,149,153,5,5,RCL,0
2,10,157,160,5,4,RCL,0
2,10,162,171,5,10,RCL,0
2,10,173,173,5,1,RCL,0
2,10,176,176,5,1,RCL,0
2,10,93,93,6,1,RP,0
2,10,95,97,6,3,RP,0
2,10,99,99,6,1,RP,0
2,10,10,10,7,1,RS,0
2,10,48,50,7,3,RS,0
2,10,54,54,7,1,RS,0
2,10,59,60,7,2,RS,0
2,10,62,65,7,4,RS,0
2,10,77,80,7,4,RS,0
2,10,83,84,7,2,RS,0
2,10,86,86,7,1,RS,0
2,10,88,89,7,2,RS,0
2,10,91,101,7,11,RS,0
2,10,108,108,7,1,RS,0
2,10,274,294,7,21,RS,0
2,10,296,303,7,8,RS,0
2,10,308,308,7,1,RS,0
2,10,310,310,7,1,RS,0
2,10,312,314,7,3,RS,0
2,10,320,321,7,2,RS,0
2,10,326,326,7,1,RS,0
2,10,329,330,7,2,RS,0
2,10,332,332,7,1,RS,0
2,10,334,335,7,2,RS,0
2,10,340,340,7,1,RS,0
2,10,343,344,7,2,RS,0
2,10,352,352,7,1,RS,0
2,11,100,100,1,1,GC,0
2,11,102,104,1,3,GC,0
2,11,120,120,2,1,HV,0
2,11,125,127,2,3,HV,0
2,11,131,131,2,1,HV,0
2,11,135,144,2,10,HV,0
2,11,146,148,2,3,HV,0
2,11,154,156,2,3,HV,0
2,11,159,160,2,2,HV,0
2,11,172,172,2,1,HV,0
2,11,81,82,3,2,PC,0
2,11,85,92,3,8,PC,0
2,11,94,100,3,7,PC,0
2,11,102,105,3,4,PC,0
2,11,107,107,3,1,PC,0
2,11,16,16,4,1,RS,0
2,11,50,50,4,1,RS,0
2,11,56,56,4,1,RS,0
2,11,76,77,4,2,RS,0
2,11,80,80,4,1,RS,0
2,11,82,84,4,3,RS,0
2,11,86,86,4,1,RS,0
2,11,89,89,4,1,RS,0
2,11,304,304,4,1,RS,0
2,11,306,310,4,5,RS,0
2,11,314,314,4,1,RS,0
2,12,206,213,1,8,AC,0
2,12,215,223,1,9,AC,0
2,12,225,234,1,10,AC,0
2,12,249,257,1,9,AC,0
2,12,228,230,2,3,HC,0
2,12,233,237,2,5,HC,0
2,12,88,88,3,1,HV,0
2,12,94,94,3,1,HV,0
2,12,99,106,3,8,HV,0
2,12,112,115,3,4,HV,0
2,12,117,119,3,3,HV,0
2,12,121,132,3,12,HV,0
2,12,142,148,3,7,HV,0
2,12,225,227,3,3,HV,0
2,12,229,229,3,1,HV,0
2,12,101,104,4,4,RS,0
2,12,237,237,4,1,RS,0
2,12,239,239,4,1,RS,0
2,12,265,265,4,1,RS,0
2,12,286,294,4,9,RS,0
2,12,297,297,4,1,RS,0
2,12,301,306,4,6,RS,0
2,12,308,308,4,1,RS,0
2,12,310,313,4,4,RS,0
2,12,315,315,4,1,RS,0
2,12,322,322,4,1,RS,0
2,13,145,145,1,1,AC,0
2,13,148,149,1,2,AC,0
2,13,153,184,1,32,AC,0
2,13,186,204,1,19,AC,0
2,13,206,218,1,13,AC,0
2,13,221,240,1,20,AC,0
2,13,243,244,1,2,AC,0
2,13,190,190,2,1,HC,0
2,13,193,193,2,1,HC,0
2,13,197,197,2,1,HC,0
2,13,199,208,2,10,HC,0
2,13,210,211,2,2,HC,0
2,13,213,213,2,1,HC,0
2,13,215,216,2,2,HC,0
2,13,218,218,2,1,HC,0
2,13,223,223,2,1,HC,0
2,13,226,226,2,1,HC,0
2,13,228,230,2,3,HC,0
2,13,234,234,2,1,HC,0
2,13,123,126,3,4,HV,0
2,13,131,134,3,4,HV,0
2,13,139,140,3,2,HV,0
2,13,143,145,3,3,HV,0
2,13,156,158,3,3,HV,0
2,13,160,164,3,5,HV,0
2,13,173,173,3,1,HV,0
2,13,179,180,3,2,HV,0
2,13,182,183,3,2,HV,0
2,13,187,188,3,2,HV,0
2,13,197,201,3,5,HV,0
2,13,223,223,3,1,HV,0
2,13,229,230,3,2,HV,0
2,13,249,249,3,1,HV,0
2,13,253,253,3,1,HV,0
2,13,4,4,4,1,PC,0
2,13,28,28,4,1,PC,0
2,13,36,37,4,2,PC,0
2,13,47,52,4,6,PC,0
2,13,56,56,4,1,PC,0
2,13,61,83,4,23,PC,0
2,13,89,90,4,2,PC,0
2,13,94,100,4,7,PC,0
2,13,153,153,5,1,PT,0
2,13,180,189,6,10,RCL,0
2,13,224,242,6,19,RCL,0
2,13,262,263,6,2,RCL,0
2,13,279,283,6,5,RCL,0
2,13,298,302,6,5,RCL,0
2,13,304,306,6,3,RCL,0
2,13,37,38,7,2,RS,0
2,13,40,41,7,2,RS,0
2,13,62,62,7,1,RS,0
2,13,64,70,7,7,RS,0
2,13,72,72,7,1,RS,0
2,13,157,157,7,1,RS,0
2,13,160,160,7,1,RS,0
2,13,162,163,7,2,RS,0
2,14,117,117,1,1,AC,0
2,14,138,138,1,1,AC,0
2,14,140,140,1,1,AC,0
2,14,143,159,1,17,AC,0
2,14,162,220,1,59,AC,0
2,14,222,237,1,16,AC,0
2,14,176,178,2,3,GC,0
2,14,189,189,2,1,GC,0
2,14,167,170,3,4,HC,0
2,14,177,177,3,1,HC,0
2,14,179,180,3,2,HC,0
2,14,119,120,4,2,HV,0
2,14,126,129,4,4,HV,0
2,14,155,157,4,3,HV,0
2,14,159,160,4,2,HV,0
2,14,162,184,4,23,HV,0
2,14,186,217,4,32,HV,0
2,14,219,220,4,2,HV,0
2,14,225,248,4,24,HV,0
2,14,250,250,4,1,HV,0
2,14,254,254,4,1,HV,0
2,14,258,258,4,1,HV,0
2,14,67,67,5,1,PC,0
2,14,72,75,5,4,PC,0
2,14,77,83,5,7,PC,0
2,14,86,88,5,3,PC,0
2,14,93,97,5,5,PC,0
2,14,100,104,5,5,PC,0
2,14,106,108,5,3,PC,0
2,14,221,240,6,20,RCL,0
2,14,17,17,7,1,RS,0
2,14,99,100,7,2,RS,0
2,14,114,114,7,1,RS,0
2,14,224,232,7,9,RS,0
2,14,238,243,7,6,RS,0
2,14,255,255,7,1,RS,0
2,14,258,258,7,1,RS,0
2,14,269,269,7,1,RS,0
2,14,272,279,7,8,RS,0
2,14,281,281,7,1,RS,0
2,14,283,298,7,16,RS,0
2,14,303,306,7,4,RS,0
2,14,321,321,7,1,RS,0
2,15,136,136,1,1,AC,0
2,15,140,140,1,1,AC,0
2,15,142,143,1,2,AC,0
2,15,149,190,1,42,AC,0
2,15,192,201,1,10,AC,0
2,15,203,204,1,2,AC,0
2,15,206,209,1,4,AC,0
2,15,178,181,2,4,BV,0
2,15,186,189,2,4,BV,0
2,15,191,191,2,1,BV,0
2,15,195,197,2,3,BV,0
2,15,167,167,3,1,GC,0
2,15,171,171,3,1,GC,0
2,15,173,177,3,5,GC,0
2,15,180,183,3,4,GC,0
2,15,189,189,3,1,GC,0
2,15,196,197,3,2,GC,0
2,15,156,157,4,2,HC,0
2,15,167,167,4,1,HC,0
2,15,170,173,4,4,HC,0
2,15,175,177,4,3,HC,0
2,15,179,204,4,26,HC,0
2,15,206,208,4,3,HC,0
2,15,102,107,5,6,HV,0
2,15,109,111,5,3,HV,0
2,15,123,126,5,4,HV,0
2,15,130,130,5,1,HV,0
2,15,133,136,5,4,HV,0
2,15,139,144,5,6,HV,0
2,15,147,200,5,54,HV,0
2,15,203,203,5,1,HV,0
2,15,205,207,5,3,HV,0
2,15,210,210,5,1,HV,0
2,15,246,247,5,2,HV,0
2,15,249,249,5,1,HV,0
2,15,251,251,5,1,HV,0
2,15,54,54,6,1,PC,0
2,15,59,59,6,1,PC,0
2,15,65,65,6,1,PC,0
2,15,67,70,6,4,PC,0
2,15,72,76,6,5,PC,0
2,15,78,80,6,3,PC,0
2,15,82,82,6,1,PC,0
2,15,86,90,6,5,PC,0
2,15,93,110,6,18,PC,0
2,15,96,97,7,2,PT,0
2,15,110,110,7,1,PT,0
2,15,162,162,8,1,RCA,0
2,15,178,178,8,1,RCA,0
2,15,180,180,8,1,RCA,0
2,15,183,183,8,1,RCA,0
2,15,186,186,8,1,RCA,0
2,15,139,144,9,6,RCL,0
2,15,146,210,9,65,RCL,0
2,15,3,3,10,1,RS,0
2,15,98,98,10,1,RS,0
2,15,102,102,10,1,RS,0
2,15,105,109,10,5,RS,0
2,15,134,137,10,4,RS,0
2,15,144,145,10,2,RS,0
2,15,147,150,10,4,RS,0
2,15,154,154,10,1,RS,0
2,15,158,176,10,19,RS,0
2,15,178,179,10,2,RS,0
2,15,183,183,10,1,RS,0
2,15,196,196,10,1,RS,0
2,15,199,200,10,2,RS,0
2,16,141,149,1,9,AC,0
2,16,151,197,1,47,AC,0
2,16,199,213,1,15,AC,0
2,16,215,220,1,6,AC,0
2,16,222,223,1,2,AC,0
2,16,229,229,1,1,AC,0
2,16,236,245,1,10,AC,0
2,16,249,250,1,2,AC,0
2,16,138,138,2,1,BV,0
2,16,97,102,3,6,GC,0
2,16,105,107,3,3,GC,0
2,16,176,179,3,4,GC,0
2,16,183,183,3,1,GC,0
2,16,188,188,4,1,HC,0
2,16,191,196,4,6,HC,0
2,16,199,200,4,2,HC,0
2,16,202,203,4,2,HC,0
2,16,211,211,4,1,HC,0
2,16,97,97,5,1,HV,0
2,16,99,99,5,1,HV,0
2,16,101,102,5,2,HV,0
2,16,117,117,5,1,HV,0
2,16,129,129,5,1,HV,0
2,16,134,139,5,6,HV,0
2,16,142,149,5,8,HV,0
2,16,152,152,5,1,HV,0
2,16,154,158,5,5,HV,0
2,16,160,160,5,1,HV,0
2,16,168,193,5,26,HV,0
2,16,203,203,5,1,HV,0
2,16,244,244,5,1,HV,0
2,16,246,270,5,25,HV,0
2,16,60,60,6,1,PC,0
2,16,72,72,6,1,PC,0
2,16,79,87,6,9,PC,0
2,16,89,89,6,1,PC,0
2,16,94,101,6,8,PC,0
2,16,105,105,6,1,PC,0
2,16,96,97,7,2,PT,0
2,16,137,141,8,5,RCL,0
2,16,143,165,8,23,RCL,0
2,16,167,171,8,5,RCL,0
2,16,176,212,8,37,RCL,0
2,16,214,215,8,2,RCL,0
2,16,218,218,8,1,RCL,0
2,16,239,239,8,1,RCL,0
2,16,241,250,8,10,RCL,0
2,16,254,268,8,15,RCL,0
2,16,270,272,8,3,RCL,0
2,16,274,277,8,4,RCL,0
2,16,282,282,8,1,RCL,0
2,16,72,72,9,1,RS,0
2,16,74,74,9,1,RS,0
2,16,77,77,9,1,RS,0
2,16,79,80,9,2,RS,0
2,16,82,83,9,2,RS,0
2,16,85,89,9,5,RS,0
2,16,96,96,9,1,RS,0
2,16,108,108,9,1,RS,0
2,16,110,112,9,3,RS,0
2,16,149,151,9,3,RS,0
2,16,175,176,9,2,RS,0
2,16,254,254,9,1,RS,0
2,16,256,274,9,19,RS,0
2,16,276,278,9,3,RS,0
2,16,280,280,9,1,RS,0
2,16,282,286,9,5,RS,0
2,16,288,291,9,4,RS,0
2,16,293,293,9,1,RS,0
2,16,297,300,9,4,RS,0
2,16,302,309,9,8,RS,0
2,16,315,316,9,2,RS,0
2,16,328,328,9,1,RS,0
2,17,130,130,1,1,AC,0
2,17,132,133,1,2,AC,0
2,17,136,138,1,3,AC,0
2,17,142,143,1,2,AC,0
2,17,145,146,1,2,AC,0
2,17,234,236,1,3,AC,0
2,17,105,108,2,4,HV,0
2,17,113,115,2,3,HV,0
2,17,119,121,2,3,HV,0
2,17,129,129,2,1,HV,0
2,17,134,134,2,1,HV,0
2,17,136,138,2,3,HV,0
2,17,142,142,2,1,HV,0
2,17,145,146,2,2,HV,0
2,17,236,236,2,1,HV,0
2,17,241,241,2,1,HV,0
2,17,246,253,2,8,HV,0
2,17,256,256,2,1,HV,0
2,17,265,267,2,3,HV,0
2,17,269,269,2,1,HV,0
2,17,14,14,3,1,PC,0
2,17,20,20,3,1,PC,0
2,17,28,29,3,2,PC,0
2,17,40,49,3,10,PC,0
2,17,51,51,3,1,PC,0
2,17,57,60,3,4,PC,0
2,17,63,68,3,6,PC,0
2,17,70,82,3,13,PC,0
2,17,85,87,3,3,PC,0
2,17,90,93,3,4,PC,0
2,17,95,98,3,4,PC,0
2,17,103,105,3,3,PC,0
2,17,119,121,3,3,PC,0
2,17,92,92,4,1,RCL,0
2,17,95,96,4,2,RCL,0
2,17,103,128,4,26,RCL,0
2,17,130,146,4,17,RCL,0
2,17,234,238,4,5,RCL,0
2,17,247,265,4,19,RCL,0
2,17,267,279,4,13,RCL,0
2,17,282,282,4,1,RCL,0
2,17,80,87,5,8,RP,0
2,17,90,90,5,1,RP,0
2,17,95,97,5,3,RP,0
2,17,123,124,5,2,RP,0
2,17,128,129,5,2,RP,0
2,17,32,32,6,1,RS,0
2,17,36,36,6,1,RS,0
2,17,40,40,6,1,RS,0
2,17,42,48,6,7,RS,0
2,17,76,77,6,2,RS,0
2,17,79,80,6,2,RS,0
2,17,82,82,6,1,RS,0
2,17,85,87,6,3,RS,0
2,17,92,97,6,6,RS,0
2,17,101,101,6,1,RS,0
2,17,103,103,6,1,RS,0
2,17,113,115,6,3,RS,0
2,17,120,122,6,3,RS,0
2,17,124,124,6,1,RS,0
2,17,126,126,6,1,RS,0
2,17,129,133,6,5,RS,0
2,17,135,135,6,1,RS,0
2,17,266,273,6,8,RS,0
2,17,276,315,6,40,RS,0
2,17,317,320,6,4,RS,0
2,17,325,325,6,1,RS,0
2,18,155,156,1,2,AC,0
2,18,159,162,1,4,AC,0
2,18,165,167,1,3,AC,0
2,18,170,175,1,6,AC,0
2,18,177,179,1,3,AC,0
2,18,181,187,1,7,AC,0
2,18,189,206,1,18,AC,0
2,18,168,168,2,1,BV,0
2,18,170,173,2,4,BV,0
2,18,183,185,2,3,BV,0
2,18,198,202,2,5,BV,0
2,18,211,211,2,1,BV,0
2,18,216,216,2,1,BV,0
2,18,238,239,2,2,BV,0
2,18,172,172,3,1,BW,0
2,18,235,236,4,2,GC,0
2,18,170,171,5,2,HC,0
2,18,181,181,5,1,HC,0
2,18,183,184,5,2,HC,0
2,18,194,195,5,2,HC,0
2,18,199,199,5,1,HC,0
2,18,201,203,5,3,HC,0
2,18,76,77,6,2,HV,0
2,18,81,81,6,1,HV,0
2,18,86,86,6,1,HV,0
2,18,96,96,6,1,HV,0
2,18,102,104,6,3,HV,0
2,18,110,110,6,1,HV,0
2,18,167,168,6,2,HV,0
2,18,171,173,6,3,HV,0
2,18,178,178,6,1,HV,0
2,18,182,182,6,1,HV,0
2,18,184,187,6,4,HV,0
2,18,198,199,6,2,HV,0
2,18,201,201,6,1,HV,0
2,18,211,211,6,1,HV,0
2,18,216,217,6,2,HV,0
2,18,223,223,6,1,HV,0
2,18,235,246,6,12,HV,0
2,18,249,250,6,2,HV,0
2,18,262,265,6,4,HV,0
2,18,267,269,6,3,HV,0
2,18,271,273,6,3,HV,0
2,18,278,278,6,1,HV,0
2,18,35,38,7,4,PC,0
2,18,47,49,7,3,PC,0
2,18,52,55,7,4,PC,0
2,18,58,64,7,7,PC,0
2,18,66,68,7,3,PC,0
2,18,71,76,7,6,PC,0
2,18,79,91,7,13,PC,0
2,18,95,96,7,2,PC,0
2,18,101,105,7,5,PC,0
2,18,110,112,8,3,RCL,0
2,18,151,177,8,27,RCL,0
2,18,179,193,8,15,RCL,0
2,18,195,195,8,1,RCL,0
2,18,197,208,8,12,RCL,0
2,18,212,225,8,14,RCL,0
2,18,227,228,8,2,RCL,0
2,18,232,257,8,26,RCL,0
2,18,259,284,8,26,RCL,0
2,18,81,84,9,4,RS,0
2,18,267,267,9,1,RS,0
2,18,272,281,9,10,RS,0
2,18,283,283,9,1,RS,0
2,18,292,297,9,6,RS,0
2,18,321,321,9,1,RS,0
2,18,333,333,9,1,RS,0
2,19,163,163,1,1,AC,0
2,19,166,167,1,2,AC,0
2,19,169,170,1,2,AC,0
2,19,172,173,1,2,AC,0
2,19,175,175,1,1,AC,0
2,19,178,180,1,3,AC,0
2,19,124,125,2,2,BV,0
2,19,167,167,2,1,BV,0
2,19,193,193,2,1,BV,0
2,19,195,195,2,1,BV,0
2,19,166,175,3,10,GC,0
2,19,183,185,3,3,GC,0
2,19,195,197,3,3,GC,0
2,19,200,200,3,1,GC,0
2,19,156,156,4,1,HC,0
2,19,162,163,4,2,HC,0
2,19,166,166,4,1,HC,0
2,19,181,182,4,2,HC,0
2,19,184,186,4,3,HC,0
2,19,188,188,4,1,HC,0
2,19,190,190,4,1,HC,0
2,19,124,127,5,4,HV,0
2,19,133,134,5,2,HV,0
2,19,138,140,5,3,HV,0
2,19,142,142,5,1,HV,0
2,19,144,147,5,4,HV,0
2,19,149,154,5,6,HV,0
2,19,156,215,5,60,HV,0
2,19,220,229,5,10,HV,0
2,19,233,259,5,27,HV,0
2,19,261,266,5,6,HV,0
2,19,34,34,6,1,PC,0
2,19,42,42,6,1,PC,0
2,19,44,44,6,1,PC,0
2,19,49,49,6,1,PC,0
2,19,51,55,6,5,PC,0
2,19,58,63,6,6,PC,0
2,19,65,85,6,21,PC,0
2,19,87,90,6,4,PC,0
2,19,92,100,6,9,PC,0
2,19,103,106,6,4,PC,0
2,19,123,128,7,6,RCL,0
2,19,132,132,7,1,RCL,0
2,19,136,236,7,101,RCL,0
2,19,238,241,7,4,RCL,0
2,19,243,255,7,13,RCL,0
2,19,257,259,7,3,RCL,0
2,19,261,263,7,3,RCL,0
2,19,273,273,7,1,RCL,0
2,19,62,64,8,3,RP,0
2,19,68,69,8,2,RP,0
2,19,71,73,8,3,RP,0
2,19,75,75,8,1,RP,0
2,19,80,85,8,6,RP,0
2,19,87,88,8,2,RP,0
2,19,94,95,8,2,RP,0
2,19,99,99,8,1,RP,0
2,19,15,15,9,1,RS,0
2,19,70,75,9,6,RS,0
2,19,77,81,9,5,RS,0
2,19,83,85,9,3,RS,0
2,19,87,87,9,1,RS,0
2,19,129,129,9,1,RS,0
2,19,273,273,9,1,RS,0
2,19,283,283,9,1,RS,0
2,19,289,290,9,2,RS,0
2,19,309,309,9,1,RS,0
2,20,138,138,1,1,BV,0
2,20,203,203,1,1,BV,0
2,20,205,205,2,1,GC,0
2,20,96,96,3,1,HV,0
2,20,105,105,3,1,HV,0
2,20,110,111,3,2,HV,0
2,20,113,114,3,2,HV,0
2,20,117,117,3,1,HV,0
2,20,121,121,3,1,HV,0
2,20,124,126,3,3,HV,0
2,20,130,130,3,1,HV,0
2,20,138,142,3,5,HV,0
2,20,146,146,3,1,HV,0
2,20,149,152,3,4,HV,0
2,20,162,163,3,2,HV,0
2,20,166,173,3,8,HV,0
2,20,180,180,3,1,HV,0
2,20,187,187,3,1,HV,0
2,20,202,207,3,6,HV,0
2,20,210,211,3,2,HV,0
2,20,229,231,3,3,HV,0
2,20,233,233,3,1,HV,0
2,20,236,237,3,2,HV,0
2,20,245,246,3,2,HV,0
2,20,256,257,3,2,HV,0
2,20,270,270,3,1,HV,0
2,20,62,62,4,1,PC,0
2,20,66,98,4,33,PC,0
2,20,101,101,4,1,PC,0
2,20,105,105,4,1,PC,0
2,20,108,110,4,3,PC,0
2,20,137,137,4,1,PC,0
2,20,112,115,5,4,RCL,0
2,20,117,117,5,1,RCL,0
2,20,120,121,5,2,RCL,0
2,20,125,131,5,7,RCL,0
2,20,133,133,5,1,RCL,0
2,20,138,185,5,48,RCL,0
2,20,196,197,5,2,RCL,0
2,20,200,277,5,78,RCL,0
2,20,288,288,5,1,RCL,0
2,20,74,77,6,4,RS,0
2,20,80,83,6,4,RS,0
2,20,87,90,6,4,RS,0
2,20,92,98,6,7,RS,0
2,20,109,112,6,4,RS,0
2,20,257,260,6,4,RS,0
2,20,268,283,6,16,RS,0
2,20,285,289,6,5,RS,0
2,20,291,296,6,6,RS,0
2,20,299,299,6,1,RS,0
2,20,304,304,6,1,RS,0
2,20,320,320,6,1,RS,0
2,21,179,204,1,26,AC,0
2,21,206,206,1,1,AC,0
2,21,208,219,1,12,AC,0
2,21,221,226,1,6,AC,0
2,21,228,231,1,4,AC,0
2,21,150,150,2,1,BV,0
2,21,155,156,2,2,BV,0
2,21,167,170,2,4,BV,0
2,21,187,187,3,1,BW,0
2,21,162,162,4,1,GC,0
2,21,164,164,4,1,GC,0
2,21,168,168,4,1,GC,0
2,21,170,171,4,2,GC,0
2,21,174,176,4,3,GC,0
2,21,180,181,4,2,GC,0
2,21,183,188,4,6,GC,0
2,21,190,196,4,7,GC,0
2,21,198,198,4,1,GC,0
2,21,202,205,4,4,GC,0
2,21,220,221,4,2,GC,0
2,21,241,241,4,1,GC,0
2,21,186,189,5,4,HC,0
2,21,198,198,5,1,HC,0
2,21,215,215,5,1,HC,0
2,21,130,131,6,2,HV,0
2,21,140,142,6,3,HV,0
2,21,146,150,6,5,HV,0
2,21,153,191,6,39,HV,0
2,21,206,231,6,26,HV,0
2,21,237,243,6,7,HV,0
2,21,245,246,6,2,HV,0
2,21,248,248,6,1,HV,0
2,21,250,252,6,3,HV,0
2,21,257,258,6,2,HV,0
2,21,53,53,7,1,PC,0
2,21,56,56,7,1,PC,0
2,21,66,66,7,1,PC,0
2,21,80,81,7,2,PC,0
2,21,83,95,7,13,PC,0
2,21,98,103,7,6,PC,0
2,21,130,136,7,7,PC,0
2,21,140,141,7,2,PC,0
2,21,145,145,7,1,PC,0
2,21,112,112,8,1,RCL,0
2,21,125,125,8,1,RCL,0
2,21,128,131,8,4,RCL,0
2,21,134,136,8,3,RCL,0
2,21,139,139,8,1,RCL,0
2,21,141,257,8,117,RCL,0
2,21,259,264,8,6,RCL,0
2,21,266,269,8,4,RCL,0
2,21,82,87,9,6,RS,0
2,21,89,89,9,1,RS,0
2,21,91,91,9,1,RS,0
2,21,94,95,9,2,RS,0
2,21,97,107,9,11,RS,0
2,21,141,141,9,1,RS,0
2,21,147,148,9,2,RS,0
2,21,157,164,9,8,RS,0
2,21,166,169,9,4,RS,0
2,21,173,188,9,16,RS,0
2,21,249,260,9,12,RS,0
2,21,262,269,9,8,RS,0
2,21,272,274,9,3,RS,0
2,21,284,284,9,1,RS,0
2,22,134,134,1,1,AC,0
2,22,136,136,1,1,AC,0
2,22,140,141,1,2,AC,0
2,22,143,147,1,5,AC,0
2,22,149,151,1,3,AC,0
2,22,153,153,1,1,AC,0
2,22,155,159,1,5,AC,0
2,22,162,162,1,1,AC,0
2,22,165,166,1,2,AC,0
2,22,261,263,2,3,BV,0
2,22,146,146,3,1,HC,0
2,22,133,133,4,1,HV,0
2,22,141,141,4,1,HV,0
2,22,145,166,4,22,HV,0
2,22,191,191,4,1,HV,0
2,22,257,259,4,3,HV,0
2,22,261,275,4,15,HV,0
2,22,36,36,5,1,PC,0
2,22,45,46,5,2,PC,0
2,22,51,52,5,2,PC,0
2,22,57,60,5,4,PC,0
2,22,66,68,5,3,PC,0
2,22,70,70,5,1,PC,0
2,22,72,75,5,4,PC,0
2,22,78,80,5,3,PC,0
2,22,86,86,5,1,PC,0
2,22,88,116,5,29,PC,0
2,22,119,119,5,1,PC,0
2,22,121,122,5,2,PC,0
2,22,130,130,5,1,PC,0
2,22,102,102,6,1,PT,0
2,22,130,130,7,1,RCL,0
2,22,135,136,7,2,RCL,0
2,22,138,141,7,4,RCL,0
2,22,143,207,7,65,RCL,0
2,22,211,214,7,4,RCL,0
2,22,262,274,7,13,RCL,0
2,22,291,291,7,1,RCL,0
2,22,359,359,7,1,RCL,0
2,22,105,105,8,1,RP,0
2,22,25,25,9,1,RS,0
2,22,27,27,9,1,RS,0
2,22,51,51,9,1,RS,0
2,22,58,60,9,3,RS,0
2,22,68,69,9,2,RS,0
2,22,73,73,9,1,RS,0
2,22,75,76,9,2,RS,0
2,22,78,78,9,1,RS,0
2,22,80,80,9,1,RS,0
2,22,96,96,9,1,RS,0
2,22,99,100,9,2,RS,0
2,22,102,106,9,5,RS,0
2,22,109,115,9,7,RS,0
2,22,117,117,9,1,RS,0
2,22,143,144,9,2,RS,0
2,22,258,278,9,21,RS,0
2,22,280,281,9,2,RS,0
2,22,285,296,9,12,RS,0
2,22,298,298,9,1,RS,0
2,22,302,305,9,4,RS,0
2,22,308,308,9,1,RS,0
2,22,315,315,9,1,RS,0
3,1,126,126,1,1,BW,0
3,1,160,160,1,1,BW,0
3,1,166,166,1,1,BW,0
3,1,175,175,1,1,BW,0
3,1,182,187,1,6,BW,0
3,1,190,190,1,1,BW,0
3,1,193,193,1,1,BW,0
3,1,187,194,2,8,GC,0
3,1,197,198,2,2,GC,0
3,1,211,211,2,1,GC,0
3,1,183,183,3,1,HC,0
3,1,185,186,3,2,HC,0
3,1,120,120,4,1,HV,0
3,1,122,127,4,6,HV,0
3,1,130,132,4,3,HV,0
3,1,156,161,4,6,HV,0
3,1,163,167,4,5,HV,0
3,1,173,177,4,5,HV,0
3,1,179,217,4,39,HV,0
3,1,219,222,4,4,HV,0
3,1,224,224,4,1,HV,0
3,1,234,238,4,5,HV,0
3,1,240,241,4,2,HV,0
3,1,245,245,4,1,HV,0
3,1,247,251,4,5,HV,0
3,1,256,257,4,2,HV,0
3,1,265,265,4,1,HV,0
3,1,86,87,5,2,PC,0
3,1,94,94,5,1,PC,0
3,1,100,101,5,2,PC,0
3,1,108,111,5,4,PC,0
3,1,129,129,5,1,PC,0
3,1,72,73,6,2,RS,0
3,1,79,80,6,2,RS,0
3,1,86,87,6,2,RS,0
3,1,93,93,6,1,RS,0
3,1,100,101,6,2,RS,0
3,1,108,122,6,15,RS,0
3,1,129,129,6,1,RS,0
3,1,133,133,6,1,RS,0
3,1,186,187,6,2,RS,0
3,1,190,190,6,1,RS,0
3,1,194,197,6,4,RS,0
3,1,200,200,6,1,RS,0
3,1,282,283,6,2,RS,0
3,1,285,286,6,2,RS,0
3,1,300,302,6,3,RS,0
3,1,305,311,6,7,RS,0
3,1,313,315,6,3,RS,0
3,2,177,177,1,1,BV,0
3,2,125,126,2,2,HV,0
3,2,134,135,2,2,HV,0
3,2,156,156,2,1,HV,0
3,2,163,163,2,1,HV,0
3,2,175,177,2,3,HV,0
3,2,198,198,2,1,HV,0
3,2,215,215,2,1,HV,0
3,2,223,225,2,3,HV,0
3,2,228,228,2,1,HV,0
3,2,233,233,2,1,HV,0
3,2,252,252,2,1,HV,0
3,2,124,126,3,3,PC,0
3,2,8,15,4,8,RS,0
3,2,43,44,4,2,RS,0
3,2,79,80,4,2,RS,0
3,2,97,97,4,1,RS,0
3,2,114,114,4,1,RS,0
3,2,125,127,4,3,RS,0
3,2,323,324,4,2,RS,0
3,2,329,331,4,3,RS,0
3,2,334,334,4,1,RS,0
3,2,338,340,4,3,RS,0
3,3,123,124,1,2,HV,0
3,3,156,156,1,1,HV,0
3,3,163,163,1,1,HV,0
3,3,166,166,1,1,HV,0
3,3,173,173,1,1,HV,0
3,3,190,202,1,13,HV,0
3,3,213,214,1,2,HV,0
3,3,219,220,1,2,HV,0
3,3,231,238,1,8,HV,0
3,3,251,251,1,1,HV,0
3,3,270,271,1,2,HV,0
3,3,28,28,2,1,PT,0
3,3,80,83,3,4,RS,0
3,3,92,93,3,2,RS,0
3,3,262,262,3,1,RS,0
3,3,266,266,3,1,RS,0
3,3,271,278,3,8,RS,0
3,3,282,283,3,2,RS,0
3,3,288,288,3,1,RS,0
3,3,292,293,3,2,RS,0
3,4,147,147,1,1,BW,0
3,4,151,151,2,1,GC,0
3,4,143,143,3,1,HV,0
3,4,147,155,3,9,HV,0
3,4,157,168,3,12,HV,0
3,4,181,184,3,4,HV,0
3,4,186,190,3,5,HV,0
3,4,223,223,3,1,HV,0
3,4,237,245,3,9,HV,0
3,4,260,262,3,3,HV,0
3,4,116,116,4,1,PT,0
3,4,154,154,5,1,RCA,0
3,4,286,286,5,1,RCA,0
3,4,309,309,5,1,RCA,0
3,4,151,151,6,1,RCL,0
3,4,162,163,6,2,RCL,0
3,4,173,174,6,2,RCL,0
3,4,182,182,6,1,RCL,0
3,4,184,184,6,1,RCL,0
3,4,237,240,6,4,RCL,0
3,4,143,143,7,1,RS,0
3,4,147,169,7,23,RS,0
3,4,271,275,7,5,RS,0
3,4,291,291,7,1,RS,0
3,4,296,298,7,3,RS,0
3,4,304,306,7,3,RS,0
3,4,309,311,7,3,RS,0
3,4,313,313,7,1,RS,0
3,4,334,336,7,3,RS,0
3,4,351,355,7,5,RS,0
3,5,169,169,1,1,BV,0
3,5,185,188,1,4,BV,0
3,5,190,190,1,1,BV,0
3,5,187,187,2,1,BW,0
3,5,128,128,3,1,HV,0
3,5,155,158,3,4,HV,0
3,5,185,189,3,5,HV,0
3,5,193,193,3,1,HV,0
3,5,29,29,4,1,PC,0
3,5,81,81,4,1,PC,0
3,5,154,158,5,5,RCL,0
3,5,160,160,5,1,RCL,0
3,5,162,176,5,15,RCL,0
3,5,27,27,6,1,RS,0
3,5,66,73,6,8,RS,0
3,5,84,85,6,2,RS,0
3,5,91,92,6,2,RS,0
3,5,295,296,6,2,RS,0
3,5,299,299,6,1,RS,0
3,6,217,218,1,2,HV,0
3,6,290,290,2,1,RS,0
3,6,292,292,2,1,RS,0
3,6,294,294,2,1,RS,0
3,6,311,311,2,1,RS,0
3,6,313,313,2,1,RS,0
3,6,318,318,2,1,RS,0
3,7,214,215,1,2,BV,0
3,7,213,214,2,2,GC,0
3,7,214,214,3,1,HC,0
3,7,216,219,3,4,HC,0
3,7,213,230,4,18,HV,0
3,7,232,247,4,16,HV,0
3,7,249,249,4,1,HV,0
3,7,256,257,4,2,HV,0
3,7,54,54,5,1,RS,0
3,7,65,66,5,2,RS,0
3,7,113,113,5,1,RS,0
3,7,214,215,5,2,RS,0
3,7,217,219,5,3,RS,0
3,7,222,225,5,4,RS,0
3,7,231,231,5,1,RS,0
3,7,240,242,5,3,RS,0
3,7,278,278,5,1,RS,0
3,7,290,291,5,2,RS,0
3,7,299,299,5,1,RS,0
3,8,163,163,1,1,BV,0
3,8,165,166,1,2,BV,0
3,8,189,189,1,1,BV,0
3,8,190,190,2,1,HC,0
3,8,195,195,2,1,HC,0
3,8,199,200,2,2,HC,0
3,8,163,164,3,2,HV,0
3,8,166,166,3,1,HV,0
3,8,189,189,3,1,HV,0
3,8,208,208,3,1,HV,0
3,8,251,253,3,3,HV,0
3,8,255,255,3,1,HV,0
3,8,258,267,3,10,HV,0
3,8,272,272,3,1,HV,0
3,8,48,48,4,1,PT,0
3,8,55,55,4,1,PT,0
3,8,62,63,4,2,PT,0
3,8,68,79,4,12,PT,0
3,8,83,83,4,1,PT,0
3,8,90,92,4,3,PT,0
3,8,97,99,4,3,PT,0
3,8,122,122,4,1,PT,0
3,8,204,209,5,6,RCL,0
3,8,233,235,5,3,RCL,0
3,8,237,237,5,1,RCL,0
3,8,255,259,5,5,RCL,0
3,8,261,271,5,11,RCL,0
3,8,274,276,5,3,RCL,0
3,8,79,79,6,1,RS,0
3,8,81,81,6,1,RS,0
3,8,88,91,6,4,RS,0
3,8,96,97,6,2,RS,0
3,8,99,99,6,1,RS,0
3,8,109,109,6,1,RS,0
3,8,260,261,6,2,RS,0
3,8,264,264,6,1,RS,0
3,8,271,271,6,1,RS,0
3,8,273,273,6,1,RS,0
3,8,285,287,6,3,RS,0
3,8,289,296,6,8,RS,0
3,9,174,174,1,1,BV,0
3,9,178,180,1,3,BV,0
3,9,187,187,1,1,BV,0
3,9,202,202,1,1,BV,0
3,9,196,196,2,1,HC,0
3,9,200,200,2,1,HC,0
3,9,207,209,2,3,HC,0
3,9,217,217,2,1,HC,0
3,9,235,235,2,1,HC,0
3,9,243,243,2,1,HC,0
3,9,135,135,3,1,HV,0
3,9,144,145,3,2,HV,0
3,9,153,157,3,5,HV,0
3,9,173,173,3,1,HV,0
3,9,202,202,3,1,HV,0
3,9,206,206,3,1,HV,0
3,9,234,235,3,2,HV,0
3,9,238,238,3,1,HV,0
3,9,241,241,3,1,HV,0
3,9,267,268,3,2,HV,0
3,9,278,278,3,1,HV,0
3,9,284,284,3,1,HV,0
3,9,69,69,4,1,PT,0
3,9,71,71,4,1,PT,0
3,9,102,103,4,2,PT,0
3,9,111,111,4,1,PT,0
3,9,113,113,4,1,PT,0
3,9,120,120,4,1,PT,0
3,9,272,281,5,10,RCL,0
3,9,284,286,5,3,RCL,0
3,9,288,288,5,1,RCL,0
3,9,136,136,6,1,RS,0
3,9,267,267,6,1,RS,0
3,9,269,269,6,1,RS,0
3,9,271,274,6,4,RS,0
3,9,277,277,6,1,RS,0
3,9,286,287,6,2,RS,0
3,9,289,289,6,1,RS,0
3,9,313,316,6,4,RS,0
3,9,322,324,6,3,RS,0
3,9,326,326,6,1,RS,0
3,9,330,332,6,3,RS,0
3,9,338,338,6,1,RS,0
3,10,188,189,1,2,BV,0
3,10,210,210,1,1,BV,0
3,10,188,191,2,4,HV,0
3,10,202,202,2,1,HV,0
3,10,210,211,2,2,HV,0
3,10,10,10,3,1,PT,0
3,10,47,47,3,1,PT,0
3,10,62,62,3,1,PT,0
3,10,66,68,3,3,PT,0
3,10,70,70,3,1,PT,0
3,10,77,79,3,3,PT,0
3,10,83,90,3,8,PT,0
3,10,94,95,3,2,PT,0
3,10,97,97,3,1,PT,0
3,10,102,102,3,1,PT,0
3,10,105,105,3,1,PT,0
3,10,158,159,4,2,RCL,0
3,10,165,166,4,2,RCL,0
3,10,175,175,4,1,RCL,0
3,10,178,178,4,1,RCL,0
3,10,78,78,5,1,RP,0
3,10,77,77,6,1,RS,0
3,10,79,80,6,2,RS,0
3,10,86,86,6,1,RS,0
3,10,89,89,6,1,RS,0
3,10,91,93,6,3,RS,0
3,10,95,96,6,2,RS,0
3,10,176,176,6,1,RS,0
3,10,272,272,6,1,RS,0
3,10,277,281,6,5,RS,0
3,10,283,295,6,13,RS,0
3,10,364,364,6,1,RS,0
3,11,159,159,1,1,BW,0
3,11,164,166,1,3,BW,0
3,11,146,146,2,1,HV,0
3,11,157,157,2,1,HV,0
3,11,159,159,2,1,HV,0
3,11,164,164,2,1,HV,0
3,11,68,68,3,1,PC,0
3,11,290,290,4,1,RCL,0
3,11,144,144,5,1,RS,0
3,11,146,147,5,2,RS,0
3,11,290,292,5,3,RS,0
3,11,294,294,5,1,RS,0
3,11,296,296,5,1,RS,0
3,12,96,97,1,2,AC,0
3,12,114,114,2,1,HC,0
3,12,185,185,3,1,HV,0
3,12,192,192,3,1,HV,0
3,12,97,97,4,1,PC,0
3,12,103,103,4,1,PC,0
3,12,121,132,5,12,RCL,0
3,12,286,292,5,7,RCL,0
3,12,294,294,5,1,RCL,0
3,12,95,108,6,14,RS,0
3,12,154,154,6,1,RS,0
3,12,240,240,6,1,RS,0
3,12,245,249,6,5,RS,0
3,12,253,253,6,1,RS,0
3,12,257,257,6,1,RS,0
3,12,263,265,6,3,RS,0
3,12,269,269,6,1,RS,0
3,12,271,280,6,10,RS,0
3,12,283,283,6,1,RS,0
3,12,286,291,6,6,RS,0
3,12,295,295,6,1,RS,0
3,12,299,299,6,1,RS,0
3,12,301,306,6,6,RS,0
3,12,308,309,6,2,RS,0
3,12,312,312,6,1,RS,0
3,13,169,170,1,2,BV,0
3,13,174,176,1,3,BV,0
3,13,180,183,1,4,BV,0
3,13,197,199,1,3,BV,0
3,13,164,170,2,7,HV,0
3,13,173,175,2,3,HV,0
3,13,177,183,2,7,HV,0
3,13,186,195,2,10,HV,0
3,13,197,205,2,9,HV,0
3,13,4,5,3,2,PC,0
3,13,9,9,3,1,PC,0
3,13,28,28,4,1,PT,0
3,13,36,36,4,1,PT,0
3,13,51,51,4,1,PT,0
3,13,56,56,4,1,PT,0
3,13,59,60,4,2,PT,0
3,13,62,62,4,1,PT,0
3,13,64,65,4,2,PT,0
3,13,67,69,4,3,PT,0
3,13,75,76,4,2,PT,0
3,13,78,78,4,1,PT,0
3,13,81,82,4,2,PT,0
3,13,86,86,4,1,PT,0
3,13,95,102,4,8,PT,0
3,13,105,105,4,1,PT,0
3,13,107,107,4,1,PT,0
3,13,119,119,4,1,PT,0
3,13,218,218,5,1,RCL,0
3,13,4,4,6,1,RS,0
3,13,55,55,6,1,RS,0
3,13,67,70,6,4,RS,0
3,13,72,72,6,1,RS,0
3,13,75,76,6,2,RS,0
3,13,96,96,6,1,RS,0
3,13,118,119,6,2,RS,0
3,13,121,123,6,3,RS,0
3,13,148,148,6,1,RS,0
3,13,163,163,6,1,RS,0
3,13,252,252,6,1,RS,0
3,13,254,260,6,7,RS,0
3,13,264,265,6,2,RS,0
3,13,279,280,6,2,RS,0
3,13,282,284,6,3,RS,0
3,13,286,287,6,2,RS,0
3,13,289,303,6,15,RS,0
3,13,305,308,6,4,RS,0
3,13,312,312,6,1,RS,0
3,13,314,314,6,1,RS,0
3,13,316,317,6,2,RS,0
3,13,331,331,6,1,RS,0
3,14,205,205,1,1,BV,0
3,14,177,180,2,4,GC,0
3,14,155,155,3,1,HV,0
3,14,159,159,3,1,HV,0
3,14,164,166,3,3,HV,0
3,14,168,168,3,1,HV,0
3,14,174,177,3,4,HV,0
3,14,179,223,3,45,HV,0
3,14,225,226,3,2,HV,0
3,14,228,239,3,12,HV,0
3,14,241,252,3,12,HV,0
3,14,254,254,3,1,HV,0
3,14,156,186,4,31,RCL,0
3,14,188,213,4,26,RCL,0
3,14,101,101,5,1,RS,0
3,14,103,103,5,1,RS,0
3,14,105,110,5,6,RS,0
3,14,114,115,5,2,RS,0
3,14,117,117,5,1,RS,0
3,14,155,158,5,4,RS,0
3,14,163,163,5,1,RS,0
3,14,175,176,5,2,RS,0
3,14,232,291,5,60,RS,0
3,14,293,295,5,3,RS,0
3,14,298,298,5,1,RS,0
3,14,305,305,5,1,RS,0
3,14,307,307,5,1,RS,0
3,14,316,316,5,1,RS,0
3,15,147,151,1,5,BV,0
3,15,169,169,1,1,BV,0
3,15,171,171,1,1,BV,0
3,15,174,175,1,2,BV,0
3,15,163,163,2,1,GC,0
3,15,167,167,2,1,GC,0
3,15,170,171,2,2,GC,0
3,15,173,176,2,4,GC,0
3,15,181,183,2,3,GC,0
3,15,185,186,2,2,GC,0
3,15,196,198,2,3,GC,0
3,15,101,107,3,7,HV,0
3,15,109,111,3,3,HV,0
3,15,123,125,3,3,HV,0
3,15,135,136,3,2,HV,0
3,15,139,144,3,6,HV,0
3,15,147,152,3,6,HV,0
3,15,158,163,3,6,HV,0
3,15,165,167,3,3,HV,0
3,15,169,186,3,18,HV,0
3,15,195,200,3,6,HV,0
3,15,252,252,3,1,HV,0
3,15,99,107,4,9,PC,0
3,15,109,109,4,1,PC,0
3,15,50,52,5,3,PT,0
3,15,54,55,5,2,PT,0
3,15,57,58,5,2,PT,0
3,15,65,66,5,2,PT,0
3,15,68,69,5,2,PT,0
3,15,72,73,5,2,PT,0
3,15,76,80,5,5,PT,0
3,15,87,90,5,4,PT,0
3,15,93,107,5,15,PT,0
3,15,122,122,5,1,PT,0
3,15,161,161,6,1,RCA,0
3,15,268,268,6,1,RCA,0
3,15,135,226,7,92,RCL,0
3,15,73,73,8,1,RS,0
3,15,78,80,8,3,RS,0
3,15,86,90,8,5,RS,0
3,15,93,102,8,10,RS,0
3,15,104,111,8,8,RS,0
3,15,116,118,8,3,RS,0
3,15,121,126,8,6,RS,0
3,15,128,128,8,1,RS,0
3,15,130,152,8,23,RS,0
3,15,158,179,8,22,RS,0
3,15,196,199,8,4,RS,0
3,15,213,213,8,1,RS,0
3,15,219,219,8,1,RS,0
3,15,237,237,8,1,RS,0
3,15,253,253,8,1,RS,0
3,15,275,275,8,1,RS,0
3,15,277,277,8,1,RS,0
3,15,283,283,8,1,RS,0
3,15,298,299,8,2,RS,0
3,16,148,149,1,2,GC,0
3,16,176,177,1,2,GC,0
3,16,97,97,2,1,HV,0
3,16,101,101,2,1,HV,0
3,16,118,118,2,1,HV,0
3,16,146,149,2,4,HV,0
3,16,152,155,2,4,HV,0
3,16,157,161,2,5,HV,0
3,16,163,165,2,3,HV,0
3,16,169,195,2,27,HV,0
3,16,215,215,2,1,HV,0
3,16,228,228,2,1,HV,0
3,16,262,263,2,2,HV,0
3,16,266,266,2,1,HV,0
3,16,12,12,3,1,PT,0
3,16,21,21,3,1,PT,0
3,16,51,51,3,1,PT,0
3,16,59,59,3,1,PT,0
3,16,77,78,3,2,PT,0
3,16,80,82,3,3,PT,0
3,16,85,87,3,3,PT,0
3,16,95,98,3,4,PT,0
3,16,136,136,3,1,PT,0
3,16,147,153,4,7,RCL,0
3,16,155,167,4,13,RCL,0
3,16,169,233,4,65,RCL,0
3,16,238,238,4,1,RCL,0
3,16,240,240,4,1,RCL,0
3,16,242,252,4,11,RCL,0
3,16,69,69,5,1,RS,0
3,16,77,78,5,2,RS,0
3,16,83,85,5,3,RS,0
3,16,87,87,5,1,RS,0
3,16,97,102,5,6,RS,0
3,16,148,150,5,3,RS,0
3,16,152,152,5,1,RS,0
3,16,176,176,5,1,RS,0
3,16,258,264,5,7,RS,0
3,16,266,278,5,13,RS,0
3,16,282,283,5,2,RS,0
3,16,287,289,5,3,RS,0
3,16,291,292,5,2,RS,0
3,16,294,303,5,10,RS,0
3,16,305,309,5,5,RS,0
3,16,311,318,5,8,RS,0
3,17,232,233,1,2,BV,0
3,17,174,175,2,2,GC,0
3,17,178,178,2,1,GC,0
3,17,91,92,3,2,HV,0
3,17,119,119,3,1,HV,0
3,17,124,124,3,1,HV,0
3,17,150,150,3,1,HV,0
3,17,161,198,3,38,HV,0
3,17,200,212,3,13,HV,0
3,17,217,220,3,4,HV,0
3,17,231,236,3,6,HV,0
3,17,241,242,3,2,HV,0
3,17,246,248,3,3,HV,0
3,17,252,252,3,1,HV,0
3,17,254,254,3,1,HV,0
3,17,256,260,3,5,HV,0
3,17,267,267,3,1,HV,0
3,17,119,120,4,2,PT,0
3,17,167,167,5,1,RCA,0
3,17,179,179,5,1,RCA,0
3,17,198,198,5,1,RCA,0
3,17,201,201,5,1,RCA,0
3,17,207,207,5,1,RCA,0
3,17,233,233,5,1,RCA,0
3,17,235,235,5,1,RCA,0
3,17,94,94,6,1,RCL,0
3,17,103,104,6,2,RCL,0
3,17,115,120,6,6,RCL,0
3,17,122,122,6,1,RCL,0
3,17,124,138,6,15,RCL,0
3,17,140,222,6,83,RCL,0
3,17,225,264,6,40,RCL,0
3,17,280,280,6,1,RCL,0
3,17,90,90,7,1,RS,0
3,17,92,98,7,7,RS,0
3,17,103,108,7,6,RS,0
3,17,110,118,7,9,RS,0
3,17,120,123,7,4,RS,0
3,17,125,130,7,6,RS,0
3,17,141,144,7,4,RS,0
3,17,146,157,7,12,RS,0
3,17,159,161,7,3,RS,0
3,17,163,164,7,2,RS,0
3,17,168,174,7,7,RS,0
3,17,176,182,7,7,RS,0
3,17,232,233,7,2,RS,0
3,17,242,242,7,1,RS,0
3,17,247,247,7,1,RS,0
3,17,249,250,7,2,RS,0
3,17,252,253,7,2,RS,0
3,17,256,258,7,3,RS,0
3,17,260,260,7,1,RS,0
3,17,266,272,7,7,RS,0
3,17,276,281,7,6,RS,0
3,17,284,285,7,2,RS,0
3,17,288,292,7,5,RS,0
3,17,294,294,7,1,RS,0
3,17,296,297,7,2,RS,0
3,17,301,302,7,2,RS,0
3,17,304,306,7,3,RS,0
3,17,308,309,7,2,RS,0
3,17,311,312,7,2,RS,0
3,17,318,318,7,1,RS,0
3,18,123,123,1,1,HV,0
3,18,164,164,1,1,HV,0
3,18,167,168,1,2,HV,0
3,18,202,202,1,1,HV,0
3,18,239,239,1,1,HV,0
3,18,272,272,1,1,HV,0
3,18,116,116,2,1,RCL,0
3,18,119,120,2,2,RCL,0
3,18,135,135,2,1,RCL,0
3,18,137,137,2,1,RCL,0
3,18,139,141,2,3,RCL,0
3,18,152,155,2,4,RCL,0
3,18,157,272,2,116,RCL,0
3,18,275,275,2,1,RCL,0
3,18,280,285,2,6,RCL,0
3,18,287,290,2,4,RCL,0
3,18,294,294,2,1,RCL,0
3,18,115,116,3,2,RS,0
3,18,135,135,3,1,RS,0
3,18,267,267,3,1,RS,0
3,18,279,288,3,10,RS,0
3,18,293,295,3,3,RS,0
3,18,299,299,3,1,RS,0
3,18,320,320,3,1,RS,0
3,19,166,166,1,1,BV,0
3,19,153,153,2,1,BW,0
3,19,166,166,2,1,BW,0
3,19,166,173,3,8,GC,0
3,19,179,181,3,3,GC,0
3,19,183,187,3,5,GC,0
3,19,195,198,3,4,GC,0
3,19,142,142,4,1,HV,0
3,19,144,147,4,4,HV,0
3,19,149,154,4,6,HV,0
3,19,156,173,4,18,HV,0
3,19,179,188,4,10,HV,0
3,19,190,190,4,1,HV,0
3,19,192,192,4,1,HV,0
3,19,194,199,4,6,HV,0
3,19,201,226,4,26,HV,0
3,19,93,93,5,1,RCL,0
3,19,109,110,5,2,RCL,0
3,19,114,115,5,2,RCL,0
3,19,120,120,5,1,RCL,0
3,19,122,122,5,1,RCL,0
3,19,126,130,5,5,RCL,0
3,19,132,193,5,62,RCL,0
3,19,195,221,5,27,RCL,0
3,19,223,233,5,11,RCL,0
3,19,235,236,5,2,RCL,0
3,19,238,254,5,17,RCL,0
3,19,256,271,5,16,RCL,0
3,19,273,273,5,1,RCL,0
3,19,35,35,6,1,RS,0
3,19,59,59,6,1,RS,0
3,19,61,65,6,5,RS,0
3,19,68,78,6,11,RS,0
3,19,80,82,6,3,RS,0
3,19,84,86,6,3,RS,0
3,19,93,93,6,1,RS,0
3,19,110,110,6,1,RS,0
3,19,115,115,6,1,RS,0
3,19,125,129,6,5,RS,0
3,19,280,280,6,1,RS,0
3,19,289,292,6,4,RS,0
3,19,294,294,6,1,RS,0
3,20,105,105,1,1,HV,0
3,20,144,145,1,2,HV,0
3,20,172,173,1,2,HV,0
3,20,204,204,1,1,HV,0
3,20,222,222,1,1,HV,0
3,20,231,231,1,1,HV,0
3,20,110,110,2,1,RCL,0
3,20,125,125,2,1,RCL,0
3,20,128,128,2,1,RCL,0
3,20,130,130,2,1,RCL,0
3,20,139,142,2,4,RCL,0
3,20,145,155,2,11,RCL,0
3,20,157,202,2,46,RCL,0
3,20,204,277,2,74,RCL,0
3,20,279,279,2,1,RCL,0
3,20,40,40,3,1,RS,0
3,20,42,42,3,1,RS,0
3,20,110,111,3,2,RS,0
3,20,251,251,3,1,RS,0
3,20,256,258,3,3,RS,0
3,20,269,272,3,4,RS,0
3,20,274,277,3,4,RS,0
3,20,280,282,3,3,RS,0
3,20,285,286,3,2,RS,0
3,20,288,288,3,1,RS,0
3,20,293,293,3,1,RS,0
3,20,297,297,3,1,RS,0
3,20,305,305,3,1,RS,0
3,21,157,157,1,1,GC,0
3,21,160,160,1,1,GC,0
3,21,167,171,1,5,GC,0
3,21,173,176,1,4,GC,0
3,21,178,181,1,4,GC,0
3,21,183,184,1,2,GC,0
3,21,186,188,1,3,GC,0
3,21,190,192,1,3,GC,0
3,21,194,194,1,1,GC,0
3,21,222,222,1,1,GC,0
3,21,147,150,2,4,HV,0
3,21,156,158,2,3,HV,0
3,21,162,162,2,1,HV,0
3,21,165,177,2,13,HV,0
3,21,179,189,2,11,HV,0
3,21,191,191,2,1,HV,0
3,21,206,206,2,1,HV,0
3,21,241,242,2,2,HV,0
3,21,80,83,3,4,PT,0
3,21,85,87,3,3,PT,0
3,21,89,89,3,1,PT,0
3,21,91,91,3,1,PT,0
3,21,93,93,3,1,PT,0
3,21,95,96,3,2,PT,0
3,21,100,102,3,3,PT,0
3,21,140,155,4,16,RCL,0
3,21,157,209,4,53,RCL,0
3,21,211,212,4,2,RCL,0
3,21,214,272,4,59,RCL,0
3,21,274,276,4,3,RCL,0
3,21,280,280,4,1,RCL,0
3,21,1,1,5,1,RS,0
3,21,8,8,5,1,RS,0
3,21,32,33,5,2,RS,0
3,21,45,45,5,1,RS,0
3,21,48,49,5,2,RS,0
3,21,51,53,5,3,RS,0
3,21,56,56,5,1,RS,0
3,21,82,97,5,16,RS,0
3,21,99,105,5,7,RS,0
3,21,107,107,5,1,RS,0
3,21,109,117,5,9,RS,0
3,21,119,119,5,1,RS,0
3,21,121,123,5,3,RS,0
3,21,126,126,5,1,RS,0
3,21,130,130,5,1,RS,0
3,21,147,149,5,3,RS,0
3,21,151,152,5,2,RS,0
3,21,157,173,5,17,RS,0
3,21,175,187,5,13,RS,0
3,21,266,267,5,2,RS,0
3,21,269,269,5,1,RS,0
3,21,271,278,5,8,RS,0
3,21,281,282,5,2,RS,0
3,21,284,284,5,1,RS,0
3,21,289,290,5,2,RS,0
3,21,324,324,5,1,RS,0
3,22,257,258,1,2,GC,0
3,22,73,74,2,2,PT,0
3,22,84,84,2,1,PT,0
3,22,100,100,2,1,PT,0
3,22,102,103,2,2,PT,0
3,22,121,121,3,1,RCL,0
3,22,124,124,3,1,RCL,0
3,22,133,133,3,1,RCL,0
3,22,140,140,3,1,RCL,0
3,22,143,148,3,6,RCL,0
3,22,150,170,3,21,RCL,0
3,22,172,182,3,11,RCL,0
3,22,187,208,3,22,RCL,0
3,22,211,219,3,9,RCL,0
3,22,221,223,3,3,RCL,0
3,22,226,227,3,2,RCL,0
3,22,234,237,3,4,RCL,0
3,22,241,277,3,37,RCL,0
3,22,279,280,3,2,RCL,0
3,22,318,318,3,1,RCL,0
3,22,103,104,4,2,RP,0
3,22,107,107,4,1,RP,0
3,22,111,115,4,5,RP,0
3,22,35,35,5,1,RS,0
3,22,100,111,5,12,RS,0
3,22,288,288,5,1,RS,0
3,22,293,293,5,1,RS,0
3,22,312,312,5,1,RS,0
4,1,158,161,1,4,BW,0
4,1,184,191,1,8,BW,0
4,1,175,175,2,1,HC,0
4,1,183,184,2,2,HC,0
4,1,186,187,2,2,HC,0
4,1,191,191,2,1,HC,0
4,1,193,193,2,1,HC,0
4,1,118,120,3,3,HV,0
4,1,124,124,3,1,HV,0
4,1,131,131,3,1,HV,0
4,1,156,161,3,6,HV,0
4,1,166,167,3,2,HV,0
4,1,173,173,3,1,HV,0
4,1,175,175,3,1,HV,0
4,1,183,197,3,15,HV,0
4,1,199,199,3,1,HV,0
4,1,211,214,3,4,HV,0
4,1,223,224,3,2,HV,0
4,1,256,257,3,2,HV,0
4,1,269,271,3,3,HV,0
4,1,273,273,3,1,HV,0
4,1,1,1,4,1,PC,0
4,1,62,66,4,5,PC,0
4,1,77,79,4,3,PC,0
4,1,82,101,4,20,PC,0
4,1,105,109,4,5,PC,0
4,1,55,57,5,3,PT,0
4,1,66,66,5,1,PT,0
4,1,79,79,5,1,PT,0
4,1,81,81,5,1,PT,0
4,1,54,54,6,1,RS,0
4,1,57,57,6,1,RS,0
4,1,63,63,6,1,RS,0
4,1,66,66,6,1,RS,0
4,1,70,71,6,2,RS,0
4,1,73,91,6,19,RS,0
4,1,93,102,6,10,RS,0
4,1,110,110,6,1,RS,0
4,1,114,114,6,1,RS,0
4,1,117,117,6,1,RS,0
4,1,119,121,6,3,RS,0
4,1,123,123,6,1,RS,0
4,1,184,195,6,12,RS,0
4,1,270,272,6,3,RS,0
4,1,274,276,6,3,RS,0
4,1,278,287,6,10,RS,0
4,1,290,292,6,3,RS,0
4,1,294,296,6,3,RS,0
4,1,298,298,6,1,RS,0
4,1,300,302,6,3,RS,0
4,1,310,310,6,1,RS,0
4,1,312,317,6,6,RS,0
4,1,319,319,6,1,RS,0
4,1,324,324,6,1,RS,0
4,1,331,331,6,1,RS,0
4,1,334,334,6,1,RS,0
4,2,144,147,1,4,BV,0
4,2,175,176,1,2,BV,0
4,2,119,119,2,1,BW,0
4,2,125,128,2,4,BW,0
4,2,131,138,2,8,BW,0
4,2,140,141,2,2,BW,0
4,2,144,147,2,4,BW,0
4,2,155,157,2,3,BW,0
4,2,175,177,2,3,BW,0
4,2,36,39,3,4,HV,0
4,2,43,44,3,2,HV,0
4,2,50,50,3,1,HV,0
4,2,118,119,3,2,HV,0
4,2,125,129,3,5,HV,0
4,2,133,138,3,6,HV,0
4,2,140,141,3,2,HV,0
4,2,144,148,3,5,HV,0
4,2,152,152,3,1,HV,0
4,2,175,177,3,3,HV,0
4,2,179,179,3,1,HV,0
4,2,192,192,3,1,HV,0
4,2,194,194,3,1,HV,0
4,2,198,199,3,2,HV,0
4,2,202,202,3,1,HV,0
4,2,204,206,3,3,HV,0
4,2,208,208,3,1,HV,0
4,2,233,233,3,1,HV,0
4,2,236,238,3,3,HV,0
4,2,3,3,4,1,PC,0
4,2,54,55,4,2,PC,0
4,2,57,58,4,2,PC,0
4,2,61,63,4,3,PC,0
4,2,66,67,4,2,PC,0
4,2,71,77,4,7,PC,0
4,2,79,79,4,1,PC,0
4,2,82,82,4,1,PC,0
4,2,207,209,5,3,RCL,0
4,2,8,12,6,5,RS,0
4,2,14,15,6,2,RS,0
4,2,18,18,6,1,RS,0
4,2,75,75,6,1,RS,0
4,2,78,79,6,2,RS,0
4,2,82,82,6,1,RS,0
4,2,87,87,6,1,RS,0
4,2,99,99,6,1,RS,0
4,2,103,103,6,1,RS,0
4,2,105,108,6,4,RS,0
4,2,116,116,6,1,RS,0
4,2,118,119,6,2,RS,0
4,2,126,126,6,1,RS,0
4,2,128,133,6,6,RS,0
4,2,135,141,6,7,RS,0
4,2,312,312,6,1,RS,0
4,2,320,320,6,1,RS,0
4,2,322,323,6,2,RS,0
4,2,330,332,6,3,RS,0
4,2,336,336,6,1,RS,0
4,2,338,338,6,1,RS,0
4,2,342,343,6,2,RS,0
4,2,345,345,6,1,RS,0
4,3,150,150,1,1,BV,0
4,3,153,153,1,1,BV,0
4,3,161,161,1,1,BV,0
4,3,163,163,1,1,BV,0
4,3,188,188,1,1,BV,0
4,3,190,190,1,1,BV,0
4,3,149,155,2,7,BW,0
4,3,163,163,2,1,BW,0
4,3,165,166,2,2,BW,0
4,3,189,191,2,3,BW,0
4,3,296,298,3,3,GC,0
4,3,300,301,3,2,GC,0
4,3,307,307,3,1,GC,0
4,3,310,310,3,1,GC,0
4,3,123,124,4,2,HV,0
4,3,129,129,4,1,HV,0
4,3,135,135,4,1,HV,0
4,3,149,149,4,1,HV,0
4,3,151,156,4,6,HV,0
4,3,160,166,4,7,HV,0
4,3,187,208,4,22,HV,0
4,3,213,213,4,1,HV,0
4,3,215,216,4,2,HV,0
4,3,219,227,4,9,HV,0
4,3,231,232,4,2,HV,0
4,3,235,237,4,3,HV,0
4,3,239,241,4,3,HV,0
4,3,246,248,4,3,HV,0
4,3,260,263,4,4,HV,0
4,3,266,266,4,1,HV,0
4,3,57,57,5,1,PC,0
4,3,59,59,5,1,PC,0
4,3,87,105,5,19,PC,0
4,3,164,165,6,2,RCL,0
4,3,189,200,6,12,RCL,0
4,3,202,202,6,1,RCL,0
4,3,205,205,6,1,RCL,0
4,3,216,235,6,20,RCL,0
4,3,26,26,7,1,RS,0
4,3,32,33,7,2,RS,0
4,3,35,36,7,2,RS,0
4,3,42,42,7,1,RS,0
4,3,47,48,7,2,RS,0
4,3,50,50,7,1,RS,0
4,3,54,54,7,1,RS,0
4,3,56,61,7,6,RS,0
4,3,64,64,7,1,RS,0
4,3,70,72,7,3,RS,0
4,3,78,82,7,5,RS,0
4,3,94,95,7,2,RS,0
4,3,273,273,7,1,RS,0
4,3,275,278,7,4,RS,0
4,3,281,284,7,4,RS,0
4,3,292,292,7,1,RS,0
4,3,348,350,7,3,RS,0
4,3,353,353,7,1,RS,0
4,4,159,161,1,3,BV,0
4,4,136,136,2,1,BW,0
4,4,140,141,2,2,BW,0
4,4,143,144,2,2,BW,0
4,4,147,148,2,2,BW,0
4,4,151,156,2,6,BW,0
4,4,159,159,3,1,GC,0
4,4,166,167,4,2,HC,0
4,4,104,105,5,2,HV,0
4,4,107,107,5,1,HV,0
4,4,116,117,5,2,HV,0
4,4,119,121,5,3,HV,0
4,4,127,127,5,1,HV,0
4,4,133,135,5,3,HV,0
4,4,139,140,5,2,HV,0
4,4,143,145,5,3,HV,0
4,4,147,149,5,3,HV,0
4,4,151,160,5,10,HV,0
4,4,162,185,5,24,HV,0
4,4,187,189,5,3,HV,0
4,4,199,203,5,5,HV,0
4,4,206,209,5,4,HV,0
4,4,223,239,5,17,HV,0
4,4,245,246,5,2,HV,0
4,4,259,259,5,1,HV,0
4,4,60,60,6,1,PC,0
4,4,67,70,6,4,PC,0
4,4,73,81,6,9,PC,0
4,4,83,102,6,20,PC,0
4,4,202,209,7,8,RCL,0
4,4,237,239,7,3,RCL,0
4,4,259,259,7,1,RCL,0
4,4,88,89,8,2,RP,0
4,4,49,49,9,1,RS,0
4,4,51,53,9,3,RS,0
4,4,55,56,9,2,RS,0
4,4,59,60,9,2,RS,0
4,4,62,62,9,1,RS,0
4,4,67,69,9,3,RS,0
4,4,73,76,9,4,RS,0
4,4,78,78,9,1,RS,0
4,4,81,81,9,1,RS,0
4,4,83,83,9,1,RS,0
4,4,85,89,9,5,RS,0
4,4,92,94,9,3,RS,0
4,4,101,102,9,2,RS,0
4,4,104,104,9,1,RS,0
4,4,114,114,9,1,RS,0
4,4,116,132,9,17,RS,0
4,4,143,144,9,2,RS,0
4,4,147,167,9,21,RS,0
4,4,188,188,9,1,RS,0
4,4,206,209,9,4,RS,0
4,4,303,303,9,1,RS,0
4,4,309,310,9,2,RS,0
4,4,331,331,9,1,RS,0
4,4,334,334,9,1,RS,0
4,4,336,338,9,3,RS,0
4,4,350,351,9,2,RS,0
4,4,359,359,9,1,RS,0
4,4,363,363,9,1,RS,0
4,5,146,146,1,1,HV,0
4,5,186,186,1,1,HV,0
4,5,225,225,1,1,HV,0
4,5,248,249,1,2,HV,0
4,5,253,255,1,3,HV,0
4,5,261,261,1,1,HV,0
4,5,267,267,1,1,HV,0
4,5,27,27,2,1,PC,0
4,5,55,73,2,19,PC,0
4,5,81,92,2,12,PC,0
4,5,108,108,3,1,RCL,0
4,5,111,111,3,1,RCL,0
4,5,116,120,3,5,RCL,0
4,5,122,152,3,31,RCL,0
4,5,211,211,3,1,RCL,0
4,5,216,217,3,2,RCL,0
4,5,219,225,3,7,RCL,0
4,5,228,232,3,5,RCL,0
4,5,234,234,3,1,RCL,0
4,5,236,239,3,4,RCL,0
4,5,241,243,3,3,RCL,0
4,5,250,256,3,7,RCL,0
4,5,261,262,3,2,RCL,0
4,5,66,68,4,3,RS,0
4,5,70,73,4,4,RS,0
4,5,78,81,4,4,RS,0
4,5,83,85,4,3,RS,0
4,5,90,91,4,2,RS,0
4,5,106,106,4,1,RS,0
4,5,289,289,4,1,RS,0
4,5,295,295,4,1,RS,0
4,6,131,131,1,1,HC,0
4,6,116,120,2,5,HV,0
4,6,122,124,2,3,HV,0
4,6,129,129,2,1,HV,0
4,6,132,132,2,1,HV,0
4,6,134,135,2,2,HV,0
4,6,138,141,2,4,HV,0
4,6,148,148,2,1,HV,0
4,6,153,156,2,4,HV,0
4,6,161,161,2,1,HV,0
4,6,175,175,2,1,HV,0
4,6,195,197,2,3,HV,0
4,6,217,218,2,2,HV,0
4,6,235,235,2,1,HV,0
4,6,246,246,2,1,HV,0
4,6,261,261,2,1,HV,0
4,6,267,267,2,1,HV,0
4,6,56,56,3,1,PC,0
4,6,59,61,3,3,PC,0
4,6,68,68,3,1,PC,0
4,6,73,73,3,1,PC,0
4,6,83,85,3,3,PC,0
4,6,87,88,3,2,PC,0
4,6,92,92,3,1,PC,0
4,6,106,109,3,4,PC,0
4,6,112,112,3,1,PC,0
4,6,114,117,3,4,PC,0
4,6,181,181,4,1,RCA,0
4,6,187,187,4,1,RCA,0
4,6,146,148,5,3,RCL,0
4,6,150,168,5,19,RCL,0
4,6,170,170,5,1,RCL,0
4,6,217,219,5,3,RCL,0
4,6,235,238,5,4,RCL,0
4,6,240,240,5,1,RCL,0
4,6,268,268,6,1,RS,0
4,6,288,294,6,7,RS,0
4,6,296,296,6,1,RS,0
4,6,298,299,6,2,RS,0
4,6,302,302,6,1,RS,0
4,6,311,314,6,4,RS,0
4,6,319,319,6,1,RS,0
4,6,326,328,6,3,RS,0
4,7,113,114,1,2,BV,0
4,7,215,215,1,1,BV,0
4,7,218,219,1,2,BV,0
4,7,229,229,1,1,BV,0
4,7,240,241,1,2,BV,0
4,7,107,107,2,1,HV,0
4,7,109,114,2,6,HV,0
4,7,119,120,2,2,HV,0
4,7,130,130,2,1,HV,0
4,7,138,138,2,1,HV,0
4,7,142,142,2,1,HV,0
4,7,145,145,2,1,HV,0
4,7,148,151,2,4,HV,0
4,7,153,154,2,2,HV,0
4,7,157,157,2,1,HV,0
4,7,159,160,2,2,HV,0
4,7,162,162,2,1,HV,0
4,7,170,170,2,1,HV,0
4,7,172,172,2,1,HV,0
4,7,176,178,2,3,HV,0
4,7,181,185,2,5,HV,0
4,7,192,196,2,5,HV,0
4,7,198,247,2,50,HV,0
4,7,249,253,2,5,HV,0
4,7,255,258,2,4,HV,0
4,7,20,20,3,1,PC,0
4,7,23,23,3,1,PC,0
4,7,26,26,3,1,PC,0
4,7,30,30,3,1,PC,0
4,7,45,53,3,9,PC,0
4,7,56,57,3,2,PC,0
4,7,62,66,3,5,PC,0
4,7,70,70,3,1,PC,0
4,7,76,81,3,6,PC,0
4,7,83,86,3,4,PC,0
4,7,98,99,3,2,PC,0
4,7,101,101,3,1,PC,0
4,7,101,101,4,1,RCL,0
4,7,105,120,4,16,RCL,0
4,7,127,127,4,1,RCL,0
4,7,129,131,4,3,RCL,0
4,7,133,141,4,9,RCL,0
4,7,144,144,4,1,RCL,0
4,7,146,173,4,28,RCL,0
4,7,175,184,4,10,RCL,0
4,7,186,193,4,8,RCL,0
4,7,196,208,4,13,RCL,0
4,7,211,216,4,6,RCL,0
4,7,241,246,4,6,RCL,0
4,7,48,48,5,1,RS,0
4,7,51,51,5,1,RS,0
4,7,56,56,5,1,RS,0
4,7,62,62,5,1,RS,0
4,7,222,232,5,11,RS,0
4,7,266,266,5,1,RS,0
4,7,272,274,5,3,RS,0
4,7,276,283,5,8,RS,0
4,7,290,290,5,1,RS,0
4,7,293,294,5,2,RS,0
4,7,297,297,5,1,RS,0
4,7,299,299,5,1,RS,0
4,8,139,140,1,2,BV,0
4,8,163,163,1,1,BV,0
4,8,170,170,1,1,BV,0
4,8,193,194,2,2,HC,0
4,8,198,199,2,2,HC,0
4,8,204,206,2,3,HC,0
4,8,220,220,2,1,HC,0
4,8,113,118,3,6,HV,0
4,8,124,126,3,3,HV,0
4,8,139,141,3,3,HV,0
4,8,148,149,3,2,HV,0
4,8,156,156,3,1,HV,0
4,8,158,158,3,1,HV,0
4,8,161,163,3,3,HV,0
4,8,171,172,3,2,HV,0
4,8,193,194,3,2,HV,0
4,8,204,205,3,2,HV,0
4,8,243,243,3,1,HV,0
4,8,245,245,3,1,HV,0
4,8,252,252,3,1,HV,0
4,8,257,263,3,7,HV,0
4,8,266,266,3,1,HV,0
4,8,32,32,4,1,PC,0
4,8,43,43,4,1,PC,0
4,8,49,49,4,1,PC,0
4,8,53,53,4,1,PC,0
4,8,55,57,4,3,PC,0
4,8,63,83,4,21,PC,0
4,8,86,90,4,5,PC,0
4,8,92,99,4,8,PC,0
4,8,74,75,5,2,PT,0
4,8,113,113,6,1,RCL,0
4,8,115,115,6,1,RCL,0
4,8,160,160,6,1,RCL,0
4,8,163,163,6,1,RCL,0
4,8,166,193,6,28,RCL,0
4,8,196,197,6,2,RCL,0
4,8,206,206,6,1,RCL,0
4,8,211,212,6,2,RCL,0
4,8,214,214,6,1,RCL,0
4,8,217,217,6,1,RCL,0
4,8,219,219,6,1,RCL,0
4,8,223,224,6,2,RCL,0
4,8,238,239,6,2,RCL,0
4,8,244,245,6,2,RCL,0
4,8,252,252,6,1,RCL,0
4,8,254,256,6,3,RCL,0
4,8,258,268,6,11,RCL,0
4,8,272,273,6,2,RCL,0
4,8,258,268,7,11,RS,0
4,8,270,270,7,1,RS,0
4,8,273,276,7,4,RS,0
4,8,284,285,7,2,RS,0
4,8,332,332,7,1,RS,0
4,8,336,336,7,1,RS,0
4,9,112,112,1,1,HC,0
4,9,149,149,1,1,HC,0
4,9,135,140,2,6,HV,0
4,9,144,148,2,5,HV,0
4,9,150,150,2,1,HV,0
4,9,152,154,2,3,HV,0
4,9,157,159,2,3,HV,0
4,9,170,173,2,4,HV,0
4,9,202,202,2,1,HV,0
4,9,205,205,2,1,HV,0
4,9,234,235,2,2,HV,0
4,9,238,239,2,2,HV,0
4,9,267,268,2,2,HV,0
4,9,276,276,2,1,HV,0
4,9,283,283,2,1,HV,0
4,9,289,289,2,1,HV,0
4,9,54,54,3,1,PC,0
4,9,59,61,3,3,PC,0
4,9,63,67,3,5,PC,0
4,9,69,71,3,3,PC,0
4,9,73,73,3,1,PC,0
4,9,79,79,3,1,PC,0
4,9,81,81,3,1,PC,0
4,9,83,83,3,1,PC,0
4,9,85,85,3,1,PC,0
4,9,90,91,3,2,PC,0
4,9,94,94,3,1,PC,0
4,9,97,97,3,1,PC,0
4,9,99,104,3,6,PC,0
4,9,106,106,3,1,PC,0
4,9,110,113,3,4,PC,0
4,9,116,119,3,4,PC,0
4,9,121,121,3,1,PC,0
4,9,129,129,3,1,PC,0
4,9,132,135,3,4,PC,0
4,9,354,354,3,1,PC,0
4,9,100,101,4,2,PT,0
4,9,116,116,4,1,PT,0
4,9,136,139,5,4,RCL,0
4,9,141,142,5,2,RCL,0
4,9,149,155,5,7,RCL,0
4,9,160,170,5,11,RCL,0
4,9,172,173,5,2,RCL,0
4,9,182,184,5,3,RCL,0
4,9,187,187,5,1,RCL,0
4,9,192,192,5,1,RCL,0
4,9,267,268,5,2,RCL,0
4,9,271,281,5,11,RCL,0
4,9,283,288,5,6,RCL,0
4,9,332,332,5,1,RCL,0
4,9,336,341,5,6,RCL,0
4,9,344,344,5,1,RCL,0
4,9,274,274,6,1,RS,0
4,9,277,277,6,1,RS,0
4,9,281,281,6,1,RS,0
4,9,284,287,6,4,RS,0
4,9,302,302,6,1,RS,0
4,9,310,311,6,2,RS,0
4,9,314,315,6,2,RS,0
4,10,162,162,1,1,BV,0
4,10,218,218,1,1,BV,0
4,10,224,227,1,4,BV,0
4,10,234,236,1,3,BV,0
4,10,216,216,2,1,BW,0
4,10,187,188,3,2,GC,0
4,10,216,219,4,4,HC,0
4,10,221,221,4,1,HC,0
4,10,255,255,4,1,HC,0
4,10,257,258,4,2,HC,0
4,10,117,118,5,2,HV,0
4,10,124,124,5,1,HV,0
4,10,128,128,5,1,HV,0
4,10,157,163,5,7,HV,0
4,10,165,169,5,5,HV,0
4,10,179,182,5,4,HV,0
4,10,186,187,5,2,HV,0
4,10,208,211,5,4,HV,0
4,10,215,216,5,2,HV,0
4,10,221,222,5,2,HV,0
4,10,225,227,5,3,HV,0
4,10,229,229,5,1,HV,0
4,10,234,236,5,3,HV,0
4,10,269,269,5,1,HV,0
4,10,272,273,5,2,HV,0
4,10,276,276,5,1,HV,0
4,10,77,78,6,2,PC,0
4,10,87,87,6,1,PC,0
4,10,90,92,6,3,PC,0
4,10,94,96,6,3,PC,0
4,10,102,103,6,2,PC,0
4,10,105,106,6,2,PC,0
4,10,110,110,6,1,PC,0
4,10,27,27,7,1,PT,0
4,10,66,66,7,1,PT,0
4,10,118,141,8,24,RCL,0
4,10,143,149,8,7,RCL,0
4,10,164,165,8,2,RCL,0
4,10,180,181,8,2,RCL,0
4,10,188,194,8,7,RCL,0
4,10,196,196,8,1,RCL,0
4,10,208,209,8,2,RCL,0
4,10,211,214,8,4,RCL,0
4,10,216,221,8,6,RCL,0
4,10,226,286,8,61,RCL,0
4,10,101,101,9,1,RS,0
4,10,255,255,9,1,RS,0
4,10,257,259,9,3,RS,0
4,10,269,292,9,24,RS,0
4,10,294,294,9,1,RS,0
4,10,296,296,9,1,RS,0
4,10,299,299,9,1,RS,0
4,10,301,303,9,3,RS,0
4,10,312,314,9,3,RS,0
4,10,317,318,9,2,RS,0
4,10,320,324,9,5,RS,0
4,11,143,144,1,2,BV,0
4,11,147,148,1,2,BV,0
4,11,159,159,1,1,BV,0
4,11,168,168,1,1,BV,0
4,11,200,203,1,4,BV,0
4,11,233,236,1,4,BV,0
4,11,234,236,2,3,HC,0
4,11,239,239,2,1,HC,0
4,11,139,139,3,1,HV,0
4,11,142,144,3,3,HV,0
4,11,147,148,3,2,HV,0
4,11,158,159,3,2,HV,0
4,11,168,168,3,1,HV,0
4,11,200,202,3,3,HV,0
4,11,89,89,4,1,PC,0
4,11,93,95,4,3,PC,0
4,11,97,97,4,1,PC,0
4,11,99,99,4,1,PC,0
4,11,102,102,4,1,PC,0
4,11,106,106,4,1,PC,0
4,11,157,157,5,1,RCL,0
4,11,159,177,5,19,RCL,0
4,11,197,219,5,23,RCL,0
4,11,223,226,5,4,RCL,0
4,11,229,240,5,12,RCL,0
4,11,242,242,5,1,RCL,0
4,11,264,269,5,6,RCL,0
4,11,271,278,5,8,RCL,0
4,11,280,289,5,10,RCL,0
4,11,56,56,6,1,RS,0
4,11,144,144,6,1,RS,0
4,11,159,159,6,1,RS,0
4,11,282,282,6,1,RS,0
4,11,285,286,6,2,RS,0
4,11,288,292,6,5,RS,0
4,11,294,294,6,1,RS,0
4,11,300,301,6,2,RS,0
4,11,303,303,6,1,RS,0
4,12,116,116,1,1,AC,0
4,12,123,124,1,2,AC,0
4,12,126,126,1,1,AC,0
4,12,129,129,1,1,AC,0
4,12,131,131,1,1,AC,0
4,12,226,226,1,1,AC,0
4,12,232,232,1,1,AC,0
4,12,143,143,2,1,HV,0
4,12,179,179,2,1,HV,0
4,12,298,298,2,1,HV,0
4,12,358,358,3,1,PC,0
4,12,116,150,4,35,RCL,0
4,12,156,171,4,16,RCL,0
4,12,173,201,4,29,RCL,0
4,12,214,214,4,1,RCL,0
4,12,217,217,4,1,RCL,0
4,12,219,239,4,21,RCL,0
4,12,241,258,4,18,RCL,0
4,12,96,101,5,6,RS,0
4,12,104,104,5,1,RS,0
4,12,106,106,5,1,RS,0
4,12,108,112,5,5,RS,0
4,12,114,115,5,2,RS,0
4,12,122,123,5,2,RS,0
4,12,127,127,5,1,RS,0
4,12,129,131,5,3,RS,0
4,12,133,135,5,3,RS,0
4,12,137,138,5,2,RS,0
4,12,186,186,5,1,RS,0
4,12,202,202,5,1,RS,0
4,12,213,213,5,1,RS,0
4,12,224,224,5,1,RS,0
4,12,241,241,5,1,RS,0
4,12,247,247,5,1,RS,0
4,12,251,251,5,1,RS,0
4,12,254,255,5,2,RS,0
4,12,258,259,5,2,RS,0
4,12,261,261,5,1,RS,0
4,12,271,274,5,4,RS,0
4,12,278,278,5,1,RS,0
4,12,280,280,5,1,RS,0
4,12,286,289,5,4,RS,0
4,12,292,292,5,1,RS,0
4,12,295,295,5,1,RS,0
4,12,298,299,5,2,RS,0
4,12,306,306,5,1,RS,0
4,12,308,308,5,1,RS,0
4,12,310,310,5,1,RS,0
4,12,314,314,5,1,RS,0
4,12,318,318,5,1,RS,0
4,12,324,324,5,1,RS,0
4,13,118,118,1,1,AC,0
4,13,123,127,1,5,AC,0
4,13,130,134,1,5,AC,0
4,13,136,140,1,5,AC,0
4,13,142,148,1,7,AC,0
4,13,151,151,1,1,AC,0
4,13,155,178,1,24,AC,0
4,13,180,184,1,5,AC,0
4,13,186,186,1,1,AC,0
4,13,188,194,1,7,AC,0
4,13,197,210,1,14,AC,0
4,13,213,214,1,2,AC,0
4,13,216,218,1,3,AC,0
4,13,220,220,1,1,AC,0
4,13,222,242,1,21,AC,0
4,13,144,145,2,2,BV,0
4,13,164,165,2,2,BV,0
4,13,170,170,2,1,BV,0
4,13,174,174,2,1,BV,0
4,13,176,176,2,1,BV,0
4,13,180,182,2,3,BV,0
4,13,116,116,3,1,BW,0
4,13,118,118,3,1,BW,0
4,13,144,146,3,3,BW,0
4,13,156,158,3,3,BW,0
4,13,164,164,3,1,BW,0
4,13,169,170,3,2,BW,0
4,13,180,181,3,2,BW,0
4,13,197,198,3,2,BW,0
4,13,183,183,4,1,HC,0
4,13,116,116,5,1,HV,0
4,13,118,119,5,2,HV,0
4,13,122,125,5,4,HV,0
4,13,131,131,5,1,HV,0
4,13,133,133,5,1,HV,0
4,13,139,140,5,2,HV,0
4,13,143,146,5,4,HV,0
4,13,156,158,5,3,HV,0
4,13,164,164,5,1,HV,0
4,13,170,170,5,1,HV,0
4,13,173,174,5,2,HV,0
4,13,180,183,5,4,HV,0
4,13,193,203,5,11,HV,0
4,13,223,224,5,2,HV,0
4,13,227,229,5,3,HV,0
4,13,6,6,6,1,PC,0
4,13,16,16,6,1,PC,0
4,13,35,35,6,1,PC,0
4,13,37,40,6,4,PC,0
4,13,45,49,6,5,PC,0
4,13,51,52,6,2,PC,0
4,13,54,70,6,17,PC,0
4,13,72,73,6,2,PC,0
4,13,75,83,6,9,PC,0
4,13,89,90,6,2,PC,0
4,13,94,102,6,9,PC,0
4,13,117,117,6,1,PC,0
4,13,365,365,6,1,PC,0
4,13,173,173,7,1,RCA,0
4,13,202,202,7,1,RCA,0
4,13,144,149,8,6,RCL,0
4,13,154,205,8,52,RCL,0
4,13,207,211,8,5,RCL,0
4,13,219,229,8,11,RCL,0
4,13,234,239,8,6,RCL,0
4,13,241,245,8,5,RCL,0
4,13,247,248,8,2,RCL,0
4,13,250,250,8,1,RCL,0
4,13,254,258,8,5,RCL,0
4,13,260,260,8,1,RCL,0
4,13,67,67,9,1,RS,0
4,13,79,79,9,1,RS,0
4,13,95,95,9,1,RS,0
4,13,100,101,9,2,RS,0
4,13,107,108,9,2,RS,0
4,13,114,114,9,1,RS,0
4,13,116,117,9,2,RS,0
4,13,119,120,9,2,RS,0
4,13,125,125,9,1,RS,0
4,13,127,127,9,1,RS,0
4,13,129,129,9,1,RS,0
4,13,135,135,9,1,RS,0
4,13,137,137,9,1,RS,0
4,13,139,139,9,1,RS,0
4,13,142,142,9,1,RS,0
4,13,144,144,9,1,RS,0
4,13,158,158,9,1,RS,0
4,13,163,163,9,1,RS,0
4,13,233,233,9,1,RS,0
4,13,239,239,9,1,RS,0
4,13,250,251,9,2,RS,0
4,13,254,254,9,1,RS,0
4,13,267,267,9,1,RS,0
4,13,279,279,9,1,RS,0
4,13,281,285,9,5,RS,0
4,13,287,289,9,3,RS,0
4,13,291,293,9,3,RS,0
4,13,299,301,9,3,RS,0
4,13,305,305,9,1,RS,0
4,14,145,145,1,1,AC,0
4,14,150,153,1,4,AC,0
4,14,155,210,1,56,AC,0
4,14,212,221,1,10,AC,0
4,14,223,245,1,23,AC,0
4,14,247,252,1,6,AC,0
4,14,154,158,2,5,BW,0
4,14,163,164,2,2,BW,0
4,14,175,175,2,1,BW,0
4,14,189,192,2,4,BW,0
4,14,126,130,3,5,HV,0
4,14,135,141,3,7,HV,0
4,14,143,145,3,3,HV,0
4,14,150,151,3,2,HV,0
4,14,153,160,3,8,HV,0
4,14,162,205,3,44,HV,0
4,14,212,212,3,1,HV,0
4,14,221,221,3,1,HV,0
4,14,223,226,3,4,HV,0
4,14,228,239,3,12,HV,0
4,14,241,251,3,11,HV,0
4,14,253,254,3,2,HV,0
4,14,257,259,3,3,HV,0
4,14,272,272,3,1,HV,0
4,14,39,40,4,2,PC,0
4,14,58,58,4,1,PC,0
4,14,60,62,4,3,PC,0
4,14,65,68,4,4,PC,0
4,14,72,88,4,17,PC,0
4,14,91,97,4,7,PC,0
4,14,101,104,4,4,PC,0
4,14,113,115,4,3,PC,0
4,14,120,120,5,1,RCL,0
4,14,128,130,5,3,RCL,0
4,14,135,278,5,144,RCL,0
4,14,282,283,5,2,RCL,0
4,14,292,292,5,1,RCL,0
4,14,100,100,6,1,RS,0
4,14,104,104,6,1,RS,0
4,14,160,167,6,8,RS,0
4,14,170,170,6,1,RS,0
4,14,226,228,6,3,RS,0
4,14,240,243,6,4,RS,0
4,14,245,246,6,2,RS,0
4,14,248,265,6,18,RS,0
4,14,271,271,6,1,RS,0
4,14,273,293,6,21,RS,0
4,14,295,315,6,21,RS,0
4,14,318,318,6,1,RS,0
4,14,321,321,6,1,RS,0
4,15,162,168,1,7,AC,0
4,15,170,170,1,1,AC,0
4,15,173,173,1,1,AC,0
4,15,175,193,1,19,AC,0
4,15,195,195,1,1,AC,0
4,15,197,211,1,15,AC,0
4,15,213,221,1,9,AC,0
4,15,225,225,1,1,AC,0
4,15,124,124,2,1,BV,0
4,15,140,140,2,1,BV,0
4,15,161,163,2,3,BV,0
4,15,165,167,2,3,BV,0
4,15,173,176,2,4,BV,0
4,15,179,180,2,2,BV,0
4,15,195,197,2,3,BV,0
4,15,161,163,3,3,BW,0
4,15,165,167,3,3,BW,0
4,15,173,176,3,4,BW,0
4,15,179,181,3,3,BW,0
4,15,156,156,4,1,GC,0
4,15,163,163,4,1,GC,0
4,15,165,170,4,6,GC,0
4,15,173,176,4,4,GC,0
4,15,178,187,4,10,GC,0
4,15,196,198,4,3,GC,0
4,15,105,106,5,2,HV,0
4,15,110,111,5,2,HV,0
4,15,115,117,5,3,HV,0
4,15,119,120,5,2,HV,0
4,15,123,126,5,4,HV,0
4,15,130,130,5,1,HV,0
4,15,134,136,5,3,HV,0
4,15,139,144,5,6,HV,0
4,15,147,197,5,51,HV,0
4,15,199,200,5,2,HV,0
4,15,203,211,5,9,HV,0
4,15,239,239,5,1,HV,0
4,15,22,22,6,1,PC,0
4,15,33,33,6,1,PC,0
4,15,44,55,6,12,PC,0
4,15,57,59,6,3,PC,0
4,15,61,62,6,2,PC,0
4,15,64,80,6,17,PC,0
4,15,82,82,6,1,PC,0
4,15,86,90,6,5,PC,0
4,15,93,108,6,16,PC,0
4,15,110,110,6,1,PC,0
4,15,73,73,7,1,PT,0
4,15,76,76,7,1,PT,0
4,15,78,79,7,2,PT,0
4,15,110,110,8,1,RCL,0
4,15,115,122,8,8,RCL,0
4,15,124,220,8,97,RCL,0
4,15,222,223,8,2,RCL,0
4,15,225,227,8,3,RCL,0
4,15,233,233,8,1,RCL,0
4,15,240,245,8,6,RCL,0
4,15,251,254,8,4,RCL,0
4,15,256,257,8,2,RCL,0
4,15,259,259,8,1,RCL,0
4,15,261,270,8,10,RCL,0
4,15,66,66,9,1,RS,0
4,15,105,105,9,1,RS,0
4,15,107,111,9,5,RS,0
4,15,123,124,9,2,RS,0
4,15,127,128,9,2,RS,0
4,15,140,142,9,3,RS,0
4,15,144,155,9,12,RS,0
4,15,158,161,9,4,RS,0
4,15,165,176,9,12,RS,0
4,15,178,180,9,3,RS,0
4,15,184,184,9,1,RS,0
4,15,196,198,9,3,RS,0
4,15,262,262,9,1,RS,0
4,15,268,268,9,1,RS,0
4,15,273,273,9,1,RS,0
4,15,287,292,9,6,RS,0
4,15,294,295,9,2,RS,0
4,15,297,297,9,1,RS,0
4,15,299,301,9,3,RS,0
4,15,304,304,9,1,RS,0
4,15,309,309,9,1,RS,0
4,15,311,312,9,2,RS,0
4,15,331,332,9,2,RS,0
4,15,349,351,9,3,RS,0
4,16,134,135,1,2,AC,0
4,16,137,137,1,1,AC,0
4,16,142,149,1,8,AC,0
4,16,154,163,1,10,AC,0
4,16,165,172,1,8,AC,0
4,16,174,216,1,43,AC,0
4,16,218,218,1,1,AC,0
4,16,220,220,1,1,AC,0
4,16,238,241,1,4,AC,0
4,16,243,243,1,1,AC,0
4,16,249,251,1,3,AC,0
4,16,254,254,1,1,AC,0
4,16,147,148,2,2,BV,0
4,16,148,148,3,1,GC,0
4,16,176,177,3,2,GC,0
4,16,183,185,3,3,GC,0
4,16,192,192,3,1,GC,0
4,16,254,254,3,1,GC,0
4,16,97,97,4,1,HV,0
4,16,101,102,4,2,HV,0
4,16,113,113,4,1,HV,0
4,16,136,139,4,4,HV,0
4,16,142,149,4,8,HV,0
4,16,152,160,4,9,HV,0
4,16,162,165,4,4,HV,0
4,16,168,188,4,21,HV,0
4,16,191,192,4,2,HV,0
4,16,234,234,4,1,HV,0
4,16,243,244,4,2,HV,0
4,16,246,248,4,3,HV,0
4,16,250,264,4,15,HV,0
4,16,266,266,4,1,HV,0
4,16,270,270,4,1,HV,0
4,16,6,6,5,1,PC,0
4,16,21,21,5,1,PC,0
4,16,23,23,5,1,PC,0
4,16,26,27,5,2,PC,0
4,16,33,35,5,3,PC,0
4,16,40,41,5,2,PC,0
4,16,48,48,5,1,PC,0
4,16,51,52,5,2,PC,0
4,16,56,56,5,1,PC,0
4,16,59,60,5,2,PC,0
4,16,70,73,5,4,PC,0
4,16,79,81,5,3,PC,0
4,16,83,83,5,1,PC,0
4,16,85,88,5,4,PC,0
4,16,93,93,5,1,PC,0
4,16,95,100,5,6,PC,0
4,16,136,165,6,30,RCL,0
4,16,168,172,6,5,RCL,0
4,16,175,195,6,21,RCL,0
4,16,197,208,6,12,RCL,0
4,16,211,214,6,4,RCL,0
4,16,216,216,6,1,RCL,0
4,16,223,223,6,1,RCL,0
4,16,237,237,6,1,RCL,0
4,16,255,260,6,6,RCL,0
4,16,262,267,6,6,RCL,0
4,16,33,33,7,1,RS,0
4,16,97,99,7,3,RS,0
4,16,101,101,7,1,RS,0
4,16,145,151,7,7,RS,0
4,16,176,176,7,1,RS,0
4,16,250,273,7,24,RS,0
4,16,281,285,7,5,RS,0
4,16,287,287,7,1,RS,0
4,16,292,293,7,2,RS,0
4,16,295,295,7,1,RS,0
4,16,315,316,7,2,RS,0
4,17,137,137,1,1,AC,0
4,17,143,143,1,1,AC,0
4,17,145,146,1,2,AC,0
4,17,148,151,1,4,AC,0
4,17,157,158,1,2,AC,0
4,17,162,162,1,1,AC,0
4,17,166,168,1,3,AC,0
4,17,170,170,1,1,AC,0
4,17,173,178,1,6,AC,0
4,17,180,183,1,4,AC,0
4,17,186,187,1,2,AC,0
4,17,189,205,1,17,AC,0
4,17,207,233,1,27,AC,0
4,17,167,167,2,1,BV,0
4,17,170,170,2,1,BV,0
4,17,172,179,2,8,BV,0
4,17,183,183,2,1,BV,0
4,17,185,188,2,4,BV,0
4,17,201,202,2,2,BV,0
4,17,204,204,2,1,BV,0
4,17,207,207,2,1,BV,0
4,17,210,210,2,1,BV,0
4,17,213,213,2,1,BV,0
4,17,218,219,2,2,BV,0
4,17,223,224,2,2,BV,0
4,17,227,227,2,1,BV,0
4,17,232,233,2,2,BV,0
4,17,173,178,3,6,BW,0
4,17,172,178,4,7,GC,0
4,17,180,180,4,1,GC,0
4,17,232,233,4,2,GC,0
4,17,240,242,4,3,GC,0
4,17,248,249,4,2,GC,0
4,17,256,257,4,2,GC,0
4,17,265,265,4,1,GC,0
4,17,267,267,4,1,GC,0
4,17,270,270,4,1,GC,0
4,17,95,95,5,1,HV,0
4,17,112,112,5,1,HV,0
4,17,119,120,5,2,HV,0
4,17,127,127,5,1,HV,0
4,17,137,137,5,1,HV,0
4,17,145,146,5,2,HV,0
4,17,150,150,5,1,HV,0
4,17,158,158,5,1,HV,0
4,17,161,161,5,1,HV,0
4,17,167,168,5,2,HV,0
4,17,170,170,5,1,HV,0
4,17,172,178,5,7,HV,0
4,17,180,183,5,4,HV,0
4,17,186,187,5,2,HV,0
4,17,192,193,5,2,HV,0
4,17,195,195,5,1,HV,0
4,17,200,200,5,1,HV,0
4,17,217,217,5,1,HV,0
4,17,223,227,5,5,HV,0
4,17,231,233,5,3,HV,0
4,17,236,236,5,1,HV,0
4,17,239,241,5,3,HV,0
4,17,245,254,5,10,HV,0
4,17,256,257,5,2,HV,0
4,17,260,260,5,1,HV,0
4,17,262,262,5,1,HV,0
4,17,265,266,5,2,HV,0
4,17,269,270,5,2,HV,0
4,17,13,13,6,1,PC,0
4,17,20,20,6,1,PC,0
4,17,22,22,6,1,PC,0
4,17,28,28,6,1,PC,0
4,17,40,42,6,3,PC,0
4,17,44,48,6,5,PC,0
4,17,51,51,6,1,PC,0
4,17,58,59,6,2,PC,0
4,17,72,82,6,11,PC,0
4,17,90,93,6,4,PC,0
4,17,97,97,6,1,PC,0
4,17,119,120,6,2,PC,0
4,17,357,357,6,1,PC,0
4,17,115,115,7,1,RCL,0
4,17,117,117,7,1,RCL,0
4,17,121,121,7,1,RCL,0
4,17,124,124,7,1,RCL,0
4,17,127,131,7,5,RCL,0
4,17,133,138,7,6,RCL,0
4,17,149,150,7,2,RCL,0
4,17,155,155,7,1,RCL,0
4,17,157,159,7,3,RCL,0
4,17,161,162,7,2,RCL,0
4,17,164,164,7,1,RCL,0
4,17,166,168,7,3,RCL,0
4,17,172,187,7,16,RCL,0
4,17,189,199,7,11,RCL,0
4,17,201,206,7,6,RCL,0
4,17,208,217,7,10,RCL,0
4,17,219,240,7,22,RCL,0
4,17,242,245,7,4,RCL,0
4,17,263,263,7,1,RCL,0
4,17,266,267,7,2,RCL,0
4,17,269,278,7,10,RCL,0
4,17,43,44,8,2,RS,0
4,17,47,49,8,3,RS,0
4,17,59,60,8,2,RS,0
4,17,63,64,8,2,RS,0
4,17,76,79,8,4,RS,0
4,17,160,160,8,1,RS,0
4,17,176,177,8,2,RS,0
4,17,248,249,8,2,RS,0
4,17,256,257,8,2,RS,0
4,17,266,285,8,20,RS,0
4,17,290,290,8,1,RS,0
4,17,295,295,8,1,RS,0
4,17,298,301,8,4,RS,0
4,17,324,325,8,2,RS,0
4,17,333,335,8,3,RS,0
4,17,353,353,8,1,RS,0
4,18,173,174,1,2,BV,0
4,18,182,183,1,2,BV,0
4,18,239,239,2,1,BW,0
4,18,239,239,3,1,GC,0
4,18,104,104,4,1,HV,0
4,18,108,112,4,5,HV,0
4,18,115,115,4,1,HV,0
4,18,117,119,4,3,HV,0
4,18,129,130,4,2,HV,0
4,18,134,134,4,1,HV,0
4,18,149,151,4,3,HV,0
4,18,156,156,4,1,HV,0
4,18,167,168,4,2,HV,0
4,18,182,183,4,2,HV,0
4,18,203,205,4,3,HV,0
4,18,207,207,4,1,HV,0
4,18,209,209,4,1,HV,0
4,18,211,211,4,1,HV,0
4,18,214,215,4,2,HV,0
4,18,224,224,4,1,HV,0
4,18,226,226,4,1,HV,0
4,18,233,236,4,4,HV,0
4,18,239,240,4,2,HV,0
4,18,242,243,4,2,HV,0
4,18,263,265,4,3,HV,0
4,18,267,268,4,2,HV,0
4,18,272,272,4,1,HV,0
4,18,34,38,5,5,PC,0
4,18,42,42,5,1,PC,0
4,18,46,48,5,3,PC,0
4,18,52,52,5,1,PC,0
4,18,55,55,5,1,PC,0
4,18,58,59,5,2,PC,0
4,18,62,62,5,1,PC,0
4,18,64,64,5,1,PC,0
4,18,67,68,5,2,PC,0
4,18,72,72,5,1,PC,0
4,18,74,74,5,1,PC,0
4,18,76,77,5,2,PC,0
4,18,79,91,5,13,PC,0
4,18,95,96,5,2,PC,0
4,18,103,105,5,3,PC,0
4,18,114,116,5,3,PC,0
4,18,116,118,6,3,RCL,0
4,18,120,123,6,4,RCL,0
4,18,129,129,6,1,RCL,0
4,18,133,133,6,1,RCL,0
4,18,135,225,6,91,RCL,0
4,18,227,227,6,1,RCL,0
4,18,230,238,6,9,RCL,0
4,18,240,245,6,6,RCL,0
4,18,248,250,6,3,RCL,0
4,18,252,269,6,18,RCL,0
4,18,271,272,6,2,RCL,0
4,18,274,275,6,2,RCL,0
4,18,34,34,7,1,RS,0
4,18,37,37,7,1,RS,0
4,18,46,50,7,5,RS,0
4,18,52,53,7,2,RS,0
4,18,72,74,7,3,RS,0
4,18,79,79,7,1,RS,0
4,18,81,88,7,8,RS,0
4,18,94,95,7,2,RS,0
4,18,104,109,7,6,RS,0
4,18,115,128,7,14,RS,0
4,18,236,236,7,1,RS,0
4,18,279,279,7,1,RS,0
4,18,281,284,7,4,RS,0
4,18,293,294,7,2,RS,0
4,18,318,318,7,1,RS,0
4,19,166,167,1,2,BW,0
4,19,153,153,2,1,GC,0
4,19,164,164,2,1,GC,0
4,19,166,173,2,8,GC,0
4,19,177,177,2,1,GC,0
4,19,181,185,2,5,GC,0
4,19,195,199,2,5,GC,0
4,19,202,203,2,2,GC,0
4,19,205,205,2,1,GC,0
4,19,210,210,2,1,GC,0
4,19,238,238,2,1,GC,0
4,19,240,241,2,2,GC,0
4,19,99,99,3,1,HV,0
4,19,124,125,3,2,HV,0
4,19,134,134,3,1,HV,0
4,19,138,139,3,2,HV,0
4,19,145,146,3,2,HV,0
4,19,149,154,3,6,HV,0
4,19,156,156,3,1,HV,0
4,19,160,175,3,16,HV,0
4,19,177,180,3,4,HV,0
4,19,182,184,3,3,HV,0
4,19,193,196,3,4,HV,0
4,19,212,212,3,1,HV,0
4,19,219,219,3,1,HV,0
4,19,222,225,3,4,HV,0
4,19,237,239,3,3,HV,0
4,19,242,247,3,6,HV,0
4,19,249,249,3,1,HV,0
4,19,52,53,4,2,PC,0
4,19,55,55,4,1,PC,0
4,19,57,61,4,5,PC,0
4,19,63,63,4,1,PC,0
4,19,65,65,4,1,PC,0
4,19,68,73,4,6,PC,0
4,19,79,88,4,10,PC,0
4,19,94,94,4,1,PC,0
4,19,99,100,4,2,PC,0
4,19,123,125,4,3,PC,0
4,19,93,93,5,1,RCL,0
4,19,111,111,5,1,RCL,0
4,19,124,126,5,3,RCL,0
4,19,128,128,5,1,RCL,0
4,19,132,132,5,1,RCL,0
4,19,134,155,5,22,RCL,0
4,19,157,169,5,13,RCL,0
4,19,171,182,5,12,RCL,0
4,19,184,193,5,10,RCL,0
4,19,195,206,5,12,RCL,0
4,19,208,251,5,44,RCL,0
4,19,254,257,5,4,RCL,0
4,19,259,265,5,7,RCL,0
4,19,267,269,5,3,RCL,0
4,19,271,271,5,1,RCL,0
4,19,275,275,5,1,RCL,0
4,19,68,69,6,2,RS,0
4,19,73,74,6,2,RS,0
4,19,81,87,6,7,RS,0
4,19,93,93,6,1,RS,0
4,19,269,269,6,1,RS,0
4,19,277,277,6,1,RS,0
4,19,280,281,6,2,RS,0
4,19,283,283,6,1,RS,0
4,19,285,285,6,1,RS,0
4,19,288,291,6,4,RS,0
4,19,299,299,6,1,RS,0
4,19,305,306,6,2,RS,0
4,19,310,310,6,1,RS,0
4,20,203,205,1,3,GC,0
4,20,231,231,1,1,GC,0
4,20,233,233,1,1,GC,0
4,20,257,257,1,1,GC,0
4,20,142,142,2,1,HV,0
4,20,144,146,2,3,HV,0
4,20,148,151,2,4,HV,0
4,20,168,169,2,2,HV,0
4,20,172,174,2,3,HV,0
4,20,184,187,2,4,HV,0
4,20,197,199,2,3,HV,0
4,20,202,204,2,3,HV,0
4,20,206,206,2,1,HV,0
4,20,226,226,2,1,HV,0
4,20,228,228,2,1,HV,0
4,20,231,233,2,3,HV,0
4,20,253,253,2,1,HV,0
4,20,257,257,2,1,HV,0
4,20,341,341,2,1,HV,0
4,20,11,11,3,1,PC,0
4,20,29,29,3,1,PC,0
4,20,42,42,3,1,PC,0
4,20,50,52,3,3,PC,0
4,20,55,55,3,1,PC,0
4,20,62,62,3,1,PC,0
4,20,67,68,3,2,PC,0
4,20,70,74,3,5,PC,0
4,20,76,78,3,3,PC,0
4,20,80,80,3,1,PC,0
4,20,82,82,3,1,PC,0
4,20,96,97,3,2,PC,0
4,20,108,108,3,1,PC,0
4,20,356,356,3,1,PC,0
4,20,127,128,4,2,RCL,0
4,20,134,134,4,1,RCL,0
4,20,137,142,4,6,RCL,0
4,20,148,153,4,6,RCL,0
4,20,158,159,4,2,RCL,0
4,20,161,214,4,54,RCL,0
4,20,216,230,4,15,RCL,0
4,20,232,265,4,34,RCL,0
4,20,267,274,4,8,RCL,0
4,20,324,324,5,1,RS,0
4,20,326,326,5,1,RS,0
4,21,147,147,1,1,GC,0
4,21,149,150,1,2,GC,0
4,21,169,171,1,3,GC,0
4,21,173,174,1,2,GC,0
4,21,176,176,1,1,GC,0
4,21,180,180,1,1,GC,0
4,21,183,184,1,2,GC,0
4,21,186,187,1,2,GC,0
4,21,190,190,1,1,GC,0
4,21,195,196,1,2,GC,0
4,21,200,200,1,1,GC,0
4,21,220,222,1,3,GC,0
4,21,241,241,1,1,GC,0
4,21,147,150,2,4,HV,0
4,21,154,158,2,5,HV,0
4,21,160,210,2,51,HV,0
4,21,212,213,2,2,HV,0
4,21,219,221,2,3,HV,0
4,21,224,224,2,1,HV,0
4,21,227,227,2,1,HV,0
4,21,237,238,2,2,HV,0
4,21,240,242,2,3,HV,0
4,21,257,258,2,2,HV,0
4,21,53,53,3,1,PC,0
4,21,79,79,3,1,PC,0
4,21,82,84,3,3,PC,0
4,21,88,91,3,4,PC,0
4,21,101,101,3,1,PC,0
4,21,109,110,3,2,PC,0
4,21,133,135,3,3,PC,0
4,21,141,141,3,1,PC,0
4,21,148,149,3,2,PC,0
4,21,129,129,4,1,RCL,0
4,21,140,141,4,2,RCL,0
4,21,143,177,4,35,RCL,0
4,21,179,218,4,40,RCL,0
4,21,220,231,4,12,RCL,0
4,21,234,234,4,1,RCL,0
4,21,237,247,4,11,RCL,0
4,21,251,252,4,2,RCL,0
4,21,254,262,4,9,RCL,0
4,21,265,266,4,2,RCL,0
4,21,82,84,5,3,RS,0
4,21,148,153,5,6,RS,0
4,21,157,161,5,5,RS,0
4,21,166,169,5,4,RS,0
4,22,210,210,1,1,GC,0
4,22,260,263,2,4,HV,0
4,22,265,265,2,1,HV,0
4,22,274,275,2,2,HV,0
4,22,277,277,2,1,HV,0
4,22,35,35,3,1,PC,0
4,22,74,74,3,1,PC,0
4,22,79,79,3,1,PC,0
4,22,95,97,3,3,PC,0
4,22,100,103,3,4,PC,0
4,22,107,110,3,4,PC,0
4,22,124,124,4,1,RCL,0
4,22,133,133,4,1,RCL,0
4,22,140,140,4,1,RCL,0
4,22,143,148,4,6,RCL,0
4,22,150,167,4,18,RCL,0
4,22,169,170,4,2,RCL,0
4,22,172,182,4,11,RCL,0
4,22,221,221,4,1,RCL,0
4,22,257,281,4,25,RCL,0
4,22,283,283,4,1,RCL,0
4,22,111,111,5,1,RP,0
4,22,99,99,6,1,RS,0
4,22,101,104,6,4,RS,0
4,22,108,111,6,4,RS,0
4,22,279,281,6,3,RS,0
4,22,283,305,6,23,RS,0
4,22,308,310,6,3,RS,0
4,22,312,312,6,1,RS,0
4,22,314,315,6,2,RS,0
4,23,25,25,1,1,PC,0
4,23,8,8,2,1,RS,0
4,23,27,27,2,1,RS,0
5,1,129,129,1,1,AC,0
5,1,119,122,2,4,BW,0
5,1,173,173,2,1,BW,0
5,1,175,176,2,2,BW,0
5,1,183,188,2,6,BW,0
5,1,193,194,2,2,BW,0
5,1,205,205,2,1,BW,0
5,1,269,269,2,1,BW,0
5,1,272,272,2,1,BW,0
5,1,186,194,3,9,GC,0
5,1,198,198,3,1,GC,0
5,1,205,205,3,1,GC,0
5,1,176,176,4,1,HC,0
5,1,177,181,5,5,HV,0
5,1,184,194,5,11,HV,0
5,1,198,198,5,1,HV,0
5,1,205,205,5,1,HV,0
5,1,219,219,5,1,HV,0
5,1,226,226,5,1,HV,0
5,1,247,248,5,2,HV,0
5,1,226,226,6,1,RCA,0
5,1,233,233,6,1,RCA,0
5,1,235,235,6,1,RCA,0
5,1,247,248,6,2,RCA,0
5,1,254,254,6,1,RCA,0
5,1,260,260,6,1,RCA,0
5,1,129,131,7,3,RCL,0
5,1,133,133,7,1,RCL,0
5,1,140,140,7,1,RCL,0
5,1,142,142,7,1,RCL,0
5,1,144,144,7,1,RCL,0
5,1,163,194,7,32,RCL,0
5,1,198,198,7,1,RCL,0
5,1,205,205,7,1,RCL,0
5,1,219,219,7,1,RCL,0
5,1,226,226,7,1,RCL,0
5,1,233,236,7,4,RCL,0
5,1,240,240,7,1,RCL,0
5,1,247,248,7,2,RCL,0
5,1,254,278,7,25,RCL,0
5,1,280,288,7,9,RCL,0
5,1,312,312,7,1,RCL,0
5,1,79,80,8,2,RP,0
5,1,82,85,8,4,RP,0
5,1,90,90,8,1,RP,0
5,1,95,95,8,1,RP,0
5,1,97,98,8,2,RP,0
5,1,102,102,8,1,RP,0
5,1,187,187,9,1,RS,0
5,1,190,192,9,3,RS,0
5,1,194,194,9,1,RS,0
5,1,254,295,9,42,RS,0
5,1,327,327,9,1,RS,0
5,2,127,128,1,2,BW,0
5,2,149,149,1,1,BW,0
5,2,152,153,1,2,BW,0
5,2,174,175,1,2,BW,0
5,2,187,188,1,2,BW,0
5,2,204,207,1,4,BW,0
5,2,186,186,2,1,GC,0
5,2,140,141,3,2,HC,0
5,2,153,153,3,1,HC,0
5,2,189,189,3,1,HC,0
5,2,210,214,3,5,HC,0
5,2,216,217,3,2,HC,0
5,2,125,125,4,1,HV,0
5,2,144,144,4,1,HV,0
5,2,146,149,4,4,HV,0
5,2,151,159,4,9,HV,0
5,2,162,162,4,1,HV,0
5,2,175,175,4,1,HV,0
5,2,186,196,4,11,HV,0
5,2,204,205,4,2,HV,0
5,2,207,207,4,1,HV,0
5,2,209,217,4,9,HV,0
5,2,232,236,4,5,HV,0
5,2,78,79,5,2,PC,0
5,2,78,79,6,2,PT,0
5,2,82,82,6,1,PT,0
5,2,106,106,6,1,PT,0
5,2,157,161,7,5,RCA,0
5,2,163,163,7,1,RCA,0
5,2,172,172,7,1,RCA,0
5,2,186,190,7,5,RCA,0
5,2,196,196,7,1,RCA,0
5,2,214,214,7,1,RCA,0
5,2,116,116,8,1,RCL,0
5,2,118,119,8,2,RCL,0
5,2,125,175,8,51,RCL,0
5,2,183,196,8,14,RCL,0
5,2,204,217,8,14,RCL,0
5,2,232,236,8,5,RCL,0
5,2,239,260,8,22,RCL,0
5,2,267,285,8,19,RCL,0
5,2,97,97,9,1,RP,0
5,2,99,106,9,8,RP,0
5,2,108,119,9,12,RP,0
5,2,3,3,10,1,RS,0
5,2,54,54,10,1,RS,0
5,2,68,68,10,1,RS,0
5,2,73,73,10,1,RS,0
5,2,79,82,10,4,RS,0
5,2,87,87,10,1,RS,0
5,2,94,94,10,1,RS,0
5,2,97,106,10,10,RS,0
5,2,108,111,10,4,RS,0
5,2,114,119,10,6,RS,0
5,2,125,137,10,13,RS,0
5,2,139,139,10,1,RS,0
5,2,141,141,10,1,RS,0
5,2,205,211,10,7,RS,0
5,2,233,236,10,4,RS,0
5,2,239,239,10,1,RS,0
5,2,267,283,10,17,RS,0
5,2,285,291,10,7,RS,0
5,2,307,307,10,1,RS,0
5,2,310,310,10,1,RS,0
5,3,150,150,1,1,BW,0
5,3,154,154,1,1,BW,0
5,3,190,192,1,3,BW,0
5,3,195,195,1,1,BW,0
5,3,231,232,1,2,BW,0
5,3,154,154,2,1,HC,0
5,3,225,229,2,5,HC,0
5,3,231,235,2,5,HC,0
5,3,238,239,2,2,HC,0
5,3,243,243,2,1,HC,0
5,3,190,192,3,3,HV,0
5,3,194,235,3,42,HV,0
5,3,136,138,4,3,RCL,0
5,3,140,142,4,3,RCL,0
5,3,147,154,4,8,RCL,0
5,3,161,259,4,99,RCL,0
5,3,102,108,5,7,RP,0
5,3,194,195,6,2,RS,0
5,3,246,249,6,4,RS,0
5,3,280,299,6,20,RS,0
5,4,183,183,1,1,BV,0
5,4,135,136,2,2,BW,0
5,4,147,148,2,2,BW,0
5,4,154,157,2,4,BW,0
5,4,164,164,2,1,BW,0
5,4,172,174,2,3,BW,0
5,4,181,183,2,3,BW,0
5,4,187,188,2,2,BW,0
5,4,195,197,2,3,BW,0
5,4,202,203,2,2,BW,0
5,4,206,211,2,6,BW,0
5,4,224,230,2,7,BW,0
5,4,234,236,2,3,BW,0
5,4,160,160,3,1,GC,0
5,4,165,191,3,27,GC,0
5,4,196,198,3,3,GC,0
5,4,206,206,3,1,GC,0
5,4,208,217,3,10,GC,0
5,4,223,225,3,3,GC,0
5,4,229,229,3,1,GC,0
5,4,219,219,4,1,HC,0
5,4,147,148,5,2,HV,0
5,4,154,157,5,4,HV,0
5,4,160,160,5,1,HV,0
5,4,162,164,5,3,HV,0
5,4,169,178,5,10,HV,0
5,4,182,185,5,4,HV,0
5,4,187,191,5,5,HV,0
5,4,196,198,5,3,HV,0
5,4,200,200,5,1,HV,0
5,4,202,222,5,21,HV,0
5,4,224,224,5,1,HV,0
5,4,234,244,5,11,HV,0
5,4,246,250,5,5,HV,0
5,4,90,90,6,1,PC,0
5,4,188,188,7,1,RCA,0
5,4,195,195,7,1,RCA,0
5,4,197,197,7,1,RCA,0
5,4,201,201,7,1,RCA,0
5,4,212,215,7,4,RCA,0
5,4,106,106,8,1,RCL,0
5,4,111,117,8,7,RCL,0
5,4,119,122,8,4,RCL,0
5,4,125,125,8,1,RCL,0
5,4,127,130,8,4,RCL,0
5,4,132,277,8,146,RCL,0
5,4,327,327,8,1,RCL,0
5,4,81,81,9,1,RP,0
5,4,86,86,9,1,RP,0
5,4,94,96,9,3,RP,0
5,4,99,99,9,1,RP,0
5,4,101,101,9,1,RP,0
5,4,107,111,9,5,RP,0
5,4,113,117,9,5,RP,0
5,4,126,126,9,1,RP,0
5,4,129,130,9,2,RP,0
5,4,132,132,9,1,RP,0
5,4,137,138,9,2,RP,0
5,4,88,89,10,2,RS,0
5,4,162,165,10,4,RS,0
5,4,204,301,10,98,RS,0
5,4,303,309,10,7,RS,0
5,4,311,312,10,2,RS,0
5,4,314,314,10,1,RS,0
5,4,319,320,10,2,RS,0
5,4,322,322,10,1,RS,0
5,4,334,335,10,2,RS,0
5,4,342,342,10,1,RS,0
5,4,355,355,10,1,RS,0
5,5,167,167,1,1,BV,0
5,5,186,186,1,1,BV,0
5,5,211,212,1,2,BV,0
5,5,245,245,1,1,BV,0
5,5,156,157,2,2,BW,0
5,5,165,167,2,3,BW,0
5,5,186,187,2,2,BW,0
5,5,200,202,2,3,BW,0
5,5,208,209,2,2,BW,0
5,5,211,212,2,2,BW,0
5,5,219,220,2,2,BW,0
5,5,244,246,2,3,BW,0
5,5,186,188,3,3,GC,0
5,5,188,188,4,1,HC,0
5,5,193,193,4,1,HC,0
5,5,205,208,4,4,HC,0
5,5,212,213,4,2,HC,0
5,5,217,218,4,2,HC,0
5,5,223,223,4,1,HC,0
5,5,225,227,4,3,HC,0
5,5,156,156,5,1,HV,0
5,5,186,188,5,3,HV,0
5,5,191,191,5,1,HV,0
5,5,214,214,5,1,HV,0
5,5,37,37,6,1,PC,0
5,5,168,168,7,1,RCA,0
5,5,188,189,7,2,RCA,0
5,5,191,191,7,1,RCA,0
5,5,193,193,7,1,RCA,0
5,5,116,277,8,162,RCL,0
5,5,74,74,9,1,RP,0
5,5,77,93,9,17,RP,0
5,5,74,74,10,1,RS,0
5,5,77,77,10,1,RS,0
5,5,81,81,10,1,RS,0
5,5,94,94,10,1,RS,0
5,5,109,123,10,15,RS,0
5,5,137,139,10,3,RS,0
5,5,280,282,10,3,RS,0
5,5,284,284,10,1,RS,0
5,5,286,287,10,2,RS,0
5,5,289,289,10,1,RS,0
5,5,295,300,10,6,RS,0
5,6,198,198,1,1,AC,0
5,6,155,156,2,2,BV,0
5,6,196,197,2,2,BV,0
5,6,148,148,3,1,BW,0
5,6,153,156,3,4,BW,0
5,6,180,182,3,3,BW,0
5,6,195,197,3,3,BW,0
5,6,234,235,3,2,BW,0
5,6,246,246,3,1,BW,0
5,6,155,157,4,3,HV,0
5,6,196,198,4,3,HV,0
5,6,246,247,4,2,HV,0
5,6,249,249,4,1,HV,0
5,6,261,261,4,1,HV,0
5,6,136,136,5,1,RCA,0
5,6,139,140,5,2,RCA,0
5,6,179,179,5,1,RCA,0
5,6,217,218,5,2,RCA,0
5,6,237,237,5,1,RCA,0
5,6,240,240,5,1,RCA,0
5,6,130,130,6,1,RCL,0
5,6,135,137,6,3,RCL,0
5,6,139,145,6,7,RCL,0
5,6,147,194,6,48,RCL,0
5,6,196,205,6,10,RCL,0
5,6,208,208,6,1,RCL,0
5,6,210,233,6,24,RCL,0
5,6,235,241,6,7,RCL,0
5,6,248,260,6,13,RCL,0
5,6,263,264,6,2,RCL,0
5,6,266,280,6,15,RCL,0
5,6,94,97,7,4,RP,0
5,6,99,101,7,3,RP,0
5,6,103,104,7,2,RP,0
5,6,54,56,8,3,RS,0
5,6,59,64,8,6,RS,0
5,6,72,72,8,1,RS,0
5,6,74,74,8,1,RS,0
5,6,82,82,8,1,RS,0
5,6,86,93,8,8,RS,0
5,6,96,98,8,3,RS,0
5,6,107,121,8,15,RS,0
5,6,278,278,8,1,RS,0
5,6,282,282,8,1,RS,0
5,6,288,289,8,2,RS,0
5,6,302,306,8,5,RS,0
5,6,311,314,8,4,RS,0
5,6,316,317,8,2,RS,0
5,6,321,321,8,1,RS,0
5,6,323,323,8,1,RS,0
5,6,327,328,8,2,RS,0
5,7,212,212,1,1,AC,0
5,7,214,215,2,2,BV,0
5,7,114,115,3,2,BW,0
5,7,137,139,3,3,BW,0
5,7,145,146,3,2,BW,0
5,7,149,149,3,1,BW,0
5,7,151,151,3,1,BW,0
5,7,170,171,3,2,BW,0
5,7,178,180,3,3,BW,0
5,7,192,195,3,4,BW,0
5,7,198,198,3,1,BW,0
5,7,201,204,3,4,BW,0
5,7,208,208,3,1,BW,0
5,7,211,215,3,5,BW,0
5,7,220,220,3,1,BW,0
5,7,222,223,3,2,BW,0
5,7,227,228,3,2,BW,0
5,7,233,237,3,5,BW,0
5,7,240,242,3,3,BW,0
5,7,151,154,4,4,GC,0
5,7,159,161,4,3,GC,0
5,7,171,171,4,1,GC,0
5,7,179,180,4,2,GC,0
5,7,183,190,4,8,GC,0
5,7,192,198,4,7,GC,0
5,7,202,202,4,1,GC,0
5,7,204,205,4,2,GC,0
5,7,214,221,4,8,GC,0
5,7,223,224,4,2,GC,0
5,7,229,230,4,2,GC,0
5,7,149,155,5,7,HV,0
5,7,159,159,5,1,HV,0
5,7,193,230,5,38,HV,0
5,7,232,233,5,2,HV,0
5,7,235,239,5,5,HV,0
5,7,244,245,5,2,HV,0
5,7,77,77,6,1,PC,0
5,7,100,100,6,1,PC,0
5,7,151,151,7,1,RCA,0
5,7,155,156,7,2,RCA,0
5,7,158,158,7,1,RCA,0
5,7,160,160,7,1,RCA,0
5,7,169,177,7,9,RCA,0
5,7,179,182,7,4,RCA,0
5,7,184,184,7,1,RCA,0
5,7,186,193,7,8,RCA,0
5,7,195,195,7,1,RCA,0
5,7,197,203,7,7,RCA,0
5,7,208,209,7,2,RCA,0
5,7,215,215,7,1,RCA,0
5,7,217,239,7,23,RCA,0
5,7,241,241,7,1,RCA,0
5,7,243,250,7,8,RCA,0
5,7,308,308,7,1,RCA,0
5,7,321,321,7,1,RCA,0
5,7,100,101,8,2,RCL,0
5,7,105,108,8,4,RCL,0
5,7,110,123,8,14,RCL,0
5,7,126,127,8,2,RCL,0
5,7,129,130,8,2,RCL,0
5,7,134,282,8,149,RCL,0
5,7,98,100,9,3,RP,0
5,7,102,110,9,9,RP,0
5,7,113,113,9,1,RP,0
5,7,40,40,10,1,RS,0
5,7,52,52,10,1,RS,0
5,7,63,63,10,1,RS,0
5,7,65,70,10,6,RS,0
5,7,76,76,10,1,RS,0
5,7,79,89,10,11,RS,0
5,7,93,114,10,22,RS,0
5,7,116,116,10,1,RS,0
5,7,119,122,10,4,RS,0
5,7,127,129,10,3,RS,0
5,7,132,141,10,10,RS,0
5,7,143,145,10,3,RS,0
5,7,147,147,10,1,RS,0
5,7,149,164,10,16,RS,0
5,7,166,177,10,12,RS,0
5,7,180,182,10,3,RS,0
5,7,194,195,10,2,RS,0
5,7,198,200,10,3,RS,0
5,7,202,246,10,45,RS,0
5,7,256,262,10,7,RS,0
5,7,296,310,10,15,RS,0
5,7,313,313,10,1,RS,0
5,7,328,328,10,1,RS,0
5,8,168,168,1,1,BV,0
5,8,190,190,1,1,BV,0
5,8,139,140,2,2,BW,0
5,8,166,168,2,3,BW,0
5,8,177,177,2,1,BW,0
5,8,190,191,2,2,BW,0
5,8,259,260,2,2,BW,0
5,8,190,190,3,1,GC,0
5,8,168,168,4,1,HC,0
5,8,190,191,4,2,HC,0
5,8,195,195,4,1,HC,0
5,8,197,197,4,1,HC,0
5,8,199,199,4,1,HC,0
5,8,201,202,4,2,HC,0
5,8,206,207,4,2,HC,0
5,8,212,215,4,4,HC,0
5,8,217,218,4,2,HC,0
5,8,220,222,4,3,HC,0
5,8,225,225,4,1,HC,0
5,8,227,228,4,2,HC,0
5,8,230,231,4,2,HC,0
5,8,237,237,4,1,HC,0
5,8,239,242,4,4,HC,0
5,8,247,247,4,1,HC,0
5,8,167,177,5,11,HV,0
5,8,190,190,5,1,HV,0
5,8,260,260,5,1,HV,0
5,8,178,178,6,1,RCA,0
5,8,191,191,6,1,RCA,0
5,8,193,193,6,1,RCA,0
5,8,196,202,6,7,RCA,0
5,8,211,211,6,1,RCA,0
5,8,214,214,6,1,RCA,0
5,8,217,217,6,1,RCA,0
5,8,228,232,6,5,RCA,0
5,8,113,114,7,2,RCL,0
5,8,116,121,7,6,RCL,0
5,8,125,159,7,35,RCL,0
5,8,161,203,7,43,RCL,0
5,8,206,222,7,17,RCL,0
5,8,224,251,7,28,RCL,0
5,8,253,281,7,29,RCL,0
5,8,286,288,7,3,RCL,0
5,8,84,85,8,2,RP,0
5,8,87,93,8,7,RP,0
5,8,106,107,8,2,RP,0
5,8,75,75,9,1,RS,0
5,8,77,78,9,2,RS,0
5,8,81,82,9,2,RS,0
5,8,91,92,9,2,RS,0
5,8,104,106,9,3,RS,0
5,8,118,119,9,2,RS,0
5,8,121,121,9,1,RS,0
5,8,124,129,9,6,RS,0
5,8,136,144,9,9,RS,0
5,8,163,163,9,1,RS,0
5,8,249,249,9,1,RS,0
5,8,254,288,9,35,RS,0
5,8,290,292,9,3,RS,0
5,9,157,157,1,1,BV,0
5,9,168,169,1,2,BV,0
5,9,185,186,1,2,BV,0
5,9,189,189,1,1,BV,0
5,9,267,268,1,2,BV,0
5,9,109,109,2,1,BW,0
5,9,126,126,2,1,BW,0
5,9,132,136,2,5,BW,0
5,9,156,157,2,2,BW,0
5,9,167,169,2,3,BW,0
5,9,184,186,2,3,BW,0
5,9,189,190,2,2,BW,0
5,9,225,226,2,2,BW,0
5,9,236,236,2,1,BW,0
5,9,238,240,2,3,BW,0
5,9,250,250,2,1,BW,0
5,9,265,265,2,1,BW,0
5,9,267,268,2,2,BW,0
5,9,172,172,3,1,GC,0
5,9,187,187,3,1,GC,0
5,9,189,191,3,3,GC,0
5,9,157,157,4,1,HC,0
5,9,159,162,4,4,HC,0
5,9,178,179,4,2,HC,0
5,9,190,192,4,3,HC,0
5,9,194,194,4,1,HC,0
5,9,201,201,4,1,HC,0
5,9,206,206,4,1,HC,0
5,9,265,265,4,1,HC,0
5,9,267,267,4,1,HC,0
5,9,135,138,5,4,HV,0
5,9,155,163,5,9,HV,0
5,9,167,169,5,3,HV,0
5,9,189,189,5,1,HV,0
5,9,267,268,5,2,HV,0
5,9,283,283,5,1,HV,0
5,9,290,290,5,1,HV,0
5,9,298,298,5,1,HV,0
5,9,306,306,5,1,HV,0
5,9,103,103,6,1,PC,0
5,9,160,160,7,1,RCA,0
5,9,162,162,7,1,RCA,0
5,9,172,174,7,3,RCA,0
5,9,176,204,7,29,RCA,0
5,9,206,206,7,1,RCA,0
5,9,208,216,7,9,RCA,0
5,9,218,220,7,3,RCA,0
5,9,222,222,7,1,RCA,0
5,9,231,232,7,2,RCA,0
5,9,236,240,7,5,RCA,0
5,9,242,242,7,1,RCA,0
5,9,246,246,7,1,RCA,0
5,9,265,265,7,1,RCA,0
5,9,267,267,7,1,RCA,0
5,9,137,137,8,1,RCL,0
5,9,140,140,8,1,RCL,0
5,9,142,280,8,139,RCL,0
5,9,110,110,9,1,RP,0
5,9,71,71,10,1,RS,0
5,9,76,78,10,3,RS,0
5,9,84,85,10,2,RS,0
5,9,92,96,10,5,RS,0
5,9,104,107,10,4,RS,0
5,9,109,109,10,1,RS,0
5,9,267,272,10,6,RS,0
5,9,274,275,10,2,RS,0
5,9,280,290,10,11,RS,0
5,9,320,320,10,1,RS,0
5,10,182,182,1,1,BV,0
5,10,214,214,1,1,BV,0
5,10,245,245,1,1,BV,0
5,10,146,148,2,3,BW,0
5,10,174,174,2,1,BW,0
5,10,182,183,2,2,BW,0
5,10,187,189,2,3,BW,0
5,10,207,211,2,5,BW,0
5,10,227,228,2,2,BW,0
5,10,235,236,2,2,BW,0
5,10,245,248,2,4,BW,0
5,10,250,253,2,4,BW,0
5,10,211,212,3,2,GC,0
5,10,222,222,3,1,GC,0
5,10,234,236,3,3,GC,0
5,10,245,248,3,4,GC,0
5,10,254,254,3,1,GC,0
5,10,148,148,4,1,HC,0
5,10,165,165,4,1,HC,0
5,10,168,168,4,1,HC,0
5,10,190,190,4,1,HC,0
5,10,192,192,4,1,HC,0
5,10,198,199,4,2,HC,0
5,10,204,205,4,2,HC,0
5,10,210,214,4,5,HC,0
5,10,216,223,4,8,HC,0
5,10,225,227,4,3,HC,0
5,10,229,233,4,5,HC,0
5,10,235,254,4,20,HC,0
5,10,258,258,4,1,HC,0
5,10,209,212,5,4,HV,0
5,10,215,215,5,1,HV,0
5,10,227,227,5,1,HV,0
5,10,234,238,5,5,HV,0
5,10,240,240,5,1,HV,0
5,10,245,253,5,9,HV,0
5,10,95,95,6,1,PT,0
5,10,143,143,7,1,RCA,0
5,10,148,148,7,1,RCA,0
5,10,152,153,7,2,RCA,0
5,10,155,156,7,2,RCA,0
5,10,160,162,7,3,RCA,0
5,10,164,165,7,2,RCA,0
5,10,167,172,7,6,RCA,0
5,10,175,176,7,2,RCA,0
5,10,178,180,7,3,RCA,0
5,10,185,185,7,1,RCA,0
5,10,192,192,7,1,RCA,0
5,10,194,198,7,5,RCA,0
5,10,200,201,7,2,RCA,0
5,10,203,203,7,1,RCA,0
5,10,206,206,7,1,RCA,0
5,10,208,210,7,3,RCA,0
5,10,214,222,7,9,RCA,0
5,10,225,228,7,4,RCA,0
5,10,230,232,7,3,RCA,0
5,10,237,237,7,1,RCA,0
5,10,247,249,7,3,RCA,0
5,10,252,252,7,1,RCA,0
5,10,118,124,8,7,RCL,0
5,10,127,285,8,159,RCL,0
5,10,77,77,9,1,RP,0
5,10,85,86,9,2,RP,0
5,10,91,91,9,1,RP,0
5,10,95,95,9,1,RP,0
5,10,101,101,9,1,RP,0
5,10,92,94,10,3,RS,0
5,10,96,100,10,5,RS,0
5,10,171,171,10,1,RS,0
5,10,249,296,10,48,RS,0
5,11,236,244,1,9,AC,0
5,11,145,145,2,1,BV,0
5,11,169,170,2,2,BV,0
5,11,202,203,2,2,BV,0
5,11,228,229,2,2,BV,0
5,11,121,121,3,1,BW,0
5,11,124,126,3,3,BW,0
5,11,136,136,3,1,BW,0
5,11,139,148,3,10,BW,0
5,11,161,161,3,1,BW,0
5,11,169,170,3,2,BW,0
5,11,201,202,3,2,BW,0
5,11,228,229,3,2,BW,0
5,11,250,250,3,1,BW,0
5,11,169,173,4,5,GC,0
5,11,228,228,4,1,GC,0
5,11,148,148,5,1,HC,0
5,11,168,168,5,1,HC,0
5,11,170,173,5,4,HC,0
5,11,176,176,5,1,HC,0
5,11,194,194,5,1,HC,0
5,11,196,199,5,4,HC,0
5,11,203,207,5,5,HC,0
5,11,210,210,5,1,HC,0
5,11,216,220,5,5,HC,0
5,11,222,222,5,1,HC,0
5,11,229,234,5,6,HC,0
5,11,236,236,5,1,HC,0
5,11,238,238,5,1,HC,0
5,11,240,240,5,1,HC,0
5,11,242,242,5,1,HC,0
5,11,145,145,6,1,HV,0
5,11,147,148,6,2,HV,0
5,11,169,172,6,4,HV,0
5,11,187,187,6,1,HV,0
5,11,170,170,7,1,RCA,0
5,11,178,180,7,3,RCA,0
5,11,185,185,7,1,RCA,0
5,11,203,203,7,1,RCA,0
5,11,228,228,7,1,RCA,0
5,11,234,234,7,1,RCA,0
5,11,113,113,8,1,RCL,0
5,11,121,121,8,1,RCL,0
5,11,125,125,8,1,RCL,0
5,11,127,133,8,7,RCL,0
5,11,135,139,8,5,RCL,0
5,11,141,142,8,2,RCL,0
5,11,144,276,8,133,RCL,0
5,11,83,83,9,1,RP,0
5,11,89,89,9,1,RP,0
5,11,92,93,9,2,RP,0
5,11,97,97,9,1,RP,0
5,11,99,99,9,1,RP,0
5,11,103,103,9,1,RP,0
5,11,106,108,9,3,RP,0
5,11,85,94,10,10,RS,0
5,11,98,128,10,31,RS,0
5,11,141,141,10,1,RS,0
5,11,145,146,10,2,RS,0
5,11,148,148,10,1,RS,0
5,11,161,161,10,1,RS,0
5,11,184,184,10,1,RS,0
5,12,132,132,1,1,AC,0
5,12,220,220,2,1,BV,0
5,12,119,122,3,4,BW,0
5,12,144,146,3,3,BW,0
5,12,161,162,3,2,BW,0
5,12,177,180,3,4,BW,0
5,12,188,190,3,3,BW,0
5,12,193,198,3,6,BW,0
5,12,200,201,3,2,BW,0
5,12,203,203,3,1,BW,0
5,12,217,220,3,4,BW,0
5,12,222,226,3,5,BW,0
5,12,232,233,3,2,BW,0
5,12,144,148,4,5,GC,0
5,12,150,152,4,3,GC,0
5,12,156,156,4,1,GC,0
5,12,162,163,4,2,GC,0
5,12,174,175,4,2,GC,0
5,12,178,179,4,2,GC,0
5,12,194,197,4,4,GC,0
5,12,218,221,4,4,GC,0
5,12,225,225,4,1,GC,0
5,12,227,227,4,1,GC,0
5,12,232,233,4,2,GC,0
5,12,106,106,5,1,HC,0
5,12,120,120,5,1,HC,0
5,12,132,132,5,1,HC,0
5,12,183,184,5,2,HC,0
5,12,190,191,5,2,HC,0
5,12,194,195,5,2,HC,0
5,12,200,201,5,2,HC,0
5,12,204,204,5,1,HC,0
5,12,209,209,5,1,HC,0
5,12,225,225,5,1,HC,0
5,12,227,232,5,6,HC,0
5,12,120,120,6,1,HV,0
5,12,122,122,6,1,HV,0
5,12,145,145,6,1,HV,0
5,12,151,151,6,1,HV,0
5,12,179,180,6,2,HV,0
5,12,182,184,6,3,HV,0
5,12,197,198,6,2,HV,0
5,12,200,200,6,1,HV,0
5,12,219,220,6,2,HV,0
5,12,223,226,6,4,HV,0
5,12,228,229,6,2,HV,0
5,12,232,233,6,2,HV,0
5,12,123,127,7,5,RCA,0
5,12,129,129,7,1,RCA,0
5,12,131,132,7,2,RCA,0
5,12,135,136,7,2,RCA,0
5,12,138,138,7,1,RCA,0
5,12,141,144,7,4,RCA,0
5,12,146,155,7,10,RCA,0
5,12,157,157,7,1,RCA,0
5,12,159,163,7,5,RCA,0
5,12,165,182,7,18,RCA,0
5,12,187,189,7,3,RCA,0
5,12,191,192,7,2,RCA,0
5,12,194,200,7,7,RCA,0
5,12,202,209,7,8,RCA,0
5,12,213,213,7,1,RCA,0
5,12,216,225,7,10,RCA,0
5,12,231,232,7,2,RCA,0
5,12,234,234,7,1,RCA,0
5,12,240,244,7,5,RCA,0
5,12,246,246,7,1,RCA,0
5,12,104,105,8,2,RCL,0
5,12,108,141,8,34,RCL,0
5,12,143,290,8,148,RCL,0
5,12,73,75,9,3,RP,0
5,12,77,78,9,2,RP,0
5,12,80,80,9,1,RP,0
5,12,89,92,9,4,RP,0
5,12,44,44,10,1,RS,0
5,12,50,50,10,1,RS,0
5,12,59,59,10,1,RS,0
5,12,61,62,10,2,RS,0
5,12,64,64,10,1,RS,0
5,12,71,71,10,1,RS,0
5,12,94,95,10,2,RS,0
5,12,99,99,10,1,RS,0
5,12,250,262,10,13,RS,0
5,12,264,287,10,24,RS,0
5,12,289,300,10,12,RS,0
5,12,302,307,10,6,RS,0
5,12,309,309,10,1,RS,0
5,13,177,177,1,1,AC,0
5,13,183,184,1,2,AC,0
5,13,188,188,1,1,AC,0
5,13,165,165,2,1,BV,0
5,13,181,183,2,3,BV,0
5,13,226,226,2,1,BV,0
5,13,228,228,2,1,BV,0
5,13,146,148,3,3,BW,0
5,13,164,165,3,2,BW,0
5,13,181,183,3,3,BW,0
5,13,195,196,3,2,BW,0
5,13,198,200,3,3,BW,0
5,13,224,226,3,3,BW,0
5,13,228,229,3,2,BW,0
5,13,166,166,4,1,GC,0
5,13,181,186,4,6,GC,0
5,13,188,196,4,9,GC,0
5,13,199,199,4,1,GC,0
5,13,226,229,4,4,GC,0
5,13,135,135,5,1,HC,0
5,13,175,175,5,1,HC,0
5,13,178,178,5,1,HC,0
5,13,180,184,5,5,HC,0
5,13,187,196,5,10,HC,0
5,13,198,208,5,11,HC,0
5,13,211,221,5,11,HC,0
5,13,226,227,5,2,HC,0
5,13,230,235,5,6,HC,0
5,13,238,239,5,2,HC,0
5,13,243,247,5,5,HC,0
5,13,249,249,5,1,HC,0
5,13,252,253,5,2,HC,0
5,13,165,166,6,2,HV,0
5,13,181,184,6,4,HV,0
5,13,187,196,6,10,HV,0
5,13,198,202,6,5,HV,0
5,13,228,229,6,2,HV,0
5,13,141,141,7,1,RCA,0
5,13,146,147,7,2,RCA,0
5,13,149,150,7,2,RCA,0
5,13,156,156,7,1,RCA,0
5,13,160,167,7,8,RCA,0
5,13,170,177,7,8,RCA,0
5,13,180,183,7,4,RCA,0
5,13,187,188,7,2,RCA,0
5,13,194,199,7,6,RCA,0
5,13,202,204,7,3,RCA,0
5,13,206,210,7,5,RCA,0
5,13,213,219,7,7,RCA,0
5,13,221,226,7,6,RCA,0
5,13,228,230,7,3,RCA,0
5,13,233,235,7,3,RCA,0
5,13,238,241,7,4,RCA,0
5,13,243,245,7,3,RCA,0
5,13,250,255,7,6,RCA,0
5,13,126,127,8,2,RCL,0
5,13,131,135,8,5,RCL,0
5,13,137,141,8,5,RCL,0
5,13,143,280,8,138,RCL,0
5,13,72,72,9,1,RS,0
5,13,75,75,9,1,RS,0
5,13,80,80,9,1,RS,0
5,13,82,83,9,2,RS,0
5,13,85,85,9,1,RS,0
5,13,96,96,9,1,RS,0
5,13,99,99,9,1,RS,0
5,13,102,104,9,3,RS,0
5,13,108,108,9,1,RS,0
5,13,116,116,9,1,RS,0
5,13,176,189,9,14,RS,0
5,13,228,230,9,3,RS,0
5,13,232,232,9,1,RS,0
5,13,236,237,9,2,RS,0
5,13,250,289,9,40,RS,0
5,13,291,294,9,4,RS,0
5,14,175,175,1,1,AC,0
5,14,231,231,1,1,AC,0
5,14,152,152,2,1,BV,0
5,14,181,182,2,2,BV,0
5,14,191,191,2,1,BV,0
5,14,144,144,3,1,BW,0
5,14,151,153,3,3,BW,0
5,14,164,165,3,2,BW,0
5,14,175,177,3,3,BW,0
5,14,180,181,3,2,BW,0
5,14,184,189,3,6,BW,0
5,14,196,198,3,3,BW,0
5,14,203,207,3,5,BW,0
5,14,214,218,3,5,BW,0
5,14,225,228,3,4,BW,0
5,14,163,170,4,8,GC,0
5,14,172,172,4,1,GC,0
5,14,175,186,4,12,GC,0
5,14,188,199,4,12,GC,0
5,14,206,207,4,2,GC,0
5,14,216,217,4,2,GC,0
5,14,219,219,4,1,GC,0
5,14,226,230,4,5,GC,0
5,14,144,144,5,1,HC,0
5,14,152,154,5,3,HC,0
5,14,163,165,5,3,HC,0
5,14,171,172,5,2,HC,0
5,14,176,177,5,2,HC,0
5,14,180,182,5,3,HC,0
5,14,184,186,5,3,HC,0
5,14,188,191,5,4,HC,0
5,14,193,200,5,8,HC,0
5,14,205,209,5,5,HC,0
5,14,213,213,5,1,HC,0
5,14,215,220,5,6,HC,0
5,14,222,222,5,1,HC,0
5,14,226,232,5,7,HC,0
5,14,234,238,5,5,HC,0
5,14,242,244,5,3,HC,0
5,14,154,154,6,1,HV,0
5,14,159,160,6,2,HV,0
5,14,162,172,6,11,HV,0
5,14,174,201,6,28,HV,0
5,14,205,206,6,2,HV,0
5,14,225,233,6,9,HV,0
5,14,151,151,7,1,RCA,0
5,14,157,158,7,2,RCA,0
5,14,163,164,7,2,RCA,0
5,14,166,167,7,2,RCA,0
5,14,169,175,7,7,RCA,0
5,14,177,180,7,4,RCA,0
5,14,184,186,7,3,RCA,0
5,14,188,191,7,4,RCA,0
5,14,193,212,7,20,RCA,0
5,14,216,224,7,9,RCA,0
5,14,227,235,7,9,RCA,0
5,14,237,240,7,4,RCA,0
5,14,114,114,8,1,RCL,0
5,14,116,120,8,5,RCL,0
5,14,128,130,8,3,RCL,0
5,14,136,148,8,13,RCL,0
5,14,150,279,8,130,RCL,0
5,14,79,79,9,1,RP,0
5,14,81,83,9,3,RP,0
5,14,85,86,9,2,RP,0
5,14,93,93,9,1,RP,0
5,14,96,98,9,3,RP,0
5,14,100,100,9,1,RP,0
5,14,103,105,9,3,RP,0
5,14,107,109,9,3,RP,0
5,14,113,113,9,1,RP,0
5,14,115,119,9,5,RP,0
5,14,132,133,9,2,RP,0
5,14,226,228,10,3,RS,0
5,14,230,232,10,3,RS,0
5,14,238,242,10,5,RS,0
5,14,244,244,10,1,RS,0
5,14,259,311,10,53,RS,0
5,14,315,315,10,1,RS,0
5,15,182,183,1,2,AC,0
5,15,203,203,2,1,BV,0
5,15,134,136,3,3,BW,0
5,15,141,143,3,3,BW,0
5,15,154,155,3,2,BW,0
5,15,158,161,3,4,BW,0
5,15,163,163,3,1,BW,0
5,15,165,167,3,3,BW,0
5,15,170,171,3,2,BW,0
5,15,173,175,3,3,BW,0
5,15,180,182,3,3,BW,0
5,15,186,186,3,1,BW,0
5,15,192,194,3,3,BW,0
5,15,196,197,3,2,BW,0
5,15,201,203,3,3,BW,0
5,15,206,206,3,1,BW,0
5,15,209,211,3,3,BW,0
5,15,214,220,3,7,BW,0
5,15,140,140,4,1,GC,0
5,15,142,142,4,1,GC,0
5,15,158,158,4,1,GC,0
5,15,162,163,4,2,GC,0
5,15,166,167,4,2,GC,0
5,15,170,171,4,2,GC,0
5,15,173,176,4,4,GC,0
5,15,178,178,4,1,GC,0
5,15,180,184,4,5,GC,0
5,15,196,198,4,3,GC,0
5,15,202,204,4,3,GC,0
5,15,206,206,4,1,GC,0
5,15,159,159,5,1,HC,0
5,15,161,163,5,3,HC,0
5,15,165,167,5,3,HC,0
5,15,173,175,5,3,HC,0
5,15,181,181,5,1,HC,0
5,15,196,199,5,4,HC,0
5,15,201,204,5,4,HC,0
5,15,210,211,5,2,HC,0
5,15,213,213,5,1,HC,0
5,15,134,136,6,3,HV,0
5,15,142,143,6,2,HV,0
5,15,155,155,6,1,HV,0
5,15,157,158,6,2,HV,0
5,15,160,167,6,8,HV,0
5,15,169,170,6,2,HV,0
5,15,173,187,6,15,HV,0
5,15,195,204,6,10,HV,0
5,15,207,207,6,1,HV,0
5,15,209,209,6,1,HV,0
5,15,66,66,7,1,PC,0
5,15,101,104,7,4,PC,0
5,15,97,98,8,2,PT,0
5,15,104,106,8,3,PT,0
5,15,125,125,9,1,RCA,0
5,15,143,144,9,2,RCA,0
5,15,146,146,9,1,RCA,0
5,15,148,151,9,4,RCA,0
5,15,155,155,9,1,RCA,0
5,15,158,158,9,1,RCA,0
5,15,160,164,9,5,RCA,0
5,15,166,187,9,22,RCA,0
5,15,189,192,9,4,RCA,0
5,15,194,194,9,1,RCA,0
5,15,196,196,9,1,RCA,0
5,15,198,211,9,14,RCA,0
5,15,214,215,9,2,RCA,0
5,15,217,225,9,9,RCA,0
5,15,237,237,9,1,RCA,0
5,15,118,118,10,1,RCL,0
5,15,121,122,10,2,RCL,0
5,15,124,276,10,153,RCL,0
5,15,278,278,10,1,RCL,0
5,15,281,281,10,1,RCL,0
5,15,54,54,11,1,RS,0
5,15,56,59,11,4,RS,0
5,15,61,62,11,2,RS,0
5,15,64,72,11,9,RS,0
5,15,77,77,11,1,RS,0
5,15,79,81,11,3,RS,0
5,15,88,105,11,18,RS,0
5,15,123,124,11,2,RS,0
5,15,140,141,11,2,RS,0
5,15,148,149,11,2,RS,0
5,15,152,152,11,1,RS,0
5,15,158,171,11,14,RS,0
5,15,173,183,11,11,RS,0
5,15,197,199,11,3,RS,0
5,15,201,204,11,4,RS,0
5,15,208,208,11,1,RS,0
5,15,252,252,11,1,RS,0
5,15,255,261,11,7,RS,0
5,15,263,271,11,9,RS,0
5,15,287,287,11,1,RS,0
5,15,292,292,11,1,RS,0
5,15,296,296,11,1,RS,0
5,15,318,318,11,1,RS,0
5,15,326,326,11,1,RS,0
5,16,196,197,1,2,AC,0
5,16,200,203,1,4,AC,0
5,16,136,138,2,3,BW,0
5,16,148,148,2,1,BW,0
5,16,157,157,2,1,BW,0
5,16,169,170,2,2,BW,0
5,16,174,177,2,4,BW,0
5,16,192,193,2,2,BW,0
5,16,216,220,2,5,BW,0
5,16,234,235,2,2,BW,0
5,16,256,256,2,1,BW,0
5,16,261,261,2,1,BW,0
5,16,146,146,3,1,GC,0
5,16,148,149,3,2,GC,0
5,16,160,160,3,1,GC,0
5,16,170,170,3,1,GC,0
5,16,177,177,3,1,GC,0
5,16,184,188,3,5,GC,0
5,16,192,195,3,4,GC,0
5,16,263,264,3,2,GC,0
5,16,176,176,4,1,HC,0
5,16,192,197,4,6,HC,0
5,16,199,200,4,2,HC,0
5,16,202,205,4,4,HC,0
5,16,209,212,4,4,HC,0
5,16,215,217,4,3,HC,0
5,16,219,219,4,1,HC,0
5,16,221,224,4,4,HC,0
5,16,229,230,4,2,HC,0
5,16,232,232,4,1,HC,0
5,16,239,241,4,3,HC,0
5,16,245,245,4,1,HC,0
5,16,136,138,5,3,HV,0
5,16,148,149,5,2,HV,0
5,16,159,159,5,1,HV,0
5,16,170,170,5,1,HV,0
5,16,174,178,5,5,HV,0
5,16,180,180,5,1,HV,0
5,16,186,190,5,5,HV,0
5,16,192,196,5,5,HV,0
5,16,198,204,5,7,HV,0
5,16,256,258,5,3,HV,0
5,16,260,262,5,3,HV,0
5,16,268,268,5,1,HV,0
5,16,185,187,6,3,RCA,0
5,16,196,197,6,2,RCA,0
5,16,127,127,7,1,RCL,0
5,16,129,129,7,1,RCL,0
5,16,133,133,7,1,RCL,0
5,16,136,174,7,39,RCL,0
5,16,176,278,7,103,RCL,0
5,16,47,47,8,1,RS,0
5,16,53,54,8,2,RS,0
5,16,58,60,8,3,RS,0
5,16,137,157,8,21,RS,0
5,16,159,160,8,2,RS,0
5,16,175,178,8,4,RS,0
5,16,180,183,8,4,RS,0
5,16,194,194,8,1,RS,0
5,16,197,197,8,1,RS,0
5,16,233,239,8,7,RS,0
5,16,243,299,8,57,RS,0
5,16,315,317,8,3,RS,0
5,17,192,198,1,7,AC,0
5,17,201,208,1,8,AC,0
5,17,225,225,1,1,AC,0
5,17,233,247,1,15,AC,0
5,17,249,252,1,4,AC,0
5,17,254,255,1,2,AC,0
5,17,155,155,2,1,BV,0
5,17,201,202,2,2,BV,0
5,17,204,207,2,4,BV,0
5,17,220,220,2,1,BV,0
5,17,232,232,2,1,BV,0
5,17,129,130,3,2,BW,0
5,17,145,145,3,1,BW,0
5,17,154,156,3,3,BW,0
5,17,167,170,3,4,BW,0
5,17,172,173,3,2,BW,0
5,17,176,177,3,2,BW,0
5,17,182,184,3,3,BW,0
5,17,189,190,3,2,BW,0
5,17,192,196,3,5,BW,0
5,17,198,201,3,4,BW,0
5,17,205,207,3,3,BW,0
5,17,218,220,3,3,BW,0
5,17,232,237,3,6,BW,0
5,17,241,255,3,15,BW,0
5,17,257,257,3,1,BW,0
5,17,265,270,3,6,BW,0
5,17,172,174,4,3,GC,0
5,17,176,178,4,3,GC,0
5,17,180,180,4,1,GC,0
5,17,184,185,4,2,GC,0
5,17,192,194,4,3,GC,0
5,17,201,202,4,2,GC,0
5,17,232,234,4,3,GC,0
5,17,247,247,4,1,GC,0
5,17,249,249,4,1,GC,0
5,17,252,252,4,1,GC,0
5,17,270,270,4,1,GC,0
5,17,156,157,5,2,HC,0
5,17,162,163,5,2,HC,0
5,17,166,166,5,1,HC,0
5,17,175,175,5,1,HC,0
5,17,202,203,5,2,HC,0
5,17,205,206,5,2,HC,0
5,17,156,156,6,1,HV,0
5,17,163,163,6,1,HV,0
5,17,165,180,6,16,HV,0
5,17,182,216,6,35,HV,0
5,17,218,230,6,13,HV,0
5,17,232,261,6,30,HV,0
5,17,265,268,6,4,HV,0
5,17,91,91,7,1,PT,0
5,17,91,92,8,2,RCL,0
5,17,94,97,8,4,RCL,0
5,17,102,265,8,164,RCL,0
5,17,268,284,8,17,RCL,0
5,17,309,309,8,1,RCL,0
5,17,84,84,9,1,RP,0
5,17,86,86,9,1,RP,0
5,17,91,91,9,1,RP,0
5,17,94,96,9,3,RP,0
5,17,121,121,9,1,RP,0
5,17,127,127,9,1,RP,0
5,17,134,134,9,1,RP,0
5,17,136,136,9,1,RP,0
5,17,169,169,9,1,RP,0
5,17,171,171,9,1,RP,0
5,17,46,51,10,6,RS,0
5,17,58,59,10,2,RS,0
5,17,63,81,10,19,RS,0
5,17,85,87,10,3,RS,0
5,17,89,99,10,11,RS,0
5,17,102,104,10,3,RS,0
5,17,106,106,10,1,RS,0
5,17,109,110,10,2,RS,0
5,17,120,123,10,4,RS,0
5,17,125,131,10,7,RS,0
5,17,133,133,10,1,RS,0
5,17,135,136,10,2,RS,0
5,17,168,179,10,12,RS,0
5,17,184,184,10,1,RS,0
5,17,232,276,10,45,RS,0
5,17,279,301,10,23,RS,0
5,17,303,311,10,9,RS,0
5,17,321,321,10,1,RS,0
5,17,333,333,10,1,RS,0
5,17,348,348,10,1,RS,0
5,17,365,365,10,1,RS,0
5,18,157,157,1,1,AC,0
5,18,160,168,1,9,AC,0
5,18,171,171,1,1,AC,0
5,18,174,178,1,5,AC,0
5,18,180,191,1,12,AC,0
5,18,198,200,1,3,AC,0
5,18,205,205,1,1,AC,0
5,18,119,119,2,1,BV,0
5,18,155,156,2,2,BV,0
5,18,168,168,2,1,BV,0
5,18,170,170,2,1,BV,0
5,18,174,175,2,2,BV,0
5,18,198,200,2,3,BV,0
5,18,239,240,2,2,BV,0
5,18,115,115,3,1,BW,0
5,18,117,119,3,3,BW,0
5,18,146,149,3,4,BW,0
5,18,154,156,3,3,BW,0
5,18,168,170,3,3,BW,0
5,18,174,175,3,2,BW,0
5,18,198,199,3,2,BW,0
5,18,212,212,3,1,BW,0
5,18,239,241,3,3,BW,0
5,18,170,170,4,1,GC,0
5,18,175,175,4,1,GC,0
5,18,199,201,4,3,GC,0
5,18,239,241,4,3,GC,0
5,18,115,115,5,1,HV,0
5,18,117,119,5,3,HV,0
5,18,239,240,5,2,HV,0
5,18,79,80,6,2,PC,0
5,18,79,81,7,3,PT,0
5,18,85,85,7,1,PT,0
5,18,122,123,7,2,PT,0
5,18,171,180,8,10,RCA,0
5,18,183,184,8,2,RCA,0
5,18,186,192,8,7,RCA,0
5,18,194,197,8,4,RCA,0
5,18,199,199,8,1,RCA,0
5,18,202,202,8,1,RCA,0
5,18,205,209,8,5,RCA,0
5,18,211,211,8,1,RCA,0
5,18,213,215,8,3,RCA,0
5,18,219,220,8,2,RCA,0
5,18,222,228,8,7,RCA,0
5,18,230,230,8,1,RCA,0
5,18,233,237,8,5,RCA,0
5,18,239,239,8,1,RCA,0
5,18,241,244,8,4,RCA,0
5,18,247,256,8,10,RCA,0
5,18,103,104,9,2,RCL,0
5,18,108,108,9,1,RCL,0
5,18,110,110,9,1,RCL,0
5,18,112,113,9,2,RCL,0
5,18,116,116,9,1,RCL,0
5,18,118,291,9,174,RCL,0
5,18,293,294,9,2,RCL,0
5,18,91,91,10,1,RP,0
5,18,104,104,10,1,RP,0
5,18,106,106,10,1,RP,0
5,18,15,15,11,1,RS,0
5,18,54,54,11,1,RS,0
5,18,72,75,11,4,RS,0
5,18,77,90,11,14,RS,0
5,18,104,131,11,28,RS,0
5,18,158,162,11,5,RS,0
5,18,250,250,11,1,RS,0
5,18,254,254,11,1,RS,0
5,18,259,262,11,4,RS,0
5,18,264,308,11,45,RS,0
5,18,310,310,11,1,RS,0
5,18,317,318,11,2,RS,0
5,18,322,323,11,2,RS,0
5,18,327,327,11,1,RS,0
5,18,334,334,11,1,RS,0
5,19,171,171,1,1,AC,0
5,19,179,179,1,1,AC,0
5,19,181,181,1,1,AC,0
5,19,195,202,1,8,AC,0
5,19,204,210,1,7,AC,0
5,19,250,256,1,7,AC,0
5,19,140,140,2,1,BV,0
5,19,127,127,3,1,BW,0
5,19,139,140,3,2,BW,0
5,19,151,151,3,1,BW,0
5,19,156,156,3,1,BW,0
5,19,160,162,3,3,BW,0
5,19,173,173,3,1,BW,0
5,19,177,179,3,3,BW,0
5,19,183,185,3,3,BW,0
5,19,191,196,3,6,BW,0
5,19,201,204,3,4,BW,0
5,19,206,206,3,1,BW,0
5,19,208,213,3,6,BW,0
5,19,217,220,3,4,BW,0
5,19,223,228,3,6,BW,0
5,19,233,245,3,13,BW,0
5,19,250,250,3,1,BW,0
5,19,254,256,3,3,BW,0
5,19,267,268,3,2,BW,0
5,19,154,154,4,1,GC,0
5,19,160,160,4,1,GC,0
5,19,162,182,4,21,GC,0
5,19,184,188,4,5,GC,0
5,19,193,193,4,1,GC,0
5,19,195,200,4,6,GC,0
5,19,202,206,4,5,GC,0
5,19,209,219,4,11,GC,0
5,19,244,244,4,1,GC,0
5,19,247,247,4,1,GC,0
5,19,179,179,5,1,HC,0
5,19,184,184,5,1,HC,0
5,19,187,188,5,2,HC,0
5,19,192,193,5,2,HC,0
5,19,195,200,5,6,HC,0
5,19,203,204,5,2,HC,0
5,19,206,206,5,1,HC,0
5,19,209,217,5,9,HC,0
5,19,219,219,5,1,HC,0
5,19,223,223,5,1,HC,0
5,19,225,225,5,1,HC,0
5,19,227,228,5,2,HC,0
5,19,243,244,5,2,HC,0
5,19,248,248,5,1,HC,0
5,19,250,251,5,2,HC,0
5,19,256,256,5,1,HC,0
5,19,151,154,6,4,HV,0
5,19,156,157,6,2,HV,0
5,19,160,164,6,5,HV,0
5,19,166,179,6,14,HV,0
5,19,181,185,6,5,HV,0
5,19,188,188,6,1,HV,0
5,19,190,215,6,26,HV,0
5,19,217,219,6,3,HV,0
5,19,225,225,6,1,HV,0
5,19,237,245,6,9,HV,0
5,19,247,248,6,2,HV,0
5,19,253,253,6,1,HV,0
5,19,267,267,6,1,HV,0
5,19,202,203,7,2,RCA,0
5,19,205,206,7,2,RCA,0
5,19,216,218,7,3,RCA,0
5,19,222,222,7,1,RCA,0
5,19,229,232,7,4,RCA,0
5,19,234,234,7,1,RCA,0
5,19,238,238,7,1,RCA,0
5,19,241,244,7,4,RCA,0
5,19,249,249,7,1,RCA,0
5,19,85,85,8,1,RCL,0
5,19,94,94,8,1,RCL,0
5,19,96,97,8,2,RCL,0
5,19,110,116,8,7,RCL,0
5,19,120,283,8,164,RCL,0
5,19,285,285,8,1,RCL,0
5,19,293,293,8,1,RCL,0
5,19,62,63,9,2,RP,0
5,19,66,66,9,1,RP,0
5,19,68,69,9,2,RP,0
5,19,82,82,9,1,RP,0
5,19,85,85,9,1,RP,0
5,19,87,88,9,2,RP,0
5,19,92,102,9,11,RP,0
5,19,111,111,9,1,RP,0
5,19,129,129,9,1,RP,0
5,19,139,139,9,1,RP,0
5,19,20,20,10,1,RS,0
5,19,60,60,10,1,RS,0
5,19,62,64,10,3,RS,0
5,19,68,75,10,8,RS,0
5,19,77,77,10,1,RS,0
5,19,82,82,10,1,RS,0
5,19,85,85,10,1,RS,0
5,19,88,88,10,1,RS,0
5,19,93,101,10,9,RS,0
5,19,110,111,10,2,RS,0
5,19,113,113,10,1,RS,0
5,19,123,129,10,7,RS,0
5,19,135,143,10,9,RS,0
5,19,145,145,10,1,RS,0
5,19,149,151,10,3,RS,0
5,19,156,164,10,9,RS,0
5,19,167,167,10,1,RS,0
5,19,202,210,10,9,RS,0
5,19,212,212,10,1,RS,0
5,19,219,220,10,2,RS,0
5,19,222,222,10,1,RS,0
5,19,243,243,10,1,RS,0
5,19,259,310,10,52,RS,0
5,19,312,314,10,3,RS,0
5,19,328,328,10,1,RS,0
5,20,167,167,1,1,AC,0
5,20,169,169,1,1,AC,0
5,20,139,139,2,1,BV,0
5,20,167,167,2,1,BV,0
5,20,192,193,2,2,BV,0
5,20,203,204,2,2,BV,0
5,20,124,126,3,3,BW,0
5,20,137,139,3,3,BW,0
5,20,162,163,3,2,BW,0
5,20,167,167,3,1,BW,0
5,20,171,174,3,4,BW,0
5,20,181,183,3,3,BW,0
5,20,191,193,3,3,BW,0
5,20,202,203,3,2,BW,0
5,20,205,205,3,1,BW,0
5,20,152,152,4,1,GC,0
5,20,167,169,4,3,GC,0
5,20,172,172,4,1,GC,0
5,20,174,174,4,1,GC,0
5,20,177,178,4,2,GC,0
5,20,181,188,4,8,GC,0
5,20,192,196,4,5,GC,0
5,20,203,207,4,5,GC,0
5,20,209,209,4,1,GC,0
5,20,214,214,4,1,GC,0
5,20,217,218,4,2,GC,0
5,20,183,184,5,2,HC,0
5,20,202,208,5,7,HC,0
5,20,213,213,5,1,HC,0
5,20,217,223,5,7,HC,0
5,20,225,225,5,1,HC,0
5,20,233,233,5,1,HC,0
5,20,235,236,5,2,HC,0
5,20,125,125,6,1,HV,0
5,20,127,127,6,1,HV,0
5,20,129,130,6,2,HV,0
5,20,138,140,6,3,HV,0
5,20,142,142,6,1,HV,0
5,20,151,152,6,2,HV,0
5,20,172,175,6,4,HV,0
5,20,180,184,6,5,HV,0
5,20,186,188,6,3,HV,0
5,20,193,194,6,2,HV,0
5,20,202,211,6,10,HV,0
5,20,217,218,6,2,HV,0
5,20,114,114,7,1,PT,0
5,20,130,130,7,1,PT,0
5,20,105,106,8,2,RCL,0
5,20,109,284,8,176,RCL,0
5,20,71,72,9,2,RP,0
5,20,75,75,9,1,RP,0
5,20,77,77,9,1,RP,0
5,20,80,80,9,1,RP,0
5,20,82,82,9,1,RP,0
5,20,84,84,9,1,RP,0
5,20,86,87,9,2,RP,0
5,20,90,90,9,1,RP,0
5,20,92,98,9,7,RP,0
5,20,104,104,9,1,RP,0
5,20,106,106,9,1,RP,0
5,20,109,109,9,1,RP,0
5,20,37,37,10,1,RS,0
5,20,42,42,10,1,RS,0
5,20,45,45,10,1,RS,0
5,20,53,63,10,11,RS,0
5,20,65,78,10,14,RS,0
5,20,80,84,10,5,RS,0
5,20,88,90,10,3,RS,0
5,20,93,101,10,9,RS,0
5,20,104,106,10,3,RS,0
5,20,109,117,10,9,RS,0
5,20,129,129,10,1,RS,0
5,20,138,139,10,2,RS,0
5,20,141,143,10,3,RS,0
5,20,147,148,10,2,RS,0
5,20,234,236,10,3,RS,0
5,20,241,241,10,1,RS,0
5,20,246,246,10,1,RS,0
5,20,250,250,10,1,RS,0
5,20,255,255,10,1,RS,0
5,20,257,300,10,44,RS,0
5,20,303,307,10,5,RS,0
5,20,310,313,10,4,RS,0
5,21,147,149,1,3,BW,0
5,21,157,157,1,1,BW,0
5,21,162,163,1,2,BW,0
5,21,167,170,1,4,BW,0
5,21,173,174,1,2,BW,0
5,21,179,182,1,4,BW,0
5,21,184,184,1,1,BW,0
5,21,186,189,1,4,BW,0
5,21,192,193,1,2,BW,0
5,21,197,197,1,1,BW,0
5,21,201,203,1,3,BW,0
5,21,207,208,1,2,BW,0
5,21,213,215,1,3,BW,0
5,21,218,222,1,5,BW,0
5,21,231,232,1,2,BW,0
5,21,150,150,2,1,GC,0
5,21,153,154,2,2,GC,0
5,21,157,157,2,1,GC,0
5,21,159,161,2,3,GC,0
5,21,164,165,2,2,GC,0
5,21,170,170,2,1,GC,0
5,21,173,174,2,2,GC,0
5,21,176,181,2,6,GC,0
5,21,183,184,2,2,GC,0
5,21,186,198,2,13,GC,0
5,21,200,204,2,5,GC,0
5,21,207,210,2,4,GC,0
5,21,214,216,2,3,GC,0
5,21,231,231,2,1,GC,0
5,21,149,149,3,1,HC,0
5,21,221,221,3,1,HC,0
5,21,225,225,3,1,HC,0
5,21,147,150,4,4,HV,0
5,21,156,157,4,2,HV,0
5,21,161,190,4,30,HV,0
5,21,193,193,4,1,HV,0
5,21,214,214,4,1,HV,0
5,21,220,226,4,7,HV,0
5,21,51,51,5,1,PT,0
5,21,81,85,5,5,PT,0
5,21,112,112,6,1,RCL,0
5,21,116,116,6,1,RCL,0
5,21,123,123,6,1,RCL,0
5,21,126,132,6,7,RCL,0
5,21,135,137,6,3,RCL,0
5,21,140,287,6,148,RCL,0
5,21,301,301,6,1,RCL,0
5,21,83,86,7,4,RP,0
5,21,89,90,7,2,RP,0
5,21,92,102,7,11,RP,0
5,21,104,104,7,1,RP,0
5,21,109,110,7,2,RP,0
5,21,134,136,7,3,RP,0
5,21,141,142,7,2,RP,0
5,21,31,36,8,6,RS,0
5,21,38,38,8,1,RS,0
5,21,40,41,8,2,RS,0
5,21,45,46,8,2,RS,0
5,21,48,51,8,4,RS,0
5,21,82,85,8,4,RS,0
5,21,95,98,8,4,RS,0
5,21,104,104,8,1,RS,0
5,21,108,110,8,3,RS,0
5,21,141,141,8,1,RS,0
5,21,143,144,8,2,RS,0
5,21,147,190,8,44,RS,0
5,21,193,193,8,1,RS,0
5,21,200,200,8,1,RS,0
5,21,215,215,8,1,RS,0
5,21,220,230,8,11,RS,0
5,21,242,312,8,71,RS,0
5,21,322,322,8,1,RS,0
5,21,326,326,8,1,RS,0
5,21,341,341,8,1,RS,0
5,22,210,212,1,3,BV,0
5,22,257,259,1,3,BV,0
5,22,261,262,1,2,BV,0
5,22,145,148,2,4,BW,0
5,22,154,154,2,1,BW,0
5,22,162,162,2,1,BW,0
5,22,165,167,2,3,BW,0
5,22,175,178,2,4,BW,0
5,22,210,210,2,1,BW,0
5,22,258,259,2,2,BW,0
5,22,261,262,2,2,BW,0
5,22,158,159,3,2,GC,0
5,22,166,168,3,3,GC,0
5,22,258,258,3,1,GC,0
5,22,260,265,3,6,GC,0
5,22,155,157,4,3,HC,0
5,22,166,168,4,3,HC,0
5,22,139,141,5,3,HV,0
5,22,145,149,5,5,HV,0
5,22,153,168,5,16,HV,0
5,22,173,179,5,7,HV,0
5,22,189,189,5,1,HV,0
5,22,261,271,5,11,HV,0
5,22,74,74,6,1,PT,0
5,22,120,120,7,1,RCL,0
5,22,122,123,7,2,RCL,0
5,22,125,125,7,1,RCL,0
5,22,128,293,7,166,RCL,0
5,22,338,338,7,1,RCL,0
5,22,92,93,8,2,RP,0
5,22,95,96,8,2,RP,0
5,22,98,98,8,1,RP,0
5,22,104,106,8,3,RP,0
5,22,108,113,8,6,RP,0
5,22,25,26,9,2,RS,0
5,22,74,80,9,7,RS,0
5,22,89,92,9,4,RS,0
5,22,94,94,9,1,RS,0
5,22,96,96,9,1,RS,0
5,22,99,106,9,8,RS,0
5,22,108,113,9,6,RS,0
5,22,122,122,9,1,RS,0
5,22,256,256,9,1,RS,0
5,22,259,283,9,25,RS,0
5,22,285,298,9,14,RS,0
5,22,331,331,9,1,RS,0
6,1,132,132,1,1,AC,0
6,1,136,136,1,1,AC,0
6,1,153,153,1,1,AC,0
6,1,181,181,1,1,AC,0
6,1,183,183,1,1,AC,0
6,1,187,257,1,71,AC,0
6,1,148,148,2,1,BV,0
6,1,109,110,3,2,BW,0
6,1,118,120,3,3,BW,0
6,1,130,130,3,1,BW,0
6,1,146,149,3,4,BW,0
6,1,184,186,3,3,BW,0
6,1,193,195,3,3,BW,0
6,1,203,210,3,8,BW,0
6,1,186,199,4,14,GC,0
6,1,208,208,4,1,GC,0
6,1,210,212,4,3,GC,0
6,1,271,272,4,2,GC,0
6,1,138,138,5,1,HV,0
6,1,152,152,5,1,HV,0
6,1,183,199,5,17,HV,0
6,1,201,213,5,13,HV,0
6,1,269,269,5,1,HV,0
6,1,72,72,6,1,PC,0
6,1,77,78,6,2,PC,0
6,1,80,82,6,3,PC,0
6,1,98,111,6,14,PC,0
6,1,113,117,6,5,PC,0
6,1,64,66,7,3,PT,0
6,1,72,75,7,4,PT,0
6,1,77,79,7,3,PT,0
6,1,82,82,7,1,PT,0
6,1,84,85,7,2,PT,0
6,1,93,98,7,6,PT,0
6,1,110,110,7,1,PT,0
6,1,116,116,7,1,PT,0
6,1,130,134,8,5,RCL,0
6,1,137,155,8,19,RCL,0
6,1,179,278,8,100,RCL,0
6,1,280,283,8,4,RCL,0
6,1,78,78,9,1,RP,0
6,1,98,99,9,2,RP,0
6,1,102,105,9,4,RP,0
6,1,109,110,9,2,RP,0
6,1,117,119,9,3,RP,0
6,1,72,74,10,3,RS,0
6,1,76,102,10,27,RS,0
6,1,104,104,10,1,RS,0
6,1,109,110,10,2,RS,0
6,1,117,121,10,5,RS,0
6,1,125,127,10,3,RS,0
6,1,130,130,10,1,RS,0
6,1,132,133,10,2,RS,0
6,1,137,138,10,2,RS,0
6,1,148,149,10,2,RS,0
6,1,151,155,10,5,RS,0
6,1,185,213,10,29,RS,0
6,1,254,254,10,1,RS,0
6,1,257,261,10,5,RS,0
6,1,263,274,10,12,RS,0
6,1,277,277,10,1,RS,0
6,1,279,287,10,9,RS,0
6,1,289,289,10,1,RS,0
6,1,291,292,10,2,RS,0
6,1,294,294,10,1,RS,0
6,1,331,331,10,1,RS,0
6,1,333,333,10,1,RS,0
6,1,340,340,10,1,RS,0
6,2,147,150,1,4,AC,0
6,2,152,157,1,6,AC,0
6,2,159,160,1,2,AC,0
6,2,164,164,1,1,AC,0
6,2,168,168,1,1,AC,0
6,2,170,194,1,25,AC,0
6,2,196,210,1,15,AC,0
6,2,218,222,1,5,AC,0
6,2,225,225,1,1,AC,0
6,2,232,235,1,4,AC,0
6,2,239,243,1,5,AC,0
6,2,245,246,1,2,AC,0
6,2,249,250,1,2,AC,0
6,2,129,129,2,1,BV,0
6,2,146,146,2,1,BV,0
6,2,175,177,2,3,BV,0
6,2,204,206,2,3,BV,0
6,2,100,100,3,1,BW,0
6,2,115,115,3,1,BW,0
6,2,125,129,3,5,BW,0
6,2,135,138,3,4,BW,0
6,2,140,141,3,2,BW,0
6,2,144,148,3,5,BW,0
6,2,153,154,3,2,BW,0
6,2,156,159,3,4,BW,0
6,2,163,163,3,1,BW,0
6,2,174,177,3,4,BW,0
6,2,194,194,3,1,BW,0
6,2,204,205,3,2,BW,0
6,2,207,207,3,1,BW,0
6,2,145,148,4,4,GC,0
6,2,155,159,4,5,GC,0
6,2,177,178,4,2,GC,0
6,2,205,206,4,2,GC,0
6,2,208,209,4,2,GC,0
6,2,225,225,4,1,GC,0
6,2,146,148,5,3,HC,0
6,2,151,151,5,1,HC,0
6,2,158,158,5,1,HC,0
6,2,175,176,5,2,HC,0
6,2,178,179,5,2,HC,0
6,2,188,190,5,3,HC,0
6,2,204,208,5,5,HC,0
6,2,210,210,5,1,HC,0
6,2,125,130,6,6,HV,0
6,2,132,132,6,1,HV,0
6,2,134,138,6,5,HV,0
6,2,148,148,6,1,HV,0
6,2,173,173,6,1,HV,0
6,2,175,177,6,3,HV,0
6,2,194,194,6,1,HV,0
6,2,204,209,6,6,HV,0
6,2,221,221,6,1,HV,0
6,2,225,225,6,1,HV,0
6,2,76,77,7,2,PC,0
6,2,82,83,7,2,PC,0
6,2,92,94,7,3,PC,0
6,2,97,100,7,4,PC,0
6,2,63,63,8,1,PT,0
6,2,67,67,8,1,PT,0
6,2,71,71,8,1,PT,0
6,2,77,79,8,3,PT,0
6,2,172,173,9,2,RCA,0
6,2,101,101,10,1,RCL,0
6,2,106,106,10,1,RCL,0
6,2,108,109,10,2,RCL,0
6,2,114,210,10,97,RCL,0
6,2,218,222,10,5,RCL,0
6,2,225,225,10,1,RCL,0
6,2,232,235,10,4,RCL,0
6,2,239,271,10,33,RCL,0
6,2,273,275,10,3,RCL,0
6,2,79,79,11,1,RP,0
6,2,82,82,11,1,RP,0
6,2,92,101,11,10,RP,0
6,2,106,109,11,4,RP,0
6,2,111,111,11,1,RP,0
6,2,113,114,11,2,RP,0
6,2,73,73,12,1,RS,0
6,2,76,82,12,7,RS,0
6,2,92,100,12,9,RS,0
6,2,115,116,12,2,RS,0
6,2,125,129,12,5,RS,0
6,2,131,132,12,2,RS,0
6,2,274,274,12,1,RS,0
6,2,310,311,12,2,RS,0
6,3,146,147,1,2,AC,0
6,3,149,149,1,1,AC,0
6,3,151,151,1,1,AC,0
6,3,153,156,1,4,AC,0
6,3,160,161,1,2,AC,0
6,3,177,178,1,2,AC,0
6,3,180,183,1,4,AC,0
6,3,185,185,1,1,AC,0
6,3,187,192,1,6,AC,0
6,3,195,204,1,10,AC,0
6,3,206,212,1,7,AC,0
6,3,214,215,1,2,AC,0
6,3,217,249,1,33,AC,0
6,3,251,258,1,8,AC,0
6,3,180,181,2,2,BV,0
6,3,188,189,2,2,BV,0
6,3,191,192,2,2,BV,0
6,3,210,215,2,6,BV,0
6,3,229,230,2,2,BV,0
6,3,121,122,3,2,BW,0
6,3,124,124,3,1,BW,0
6,3,130,131,3,2,BW,0
6,3,141,141,3,1,BW,0
6,3,144,144,3,1,BW,0
6,3,151,152,3,2,BW,0
6,3,154,155,3,2,BW,0
6,3,161,163,3,3,BW,0
6,3,171,174,3,4,BW,0
6,3,179,181,3,3,BW,0
6,3,183,185,3,3,BW,0
6,3,187,187,3,1,BW,0
6,3,189,191,3,3,BW,0
6,3,213,214,3,2,BW,0
6,3,155,155,4,1,GC,0
6,3,192,193,4,2,GC,0
6,3,196,196,4,1,GC,0
6,3,214,214,4,1,GC,0
6,3,272,273,4,2,GC,0
6,3,192,192,5,1,HC,0
6,3,197,197,5,1,HC,0
6,3,225,230,5,6,HC,0
6,3,232,232,5,1,HC,0
6,3,123,124,6,2,HV,0
6,3,190,190,6,1,HV,0
6,3,192,195,6,4,HV,0
6,3,213,214,6,2,HV,0
6,3,251,251,6,1,HV,0
6,3,270,270,6,1,HV,0
6,3,272,272,6,1,HV,0
6,3,78,82,7,5,PC,0
6,3,85,97,7,13,PC,0
6,3,73,73,8,1,PT,0
6,3,118,121,9,4,RCL,0
6,3,124,124,9,1,RCL,0
6,3,127,269,9,143,RCL,0
6,3,271,278,9,8,RCL,0
6,3,73,73,10,1,RP,0
6,3,76,76,10,1,RP,0
6,3,78,78,10,1,RP,0
6,3,86,91,10,6,RP,0
6,3,93,98,10,6,RP,0
6,3,124,124,10,1,RP,0
6,3,70,72,11,3,RS,0
6,3,76,90,11,15,RS,0
6,3,93,98,11,6,RS,0
6,3,269,269,11,1,RS,0
6,3,271,275,11,5,RS,0
6,3,277,277,11,1,RS,0
6,3,282,283,11,2,RS,0
6,4,156,156,1,1,AC,0
6,4,159,159,1,1,AC,0
6,4,164,164,1,1,AC,0
6,4,166,174,1,9,AC,0
6,4,176,176,1,1,AC,0
6,4,179,182,1,4,AC,0
6,4,184,186,1,3,AC,0
6,4,190,216,1,27,AC,0
6,4,147,147,2,1,BV,0
6,4,163,166,2,4,BV,0
6,4,180,183,2,4,BV,0
6,4,188,191,2,4,BV,0
6,4,196,203,2,8,BV,0
6,4,127,127,3,1,BW,0
6,4,134,136,3,3,BW,0
6,4,141,141,3,1,BW,0
6,4,143,148,3,6,BW,0
6,4,151,154,3,4,BW,0
6,4,160,175,3,16,BW,0
6,4,179,185,3,7,BW,0
6,4,187,189,3,3,BW,0
6,4,195,216,3,22,BW,0
6,4,147,147,4,1,GC,0
6,4,155,156,4,2,GC,0
6,4,160,160,4,1,GC,0
6,4,162,183,4,22,GC,0
6,4,187,190,4,4,GC,0
6,4,196,216,4,21,GC,0
6,4,144,144,5,1,HV,0
6,4,147,148,5,2,HV,0
6,4,151,155,5,5,HV,0
6,4,157,174,5,18,HV,0
6,4,176,176,5,1,HV,0
6,4,181,187,5,7,HV,0
6,4,189,190,5,2,HV,0
6,4,195,195,5,1,HV,0
6,4,202,203,5,2,HV,0
6,4,83,83,6,1,PC,0
6,4,85,118,6,34,PC,0
6,4,120,121,6,2,PC,0
6,4,62,62,7,1,PT,0
6,4,70,71,7,2,PT,0
6,4,86,90,7,5,PT,0
6,4,128,129,7,2,PT,0
6,4,143,143,7,1,PT,0
6,4,110,273,8,164,RCL,0
6,4,56,56,9,1,RP,0
6,4,87,87,9,1,RP,0
6,4,52,56,10,5,RS,0
6,4,182,182,10,1,RS,0
6,4,262,262,10,1,RS,0
6,4,302,302,10,1,RS,0
6,4,356,356,10,1,RS,0
6,5,146,146,1,1,BV,0
6,5,156,157,1,2,BV,0
6,5,254,254,1,1,BV,0
6,5,110,110,2,1,BW,0
6,5,116,117,2,2,BW,0
6,5,137,138,2,2,BW,0
6,5,145,147,2,3,BW,0
6,5,149,149,2,1,BW,0
6,5,156,157,2,2,BW,0
6,5,174,174,2,1,BW,0
6,5,157,157,3,1,HC,0
6,5,231,231,3,1,HC,0
6,5,157,157,4,1,HV,0
6,5,59,59,5,1,PC,0
6,5,64,64,5,1,PC,0
6,5,78,78,5,1,PC,0
6,5,80,93,5,14,PC,0
6,5,110,110,5,1,PC,0
6,5,113,113,5,1,PC,0
6,5,117,117,5,1,PC,0
6,5,126,126,5,1,PC,0
6,5,128,128,5,1,PC,0
6,5,58,58,6,1,PT,0
6,5,90,90,6,1,PT,0
6,5,135,135,7,1,RCA,0
6,5,138,138,7,1,RCA,0
6,5,145,145,7,1,RCA,0
6,5,152,154,7,3,RCA,0
6,5,157,179,7,23,RCA,0
6,5,181,181,7,1,RCA,0
6,5,187,193,7,7,RCA,0
6,5,110,247,8,138,RCL,0
6,5,249,263,8,15,RCL,0
6,5,109,117,9,9,RP,0
6,5,122,122,9,1,RP,0
6,5,63,67,10,5,RS,0
6,5,77,77,10,1,RS,0
6,5,93,93,10,1,RS,0
6,5,109,110,10,2,RS,0
6,5,127,129,10,3,RS,0
6,6,136,136,1,1,AC,0
6,6,138,139,1,2,AC,0
6,6,141,141,1,1,AC,0
6,6,157,157,1,1,AC,0
6,6,159,160,1,2,AC,0
6,6,166,166,1,1,AC,0
6,6,173,173,1,1,AC,0
6,6,196,197,2,2,BV,0
6,6,246,249,2,4,BV,0
6,6,115,117,3,3,BW,0
6,6,133,134,3,2,BW,0
6,6,140,141,3,2,BW,0
6,6,148,149,3,2,BW,0
6,6,154,155,3,2,BW,0
6,6,177,178,3,2,BW,0
6,6,180,180,3,1,BW,0
6,6,196,197,3,2,BW,0
6,6,115,117,4,3,HV,0
6,6,155,155,4,1,HV,0
6,6,74,74,5,1,PC,0
6,6,82,86,5,5,PC,0
6,6,107,121,5,15,PC,0
6,6,165,165,6,1,RCA,0
6,6,124,152,7,29,RCL,0
6,6,154,160,7,7,RCL,0
6,6,162,177,7,16,RCL,0
6,6,180,182,7,3,RCL,0
6,6,184,184,7,1,RCL,0
6,6,187,189,7,3,RCL,0
6,6,191,194,7,4,RCL,0
6,6,197,208,7,12,RCL,0
6,6,210,212,7,3,RCL,0
6,6,214,216,7,3,RCL,0
6,6,218,228,7,11,RCL,0
6,6,231,233,7,3,RCL,0
6,6,236,241,7,6,RCL,0
6,6,268,268,7,1,RCL,0
6,6,86,88,8,3,RP,0
6,6,107,113,8,7,RP,0
6,6,115,117,8,3,RP,0
6,6,56,63,9,8,RS,0
6,6,67,67,9,1,RS,0
6,6,72,75,9,4,RS,0
6,6,82,82,9,1,RS,0
6,6,86,87,9,2,RS,0
6,6,98,98,9,1,RS,0
6,6,107,108,9,2,RS,0
6,6,112,117,9,6,RS,0
6,6,288,288,9,1,RS,0
6,6,293,293,9,1,RS,0
6,6,301,301,9,1,RS,0
6,6,303,304,9,2,RS,0
6,6,311,313,9,3,RS,0
6,6,315,321,9,7,RS,0
6,6,327,328,9,2,RS,0
6,7,156,156,1,1,AC,0
6,7,171,171,1,1,AC,0
6,7,180,180,1,1,AC,0
6,7,183,184,1,2,AC,0
6,7,186,186,1,1,AC,0
6,7,206,206,1,1,AC,0
6,7,208,208,1,1,AC,0
6,7,211,211,1,1,AC,0
6,7,219,219,1,1,AC,0
6,7,226,226,1,1,AC,0
6,7,229,235,1,7,AC,0
6,7,237,239,1,3,AC,0
6,7,245,246,1,2,AC,0
6,7,149,149,2,1,BV,0
6,7,162,162,2,1,BV,0
6,7,169,171,2,3,BV,0
6,7,213,215,2,3,BV,0
6,7,230,230,2,1,BV,0
6,7,240,245,2,6,BV,0
6,7,106,109,3,4,BW,0
6,7,113,115,3,3,BW,0
6,7,136,139,3,4,BW,0
6,7,146,146,3,1,BW,0
6,7,149,151,3,3,BW,0
6,7,159,162,3,4,BW,0
6,7,168,171,3,4,BW,0
6,7,178,179,3,2,BW,0
6,7,186,186,3,1,BW,0
6,7,191,191,3,1,BW,0
6,7,194,195,3,2,BW,0
6,7,213,218,3,6,BW,0
6,7,222,223,3,2,BW,0
6,7,226,226,3,1,BW,0
6,7,228,229,3,2,BW,0
6,7,234,243,3,10,BW,0
6,7,151,155,4,5,GC,0
6,7,171,171,4,1,GC,0
6,7,179,180,4,2,GC,0
6,7,185,186,4,2,GC,0
6,7,189,189,4,1,GC,0
6,7,196,198,4,3,GC,0
6,7,202,205,4,4,GC,0
6,7,213,213,4,1,GC,0
6,7,215,219,4,5,GC,0
6,7,224,226,4,3,GC,0
6,7,229,229,4,1,GC,0
6,7,109,109,5,1,HV,0
6,7,113,113,5,1,HV,0
6,7,149,162,5,14,HV,0
6,7,169,170,5,2,HV,0
6,7,178,179,5,2,HV,0
6,7,183,187,5,5,HV,0
6,7,192,192,5,1,HV,0
6,7,194,196,5,3,HV,0
6,7,199,199,5,1,HV,0
6,7,201,206,5,6,HV,0
6,7,210,213,5,4,HV,0
6,7,216,219,5,4,HV,0
6,7,224,226,5,3,HV,0
6,7,229,232,5,4,HV,0
6,7,234,234,5,1,HV,0
6,7,238,239,5,2,HV,0
6,7,38,38,6,1,PC,0
6,7,64,64,6,1,PC,0
6,7,70,71,6,2,PC,0
6,7,77,81,6,5,PC,0
6,7,86,86,6,1,PC,0
6,7,93,101,6,9,PC,0
6,7,107,108,6,2,PC,0
6,7,138,139,7,2,RCA,0
6,7,183,183,7,1,RCA,0
6,7,107,120,8,14,RCL,0
6,7,130,130,8,1,RCL,0
6,7,136,147,8,12,RCL,0
6,7,149,221,8,73,RCL,0
6,7,223,226,8,4,RCL,0
6,7,228,273,8,46,RCL,0
6,7,275,275,8,1,RCL,0
6,7,81,84,9,4,RP,0
6,7,86,86,9,1,RP,0
6,7,98,98,9,1,RP,0
6,7,38,41,10,4,RS,0
6,7,47,47,10,1,RS,0
6,7,49,49,10,1,RS,0
6,7,53,54,10,2,RS,0
6,7,56,56,10,1,RS,0
6,7,64,67,10,4,RS,0
6,7,69,71,10,3,RS,0
6,7,77,88,10,12,RS,0
6,7,92,101,10,10,RS,0
6,7,106,116,10,11,RS,0
6,7,120,122,10,3,RS,0
6,7,124,125,10,2,RS,0
6,7,127,131,10,5,RS,0
6,7,133,147,10,15,RS,0
6,7,149,161,10,13,RS,0
6,7,170,174,10,5,RS,0
6,7,215,220,10,6,RS,0
6,7,223,226,10,4,RS,0
6,7,229,231,10,3,RS,0
6,7,234,235,10,2,RS,0
6,7,240,245,10,6,RS,0
6,7,256,257,10,2,RS,0
6,7,259,259,10,1,RS,0
6,7,262,264,10,3,RS,0
6,7,267,268,10,2,RS,0
6,7,270,275,10,6,RS,0
6,7,280,283,10,4,RS,0
6,7,292,292,10,1,RS,0
6,7,307,307,10,1,RS,0
6,8,127,127,1,1,AC,0
6,8,129,129,1,1,AC,0
6,8,134,134,1,1,AC,0
6,8,138,144,1,7,AC,0
6,8,147,163,1,17,AC,0
6,8,165,247,1,83,AC,0
6,8,249,250,1,2,AC,0
6,8,252,256,1,5,AC,0
6,8,140,140,2,1,BV,0
6,8,156,158,2,3,BV,0
6,8,163,164,2,2,BV,0
6,8,167,169,2,3,BV,0
6,8,177,177,2,1,BV,0
6,8,189,190,2,2,BV,0
6,8,252,253,2,2,BV,0
6,8,259,260,2,2,BV,0
6,8,104,104,3,1,BW,0
6,8,114,116,3,3,BW,0
6,8,135,141,3,7,BW,0
6,8,154,155,3,2,BW,0
6,8,157,158,3,2,BW,0
6,8,162,163,3,2,BW,0
6,8,167,169,3,3,BW,0
6,8,176,177,3,2,BW,0
6,8,189,190,3,2,BW,0
6,8,252,253,3,2,BW,0
6,8,259,260,3,2,BW,0
6,8,166,166,4,1,GC,0
6,8,168,173,4,6,GC,0
6,8,176,178,4,3,GC,0
6,8,184,186,4,3,GC,0
6,8,189,191,4,3,GC,0
6,8,158,158,5,1,HC,0
6,8,161,161,5,1,HC,0
6,8,168,169,5,2,HC,0
6,8,172,173,5,2,HC,0
6,8,176,193,5,18,HC,0
6,8,198,199,5,2,HC,0
6,8,202,203,5,2,HC,0
6,8,206,207,5,2,HC,0
6,8,210,210,5,1,HC,0
6,8,219,219,5,1,HC,0
6,8,222,222,5,1,HC,0
6,8,231,231,5,1,HC,0
6,8,116,116,6,1,HV,0
6,8,137,141,6,5,HV,0
6,8,149,149,6,1,HV,0
6,8,154,154,6,1,HV,0
6,8,156,158,6,3,HV,0
6,8,161,163,6,3,HV,0
6,8,165,165,6,1,HV,0
6,8,167,169,6,3,HV,0
6,8,73,73,7,1,PC,0
6,8,77,83,7,7,PC,0
6,8,87,99,7,13,PC,0
6,8,105,105,7,1,PC,0
6,8,114,114,8,1,RCL,0
6,8,116,121,8,6,RCL,0
6,8,124,129,8,6,RCL,0
6,8,134,137,8,4,RCL,0
6,8,139,283,8,145,RCL,0
6,8,285,287,8,3,RCL,0
6,8,289,289,8,1,RCL,0
6,8,82,83,9,2,RP,0
6,8,88,89,9,2,RP,0
6,8,55,55,10,1,RS,0
6,8,60,64,10,5,RS,0
6,8,66,66,10,1,RS,0
6,8,68,68,10,1,RS,0
6,8,72,72,10,1,RS,0
6,8,74,83,10,10,RS,0
6,8,88,89,10,2,RS,0
6,8,93,93,10,1,RS,0
6,8,96,96,10,1,RS,0
6,8,120,121,10,2,RS,0
6,8,123,127,10,5,RS,0
6,8,139,144,10,6,RS,0
6,8,150,150,10,1,RS,0
6,8,153,155,10,3,RS,0
6,8,252,261,10,10,RS,0
6,8,265,268,10,4,RS,0
6,8,273,276,10,4,RS,0
6,8,284,285,10,2,RS,0
6,9,137,233,1,97,AC,0
6,9,138,141,2,4,BV,0
6,9,152,154,2,3,BV,0
6,9,168,170,2,3,BV,0
6,9,189,190,2,2,BV,0
6,9,239,241,2,3,BV,0
6,9,267,267,2,1,BV,0
6,9,112,113,3,2,BW,0
6,9,121,121,3,1,BW,0
6,9,126,126,3,1,BW,0
6,9,134,136,3,3,BW,0
6,9,138,139,3,2,BW,0
6,9,152,154,3,3,BW,0
6,9,163,163,3,1,BW,0
6,9,168,169,3,2,BW,0
6,9,172,172,3,1,BW,0
6,9,182,182,3,1,BW,0
6,9,190,190,3,1,BW,0
6,9,236,236,3,1,BW,0
6,9,240,240,3,1,BW,0
6,9,267,267,3,1,BW,0
6,9,156,156,4,1,GC,0
6,9,170,171,4,2,GC,0
6,9,180,180,4,1,GC,0
6,9,189,190,4,2,GC,0
6,9,268,268,4,1,GC,0
6,9,155,157,5,3,HC,0
6,9,159,162,5,4,HC,0
6,9,178,178,5,1,HC,0
6,9,180,180,5,1,HC,0
6,9,189,189,5,1,HC,0
6,9,193,203,5,11,HC,0
6,9,205,206,5,2,HC,0
6,9,208,211,5,4,HC,0
6,9,135,136,6,2,HV,0
6,9,138,140,6,3,HV,0
6,9,152,156,6,5,HV,0
6,9,158,160,6,3,HV,0
6,9,166,169,6,4,HV,0
6,9,172,174,6,3,HV,0
6,9,180,180,6,1,HV,0
6,9,185,185,6,1,HV,0
6,9,189,189,6,1,HV,0
6,9,268,268,6,1,HV,0
6,9,281,281,6,1,HV,0
6,9,283,283,6,1,HV,0
6,9,290,290,6,1,HV,0
6,9,83,83,7,1,PC,0
6,9,99,103,7,5,PC,0
6,9,111,111,7,1,PC,0
6,9,100,100,8,1,PT,0
6,9,113,113,8,1,PT,0
6,9,94,94,9,1,RCL,0
6,9,122,122,9,1,RCL,0
6,9,137,249,9,113,RCL,0
6,9,251,255,9,5,RCL,0
6,9,258,264,9,7,RCL,0
6,9,266,276,9,11,RCL,0
6,9,279,279,9,1,RCL,0
6,9,102,107,10,6,RP,0
6,9,110,113,10,4,RP,0
6,9,119,120,10,2,RP,0
6,9,122,122,10,1,RP,0
6,9,125,125,10,1,RP,0
6,9,129,131,10,3,RP,0
6,9,133,135,10,3,RP,0
6,9,67,76,11,10,RS,0
6,9,82,85,11,4,RS,0
6,9,100,106,11,7,RS,0
6,9,108,108,11,1,RS,0
6,9,111,113,11,3,RS,0
6,9,268,270,11,3,RS,0
6,9,303,303,11,1,RS,0
6,9,309,310,11,2,RS,0
6,9,314,314,11,1,RS,0
6,10,117,118,1,2,AC,0
6,10,122,122,1,1,AC,0
6,10,128,133,1,6,AC,0
6,10,137,137,1,1,AC,0
6,10,139,155,1,17,AC,0
6,10,157,257,1,101,AC,0
6,10,259,259,1,1,AC,0
6,10,163,163,2,1,BV,0
6,10,165,165,2,1,BV,0
6,10,182,183,2,2,BV,0
6,10,209,212,2,4,BV,0
6,10,235,236,2,2,BV,0
6,10,245,246,2,2,BV,0
6,10,113,113,3,1,BW,0
6,10,116,119,3,4,BW,0
6,10,140,140,3,1,BW,0
6,10,158,158,3,1,BW,0
6,10,162,163,3,2,BW,0
6,10,165,165,3,1,BW,0
6,10,181,182,3,2,BW,0
6,10,187,188,3,2,BW,0
6,10,167,169,4,3,GC,0
6,10,181,184,4,4,GC,0
6,10,187,190,4,4,GC,0
6,10,199,199,4,1,GC,0
6,10,209,212,4,4,GC,0
6,10,227,229,4,3,GC,0
6,10,234,235,4,2,GC,0
6,10,245,246,4,2,GC,0
6,10,163,166,5,4,HC,0
6,10,168,168,5,1,HC,0
6,10,174,174,5,1,HC,0
6,10,176,178,5,3,HC,0
6,10,181,184,5,4,HC,0
6,10,186,186,5,1,HC,0
6,10,188,190,5,3,HC,0
6,10,192,192,5,1,HC,0
6,10,194,196,5,3,HC,0
6,10,198,200,5,3,HC,0
6,10,202,208,5,7,HC,0
6,10,210,214,5,5,HC,0
6,10,217,223,5,7,HC,0
6,10,225,226,5,2,HC,0
6,10,228,228,5,1,HC,0
6,10,230,232,5,3,HC,0
6,10,235,238,5,4,HC,0
6,10,241,241,5,1,HC,0
6,10,245,246,5,2,HC,0
6,10,250,250,5,1,HC,0
6,10,117,117,6,1,HV,0
6,10,148,148,6,1,HV,0
6,10,152,152,6,1,HV,0
6,10,162,165,6,4,HV,0
6,10,169,169,6,1,HV,0
6,10,181,183,6,3,HV,0
6,10,186,188,6,3,HV,0
6,10,207,221,6,15,HV,0
6,10,227,227,6,1,HV,0
6,10,234,236,6,3,HV,0
6,10,245,245,6,1,HV,0
6,10,66,66,7,1,PC,0
6,10,78,79,7,2,PC,0
6,10,84,84,7,1,PC,0
6,10,87,87,7,1,PC,0
6,10,89,93,7,5,PC,0
6,10,59,63,8,5,PT,0
6,10,79,79,8,1,PT,0
6,10,94,94,8,1,PT,0
6,10,118,272,9,155,RCL,0
6,10,274,275,9,2,RCL,0
6,10,285,286,9,2,RCL,0
6,10,288,288,9,1,RCL,0
6,10,111,112,10,2,RS,0
6,10,152,154,10,3,RS,0
6,10,157,157,10,1,RS,0
6,10,264,264,10,1,RS,0
6,10,266,266,10,1,RS,0
6,10,296,296,10,1,RS,0
6,10,298,298,10,1,RS,0
6,10,306,306,10,1,RS,0
6,10,327,327,10,1,RS,0
6,11,125,144,1,20,AC,0
6,11,146,148,1,3,AC,0
6,11,150,158,1,9,AC,0
6,11,160,160,1,1,AC,0
6,11,162,242,1,81,AC,0
6,11,245,254,1,10,AC,0
6,11,256,256,1,1,AC,0
6,11,258,260,1,3,AC,0
6,11,263,263,1,1,AC,0
6,11,136,136,2,1,BV,0
6,11,143,143,2,1,BV,0
6,11,147,147,2,1,BV,0
6,11,165,169,2,5,BV,0
6,11,201,202,2,2,BV,0
6,11,226,227,2,2,BV,0
6,11,103,105,3,3,BW,0
6,11,135,137,3,3,BW,0
6,11,143,144,3,2,BW,0
6,11,147,147,3,1,BW,0
6,11,164,166,3,3,BW,0
6,11,168,169,3,2,BW,0
6,11,200,202,3,3,BW,0
6,11,227,227,3,1,BW,0
6,11,137,137,4,1,GC,0
6,11,146,148,4,3,GC,0
6,11,154,154,4,1,GC,0
6,11,156,158,4,3,GC,0
6,11,160,160,4,1,GC,0
6,11,165,172,4,8,GC,0
6,11,174,176,4,3,GC,0
6,11,179,180,4,2,GC,0
6,11,183,184,4,2,GC,0
6,11,186,187,4,2,GC,0
6,11,192,198,4,7,GC,0
6,11,200,203,4,4,GC,0
6,11,225,228,4,4,GC,0
6,11,250,250,4,1,GC,0
6,11,137,141,5,5,HC,0
6,11,143,144,5,2,HC,0
6,11,147,147,5,1,HC,0
6,11,155,157,5,3,HC,0
6,11,165,172,5,8,HC,0
6,11,174,177,5,4,HC,0
6,11,182,183,5,2,HC,0
6,11,185,185,5,1,HC,0
6,11,187,188,5,2,HC,0
6,11,192,206,5,15,HC,0
6,11,209,209,5,1,HC,0
6,11,211,215,5,5,HC,0
6,11,217,221,5,5,HC,0
6,11,224,232,5,9,HC,0
6,11,235,235,5,1,HC,0
6,11,237,237,5,1,HC,0
6,11,239,239,5,1,HC,0
6,11,241,241,5,1,HC,0
6,11,243,243,5,1,HC,0
6,11,245,250,5,6,HC,0
6,11,137,138,6,2,HV,0
6,11,142,148,6,7,HV,0
6,11,154,154,6,1,HV,0
6,11,159,159,6,1,HV,0
6,11,166,172,6,7,HV,0
6,11,55,58,7,4,PC,0
6,11,72,75,7,4,PC,0
6,11,77,79,7,3,PC,0
6,11,82,82,7,1,PC,0
6,11,84,84,7,1,PC,0
6,11,97,106,7,10,PC,0
6,11,119,148,8,30,RCL,0
6,11,150,270,8,121,RCL,0
6,11,272,273,8,2,RCL,0
6,11,275,276,8,2,RCL,0
6,11,77,77,9,1,RP,0
6,11,79,82,9,4,RP,0
6,11,85,86,9,2,RP,0
6,11,106,106,9,1,RP,0
6,11,145,145,9,1,RP,0
6,11,50,50,10,1,RS,0
6,11,52,52,10,1,RS,0
6,11,55,58,10,4,RS,0
6,11,64,64,10,1,RS,0
6,11,71,90,10,20,RS,0
6,11,93,110,10,18,RS,0
6,11,112,122,10,11,RS,0
6,11,125,125,10,1,RS,0
6,11,127,129,10,3,RS,0
6,11,144,147,10,4,RS,0
6,11,149,149,10,1,RS,0
6,11,153,153,10,1,RS,0
6,11,155,155,10,1,RS,0
6,12,105,105,1,1,AC,0
6,12,111,111,1,1,AC,0
6,12,114,114,1,1,AC,0
6,12,117,119,1,3,AC,0
6,12,121,220,1,100,AC,0
6,12,222,257,1,36,AC,0
6,12,100,102,2,3,BV,0
6,12,104,105,2,2,BV,0
6,12,117,117,2,1,BV,0
6,12,144,145,2,2,BV,0
6,12,160,162,2,3,BV,0
6,12,165,165,2,1,BV,0
6,12,186,188,2,3,BV,0
6,12,193,193,2,1,BV,0
6,12,216,219,2,4,BV,0
6,12,99,101,3,3,BW,0
6,12,117,118,3,2,BW,0
6,12,125,125,3,1,BW,0
6,12,128,128,3,1,BW,0
6,12,130,132,3,3,BW,0
6,12,143,144,3,2,BW,0
6,12,150,157,3,8,BW,0
6,12,160,162,3,3,BW,0
6,12,164,167,3,4,BW,0
6,12,179,179,3,1,BW,0
6,12,181,187,3,7,BW,0
6,12,191,193,3,3,BW,0
6,12,198,199,3,2,BW,0
6,12,217,219,3,3,BW,0
6,12,221,222,3,2,BW,0
6,12,234,234,3,1,BW,0
6,12,131,132,4,2,GC,0
6,12,143,157,4,15,GC,0
6,12,160,162,4,3,GC,0
6,12,165,166,4,2,GC,0
6,12,170,174,4,5,GC,0
6,12,178,178,4,1,GC,0
6,12,181,183,4,3,GC,0
6,12,185,189,4,5,GC,0
6,12,193,194,4,2,GC,0
6,12,196,196,4,1,GC,0
6,12,199,199,4,1,GC,0
6,12,213,213,4,1,GC,0
6,12,216,221,4,6,GC,0
6,12,224,229,4,6,GC,0
6,12,231,236,4,6,GC,0
6,12,149,152,5,4,HC,0
6,12,156,156,5,1,HC,0
6,12,164,167,5,4,HC,0
6,12,169,171,5,3,HC,0
6,12,173,175,5,3,HC,0
6,12,177,177,5,1,HC,0
6,12,181,183,5,3,HC,0
6,12,187,188,5,2,HC,0
6,12,192,194,5,3,HC,0
6,12,196,197,5,2,HC,0
6,12,199,200,5,2,HC,0
6,12,202,207,5,6,HC,0
6,12,209,209,5,1,HC,0
6,12,228,228,5,1,HC,0
6,12,230,231,5,2,HC,0
6,12,234,235,5,2,HC,0
6,12,252,252,5,1,HC,0
6,12,156,156,6,1,HV,0
6,12,158,162,6,5,HV,0
6,12,185,188,6,4,HV,0
6,12,193,194,6,2,HV,0
6,12,197,198,6,2,HV,0
6,12,216,232,6,17,HV,0
6,12,235,235,6,1,HV,0
6,12,270,271,6,2,HV,0
6,12,102,102,7,1,RCL,0
6,12,105,106,7,2,RCL,0
6,12,110,190,7,81,RCL,0
6,12,192,271,7,80,RCL,0
6,12,77,80,8,4,RP,0
6,12,107,126,9,20,RS,0
6,12,132,132,9,1,RS,0
6,12,137,137,9,1,RS,0
6,12,250,251,9,2,RS,0
6,12,256,264,9,9,RS,0
6,12,267,267,9,1,RS,0
6,12,269,271,9,3,RS,0
6,12,274,276,9,3,RS,0
6,12,279,283,9,5,RS,0
6,12,285,298,9,14,RS,0
6,12,301,301,9,1,RS,0
6,12,303,303,9,1,RS,0
6,12,305,308,9,4,RS,0
6,12,315,315,9,1,RS,0
6,13,118,118,1,1,AC,0
6,13,125,126,1,2,AC,0
6,13,129,135,1,7,AC,0
6,13,137,137,1,1,AC,0
6,13,139,148,1,10,AC,0
6,13,151,151,1,1,AC,0
6,13,153,216,1,64,AC,0
6,13,219,220,1,2,AC,0
6,13,223,230,1,8,AC,0
6,13,232,232,1,1,AC,0
6,13,134,134,2,1,BV,0
6,13,169,170,2,2,BV,0
6,13,180,182,2,3,BV,0
6,13,185,186,2,2,BV,0
6,13,224,225,2,2,BV,0
6,13,227,227,2,1,BV,0
6,13,102,105,3,4,BW,0
6,13,108,108,3,1,BW,0
6,13,117,119,3,3,BW,0
6,13,126,126,3,1,BW,0
6,13,132,133,3,2,BW,0
6,13,157,158,3,2,BW,0
6,13,163,164,3,2,BW,0
6,13,168,170,3,3,BW,0
6,13,180,182,3,3,BW,0
6,13,164,167,4,4,GC,0
6,13,169,172,4,4,GC,0
6,13,178,190,4,13,GC,0
6,13,192,195,4,4,GC,0
6,13,229,230,4,2,GC,0
6,13,160,161,5,2,HC,0
6,13,163,184,5,22,HC,0
6,13,186,188,5,3,HC,0
6,13,190,195,5,6,HC,0
6,13,197,207,5,11,HC,0
6,13,209,232,5,24,HC,0
6,13,123,123,6,1,HV,0
6,13,125,126,6,2,HV,0
6,13,133,134,6,2,HV,0
6,13,156,158,6,3,HV,0
6,13,161,169,6,9,HV,0
6,13,180,182,6,3,HV,0
6,13,184,184,6,1,HV,0
6,13,186,187,6,2,HV,0
6,13,223,223,6,1,HV,0
6,13,227,227,6,1,HV,0
6,13,229,229,6,1,HV,0
6,13,35,35,7,1,PC,0
6,13,51,51,8,1,PT,0
6,13,118,119,9,2,RCL,0
6,13,122,232,9,111,RCL,0
6,13,90,90,10,1,RS,0
6,13,94,94,10,1,RS,0
6,13,101,110,10,10,RS,0
6,13,118,125,10,8,RS,0
6,13,129,129,10,1,RS,0
6,13,156,160,10,5,RS,0
6,13,181,181,10,1,RS,0
6,13,195,195,10,1,RS,0
6,14,129,130,1,2,AC,0
6,14,140,146,1,7,AC,0
6,14,148,159,1,12,AC,0
6,14,163,173,1,11,AC,0
6,14,175,224,1,50,AC,0
6,14,226,230,1,5,AC,0
6,14,235,237,1,3,AC,0
6,14,245,245,1,1,AC,0
6,14,140,140,2,1,BV,0
6,14,152,158,2,7,BV,0
6,14,163,166,2,4,BV,0
6,14,175,176,2,2,BV,0
6,14,189,189,2,1,BV,0
6,14,212,213,2,2,BV,0
6,14,226,228,2,3,BV,0
6,14,108,108,3,1,BW,0
6,14,118,119,3,2,BW,0
6,14,128,130,3,3,BW,0
6,14,138,141,3,4,BW,0
6,14,151,157,3,7,BW,0
6,14,159,159,3,1,BW,0
6,14,163,166,3,4,BW,0
6,14,174,176,3,3,BW,0
6,14,182,189,3,8,BW,0
6,14,196,197,3,2,BW,0
6,14,205,206,3,2,BW,0
6,14,211,212,3,2,BW,0
6,14,225,227,3,3,BW,0
6,14,155,155,4,1,GC,0
6,14,157,158,4,2,GC,0
6,14,164,165,4,2,GC,0
6,14,167,170,4,4,GC,0
6,14,172,172,4,1,GC,0
6,14,174,182,4,9,GC,0
6,14,186,189,4,4,GC,0
6,14,191,199,4,9,GC,0
6,14,202,202,4,1,GC,0
6,14,205,206,4,2,GC,0
6,14,227,227,4,1,GC,0
6,14,140,141,5,2,HC,0
6,14,143,143,5,1,HC,0
6,14,151,153,5,3,HC,0
6,14,156,158,5,3,HC,0
6,14,164,165,5,2,HC,0
6,14,172,172,5,1,HC,0
6,14,177,178,5,2,HC,0
6,14,180,180,5,1,HC,0
6,14,183,230,5,48,HC,0
6,14,155,159,6,5,HV,0
6,14,163,169,6,7,HV,0
6,14,174,181,6,8,HV,0
6,14,185,193,6,9,HV,0
6,14,196,198,6,3,HV,0
6,14,207,207,6,1,HV,0
6,14,212,212,6,1,HV,0
6,14,225,228,6,4,HV,0
6,14,156,158,7,3,RCA,0
6,14,163,173,7,11,RCA,0
6,14,175,177,7,3,RCA,0
6,14,179,181,7,3,RCA,0
6,14,186,195,7,10,RCA,0
6,14,197,206,7,10,RCA,0
6,14,227,229,7,3,RCA,0
6,14,118,121,8,4,RCL,0
6,14,127,160,8,34,RCL,0
6,14,163,181,8,19,RCL,0
6,14,185,206,8,22,RCL,0
6,14,221,230,8,10,RCL,0
6,14,235,236,8,2,RCL,0
6,14,238,239,8,2,RCL,0
6,14,247,247,8,1,RCL,0
6,14,269,269,8,1,RCL,0
6,14,275,276,8,2,RCL,0
6,14,77,78,9,2,RP,0
6,14,80,83,9,4,RP,0
6,14,86,87,9,2,RP,0
6,14,91,94,9,4,RP,0
6,14,96,96,9,1,RP,0
6,14,100,101,9,2,RP,0
6,14,104,107,9,4,RP,0
6,14,67,67,10,1,RS,0
6,14,72,72,10,1,RS,0
6,14,74,75,10,2,RS,0
6,14,77,83,10,7,RS,0
6,14,86,88,10,3,RS,0
6,14,91,100,10,10,RS,0
6,14,104,104,10,1,RS,0
6,14,146,146,10,1,RS,0
6,14,148,149,10,2,RS,0
6,14,155,156,10,2,RS,0
6,14,226,228,10,3,RS,0
6,14,254,254,10,1,RS,0
6,14,256,256,10,1,RS,0
6,14,269,270,10,2,RS,0
6,14,275,281,10,7,RS,0
6,14,283,286,10,4,RS,0
6,14,288,300,10,13,RS,0
6,14,303,303,10,1,RS,0
6,14,315,315,10,1,RS,0
6,14,317,317,10,1,RS,0
6,14,321,321,10,1,RS,0
6,15,124,124,1,1,AC,0
6,15,130,130,1,1,AC,0
6,15,132,144,1,13,AC,0
6,15,146,167,1,22,AC,0
6,15,169,232,1,64,AC,0
6,15,235,240,1,6,AC,0
6,15,242,245,1,4,AC,0
6,15,247,250,1,4,AC,0
6,15,134,135,2,2,BV,0
6,15,139,143,2,5,BV,0
6,15,150,156,2,7,BV,0
6,15,161,163,2,3,BV,0
6,15,167,167,2,1,BV,0
6,15,170,171,2,2,BV,0
6,15,173,175,2,3,BV,0
6,15,196,197,2,2,BV,0
6,15,116,118,3,3,BW,0
6,15,124,126,3,3,BW,0
6,15,130,130,3,1,BW,0
6,15,133,136,3,4,BW,0
6,15,139,143,3,5,BW,0
6,15,149,167,3,19,BW,0
6,15,170,190,3,21,BW,0
6,15,192,199,3,8,BW,0
6,15,203,203,3,1,BW,0
6,15,205,206,3,2,BW,0
6,15,140,140,4,1,GC,0
6,15,154,156,4,3,GC,0
6,15,158,158,4,1,GC,0
6,15,160,163,4,4,GC,0
6,15,165,165,4,1,GC,0
6,15,167,170,4,4,GC,0
6,15,173,176,4,4,GC,0
6,15,178,178,4,1,GC,0
6,15,180,197,4,18,GC,0
6,15,201,201,4,1,GC,0
6,15,206,207,4,2,GC,0
6,15,213,214,4,2,GC,0
6,15,139,140,5,2,HC,0
6,15,142,143,5,2,HC,0
6,15,149,151,5,3,HC,0
6,15,153,157,5,5,HC,0
6,15,160,163,5,4,HC,0
6,15,166,167,5,2,HC,0
6,15,170,178,5,9,HC,0
6,15,180,184,5,5,HC,0
6,15,186,190,5,5,HC,0
6,15,192,201,5,10,HC,0
6,15,203,216,5,14,HC,0
6,15,219,220,5,2,HC,0
6,15,224,224,5,1,HC,0
6,15,133,136,6,4,HV,0
6,15,139,144,6,6,HV,0
6,15,147,199,6,53,HV,0
6,15,201,201,6,1,HV,0
6,15,258,258,6,1,HV,0
6,15,130,130,7,1,RCA,0
6,15,132,133,7,2,RCA,0
6,15,135,136,7,2,RCA,0
6,15,138,214,7,77,RCA,0
6,15,218,218,7,1,RCA,0
6,15,107,107,8,1,RCL,0
6,15,116,243,8,128,RCL,0
6,15,245,268,8,24,RCL,0
6,15,105,105,9,1,RP,0
6,15,95,95,10,1,RS,0
6,15,97,103,10,7,RS,0
6,15,106,106,10,1,RS,0
6,15,110,110,10,1,RS,0
6,15,125,129,10,5,RS,0
6,15,134,137,10,4,RS,0
6,15,152,179,10,28,RS,0
6,15,195,198,10,4,RS,0
6,15,261,261,10,1,RS,0
6,15,265,272,10,8,RS,0
6,15,276,276,10,1,RS,0
6,15,281,281,10,1,RS,0
6,15,286,289,10,4,RS,0
6,15,291,292,10,2,RS,0
6,15,298,298,10,1,RS,0
6,15,301,301,10,1,RS,0
6,15,304,304,10,1,RS,0
6,15,325,327,10,3,RS,0
6,16,128,130,1,3,AC,0
6,16,133,134,1,2,AC,0
6,16,136,137,1,2,AC,0
6,16,139,140,1,2,AC,0
6,16,142,180,1,39,AC,0
6,16,183,228,1,46,AC,0
6,16,232,244,1,13,AC,0
6,16,136,137,2,2,BV,0
6,16,143,144,2,2,BV,0
6,16,176,177,2,2,BV,0
6,16,128,129,3,2,BW,0
6,16,134,134,3,1,BW,0
6,16,136,137,3,2,BW,0
6,16,148,148,3,1,BW,0
6,16,158,160,3,3,BW,0
6,16,165,165,3,1,BW,0
6,16,169,170,3,2,BW,0
6,16,174,176,3,3,BW,0
6,16,183,184,3,2,BW,0
6,16,186,187,3,2,BW,0
6,16,192,192,3,1,BW,0
6,16,143,143,4,1,GC,0
6,16,146,147,4,2,GC,0
6,16,149,149,4,1,GC,0
6,16,156,156,4,1,GC,0
6,16,158,160,4,3,GC,0
6,16,169,172,4,4,GC,0
6,16,176,177,4,2,GC,0
6,16,186,194,4,9,GC,0
6,16,235,235,4,1,GC,0
6,16,256,258,4,3,GC,0
6,16,148,148,5,1,HC,0
6,16,169,172,5,4,HC,0
6,16,174,174,5,1,HC,0
6,16,176,177,5,2,HC,0
6,16,195,196,5,2,HC,0
6,16,199,200,5,2,HC,0
6,16,129,129,6,1,HV,0
6,16,136,137,6,2,HV,0
6,16,147,148,6,2,HV,0
6,16,170,178,6,9,HV,0
6,16,180,193,6,14,HV,0
6,16,196,196,6,1,HV,0
6,16,199,199,6,1,HV,0
6,16,234,234,6,1,HV,0
6,16,252,252,6,1,HV,0
6,16,255,263,6,9,HV,0
6,16,265,268,6,4,HV,0
6,16,80,81,7,2,PC,0
6,16,86,87,7,2,PC,0
6,16,93,93,7,1,PC,0
6,16,97,97,7,1,PC,0
6,16,39,39,8,1,PT,0
6,16,41,42,8,2,PT,0
6,16,48,48,8,1,PT,0
6,16,51,51,8,1,PT,0
6,16,57,57,8,1,PT,0
6,16,98,98,8,1,PT,0
6,16,136,136,8,1,PT,0
6,16,145,146,9,2,RCA,0
6,16,148,149,9,2,RCA,0
6,16,151,155,9,5,RCA,0
6,16,157,160,9,4,RCA,0
6,16,171,172,9,2,RCA,0
6,16,177,179,9,3,RCA,0
6,16,186,188,9,3,RCA,0
6,16,190,192,9,3,RCA,0
6,16,194,194,9,1,RCA,0
6,16,118,118,10,1,RCL,0
6,16,124,129,10,6,RCL,0
6,16,131,133,10,3,RCL,0
6,16,135,163,10,29,RCL,0
6,16,165,173,10,9,RCL,0
6,16,175,200,10,26,RCL,0
6,16,202,210,10,9,RCL,0
6,16,213,219,10,7,RCL,0
6,16,224,225,10,2,RCL,0
6,16,227,227,10,1,RCL,0
6,16,229,229,10,1,RCL,0
6,16,235,241,10,7,RCL,0
6,16,253,272,10,20,RCL,0
6,16,275,275,10,1,RCL,0
6,16,98,98,11,1,RP,0
6,16,76,89,12,14,RS,0
6,16,97,98,12,2,RS,0
6,16,103,103,12,1,RS,0
6,16,249,249,12,1,RS,0
6,16,256,263,12,8,RS,0
6,16,266,269,12,4,RS,0
6,16,273,273,12,1,RS,0
6,16,282,282,12,1,RS,0
6,16,304,304,12,1,RS,0
6,16,308,309,12,2,RS,0
6,16,312,312,12,1,RS,0
6,16,315,316,12,2,RS,0
6,17,117,117,1,1,AC,0
6,17,119,119,1,1,AC,0
6,17,121,121,1,1,AC,0
6,17,123,123,1,1,AC,0
6,17,125,127,1,3,AC,0
6,17,129,138,1,10,AC,0
6,17,140,215,1,76,AC,0
6,17,217,217,1,1,AC,0
6,17,220,220,1,1,AC,0
6,17,222,223,1,2,AC,0
6,17,225,232,1,8,AC,0
6,17,234,236,1,3,AC,0
6,17,240,241,1,2,AC,0
6,17,243,243,1,1,AC,0
6,17,170,170,2,1,BV,0
6,17,173,174,2,2,BV,0
6,17,232,233,2,2,BV,0
6,17,104,105,3,2,BW,0
6,17,121,121,3,1,BW,0
6,17,124,127,3,4,BW,0
6,17,129,131,3,3,BW,0
6,17,137,138,3,2,BW,0
6,17,145,146,3,2,BW,0
6,17,154,156,3,3,BW,0
6,17,167,167,3,1,BW,0
6,17,169,170,3,2,BW,0
6,17,172,172,3,1,BW,0
6,17,176,177,3,2,BW,0
6,17,168,168,4,1,GC,0
6,17,172,174,4,3,GC,0
6,17,176,178,4,3,GC,0
6,17,181,181,4,1,GC,0
6,17,184,186,4,3,GC,0
6,17,188,188,4,1,GC,0
6,17,190,193,4,4,GC,0
6,17,201,202,4,2,GC,0
6,17,224,225,4,2,GC,0
6,17,232,234,4,3,GC,0
6,17,234,234,5,1,HC,0
6,17,127,127,6,1,HV,0
6,17,131,131,6,1,HV,0
6,17,145,145,6,1,HV,0
6,17,156,158,6,3,HV,0
6,17,164,167,6,4,HV,0
6,17,169,170,6,2,HV,0
6,17,172,177,6,6,HV,0
6,17,179,185,6,7,HV,0
6,17,188,190,6,3,HV,0
6,17,200,200,6,1,HV,0
6,17,223,224,6,2,HV,0
6,17,231,232,6,2,HV,0
6,17,246,247,6,2,HV,0
6,17,266,267,6,2,HV,0
6,17,114,114,7,1,RCA,0
6,17,125,127,7,3,RCA,0
6,17,129,138,7,10,RCA,0
6,17,141,141,7,1,RCA,0
6,17,143,163,7,21,RCA,0
6,17,165,168,7,4,RCA,0
6,17,171,173,7,3,RCA,0
6,17,176,177,7,2,RCA,0
6,17,179,179,7,1,RCA,0
6,17,239,243,7,5,RCA,0
6,17,245,245,7,1,RCA,0
6,17,96,96,8,1,RCL,0
6,17,98,98,8,1,RCL,0
6,17,103,181,8,79,RCL,0
6,17,183,199,8,17,RCL,0
6,17,201,219,8,19,RCL,0
6,17,221,221,8,1,RCL,0
6,17,223,264,8,42,RCL,0
6,17,268,272,8,5,RCL,0
6,17,302,302,8,1,RCL,0
6,17,44,44,9,1,RS,0
6,17,46,48,9,3,RS,0
6,17,50,51,9,2,RS,0
6,17,77,80,9,4,RS,0
6,17,84,85,9,2,RS,0
6,17,88,88,9,1,RS,0
6,17,91,94,9,4,RS,0
6,17,106,106,9,1,RS,0
6,17,120,120,9,1,RS,0
6,17,130,130,9,1,RS,0
6,17,176,177,9,2,RS,0
6,17,266,270,9,5,RS,0
6,17,276,276,9,1,RS,0
6,17,279,279,9,1,RS,0
6,17,284,285,9,2,RS,0
6,17,302,302,9,1,RS,0
6,17,321,324,9,4,RS,0
6,18,113,113,1,1,AC,0
6,18,120,120,1,1,AC,0
6,18,129,130,1,2,AC,0
6,18,134,136,1,3,AC,0
6,18,138,138,1,1,AC,0
6,18,140,182,1,43,AC,0
6,18,184,202,1,19,AC,0
6,18,204,205,1,2,AC,0
6,18,241,241,1,1,AC,0
6,18,117,119,2,3,BV,0
6,18,148,149,2,2,BV,0
6,18,157,158,2,2,BV,0
6,18,168,170,2,3,BV,0
6,18,174,175,2,2,BV,0
6,18,198,199,2,2,BV,0
6,18,239,239,2,1,BV,0
6,18,115,115,3,1,BW,0
6,18,117,119,3,3,BW,0
6,18,130,130,3,1,BW,0
6,18,141,141,3,1,BW,0
6,18,145,149,3,5,BW,0
6,18,155,159,3,5,BW,0
6,18,168,169,3,2,BW,0
6,18,174,175,3,2,BW,0
6,18,198,198,3,1,BW,0
6,18,239,239,3,1,BW,0
6,18,168,171,4,4,GC,0
6,18,173,180,4,8,GC,0
6,18,183,183,4,1,GC,0
6,18,190,190,4,1,GC,0
6,18,198,201,4,4,GC,0
6,18,239,240,4,2,GC,0
6,18,268,268,4,1,GC,0
6,18,272,273,4,2,GC,0
6,18,156,157,5,2,HC,0
6,18,175,181,5,7,HC,0
6,18,183,184,5,2,HC,0
6,18,189,189,5,1,HC,0
6,18,202,205,5,4,HC,0
6,18,213,213,5,1,HC,0
6,18,239,239,5,1,HC,0
6,18,115,115,6,1,HV,0
6,18,117,119,6,3,HV,0
6,18,138,138,6,1,HV,0
6,18,148,149,6,2,HV,0
6,18,158,158,6,1,HV,0
6,18,169,169,6,1,HV,0
6,18,174,176,6,3,HV,0
6,18,198,198,6,1,HV,0
6,18,238,239,6,2,HV,0
6,18,268,269,6,2,HV,0
6,18,272,272,6,1,HV,0
6,18,282,282,6,1,HV,0
6,18,115,123,7,9,RCL,0
6,18,125,181,7,57,RCL,0
6,18,183,191,7,9,RCL,0
6,18,198,207,7,10,RCL,0
6,18,209,209,7,1,RCL,0
6,18,211,215,7,5,RCL,0
6,18,218,219,7,2,RCL,0
6,18,224,224,7,1,RCL,0
6,18,239,248,7,10,RCL,0
6,18,252,253,7,2,RCL,0
6,18,268,278,7,11,RCL,0
6,18,281,289,7,9,RCL,0
6,18,291,295,7,5,RCL,0
6,18,37,37,8,1,RS,0
6,18,49,49,8,1,RS,0
6,18,96,97,8,2,RS,0
6,18,101,108,8,8,RS,0
6,18,115,118,8,4,RS,0
6,18,256,256,8,1,RS,0
6,18,273,274,8,2,RS,0
6,18,280,286,8,7,RS,0
6,18,291,293,8,3,RS,0
6,18,300,303,8,4,RS,0
6,18,309,310,8,2,RS,0
6,18,314,322,8,9,RS,0
6,19,133,133,1,1,AC,0
6,19,138,237,1,100,AC,0
6,19,240,248,1,9,AC,0
6,19,140,142,2,3,BV,0
6,19,144,148,2,5,BV,0
6,19,152,152,2,1,BV,0
6,19,162,164,2,3,BV,0
6,19,167,167,2,1,BV,0
6,19,177,179,2,3,BV,0
6,19,195,195,2,1,BV,0
6,19,267,267,2,1,BV,0
6,19,139,142,3,4,BW,0
6,19,144,146,3,3,BW,0
6,19,152,152,3,1,BW,0
6,19,156,156,3,1,BW,0
6,19,160,164,3,5,BW,0
6,19,166,167,3,2,BW,0
6,19,169,169,3,1,BW,0
6,19,172,173,3,2,BW,0
6,19,177,184,3,8,BW,0
6,19,187,187,3,1,BW,0
6,19,190,192,3,3,BW,0
6,19,194,196,3,3,BW,0
6,19,202,206,3,5,BW,0
6,19,208,208,3,1,BW,0
6,19,150,154,4,5,GC,0
6,19,156,156,4,1,GC,0
6,19,160,182,4,23,GC,0
6,19,184,188,4,5,GC,0
6,19,194,199,4,6,GC,0
6,19,201,206,4,6,GC,0
6,19,208,214,4,7,GC,0
6,19,267,268,4,2,GC,0
6,19,162,162,5,1,HC,0
6,19,169,171,5,3,HC,0
6,19,181,181,5,1,HC,0
6,19,184,184,5,1,HC,0
6,19,192,206,5,15,HC,0
6,19,213,216,5,4,HC,0
6,19,236,236,5,1,HC,0
6,19,241,241,5,1,HC,0
6,19,244,244,5,1,HC,0
6,19,138,156,6,19,HV,0
6,19,158,158,6,1,HV,0
6,19,160,164,6,5,HV,0
6,19,166,179,6,14,HV,0
6,19,181,181,6,1,HV,0
6,19,183,188,6,6,HV,0
6,19,190,190,6,1,HV,0
6,19,192,206,6,15,HV,0
6,19,208,214,6,7,HV,0
6,19,223,225,6,3,HV,0
6,19,241,241,6,1,HV,0
6,19,243,245,6,3,HV,0
6,19,253,253,6,1,HV,0
6,19,259,259,6,1,HV,0
6,19,267,267,6,1,HV,0
6,19,270,270,6,1,HV,0
6,19,63,63,7,1,PC,0
6,19,81,81,8,1,PT,0
6,19,141,141,8,1,PT,0
6,19,214,214,9,1,RCA,0
6,19,62,64,10,3,RCL,0
6,19,72,73,10,2,RCL,0
6,19,85,85,10,1,RCL,0
6,19,95,100,10,6,RCL,0
6,19,126,220,10,95,RCL,0
6,19,222,224,10,3,RCL,0
6,19,226,227,10,2,RCL,0
6,19,231,242,10,12,RCL,0
6,19,267,282,10,16,RCL,0
6,19,60,60,11,1,RP,0
6,19,62,63,11,2,RP,0
6,19,68,74,11,7,RP,0
6,19,76,77,11,2,RP,0
6,19,80,88,11,9,RP,0
6,19,92,97,11,6,RP,0
6,19,99,102,11,4,RP,0
6,19,33,33,12,1,RS,0
6,19,35,35,12,1,RS,0
6,19,38,38,12,1,RS,0
6,19,43,44,12,2,RS,0
6,19,48,49,12,2,RS,0
6,19,53,55,12,3,RS,0
6,19,59,65,12,7,RS,0
6,19,68,85,12,18,RS,0
6,19,87,88,12,2,RS,0
6,19,95,95,12,1,RS,0
6,19,126,128,12,3,RS,0
6,19,149,152,12,4,RS,0
6,19,156,158,12,3,RS,0
6,19,178,179,12,2,RS,0
6,19,183,184,12,2,RS,0
6,19,195,196,12,2,RS,0
6,19,231,231,12,1,RS,0
6,19,245,245,12,1,RS,0
6,19,263,263,12,1,RS,0
6,19,267,283,12,17,RS,0
6,19,285,291,12,7,RS,0
6,19,294,294,12,1,RS,0
6,19,299,308,12,10,RS,0
6,19,310,315,12,6,RS,0
6,19,319,319,12,1,RS,0
6,20,106,106,1,1,AC,0
6,20,112,114,1,3,AC,0
6,20,124,127,1,4,AC,0
6,20,130,130,1,1,AC,0
6,20,136,136,1,1,AC,0
6,20,139,144,1,6,AC,0
6,20,146,146,1,1,AC,0
6,20,149,153,1,5,AC,0
6,20,155,156,1,2,AC,0
6,20,158,188,1,31,AC,0
6,20,191,193,1,3,AC,0
6,20,202,224,1,23,AC,0
6,20,228,228,1,1,AC,0
6,20,231,231,1,1,AC,0
6,20,138,138,2,1,BV,0
6,20,165,167,2,3,BV,0
6,20,169,169,2,1,BV,0
6,20,203,204,2,2,BV,0
6,20,257,257,2,1,BV,0
6,20,138,138,3,1,BW,0
6,20,150,150,3,1,BW,0
6,20,165,167,3,3,BW,0
6,20,172,172,3,1,BW,0
6,20,174,174,3,1,BW,0
6,20,202,202,3,1,BW,0
6,20,141,142,4,2,GC,0
6,20,146,146,4,1,GC,0
6,20,151,152,4,2,GC,0
6,20,165,169,4,5,GC,0
6,20,172,177,4,6,GC,0
6,20,202,206,4,5,GC,0
6,20,217,217,4,1,GC,0
6,20,257,257,4,1,GC,0
6,20,126,126,5,1,HC,0
6,20,130,130,5,1,HC,0
6,20,138,139,5,2,HC,0
6,20,145,146,5,2,HC,0
6,20,149,152,5,4,HC,0
6,20,167,167,5,1,HC,0
6,20,202,204,5,3,HC,0
6,20,206,206,5,1,HC,0
6,20,110,110,6,1,HV,0
6,20,124,127,6,4,HV,0
6,20,137,139,6,3,HV,0
6,20,142,142,6,1,HV,0
6,20,146,146,6,1,HV,0
6,20,148,152,6,5,HV,0
6,20,163,168,6,6,HV,0
6,20,172,173,6,2,HV,0
6,20,176,176,6,1,HV,0
6,20,179,184,6,6,HV,0
6,20,191,191,6,1,HV,0
6,20,199,199,6,1,HV,0
6,20,202,203,6,2,HV,0
6,20,215,216,6,2,HV,0
6,20,237,237,6,1,HV,0
6,20,240,240,6,1,HV,0
6,20,244,246,6,3,HV,0
6,20,256,257,6,2,HV,0
6,20,273,275,6,3,HV,0
6,20,345,345,6,1,HV,0
6,20,74,74,7,1,PT,0
6,20,81,82,7,2,PT,0
6,20,91,92,7,2,PT,0
6,20,109,110,7,2,PT,0
6,20,127,127,7,1,PT,0
6,20,135,135,7,1,PT,0
6,20,137,138,7,2,PT,0
6,20,113,115,8,3,RCL,0
6,20,125,130,8,6,RCL,0
6,20,134,136,8,3,RCL,0
6,20,138,159,8,22,RCL,0
6,20,162,162,8,1,RCL,0
6,20,164,170,8,7,RCL,0
6,20,172,177,8,6,RCL,0
6,20,187,187,8,1,RCL,0
6,20,189,189,8,1,RCL,0
6,20,191,191,8,1,RCL,0
6,20,194,195,8,2,RCL,0
6,20,201,208,8,8,RCL,0
6,20,210,210,8,1,RCL,0
6,20,212,214,8,3,RCL,0
6,20,216,217,8,2,RCL,0
6,20,219,219,8,1,RCL,0
6,20,222,222,8,1,RCL,0
6,20,228,229,8,2,RCL,0
6,20,233,233,8,1,RCL,0
6,20,236,236,8,1,RCL,0
6,20,257,259,8,3,RCL,0
6,20,265,265,8,1,RCL,0
6,20,273,274,8,2,RCL,0
6,20,276,277,8,2,RCL,0
6,20,75,75,9,1,RP,0
6,20,77,78,9,2,RP,0
6,20,81,81,9,1,RP,0
6,20,83,90,9,8,RP,0
6,20,93,104,9,12,RP,0
6,20,106,107,9,2,RP,0
6,20,62,62,10,1,RS,0
6,20,68,71,10,4,RS,0
6,20,73,75,10,3,RS,0
6,20,77,78,10,2,RS,0
6,20,81,83,10,3,RS,0
6,20,88,89,10,2,RS,0
6,20,95,98,10,4,RS,0
6,20,106,106,10,1,RS,0
6,20,110,111,10,2,RS,0
6,20,124,130,10,7,RS,0
6,20,137,138,10,2,RS,0
6,20,181,181,10,1,RS,0
6,20,204,204,10,1,RS,0
6,20,239,239,10,1,RS,0
6,20,246,246,10,1,RS,0
6,20,248,248,10,1,RS,0
6,20,268,268,10,1,RS,0
6,20,271,271,10,1,RS,0
6,20,273,285,10,13,RS,0
6,20,287,288,10,2,RS,0
6,20,290,290,10,1,RS,0
6,20,292,296,10,5,RS,0
6,20,312,312,10,1,RS,0
6,20,325,325,10,1,RS,0
6,20,340,340,10,1,RS,0
6,20,342,342,10,1,RS,0
6,20,345,345,10,1,RS,0
6,21,152,152,1,1,AC,0
6,21,154,155,1,2,AC,0
6,21,157,157,1,1,AC,0
6,21,159,159,1,1,AC,0
6,21,161,176,1,16,AC,0
6,21,178,180,1,3,AC,0
6,21,182,182,1,1,AC,0
6,21,184,193,1,10,AC,0
6,21,195,205,1,11,AC,0
6,21,207,227,1,21,AC,0
6,21,229,229,1,1,AC,0
6,21,232,235,1,4,AC,0
6,21,149,149,2,1,BV,0
6,21,154,155,2,2,BV,0
6,21,215,215,2,1,BV,0
6,21,149,149,3,1,BW,0
6,21,194,194,3,1,BW,0
6,21,208,208,3,1,BW,0
6,21,213,213,3,1,BW,0
6,21,215,215,3,1,BW,0
6,21,220,220,3,1,BW,0
6,21,150,150,4,1,GC,0
6,21,152,152,4,1,GC,0
6,21,157,157,4,1,GC,0
6,21,160,162,4,3,GC,0
6,21,165,165,4,1,GC,0
6,21,170,170,4,1,GC,0
6,21,173,174,4,2,GC,0
6,21,176,176,4,1,GC,0
6,21,178,178,4,1,GC,0
6,21,184,184,4,1,GC,0
6,21,186,189,4,4,GC,0
6,21,191,191,4,1,GC,0
6,21,204,204,4,1,GC,0
6,21,214,216,4,3,GC,0
6,21,223,224,4,2,GC,0
6,21,150,150,5,1,HC,0
6,21,144,144,6,1,HV,0
6,21,147,150,6,4,HV,0
6,21,156,158,6,3,HV,0
6,21,161,189,6,29,HV,0
6,21,207,208,6,2,HV,0
6,21,213,215,6,3,HV,0
6,21,220,221,6,2,HV,0
6,21,241,244,6,4,HV,0
6,21,254,254,6,1,HV,0
6,21,257,258,6,2,HV,0
6,21,27,27,7,1,PT,0
6,21,31,33,7,3,PT,0
6,21,47,53,7,7,PT,0
6,21,79,85,7,7,PT,0
6,21,87,87,7,1,PT,0
6,21,89,93,7,5,PT,0
6,21,95,95,7,1,PT,0
6,21,97,103,7,7,PT,0
6,21,108,110,7,3,PT,0
6,21,133,133,7,1,PT,0
6,21,140,140,7,1,PT,0
6,21,147,148,7,2,PT,0
6,21,156,157,7,2,PT,0
6,21,165,165,7,1,PT,0
6,21,139,139,8,1,RCL,0
6,21,141,141,8,1,RCL,0
6,21,143,143,8,1,RCL,0
6,21,145,145,8,1,RCL,0
6,21,147,147,8,1,RCL,0
6,21,149,197,8,49,RCL,0
6,21,201,235,8,35,RCL,0
6,21,237,245,8,9,RCL,0
6,21,258,258,8,1,RCL,0
6,21,88,94,9,7,RP,0
6,21,96,99,9,4,RP,0
6,21,101,102,9,2,RP,0
6,21,104,104,9,1,RP,0
6,21,106,107,9,2,RP,0
6,21,109,110,9,2,RP,0
6,21,113,113,9,1,RP,0
6,21,12,12,10,1,RS,0
6,21,16,16,10,1,RS,0
6,21,20,20,10,1,RS,0
6,21,23,23,10,1,RS,0
6,21,28,28,10,1,RS,0
6,21,31,35,10,5,RS,0
6,21,42,42,10,1,RS,0
6,21,45,53,10,9,RS,0
6,21,82,86,10,5,RS,0
6,21,89,91,10,3,RS,0
6,21,94,95,10,2,RS,0
6,21,97,98,10,2,RS,0
6,21,101,102,10,2,RS,0
6,21,135,136,10,2,RS,0
6,21,147,149,10,3,RS,0
6,21,167,170,10,4,RS,0
6,21,175,176,10,2,RS,0
6,21,179,180,10,2,RS,0
6,21,186,186,10,1,RS,0
6,21,214,214,10,1,RS,0
6,21,232,232,10,1,RS,0
6,21,241,241,10,1,RS,0
6,21,247,247,10,1,RS,0
6,21,249,249,10,1,RS,0
6,21,262,264,10,3,RS,0
6,21,268,268,10,1,RS,0
6,21,272,272,10,1,RS,0
6,21,278,278,10,1,RS,0
6,21,285,285,10,1,RS,0
6,21,287,287,10,1,RS,0
6,21,301,303,10,3,RS,0
6,21,309,315,10,7,RS,0
6,21,321,321,10,1,RS,0
6,21,323,323,10,1,RS,0
6,21,333,333,10,1,RS,0
6,21,345,347,10,3,RS,0
6,21,356,356,10,1,RS,0
6,22,156,159,1,4,AC,0
6,22,163,163,1,1,AC,0
6,22,167,167,1,1,AC,0
6,22,153,156,2,4,GC,0
6,22,122,122,3,1,HV,0
6,22,128,128,3,1,HV,0
6,22,133,133,3,1,HV,0
6,22,144,145,3,2,HV,0
6,22,150,150,3,1,HV,0
6,22,270,270,3,1,HV,0
6,22,108,111,4,4,PC,0
6,22,24,25,5,2,PT,0
6,22,35,35,5,1,PT,0
6,22,59,59,5,1,PT,0
6,22,73,75,5,3,PT,0
6,22,77,80,5,4,PT,0
6,22,88,88,5,1,PT,0
6,22,92,92,5,1,PT,0
6,22,96,97,5,2,PT,0
6,22,99,105,5,7,PT,0
6,22,107,109,5,3,PT,0
6,22,112,112,5,1,PT,0
6,22,114,114,5,1,PT,0
6,22,116,119,5,4,PT,0
6,22,122,122,5,1,PT,0
6,22,137,137,6,1,RCA,0
6,22,101,101,7,1,RP,0
6,22,105,105,7,1,RP,0
6,22,110,114,7,5,RP,0
6,22,116,117,7,2,RP,0
6,22,18,21,8,4,RS,0
6,22,23,23,8,1,RS,0
6,22,25,25,8,1,RS,0
6,22,74,75,8,2,RS,0
6,22,78,80,8,3,RS,0
6,22,89,89,8,1,RS,0
6,22,91,92,8,2,RS,0
6,22,100,103,8,4,RS,0
6,22,109,112,8,4,RS,0
6,22,116,117,8,2,RS,0
6,22,123,123,8,1,RS,0
6,22,131,131,8,1,RS,0
6,23,25,27,1,3,PT,0
6,23,8,10,2,3,RS,0
6,23,26,27,2,2,RS,0
7,1,132,132,1,1,BW,0
7,1,138,138,1,1,BW,0
7,1,147,150,1,4,BW,0
7,1,152,152,1,1,BW,0
7,1,154,154,1,1,BW,0
7,1,177,177,1,1,BW,0
7,1,180,180,1,1,BW,0
7,1,186,186,2,1,GC,0
7,1,189,191,2,3,GC,0
7,1,210,211,2,2,GC,0
7,1,193,193,3,1,HC,0
7,1,183,186,4,4,HV,0
7,1,188,189,4,2,HV,0
7,1,193,194,4,2,HV,0
7,1,209,211,4,3,HV,0
7,1,64,64,5,1,PC,0
7,1,71,71,5,1,PC,0
7,1,77,78,5,2,PC,0
7,1,82,82,5,1,PC,0
7,1,84,84,5,1,PC,0
7,1,93,93,5,1,PC,0
7,1,99,99,5,1,PC,0
7,1,117,117,5,1,PC,0
7,1,193,197,5,5,PC,0
7,1,90,90,6,1,PT,0
7,1,92,92,6,1,PT,0
7,1,228,228,7,1,RCA,0
7,1,108,108,8,1,RCL,0
7,1,124,162,8,39,RCL,0
7,1,170,183,8,14,RCL,0
7,1,186,186,8,1,RCL,0
7,1,188,232,8,45,RCL,0
7,1,241,241,8,1,RCL,0
7,1,246,247,8,2,RCL,0
7,1,249,258,8,10,RCL,0
7,1,260,263,8,4,RCL,0
7,1,269,273,8,5,RCL,0
7,1,275,275,8,1,RCL,0
7,1,98,98,9,1,RS,0
7,1,340,340,9,1,RS,0
7,2,146,147,1,2,BV,0
7,2,172,172,1,1,BV,0
7,2,144,147,2,4,BW,0
7,2,152,153,2,2,BW,0
7,2,163,163,2,1,BW,0
7,2,171,172,2,2,BW,0
7,2,175,176,2,2,BW,0
7,2,179,179,2,1,BW,0
7,2,195,196,2,2,BW,0
7,2,181,181,3,1,GC,0
7,2,225,226,3,2,GC,0
7,2,172,172,4,1,HV,0
7,2,224,225,4,2,HV,0
7,2,71,71,5,1,PC,0
7,2,78,78,5,1,PC,0
7,2,92,92,5,1,PC,0
7,2,99,99,5,1,PC,0
7,2,131,133,6,3,RCA,0
7,2,135,135,6,1,RCA,0
7,2,145,145,6,1,RCA,0
7,2,170,170,6,1,RCA,0
7,2,172,172,6,1,RCA,0
7,2,175,182,6,8,RCA,0
7,2,189,192,6,4,RCA,0
7,2,194,194,6,1,RCA,0
7,2,228,228,6,1,RCA,0
7,2,108,108,7,1,RCL,0
7,2,110,110,7,1,RCL,0
7,2,112,112,7,1,RCL,0
7,2,114,164,7,51,RCL,0
7,2,166,209,7,44,RCL,0
7,2,218,237,7,20,RCL,0
7,2,239,262,7,24,RCL,0
7,2,264,264,7,1,RCL,0
7,2,266,266,7,1,RCL,0
7,2,268,268,7,1,RCL,0
7,2,270,270,7,1,RCL,0
7,2,71,71,8,1,RS,0
7,2,78,78,8,1,RS,0
7,2,99,99,8,1,RS,0
7,2,106,106,8,1,RS,0
7,3,131,131,1,1,BW,0
7,3,144,145,1,2,BW,0
7,3,162,162,1,1,BW,0
7,3,165,166,1,2,BW,0
7,3,171,171,1,1,BW,0
7,3,187,189,1,3,BW,0
7,3,193,195,1,3,BW,0
7,3,202,204,2,3,GC,0
7,3,271,271,2,1,GC,0
7,3,123,123,3,1,HV,0
7,3,153,153,3,1,HV,0
7,3,194,200,3,7,HV,0
7,3,59,60,4,2,PC,0
7,3,67,73,4,7,PC,0
7,3,76,77,4,2,PC,0
7,3,79,79,4,1,PC,0
7,3,112,112,5,1,RCA,0
7,3,120,120,5,1,RCA,0
7,3,128,138,5,11,RCA,0
7,3,141,144,5,4,RCA,0
7,3,146,146,5,1,RCA,0
7,3,149,149,5,1,RCA,0
7,3,155,155,5,1,RCA,0
7,3,159,169,5,11,RCA,0
7,3,174,178,5,5,RCA,0
7,3,189,197,5,9,RCA,0
7,3,199,200,5,2,RCA,0
7,3,202,206,5,5,RCA,0
7,3,210,210,5,1,RCA,0
7,3,117,117,6,1,RCL,0
7,3,119,225,6,107,RCL,0
7,3,227,241,6,15,RCL,0
7,3,243,264,6,22,RCL,0
7,3,271,271,6,1,RCL,0
7,3,273,273,6,1,RCL,0
7,3,48,48,7,1,RS,0
7,3,58,58,7,1,RS,0
7,3,70,70,7,1,RS,0
7,3,72,77,7,6,RS,0
7,3,93,93,7,1,RS,0
7,3,113,113,7,1,RS,0
7,3,120,121,7,2,RS,0
7,3,123,133,7,11,RS,0
7,3,135,136,7,2,RS,0
7,3,274,274,7,1,RS,0
7,4,160,160,1,1,GC,0
7,4,167,167,1,1,GC,0
7,4,188,189,1,2,GC,0
7,4,188,189,2,2,HV,0
7,4,42,42,3,1,PC,0
7,4,86,86,3,1,PC,0
7,4,92,92,3,1,PC,0
7,4,102,103,3,2,PC,0
7,4,112,112,4,1,RCA,0
7,4,115,116,4,2,RCA,0
7,4,119,122,4,4,RCA,0
7,4,127,127,4,1,RCA,0
7,4,325,325,4,1,RCA,0
7,4,104,258,5,155,RCL,0
7,4,260,271,5,12,RCL,0
7,4,296,296,5,1,RCL,0
7,4,2,2,6,1,RS,0
7,4,73,82,6,10,RS,0
7,4,84,85,6,2,RS,0
7,4,87,90,6,4,RS,0
7,4,101,101,6,1,RS,0
7,4,261,261,6,1,RS,0
7,4,265,265,6,1,RS,0
7,4,319,319,6,1,RS,0
7,4,326,326,6,1,RS,0
7,4,328,328,6,1,RS,0
7,4,339,341,6,3,RS,0
7,4,348,348,6,1,RS,0
7,4,351,351,6,1,RS,0
7,4,362,365,6,4,RS,0
7,5,154,154,1,1,HV,0
7,5,156,156,1,1,HV,0
7,5,3,3,2,1,PC,0
7,5,26,28,2,3,PC,0
7,5,39,39,2,1,PC,0
7,5,59,59,2,1,PC,0
7,5,64,67,2,4,PC,0
7,5,69,70,2,2,PC,0
7,5,72,73,2,2,PC,0
7,5,77,78,2,2,PC,0
7,5,80,82,2,3,PC,0
7,5,84,85,2,2,PC,0
7,5,89,94,2,6,PC,0
7,5,66,66,3,1,PT,0
7,5,140,140,4,1,RCA,0
7,5,174,174,4,1,RCA,0
7,5,178,178,4,1,RCA,0
7,5,183,183,4,1,RCA,0
7,5,187,187,4,1,RCA,0
7,5,38,38,5,1,RCL,0
7,5,81,81,5,1,RCL,0
7,5,130,259,5,130,RCL,0
7,5,261,267,5,7,RCL,0
7,5,270,270,5,1,RCL,0
7,5,63,63,6,1,RS,0
7,5,65,66,6,2,RS,0
7,5,74,75,6,2,RS,0
7,5,77,81,6,5,RS,0
7,5,83,83,6,1,RS,0
7,5,86,86,6,1,RS,0
7,5,91,92,6,2,RS,0
7,5,264,264,6,1,RS,0
7,5,272,272,6,1,RS,0
7,5,283,283,6,1,RS,0
7,5,287,287,6,1,RS,0
7,5,296,296,6,1,RS,0
7,5,338,338,6,1,RS,0
7,5,340,340,6,1,RS,0
7,5,344,344,6,1,RS,0
7,6,137,137,1,1,AC,0
7,6,139,141,1,3,AC,0
7,6,143,143,1,1,AC,0
7,6,147,147,1,1,AC,0
7,6,149,151,1,3,AC,0
7,6,153,153,1,1,AC,0
7,6,155,157,1,3,AC,0
7,6,159,160,1,2,AC,0
7,6,162,178,1,17,AC,0
7,6,180,209,1,30,AC,0
7,6,211,220,1,10,AC,0
7,6,222,224,1,3,AC,0
7,6,226,229,1,4,AC,0
7,6,231,231,1,1,AC,0
7,6,235,243,1,9,AC,0
7,6,247,249,1,3,AC,0
7,6,251,253,1,3,AC,0
7,6,199,201,2,3,GC,0
7,6,115,115,3,1,PC,0
7,6,118,118,3,1,PC,0
7,6,198,198,3,1,PC,0
7,6,138,138,4,1,RCA,0
7,6,149,149,4,1,RCA,0
7,6,152,152,4,1,RCA,0
7,6,160,160,4,1,RCA,0
7,6,170,170,4,1,RCA,0
7,6,180,180,4,1,RCA,0
7,6,240,240,4,1,RCA,0
7,6,247,247,4,1,RCA,0
7,6,121,123,5,3,RCL,0
7,6,128,160,5,33,RCL,0
7,6,162,178,5,17,RCL,0
7,6,180,208,5,29,RCL,0
7,6,211,224,5,14,RCL,0
7,6,226,231,5,6,RCL,0
7,6,233,233,5,1,RCL,0
7,6,235,260,5,26,RCL,0
7,6,262,264,5,3,RCL,0
7,6,266,271,5,6,RCL,0
7,6,273,274,5,2,RCL,0
7,6,280,280,5,1,RCL,0
7,6,305,305,5,1,RCL,0
7,6,57,58,6,2,RS,0
7,6,61,61,6,1,RS,0
7,6,63,63,6,1,RS,0
7,6,66,66,6,1,RS,0
7,6,88,88,6,1,RS,0
7,6,98,98,6,1,RS,0
7,6,118,118,6,1,RS,0
7,6,288,297,6,10,RS,0
7,6,300,300,6,1,RS,0
7,7,138,138,1,1,AC,0
7,7,140,140,1,1,AC,0
7,7,146,147,1,2,AC,0
7,7,151,155,1,5,AC,0
7,7,158,164,1,7,AC,0
7,7,166,166,1,1,AC,0
7,7,169,176,1,8,AC,0
7,7,178,211,1,34,AC,0
7,7,248,253,1,6,AC,0
7,7,168,168,2,1,BW,0
7,7,170,172,2,3,BW,0
7,7,174,174,2,1,BW,0
7,7,171,172,3,2,GC,0
7,7,174,174,3,1,GC,0
7,7,178,180,3,3,GC,0
7,7,185,186,3,2,GC,0
7,7,195,198,3,4,GC,0
7,7,253,253,4,1,HC,0
7,7,194,195,5,2,HV,0
7,7,79,86,6,8,PC,0
7,7,88,88,6,1,PC,0
7,7,91,112,6,22,PC,0
7,7,114,114,6,1,PC,0
7,7,101,101,7,1,RCL,0
7,7,103,123,7,21,RCL,0
7,7,127,131,7,5,RCL,0
7,7,133,260,7,128,RCL,0
7,7,98,98,8,1,RS,0
7,7,268,268,8,1,RS,0
7,7,283,283,8,1,RS,0
7,7,295,295,8,1,RS,0
7,7,304,304,8,1,RS,0
7,7,307,309,8,3,RS,0
7,8,157,157,1,1,AC,0
7,8,162,162,1,1,AC,0
7,8,169,169,1,1,AC,0
7,8,171,172,1,2,AC,0
7,8,176,178,1,3,AC,0
7,8,182,184,1,3,AC,0
7,8,187,189,1,3,AC,0
7,8,191,195,1,5,AC,0
7,8,197,197,1,1,AC,0
7,8,199,202,1,4,AC,0
7,8,219,219,1,1,AC,0
7,8,261,261,1,1,AC,0
7,8,139,140,2,2,BV,0
7,8,167,168,2,2,BV,0
7,8,138,140,3,3,BW,0
7,8,157,157,3,1,BW,0
7,8,166,168,3,3,BW,0
7,8,176,176,3,1,BW,0
7,8,189,190,3,2,BW,0
7,8,168,168,4,1,HV,0
7,8,258,258,4,1,HV,0
7,8,61,61,5,1,PC,0
7,8,69,69,5,1,PC,0
7,8,73,73,5,1,PC,0
7,8,86,88,5,3,PC,0
7,8,96,105,5,10,PC,0
7,8,107,107,5,1,PC,0
7,8,89,89,6,1,RCL,0
7,8,104,106,6,3,RCL,0
7,8,112,145,6,34,RCL,0
7,8,147,161,6,15,RCL,0
7,8,163,271,6,109,RCL,0
7,8,55,55,7,1,RS,0
7,8,60,70,7,11,RS,0
7,8,73,79,7,7,RS,0
7,8,81,83,7,3,RS,0
7,8,86,89,7,4,RS,0
7,8,92,92,7,1,RS,0
7,8,96,97,7,2,RS,0
7,8,99,99,7,1,RS,0
7,8,259,260,7,2,RS,0
7,9,157,158,1,2,AC,0
7,9,160,160,1,1,AC,0
7,9,162,165,1,4,AC,0
7,9,167,176,1,10,AC,0
7,9,178,181,1,4,AC,0
7,9,183,213,1,31,AC,0
7,9,215,219,1,5,AC,0
7,9,221,222,1,2,AC,0
7,9,225,225,1,1,AC,0
7,9,227,227,1,1,AC,0
7,9,236,238,1,3,AC,0
7,9,240,245,1,6,AC,0
7,9,247,248,1,2,AC,0
7,9,251,255,1,5,AC,0
7,9,109,109,2,1,BW,0
7,9,138,140,2,3,BW,0
7,9,159,159,2,1,BW,0
7,9,168,170,2,3,BW,0
7,9,178,178,2,1,BW,0
7,9,239,239,2,1,BW,0
7,9,171,171,3,1,GC,0
7,9,179,179,3,1,GC,0
7,9,187,187,3,1,GC,0
7,9,189,192,3,4,GC,0
7,9,142,142,4,1,HV,0
7,9,160,160,4,1,HV,0
7,9,167,170,4,4,HV,0
7,9,99,103,5,5,PC,0
7,9,134,136,5,3,PC,0
7,9,126,127,6,2,RCL,0
7,9,129,129,6,1,RCL,0
7,9,136,213,6,78,RCL,0
7,9,215,268,6,54,RCL,0
7,9,270,270,6,1,RCL,0
7,9,272,272,6,1,RCL,0
7,9,104,104,7,1,RP,0
7,9,66,66,8,1,RS,0
7,9,68,78,8,11,RS,0
7,9,82,85,8,4,RS,0
7,9,89,96,8,8,RS,0
7,9,98,107,8,10,RS,0
7,9,110,112,8,3,RS,0
7,9,136,136,8,1,RS,0
7,9,269,270,8,2,RS,0
7,9,274,274,8,1,RS,0
7,10,152,152,1,1,AC,0
7,10,162,162,1,1,AC,0
7,10,168,168,1,1,AC,0
7,10,171,171,1,1,AC,0
7,10,174,176,1,3,AC,0
7,10,179,179,1,1,AC,0
7,10,181,181,1,1,AC,0
7,10,183,185,1,3,AC,0
7,10,190,207,1,18,AC,0
7,10,209,209,1,1,AC,0
7,10,211,215,1,5,AC,0
7,10,217,225,1,9,AC,0
7,10,227,231,1,5,AC,0
7,10,233,236,1,4,AC,0
7,10,238,249,1,12,AC,0
7,10,255,255,1,1,AC,0
7,10,171,173,2,3,BV,0
7,10,140,140,3,1,BW,0
7,10,146,148,3,3,BW,0
7,10,158,160,3,3,BW,0
7,10,165,167,3,3,BW,0
7,10,169,174,3,6,BW,0
7,10,176,178,3,3,BW,0
7,10,187,188,3,2,BW,0
7,10,188,192,4,5,GC,0
7,10,212,213,4,2,GC,0
7,10,234,237,4,4,GC,0
7,10,245,245,4,1,GC,0
7,10,212,212,5,1,HC,0
7,10,147,147,6,1,HV,0
7,10,234,234,6,1,HV,0
7,10,96,96,7,1,PC,0
7,10,98,106,7,9,PC,0
7,10,108,109,7,2,PC,0
7,10,111,112,7,2,PC,0
7,10,116,116,8,1,RCL,0
7,10,119,261,8,143,RCL,0
7,10,264,265,8,2,RCL,0
7,10,267,267,8,1,RCL,0
7,10,269,270,8,2,RCL,0
7,10,275,275,8,1,RCL,0
7,10,319,319,8,1,RCL,0
7,10,77,80,9,4,RS,0
7,10,83,86,9,4,RS,0
7,10,89,89,9,1,RS,0
7,10,91,97,9,7,RS,0
7,10,100,100,9,1,RS,0
7,10,102,102,9,1,RS,0
7,10,319,319,9,1,RS,0
7,11,126,126,1,1,AC,0
7,11,139,139,1,1,AC,0
7,11,148,148,1,1,AC,0
7,11,154,155,1,2,AC,0
7,11,157,157,1,1,AC,0
7,11,159,160,1,2,AC,0
7,11,166,167,1,2,AC,0
7,11,169,172,1,4,AC,0
7,11,175,179,1,5,AC,0
7,11,181,182,1,2,AC,0
7,11,187,187,1,1,AC,0
7,11,189,189,1,1,AC,0
7,11,191,194,1,4,AC,0
7,11,196,206,1,11,AC,0
7,11,210,210,1,1,AC,0
7,11,227,227,1,1,AC,0
7,11,229,233,1,5,AC,0
7,11,143,143,2,1,BV,0
7,11,147,148,2,2,BV,0
7,11,201,201,2,1,BV,0
7,11,227,228,2,2,BV,0
7,11,120,120,3,1,BW,0
7,11,125,127,3,3,BW,0
7,11,137,137,3,1,BW,0
7,11,143,144,3,2,BW,0
7,11,147,148,3,2,BW,0
7,11,155,155,3,1,BW,0
7,11,165,165,3,1,BW,0
7,11,168,169,3,2,BW,0
7,11,200,201,3,2,BW,0
7,11,226,227,3,2,BW,0
7,11,227,228,4,2,GC,0
7,11,99,99,5,1,HV,0
7,11,147,148,5,2,HV,0
7,11,79,79,6,1,RCL,0
7,11,81,81,6,1,RCL,0
7,11,89,89,6,1,RCL,0
7,11,98,98,6,1,RCL,0
7,11,101,101,6,1,RCL,0
7,11,103,106,6,4,RCL,0
7,11,109,113,6,5,RCL,0
7,11,118,127,6,10,RCL,0
7,11,131,131,6,1,RCL,0
7,11,134,188,6,55,RCL,0
7,11,190,212,6,23,RCL,0
7,11,215,219,6,5,RCL,0
7,11,221,242,6,22,RCL,0
7,11,244,244,6,1,RCL,0
7,11,248,281,6,34,RCL,0
7,11,283,285,6,3,RCL,0
7,11,287,290,6,4,RCL,0
7,11,58,58,7,1,RS,0
7,11,64,64,7,1,RS,0
7,11,72,76,7,5,RS,0
7,11,108,110,7,3,RS,0
7,12,156,156,1,1,AC,0
7,12,163,163,1,1,AC,0
7,12,174,174,1,1,AC,0
7,12,177,177,1,1,AC,0
7,12,185,185,1,1,AC,0
7,12,190,190,1,1,AC,0
7,12,192,206,1,15,AC,0
7,12,209,209,1,1,AC,0
7,12,211,211,1,1,AC,0
7,12,217,217,1,1,AC,0
7,12,219,219,1,1,AC,0
7,12,222,241,1,20,AC,0
7,12,132,132,2,1,BV,0
7,12,153,155,2,3,BV,0
7,12,168,170,2,3,BV,0
7,12,183,183,2,1,BV,0
7,12,193,196,2,4,BV,0
7,12,99,100,3,2,BW,0
7,12,122,122,3,1,BW,0
7,12,127,129,3,3,BW,0
7,12,131,132,3,2,BW,0
7,12,143,144,3,2,BW,0
7,12,152,155,3,4,BW,0
7,12,161,161,3,1,BW,0
7,12,168,170,3,3,BW,0
7,12,182,183,3,2,BW,0
7,12,193,193,3,1,BW,0
7,12,121,121,4,1,GC,0
7,12,160,161,4,2,GC,0
7,12,169,171,4,3,GC,0
7,12,176,176,4,1,GC,0
7,12,182,182,4,1,GC,0
7,12,193,193,4,1,GC,0
7,12,219,219,4,1,GC,0
7,12,225,225,4,1,GC,0
7,12,122,122,5,1,HV,0
7,12,99,106,6,8,RCL,0
7,12,108,263,6,156,RCL,0
7,12,265,265,6,1,RCL,0
7,12,268,268,6,1,RCL,0
7,12,277,277,6,1,RCL,0
7,12,283,283,6,1,RCL,0
7,12,301,301,7,1,RS,0
7,13,133,134,1,2,AC,0
7,13,144,145,1,2,AC,0
7,13,164,164,1,1,AC,0
7,13,167,167,1,1,AC,0
7,13,179,184,1,6,AC,0
7,13,186,208,1,23,AC,0
7,13,210,210,1,1,AC,0
7,13,212,217,1,6,AC,0
7,13,219,220,1,2,AC,0
7,13,227,233,1,7,AC,0
7,13,235,235,1,1,AC,0
7,13,238,239,1,2,AC,0
7,13,133,134,2,2,BV,0
7,13,163,164,2,2,BV,0
7,13,180,182,2,3,BV,0
7,13,227,229,2,3,BV,0
7,13,116,116,3,1,BW,0
7,13,125,126,3,2,BW,0
7,13,132,133,3,2,BW,0
7,13,155,155,3,1,BW,0
7,13,157,157,3,1,BW,0
7,13,163,164,3,2,BW,0
7,13,180,181,3,2,BW,0
7,13,227,229,3,3,BW,0
7,13,180,180,4,1,GC,0
7,13,182,182,4,1,GC,0
7,13,217,217,4,1,GC,0
7,13,225,226,4,2,GC,0
7,13,228,230,4,3,GC,0
7,13,164,164,5,1,HV,0
7,13,180,181,5,2,HV,0
7,13,114,114,6,1,RCL,0
7,13,118,118,6,1,RCL,0
7,13,122,122,6,1,RCL,0
7,13,126,126,6,1,RCL,0
7,13,132,134,6,3,RCL,0
7,13,139,140,6,2,RCL,0
7,13,144,148,6,5,RCL,0
7,13,151,151,6,1,RCL,0
7,13,154,273,6,120,RCL,0
7,13,275,275,6,1,RCL,0
7,13,294,294,6,1,RCL,0
7,13,311,311,6,1,RCL,0
7,13,51,51,7,1,RS,0
7,13,74,74,7,1,RS,0
7,13,79,79,7,1,RS,0
7,13,82,82,7,1,RS,0
7,13,84,84,7,1,RS,0
7,13,93,104,7,12,RS,0
7,13,107,108,7,2,RS,0
7,13,115,119,7,5,RS,0
7,13,124,126,7,3,RS,0
7,13,133,135,7,3,RS,0
7,13,139,139,7,1,RS,0
7,13,288,288,7,1,RS,0
7,13,291,291,7,1,RS,0
7,14,145,145,1,1,AC,0
7,14,152,153,1,2,AC,0
7,14,163,163,1,1,AC,0
7,14,165,167,1,3,AC,0
7,14,170,170,1,1,AC,0
7,14,172,172,1,1,AC,0
7,14,176,176,1,1,AC,0
7,14,178,178,1,1,AC,0
7,14,180,180,1,1,AC,0
7,14,182,182,1,1,AC,0
7,14,184,184,1,1,AC,0
7,14,186,186,1,1,AC,0
7,14,192,193,1,2,AC,0
7,14,195,196,1,2,AC,0
7,14,198,208,1,11,AC,0
7,14,210,211,1,2,AC,0
7,14,235,235,1,1,AC,0
7,14,238,238,1,1,AC,0
7,14,242,242,1,1,AC,0
7,14,184,186,2,3,BV,0
7,14,189,189,2,1,BV,0
7,14,205,206,2,2,BV,0
7,14,212,213,2,2,BV,0
7,14,128,130,3,3,BW,0
7,14,152,153,3,2,BW,0
7,14,175,177,3,3,BW,0
7,14,180,180,3,1,BW,0
7,14,184,186,3,3,BW,0
7,14,189,189,3,1,BW,0
7,14,202,202,3,1,BW,0
7,14,204,207,3,4,BW,0
7,14,212,213,3,2,BW,0
7,14,162,162,4,1,GC,0
7,14,164,165,4,2,GC,0
7,14,167,171,4,5,GC,0
7,14,175,186,4,12,GC,0
7,14,188,193,4,6,GC,0
7,14,195,195,4,1,GC,0
7,14,197,198,4,2,GC,0
7,14,200,200,4,1,GC,0
7,14,207,207,4,1,GC,0
7,14,211,215,4,5,GC,0
7,14,227,231,4,5,GC,0
7,14,234,235,4,2,GC,0
7,14,189,189,5,1,HC,0
7,14,196,196,6,1,HV,0
7,14,116,116,7,1,RCL,0
7,14,118,122,7,5,RCL,0
7,14,125,132,7,8,RCL,0
7,14,134,134,7,1,RCL,0
7,14,136,224,7,89,RCL,0
7,14,226,256,7,31,RCL,0
7,14,258,263,7,6,RCL,0
7,14,269,270,7,2,RCL,0
7,14,272,273,7,2,RCL,0
7,14,310,310,7,1,RCL,0
7,14,163,163,8,1,RS,0
7,14,226,226,8,1,RS,0
7,14,272,272,8,1,RS,0
7,14,283,283,8,1,RS,0
7,14,290,290,8,1,RS,0
7,14,315,315,8,1,RS,0
7,15,150,151,1,2,AC,0
7,15,153,156,1,4,AC,0
7,15,158,158,1,1,AC,0
7,15,162,163,1,2,AC,0
7,15,165,166,1,2,AC,0
7,15,169,170,1,2,AC,0
7,15,181,182,1,2,AC,0
7,15,184,186,1,3,AC,0
7,15,165,167,2,3,BV,0
7,15,181,181,2,1,BV,0
7,15,195,197,2,3,BV,0
7,15,116,116,3,1,BW,0
7,15,135,136,3,2,BW,0
7,15,139,139,3,1,BW,0
7,15,159,161,3,3,BW,0
7,15,163,163,3,1,BW,0
7,15,165,167,3,3,BW,0
7,15,170,170,3,1,BW,0
7,15,172,173,3,2,BW,0
7,15,181,182,3,2,BW,0
7,15,188,188,3,1,BW,0
7,15,192,194,3,3,BW,0
7,15,196,198,3,3,BW,0
7,15,200,200,3,1,BW,0
7,15,210,214,3,5,BW,0
7,15,217,217,3,1,BW,0
7,15,156,156,4,1,GC,0
7,15,163,163,4,1,GC,0
7,15,167,167,4,1,GC,0
7,15,181,183,4,3,GC,0
7,15,186,186,4,1,GC,0
7,15,188,188,4,1,GC,0
7,15,195,199,4,5,GC,0
7,15,196,196,5,1,HC,0
7,15,129,129,6,1,HV,0
7,15,135,135,6,1,HV,0
7,15,140,140,6,1,HV,0
7,15,155,155,6,1,HV,0
7,15,157,158,6,2,HV,0
7,15,160,161,6,2,HV,0
7,15,165,166,6,2,HV,0
7,15,173,173,6,1,HV,0
7,15,194,196,6,3,HV,0
7,15,198,198,6,1,HV,0
7,15,97,98,7,2,PC,0
7,15,114,144,8,31,RCL,0
7,15,150,173,8,24,RCL,0
7,15,181,264,8,84,RCL,0
7,15,269,269,8,1,RCL,0
7,15,294,294,8,1,RCL,0
7,15,53,53,9,1,RS,0
7,15,55,60,9,6,RS,0
7,15,62,73,9,12,RS,0
7,15,77,80,9,4,RS,0
7,15,86,90,9,5,RS,0
7,15,93,101,9,9,RS,0
7,15,105,106,9,2,RS,0
7,15,120,120,9,1,RS,0
7,15,150,150,9,1,RS,0
7,15,159,159,9,1,RS,0
7,15,173,173,9,1,RS,0
7,15,183,183,9,1,RS,0
7,15,326,326,9,1,RS,0
7,15,333,333,9,1,RS,0
7,15,345,345,9,1,RS,0
7,16,142,142,1,1,AC,0
7,16,144,147,1,4,AC,0
7,16,149,149,1,1,AC,0
7,16,152,153,1,2,AC,0
7,16,157,158,1,2,AC,0
7,16,161,161,1,1,AC,0
7,16,165,165,1,1,AC,0
7,16,169,171,1,3,AC,0
7,16,175,181,1,7,AC,0
7,16,183,197,1,15,AC,0
7,16,137,137,2,1,BV,0
7,16,144,144,2,1,BV,0
7,16,176,178,2,3,BV,0
7,16,137,138,3,2,BW,0
7,16,143,143,3,1,BW,0
7,16,148,148,3,1,BW,0
7,16,158,159,3,2,BW,0
7,16,169,170,3,2,BW,0
7,16,176,177,3,2,BW,0
7,16,185,186,3,2,BW,0
7,16,188,190,3,3,BW,0
7,16,192,194,3,3,BW,0
7,16,196,196,3,1,BW,0
7,16,199,200,3,2,BW,0
7,16,212,214,3,3,BW,0
7,16,170,170,4,1,GC,0
7,16,176,177,4,2,GC,0
7,16,179,179,4,1,GC,0
7,16,183,183,4,1,GC,0
7,16,185,190,4,6,GC,0
7,16,192,194,4,3,GC,0
7,16,262,262,4,1,GC,0
7,16,94,95,5,2,HV,0
7,16,148,148,5,1,HV,0
7,16,174,174,5,1,HV,0
7,16,176,176,5,1,HV,0
7,16,182,184,5,3,HV,0
7,16,192,192,5,1,HV,0
7,16,78,79,6,2,PC,0
7,16,93,93,6,1,PC,0
7,16,101,105,7,5,RCL,0
7,16,110,110,7,1,RCL,0
7,16,113,119,7,7,RCL,0
7,16,121,166,7,46,RCL,0
7,16,168,224,7,57,RCL,0
7,16,227,229,7,3,RCL,0
7,16,231,234,7,4,RCL,0
7,16,241,254,7,14,RCL,0
7,16,257,268,7,12,RCL,0
7,16,35,35,8,1,RS,0
7,16,37,37,8,1,RS,0
7,16,40,40,8,1,RS,0
7,16,42,42,8,1,RS,0
7,16,46,47,8,2,RS,0
7,16,52,63,8,12,RS,0
7,16,65,65,8,1,RS,0
7,16,67,79,8,13,RS,0
7,16,81,99,8,19,RS,0
7,16,107,107,8,1,RS,0
7,16,110,110,8,1,RS,0
7,16,112,112,8,1,RS,0
7,16,123,123,8,1,RS,0
7,16,149,149,8,1,RS,0
7,16,245,245,8,1,RS,0
7,16,262,262,8,1,RS,0
7,16,264,264,8,1,RS,0
7,16,275,275,8,1,RS,0
7,16,277,277,8,1,RS,0
7,16,279,279,8,1,RS,0
7,17,77,77,1,1,RCL,0
7,17,80,80,1,1,RCL,0
7,17,84,86,1,3,RCL,0
7,17,88,88,1,1,RCL,0
7,17,91,92,1,2,RCL,0
7,17,94,96,1,3,RCL,0
7,17,102,129,1,28,RCL,0
7,17,234,264,1,31,RCL,0
7,17,267,274,1,8,RCL,0
7,17,97,100,2,4,RP,0
7,17,46,46,3,1,RS,0
7,17,59,59,3,1,RS,0
7,17,62,66,3,5,RS,0
7,17,68,68,3,1,RS,0
7,17,70,70,3,1,RS,0
7,17,75,81,3,7,RS,0
7,17,85,85,3,1,RS,0
7,17,92,94,3,3,RS,0
7,17,108,108,3,1,RS,0
7,17,268,272,3,5,RS,0
7,17,294,294,3,1,RS,0
7,17,321,321,3,1,RS,0
7,18,155,155,1,1,AC,0
7,18,119,119,2,1,BV,0
7,18,160,160,2,1,BV,0
7,18,171,172,2,2,BV,0
7,18,117,119,3,3,BW,0
7,18,146,147,3,2,BW,0
7,18,158,160,3,3,BW,0
7,18,169,171,3,3,BW,0
7,18,198,199,3,2,BW,0
7,18,202,202,3,1,BW,0
7,18,220,221,3,2,BW,0
7,18,171,171,4,1,GC,0
7,18,117,119,5,3,HV,0
7,18,169,171,5,3,HV,0
7,18,78,78,6,1,PC,0
7,18,86,92,6,7,PC,0
7,18,95,95,6,1,PC,0
7,18,114,115,6,2,PC,0
7,18,186,189,7,4,RCA,0
7,18,217,217,7,1,RCA,0
7,18,222,222,7,1,RCA,0
7,18,102,104,8,3,RCL,0
7,18,106,106,8,1,RCL,0
7,18,108,108,8,1,RCL,0
7,18,110,123,8,14,RCL,0
7,18,125,266,8,142,RCL,0
7,18,268,270,8,3,RCL,0
7,18,272,278,8,7,RCL,0
7,18,283,283,8,1,RCL,0
7,18,73,78,9,6,RP,0
7,18,80,83,9,4,RP,0
7,18,85,86,9,2,RP,0
7,18,88,89,9,2,RP,0
7,18,91,91,9,1,RP,0
7,18,95,95,9,1,RP,0
7,18,54,54,10,1,RS,0
7,18,58,58,10,1,RS,0
7,18,63,64,10,2,RS,0
7,18,67,68,10,2,RS,0
7,18,71,93,10,23,RS,0
7,18,95,102,10,8,RS,0
7,18,104,104,10,1,RS,0
7,18,107,107,10,1,RS,0
7,18,109,110,10,2,RS,0
7,18,115,122,10,8,RS,0
7,18,126,126,10,1,RS,0
7,18,133,133,10,1,RS,0
7,18,139,139,10,1,RS,0
7,18,269,269,10,1,RS,0
7,19,166,166,1,1,BV,0
7,19,127,127,2,1,BW,0
7,19,139,140,2,2,BW,0
7,19,146,147,2,2,BW,0
7,19,152,153,2,2,BW,0
7,19,179,182,2,4,BW,0
7,19,184,186,2,3,BW,0
7,19,162,164,3,3,GC,0
7,19,166,166,3,1,GC,0
7,19,168,171,3,4,GC,0
7,19,179,182,3,4,GC,0
7,19,184,185,3,2,GC,0
7,19,187,188,3,2,GC,0
7,19,190,190,3,1,GC,0
7,19,195,204,3,10,GC,0
7,19,206,206,3,1,GC,0
7,19,208,208,3,1,GC,0
7,19,210,216,3,7,GC,0
7,19,218,218,3,1,GC,0
7,19,147,147,4,1,HV,0
7,19,149,149,4,1,HV,0
7,19,152,152,4,1,HV,0
7,19,156,156,4,1,HV,0
7,19,166,166,4,1,HV,0
7,19,169,170,4,2,HV,0
7,19,172,172,5,1,PT,0
7,19,144,144,6,1,RCA,0
7,19,153,154,6,2,RCA,0
7,19,159,161,6,3,RCA,0
7,19,163,164,6,2,RCA,0
7,19,168,169,6,2,RCA,0
7,19,171,172,6,2,RCA,0
7,19,200,200,6,1,RCA,0
7,19,273,273,6,1,RCA,0
7,19,93,93,7,1,RCL,0
7,19,96,96,7,1,RCL,0
7,19,98,99,7,2,RCL,0
7,19,109,116,7,8,RCL,0
7,19,119,129,7,11,RCL,0
7,19,131,193,7,63,RCL,0
7,19,195,275,7,81,RCL,0
7,19,292,292,7,1,RCL,0
7,19,319,319,7,1,RCL,0
7,19,351,351,7,1,RCL,0
7,19,271,271,8,1,RS,0
7,19,296,296,8,1,RS,0
7,19,302,302,8,1,RS,0
7,19,315,315,8,1,RS,0
7,20,167,167,1,1,GC,0
7,20,204,205,1,2,GC,0
7,20,88,88,2,1,PC,0
7,20,203,203,3,1,RCA,0
7,20,210,210,3,1,RCA,0
7,20,99,107,4,9,RCL,0
7,20,109,122,4,14,RCL,0
7,20,124,234,4,111,RCL,0
7,20,236,270,4,35,RCL,0
7,20,282,282,4,1,RCL,0
7,20,61,61,5,1,RS,0
7,20,63,63,5,1,RS,0
7,20,67,78,5,12,RS,0
7,20,80,101,5,22,RS,0
7,20,103,103,5,1,RS,0
7,20,105,106,5,2,RS,0
7,20,110,111,5,2,RS,0
7,20,113,114,5,2,RS,0
7,20,116,117,5,2,RS,0
7,20,124,124,5,1,RS,0
7,20,242,242,5,1,RS,0
7,20,254,254,5,1,RS,0
7,20,258,258,5,1,RS,0
7,20,269,269,5,1,RS,0
7,20,276,276,5,1,RS,0
7,20,281,281,5,1,RS,0
7,20,286,287,5,2,RS,0
7,20,299,299,5,1,RS,0
7,21,131,131,1,1,AC,0
7,21,173,173,2,1,BV,0
7,21,180,181,2,2,BV,0
7,21,184,184,2,1,BV,0
7,21,186,186,2,1,BV,0
7,21,192,194,2,3,BV,0
7,21,201,201,2,1,BV,0
7,21,149,150,3,2,BW,0
7,21,157,157,3,1,BW,0
7,21,162,163,3,2,BW,0
7,21,167,167,3,1,BW,0
7,21,170,171,3,2,BW,0
7,21,173,174,3,2,BW,0
7,21,176,176,3,1,BW,0
7,21,178,181,3,4,BW,0
7,21,183,193,3,11,BW,0
7,21,198,198,3,1,BW,0
7,21,201,202,3,2,BW,0
7,21,207,207,3,1,BW,0
7,21,163,163,4,1,GC,0
7,21,165,165,4,1,GC,0
7,21,170,170,4,1,GC,0
7,21,173,174,4,2,GC,0
7,21,178,178,4,1,GC,0
7,21,180,181,4,2,GC,0
7,21,183,184,4,2,GC,0
7,21,186,193,4,8,GC,0
7,21,201,202,4,2,GC,0
7,21,208,211,4,4,GC,0
7,21,215,216,4,2,GC,0
7,21,218,218,4,1,GC,0
7,21,222,224,4,3,GC,0
7,21,226,226,4,1,GC,0
7,21,149,149,5,1,HC,0
7,21,149,150,6,2,HV,0
7,21,153,154,6,2,HV,0
7,21,157,157,6,1,HV,0
7,21,163,163,6,1,HV,0
7,21,170,171,6,2,HV,0
7,21,173,174,6,2,HV,0
7,21,187,187,6,1,HV,0
7,21,189,191,6,3,HV,0
7,21,201,201,6,1,HV,0
7,21,61,61,7,1,PC,0
7,21,81,83,7,3,PC,0
7,21,89,101,7,13,PC,0
7,21,168,168,8,1,RCA,0
7,21,170,177,8,8,RCA,0
7,21,179,179,8,1,RCA,0
7,21,181,194,8,14,RCA,0
7,21,204,204,8,1,RCA,0
7,21,208,210,8,3,RCA,0
7,21,213,219,8,7,RCA,0
7,21,221,225,8,5,RCA,0
7,21,116,116,9,1,RCL,0
7,21,119,119,9,1,RCL,0
7,21,130,131,9,2,RCL,0
7,21,134,134,9,1,RCL,0
7,21,142,147,9,6,RCL,0
7,21,149,157,9,9,RCL,0
7,21,160,164,9,5,RCL,0
7,21,166,167,9,2,RCL,0
7,21,169,256,9,88,RCL,0
7,21,259,269,9,11,RCL,0
7,21,45,54,10,10,RS,0
7,21,56,63,10,8,RS,0
7,21,66,66,10,1,RS,0
7,21,82,86,10,5,RS,0
7,21,89,90,10,2,RS,0
7,21,94,98,10,5,RS,0
7,21,101,102,10,2,RS,0
7,21,111,111,10,1,RS,0
7,21,120,122,10,3,RS,0
7,21,125,125,10,1,RS,0
7,21,151,151,10,1,RS,0
7,21,154,154,10,1,RS,0
7,21,235,235,10,1,RS,0
7,21,255,255,10,1,RS,0
7,21,263,263,10,1,RS,0
7,21,270,270,10,1,RS,0
7,21,274,274,10,1,RS,0
7,21,276,281,10,6,RS,0
7,21,283,283,10,1,RS,0
7,21,294,296,10,3,RS,0
7,21,303,304,10,2,RS,0
7,21,313,313,10,1,RS,0
7,21,325,325,10,1,RS,0
7,21,328,328,10,1,RS,0
7,21,330,330,10,1,RS,0
7,21,339,339,10,1,RS,0
7,21,346,346,10,1,RS,0
7,21,351,351,10,1,RS,0
7,21,361,362,10,2,RS,0
7,22,149,149,1,1,BV,0
7,22,183,183,1,1,BV,0
7,22,146,146,2,1,BW,0
7,22,154,155,2,2,BW,0
7,22,175,176,2,2,BW,0
7,22,155,155,3,1,GC,0
7,22,257,260,3,4,GC,0
7,22,262,263,3,2,GC,0
7,22,59,59,4,1,PC,0
7,22,87,90,4,4,PC,0
7,22,96,96,4,1,PC,0
7,22,100,100,4,1,PC,0
7,22,102,103,4,2,PC,0
7,22,109,113,4,5,PC,0
7,22,135,135,5,1,RCA,0
7,22,139,139,5,1,RCA,0
7,22,150,153,5,4,RCA,0
7,22,156,159,5,4,RCA,0
7,22,161,161,5,1,RCA,0
7,22,163,163,5,1,RCA,0
7,22,165,165,5,1,RCA,0
7,22,169,169,5,1,RCA,0
7,22,171,173,5,3,RCA,0
7,22,175,175,5,1,RCA,0
7,22,177,179,5,3,RCA,0
7,22,181,185,5,5,RCA,0
7,22,192,192,5,1,RCA,0
7,22,196,196,5,1,RCA,0
7,22,209,209,5,1,RCA,0
7,22,116,168,6,53,RCL,0
7,22,170,170,6,1,RCL,0
7,22,172,244,6,73,RCL,0
7,22,246,274,6,29,RCL,0
7,22,289,289,6,1,RCL,0
7,22,310,310,6,1,RCL,0
7,22,26,26,7,1,RS,0
7,22,73,80,7,8,RS,0
7,22,82,82,7,1,RS,0
7,22,85,93,7,9,RS,0
7,22,95,96,7,2,RS,0
7,22,99,117,7,19,RS,0
7,22,240,240,7,1,RS,0
7,22,277,278,7,2,RS,0
7,22,281,281,7,1,RS,0
7,22,284,285,7,2,RS,0
7,22,289,289,7,1,RS,0
7,22,298,298,7,1,RS,0
7,22,305,306,7,2,RS,0
7,22,320,320,7,1,RS,0
7,23,25,25,1,1,RCL,0
8,1,129,133,1,5,AC,0
8,1,137,140,1,4,AC,0
8,1,142,184,1,43,AC,0
8,1,186,211,1,26,AC,0
8,1,219,253,1,35,AC,0
8,1,149,149,2,1,BV,0
8,1,156,157,2,2,BV,0
8,1,159,165,2,7,BV,0
8,1,167,167,2,1,BV,0
8,1,174,174,2,1,BV,0
8,1,176,176,2,1,BV,0
8,1,186,189,2,4,BV,0
8,1,191,191,2,1,BV,0
8,1,193,199,2,7,BV,0
8,1,210,210,2,1,BV,0
8,1,108,109,3,2,BW,0
8,1,120,120,3,1,BW,0
8,1,130,130,3,1,BW,0
8,1,132,132,3,1,BW,0
8,1,138,139,3,2,BW,0
8,1,147,149,3,3,BW,0
8,1,155,159,3,5,BW,0
8,1,161,167,3,7,BW,0
8,1,171,176,3,6,BW,0
8,1,184,190,3,7,BW,0
8,1,193,194,3,2,BW,0
8,1,198,198,3,1,BW,0
8,1,209,209,3,1,BW,0
8,1,163,163,4,1,HC,0
8,1,174,174,4,1,HC,0
8,1,176,177,4,2,HC,0
8,1,180,182,4,3,HC,0
8,1,185,185,4,1,HC,0
8,1,188,200,4,13,HC,0
8,1,202,208,4,7,HC,0
8,1,210,211,4,2,HC,0
8,1,219,220,4,2,HC,0
8,1,130,130,5,1,HV,0
8,1,158,158,5,1,HV,0
8,1,181,181,5,1,HV,0
8,1,188,190,5,3,HV,0
8,1,193,196,5,4,HV,0
8,1,198,198,5,1,HV,0
8,1,81,83,6,3,PC,0
8,1,59,59,7,1,PT,0
8,1,65,66,7,2,PT,0
8,1,70,72,7,3,PT,0
8,1,74,74,7,1,PT,0
8,1,76,81,7,6,PT,0
8,1,86,86,7,1,PT,0
8,1,89,90,7,2,PT,0
8,1,188,188,8,1,RCA,0
8,1,128,130,9,3,RCL,0
8,1,132,138,9,7,RCL,0
8,1,140,140,9,1,RCL,0
8,1,142,184,9,43,RCL,0
8,1,186,211,9,26,RCL,0
8,1,219,253,9,35,RCL,0
8,1,71,73,10,3,RS,0
8,1,79,79,10,1,RS,0
8,1,289,294,10,6,RS,0
8,1,297,297,10,1,RS,0
8,1,303,303,10,1,RS,0
8,1,330,330,10,1,RS,0
8,2,128,140,1,13,AC,0
8,2,148,154,1,7,AC,0
8,2,176,192,1,17,AC,0
8,2,194,217,1,24,AC,0
8,2,225,247,1,23,AC,0
8,2,148,148,2,1,BV,0
8,2,176,181,2,6,BV,0
8,2,195,197,2,3,BV,0
8,2,115,115,3,1,BW,0
8,2,119,119,3,1,BW,0
8,2,125,125,3,1,BW,0
8,2,127,129,3,3,BW,0
8,2,148,148,3,1,BW,0
8,2,152,154,3,3,BW,0
8,2,176,178,3,3,BW,0
8,2,196,197,3,2,BW,0
8,2,207,209,3,3,BW,0
8,2,153,154,4,2,HC,0
8,2,176,181,4,6,HC,0
8,2,184,184,4,1,HC,0
8,2,188,188,4,1,HC,0
8,2,190,190,4,1,HC,0
8,2,197,197,4,1,HC,0
8,2,200,200,4,1,HC,0
8,2,206,206,4,1,HC,0
8,2,212,213,4,2,HC,0
8,2,215,217,4,3,HC,0
8,2,225,228,4,4,HC,0
8,2,231,232,4,2,HC,0
8,2,238,238,4,1,HC,0
8,2,226,226,5,1,HV,0
8,2,87,87,6,1,PC,0
8,2,92,94,6,3,PC,0
8,2,97,99,6,3,PC,0
8,2,101,103,6,3,PC,0
8,2,110,110,6,1,PC,0
8,2,55,56,7,2,PT,0
8,2,64,67,7,4,PT,0
8,2,77,77,7,1,PT,0
8,2,79,79,7,1,PT,0
8,2,131,132,8,2,RCA,0
8,2,135,140,8,6,RCA,0
8,2,148,154,8,7,RCA,0
8,2,177,189,8,13,RCA,0
8,2,213,215,8,3,RCA,0
8,2,226,226,8,1,RCA,0
8,2,228,231,8,4,RCA,0
8,2,238,238,8,1,RCA,0
8,2,245,245,8,1,RCA,0
8,2,322,322,8,1,RCA,0
8,2,114,123,9,10,RCL,0
8,2,125,140,9,16,RCL,0
8,2,148,154,9,7,RCL,0
8,2,176,217,9,42,RCL,0
8,2,225,275,9,51,RCL,0
8,2,57,57,10,1,RS,0
8,2,76,79,10,4,RS,0
8,2,81,82,10,2,RS,0
8,2,87,87,10,1,RS,0
8,2,93,94,10,2,RS,0
8,2,97,97,10,1,RS,0
8,2,99,99,10,1,RS,0
8,2,119,119,10,1,RS,0
8,2,246,246,10,1,RS,0
8,2,300,300,10,1,RS,0
8,3,140,140,1,1,AC,0
8,3,142,154,1,13,AC,0
8,3,168,235,1,68,AC,0
8,3,237,240,1,4,AC,0
8,3,242,245,1,4,AC,0
8,3,247,248,1,2,AC,0
8,3,252,253,1,2,AC,0
8,3,255,255,1,1,AC,0
8,3,210,210,2,1,BV,0
8,3,121,123,3,3,BW,0
8,3,141,144,3,4,BW,0
8,3,147,148,3,2,BW,0
8,3,150,150,3,1,BW,0
8,3,152,154,3,3,BW,0
8,3,198,198,3,1,BW,0
8,3,203,203,3,1,BW,0
8,3,209,211,3,3,BW,0
8,3,213,218,3,6,BW,0
8,3,234,235,3,2,BW,0
8,3,141,141,4,1,HC,0
8,3,151,151,4,1,HC,0
8,3,196,197,4,2,HC,0
8,3,200,202,4,3,HC,0
8,3,209,210,4,2,HC,0
8,3,218,218,4,1,HC,0
8,3,222,222,4,1,HC,0
8,3,227,227,4,1,HC,0
8,3,198,202,5,5,HV,0
8,3,204,207,5,4,HV,0
8,3,217,217,5,1,HV,0
8,3,219,219,5,1,HV,0
8,3,231,231,5,1,HV,0
8,3,11,12,6,2,PT,0
8,3,68,73,6,6,PT,0
8,3,105,105,6,1,PT,0
8,3,113,113,7,1,RCA,0
8,3,129,129,7,1,RCA,0
8,3,132,132,7,1,RCA,0
8,3,140,140,7,1,RCA,0
8,3,142,145,7,4,RCA,0
8,3,147,150,7,4,RCA,0
8,3,152,154,7,3,RCA,0
8,3,168,170,7,3,RCA,0
8,3,201,207,7,7,RCA,0
8,3,215,216,7,2,RCA,0
8,3,221,221,7,1,RCA,0
8,3,225,227,7,3,RCA,0
8,3,231,231,7,1,RCA,0
8,3,233,233,7,1,RCA,0
8,3,235,235,7,1,RCA,0
8,3,255,255,7,1,RCA,0
8,3,110,112,8,3,RCL,0
8,3,118,132,8,15,RCL,0
8,3,140,154,8,15,RCL,0
8,3,168,276,8,109,RCL,0
8,3,279,279,8,1,RCL,0
8,3,315,315,8,1,RCL,0
8,4,140,140,1,1,AC,0
8,4,145,145,1,1,AC,0
8,4,147,148,1,2,AC,0
8,4,151,152,1,2,AC,0
8,4,155,230,1,76,AC,0
8,4,233,245,1,13,AC,0
8,4,251,251,1,1,AC,0
8,4,143,145,2,3,BV,0
8,4,147,148,2,2,BV,0
8,4,152,156,2,5,BV,0
8,4,164,164,2,1,BV,0
8,4,172,173,2,2,BV,0
8,4,180,182,2,3,BV,0
8,4,188,190,2,3,BV,0
8,4,209,209,2,1,BV,0
8,4,105,107,3,3,BW,0
8,4,115,115,3,1,BW,0
8,4,121,122,3,2,BW,0
8,4,134,136,3,3,BW,0
8,4,143,144,3,2,BW,0
8,4,147,148,3,2,BW,0
8,4,153,156,3,4,BW,0
8,4,160,160,3,1,BW,0
8,4,162,164,3,3,BW,0
8,4,166,168,3,3,BW,0
8,4,170,176,3,7,BW,0
8,4,178,182,3,5,BW,0
8,4,187,190,3,4,BW,0
8,4,192,193,3,2,BW,0
8,4,196,197,3,2,BW,0
8,4,200,200,3,1,BW,0
8,4,202,209,3,8,BW,0
8,4,180,180,4,1,GC,0
8,4,198,198,4,1,GC,0
8,4,148,148,5,1,HC,0
8,4,160,160,5,1,HC,0
8,4,163,163,5,1,HC,0
8,4,166,166,5,1,HC,0
8,4,173,173,5,1,HC,0
8,4,180,180,5,1,HC,0
8,4,183,183,5,1,HC,0
8,4,189,191,5,3,HC,0
8,4,193,193,5,1,HC,0
8,4,196,198,5,3,HC,0
8,4,216,223,5,8,HC,0
8,4,232,237,5,6,HC,0
8,4,143,143,6,1,HV,0
8,4,151,161,6,11,HV,0
8,4,164,165,6,2,HV,0
8,4,173,173,6,1,HV,0
8,4,177,178,6,2,HV,0
8,4,187,187,6,1,HV,0
8,4,189,189,6,1,HV,0
8,4,202,209,6,8,HV,0
8,4,52,52,7,1,PT,0
8,4,74,78,7,5,PT,0
8,4,80,90,7,11,PT,0
8,4,92,92,7,1,PT,0
8,4,96,96,7,1,PT,0
8,4,131,131,7,1,PT,0
8,4,106,106,8,1,RCA,0
8,4,113,113,8,1,RCA,0
8,4,118,127,8,10,RCA,0
8,4,133,147,8,15,RCA,0
8,4,150,186,8,37,RCA,0
8,4,188,188,8,1,RCA,0
8,4,190,197,8,8,RCA,0
8,4,251,252,8,2,RCA,0
8,4,104,253,9,150,RCL,0
8,4,283,284,10,2,RS,0
8,4,290,290,10,1,RS,0
8,4,299,299,10,1,RS,0
8,5,134,134,1,1,AC,0
8,5,139,139,1,1,AC,0
8,5,141,141,1,1,AC,0
8,5,143,143,1,1,AC,0
8,5,145,145,1,1,AC,0
8,5,148,148,1,1,AC,0
8,5,152,153,1,2,AC,0
8,5,156,174,1,19,AC,0
8,5,176,183,1,8,AC,0
8,5,185,190,1,6,AC,0
8,5,192,241,1,50,AC,0
8,5,244,246,1,3,AC,0
8,5,249,256,1,8,AC,0
8,5,137,138,2,2,BV,0
8,5,156,159,2,4,BV,0
8,5,170,170,2,1,BV,0
8,5,177,179,2,3,BV,0
8,5,186,188,2,3,BV,0
8,5,193,194,2,2,BV,0
8,5,117,117,3,1,BW,0
8,5,121,121,3,1,BW,0
8,5,126,127,3,2,BW,0
8,5,136,138,3,3,BW,0
8,5,156,158,3,3,BW,0
8,5,169,170,3,2,BW,0
8,5,173,178,3,6,BW,0
8,5,187,187,3,1,BW,0
8,5,196,196,3,1,BW,0
8,5,167,167,4,1,HC,0
8,5,169,171,4,3,HC,0
8,5,178,178,4,1,HC,0
8,5,181,181,4,1,HC,0
8,5,187,189,4,3,HC,0
8,5,191,191,4,1,HC,0
8,5,193,195,4,3,HC,0
8,5,202,202,4,1,HC,0
8,5,205,205,4,1,HC,0
8,5,209,210,4,2,HC,0
8,5,231,235,4,5,HC,0
8,5,187,187,5,1,HV,0
8,5,248,248,5,1,HV,0
8,5,82,82,6,1,PC,0
8,5,84,85,6,2,PC,0
8,5,88,93,6,6,PC,0
8,5,96,99,6,4,PC,0
8,5,104,104,6,1,PC,0
8,5,108,108,7,1,PT,0
8,5,125,127,8,3,RCA,0
8,5,129,146,8,18,RCA,0
8,5,148,148,8,1,RCA,0
8,5,150,181,8,32,RCA,0
8,5,187,188,8,2,RCA,0
8,5,193,193,8,1,RCA,0
8,5,195,196,8,2,RCA,0
8,5,199,199,8,1,RCA,0
8,5,209,209,8,1,RCA,0
8,5,284,284,8,1,RCA,0
8,5,106,107,9,2,RCL,0
8,5,110,112,9,3,RCL,0
8,5,114,247,9,134,RCL,0
8,5,256,264,9,9,RCL,0
8,5,281,281,10,1,RS,0
8,5,294,294,10,1,RS,0
8,6,125,125,1,1,AC,0
8,6,127,127,1,1,AC,0
8,6,131,131,1,1,AC,0
8,6,133,141,1,9,AC,0
8,6,145,157,1,13,AC,0
8,6,159,161,1,3,AC,0
8,6,163,182,1,20,AC,0
8,6,184,194,1,11,AC,0
8,6,196,201,1,6,AC,0
8,6,204,209,1,6,AC,0
8,6,211,225,1,15,AC,0
8,6,227,243,1,17,AC,0
8,6,245,258,1,14,AC,0
8,6,260,262,1,3,AC,0
8,6,264,265,1,2,AC,0
8,6,267,268,1,2,AC,0
8,6,117,118,2,2,BV,0
8,6,134,136,2,3,BV,0
8,6,139,141,2,3,BV,0
8,6,149,150,2,2,BV,0
8,6,155,156,2,2,BV,0
8,6,173,175,2,3,BV,0
8,6,179,182,2,4,BV,0
8,6,196,197,2,2,BV,0
8,6,235,236,2,2,BV,0
8,6,115,118,3,4,BW,0
8,6,134,136,3,3,BW,0
8,6,138,141,3,4,BW,0
8,6,148,151,3,4,BW,0
8,6,153,153,3,1,BW,0
8,6,155,156,3,2,BW,0
8,6,166,166,3,1,BW,0
8,6,172,177,3,6,BW,0
8,6,179,182,3,4,BW,0
8,6,195,197,3,3,BW,0
8,6,234,235,3,2,BW,0
8,6,235,236,4,2,GC,0
8,6,246,248,4,3,GC,0
8,6,134,136,5,3,HC,0
8,6,139,141,5,3,HC,0
8,6,149,150,5,2,HC,0
8,6,155,156,5,2,HC,0
8,6,169,169,5,1,HC,0
8,6,174,176,5,3,HC,0
8,6,181,183,5,3,HC,0
8,6,185,190,5,6,HC,0
8,6,193,193,5,1,HC,0
8,6,198,199,5,2,HC,0
8,6,219,220,5,2,HC,0
8,6,236,251,5,16,HC,0
8,6,253,253,5,1,HC,0
8,6,116,118,6,3,HV,0
8,6,139,141,6,3,HV,0
8,6,148,150,6,3,HV,0
8,6,155,156,6,2,HV,0
8,6,235,237,6,3,HV,0
8,6,246,246,6,1,HV,0
8,6,74,74,7,1,PC,0
8,6,80,80,7,1,PC,0
8,6,82,96,7,15,PC,0
8,6,106,106,7,1,PC,0
8,6,114,115,7,2,PC,0
8,6,119,119,8,1,RCA,0
8,6,121,125,8,5,RCA,0
8,6,127,137,8,11,RCA,0
8,6,139,145,8,7,RCA,0
8,6,147,169,8,23,RCA,0
8,6,171,171,8,1,RCA,0
8,6,173,178,8,6,RCA,0
8,6,181,182,8,2,RCA,0
8,6,184,192,8,9,RCA,0
8,6,198,199,8,2,RCA,0
8,6,202,202,8,1,RCA,0
8,6,207,207,8,1,RCA,0
8,6,214,214,8,1,RCA,0
8,6,140,140,9,1,RCL,0
8,6,142,142,9,1,RCL,0
8,6,145,160,9,16,RCL,0
8,6,164,175,9,12,RCL,0
8,6,179,183,9,5,RCL,0
8,6,197,205,9,9,RCL,0
8,6,207,208,9,2,RCL,0
8,6,214,214,9,1,RCL,0
8,6,216,222,9,7,RCL,0
8,6,224,229,9,6,RCL,0
8,6,231,231,9,1,RCL,0
8,6,233,233,9,1,RCL,0
8,6,236,238,9,3,RCL,0
8,6,240,245,9,6,RCL,0
8,6,249,258,9,10,RCL,0
8,6,261,266,9,6,RCL,0
8,6,54,54,10,1,RS,0
8,6,56,63,10,8,RS,0
8,6,72,74,10,3,RS,0
8,6,82,82,10,1,RS,0
8,6,85,86,10,2,RS,0
8,6,116,117,10,2,RS,0
8,7,218,221,1,4,AC,0
8,7,223,246,1,24,AC,0
8,7,248,251,1,4,AC,0
8,7,96,97,2,2,BW,0
8,7,106,108,2,3,BW,0
8,7,114,114,2,1,BW,0
8,7,223,223,2,1,BW,0
8,7,238,238,2,1,BW,0
8,7,219,224,3,6,HC,0
8,7,226,226,3,1,HC,0
8,7,228,230,3,3,HC,0
8,7,233,233,3,1,HC,0
8,7,238,238,3,1,HC,0
8,7,241,244,3,4,HC,0
8,7,246,247,3,2,HC,0
8,7,249,250,3,2,HC,0
8,7,252,252,3,1,HC,0
8,7,220,220,4,1,HV,0
8,7,222,223,4,2,HV,0
8,7,227,228,4,2,HV,0
8,7,94,94,5,1,PC,0
8,7,111,111,6,1,RCL,0
8,7,114,120,6,7,RCL,0
8,7,218,283,6,66,RCL,0
8,7,286,286,6,1,RCL,0
8,7,296,296,6,1,RCL,0
8,7,299,299,6,1,RCL,0
8,7,301,301,6,1,RCL,0
8,7,305,305,6,1,RCL,0
8,7,82,82,7,1,RS,0
8,7,98,101,7,4,RS,0
8,7,107,107,7,1,RS,0
8,7,113,113,7,1,RS,0
8,8,125,127,1,3,AC,0
8,8,134,244,1,111,AC,0
8,8,246,254,1,9,AC,0
8,8,256,258,1,3,AC,0
8,8,139,141,2,3,BV,0
8,8,157,158,2,2,BV,0
8,8,167,169,2,3,BV,0
8,8,184,186,2,3,BV,0
8,8,191,192,2,2,BV,0
8,8,212,218,2,7,BV,0
8,8,221,222,2,2,BV,0
8,8,230,230,2,1,BV,0
8,8,239,240,2,2,BV,0
8,8,249,249,2,1,BV,0
8,8,114,115,3,2,BW,0
8,8,126,127,3,2,BW,0
8,8,138,140,3,3,BW,0
8,8,155,158,3,4,BW,0
8,8,166,169,3,4,BW,0
8,8,176,177,3,2,BW,0
8,8,181,183,3,3,BW,0
8,8,186,186,3,1,BW,0
8,8,190,191,3,2,BW,0
8,8,193,193,3,1,BW,0
8,8,202,202,3,1,BW,0
8,8,243,243,3,1,BW,0
8,8,177,177,4,1,GC,0
8,8,263,264,4,2,GC,0
8,8,139,139,5,1,HC,0
8,8,141,141,5,1,HC,0
8,8,158,158,5,1,HC,0
8,8,221,222,5,2,HC,0
8,8,224,225,5,2,HC,0
8,8,228,231,5,4,HC,0
8,8,236,237,5,2,HC,0
8,8,140,140,6,1,HV,0
8,8,169,169,6,1,HV,0
8,8,189,189,6,1,HV,0
8,8,193,193,6,1,HV,0
8,8,74,74,7,1,PC,0
8,8,77,77,7,1,PC,0
8,8,79,79,7,1,PC,0
8,8,81,83,7,3,PC,0
8,8,85,85,7,1,PC,0
8,8,87,87,7,1,PC,0
8,8,95,99,7,5,PC,0
8,8,81,81,8,1,PT,0
8,8,96,96,8,1,PT,0
8,8,99,99,8,1,PT,0
8,8,122,124,8,3,PT,0
8,8,134,134,9,1,RCA,0
8,8,141,141,9,1,RCA,0
8,8,144,147,9,4,RCA,0
8,8,151,152,9,2,RCA,0
8,8,157,158,9,2,RCA,0
8,8,164,164,9,1,RCA,0
8,8,168,169,9,2,RCA,0
8,8,171,173,9,3,RCA,0
8,8,176,178,9,3,RCA,0
8,8,181,181,9,1,RCA,0
8,8,113,114,10,2,RCL,0
8,8,116,122,10,7,RCL,0
8,8,124,251,10,128,RCL,0
8,8,255,257,10,3,RCL,0
8,8,264,266,10,3,RCL,0
8,8,81,87,11,7,RP,0
8,8,74,79,12,6,RS,0
8,8,81,83,12,3,RS,0
8,8,259,261,12,3,RS,0
8,8,266,276,12,11,RS,0
8,8,278,278,12,1,RS,0
8,8,284,286,12,3,RS,0
8,9,126,126,1,1,AC,0
8,9,136,136,1,1,AC,0
8,9,138,202,1,65,AC,0
8,9,216,226,1,11,AC,0
8,9,228,231,1,4,AC,0
8,9,234,234,1,1,AC,0
8,9,236,237,1,2,AC,0
8,9,240,240,1,1,AC,0
8,9,242,243,1,2,AC,0
8,9,245,250,1,6,AC,0
8,9,253,255,1,3,AC,0
8,9,168,171,2,4,BV,0
8,9,229,229,2,1,BV,0
8,9,84,84,3,1,BW,0
8,9,121,121,3,1,BW,0
8,9,126,126,3,1,BW,0
8,9,138,138,3,1,BW,0
8,9,160,160,3,1,BW,0
8,9,168,170,3,3,BW,0
8,9,135,136,4,2,HC,0
8,9,146,160,4,15,HC,0
8,9,170,170,4,1,HC,0
8,9,172,172,4,1,HC,0
8,9,188,188,4,1,HC,0
8,9,209,217,4,9,HC,0
8,9,220,220,4,1,HC,0
8,9,134,134,5,1,HV,0
8,9,153,153,5,1,HV,0
8,9,188,188,5,1,HV,0
8,9,279,279,5,1,HV,0
8,9,286,286,5,1,HV,0
8,9,297,297,5,1,HV,0
8,9,101,102,6,2,PC,0
8,9,362,362,7,1,PT,0
8,9,127,127,8,1,RCL,0
8,9,132,132,8,1,RCL,0
8,9,136,160,8,25,RCL,0
8,9,174,217,8,44,RCL,0
8,9,219,219,8,1,RCL,0
8,9,225,225,8,1,RCL,0
8,9,230,233,8,4,RCL,0
8,9,240,241,8,2,RCL,0
8,9,245,253,8,9,RCL,0
8,9,255,261,8,7,RCL,0
8,9,263,263,8,1,RCL,0
8,9,266,268,8,3,RCL,0
8,9,270,270,8,1,RCL,0
8,9,103,107,9,5,RP,0
8,9,111,113,9,3,RP,0
8,9,67,85,10,19,RS,0
8,9,89,97,10,9,RS,0
8,9,99,99,10,1,RS,0
8,9,101,108,10,8,RS,0
8,9,112,112,10,1,RS,0
8,9,132,132,10,1,RS,0
8,9,134,135,10,2,RS,0
8,9,269,273,10,5,RS,0
8,9,276,276,10,1,RS,0
8,9,280,281,10,2,RS,0
8,9,286,286,10,1,RS,0
8,10,148,181,1,34,AC,0
8,10,183,186,1,4,AC,0
8,10,188,243,1,56,AC,0
8,10,245,245,1,1,AC,0
8,10,251,251,1,1,AC,0
8,10,139,140,2,2,BV,0
8,10,146,148,2,3,BV,0
8,10,153,154,2,2,BV,0
8,10,157,160,2,4,BV,0
8,10,165,168,2,4,BV,0
8,10,171,175,2,5,BV,0
8,10,183,184,2,2,BV,0
8,10,188,189,2,2,BV,0
8,10,210,213,2,4,BV,0
8,10,235,237,2,3,BV,0
8,10,117,123,3,7,BW,0
8,10,138,140,3,3,BW,0
8,10,146,147,3,2,BW,0
8,10,153,154,3,2,BW,0
8,10,157,160,3,4,BW,0
8,10,162,163,3,2,BW,0
8,10,165,166,3,2,BW,0
8,10,172,175,3,4,BW,0
8,10,182,182,3,1,BW,0
8,10,184,188,3,5,BW,0
8,10,210,212,3,3,BW,0
8,10,215,215,3,1,BW,0
8,10,234,234,3,1,BW,0
8,10,167,168,4,2,GC,0
8,10,175,175,4,1,GC,0
8,10,189,189,4,1,GC,0
8,10,210,211,4,2,GC,0
8,10,143,143,5,1,HC,0
8,10,146,148,5,3,HC,0
8,10,150,150,5,1,HC,0
8,10,152,154,5,3,HC,0
8,10,157,160,5,4,HC,0
8,10,162,163,5,2,HC,0
8,10,165,176,5,12,HC,0
8,10,179,180,5,2,HC,0
8,10,183,185,5,3,HC,0
8,10,188,196,5,9,HC,0
8,10,198,200,5,3,HC,0
8,10,203,205,5,3,HC,0
8,10,212,213,5,2,HC,0
8,10,216,216,5,1,HC,0
8,10,218,219,5,2,HC,0
8,10,221,221,5,1,HC,0
8,10,223,232,5,10,HC,0
8,10,237,241,5,5,HC,0
8,10,243,243,5,1,HC,0
8,10,246,248,5,3,HC,0
8,10,250,250,5,1,HC,0
8,10,252,253,5,2,HC,0
8,10,140,140,6,1,HV,0
8,10,160,163,6,4,HV,0
8,10,165,166,6,2,HV,0
8,10,168,168,6,1,HV,0
8,10,210,213,6,4,HV,0
8,10,215,216,6,2,HV,0
8,10,234,234,6,1,HV,0
8,10,255,255,6,1,HV,0
8,10,93,94,7,2,PC,0
8,10,104,105,7,2,PC,0
8,10,108,108,7,1,PC,0
8,10,113,120,7,8,PC,0
8,10,3,4,8,2,PT,0
8,10,9,11,8,3,PT,0
8,10,19,19,8,1,PT,0
8,10,28,28,8,1,PT,0
8,10,30,30,8,1,PT,0
8,10,44,48,8,5,PT,0
8,10,56,64,8,9,PT,0
8,10,66,67,8,2,PT,0
8,10,71,72,8,2,PT,0
8,10,74,80,8,7,PT,0
8,10,82,101,8,20,PT,0
8,10,110,112,8,3,PT,0
8,10,132,132,9,1,RCL,0
8,10,134,134,9,1,RCL,0
8,10,138,271,9,134,RCL,0
8,10,273,278,9,6,RCL,0
8,10,280,281,9,2,RCL,0
8,10,78,79,10,2,RP,0
8,10,83,83,10,1,RP,0
8,10,85,87,10,3,RP,0
8,10,89,93,10,5,RP,0
8,10,79,79,11,1,RS,0
8,10,121,121,11,1,RS,0
8,10,128,128,11,1,RS,0
8,10,138,145,11,8,RS,0
8,10,147,152,11,6,RS,0
8,10,154,173,11,20,RS,0
8,10,181,181,11,1,RS,0
8,10,332,332,11,1,RS,0
8,11,120,120,1,1,AC,0
8,11,125,128,1,4,AC,0
8,11,130,130,1,1,AC,0
8,11,132,150,1,19,AC,0
8,11,152,159,1,8,AC,0
8,11,161,199,1,39,AC,0
8,11,201,207,1,7,AC,0
8,11,213,218,1,6,AC,0
8,11,220,220,1,1,AC,0
8,11,222,225,1,4,AC,0
8,11,227,231,1,5,AC,0
8,11,233,233,1,1,AC,0
8,11,235,236,1,2,AC,0
8,11,238,238,1,1,AC,0
8,11,136,137,2,2,BV,0
8,11,143,143,2,1,BV,0
8,11,147,148,2,2,BV,0
8,11,155,157,2,3,BV,0
8,11,165,166,2,2,BV,0
8,11,168,170,2,3,BV,0
8,11,181,182,2,2,BV,0
8,11,119,119,3,1,BW,0
8,11,125,127,3,3,BW,0
8,11,131,131,3,1,BW,0
8,11,135,137,3,3,BW,0
8,11,143,144,3,2,BW,0
8,11,147,148,3,2,BW,0
8,11,154,156,3,3,BW,0
8,11,166,166,3,1,BW,0
8,11,168,169,3,2,BW,0
8,11,169,171,4,3,GC,0
8,11,206,206,4,1,GC,0
8,11,136,137,5,2,HC,0
8,11,139,139,5,1,HC,0
8,11,141,141,5,1,HC,0
8,11,154,155,5,2,HC,0
8,11,166,166,5,1,HC,0
8,11,169,171,5,3,HC,0
8,11,174,176,5,3,HC,0
8,11,179,179,5,1,HC,0
8,11,182,182,5,1,HC,0
8,11,192,198,5,7,HC,0
8,11,202,203,5,2,HC,0
8,11,218,218,5,1,HC,0
8,11,44,47,6,4,PT,0
8,11,52,52,6,1,PT,0
8,11,54,55,6,2,PT,0
8,11,57,59,6,3,PT,0
8,11,63,64,6,2,PT,0
8,11,72,72,6,1,PT,0
8,11,78,78,6,1,PT,0
8,11,119,119,7,1,RCL,0
8,11,124,181,7,58,RCL,0
8,11,184,184,7,1,RCL,0
8,11,201,206,7,6,RCL,0
8,11,208,208,7,1,RCL,0
8,11,210,210,7,1,RCL,0
8,11,263,263,7,1,RCL,0
8,11,77,77,8,1,RS,0
8,11,86,89,8,4,RS,0
8,11,91,95,8,5,RS,0
8,11,98,98,8,1,RS,0
8,11,104,104,8,1,RS,0
8,12,129,131,1,3,AC,0
8,12,137,137,1,1,AC,0
8,12,140,140,1,1,AC,0
8,12,142,269,1,128,AC,0
8,12,272,272,1,1,AC,0
8,12,114,115,2,2,BV,0
8,12,117,119,2,3,BV,0
8,12,121,122,2,2,BV,0
8,12,125,131,2,7,BV,0
8,12,143,153,2,11,BV,0
8,12,161,162,2,2,BV,0
8,12,177,178,2,2,BV,0
8,12,180,183,2,4,BV,0
8,12,193,197,2,5,BV,0
8,12,211,211,2,1,BV,0
8,12,217,220,2,4,BV,0
8,12,239,240,2,2,BV,0
8,12,100,100,3,1,BW,0
8,12,113,115,3,3,BW,0
8,12,117,119,3,3,BW,0
8,12,121,122,3,2,BW,0
8,12,125,129,3,5,BW,0
8,12,143,151,3,9,BW,0
8,12,153,153,3,1,BW,0
8,12,160,162,3,3,BW,0
8,12,175,175,3,1,BW,0
8,12,177,178,3,2,BW,0
8,12,181,182,3,2,BW,0
8,12,193,194,3,2,BW,0
8,12,231,231,3,1,BW,0
8,12,129,129,4,1,GC,0
8,12,131,132,4,2,GC,0
8,12,148,155,4,8,GC,0
8,12,161,162,4,2,GC,0
8,12,164,164,4,1,GC,0
8,12,169,169,4,1,GC,0
8,12,171,175,4,5,GC,0
8,12,177,177,4,1,GC,0
8,12,179,179,4,1,GC,0
8,12,188,190,4,3,GC,0
8,12,193,204,4,12,GC,0
8,12,206,206,4,1,GC,0
8,12,217,229,4,13,GC,0
8,12,231,233,4,3,GC,0
8,12,235,235,4,1,GC,0
8,12,237,237,4,1,GC,0
8,12,131,131,5,1,HC,0
8,12,142,142,5,1,HC,0
8,12,145,149,5,5,HC,0
8,12,151,153,5,3,HC,0
8,12,155,155,5,1,HC,0
8,12,161,162,5,2,HC,0
8,12,164,179,5,16,HC,0
8,12,181,190,5,10,HC,0
8,12,192,197,5,6,HC,0
8,12,199,209,5,11,HC,0
8,12,211,220,5,10,HC,0
8,12,222,231,5,10,HC,0
8,12,233,245,5,13,HC,0
8,12,247,250,5,4,HC,0
8,12,252,257,5,6,HC,0
8,12,259,260,5,2,HC,0
8,12,117,117,6,1,HV,0
8,12,128,129,6,2,HV,0
8,12,144,144,6,1,HV,0
8,12,161,161,6,1,HV,0
8,12,95,100,7,6,PT,0
8,12,102,108,7,7,PT,0
8,12,116,116,7,1,PT,0
8,12,120,122,7,3,PT,0
8,12,118,135,8,18,RCL,0
8,12,163,166,8,4,RCL,0
8,12,181,181,8,1,RCL,0
8,12,183,189,8,7,RCL,0
8,12,191,220,8,30,RCL,0
8,12,222,274,8,53,RCL,0
8,12,276,278,8,3,RCL,0
8,12,280,280,8,1,RCL,0
8,12,60,60,9,1,RS,0
8,12,62,62,9,1,RS,0
8,12,66,69,9,4,RS,0
8,12,75,81,9,7,RS,0
8,12,112,112,9,1,RS,0
8,12,301,302,9,2,RS,0
8,13,131,135,1,5,AC,0
8,13,138,234,1,97,AC,0
8,13,236,240,1,5,AC,0
8,13,245,251,1,7,AC,0
8,13,133,133,2,1,BV,0
8,13,155,158,2,4,BV,0
8,13,163,166,2,4,BV,0
8,13,173,173,2,1,BV,0
8,13,178,182,2,5,BV,0
8,13,126,126,3,1,BW,0
8,13,132,133,3,2,BW,0
8,13,145,145,3,1,BW,0
8,13,154,158,3,5,BW,0
8,13,164,165,3,2,BW,0
8,13,169,169,3,1,BW,0
8,13,178,181,3,4,BW,0
8,13,180,185,4,6,GC,0
8,13,194,194,4,1,GC,0
8,13,198,198,4,1,GC,0
8,13,143,145,5,3,HC,0
8,13,148,148,5,1,HC,0
8,13,155,155,5,1,HC,0
8,13,157,158,5,2,HC,0
8,13,163,179,5,17,HC,0
8,13,181,183,5,3,HC,0
8,13,186,192,5,7,HC,0
8,13,194,195,5,2,HC,0
8,13,197,218,5,22,HC,0
8,13,220,220,5,1,HC,0
8,13,224,226,5,3,HC,0
8,13,228,234,5,7,HC,0
8,13,236,238,5,3,HC,0
8,13,240,241,5,2,HC,0
8,13,181,181,6,1,HV,0
8,13,106,106,7,1,PC,0
8,13,35,39,8,5,PT,0
8,13,48,48,8,1,PT,0
8,13,57,57,8,1,PT,0
8,13,62,63,8,2,PT,0
8,13,133,133,9,1,RCA,0
8,13,103,103,10,1,RCL,0
8,13,125,125,10,1,RCL,0
8,13,132,132,10,1,RCL,0
8,13,141,141,10,1,RCL,0
8,13,143,223,10,81,RCL,0
8,13,225,245,10,21,RCL,0
8,13,247,247,10,1,RCL,0
8,13,263,268,10,6,RCL,0
8,13,273,273,10,1,RCL,0
8,13,50,50,11,1,RS,0
8,13,65,65,11,1,RS,0
8,13,67,67,11,1,RS,0
8,13,103,104,11,2,RS,0
8,13,144,144,11,1,RS,0
8,14,135,136,1,2,AC,0
8,14,138,159,1,22,AC,0
8,14,162,162,1,1,AC,0
8,14,164,225,1,62,AC,0
8,14,227,230,1,4,AC,0
8,14,232,247,1,16,AC,0
8,14,250,252,1,3,AC,0
8,14,255,255,1,1,AC,0
8,14,144,144,2,1,BV,0
8,14,152,158,2,7,BV,0
8,14,163,168,2,6,BV,0
8,14,175,182,2,8,BV,0
8,14,186,186,2,1,BV,0
8,14,188,190,2,3,BV,0
8,14,205,207,2,3,BV,0
8,14,212,212,2,1,BV,0
8,14,228,228,2,1,BV,0
8,14,107,108,3,2,BW,0
8,14,118,119,3,2,BW,0
8,14,127,129,3,3,BW,0
8,14,144,146,3,3,BW,0
8,14,150,158,3,9,BW,0
8,14,162,172,3,11,BW,0
8,14,174,177,3,4,BW,0
8,14,180,180,3,1,BW,0
8,14,182,189,3,8,BW,0
8,14,195,195,3,1,BW,0
8,14,197,199,3,3,BW,0
8,14,201,202,3,2,BW,0
8,14,206,206,3,1,BW,0
8,14,212,212,3,1,BW,0
8,14,163,164,4,2,GC,0
8,14,167,172,4,6,GC,0
8,14,175,185,4,11,GC,0
8,14,188,193,4,6,GC,0
8,14,195,195,4,1,GC,0
8,14,197,199,4,3,GC,0
8,14,212,215,4,4,GC,0
8,14,226,226,4,1,GC,0
8,14,228,230,4,3,GC,0
8,14,140,140,5,1,HC,0
8,14,143,145,5,3,HC,0
8,14,151,154,5,4,HC,0
8,14,157,158,5,2,HC,0
8,14,164,172,5,9,HC,0
8,14,176,186,5,11,HC,0
8,14,188,195,5,8,HC,0
8,14,197,199,5,3,HC,0
8,14,204,207,5,4,HC,0
8,14,209,210,5,2,HC,0
8,14,213,222,5,10,HC,0
8,14,152,152,6,1,HV,0
8,14,154,158,6,5,HV,0
8,14,179,179,6,1,HV,0
8,14,187,187,6,1,HV,0
8,14,191,191,6,1,HV,0
8,14,196,197,6,2,HV,0
8,14,212,212,6,1,HV,0
8,14,226,226,6,1,HV,0
8,14,37,39,7,3,PT,0
8,14,41,41,7,1,PT,0
8,14,191,191,8,1,RCA,0
8,14,194,194,8,1,RCA,0
8,14,198,199,8,2,RCA,0
8,14,130,130,9,1,RCL,0
8,14,135,220,9,86,RCL,0
8,14,222,256,9,35,RCL,0
8,14,258,267,9,10,RCL,0
8,14,280,280,10,1,RS,0
8,15,126,126,1,1,AC,0
8,15,130,130,1,1,AC,0
8,15,134,136,1,3,AC,0
8,15,139,144,1,6,AC,0
8,15,147,157,1,11,AC,0
8,15,159,261,1,103,AC,0
8,15,263,263,1,1,AC,0
8,15,134,135,2,2,BV,0
8,15,150,152,2,3,BV,0
8,15,161,161,2,1,BV,0
8,15,163,163,2,1,BV,0
8,15,165,167,2,3,BV,0
8,15,169,171,2,3,BV,0
8,15,173,176,2,4,BV,0
8,15,124,124,3,1,BW,0
8,15,134,135,3,2,BW,0
8,15,149,152,3,4,BW,0
8,15,161,161,3,1,BW,0
8,15,163,163,3,1,BW,0
8,15,165,166,3,2,BW,0
8,15,171,171,3,1,BW,0
8,15,173,175,3,3,BW,0
8,15,163,163,4,1,GC,0
8,15,167,167,4,1,GC,0
8,15,170,170,4,1,GC,0
8,15,173,176,4,4,GC,0
8,15,163,163,5,1,HC,0
8,15,165,167,5,3,HC,0
8,15,170,170,5,1,HC,0
8,15,173,176,5,4,HC,0
8,15,179,181,5,3,HC,0
8,15,183,186,5,4,HC,0
8,15,189,189,5,1,HC,0
8,15,135,135,6,1,HV,0
8,15,151,153,6,3,HV,0
8,15,162,162,6,1,HV,0
8,15,167,167,6,1,HV,0
8,15,170,170,6,1,HV,0
8,15,173,177,6,5,HV,0
8,15,163,164,7,2,RCA,0
8,15,169,170,7,2,RCA,0
8,15,173,176,7,4,RCA,0
8,15,180,180,7,1,RCA,0
8,15,119,121,8,3,RCL,0
8,15,123,261,8,139,RCL,0
8,15,263,274,8,12,RCL,0
8,15,296,296,8,1,RCL,0
8,15,299,299,8,1,RCL,0
8,15,98,99,9,2,RP,0
8,15,65,67,10,3,RS,0
8,15,79,80,10,2,RS,0
8,15,87,90,10,4,RS,0
8,15,93,94,10,2,RS,0
8,15,99,99,10,1,RS,0
8,15,103,103,10,1,RS,0
8,15,165,165,10,1,RS,0
8,15,265,265,10,1,RS,0
8,16,117,118,1,2,AC,0
8,16,121,123,1,3,AC,0
8,16,126,135,1,10,AC,0
8,16,137,174,1,38,AC,0
8,16,176,209,1,34,AC,0
8,16,211,235,1,25,AC,0
8,16,237,241,1,5,AC,0
8,16,243,254,1,12,AC,0
8,16,136,139,2,4,BV,0
8,16,143,144,2,2,BV,0
8,16,148,148,2,1,BV,0
8,16,176,178,2,3,BV,0
8,16,136,137,3,2,BW,0
8,16,143,144,3,2,BW,0
8,16,148,148,3,1,BW,0
8,16,174,174,3,1,BW,0
8,16,148,149,4,2,GC,0
8,16,176,177,4,2,GC,0
8,16,179,179,4,1,GC,0
8,16,136,137,5,2,HV,0
8,16,143,143,5,1,HV,0
8,16,148,148,5,1,HV,0
8,16,174,178,5,5,HV,0
8,16,182,182,5,1,HV,0
8,16,185,186,5,2,HV,0
8,16,136,136,6,1,PT,0
8,16,140,141,7,2,RCL,0
8,16,143,166,7,24,RCL,0
8,16,169,170,7,2,RCL,0
8,16,172,173,7,2,RCL,0
8,16,175,202,7,28,RCL,0
8,16,204,220,7,17,RCL,0
8,16,224,226,7,3,RCL,0
8,16,263,270,7,8,RCL,0
8,16,273,273,7,1,RCL,0
8,16,282,283,7,2,RCL,0
8,16,300,301,7,2,RCL,0
8,16,82,88,8,7,RP,0
8,16,95,95,8,1,RP,0
8,16,95,95,9,1,RS,0
8,16,97,98,9,2,RS,0
8,17,135,138,1,4,AC,0
8,17,141,141,1,1,AC,0
8,17,143,146,1,4,AC,0
8,17,148,150,1,3,AC,0
8,17,153,158,1,6,AC,0
8,17,160,163,1,4,AC,0
8,17,165,168,1,4,AC,0
8,17,170,175,1,6,AC,0
8,17,178,181,1,4,AC,0
8,17,183,184,1,2,AC,0
8,17,191,195,1,5,AC,0
8,17,197,198,1,2,AC,0
8,17,201,206,1,6,AC,0
8,17,208,213,1,6,AC,0
8,17,216,233,1,18,AC,0
8,17,176,177,2,2,BV,0
8,17,145,145,3,1,BW,0
8,17,173,174,4,2,GC,0
8,17,176,179,4,4,GC,0
8,17,184,185,4,2,GC,0
8,17,191,191,4,1,GC,0
8,17,45,47,5,3,PT,0
8,17,78,79,5,2,PT,0
8,17,135,138,6,4,RCL,0
8,17,142,146,6,5,RCL,0
8,17,148,162,6,15,RCL,0
8,17,164,166,6,3,RCL,0
8,17,168,199,6,32,RCL,0
8,17,201,222,6,22,RCL,0
8,17,224,233,6,10,RCL,0
8,17,62,64,7,3,RS,0
8,17,70,70,7,1,RS,0
8,17,75,80,7,6,RS,0
8,17,84,86,7,3,RS,0
8,18,159,220,1,62,AC,0
8,18,223,223,1,1,AC,0
8,18,225,228,1,4,AC,0
8,18,237,253,1,17,AC,0
8,18,256,256,1,1,AC,0
8,18,258,260,1,3,AC,0
8,18,262,262,1,1,AC,0
8,18,265,267,1,3,AC,0
8,18,119,119,2,1,BV,0
8,18,160,162,2,3,BV,0
8,18,170,171,2,2,BV,0
8,18,103,104,3,2,BW,0
8,18,118,119,3,2,BW,0
8,18,159,162,3,4,BW,0
8,18,169,171,3,3,BW,0
8,18,104,104,4,1,PT,0
8,18,114,115,4,2,PT,0
8,18,129,129,5,1,RCL,0
8,18,156,179,5,24,RCL,0
8,18,183,183,5,1,RCL,0
8,18,187,194,5,8,RCL,0
8,18,199,259,5,61,RCL,0
8,18,266,266,5,1,RCL,0
8,18,269,269,5,1,RCL,0
8,18,81,90,6,10,RP,0
8,18,37,37,7,1,RS,0
8,18,47,48,7,2,RS,0
8,18,54,54,7,1,RS,0
8,18,63,64,7,2,RS,0
8,18,66,68,7,3,RS,0
8,18,71,82,7,12,RS,0
8,18,86,86,7,1,RS,0
8,18,104,105,7,2,RS,0
8,18,294,294,7,1,RS,0
8,19,138,246,1,109,AC,0
8,19,250,250,1,1,AC,0
8,19,254,261,1,8,AC,0
8,19,263,266,1,4,AC,0
8,19,146,148,2,3,BV,0
8,19,152,153,2,2,BV,0
8,19,162,162,2,1,BV,0
8,19,168,169,2,2,BV,0
8,19,174,176,2,3,BV,0
8,19,195,197,2,3,BV,0
8,19,110,111,3,2,BW,0
8,19,115,115,3,1,BW,0
8,19,121,122,3,2,BW,0
8,19,127,127,3,1,BW,0
8,19,133,134,3,2,BW,0
8,19,138,140,3,3,BW,0
8,19,142,142,3,1,BW,0
8,19,146,148,3,3,BW,0
8,19,150,153,3,4,BW,0
8,19,163,163,3,1,BW,0
8,19,169,170,3,2,BW,0
8,19,195,195,3,1,BW,0
8,19,171,173,4,3,GC,0
8,19,177,177,4,1,GC,0
8,19,179,180,4,2,GC,0
8,19,182,182,4,1,GC,0
8,19,184,184,4,1,GC,0
8,19,195,201,4,7,GC,0
8,19,206,206,4,1,GC,0
8,19,210,210,4,1,GC,0
8,19,148,148,5,1,HC,0
8,19,152,152,5,1,HC,0
8,19,156,156,5,1,HC,0
8,19,161,162,5,2,HC,0
8,19,164,164,5,1,HC,0
8,19,166,169,5,4,HC,0
8,19,171,172,5,2,HC,0
8,19,175,176,5,2,HC,0
8,19,194,194,5,1,HC,0
8,19,196,196,5,1,HC,0
8,19,138,138,6,1,HV,0
8,19,142,142,6,1,HV,0
8,19,150,150,6,1,HV,0
8,19,152,154,6,3,HV,0
8,19,156,163,6,8,HV,0
8,19,165,166,6,2,HV,0
8,19,196,196,6,1,HV,0
8,19,201,201,6,1,HV,0
8,19,132,182,7,51,RCL,0
8,19,184,193,7,10,RCL,0
8,19,195,255,7,61,RCL,0
8,19,259,265,7,7,RCL,0
8,19,267,276,7,10,RCL,0
8,19,294,294,7,1,RCL,0
8,19,300,300,8,1,RS,0
8,20,124,242,1,119,AC,0
8,20,244,248,1,5,AC,0
8,20,140,140,2,1,BV,0
8,20,181,183,2,3,BV,0
8,20,203,203,2,1,BV,0
8,20,205,205,2,1,BV,0
8,20,138,139,3,2,BW,0
8,20,150,150,3,1,BW,0
8,20,182,182,4,1,GC,0
8,20,146,146,5,1,HC,0
8,20,210,210,5,1,HC,0
8,20,149,149,6,1,HV,0
8,20,111,117,7,7,RCL,0
8,20,119,129,7,11,RCL,0
8,20,131,133,7,3,RCL,0
8,20,135,270,7,136,RCL,0
8,20,61,62,8,2,RS,0
8,20,68,83,8,16,RS,0
8,20,85,92,8,8,RS,0
8,20,96,96,8,1,RS,0
8,20,214,214,8,1,RS,0
8,21,129,129,1,1,AC,0
8,21,142,146,1,5,AC,0
8,21,150,158,1,9,AC,0
8,21,160,245,1,86,AC,0
8,21,248,259,1,12,AC,0
8,21,141,145,2,5,BV,0
8,21,149,150,2,2,BV,0
8,21,157,157,2,1,BV,0
8,21,161,162,2,2,BV,0
8,21,173,174,2,2,BV,0
8,21,180,180,2,1,BV,0
8,21,123,123,3,1,BW,0
8,21,141,145,3,5,BW,0
8,21,147,147,3,1,BW,0
8,21,149,150,3,2,BW,0
8,21,154,155,3,2,BW,0
8,21,157,157,3,1,BW,0
8,21,160,163,3,4,BW,0
8,21,171,171,3,1,BW,0
8,21,174,174,3,1,BW,0
8,21,180,180,3,1,BW,0
8,21,150,150,4,1,GC,0
8,21,162,162,4,1,GC,0
8,21,164,164,4,1,GC,0
8,21,173,179,4,7,GC,0
8,21,181,181,4,1,GC,0
8,21,183,183,4,1,GC,0
8,21,186,190,4,5,GC,0
8,21,200,208,4,9,GC,0
8,21,219,219,4,1,GC,0
8,21,150,150,5,1,HC,0
8,21,162,163,5,2,HC,0
8,21,173,174,5,2,HC,0
8,21,144,146,6,3,HV,0
8,21,149,150,6,2,HV,0
8,21,161,161,6,1,HV,0
8,21,163,167,6,5,HV,0
8,21,174,174,6,1,HV,0
8,21,214,215,6,2,HV,0
8,21,236,237,6,2,HV,0
8,21,241,241,6,1,HV,0
8,21,150,154,7,5,RCL,0
8,21,156,164,7,9,RCL,0
8,21,166,263,7,98,RCL,0
8,21,270,270,7,1,RCL,0
8,21,314,314,7,1,RCL,0
8,21,84,86,8,3,RP,0
8,21,89,90,8,2,RP,0
8,21,93,93,8,1,RP,0
8,21,98,98,8,1,RP,0
8,21,101,102,8,2,RP,0
8,21,47,52,9,6,RS,0
8,21,57,68,9,12,RS,0
8,21,79,79,9,1,RS,0
8,21,81,87,9,7,RS,0
8,21,89,89,9,1,RS,0
8,21,91,96,9,6,RS,0
8,21,185,186,9,2,RS,0
8,21,272,272,9,1,RS,0
8,21,295,297,9,3,RS,0
8,21,299,299,9,1,RS,0
8,21,316,316,9,1,RS,0
8,22,121,121,1,1,AC,0
8,22,129,129,1,1,AC,0
8,22,131,131,1,1,AC,0
8,22,133,134,1,2,AC,0
8,22,136,141,1,6,AC,0
8,22,143,255,1,113,AC,0
8,22,257,260,1,4,AC,0
8,22,262,265,1,4,AC,0
8,22,154,154,2,1,BV,0
8,22,114,115,3,2,BW,0
8,22,122,122,3,1,BW,0
8,22,128,128,3,1,BW,0
8,22,146,147,3,2,BW,0
8,22,159,159,3,1,BW,0
8,22,151,151,4,1,GC,0
8,22,154,154,4,1,GC,0
8,22,176,178,4,3,GC,0
8,22,145,145,5,1,HC,0
8,22,155,155,5,1,HC,0
8,22,157,157,5,1,HC,0
8,22,195,195,5,1,HC,0
8,22,200,200,5,1,HC,0
8,22,204,204,5,1,HC,0
8,22,210,210,5,1,HC,0
8,22,75,75,6,1,PC,0
8,22,139,140,7,2,RCA,0
8,22,145,153,7,9,RCA,0
8,22,127,128,8,2,RCL,0
8,22,130,130,8,1,RCL,0
8,22,132,260,8,129,RCL,0
8,22,262,273,8,12,RCL,0
8,22,278,278,8,1,RCL,0
8,22,89,90,9,2,RP,0
8,22,92,93,9,2,RP,0
8,22,101,106,9,6,RP,0
8,22,109,114,9,6,RP,0
8,22,13,13,10,1,RS,0
8,22,69,69,10,1,RS,0
8,22,74,78,10,5,RS,0
8,22,80,80,10,1,RS,0
8,22,88,92,10,5,RS,0
8,22,96,96,10,1,RS,0
8,22,101,106,10,6,RS,0
8,22,109,113,10,5,RS,0
8,22,273,273,10,1,RS,0
8,22,281,281,10,1,RS,0
8,22,291,291,10,1,RS,0
8,22,307,307,10,1,RS,0
8,23,10,10,1,1,RS,0
8,23,24,24,1,1,RS,0
