pond,cycle,starting_state,end_state,day
1,1,"PC,RS",RS,56
1,1,RS,none,60
1,1,none,RS,62
1,1,RS,"PC,RS",70
1,1,"PC,RS",RS,98
1,1,RS,"PC,RS",100
1,1,"PC,RS",RS,101
1,1,RS,none,104
1,1,none,RS,107
1,1,RS,"HV,RS",108
1,1,"HV,RS",RS,110
1,1,RS,"HV,RS",118
1,1,"HV,RS",HV,121
1,1,HV,"HV,RS",124
1,1,"HV,RS",HV,125
1,1,HV,"HV,RS",132
1,1,"HV,RS",none,133
1,1,none,HV,137
1,1,HV,none,139
1,1,none,"HV,RS",152
1,1,"HV,RS",RS,155
1,1,RS,"HV,RS",157
1,1,"HV,RS","HV,RCA,RS",161
1,1,"HV,RCA,RS","HV,RCA",165
1,1,"HV,RCA","HV,RCA,RS",167
1,1,"HV,RCA,RS",none,168
1,1,none,HV,171
1,1,HV,"BW,HV",174
1,1,"BW,HV","BW,HV,RS",175
1,1,"BW,HV,RS","BW,HV",176
1,1,"BW,HV","BW,HV,RS",178
1,1,"BW,HV,RS",BW,179
1,1,BW,"BW,HV",181
1,1,"BW,HV","HV,RS",183
1,1,"HV,RS","HC,HV,RS",184
1,1,"HC,HV,RS",RS,185
1,1,RS,"GC,RS",186
1,1,"GC,RS","GC,HV,RS",187
1,1,"GC,HV,RS","HV,RS",189
1,1,"HV,RS","HC,HV",190
1,1,"HC,HV",HV,191
1,1,HV,"GC,HV,RS",193
1,1,"GC,HV,RS","HV,RS",196
1,1,"HV,RS","HC,HV,RS",197
1,1,"HC,HV,RS","HV,RS",198
1,1,"HV,RS",HV,203
1,1,HV,"HV,RS",206
1,1,"HV,RS","GC,HV",211
1,1,"GC,HV",HV,213
1,1,HV,none,228
1,1,none,RS,244
1,1,RS,HV,245
1,1,HV,RS,250
1,1,RS,none,251
1,1,none,RS,253
1,1,RS,none,254
1,1,none,HV,255
1,1,HV,none,257
1,1,none,RS,263
1,1,RS,none,264
1,1,none,RS,267
1,1,RS,none,268
1,1,none,RS,282
1,1,RS,none,284
1,1,none,RS,286
1,1,RS,none,287
1,1,none,RS,292
1,1,RS,none,299
1,1,none,RS,303
1,1,RS,none,304
1,1,none,RS,306
1,1,RS,none,310
1,1,none,RS,312
1,2,RS,none,16
1,2,none,RS,18
1,2,RS,none,19
1,2,none,PC,24
1,2,PC,none,25
1,2,none,RS,36
1,2,RS,none,37
1,2,none,RS,39
1,2,RS,none,40
1,2,none,RS,43
1,2,RS,none,44
1,2,none,RS,49
1,2,RS,none,50
1,2,none,RS,53
1,2,RS,none,58
1,2,none,RS,71
1,2,RS,none,83
1,2,none,RS,107
1,2,RS,none,108
1,2,none,RS,113
1,2,RS,"HV,RS",114
1,2,"HV,RS",none,119
1,2,none,HC,210
1,2,HC,"HC,HV",223
1,2,"HC,HV",HV,225
1,2,HV,none,227
1,2,none,HC,228
1,2,HC,"HC,HV",233
1,2,"HC,HV","HC,RCA",234
1,2,"HC,RCA",HC,235
1,2,HC,none,236
1,2,none,HC,239
1,2,HC,none,241
1,2,none,"HV,RS",266
1,2,"HV,RS",RS,267
1,2,RS,none,269
1,2,none,RS,274
1,2,RS,none,275
1,2,none,RCA,276
1,2,RCA,none,277
1,2,none,RS,281
1,2,RS,none,282
1,2,none,RS,285
1,2,RS,none,286
1,2,none,RS,290
1,2,RS,none,291
1,2,none,RS,301
1,2,RS,none,302
1,2,none,RS,304
1,2,RS,none,305
1,2,none,RS,308
1,2,RS,none,315
1,2,none,RS,320
1,2,RS,none,324
1,2,none,RS,329
1,2,RS,none,332
1,2,none,RS,334
1,3,RS,none,13
1,3,none,RS,26
1,3,RS,"HV,RS",27
1,3,"HV,RS","PC,RS",28
1,3,"PC,RS",RS,29
1,3,RS,"PC,RS",32
1,3,"PC,RS",none,37
1,3,none,PC,47
1,3,PC,none,50
1,3,none,"PC,RS",54
1,3,"PC,RS",PC,55
1,3,PC,none,56
1,3,none,"PC,RS",68
1,3,"PC,RS",RS,72
1,3,RS,none,73
1,3,none,PC,78
1,3,PC,"PC,RS",80
1,3,"PC,RS",PC,81
1,3,PC,none,82
1,3,none,PC,86
1,3,PC,RS,87
1,3,RS,PC,89
1,3,PC,none,96
1,3,none,RS,114
1,3,RS,none,115
1,3,none,HV,153
1,3,HV,"HC,HV",157
1,3,"HC,HV",none,158
1,3,none,HV,160
1,3,HV,none,167
1,3,none,HV,190
1,3,HV,none,192
1,3,none,HV,195
1,3,HV,none,204
1,3,none,HV,206
1,3,HV,none,209
1,3,none,HV,212
1,3,HV,none,221
1,3,none,HV,231
1,3,HV,none,240
1,3,none,HV,251
1,3,HV,none,267
1,3,none,HV,269
1,3,HV,"HV,RS",271
1,3,"HV,RS",RS,272
1,3,RS,none,276
1,3,none,RS,282
1,3,RS,none,285
1,3,none,RS,309
1,3,RS,none,314
1,3,none,RS,316
1,3,RS,none,319
1,3,none,RS,322
1,3,RS,none,326
1,3,none,PC,341
1,3,PC,none,342
1,3,none,RS,348
1,4,PC,none,3
1,4,none,PC,28
1,4,PC,RS,29
1,4,RS,none,30
1,4,none,PC,43
1,4,PC,none,46
1,4,none,PC,50
1,4,PC,none,54
1,4,none,PC,59
1,4,PC,none,60
1,4,none,PC,62
1,4,PC,none,63
1,4,none,PC,67
1,4,PC,"PC,RS",68
1,4,"PC,RS",PC,69
1,4,PC,"PC,RS",72
1,4,"PC,RS",PC,78
1,4,PC,"PC,RS",81
1,4,"PC,RS","HV,PC,RS",90
1,4,"HV,PC,RS","HV,PC",92
1,4,"HV,PC",PC,93
1,4,PC,"PC,RS",94
1,4,"PC,RS",PC,95
1,4,PC,"HV,PC",105
1,4,"HV,PC",PC,108
1,4,PC,none,112
1,4,none,HV,113
1,4,HV,"HV,PC",116
1,4,"HV,PC",RS,117
1,4,RS,"HV,RS",119
1,4,"HV,RS","HV,PC,RS",121
1,4,"HV,PC,RS",RS,122
1,4,RS,"HV,RS",125
1,4,"HV,RS",RS,128
1,4,RS,"RCL,RS",132
1,4,"RCL,RS",RCL,133
1,4,RCL,"HV,RCL",134
1,4,"HV,RCL",RCL,135
1,4,RCL,"HV,RCL",137
1,4,"HV,RCL",RCL,138
1,4,RCL,"HV,RCL",141
1,4,"HV,RCL",HV,142
1,4,HV,"HV,RS",144
1,4,"HV,RS","HV,RCL",145
1,4,"HV,RCL",HV,147
1,4,HV,"RCL,RS",149
1,4,"RCL,RS","HV,RCL,RS",151
1,4,"HV,RCL,RS","HC,HV,RCL,RS",160
1,4,"HC,HV,RCL,RS","HV,RCL,RS",161
1,4,"HV,RCL,RS","GC,HV,RCL,RS",162
1,4,"GC,HV,RCL,RS","HC,HV,RCA,RCL,RS",163
1,4,"HC,HV,RCA,RCL,RS","HC,HV,RCL,RS",164
1,4,"HC,HV,RCL,RS","HC,HV,RCL",165
1,4,"HC,HV,RCL","HC,HV,RCL,RS",167
1,4,"HC,HV,RCL,RS","HC,HV",168
1,4,"HC,HV","GC,HC,HV",170
1,4,"GC,HC,HV","HC,HV",171
1,4,"HC,HV",HC,177
1,4,HC,"HC,HV",180
1,4,"HC,HV","GC,HC,HV",203
1,4,"GC,HC,HV",RCL,204
1,4,RCL,"GC,HC,HV,RCL",206
1,4,"GC,HC,HV,RCL","HC,HV,RCL",208
1,4,"HC,HV,RCL","HC,HV",213
1,4,"HC,HV",HC,224
1,4,HC,none,230
1,4,none,HV,234
1,4,HV,none,235
1,4,none,RS,236
1,4,RS,none,237
1,4,none,HV,240
1,4,HV,"HC,HV",241
1,4,"HC,HV",HV,242
1,4,HV,none,244
1,4,none,RS,246
1,4,RS,none,247
1,4,none,RS,254
1,4,RS,none,255
1,4,none,HV,261
1,4,HV,"HV,RS",262
1,4,"HV,RS",RS,263
1,4,RS,none,265
1,4,none,RS,269
1,4,RS,none,284
1,4,none,RS,286
1,4,RS,none,299
1,4,none,RS,303
1,4,RS,none,307
1,4,none,RS,311
1,4,RS,none,312
1,4,none,RS,317
1,4,RS,none,318
1,4,none,RS,326
1,4,RS,none,337
1,4,none,RS,348
1,4,RS,none,349
1,4,none,RS,351
1,5,PC,none,7
1,5,none,PC,9
1,5,PC,none,11
1,5,none,PC,13
1,5,PC,none,14
1,5,none,PC,17
1,5,PC,none,19
1,5,none,PC,25
1,5,PC,"PC,RS",32
1,5,"PC,RS",PC,33
1,5,PC,"PC,RS",38
1,5,"PC,RS",RS,40
1,5,RS,none,42
1,5,none,"PC,RS",46
1,5,"PC,RS",none,49
1,5,none,"PC,RS",52
1,5,"PC,RS",RS,53
1,5,RS,"PC,RS",55
1,5,"PC,RS",PC,56
1,5,PC,"PC,RS",60
1,5,"PC,RS",PC,74
1,5,PC,none,75
1,5,none,PC,78
1,5,PC,"PC,RS",84
1,5,"PC,RS",PC,86
1,5,PC,"PC,RS",90
1,5,"PC,RS",PC,93
1,5,PC,none,94
1,5,none,PC,105
1,5,PC,none,108
1,5,none,HV,128
1,5,HV,none,129
1,5,none,HV,137
1,5,HV,none,140
1,5,none,HV,145
1,5,HV,none,147
1,5,none,RCL,150
1,5,RCL,none,153
1,5,none,HV,155
1,5,HV,"HV,RCL",156
1,5,"HV,RCL",none,157
1,5,none,RCL,165
1,5,RCL,none,166
1,5,none,HC,170
1,5,HC,none,172
1,5,none,HC,177
1,5,HC,none,179
1,5,none,HC,181
1,5,HC,none,182
1,5,none,HV,185
1,5,HV,none,187
1,5,none,BV,188
1,5,BV,none,189
1,5,none,HV,202
1,5,HV,none,203
1,5,none,HV,215
1,5,HV,none,216
1,5,none,HV,221
1,5,HV,none,222
1,5,none,"HC,HV",226
1,5,"HC,HV",none,227
1,5,none,HC,229
1,5,HC,none,230
1,5,none,HV,248
1,5,HV,none,249
1,5,none,HV,254
1,5,HV,none,255
1,5,none,RS,273
1,5,RS,none,275
1,5,none,RS,277
1,5,RS,none,281
1,5,none,RS,285
1,5,RS,none,286
1,5,none,RS,291
1,5,RS,none,301
1,5,none,RS,304
1,5,RS,none,308
1,5,none,RS,311
1,6,PC,none,62
1,6,none,PC,72
1,6,PC,"PC,RS",73
1,6,"PC,RS",none,75
1,6,none,PC,80
1,6,PC,"PC,RS",88
1,6,"PC,RS",none,90
1,6,none,PC,92
1,6,PC,"PC,RS",96
1,6,"PC,RS",PC,103
1,6,PC,"PC,RS",106
1,6,"PC,RS",PC,108
1,6,PC,"PC,RS",110
1,6,"PC,RS",PC,111
1,6,PC,"PC,RS",113
1,6,"PC,RS","HV,PC,RS",117
1,6,"HV,PC,RS","HV,PC",118
1,6,"HV,PC",none,120
1,6,none,HV,122
1,6,HV,none,125
1,6,none,HV,130
1,6,HV,"HV,PC",133
1,6,"HV,PC",HV,134
1,6,HV,none,141
1,6,none,HV,148
1,6,HV,"BV,HV",156
1,6,"BV,HV",none,157
1,6,none,RCL,164
1,6,RCL,"HV,RCL",168
1,6,"HV,RCL",RCL,169
1,6,RCL,none,170
1,6,none,HV,193
1,6,HV,"BV,HC,HV",196
1,6,"BV,HC,HV","HC,HV",198
1,6,"HC,HV",HC,199
1,6,HC,none,204
1,6,none,HC,210
1,6,HC,none,211
1,6,none,HC,214
1,6,HC,"BV,HC,HV",217
1,6,"BV,HC,HV",HC,219
1,6,HC,none,230
1,6,none,HC,233
1,6,HC,"HC,HV",235
1,6,"HC,HV",HV,237
1,6,HV,none,239
1,6,none,HC,240
1,6,HC,none,241
1,6,none,HC,247
1,6,HC,none,249
1,6,none,HV,262
1,6,HV,none,264
1,6,none,HV,267
1,6,HV,none,268
1,6,none,RS,288
1,6,RS,none,295
1,6,none,RS,298
1,6,RS,none,299
1,6,none,RS,304
1,6,RS,none,305
1,6,none,RS,311
1,6,RS,none,323
1,6,none,RS,326
1,6,RS,none,328
1,6,none,RS,340
1,7,PC,none,21
1,7,none,PC,24
1,7,PC,none,27
1,7,none,PC,32
1,7,PC,none,33
1,7,none,PC,38
1,7,PC,none,41
1,7,none,PC,45
1,7,PC,none,59
1,7,none,PC,61
1,7,PC,none,89
1,7,none,PC,92
1,7,PC,"PC,RS",101
1,7,"PC,RS",PC,103
1,7,PC,"HV,PC",104
1,7,"HV,PC","HV,PC,RS",105
1,7,"HV,PC,RS","HV,PC",106
1,7,"HV,PC",HV,108
1,7,HV,"HV,RS",110
1,7,"HV,RS","HV,PC,RS",111
1,7,"HV,PC,RS","BV,HV,RS",113
1,7,"BV,HV,RS",HV,114
1,7,HV,none,115
1,7,none,HV,120
1,7,HV,none,121
1,7,none,HC,130
1,7,HC,none,131
1,7,none,HV,139
1,7,HV,"BV,HV,RCL",141
1,7,"BV,HV,RCL","BV,HV",142
1,7,"BV,HV",none,143
1,7,none,HV,145
1,7,HV,"BW,HV",149
1,7,"BW,HV",HV,150
1,7,HV,"BV,HV",151
1,7,"BV,HV",HV,152
1,7,HV,none,155
1,7,none,RCL,157
1,7,RCL,"HV,RCL",158
1,7,"HV,RCL",RCL,163
1,7,RCL,none,168
1,7,none,HV,191
1,7,HV,"BW,HV",205
1,7,"BW,HV",HV,206
1,7,HV,"BV,HV",213
1,7,"BV,HV",HV,215
1,7,HV,none,217
1,7,none,HV,247
1,7,HV,"HV,RS",258
1,7,"HV,RS",HV,263
1,7,HV,"HV,RS",265
1,7,"HV,RS",RS,269
1,7,RS,none,276
1,7,none,RS,282
1,7,RS,none,283
1,7,none,RS,294
1,7,RS,none,299
1,7,none,RS,303
1,8,PC,none,64
1,8,none,PC,69
1,8,PC,none,78
1,8,none,PC,92
1,8,PC,none,100
1,8,none,HV,104
1,8,HV,PC,106
1,8,PC,none,109
1,8,none,HV,113
1,8,HV,none,116
1,8,none,HV,121
1,8,HV,none,122
1,8,none,HV,124
1,8,HV,"BV,HV",125
1,8,"BV,HV",HV,128
1,8,HV,none,129
1,8,none,HV,134
1,8,HV,none,136
1,8,none,HV,138
1,8,HV,"BV,HC,HV",139
1,8,"BV,HC,HV","BV,HV",141
1,8,"BV,HV",none,150
1,8,none,HV,154
1,8,HV,"BV,HV",155
1,8,"BV,HV","BV,HC,HV,RCL",156
1,8,"BV,HC,HV,RCL","HC,HV,RCL",158
1,8,"HC,HV,RCL",none,159
1,8,none,"BV,HC",161
1,8,"BV,HC","BV,HV",162
1,8,"BV,HV",RCL,164
1,8,RCL,"BV,HC,HV,RCL",166
1,8,"BV,HC,HV,RCL",HC,170
1,8,HC,"BV,HC,HV,RCL",190
1,8,"BV,HC,HV,RCL","BV,HV,RCL",191
1,8,"BV,HV,RCL","HV,RCL",192
1,8,"HV,RCL",RCL,195
1,8,RCL,"HC,RCL",203
1,8,"HC,RCL",none,204
1,8,none,"BV,HC",206
1,8,"BV,HC",HC,207
1,8,HC,none,208
1,8,none,HC,210
1,8,HC,none,214
1,8,none,HC,220
1,8,HC,none,229
1,8,none,HC,231
1,8,HC,"BV,HC",232
1,8,"BV,HC",none,235
1,8,none,BV,246
1,8,BV,none,247
1,8,none,"BV,HV",252
1,8,"BV,HV",none,254
1,8,none,HV,258
1,8,HV,none,260
1,8,none,HV,262
1,8,HV,"HV,RCL",264
1,8,"HV,RCL",HV,265
1,8,HV,none,272
1,8,none,RS,288
1,9,PC,none,55
1,9,none,PC,59
1,9,PC,"PC,RS",69
1,9,"PC,RS",PC,70
1,9,PC,none,76
1,9,none,PC,79
1,9,PC,none,80
1,9,none,PC,82
1,9,PC,none,83
1,9,none,PC,94
1,9,PC,none,95
1,9,none,PC,97
1,9,PC,"PC,RS",104
1,9,"PC,RS",PC,105
1,9,PC,"PC,RS",110
1,9,"PC,RS",PC,113
1,9,PC,none,117
1,9,none,PC,121
1,9,PC,none,122
1,9,none,PC,129
1,9,PC,"PC,RS",133
1,9,"PC,RS",PC,134
1,9,PC,"HV,PC",135
1,9,"HV,PC","HV,PC,RS",136
1,9,"HV,PC,RS","HV,PC",137
1,9,"HV,PC","BV,HV,PC",139
1,9,"BV,HV,PC","BV,HV",142
1,9,"BV,HV",none,143
1,9,none,HV,145
1,9,HV,none,146
1,9,none,HV,148
1,9,HV,none,150
1,9,none,"BV,HC,HV",152
1,9,"BV,HC,HV","BV,HV",155
1,9,"BV,HV",HV,156
1,9,HV,none,162
1,9,none,"BV,HV",169
1,9,"BV,HV",none,171
1,9,none,HV,173
1,9,HV,none,174
1,9,none,BV,202
1,9,BV,none,205
1,9,none,"BV,HV",226
1,9,"BV,HV",none,228
1,9,none,BV,235
1,9,BV,none,236
1,9,none,"BV,HV",238
1,9,"BV,HV",none,240
1,9,none,RS,272
1,9,RS,HV,274
1,9,HV,none,275
1,9,none,HV,280
1,9,HV,none,281
1,9,none,RS,282
1,9,RS,none,283
1,9,none,HV,285
1,9,HV,none,286
1,9,none,RS,289
1,9,RS,none,290
1,9,none,HV,291
1,9,HV,RS,292
1,9,RS,none,296
1,9,none,RS,305
1,9,RS,none,306
1,9,none,RS,310
1,9,RS,none,325
1,9,none,RS,328
1,9,RS,none,334
1,9,none,RS,337
1,10,PC,none,47
1,10,none,PC,66
1,10,PC,none,67
1,10,none,PC,71
1,10,PC,none,72
1,10,none,"PC,RS",77
1,10,"PC,RS",none,80
1,10,none,PC,83
1,10,PC,"PC,RS",93
1,10,"PC,RS",PC,95
1,10,PC,none,122
1,10,none,HV,128
1,10,HV,"BW,HV,PC",129
1,10,"BW,HV,PC","BV,BW,HV",130
1,10,"BV,BW,HV","BW,HV",131
1,10,"BW,HV",HV,132
1,10,HV,none,134
1,10,none,"BV,HV",138
1,10,"BV,HV",HV,141
1,10,HV,"BV,HV",146
1,10,"BV,HV",HV,147
1,10,HV,none,149
1,10,none,BV,170
1,10,BV,none,173
1,10,none,BV,176
1,10,BV,none,177
1,10,none,BV,183
1,10,BV,none,184
1,10,none,HV,186
1,10,HV,none,189
1,10,none,BW,207
1,10,BW,"BV,HV",208
1,10,"BV,HV",BV,209
1,10,BV,none,216
1,10,none,RS,242
1,10,RS,none,245
1,10,none,RS,266
1,10,RS,none,268
1,10,none,BV,269
1,10,BV,"BV,RS",270
1,10,"BV,RS",RS,271
1,10,RS,none,298
1,10,none,RS,300
1,10,RS,none,302
1,10,none,RS,319
1,10,RS,none,325
1,10,none,RS,334
1,11,RS,none,27
1,11,none,RS,49
1,11,RS,none,50
1,11,none,RS,56
1,11,RS,"PC,RS",57
1,11,"PC,RS",RS,58
1,11,RS,none,59
1,11,none,RS,68
1,11,RS,none,69
1,11,none,PC,71
1,11,PC,"PC,RS",76
1,11,"PC,RS",PC,82
1,11,PC,"PC,RS",86
1,11,"PC,RS",none,87
1,11,none,PC,89
1,11,PC,"PC,RS",95
1,11,"PC,RS",RS,96
1,11,RS,"PC,RS",98
1,11,"PC,RS",RS,106
1,11,RS,none,118
1,11,none,RS,120
1,11,RS,none,121
1,11,none,HV,123
1,11,HV,"HV,RS",124
1,11,"HV,RS",RS,125
1,11,RS,none,126
1,11,none,HV,143
1,11,HV,"HV,RS",144
1,11,"HV,RS",HV,145
1,11,HV,"HV,RCL",147
1,11,"HV,RCL","HV,RS",148
1,11,"HV,RS",none,149
1,11,none,"HV,RS",154
1,11,"HV,RS",RS,155
1,11,RS,"HV,RS",157
1,11,"HV,RS",none,161
1,11,none,HV,164
1,11,HV,none,178
1,11,none,HV,200
1,11,HV,none,201
1,11,none,BV,264
1,12,RS,none,67
1,12,none,RS,71
1,12,RS,none,83
1,12,none,"PC,RS",87
1,12,"PC,RS",RS,93
1,12,RS,none,94
1,12,none,RS,96
1,12,RS,"HV,RS",98
1,12,"HV,RS",RS,106
1,12,RS,"HV,RS",112
1,12,"HV,RS",HV,113
1,12,HV,RS,116
1,12,RS,none,118
1,12,none,HV,119
1,12,HV,none,120
1,12,none,HV,122
1,12,HV,none,123
1,12,none,HV,128
1,12,HV,none,130
1,12,none,HV,132
1,12,HV,none,133
1,12,none,HV,144
1,12,HV,"HV,RCL",150
1,12,"HV,RCL",HV,151
1,12,HV,none,156
1,12,none,HV,162
1,12,HV,none,178
1,12,none,HV,180
1,12,HV,none,202
1,12,none,RS,208
1,12,RS,none,209
1,12,none,HV,218
1,12,HV,"HV,RCL",220
1,12,"HV,RCL","HV,RCL,RS",233
1,12,"HV,RCL,RS","HV,RCL",234
1,12,"HV,RCL","HV,RCL,RS",236
1,12,"HV,RCL,RS","HV,RCL",237
1,12,"HV,RCL","HV,RCL,RS",242
1,12,"HV,RCL,RS","RCL,RS",252
1,12,"RCL,RS",RCL,254
1,12,RCL,"RCL,RS",259
1,12,"RCL,RS",RCL,265
1,12,RCL,"RCL,RS",268
1,12,"RCL,RS",RS,277
1,12,RS,none,278
1,12,none,RS,280
1,12,RS,none,282
1,12,none,RS,286
1,12,RS,none,292
1,12,none,RS,296
1,12,RS,none,297
1,12,none,RS,301
1,12,RS,none,309
1,12,none,RCL,312
1,12,RCL,none,313
1,12,none,RS,314
1,13,RS,none,56
1,13,none,RS,65
1,13,RS,none,66
1,13,none,RS,68
1,13,RS,none,71
1,13,none,PC,76
1,13,PC,none,77
1,13,none,PC,79
1,13,PC,none,80
1,13,none,PC,82
1,13,PC,none,83
1,13,none,PC,106
1,13,PC,none,109
1,13,none,"HV,PC",116
1,13,"HV,PC","BV,HV,PC,RCL",118
1,13,"BV,HV,PC,RCL","HV,PC",119
1,13,"HV,PC",none,120
1,13,none,"HV,RCL",122
1,13,"HV,RCL","HV,PC,RCL",123
1,13,"HV,PC,RCL","HV,RCL",124
1,13,"HV,RCL","BW,HV,RCL",125
1,13,"BW,HV,RCL","HV,RCL,RS",126
1,13,"HV,RCL,RS","RCL,RS",127
1,13,"RCL,RS",RCL,129
1,13,RCL,"BV,HV,RCL",131
1,13,"BV,HV,RCL","HV,RCL",132
1,13,"HV,RCL","RCL,RS",134
1,13,"RCL,RS",RCL,135
1,13,RCL,"HV,RCL",139
1,13,"HV,RCL","HV,RCL,RS",140
1,13,"HV,RCL,RS",RCL,141
1,13,RCL,"HV,RCL",143
1,13,"HV,RCL","BV,HV,RCL",144
1,13,"BV,HV,RCL","BV,HV,RCL,RS",145
1,13,"BV,HV,RCL,RS","HV,RCL,RS",146
1,13,"HV,RCL,RS","RCL,RS",149
1,13,"RCL,RS",RCL,150
1,13,RCL,"HV,RCL",154
1,13,"HV,RCL","BV,HV,RCL",156
1,13,"BV,HV,RCL","BV,BW,HV,RCL,RS",157
1,13,"BV,BW,HV,RCL,RS","BW,HV,RCL,RS",158
1,13,"BW,HV,RCL,RS","RCL,RS",159
1,13,"RCL,RS","HV,RCL,RS",161
1,13,"HV,RCL,RS","BV,BW,HV,RCL,RS",163
1,13,"BV,BW,HV,RCL,RS","BV,BW,HV,RCL",165
1,13,"BV,BW,HV,RCL",RCL,166
1,13,RCL,"HV,RCL",168
1,13,"HV,RCL","BV,HC,HV,RCL",169
1,13,"BV,HC,HV,RCL","BV,BW,HC,HV,RCL",170
1,13,"BV,BW,HC,HV,RCL","HV,RCL,RS",171
1,13,"HV,RCL,RS","HV,RCL",172
1,13,"HV,RCL","BV,HV,RCL",173
1,13,"BV,HV,RCL","HV,RCL",176
1,13,"HV,RCL","BV,BW,HV,RCL",180
1,13,"BV,BW,HV,RCL","BV,HV,RCL",182
1,13,"BV,HV,RCL","HV,RCL",183
1,13,"HV,RCL",RCL,184
1,13,RCL,"HV,RCL",187
1,13,"HV,RCL",RCL,191
1,13,RCL,"HV,RCL",193
1,13,"HV,RCL","HC,HV,RCL",194
1,13,"HC,HV,RCL","HV,RCL",195
1,13,"HV,RCL","BV,HV,RCL",197
1,13,"BV,HV,RCL","HV,RCL",198
1,13,"HV,RCL",RCL,206
1,13,RCL,"BV,HV,RCL",223
1,13,"BV,HV,RCL",RCL,226
1,13,RCL,"RCL,RS",227
1,13,"RCL,RS",RCL,228
1,13,RCL,"RCL,RS",230
1,13,"RCL,RS",RCL,231
1,13,RCL,"RCL,RS",234
1,13,"RCL,RS",RCL,235
1,13,RCL,"RCL,RS",251
1,13,"RCL,RS",RCL,252
1,13,RCL,"RCL,RS",254
1,13,"RCL,RS",RCL,260
1,13,RCL,none,270
1,13,none,RS,271
1,13,RS,none,272
1,13,none,RS,275
1,13,RS,none,283
1,13,none,RS,290
1,13,RS,none,293
1,13,none,RS,296
1,13,RS,none,297
1,13,none,RS,301
1,13,RS,none,308
1,13,none,RS,310
1,13,RS,none,313
1,13,none,RS,316
1,13,RS,none,317
1,13,none,RS,324
1,14,RS,none,3
1,14,none,PC,36
1,14,PC,none,37
1,14,none,PC,61
1,14,PC,none,63
1,14,none,PC,66
1,14,PC,none,68
1,14,none,PC,72
1,14,PC,"PC,RS",76
1,14,"PC,RS",PC,84
1,14,PC,"PC,RS",86
1,14,"PC,RS",none,88
1,14,none,PC,91
1,14,PC,"PC,RS",93
1,14,"PC,RS",RS,98
1,14,RS,none,100
1,14,none,PC,101
1,14,PC,none,103
1,14,none,PC,107
1,14,PC,none,109
1,14,none,PC,112
1,14,PC,none,114
1,14,none,HV,118
1,14,HV,"AC,HV",120
1,14,"AC,HV",none,121
1,14,none,"PT,RS",123
1,14,"PT,RS",none,124
1,14,none,"HV,RS",126
1,14,"HV,RS",HV,127
1,14,HV,"AC,HV",128
1,14,"AC,HV",HV,129
1,14,HV,none,130
1,14,none,HV,137
1,14,HV,none,139
1,14,none,HV,143
1,14,HV,none,144
1,14,none,HV,150
1,14,HV,"BV,BW,HV",155
1,14,"BV,BW,HV","BV,BW,HV,RS",156
1,14,"BV,BW,HV,RS","BV,GC,HV",158
1,14,"BV,GC,HV","BV,HV",159
1,14,"BV,HV","AC,HV,RS",160
1,14,"AC,HV,RS","AC,HC,HV,RCA,RS",169
1,14,"AC,HC,HV,RCA,RS","AC,HV,RS",170
1,14,"AC,HV,RS","AC,GC,HV,RS",176
1,14,"AC,GC,HV,RS","AC,HV,RS",181
1,14,"AC,HV,RS","AC,HV",182
1,14,"AC,HV","AC,HC,HV",183
1,14,"AC,HC,HV","AC,HV",186
1,14,"AC,HV","AC,GC,HV,RS",188
1,14,"AC,GC,HV,RS","AC,HC,HV,RS",189
1,14,"AC,HC,HV,RS","HV,RS",190
1,14,"HV,RS",HV,191
1,14,HV,"AC,HV",192
1,14,"AC,HV","AC,HC,HV",197
1,14,"AC,HC,HV","AC,HV",199
1,14,"AC,HV",HV,205
1,14,HV,"AC,HV",208
1,14,"AC,HV","HV,RS",211
1,14,"HV,RS","AC,HC,HV,RS",213
1,14,"AC,HC,HV,RS","HC,HV,RS",216
1,14,"HC,HV,RS","HV,RS",218
1,14,"HV,RS",HV,222
1,14,HV,"HV,RS",226
1,14,"HV,RS","AC,HV,RS",232
1,14,"AC,HV,RS","HV,RS",233
1,14,"HV,RS","HC,HV,RS",237
1,14,"HC,HV,RS","HV,RS",238
1,14,"HV,RS",HV,245
1,14,HV,"HV,RS",249
1,14,"HV,RS",RS,261
1,14,RS,"HV,RS",272
1,14,"HV,RS",RS,273
1,14,RS,none,278
1,14,none,RS,283
1,14,RS,none,306
1,14,none,RS,314
1,14,RS,none,317
1,14,none,RS,328
1,15,RS,none,8
1,15,none,RS,22
1,15,RS,none,23
1,15,none,RS,29
1,15,RS,none,30
1,15,none,PC,43
1,15,PC,"PC,RS",47
1,15,"PC,RS",PC,48
1,15,PC,"PC,RS",54
1,15,"PC,RS",PC,59
1,15,PC,none,60
1,15,none,PC,62
1,15,PC,none,63
1,15,none,PC,66
1,15,PC,none,76
1,15,none,PC,78
1,15,PC,"PC,RS",79
1,15,"PC,RS",RS,80
1,15,RS,none,81
1,15,none,PC,88
1,15,PC,"PC,RS",90
1,15,"PC,RS",none,91
1,15,none,"PC,RP,RS",93
1,15,"PC,RP,RS","PC,PT,RP,RS",98
1,15,"PC,PT,RP,RS","HV,PC,PT,RP,RS",101
1,15,"HV,PC,PT,RP,RS","HV,PC,RP,RS",106
1,15,"HV,PC,RP,RS","HV,PC,RS",109
1,15,"HV,PC,RS","HV,RP,RS",111
1,15,"HV,RP,RS","RP,RS",112
1,15,"RP,RS",RS,113
1,15,RS,"HV,RS",115
1,15,"HV,RS",HV,118
1,15,HV,"HV,RS",120
1,15,"HV,RS",RS,121
1,15,RS,"HV,RS",123
1,15,"HV,RS",HV,124
1,15,HV,none,127
1,15,none,RS,128
1,15,RS,"HV,RS",129
1,15,"HV,RS",RS,131
1,15,RS,"HV,RS",133
1,15,"HV,RS",RS,137
1,15,RS,"HV,RCL,RS",139
1,15,"HV,RCL,RS","RCL,RS",145
1,15,"RCL,RS","HV,RCL,RS",147
1,15,"HV,RCL,RS","HV,RCL",152
1,15,"HV,RCL",RCL,154
1,15,RCL,none,155
1,15,none,"HV,RCL,RS",158
1,15,"HV,RCL,RS","HV,RCL",160
1,15,"HV,RCL","GC,HV,RCL",161
1,15,"GC,HV,RCL","GC,HV,RCL,RS",162
1,15,"GC,HV,RCL,RS","HV,RCL,RS",164
1,15,"HV,RCL,RS","GC,HV,RCL,RS",166
1,15,"GC,HV,RCL,RS","AC,GC,HV,RCL,RS",167
1,15,"AC,GC,HV,RCL,RS","GC,HV,RCL,RS",168
1,15,"GC,HV,RCL,RS","AC,GC,HV,RCL,RS",171
1,15,"AC,GC,HV,RCL,RS","GC,HV,RCL,RS",172
1,15,"GC,HV,RCL,RS","HV,RCL,RS",177
1,15,"HV,RCL,RS","GC,HV,RCL,RS",179
1,15,"GC,HV,RCL,RS","HV,RCL,RS",182
1,15,"HV,RCL,RS",RCL,184
1,15,RCL,"HV,RCL",187
1,15,"HV,RCL",RCL,189
1,15,RCL,"HV,RCL",195
1,15,"HV,RCL","BV,GC,HV,RCL,RS",197
1,15,"BV,GC,HV,RCL,RS","BV,RCL,RS",199
1,15,"BV,RCL,RS","RCL,RS",200
1,15,"RCL,RS","HV,RCL",201
1,15,"HV,RCL",RCL,202
1,15,RCL,none,205
1,15,none,HC,216
1,15,HC,RCL,217
1,15,RCL,none,218
1,15,none,RCL,221
1,15,RCL,none,223
1,15,none,RCL,239
1,15,RCL,none,240
1,15,none,RCL,258
1,16,PC,none,8
1,16,none,PT,79
1,16,PT,none,80
1,16,none,RP,85
1,16,RP,PT,86
1,16,PT,none,88
1,16,none,"PC,PT",96
1,16,"PC,PT","HV,PC,PT,RS",97
1,16,"HV,PC,PT,RS","HV,PC,RS",99
1,16,"HV,PC,RS",PC,100
1,16,PC,none,103
1,16,none,HV,117
1,16,HV,none,118
1,16,none,HV,128
1,16,HV,none,130
1,16,none,"HV,RS",136
1,16,"HV,RS","BV,HV,RS",137
1,16,"BV,HV,RS","HV,RS",138
1,16,"HV,RS",none,140
1,16,none,HV,143
1,16,HV,"HV,RS",144
1,16,"HV,RS",none,150
1,16,none,RCL,151
1,16,RCL,"HV,RCL",152
1,16,"HV,RCL","HV,RCL,RS",154
1,16,"HV,RCL,RS","HV,RCL",157
1,16,"HV,RCL","AC,HV,RCL",158
1,16,"AC,HV,RCL","HV,RCL",159
1,16,"HV,RCL",RCL,166
1,16,RCL,"HV,RCL",168
1,16,"HV,RCL",RCL,172
1,16,RCL,HV,174
1,16,HV,none,193
1,16,none,HV,195
1,16,HV,"HV,RS",263
1,16,"HV,RS",RS,271
1,16,RS,none,274
1,16,none,RS,298
1,16,RS,none,299
1,16,none,RS,314
1,17,PC,none,23
1,17,none,PC,29
1,17,PC,none,30
1,17,none,PC,42
1,17,PC,none,43
1,17,none,PC,78
1,17,PC,none,79
1,17,none,"HV,PC",119
1,17,"HV,PC",none,121
1,17,none,RCL,129
1,17,RCL,"HV,RCL",137
1,17,"HV,RCL",none,139
1,17,none,RCL,141
1,17,RCL,none,143
1,17,none,"HV,RCL",145
1,17,"HV,RCL",RCL,147
1,17,RCL,"RCL,RS",149
1,17,"RCL,RS","HV,RCL",150
1,17,"HV,RCL",RCL,151
1,17,RCL,"HV,RCL",153
1,17,"HV,RCL",RCL,155
1,17,RCL,"HV,RCL",161
1,17,"HV,RCL",RCL,163
1,17,RCL,"HV,RCL",167
1,17,"HV,RCL","GC,HV,RCL",172
1,17,"GC,HV,RCL","HC,HV,RCL",173
1,17,"HC,HV,RCL","HV,RCL",174
1,17,"HV,RCL","GC,HV,RCL",175
1,17,"GC,HV,RCL","HV,RCL",178
1,17,"HV,RCL",RCL,191
1,17,RCL,"RCA,RCL",192
1,17,"RCA,RCL",RCL,193
1,17,RCL,"HV,RCL",200
1,17,"HV,RCL",RCL,201
1,17,RCL,none,209
1,17,none,RCL,211
1,17,RCL,none,212
1,17,none,RCL,214
1,17,RCL,none,216
1,17,none,RCL,218
1,17,RCL,"BV,RCL",234
1,17,"BV,RCL",RCL,235
1,17,RCL,"HV,RCL",241
1,17,"HV,RCL",RCL,242
1,17,RCL,"HV,RCL",246
1,17,"HV,RCL",RCL,254
1,17,RCL,"HV,RCL",256
1,17,"HV,RCL",RCL,257
1,17,RCL,none,261
1,17,none,HV,265
1,17,HV,"HV,RCL,RS",266
1,17,"HV,RCL,RS","RCL,RS",268
1,17,"RCL,RS","AC,RCL,RS",271
1,17,"AC,RCL,RS",RS,272
1,17,RS,none,282
1,17,none,RS,295
1,17,RS,none,304
1,17,none,RS,336
1,17,RS,none,338
1,17,none,RS,340
1,17,RS,none,341
1,17,none,RS,347
1,18,PC,none,18
1,18,none,PC,48
1,18,PC,none,49
1,18,none,PC,61
1,18,PC,none,69
1,18,none,PC,71
1,18,PC,"HV,PC",76
1,18,"HV,PC",PC,77
1,18,PC,none,86
1,18,none,HV,96
1,18,HV,none,97
1,18,none,HV,102
1,18,HV,"HV,RS",104
1,18,"HV,RS",RS,105
1,18,RS,HV,110
1,18,HV,none,111
1,18,none,PC,114
1,18,PC,"HV,PC,RS",115
1,18,"HV,PC,RS","HV,RS",116
1,18,"HV,RS",HV,117
1,18,HV,none,120
1,18,none,HV,123
1,18,HV,none,124
1,18,none,HV,129
1,18,HV,none,131
1,18,none,HV,133
1,18,HV,RCL,136
1,18,RCL,"HV,RCL",141
1,18,"HV,RCL",RCL,142
1,18,RCL,"HV,RCL",145
1,18,"HV,RCL","BV,HV,RCL",149
1,18,"BV,HV,RCL",HV,150
1,18,HV,"HV,RCL",153
1,18,"HV,RCL",HV,158
1,18,HV,none,167
1,18,none,RCL,172
1,18,RCL,"HV,RCL",173
1,18,"HV,RCL",RCL,174
1,18,RCL,"HV,RCL",182
1,18,"HV,RCL","BV,HV,RCL",183
1,18,"BV,HV,RCL","BV,HV",184
1,18,"BV,HV","BV,HV,RCL",190
1,18,"BV,HV,RCL","BV,RCL",192
1,18,"BV,RCL","BV,HV,RCL",199
1,18,"BV,HV,RCL","AC,RCL",200
1,18,"AC,RCL",RCL,216
1,18,RCL,"AC,RCL",219
1,18,"AC,RCL",RCL,221
1,18,RCL,"AC,RCL",226
1,18,"AC,RCL",RCL,229
1,18,RCL,none,231
1,18,none,"BV,HV,RCL",239
1,18,"BV,HV,RCL",RCL,240
1,18,RCL,"HV,RCL",247
1,18,"HV,RCL","HV,RCL,RS",250
1,18,"HV,RCL,RS","HV,RCL",255
1,18,"HV,RCL","HV,RCL,RS",263
1,18,"HV,RCL,RS",RCL,264
1,18,RCL,"HV,RCL,RS",266
1,18,"HV,RCL,RS","RCL,RS",273
1,18,"RCL,RS",RCL,274
1,18,RCL,none,276
1,18,none,"HV,RS",278
1,18,"HV,RS",RS,279
1,18,RS,none,284
1,18,none,RS,286
1,18,RS,none,289
1,18,none,RS,292
1,18,RS,none,301
1,18,none,RS,307
1,18,RS,none,314
1,18,none,RS,335
1,19,PC,none,13
1,19,none,PC,34
1,19,PC,none,35
1,19,none,PC,49
1,19,PC,none,54
1,19,none,PC,58
1,19,PC,"PC,RS",62
1,19,"PC,RS",PC,66
1,19,PC,"PC,RS",68
1,19,"PC,RS",PC,69
1,19,PC,"PC,RS",71
1,19,"PC,RS",PC,72
1,19,PC,none,74
1,19,none,PC,77
1,19,PC,none,90
1,19,none,PC,92
1,19,PC,none,101
1,19,none,"HV,PC",124
1,19,"HV,PC","HV,RS",125
1,19,"HV,RS","HV,RCL,RS",126
1,19,"HV,RCL,RS","HV,RCL",127
1,19,"HV,RCL",RCL,128
1,19,RCL,none,130
1,19,none,RCL,132
1,19,RCL,"HV,RCL",134
1,19,"HV,RCL",RCL,135
1,19,RCL,"HV,RCL",137
1,19,"HV,RCL","BV,HV,RCL",140
1,19,"BV,HV,RCL","HV,RCL,RS",142
1,19,"HV,RCL,RS","HV,RCL",144
1,19,"HV,RCL","HV,RCL,RS",151
1,19,"HV,RCL,RS","BV,HV,RCL,RS",152
1,19,"BV,HV,RCL,RS","AC,HV,RCL,RS",153
1,19,"AC,HV,RCL,RS","HV,RCL",154
1,19,"HV,RCL","AC,BW,HV,RCL,RS",156
1,19,"AC,BW,HV,RCL,RS","HV,RCL,RS",157
1,19,"HV,RCL,RS","AC,HV,RCL,RS",161
1,19,"AC,HV,RCL,RS","AC,HV,RCL",163
1,19,"AC,HV,RCL","AC,BV,HV,RCL,RS",166
1,19,"AC,BV,HV,RCL,RS","AC,HV,RCL,RS",168
1,19,"AC,HV,RCL,RS","AC,HV,RCL",169
1,19,"AC,HV,RCL","HV,RCL",180
1,19,"HV,RCL","AC,HV,RCL",195
1,19,"AC,HV,RCL","HV,RCL",196
1,19,"HV,RCL","HC,HV,RCL",202
1,19,"HC,HV,RCL","HC,RCL",203
1,19,"HC,RCL",RCL,205
1,19,RCL,"HV,RCL",208
1,19,"HV,RCL",HV,211
1,19,HV,none,212
1,19,none,HV,215
1,19,HV,none,217
1,19,none,RCL,218
1,19,RCL,none,220
1,19,none,HV,221
1,19,HV,"HV,RS",224
1,19,"HV,RS",HV,225
1,19,HV,"HV,RCL",226
1,19,"HV,RCL",HV,227
1,19,HV,none,237
1,19,none,HV,239
1,19,HV,none,251
1,19,none,HV,253
1,19,HV,none,255
1,19,none,RS,286
1,19,RS,none,292
1,19,none,RS,296
1,19,RS,none,297
1,19,none,RS,299
1,19,RS,none,300
1,19,none,RS,302
1,19,RS,none,306
1,19,none,RS,336
1,20,PC,none,42
1,20,none,PC,70
1,20,PC,none,84
1,20,none,PC,87
1,20,PC,none,89
1,20,none,PC,91
1,20,PC,none,101
1,20,none,PC,104
1,20,PC,"HV,PC",110
1,20,"HV,PC","HV,RS",111
1,20,"HV,RS",none,112
1,20,none,RS,116
1,20,RS,none,118
1,20,none,PC,120
1,20,PC,none,121
1,20,none,HV,125
1,20,HV,none,131
1,20,none,HV,135
1,20,HV,none,143
1,20,none,HV,145
1,20,HV,"HV,RCL",146
1,20,"HV,RCL",none,147
1,20,none,HV,149
1,20,HV,none,154
1,20,none,RCL,160
1,20,RCL,"BV,HV,RCL",161
1,20,"BV,HV,RCL",RCL,162
1,20,RCL,"RCA,RCL",164
1,20,"RCA,RCL",RCL,165
1,20,RCL,"BV,RCL",167
1,20,"BV,RCL",RCL,168
1,20,RCL,none,170
1,20,none,HV,172
1,20,HV,RCL,179
1,20,RCL,none,184
1,20,none,RCL,186
1,20,RCL,none,189
1,20,none,RCL,191
1,20,RCL,none,192
1,20,none,"HV,RCL",202
1,20,"HV,RCL","BV,GC,HV,RCL",203
1,20,"BV,GC,HV,RCL","HV,RCL",204
1,20,"HV,RCL",HV,207
1,20,HV,"HV,RCL",209
1,20,"HV,RCL",RCL,210
1,20,RCL,none,211
1,20,none,HC,220
1,20,HC,none,222
1,20,none,HV,231
1,20,HV,none,235
1,20,none,"HV,RCL",237
1,20,"HV,RCL",RCL,238
1,20,RCL,"HV,RCL",240
1,20,"HV,RCL",RCL,241
1,20,RCL,none,245
1,20,none,RS,252
1,20,RS,"HV,RS",257
1,20,"HV,RS",RS,258
1,20,RS,"HV,RS",261
1,20,"HV,RS",RS,262
1,20,RS,"HV,RS",268
1,20,"HV,RS",RS,269
1,20,RS,none,278
1,20,none,RS,281
1,20,RS,none,285
1,20,none,RS,289
1,20,RS,none,305
1,20,none,RS,309
1,20,RS,none,310
1,20,none,RS,315
1,20,RS,none,316
1,20,none,PC,364
1,21,RS,none,9
1,21,none,PC,19
1,21,PC,none,20
1,21,none,PC,27
1,21,PC,none,29
1,21,none,PC,30
1,21,PC,none,37
1,21,none,PC,39
1,21,PC,none,43
1,21,none,PC,45
1,21,PC,none,54
1,21,none,PC,57
1,21,PC,none,58
1,21,none,PC,61
1,21,PC,none,69
1,21,none,PC,79
1,21,PC,"PC,RS",86
1,21,"PC,RS",PC,87
1,21,PC,"PC,RS",91
1,21,"PC,RS",PC,92
1,21,PC,"PC,RS",96
1,21,"PC,RS",PC,104
1,21,PC,"PC,RS",106
1,21,"PC,RS",PC,108
1,21,PC,none,112
1,21,none,RS,116
1,21,RS,none,117
1,21,none,RS,121
1,21,RS,"PC,RS",125
1,21,"PC,RS",RS,129
1,21,RS,none,130
1,21,none,"PC,RS",133
1,21,"PC,RS",RS,136
1,21,RS,"PC,RS",140
1,21,"PC,RS","HV,PC,RS",141
1,21,"HV,PC,RS","HV,RS",143
1,21,"HV,RS",HV,145
1,21,HV,"HV,PC",146
1,21,"HV,PC","HV,PC,RS",147
1,21,"HV,PC,RS","AC,HV,RS",151
1,21,"AC,HV,RS","AC,HV,RCL,RS",152
1,21,"AC,HV,RCL,RS","HV,RS",153
1,21,"HV,RS","AC,HV,RS",155
1,21,"AC,HV,RS","AC,GC,HV,RS",162
1,21,"AC,GC,HV,RS","AC,HV,RS",163
1,21,"AC,HV,RS","AC,HV,RCL,RS",164
1,21,"AC,HV,RCL,RS","AC,HV,RS",165
1,21,"AC,HV,RS","AC,GC,HV,RS",166
1,21,"AC,GC,HV,RS","AC,GC,HV,RCL,RS",172
1,21,"AC,GC,HV,RCL,RS","AC,HV,RS",177
1,21,"AC,HV,RS","AC,GC,HV,RCL,RS",179
1,21,"AC,GC,HV,RCL,RS","AC,GC,HV,RCL",187
1,21,"AC,GC,HV,RCL","GC,RCL,RS",189
1,21,"GC,RCL,RS","RCL,RS",190
1,21,"RCL,RS",RCL,191
1,21,RCL,"GC,RCL",194
1,21,"GC,RCL",RCL,195
1,21,RCL,"HC,RCL",225
1,21,"HC,RCL",RCL,226
1,21,RCL,none,229
1,21,none,RCL,231
1,21,RCL,"RCL,RS",232
1,21,"RCL,RS",RCL,233
1,21,RCL,"HV,RCL",237
1,21,"HV,RCL",RCL,242
1,21,RCL,"RCL,RS",251
1,21,"RCL,RS",RCL,252
1,21,RCL,"HV,RCL",258
1,21,"HV,RCL",RCL,259
1,21,RCL,"RCL,RS",273
1,21,"RCL,RS",RCL,274
1,21,RCL,"RCL,RS",276
1,21,"RCL,RS",RS,279
1,21,RS,none,285
1,21,none,RS,304
1,22,RS,none,44
1,22,none,PC,46
1,22,PC,none,47
1,22,none,PC,59
1,22,PC,none,60
1,22,none,PC,73
1,22,PC,none,76
1,22,none,PC,86
1,22,PC,"PC,RS",90
1,22,"PC,RS",PC,93
1,22,PC,"PC,RS",99
1,22,"PC,RS","HV,PC,RS",107
1,22,"HV,PC,RS","PC,RS",108
1,22,"PC,RS",PC,110
1,22,PC,"PC,RS",112
1,22,"PC,RS",PC,114
1,22,PC,"PC,RS",117
1,22,"PC,RS",PC,118
1,22,PC,none,119
1,22,none,PC,121
1,22,PC,none,124
1,22,none,AC,134
1,22,AC,none,135
1,22,none,AC,137
1,22,AC,none,140
1,22,none,"HV,PC",142
1,22,"HV,PC","AC,HV",143
1,22,"AC,HV",AC,144
1,22,AC,"AC,RCL",145
1,22,"AC,RCL",none,146
1,22,none,RCL,149
1,22,RCL,"HV,RCL",150
1,22,"HV,RCL","AC,HV,RCL",151
1,22,"AC,HV,RCL","AC,RCL",153
1,22,"AC,RCL","AC,HC,RCL",154
1,22,"AC,HC,RCL","AC,BW,HC,RCL",156
1,22,"AC,BW,HC,RCL","AC,HC,RCL",157
1,22,"AC,HC,RCL","AC,RCL",158
1,22,"AC,RCL",RCL,159
1,22,RCL,none,168
1,22,none,HV,172
1,22,HV,none,173
1,22,none,BV,183
1,22,BV,none,184
1,22,none,HV,247
1,22,HV,none,248
1,22,none,HV,250
1,22,HV,none,255
1,22,none,"GC,HV",257
1,22,"GC,HV","HV,RS",258
1,22,"HV,RS","GC,HV,RS",262
1,22,"GC,HV,RS","HV,RS",263
1,22,"HV,RS",RS,268
1,22,RS,none,301
1,22,none,RS,307
1,22,RS,none,308
1,22,none,RS,311
1,22,RS,none,312
1,22,none,RS,317
1,22,RS,none,318
1,22,none,RS,323
1,23,RS,none,5
1,23,none,RS,8
1,23,RS,none,11
1,23,none,PC,17
1,23,PC,none,18
1,23,none,RS,27
1,23,RS,none,29
1,23,none,PC,55
1,23,PC,none,56
1,23,none,PC,64
1,23,PC,none,65
1,23,none,PC,73
1,23,PC,none,74
1,23,none,PC,77
1,23,PC,none,82
1,23,none,PC,84
1,23,PC,"HV,PC",86
1,23,"HV,PC",PC,87
1,23,PC,"PC,RS",88
1,23,"PC,RS","HV,PC,RS",91
1,23,"HV,PC,RS","HV,PC",93
1,23,"HV,PC","PC,RS",95
1,23,"PC,RS",RS,99
1,23,RS,none,100
1,23,none,PC,102
1,23,PC,"PC,RS",106
1,23,"PC,RS",none,108
1,23,none,"PC,RS",112
1,23,"PC,RS",PC,113
1,23,PC,none,116
1,23,none,RS,119
1,23,RS,none,120
1,23,none,PC,123
1,23,PC,"PC,RS",124
1,23,"PC,RS","HV,PC,RS",125
1,23,"HV,PC,RS","HV,RS",127
1,23,"HV,RS",HV,128
1,23,HV,none,129
1,23,none,RS,134
1,23,RS,"HV,RS",137
1,23,"HV,RS",RS,139
1,23,RS,"HV,RS",143
1,23,"HV,RS","HV,RCL,RS",146
1,23,"HV,RCL,RS","HV,RCL",149
1,23,"HV,RCL","HV,RCL,RS",151
1,23,"HV,RCL,RS","HV,RCL",152
1,23,"HV,RCL","HV,RCL,RS",155
1,23,"HV,RCL,RS","AC,BV,BW,HV,RCL",158
1,23,"AC,BV,BW,HV,RCL","AC,BV,BW,GC,HV,RCA,RCL",159
1,23,"AC,BV,BW,GC,HV,RCA,RCL","AC,BV,HV,RCL",160
1,23,"AC,BV,HV,RCL","AC,BV,HV,RCL,RS",161
1,23,"AC,BV,HV,RCL,RS","AC,BV,BW,GC,HV,RCA,RCL,RS",162
1,23,"AC,BV,BW,GC,HV,RCA,RCL,RS","AC,GC,HV,RCA,RCL,RS",163
1,23,"AC,GC,HV,RCA,RCL,RS","AC,HV,RCL",164
1,23,"AC,HV,RCL","AC,BV,GC,HV,RCA,RCL,RS",166
1,23,"AC,BV,GC,HV,RCA,RCL,RS","HV,RCA,RCL,RS",167
1,23,"HV,RCA,RCL,RS","HV,RCA,RCL",171
1,23,"HV,RCA,RCL","BV,HV,RCA,RCL",175
1,23,"BV,HV,RCA,RCL","HV,RCA,RCL",176
1,23,"HV,RCA,RCL","BV,GC,HV,RCA,RCL",184
1,23,"BV,GC,HV,RCA,RCL","GC,HV,RCA,RCL",185
1,23,"GC,HV,RCA,RCL","HV,RCA,RCL",186
1,23,"HV,RCA,RCL","GC,HV,RCA,RCL",190
1,23,"GC,HV,RCA,RCL","HV,RCA,RCL",191
1,23,"HV,RCA,RCL","BV,GC,HV,RCA,RCL",194
1,23,"BV,GC,HV,RCA,RCL","BV,HV,RCA,RCL,RS",195
1,23,"BV,HV,RCA,RCL,RS","HV,RCA,RCL,RS",197
1,23,"HV,RCA,RCL,RS","HV,RCA,RCL",199
1,23,"HV,RCA,RCL","RCA,RCL",203
1,23,"RCA,RCL","HV,RCA,RCL",205
1,23,"HV,RCA,RCL","RCA,RCL",206
1,23,"RCA,RCL","HV,RCA,RCL",211
1,23,"HV,RCA,RCL","RCA,RCL",212
1,23,"RCA,RCL","HV,RCA,RCL",216
1,23,"HV,RCA,RCL","BV,RCA,RCL",217
1,23,"BV,RCA,RCL","RCA,RCL",218
1,23,"RCA,RCL",RCL,223
1,23,RCL,"HV,RCL",230
1,23,"HV,RCL",RCL,231
1,23,RCL,none,236
1,23,none,RCL,238
1,23,RCL,"BV,RCL",242
1,23,"BV,RCL",RCL,245
1,23,RCL,"BV,RCL",247
1,23,"BV,RCL",RCL,254
1,23,RCL,"BV,RCL",257
1,23,"BV,RCL",RCL,260
1,23,RCL,BV,262
1,23,BV,none,265
1,23,none,RCL,269
1,23,RCL,none,270
1,23,none,RCL,272
1,23,RCL,none,273
1,23,none,RS,282
1,23,RS,none,283
1,23,none,RS,285
1,23,RS,none,286
1,23,none,RS,292
1,23,RS,none,311
1,23,none,RS,327
1,23,RS,none,330
1,23,none,RS,338
1,24,PC,none,52
1,24,none,"PC,RS",56
1,24,"PC,RS","RP,RS",57
1,24,"RP,RS",none,58
1,24,none,PC,59
1,24,PC,"PC,PT",61
1,24,"PC,PT","PC,PT,RS",62
1,24,"PC,PT,RS","PC,RS",64
1,24,"PC,RS",RS,65
1,24,RS,"PT,RP,RS",66
1,24,"PT,RP,RS","PC,PT,RP,RS",67
1,24,"PC,PT,RP,RS","PC,PT,RS",68
1,24,"PC,PT,RS","PC,PT,RP,RS",71
1,24,"PC,PT,RP,RS","PC,PT,RS",73
1,24,"PC,PT,RS",none,75
1,24,none,"PC,RP,RS",77
1,24,"PC,RP,RS","PC,RS",78
1,24,"PC,RS","PC,RP,RS",91
1,24,"PC,RP,RS","HV,PC,RS",92
1,24,"HV,PC,RS","HV,PC,RCL,RS",93
1,24,"HV,PC,RCL,RS","PC,RCL,RS",95
1,24,"PC,RCL,RS","PC,RS",96
1,24,"PC,RS","PC,RCL,RS",98
1,24,"PC,RCL,RS","HV,PC,RS",100
1,24,"HV,PC,RS","PC,RS",101
1,24,"PC,RS","RCL,RS",105
1,24,"RCL,RS",RS,106
1,24,RS,"PC,RS",107
1,24,"PC,RS","PC,RCA,RCL,RS",111
1,24,"PC,RCA,RCL,RS","PC,RS",112
1,24,"PC,RS",RS,113
1,24,RS,"PC,RS",115
1,24,"PC,RS",RS,116
1,24,RS,"RCL,RS",117
1,24,"RCL,RS","BW,HV,RCL,RS",118
1,24,"BW,HV,RCL,RS","RCL,RS",119
1,24,"RCL,RS","HV,RCL,RS",123
1,24,"HV,RCL,RS","RCA,RCL,RS",124
1,24,"RCA,RCL,RS","RCL,RS",125
1,24,"RCL,RS","HV,RCL,RS",129
1,24,"HV,RCL,RS","BW,HV,RCL,RS",132
1,24,"BW,HV,RCL,RS","HV,RCL,RS",133
1,24,"HV,RCL,RS","RCL,RS",137
1,24,"RCL,RS","RCA,RCL,RS",139
1,24,"RCA,RCL,RS","RCL,RS",140
1,24,"RCL,RS","HV,RCL,RS",141
1,24,"HV,RCL,RS","BV,BW,HV,RCA,RCL,RS",142
1,24,"BV,BW,HV,RCA,RCL,RS","BV,BW,HV,RCL,RS",143
1,24,"BV,BW,HV,RCL,RS","HV,RCL,RS",144
1,24,"HV,RCL,RS","GC,HV,RCA,RCL,RS",147
1,24,"GC,HV,RCA,RCL,RS","BV,GC,HV,RCA,RCL,RS",148
1,24,"BV,GC,HV,RCA,RCL,RS","AC,HV,RCA,RCL,RS",149
1,24,"AC,HV,RCA,RCL,RS","HV,RCA,RCL,RS",150
1,24,"HV,RCA,RCL,RS","GC,HV,RCA,RCL,RS",152
1,24,"GC,HV,RCA,RCL,RS","BV,GC,HV,RCA,RCL,RS",154
1,24,"BV,GC,HV,RCA,RCL,RS","BV,BW,GC,HV,RCA,RCL,RS",155
1,24,"BV,BW,GC,HV,RCA,RCL,RS","GC,HV,RCA,RCL,RS",156
1,24,"GC,HV,RCA,RCL,RS","HV,RCA,RCL,RS",158
1,24,"HV,RCA,RCL,RS","HV,RCL,RS",160
1,24,"HV,RCL,RS","BV,BW,GC,HC,HV,RCL,RS",161
1,24,"BV,BW,GC,HC,HV,RCL,RS","BV,BW,GC,HV,RCL,RS",163
1,24,"BV,BW,GC,HV,RCL,RS","BV,GC,HV,RCL,RS",168
1,24,"BV,GC,HV,RCL,RS","BV,HV,RCL,RS",169
1,24,"BV,HV,RCL,RS","HV,RCL,RS",170
1,24,"HV,RCL,RS","GC,HV,RCL,RS",172
1,24,"GC,HV,RCL,RS","GC,HV,RCL",173
1,24,"GC,HV,RCL","BV,GC,HV,RCL,RS",177
1,24,"BV,GC,HV,RCL,RS","BV,BW,GC,HV,RCL,RS",178
1,24,"BV,BW,GC,HV,RCL,RS","BV,GC,HV,RCL,RS",179
1,24,"BV,GC,HV,RCL,RS","GC,HV,RCL",185
1,24,"GC,HV,RCL","HV,RCL",188
1,24,"HV,RCL",HV,196
1,24,HV,"HV,RCL",198
1,24,"HV,RCL",HV,199
1,24,HV,"HV,RCL",202
1,24,"HV,RCL",RCL,203
1,24,RCL,none,204
1,24,none,"BV,HV",217
1,24,"BV,HV","BV,GC,HV,RCL,RS",218
1,24,"BV,GC,HV,RCL,RS","BV,HV,RCL",219
1,24,"BV,HV,RCL",RCL,220
1,24,RCL,HV,224
1,24,HV,"HV,RCL",226
1,24,"HV,RCL","GC,HV,RCL,RS",235
1,24,"GC,HV,RCL,RS","HV,RCL",236
1,24,"HV,RCL",RCL,247
1,24,RCL,none,253
1,24,none,RS,260
1,24,RS,none,261
1,24,none,RS,267
1,24,RS,none,273
1,24,none,RS,276
1,24,RS,none,287
1,24,none,RS,290
1,24,RS,none,291
1,24,none,RS,295
1,24,RS,none,298
1,24,none,RS,300
1,24,RS,none,317
1,24,none,RS,341
2,1,HV,none,29
2,1,none,RS,52
2,1,RS,"PC,RS",72
2,1,"PC,RS",none,93
2,1,none,"PC,RS",100
2,1,"PC,RS",RS,101
2,1,RS,"HV,RS",118
2,1,"HV,RS",HV,126
2,1,HV,none,133
2,1,none,HV,138
2,1,HV,none,140
2,1,none,HV,143
2,1,HV,"GC,HV",154
2,1,"GC,HV",HV,155
2,1,HV,"HC,HV",159
2,1,"HC,HV",HV,160
2,1,HV,"HC,HV",165
2,1,"HC,HV",HV,167
2,1,HV,none,168
2,1,none,HV,170
2,1,HV,"HC,HV",184
2,1,"HC,HV",HV,185
2,1,HV,"BW,GC,HV",186
2,1,"BW,GC,HV","BW,GC,HV,RS",187
2,1,"BW,GC,HV,RS","BW,GC,HC,HV,RS",188
2,1,"BW,GC,HC,HV,RS",none,189
2,1,none,"BW,HV",191
2,1,"BW,HV",none,192
2,1,none,HV,200
2,1,HV,"GC,HV",206
2,1,"GC,HV",HV,207
2,1,HV,"GC,HV",209
2,1,"GC,HV",HV,214
2,1,HV,none,217
2,1,none,HV,219
2,1,HV,none,225
2,1,none,RS,254
2,1,RS,"HV,RS",256
2,1,"HV,RS",RS,257
2,1,RS,"HV,RS",262
2,1,"HV,RS",RS,263
2,1,RS,"RCA,RS",268
2,1,"RCA,RS","HV,RS",269
2,1,"HV,RS",RS,272
2,1,RS,none,275
2,1,none,RS,290
2,1,RS,none,297
2,1,none,RS,310
2,1,RS,none,316
2,1,none,RS,321
2,1,RS,none,326
2,1,none,RS,363
2,2,RS,"PC,RS",14
2,2,"PC,RS",RS,15
2,2,RS,none,19
2,2,none,PC,23
2,2,PC,RS,24
2,2,RS,none,25
2,2,none,"PC,RS",37
2,2,"PC,RS",RS,38
2,2,RS,"PC,RS",44
2,2,"PC,RS",none,46
2,2,none,PC,49
2,2,PC,"PC,RS",50
2,2,"PC,RS","PC,PT,RS",51
2,2,"PC,PT,RS",RS,52
2,2,RS,"PC,RS",54
2,2,"PC,RS","PC,RP,RS",56
2,2,"PC,RP,RS","PC,RS",57
2,2,"PC,RS",none,59
2,2,none,PC,62
2,2,PC,none,64
2,2,none,PC,66
2,2,PC,"PC,RP",67
2,2,"PC,RP",PC,68
2,2,PC,"PC,RP,RS",70
2,2,"PC,RP,RS","PC,RS",74
2,2,"PC,RS","PC,RP,RS",77
2,2,"PC,RP,RS","PC,RP",78
2,2,"PC,RP","PC,RP,RS",81
2,2,"PC,RP,RS",PC,83
2,2,PC,none,84
2,2,none,RP,86
2,2,RP,"PC,RP",87
2,2,"PC,RP",none,88
2,2,none,PC,90
2,2,PC,RS,95
2,2,RS,"PC,RS",97
2,2,"PC,RS",PC,99
2,2,PC,"PC,RS",101
2,2,"PC,RS",PC,102
2,2,PC,"PC,RS",104
2,2,"PC,RS",PC,105
2,2,PC,"PC,RS",110
2,2,"PC,RS",PC,111
2,2,PC,"HV,PC",114
2,2,"HV,PC","HV,PC,RS",115
2,2,"HV,PC,RS","PC,RS",116
2,2,"PC,RS","HV,PC",118
2,2,"HV,PC","BW,HV,PC",119
2,2,"BW,HV,PC",PC,120
2,2,PC,none,121
2,2,none,"HV,PC,RS",125
2,2,"HV,PC,RS","BW,HV,PC,RS",127
2,2,"BW,HV,PC,RS","BW,HV,PC",128
2,2,"BW,HV,PC",HV,129
2,2,HV,none,130
2,2,none,RCL,131
2,2,RCL,none,137
2,2,none,RCL,141
2,2,RCL,none,142
2,2,none,"HV,RCL",155
2,2,"HV,RCL",none,157
2,2,none,"HV,RCL",169
2,2,"HV,RCL",none,172
2,2,none,"BV,BW,GC,HV,RCL",176
2,2,"BV,BW,GC,HV,RCL",none,177
2,2,none,"HV,RCL",183
2,2,"HV,RCL",none,184
2,2,none,"HV,RCL",197
2,2,"HV,RCL",none,198
2,2,none,"HV,RCL",204
2,2,"HV,RCL","GC,HV,RCL",225
2,2,"GC,HV,RCL","HV,RCL",226
2,2,"HV,RCL",none,235
2,2,none,"HV,RCL,RS",239
2,2,"HV,RCL,RS",none,240
2,2,none,"HV,RCL",246
2,2,"HV,RCL",none,247
2,2,none,HV,253
2,2,HV,none,257
2,2,none,HV,259
2,2,HV,RCL,260
2,2,RCL,"RCL,RS",262
2,2,"RCL,RS",RCL,263
2,2,RCL,"RCL,RS",265
2,2,"RCL,RS",RS,266
2,2,RS,none,267
2,2,none,RS,274
2,2,RS,none,275
2,2,none,RS,279
2,2,RS,none,282
2,2,none,RS,295
2,2,RS,none,297
2,2,none,RS,300
2,3,PC,none,49
2,3,none,PC,55
2,3,PC,none,62
2,3,none,PC,64
2,3,PC,none,65
2,3,none,PC,67
2,3,PC,none,73
2,3,none,PC,76
2,3,PC,"PC,RS",80
2,3,"PC,RS",PC,82
2,3,PC,"PC,RS",87
2,3,"PC,RS",PC,88
2,3,PC,none,115
2,3,none,PC,117
2,3,PC,none,121
2,3,none,"HV,PC",123
2,3,"HV,PC","HV,RCL",124
2,3,"HV,RCL",none,125
2,3,none,HV,128
2,3,HV,"BW,HV",132
2,3,"BW,HV",HV,133
2,3,HV,"HV,RCL",135
2,3,"HV,RCL",RCL,138
2,3,RCL,"HV,RCL",141
2,3,"HV,RCL",RCL,157
2,3,RCL,"HV,RCL",160
2,3,"HV,RCL","BV,HV,RCL",161
2,3,"BV,HV,RCL","HV,RCL",165
2,3,"HV,RCL",RCL,174
2,3,RCL,"HV,RCL",176
2,3,"HV,RCL",RCL,179
2,3,RCL,"HV,RCL",184
2,3,"HV,RCL",RCL,185
2,3,RCL,"HV,RCL",190
2,3,"HV,RCL","HV,RCA,RCL",192
2,3,"HV,RCA,RCL","GC,HV,RCA,RCL",193
2,3,"GC,HV,RCA,RCL","HV,RCL",194
2,3,"HV,RCL",RCL,206
2,3,RCL,"HV,RCL",208
2,3,"HV,RCL",RCL,209
2,3,RCL,"HV,RCL",213
2,3,"HV,RCL",RCL,229
2,3,RCL,none,256
2,3,none,HV,270
2,3,HV,"HV,RCL,RS",271
2,3,"HV,RCL,RS","HV,RS",272
2,3,"HV,RS",none,273
2,3,none,RS,310
2,3,RS,none,311
2,3,none,PC,341
2,4,PC,none,3
2,4,none,PC,29
2,4,PC,none,30
2,4,none,PC,35
2,4,PC,none,36
2,4,none,PC,43
2,4,PC,"PC,RS",44
2,4,"PC,RS",PC,45
2,4,PC,"PC,RS",50
2,4,"PC,RS",PC,51
2,4,PC,none,54
2,4,none,PC,56
2,4,PC,none,57
2,4,none,"PC,RS",59
2,4,"PC,RS",none,60
2,4,none,RS,62
2,4,RS,none,63
2,4,none,PC,67
2,4,PC,none,71
2,4,none,PC,73
2,4,PC,"PC,RS",74
2,4,"PC,RS",PC,77
2,4,PC,"PC,RP,RS",81
2,4,"PC,RP,RS","PC,RS",82
2,4,"PC,RS",PC,83
2,4,PC,"PC,RS",85
2,4,"PC,RS","PC,RP,RS",88
2,4,"PC,RP,RS",PC,90
2,4,PC,"PC,RS",93
2,4,"PC,RS",PC,95
2,4,PC,none,105
2,4,none,RS,107
2,4,RS,none,115
2,4,none,RCL,117
2,4,RCL,RS,118
2,4,RS,none,119
2,4,none,RCL,120
2,4,RCL,none,122
2,4,none,RCL,125
2,4,RCL,"BW,RCL",135
2,4,"BW,RCL",RCL,136
2,4,RCL,"HV,RCL",140
2,4,"HV,RCL",RCL,141
2,4,RCL,"RCL,RS",145
2,4,"RCL,RS",RCL,146
2,4,RCL,"HV,RCL",147
2,4,"HV,RCL","HC,HV,RCL",159
2,4,"HC,HV,RCL","GC,HC,HV,RCL",160
2,4,"GC,HC,HV,RCL","GC,HV,RCL",161
2,4,"GC,HV,RCL","GC,HC,HV,RCL",164
2,4,"GC,HC,HV,RCL","GC,RCL",177
2,4,"GC,RCL",RCL,179
2,4,RCL,"HV,RCL",180
2,4,"HV,RCL","GC,HC,HV,RCL",181
2,4,"GC,HC,HV,RCL","GC,HC,HV,RCA,RCL",189
2,4,"GC,HC,HV,RCA,RCL","GC,HC,HV,RCL",190
2,4,"GC,HC,HV,RCL","HC,HV,RCL",191
2,4,"HC,HV,RCL",RCL,192
2,4,RCL,"GC,RCL",194
2,4,"GC,RCL","GC,HC,HV,RCL",195
2,4,"GC,HC,HV,RCL","HC,HV,RCL",199
2,4,"HC,HV,RCL","GC,HC,HV,RCL",202
2,4,"GC,HC,HV,RCL","GC,HC,HV,RCA,RCL",206
2,4,"GC,HC,HV,RCA,RCL","HC,HV,RCL",207
2,4,"HC,HV,RCL","GC,HC,HV,RCL",211
2,4,"GC,HC,HV,RCL","HC,HV,RCL",217
2,4,"HC,HV,RCL","GC,HC,HV,RCL",219
2,4,"GC,HC,HV,RCL","HC,HV,RCL",221
2,4,"HC,HV,RCL","HC,RCL",225
2,4,"HC,RCL","GC,HC,HV,RCL",234
2,4,"GC,HC,HV,RCL","HV,RCL",235
2,4,"HV,RCL","HC,HV,RCL",237
2,4,"HC,HV,RCL",RCL,243
2,4,RCL,"HV,RCL",245
2,4,"HV,RCL","RCL,RS",246
2,4,"RCL,RS",RCL,247
2,4,RCL,none,252
2,4,none,RCL,258
2,4,RCL,none,264
2,4,none,RS,306
2,4,RS,none,313
2,4,none,RCA,320
2,4,RCA,none,321
2,4,none,RS,324
2,4,RS,none,325
2,4,none,RS,354
2,5,PC,none,28
2,5,none,PC,46
2,5,PC,none,47
2,5,none,PC,74
2,5,PC,none,75
2,5,none,PC,77
2,5,PC,"HV,PC",78
2,5,"HV,PC",PC,79
2,5,PC,none,100
2,5,none,PC,104
2,5,PC,"PC,RCL",111
2,5,"PC,RCL",none,112
2,5,none,PC,114
2,5,PC,none,115
2,5,none,RCL,118
2,5,RCL,none,119
2,5,none,RCL,121
2,5,RCL,"RCA,RCL",152
2,5,"RCA,RCL",RCL,154
2,5,RCL,"HV,RCA,RCL",156
2,5,"HV,RCA,RCL","HV,RCL",159
2,5,"HV,RCL","HV,RCA,RCL",161
2,5,"HV,RCA,RCL","RCA,RCL",162
2,5,"RCA,RCL","HV,RCA,RCL",165
2,5,"HV,RCA,RCL","HV,RCL",166
2,5,"HV,RCL",RCL,169
2,5,RCL,"GC,HC,HV,RCL",186
2,5,"GC,HC,HV,RCL","HC,HV,RCL",187
2,5,"HC,HV,RCL","HC,RCL",195
2,5,"HC,RCL",HC,213
2,5,HC,"HC,HV",215
2,5,"HC,HV","HC,RCL",216
2,5,"HC,RCL","HC,RCA,RCL",217
2,5,"HC,RCA,RCL","HC,RCL",218
2,5,"HC,RCL",HC,222
2,5,HC,"HC,HV",226
2,5,"HC,HV",HC,227
2,5,HC,"BV,HC",229
2,5,"BV,HC","HC,RCL",231
2,5,"HC,RCL","HC,HV,RCL",232
2,5,"HC,HV,RCL","HC,RCL",233
2,5,"HC,RCL",RCL,234
2,5,RCL,"HC,RCL",237
2,5,"HC,RCL",none,238
2,5,none,HV,247
2,5,HV,none,249
2,5,none,"HV,RCL",254
2,5,"HV,RCL",RCL,255
2,5,RCL,none,256
2,5,none,RCL,262
2,5,RCL,none,263
2,5,none,RS,294
2,5,RS,none,297
2,5,none,RCA,298
2,6,PC,"PC,RS",74
2,6,"PC,RS",none,75
2,6,none,PC,84
2,6,PC,"PC,RP",88
2,6,"PC,RP",PC,91
2,6,PC,"HV,PC",92
2,6,"HV,PC",PC,93
2,6,PC,"PC,RCA",97
2,6,"PC,RCA","HV,PC",98
2,6,"HV,PC",PC,99
2,6,PC,none,100
2,6,none,PC,102
2,6,PC,none,105
2,6,none,PC,107
2,6,PC,none,109
2,6,none,PC,111
2,6,PC,none,114
2,6,none,"HV,RCA",133
2,6,"HV,RCA",HV,136
2,6,HV,none,137
2,6,none,HV,140
2,6,HV,none,142
2,6,none,HV,145
2,6,HV,none,151
2,6,none,RCL,152
2,6,RCL,none,154
2,6,none,"HV,RCA",156
2,6,"HV,RCA",HV,157
2,6,HV,"HC,HV",160
2,6,"HC,HV",HV,161
2,6,HV,none,162
2,6,none,"HC,HV",171
2,6,"HC,HV",HC,172
2,6,HC,none,174
2,6,none,HC,180
2,6,HC,"HC,HV",185
2,6,"HC,HV",BV,195
2,6,BV,none,196
2,6,none,"HC,HV",197
2,6,"HC,HV",HC,199
2,6,HC,none,202
2,6,none,HC,206
2,6,HC,none,207
2,6,none,HV,217
2,6,HV,"HC,HV",218
2,6,"HC,HV",HC,220
2,6,HC,none,229
2,6,none,HC,232
2,6,HC,none,233
2,6,none,HV,234
2,6,HV,"HC,HV",235
2,6,"HC,HV",HC,242
2,6,HC,RCL,243
2,6,RCL,"HC,RCL",248
2,6,"HC,RCL",HC,250
2,6,HC,none,251
2,6,none,RCL,252
2,6,RCL,none,255
2,6,none,RCL,258
2,6,RCL,HV,261
2,6,HV,none,262
2,6,none,"HV,RCL",265
2,6,"HV,RCL",HV,266
2,6,HV,none,267
2,6,none,RCL,269
2,6,RCL,RS,280
2,6,RS,none,281
2,6,none,RCL,282
2,6,RCL,none,283
2,6,none,RS,285
2,6,RS,none,286
2,6,none,RS,288
2,6,RS,none,294
2,6,none,RS,297
2,6,RS,none,314
2,6,none,RS,316
2,6,RS,none,318
2,6,none,RS,333
2,6,RS,none,336
2,6,none,RS,339
2,7,PC,"PC,RS",79
2,7,"PC,RS",PC,82
2,7,PC,"PC,PT",83
2,7,"PC,PT",PC,86
2,7,PC,none,89
2,7,none,PC,91
2,7,PC,"PC,RS",93
2,7,"PC,RS",PC,94
2,7,PC,"HV,PC",96
2,7,"HV,PC",PC,97
2,7,PC,"PC,RS",98
2,7,"PC,RS","HV,PC,RCL",106
2,7,"HV,PC,RCL","PC,RCL",107
2,7,"PC,RCL","HV,PC,RCL",109
2,7,"HV,PC,RCL","HV,RCL",114
2,7,"HV,RCL",RCL,116
2,7,RCL,none,117
2,7,none,RCL,119
2,7,RCL,"HV,RCL",120
2,7,"HV,RCL",RCL,121
2,7,RCL,none,123
2,7,none,HV,127
2,7,HV,RCL,128
2,7,RCL,"HV,RCL",130
2,7,"HV,RCL",RCL,131
2,7,RCL,"BV,RCL",137
2,7,"BV,RCL","HV,RCL",138
2,7,"HV,RCL",HV,149
2,7,HV,"HC,HV,RCL",152
2,7,"HC,HV,RCL","GC,HV,RCL",153
2,7,"GC,HV,RCL","HV,RCL",154
2,7,"HV,RCL",RCL,155
2,7,RCL,"HV,RCL",158
2,7,"HV,RCL","HC,HV,RCL",160
2,7,"HC,HV,RCL",HV,163
2,7,HV,none,176
2,7,none,RCL,177
2,7,RCL,"HC,HV",178
2,7,"HC,HV",HV,180
2,7,HV,none,184
2,7,none,HV,186
2,7,HV,"HC,HV",187
2,7,"HC,HV","GC,HC,HV,RCL",188
2,7,"GC,HC,HV,RCL","HC,HV,RCL",189
2,7,"HC,HV,RCL","HC,HV",191
2,7,"HC,HV",HV,192
2,7,HV,none,194
2,7,none,HV,196
2,7,HV,"HC,HV,RCL",198
2,7,"HC,HV,RCL","HV,RCL",199
2,7,"HV,RCL",HV,200
2,7,HV,"HC,HV",201
2,7,"HC,HV","HC,HV,RCL",207
2,7,"HC,HV,RCL","HC,HV",208
2,7,"HC,HV","HC,HV,RCL",214
2,7,"HC,HV,RCL","GC,HC,HV,RCL",215
2,7,"GC,HC,HV,RCL","HC,HV,RCL",217
2,7,"HC,HV,RCL","HC,HV",218
2,7,"HC,HV","GC,HC,HV",219
2,7,"GC,HC,HV","HC,HV",221
2,7,"HC,HV",HV,247
2,7,HV,none,248
2,7,none,HV,255
2,8,PC,"PC,PT",72
2,8,"PC,PT","PC,PT,RS",74
2,8,"PC,PT,RS",PC,78
2,8,PC,"PC,RS",88
2,8,"PC,RS",PC,89
2,8,PC,"PC,RS",93
2,8,"PC,RS",PC,94
2,8,PC,"PC,RS",99
2,8,"PC,RS",none,100
2,8,none,RS,104
2,8,RS,"PC,RS",105
2,8,"PC,RS",RS,108
2,8,RS,none,110
2,8,none,RCL,141
2,8,RCL,none,158
2,8,none,HV,167
2,8,HV,"GC,HV,RCL",170
2,8,"GC,HV,RCL","HV,RCL",173
2,8,"HV,RCL",RCL,175
2,8,RCL,"HV,RCL",177
2,8,"HV,RCL","HC,HV,RCL",180
2,8,"HC,HV,RCL","BW,HC,HV,RCL",189
2,8,"BW,HC,HV,RCL","GC,HC,HV,RCL",190
2,8,"GC,HC,HV,RCL","HC,HV,RCL",191
2,8,"HC,HV,RCL","HC,RCL",194
2,8,"HC,RCL",RCL,196
2,8,RCL,"HC,RCL",198
2,8,"HC,RCL",none,204
2,8,none,HC,212
2,8,HC,"HC,RCL",223
2,8,"HC,RCL",HC,224
2,8,HC,none,227
2,8,none,HC,230
2,8,HC,none,232
2,8,none,RCL,252
2,8,RCL,HC,253
2,8,HC,none,255
2,8,none,HC,257
2,8,HC,none,258
2,8,none,HV,259
2,8,HV,"HC,HV,RS",261
2,8,"HC,HV,RS","HC,RCL,RS",262
2,8,"HC,RCL,RS","HC,HV,RCL,RS",265
2,8,"HC,HV,RCL,RS",none,266
2,8,none,"RCL,RS",284
2,8,"RCL,RS",RS,285
2,8,RS,none,287
2,8,none,RS,290
2,9,PC,none,55
2,9,none,PC,64
2,9,PC,none,79
2,9,none,PC,82
2,9,PC,none,83
2,9,none,PC,85
2,9,PC,none,86
2,9,none,PC,90
2,9,PC,"PC,PT",110
2,9,"PC,PT",PC,111
2,9,PC,none,114
2,9,none,PC,116
2,9,PC,"PC,PT",119
2,9,"PC,PT",PC,120
2,9,PC,"HV,PC",121
2,9,"HV,PC",PC,122
2,9,PC,none,123
2,9,none,PC,125
2,9,PC,"HV,PC",126
2,9,"HV,PC",none,127
2,9,none,PC,129
2,9,PC,"HV,PC",132
2,9,"HV,PC",HV,146
2,9,HV,"HC,HV",154
2,9,"HC,HV",none,163
2,9,none,HV,167
2,9,HV,none,179
2,9,none,HV,190
2,9,HV,"HV,RCL",191
2,9,"HV,RCL",HV,192
2,9,HV,"HC,HV,RCL",194
2,9,"HC,HV,RCL","HV,RCL",195
2,9,"HV,RCL",RCL,199
2,9,RCL,none,201
2,9,none,RCL,205
2,9,RCL,HV,206
2,9,HV,none,207
2,9,none,RCL,213
2,9,RCL,none,214
2,9,none,HV,235
2,9,HV,none,236
2,9,none,HC,244
2,9,HC,none,250
2,9,none,RS,273
2,9,RS,none,274
2,9,none,RS,278
2,9,RS,none,282
2,9,none,RS,284
2,9,RS,HV,297
2,9,HV,none,298
2,9,none,RS,310
2,9,RS,none,320
2,9,none,RS,323
2,9,RS,none,326
2,9,none,RS,329
2,10,RS,none,11
2,10,none,PC,41
2,10,PC,none,42
2,10,none,PC,45
2,10,PC,"PC,RS",48
2,10,"PC,RS",PC,51
2,10,PC,"PC,RS",54
2,10,"PC,RS",PC,55
2,10,PC,"PC,RS",59
2,10,"PC,RS",PC,66
2,10,PC,none,69
2,10,none,PC,71
2,10,PC,none,73
2,10,none,PC,76
2,10,PC,"PC,RS",77
2,10,"PC,RS","PC,PT,RS",80
2,10,"PC,PT,RS",none,81
2,10,none,"PC,PT,RS",83
2,10,"PC,PT,RS","PC,RS",88
2,10,"PC,RS","PC,PT,RS",90
2,10,"PC,PT,RS","PC,RS",91
2,10,"PC,RS","PC,PT,RP,RS",93
2,10,"PC,PT,RP,RS","PC,RP,RS",94
2,10,"PC,RP,RS","HV,PC,RP,RS",96
2,10,"HV,PC,RP,RS","PC,RP,RS",97
2,10,"PC,RP,RS","PC,RS",100
2,10,"PC,RS",PC,102
2,10,PC,"PC,RS",108
2,10,"PC,RS",PC,109
2,10,PC,none,120
2,10,none,HV,128
2,10,HV,none,135
2,10,none,HV,138
2,10,HV,none,140
2,10,none,RCL,146
2,10,RCL,none,147
2,10,none,RCL,149
2,10,RCL,none,154
2,10,none,RCL,157
2,10,RCL,"HV,RCL",171
2,10,"HV,RCL",RCL,172
2,10,RCL,none,174
2,10,none,RCL,176
2,10,RCL,none,177
2,10,none,HV,180
2,10,HV,none,182
2,10,none,HV,184
2,10,HV,none,189
2,10,none,HC,205
2,10,HC,none,206
2,10,none,HV,208
2,10,HV,none,211
2,10,none,HC,247
2,10,HC,none,248
2,10,none,RS,274
2,10,RS,none,304
2,10,none,RS,308
2,10,RS,none,315
2,10,none,RS,320
2,10,RS,none,322
2,10,none,RS,326
2,10,RS,none,327
2,10,none,RS,329
2,10,RS,none,336
2,10,none,RS,340
2,10,RS,none,341
2,10,none,RS,343
2,10,RS,none,345
2,10,none,RS,352
2,11,RS,none,17
2,11,none,RS,50
2,11,RS,none,51
2,11,none,RS,56
2,11,RS,none,57
2,11,none,RS,76
2,11,RS,none,78
2,11,none,RS,80
2,11,RS,"PC,RS",81
2,11,"PC,RS",RS,83
2,11,RS,"PC,RS",85
2,11,"PC,RS",PC,87
2,11,PC,"PC,RS",89
2,11,"PC,RS",PC,90
2,11,PC,"GC,PC",100
2,11,"GC,PC",PC,105
2,11,PC,none,108
2,11,none,HV,120
2,11,HV,none,121
2,11,none,HV,125
2,11,HV,none,128
2,11,none,HV,131
2,11,HV,none,132
2,11,none,HV,135
2,11,HV,none,149
2,11,none,HV,154
2,11,HV,none,157
2,11,none,HV,159
2,11,HV,none,173
2,11,none,RS,304
2,11,RS,none,311
2,11,none,RS,314
2,12,HV,none,89
2,12,none,HV,94
2,12,HV,none,95
2,12,none,HV,99
2,12,HV,"HV,RS",101
2,12,"HV,RS",HV,105
2,12,HV,none,107
2,12,none,HV,112
2,12,HV,none,133
2,12,none,HV,142
2,12,HV,none,149
2,12,none,AC,206
2,12,AC,"AC,HV",225
2,12,"AC,HV","AC,HC,HV",228
2,12,"AC,HC,HV","AC,HC",230
2,12,"AC,HC",AC,231
2,12,AC,"AC,HC",233
2,12,"AC,HC",HC,235
2,12,HC,"HC,RS",237
2,12,"HC,RS",RS,238
2,12,RS,none,240
2,12,none,AC,249
2,12,AC,none,258
2,12,none,RS,265
2,12,RS,none,266
2,12,none,RS,286
2,12,RS,none,295
2,12,none,RS,297
2,12,RS,none,298
2,12,none,RS,301
2,12,RS,none,316
2,12,none,RS,322
2,13,PC,none,5
2,13,none,PC,28
2,13,PC,none,29
2,13,none,PC,36
2,13,PC,"PC,RS",37
2,13,"PC,RS",RS,38
2,13,RS,none,42
2,13,none,PC,47
2,13,PC,none,53
2,13,none,PC,56
2,13,PC,none,57
2,13,none,PC,61
2,13,PC,"PC,RS",62
2,13,"PC,RS",PC,73
2,13,PC,none,84
2,13,none,PC,89
2,13,PC,none,91
2,13,none,PC,94
2,13,PC,none,101
2,13,none,HV,123
2,13,HV,none,127
2,13,none,HV,131
2,13,HV,none,135
2,13,none,HV,139
2,13,HV,none,141
2,13,none,HV,143
2,13,HV,"AC,HV",145
2,13,"AC,HV",none,146
2,13,none,AC,148
2,13,AC,none,150
2,13,none,"AC,PT",153
2,13,"AC,PT",AC,154
2,13,AC,"AC,HV",156
2,13,"AC,HV","AC,HV,RS",157
2,13,"AC,HV,RS","AC,HV",158
2,13,"AC,HV","AC,HV,RS",160
2,13,"AC,HV,RS","AC,HV",164
2,13,"AC,HV",AC,165
2,13,AC,"AC,HV",173
2,13,"AC,HV",AC,174
2,13,AC,"AC,HV",179
2,13,"AC,HV","AC,HV,RCL",180
2,13,"AC,HV,RCL","AC,RCL",184
2,13,"AC,RCL","AC,HV,RCL",187
2,13,"AC,HV,RCL","AC,RCL",189
2,13,"AC,RCL","AC,HC",190
2,13,"AC,HC",AC,191
2,13,AC,"AC,HC",193
2,13,"AC,HC",AC,194
2,13,AC,"AC,HC,HV",197
2,13,"AC,HC,HV","AC,HC",202
2,13,"AC,HC",none,219
2,13,none,AC,221
2,13,AC,"AC,HC,HV",223
2,13,"AC,HC,HV","AC,RCL",224
2,13,"AC,RCL","AC,HC,RCL",226
2,13,"AC,HC,RCL","AC,HC,HV,RCL",229
2,13,"AC,HC,HV,RCL","AC,RCL",231
2,13,"AC,RCL","AC,HC,RCL",234
2,13,"AC,HC,RCL","AC,RCL",235
2,13,"AC,RCL",RCL,241
2,13,RCL,AC,243
2,13,AC,none,245
2,13,none,HV,249
2,13,HV,none,250
2,13,none,HV,253
2,13,HV,none,254
2,13,none,RCL,262
2,13,RCL,none,264
2,13,none,RCL,279
2,13,RCL,none,284
2,13,none,RCL,298
2,14,RS,none,18
2,14,none,PC,67
2,14,PC,none,68
2,14,none,PC,72
2,14,PC,none,84
2,14,none,PC,86
2,14,PC,none,89
2,14,none,PC,93
2,14,PC,none,98
2,14,none,RS,99
2,14,RS,"PC,RS",100
2,14,"PC,RS",PC,101
2,14,PC,none,109
2,14,none,RS,114
2,14,RS,none,115
2,14,none,AC,117
2,14,AC,none,118
2,14,none,HV,119
2,14,HV,none,121
2,14,none,HV,126
2,14,HV,none,130
2,14,none,AC,138
2,14,AC,none,141
2,14,none,AC,143
2,14,AC,"AC,HV",155
2,14,"AC,HV",HV,160
2,14,HV,"AC,HV",162
2,14,"AC,HV","AC,HC,HV",167
2,14,"AC,HC,HV","AC,HV",171
2,14,"AC,HV","AC,GC,HV",176
2,14,"AC,GC,HV","AC,GC,HC,HV",177
2,14,"AC,GC,HC,HV","AC,HC,HV",179
2,14,"AC,HC,HV","AC,HV",181
2,14,"AC,HV","AC,GC,HV",189
2,14,"AC,GC,HV","AC,HV",190
2,14,"AC,HV","AC,RCL",221
2,14,"AC,RCL","AC,RCL,RS",224
2,14,"AC,RCL,RS","AC,HV,RCL,RS",225
2,14,"AC,HV,RCL,RS","AC,HV,RCL",233
2,14,"AC,HV,RCL","HV,RCL,RS",238
2,14,"HV,RCL,RS","HV,RS",241
2,14,"HV,RS",HV,244
2,14,HV,none,251
2,14,none,HV,254
2,14,HV,RS,255
2,14,RS,none,256
2,14,none,"HV,RS",258
2,14,"HV,RS",none,259
2,14,none,RS,269
2,14,RS,none,270
2,14,none,RS,272
2,14,RS,none,299
2,14,none,RS,303
2,14,RS,none,307
2,14,none,RS,321
2,15,RS,none,4
2,15,none,PC,54
2,15,PC,none,55
2,15,none,PC,59
2,15,PC,none,60
2,15,none,PC,65
2,15,PC,none,83
2,15,none,PC,86
2,15,PC,none,91
2,15,none,PC,93
2,15,PC,"PC,PT",96
2,15,"PC,PT","PC,RS",98
2,15,"PC,RS",PC,99
2,15,PC,"HV,PC,RS",102
2,15,"HV,PC,RS","HV,PC",103
2,15,"HV,PC","HV,PC,RS",105
2,15,"HV,PC,RS","HV,PC,PT",110
2,15,"HV,PC,PT",HV,111
2,15,HV,none,112
2,15,none,HV,123
2,15,HV,none,127
2,15,none,HV,130
2,15,HV,none,131
2,15,none,HV,133
2,15,HV,"HV,RS",134
2,15,"HV,RS","AC,HV,RS",136
2,15,"AC,HV,RS",RS,137
2,15,RS,none,138
2,15,none,"HV,RCL",139
2,15,"HV,RCL","AC,HV,RCL",140
2,15,"AC,HV,RCL","HV,RCL,RS",144
2,15,"HV,RCL,RS","RCL,RS",145
2,15,"RCL,RS","HV,RCL,RS",147
2,15,"HV,RCL,RS","AC,HV,RCL,RS",149
2,15,"AC,HV,RCL,RS","AC,HV,RCL",151
2,15,"AC,HV,RCL","AC,HV,RCL,RS",154
2,15,"AC,HV,RCL,RS","AC,HV,RCL",155
2,15,"AC,HV,RCL","AC,HC,HV,RCL",156
2,15,"AC,HC,HV,RCL","AC,HV,RCL,RS",158
2,15,"AC,HV,RCL,RS","AC,HV,RCA,RCL,RS",162
2,15,"AC,HV,RCA,RCL,RS","AC,HV,RCL,RS",163
2,15,"AC,HV,RCL,RS","AC,GC,HC,HV,RCL,RS",167
2,15,"AC,GC,HC,HV,RCL,RS","AC,HV,RCL,RS",168
2,15,"AC,HV,RCL,RS","AC,HC,HV,RCL,RS",170
2,15,"AC,HC,HV,RCL,RS","AC,GC,HC,HV,RCL,RS",171
2,15,"AC,GC,HC,HV,RCL,RS","AC,BV,HC,HV,RCA,RCL,RS",178
2,15,"AC,BV,HC,HV,RCA,RCL,RS","AC,BV,GC,HC,HV,RCA,RCL",180
2,15,"AC,BV,GC,HC,HV,RCA,RCL","AC,BV,GC,HC,HV,RCL",181
2,15,"AC,BV,GC,HC,HV,RCL","AC,GC,HC,HV,RCL",182
2,15,"AC,GC,HC,HV,RCL","AC,GC,HC,HV,RCA,RCL,RS",183
2,15,"AC,GC,HC,HV,RCA,RCL,RS","AC,HC,HV,RCL",184
2,15,"AC,HC,HV,RCL","AC,BV,HC,HV,RCA,RCL",186
2,15,"AC,BV,HC,HV,RCA,RCL","AC,BV,HC,HV,RCL",187
2,15,"AC,BV,HC,HV,RCL","AC,BV,GC,HC,HV,RCL",189
2,15,"AC,BV,GC,HC,HV,RCL","AC,BV,HC,HV,RCL",190
2,15,"AC,BV,HC,HV,RCL","AC,HC,HV,RCL",192
2,15,"AC,HC,HV,RCL","AC,BV,HC,HV,RCL",195
2,15,"AC,BV,HC,HV,RCL","AC,BV,GC,HC,HV,RCL,RS",196
2,15,"AC,BV,GC,HC,HV,RCL,RS","AC,BV,GC,HC,HV,RCL",197
2,15,"AC,BV,GC,HC,HV,RCL","AC,HC,HV,RCL",198
2,15,"AC,HC,HV,RCL","AC,HC,HV,RCL,RS",199
2,15,"AC,HC,HV,RCL,RS","AC,HC,RCL",201
2,15,"AC,HC,RCL","AC,HC,HV,RCL",203
2,15,"AC,HC,HV,RCL","AC,HC,RCL",208
2,15,"AC,HC,RCL","AC,RCL",209
2,15,"AC,RCL","HV,RCL",210
2,15,"HV,RCL",none,211
2,15,none,HV,246
2,16,PC,none,61
2,16,none,"PC,RS",72
2,16,"PC,RS",RS,73
2,16,RS,none,75
2,16,none,RS,77
2,16,RS,"PC,RS",79
2,16,"PC,RS",none,90
2,16,none,PC,94
2,16,PC,"PC,PT,RS",96
2,16,"PC,PT,RS","GC,HV,PC,PT",97
2,16,"GC,HV,PC,PT","GC,HV,PC",98
2,16,"GC,HV,PC","GC,HV",102
2,16,"GC,HV",none,103
2,16,none,"GC,PC",105
2,16,"GC,PC",GC,106
2,16,GC,RS,108
2,16,RS,none,113
2,16,none,HV,117
2,16,HV,none,118
2,16,none,HV,129
2,16,HV,none,130
2,16,none,HV,134
2,16,HV,"HV,RCL",137
2,16,"HV,RCL","BV,HV,RCL",138
2,16,"BV,HV,RCL","HV,RCL",139
2,16,"HV,RCL",RCL,140
2,16,RCL,"AC,RCL",141
2,16,"AC,RCL","AC,HV,RCL",142
2,16,"AC,HV,RCL","AC,HV,RCL,RS",149
2,16,"AC,HV,RCL,RS","AC,RCL,RS",150
2,16,"AC,RCL,RS","AC,HV,RCL",152
2,16,"AC,HV,RCL","AC,RCL",161
2,16,"AC,RCL","AC,HV,RCL",168
2,16,"AC,HV,RCL","AC,HV",172
2,16,"AC,HV","AC,HV,RS",175
2,16,"AC,HV,RS","AC,GC,HV,RCL,RS",176
2,16,"AC,GC,HV,RCL,RS","AC,GC,HV,RCL",177
2,16,"AC,GC,HV,RCL","AC,HV,RCL",180
2,16,"AC,HV,RCL","AC,GC,HV,RCL",183
2,16,"AC,GC,HV,RCL","AC,HV,RCL",184
2,16,"AC,HV,RCL","AC,HC,HV,RCL",188
2,16,"AC,HC,HV,RCL","AC,HV,RCL",189
2,16,"AC,HV,RCL","AC,HC,HV,RCL",191
2,16,"AC,HC,HV,RCL","AC,HC,RCL",194
2,16,"AC,HC,RCL","AC,RCL",197
2,16,"AC,RCL","AC,HC,RCL",199
2,16,"AC,HC,RCL","AC,HC,HV,RCL",203
2,16,"AC,HC,HV,RCL","AC,RCL",204
2,16,"AC,RCL","AC,HC,RCL",211
2,16,"AC,HC,RCL","AC,RCL",212
2,16,"AC,RCL",AC,216
2,16,AC,"AC,RCL",218
2,16,"AC,RCL",AC,219
2,16,AC,none,224
2,16,none,AC,229
2,16,AC,none,230
2,16,none,AC,236
2,16,AC,"AC,RCL",239
2,16,"AC,RCL","AC,HV,RCL",244
2,16,"AC,HV,RCL","HV,RCL",246
2,16,"HV,RCL","AC,HV,RCL",249
2,16,"AC,HV,RCL",HV,251
2,16,HV,"HV,RCL,RS",254
2,16,"HV,RCL,RS","RCL,RS",271
2,16,"RCL,RS",RS,278
2,16,RS,"RCL,RS",282
2,16,"RCL,RS",RS,283
2,16,RS,none,294
2,16,none,RS,297
2,16,RS,none,310
2,16,none,RS,315
2,16,RS,none,317
2,16,none,RS,328
2,17,PC,none,15
2,17,none,PC,20
2,17,PC,none,21
2,17,none,PC,28
2,17,PC,none,30
2,17,none,RS,32
2,17,RS,none,33
2,17,none,RS,36
2,17,RS,none,37
2,17,none,"PC,RS",40
2,17,"PC,RS",PC,49
2,17,PC,none,52
2,17,none,PC,57
2,17,PC,none,61
2,17,none,PC,63
2,17,PC,"PC,RS",76
2,17,"PC,RS","PC,RP,RS",80
2,17,"PC,RP,RS",RP,83
2,17,RP,"PC,RP,RS",85
2,17,"PC,RP,RS",none,88
2,17,none,"PC,RP",90
2,17,"PC,RP",PC,91
2,17,PC,"PC,RCL,RS",92
2,17,"PC,RCL,RS","PC,RS",93
2,17,"PC,RS","PC,RCL,RP,RS",95
2,17,"PC,RCL,RP,RS","PC,RP,RS",97
2,17,"PC,RP,RS",PC,98
2,17,PC,none,99
2,17,none,RS,101
2,17,RS,"PC,RCL,RS",103
2,17,"PC,RCL,RS","PC,RCL",104
2,17,"PC,RCL","HV,PC,RCL",105
2,17,"HV,PC,RCL","HV,RCL",106
2,17,"HV,RCL",RCL,109
2,17,RCL,"HV,RCL,RS",113
2,17,"HV,RCL,RS",RCL,116
2,17,RCL,"HV,PC,RCL",119
2,17,"HV,PC,RCL","HV,PC,RCL,RS",120
2,17,"HV,PC,RCL,RS","RCL,RS",122
2,17,"RCL,RS","RCL,RP,RS",123
2,17,"RCL,RP,RS","RCL,RS",125
2,17,"RCL,RS",RCL,127
2,17,RCL,"RCL,RP",128
2,17,"RCL,RP","HV,RCL,RP,RS",129
2,17,"HV,RCL,RP,RS","AC,RCL,RS",130
2,17,"AC,RCL,RS","HV,RCL,RS",134
2,17,"HV,RCL,RS","AC,HV,RCL",136
2,17,"AC,HV,RCL",RCL,139
2,17,RCL,"AC,HV,RCL",142
2,17,"AC,HV,RCL","AC,RCL",143
2,17,"AC,RCL","AC,HV,RCL",145
2,17,"AC,HV,RCL","AC,RCL",147
2,17,"AC,RCL","AC,HV,RCL",236
2,17,"AC,HV,RCL",RCL,237
2,17,RCL,none,239
2,17,none,HV,241
2,17,HV,none,242
2,17,none,HV,246
2,17,HV,"HV,RCL",247
2,17,"HV,RCL",RCL,254
2,17,RCL,"HV,RCL",256
2,17,"HV,RCL",RCL,257
2,17,RCL,"HV,RCL",265
2,17,"HV,RCL","HV,RCL,RS",266
2,17,"HV,RCL,RS","RCL,RS",270
2,17,"RCL,RS",RCL,274
2,17,RCL,"RCL,RS",276
2,17,"RCL,RS",RS,280
2,17,RS,"RCL,RS",282
2,17,"RCL,RS",RS,283
2,17,RS,none,321
2,17,none,RS,325
2,18,PC,none,39
2,18,none,PC,47
2,18,PC,none,50
2,18,none,PC,52
2,18,PC,none,56
2,18,none,PC,58
2,18,PC,none,69
2,18,none,PC,71
2,18,PC,"HV,PC",76
2,18,"HV,PC",HV,77
2,18,HV,none,78
2,18,none,PC,79
2,18,PC,"HV,PC,RS",81
2,18,"HV,PC,RS","PC,RS",82
2,18,"PC,RS",PC,85
2,18,PC,"HV,PC",86
2,18,"HV,PC",PC,87
2,18,PC,none,92
2,18,none,PC,95
2,18,PC,"HV,PC",96
2,18,"HV,PC",none,97
2,18,none,PC,101
2,18,PC,"HV,PC",102
2,18,"HV,PC",PC,105
2,18,PC,none,106
2,18,none,"HV,RCL",110
2,18,"HV,RCL",RCL,111
2,18,RCL,"AC,RCL",155
2,18,"AC,RCL",RCL,157
2,18,RCL,"AC,RCL",159
2,18,"AC,RCL",RCL,163
2,18,RCL,"AC,RCL",165
2,18,"AC,RCL","AC,HV,RCL",167
2,18,"AC,HV,RCL","BV,HV,RCL",168
2,18,"BV,HV,RCL","BV,RCL",169
2,18,"BV,RCL","AC,BV,HC,RCL",170
2,18,"AC,BV,HC,RCL","AC,BV,HC,HV,RCL",171
2,18,"AC,BV,HC,HV,RCL","AC,BV,BW,HV,RCL",172
2,18,"AC,BV,BW,HV,RCL","AC,BV,HV,RCL",173
2,18,"AC,BV,HV,RCL","AC,RCL",174
2,18,"AC,RCL","AC,HV,RCL",178
2,18,"AC,HV,RCL","AC,RCL",179
2,18,"AC,RCL","AC,HC,RCL",181
2,18,"AC,HC,RCL","AC,HC,HV,RCL",182
2,18,"AC,HC,HV,RCL","AC,BV,HC,HV,RCL",183
2,18,"AC,BV,HC,HV,RCL","AC,BV,HV,RCL",185
2,18,"AC,BV,HV,RCL","AC,HV,RCL",186
2,18,"AC,HV,RCL","AC,RCL",188
2,18,"AC,RCL","AC,HC,RCL",194
2,18,"AC,HC,RCL","AC,RCL",196
2,18,"AC,RCL","AC,BV,HV,RCL",198
2,18,"AC,BV,HV,RCL","AC,BV,HC,HV,RCL",199
2,18,"AC,BV,HC,HV,RCL","AC,BV,HC,RCL",202
2,18,"AC,BV,HC,RCL","AC,HC,RCL",203
2,18,"AC,HC,RCL","AC,RCL",204
2,18,"AC,RCL",RCL,207
2,18,RCL,none,209
2,18,none,"BV,HV",211
2,18,"BV,HV",RCL,212
2,18,RCL,"BV,HV,RCL",216
2,18,"BV,HV,RCL","HV,RCL",217
2,18,"HV,RCL",RCL,218
2,18,RCL,"HV,RCL",223
2,18,"HV,RCL",RCL,224
2,18,RCL,none,229
2,18,none,RCL,232
2,18,RCL,"GC,HV,RCL",235
2,18,"GC,HV,RCL","HV,RCL",237
2,18,"HV,RCL","BV,HV,RCL",238
2,18,"BV,HV,RCL","HV,RCL",240
2,18,"HV,RCL",RCL,247
2,18,RCL,"HV,RCL",249
2,18,"HV,RCL",RCL,251
2,18,RCL,"HV,RCL",262
2,18,"HV,RCL","HV,RCL,RS",267
2,18,"HV,RCL,RS","HV,RCL",268
2,18,"HV,RCL","HV,RCL,RS",272
2,18,"HV,RCL,RS","RCL,RS",274
2,18,"RCL,RS","HV,RCL,RS",278
2,18,"HV,RCL,RS","RCL,RS",279
2,18,"RCL,RS",RCL,284
2,18,RCL,none,285
2,18,none,RS,292
2,18,RS,none,298
2,18,none,RS,321
2,18,RS,none,322
2,18,none,RS,333
2,19,RS,none,16
2,19,none,PC,34
2,19,PC,none,35
2,19,none,PC,42
2,19,PC,none,45
2,19,none,PC,49
2,19,PC,none,56
2,19,none,PC,58
2,19,PC,"PC,RP",62
2,19,"PC,RP",PC,65
2,19,PC,"PC,RP",68
2,19,"PC,RP","PC,RP,RS",70
2,19,"PC,RP,RS","PC,RS",76
2,19,"PC,RS","PC,RP,RS",80
2,19,"PC,RP,RS","PC,RP",88
2,19,"PC,RP",PC,89
2,19,PC,"PC,RP",94
2,19,"PC,RP",PC,96
2,19,PC,"PC,RP",99
2,19,"PC,RP",PC,100
2,19,PC,none,101
2,19,none,PC,103
2,19,PC,none,107
2,19,none,RCL,123
2,19,RCL,"BV,HV,RCL",124
2,19,"BV,HV,RCL","HV,RCL",126
2,19,"HV,RCL",RCL,128
2,19,RCL,RS,129
2,19,RS,none,130
2,19,none,RCL,132
2,19,RCL,HV,133
2,19,HV,none,135
2,19,none,RCL,136
2,19,RCL,"HV,RCL",138
2,19,"HV,RCL","HC,HV,RCL",156
2,19,"HC,HV,RCL","HV,RCL",157
2,19,"HV,RCL","HC,HV,RCL",162
2,19,"HC,HV,RCL","AC,HC,HV,RCL",163
2,19,"AC,HC,HV,RCL","HV,RCL",164
2,19,"HV,RCL","AC,GC,HC,HV,RCL",166
2,19,"AC,GC,HC,HV,RCL","AC,BV,GC,HV,RCL",167
2,19,"AC,BV,GC,HV,RCL","AC,GC,HV,RCL",168
2,19,"AC,GC,HV,RCL","HV,RCL",176
2,19,"HV,RCL","AC,HV,RCL",178
2,19,"AC,HV,RCL","HC,HV,RCL",181
2,19,"HC,HV,RCL","GC,HC,HV,RCL",183
2,19,"GC,HC,HV,RCL","HC,HV,RCL",186
2,19,"HC,HV,RCL","HV,RCL",191
2,19,"HV,RCL","BV,HV,RCL",193
2,19,"BV,HV,RCL","BV,GC,HV,RCL",195
2,19,"BV,GC,HV,RCL","GC,HV,RCL",196
2,19,"GC,HV,RCL","HV,RCL",198
2,19,"HV,RCL","GC,HV,RCL",200
2,19,"GC,HV,RCL","HV,RCL",201
2,19,"HV,RCL",RCL,216
2,19,RCL,"HV,RCL",220
2,19,"HV,RCL",RCL,230
2,19,RCL,"HV,RCL",233
2,19,"HV,RCL",HV,264
2,19,HV,none,267
2,19,none,"RCL,RS",273
2,19,"RCL,RS",none,274
2,19,none,RS,283
2,19,RS,none,284
2,19,none,RS,289
2,19,RS,none,291
2,19,none,RS,309
2,20,PC,none,63
2,20,none,PC,66
2,20,PC,"PC,RS",74
2,20,"PC,RS",PC,78
2,20,PC,"PC,RS",80
2,20,"PC,RS",PC,84
2,20,PC,"PC,RS",87
2,20,"PC,RS","HV,PC,RS",96
2,20,"HV,PC,RS","PC,RS",97
2,20,"PC,RS",none,99
2,20,none,PC,101
2,20,PC,none,102
2,20,none,"HV,PC",105
2,20,"HV,PC",none,106
2,20,none,PC,108
2,20,PC,"PC,RS",109
2,20,"PC,RS","HV,PC,RS",110
2,20,"HV,PC,RS","HV,RS",111
2,20,"HV,RS","HV,RCL,RS",112
2,20,"HV,RCL,RS","HV,RCL",113
2,20,"HV,RCL",RCL,115
2,20,RCL,"HV,RCL",117
2,20,"HV,RCL",none,118
2,20,none,RCL,120
2,20,RCL,"HV,RCL",121
2,20,"HV,RCL",none,122
2,20,none,HV,124
2,20,HV,"HV,RCL",125
2,20,"HV,RCL",RCL,127
2,20,RCL,"HV,RCL",130
2,20,"HV,RCL",RCL,131
2,20,RCL,none,134
2,20,none,PC,137
2,20,PC,"BV,HV,RCL",138
2,20,"BV,HV,RCL","HV,RCL",139
2,20,"HV,RCL",RCL,143
2,20,RCL,"HV,RCL",146
2,20,"HV,RCL",RCL,147
2,20,RCL,"HV,RCL",149
2,20,"HV,RCL",RCL,153
2,20,RCL,"HV,RCL",162
2,20,"HV,RCL",RCL,164
2,20,RCL,"HV,RCL",166
2,20,"HV,RCL",RCL,174
2,20,RCL,"HV,RCL",180
2,20,"HV,RCL",RCL,181
2,20,RCL,none,186
2,20,none,HV,187
2,20,HV,none,188
2,20,none,RCL,196
2,20,RCL,none,198
2,20,none,RCL,200
2,20,RCL,"HV,RCL",202
2,20,"HV,RCL","BV,HV,RCL",203
2,20,"BV,HV,RCL","HV,RCL",204
2,20,"HV,RCL","GC,HV,RCL",205
2,20,"GC,HV,RCL","HV,RCL",206
2,20,"HV,RCL",RCL,208
2,20,RCL,"HV,RCL",210
2,20,"HV,RCL",RCL,212
2,20,RCL,"HV,RCL",229
2,20,"HV,RCL",RCL,234
2,20,RCL,"HV,RCL",236
2,20,"HV,RCL",RCL,238
2,20,RCL,"HV,RCL",245
2,20,"HV,RCL",RCL,247
2,20,RCL,"HV,RCL",256
2,20,"HV,RCL","HV,RCL,RS",257
2,20,"HV,RCL,RS","RCL,RS",258
2,20,"RCL,RS",RCL,261
2,20,RCL,"RCL,RS",268
2,20,"RCL,RS","HV,RCL,RS",270
2,20,"HV,RCL,RS","RCL,RS",271
2,20,"RCL,RS",RS,278
2,20,RS,"RCL,RS",288
2,20,"RCL,RS",RS,289
2,20,RS,none,297
2,20,none,RS,299
2,20,RS,none,300
2,20,none,RS,304
2,20,RS,none,305
2,20,none,RS,320
2,21,PC,none,54
2,21,none,PC,56
2,21,PC,none,57
2,21,none,PC,66
2,21,PC,none,67
2,21,none,PC,80
2,21,PC,"PC,RS",82
2,21,"PC,RS",PC,92
2,21,PC,"PC,RS",94
2,21,"PC,RS",RS,96
2,21,RS,"PC,RS",98
2,21,"PC,RS",RS,104
2,21,RS,none,108
2,21,none,RCL,112
2,21,RCL,none,113
2,21,none,RCL,125
2,21,RCL,none,126
2,21,none,RCL,128
2,21,RCL,"HV,PC,RCL",130
2,21,"HV,PC,RCL",PC,132
2,21,PC,"PC,RCL",134
2,21,"PC,RCL",none,137
2,21,none,RCL,139
2,21,RCL,"HV,PC,RCL",140
2,21,"HV,PC,RCL","HV,PC,RCL,RS",141
2,21,"HV,PC,RCL,RS","HV,RCL",142
2,21,"HV,RCL",RCL,143
2,21,RCL,"PC,RCL",145
2,21,"PC,RCL","HV,RCL",146
2,21,"HV,RCL","HV,RCL,RS",147
2,21,"HV,RCL,RS","HV,RCL",149
2,21,"HV,RCL","BV,HV,RCL",150
2,21,"BV,HV,RCL",RCL,151
2,21,RCL,"HV,RCL",153
2,21,"HV,RCL","BV,HV,RCL",155
2,21,"BV,HV,RCL","HV,RCL,RS",157
2,21,"HV,RCL,RS","GC,HV,RCL,RS",162
2,21,"GC,HV,RCL,RS","HV,RCL,RS",165
2,21,"HV,RCL,RS","BV,HV,RCL,RS",167
2,21,"BV,HV,RCL,RS","BV,GC,HV,RCL,RS",168
2,21,"BV,GC,HV,RCL,RS","BV,GC,HV,RCL",170
2,21,"BV,GC,HV,RCL","GC,HV,RCL",171
2,21,"GC,HV,RCL","HV,RCL",172
2,21,"HV,RCL","HV,RCL,RS",173
2,21,"HV,RCL,RS","GC,HV,RCL,RS",174
2,21,"GC,HV,RCL,RS","HV,RCL,RS",177
2,21,"HV,RCL,RS","AC,HV,RCL,RS",179
2,21,"AC,HV,RCL,RS","AC,GC,HV,RCL,RS",180
2,21,"AC,GC,HV,RCL,RS","AC,GC,HC,HV,RCL,RS",186
2,21,"AC,GC,HC,HV,RCL,RS","AC,BW,GC,HC,HV,RCL,RS",187
2,21,"AC,BW,GC,HC,HV,RCL,RS","AC,GC,HC,HV,RCL,RS",188
2,21,"AC,GC,HC,HV,RCL,RS","AC,GC,HC,HV,RCL",189
2,21,"AC,GC,HC,HV,RCL","AC,GC,HV,RCL",190
2,21,"AC,GC,HV,RCL","AC,GC,RCL",192
2,21,"AC,GC,RCL","AC,GC,HC,RCL",198
2,21,"AC,GC,HC,RCL","AC,RCL",199
2,21,"AC,RCL","AC,GC,RCL",202
2,21,"AC,GC,RCL","AC,HV,RCL",206
2,21,"AC,HV,RCL","AC,HC,HV,RCL",215
2,21,"AC,HC,HV,RCL","AC,HV,RCL",216
2,21,"AC,HV,RCL","AC,GC,HV,RCL",220
2,21,"AC,GC,HV,RCL","AC,HV,RCL",222
2,21,"AC,HV,RCL",RCL,232
2,21,RCL,"HV,RCL",237
2,21,"HV,RCL","GC,HV,RCL",241
2,21,"GC,HV,RCL","HV,RCL",242
2,21,"HV,RCL","HV,RCL,RS",249
2,21,"HV,RCL,RS","RCL,RS",253
2,21,"RCL,RS","HV,RCL,RS",257
2,21,"HV,RCL,RS","RCL,RS",259
2,21,"RCL,RS",none,270
2,21,none,RS,272
2,21,RS,none,275
2,21,none,RS,284
2,22,RS,none,28
2,22,none,PC,36
2,22,PC,none,37
2,22,none,PC,45
2,22,PC,none,47
2,22,none,"PC,RS",51
2,22,"PC,RS",PC,52
2,22,PC,none,53
2,22,none,PC,57
2,22,PC,"PC,RS",58
2,22,"PC,RS",none,61
2,22,none,PC,66
2,22,PC,"PC,RS",68
2,22,"PC,RS",PC,70
2,22,PC,"PC,RS",73
2,22,"PC,RS",RS,76
2,22,RS,"PC,RS",78
2,22,"PC,RS",none,81
2,22,none,PC,86
2,22,PC,"PC,RS",96
2,22,"PC,RS",PC,97
2,22,PC,"PC,RS",99
2,22,"PC,RS","PC,PT,RS",102
2,22,"PC,PT,RS","PC,RS",103
2,22,"PC,RS","PC,RP,RS",105
2,22,"PC,RP,RS","PC,RS",106
2,22,"PC,RS",PC,107
2,22,PC,"PC,RS",109
2,22,"PC,RS",RS,117
2,22,RS,none,118
2,22,none,PC,119
2,22,PC,none,123
2,22,none,"PC,RCL",130
2,22,"PC,RCL",none,131
2,22,none,HV,133
2,22,HV,AC,134
2,22,AC,"AC,RCL",135
2,22,"AC,RCL",RCL,137
2,22,RCL,"AC,RCL",140
2,22,"AC,RCL","AC,HV,RCL",141
2,22,"AC,HV,RCL","AC,RCL",142
2,22,"AC,RCL","AC,RCL,RS",143
2,22,"AC,RCL,RS","AC,HV,RCL",145
2,22,"AC,HV,RCL","AC,HC,HV,RCL",146
2,22,"AC,HC,HV,RCL","AC,HV,RCL",147
2,22,"AC,HV,RCL","HV,RCL",160
2,22,"HV,RCL","AC,HV,RCL",162
2,22,"AC,HV,RCL","HV,RCL",163
2,22,"HV,RCL","AC,HV,RCL",165
2,22,"AC,HV,RCL",RCL,167
2,22,RCL,"HV,RCL",191
2,22,"HV,RCL",RCL,192
2,22,RCL,none,208
2,22,none,RCL,211
2,22,RCL,none,215
2,22,none,HV,257
2,22,HV,"HV,RS",258
2,22,"HV,RS","BV,HV,RS",261
2,22,"BV,HV,RS","BV,HV,RCL,RS",262
2,22,"BV,HV,RCL,RS","HV,RCL,RS",264
2,22,"HV,RCL,RS","HV,RS",275
2,22,"HV,RS",RS,276
2,22,RS,none,282
2,22,none,RS,285
2,22,RS,"RCL,RS",291
2,22,"RCL,RS",RS,292
2,22,RS,none,299
2,22,none,RS,302
2,22,RS,none,306
2,22,none,RS,308
2,22,RS,none,309
2,22,none,RS,315
2,22,RS,none,316
2,22,none,RCL,359
2,23,"HV,RP",none,56
2,23,none,RP,80
2,23,RP,none,83
2,23,none,RP,85
2,23,RP,RS,92
2,23,RS,none,94
2,23,none,RS,97
2,23,RS,none,99
2,23,none,"HV,RCL",120
2,23,"HV,RCL",none,121
2,23,none,RS,125
2,23,RS,none,127
2,23,none,HV,128
2,23,HV,none,129
2,23,none,"HV,RCL",131
2,23,"HV,RCL",HV,132
2,23,HV,none,133
2,23,none,RCL,134
2,23,RCL,"HV,RCL",135
2,23,"HV,RCL",none,140
2,23,none,RCL,142
2,23,RCL,none,143
2,23,none,HV,144
2,23,HV,"HV,RCL",145
2,23,"HV,RCL",RCL,155
2,23,RCL,"GC,HV,RCL,RS",158
2,23,"GC,HV,RCL,RS","HV,RCL,RS",161
2,23,"HV,RCL,RS","GC,HV,RCL,RS",163
2,23,"GC,HV,RCL,RS","HV,RCL,RS",164
2,23,"HV,RCL,RS","GC,HV,RCL",166
2,23,"GC,HV,RCL","HV,RCL",168
2,23,"HV,RCL","GC,HV,RCL",184
2,23,"GC,HV,RCL","BV,GC,HV,RCL",189
2,23,"BV,GC,HV,RCL","GC,HV,RCL",190
2,23,"GC,HV,RCL","BV,GC,HV,RCL",193
2,23,"BV,GC,HV,RCL","GC,HV,RCL",194
2,23,"GC,HV,RCL","GC,RCL",205
2,23,"GC,RCL",RCL,206
2,23,RCL,"HV,RCL",212
2,23,"HV,RCL",HV,219
2,23,HV,none,220
2,23,none,RS,285
2,23,RS,none,286
2,23,none,RS,295
2,23,RS,none,301
2,23,none,RS,305
2,23,RS,none,307
2,23,none,RS,327
2,24,HV,none,85
2,24,none,RS,92
2,24,RS,none,93
2,24,none,HV,100
2,24,HV,RS,102
2,24,RS,RCL,103
2,24,RCL,RS,106
2,24,RS,"RCL,RS",110
2,24,"RCL,RS","HV,RCL,RS",111
2,24,"HV,RCL,RS",RS,112
2,24,RS,HV,115
2,24,HV,"HV,RCL",116
2,24,"HV,RCL",RCL,120
2,24,RCL,"HV,RCL",126
2,24,"HV,RCL","HV,RCL,RS",128
2,24,"HV,RCL,RS","BW,HV,RCL,RS",133
2,24,"BW,HV,RCL,RS","HV,RCL,RS",134
2,24,"HV,RCL,RS","RCL,RS",138
2,24,"RCL,RS","HV,RCL,RS",140
2,24,"HV,RCL,RS","GC,HC,HV,RCL,RS",147
2,24,"GC,HC,HV,RCL,RS","HV,RCL,RS",149
2,24,"HV,RCL,RS","BV,HV,RCL,RS",150
2,24,"BV,HV,RCL,RS","HV,RCL,RS",151
2,24,"HV,RCL,RS","GC,HV,RCL,RS",152
2,24,"GC,HV,RCL,RS","HV,RCL,RS",153
2,24,"HV,RCL,RS","GC,HV,RCL",156
2,24,"GC,HV,RCL","HV,RCL",157
2,24,"HV,RCL","AC,HV,RCL",158
2,24,"AC,HV,RCL","HV,RCL",159
2,24,"HV,RCL","HV,RCL,RS",161
2,24,"HV,RCL,RS","AC,GC,HV,RCL,RS",162
2,24,"AC,GC,HV,RCL,RS","AC,HV,RCL,RS",163
2,24,"AC,HV,RCL,RS","AC,GC,HV,RCL,RS",166
2,24,"AC,GC,HV,RCL,RS","AC,GC,HV,RCL",168
2,24,"AC,GC,HV,RCL","GC,HV,RCL",169
2,24,"GC,HV,RCL","AC,GC,HV,RCL",172
2,24,"AC,GC,HV,RCL","AC,GC,HV,RCL,RS",177
2,24,"AC,GC,HV,RCL,RS","GC,HV,RCL,RS",178
2,24,"GC,HV,RCL,RS","AC,GC,HV,RCL,RS",185
2,24,"AC,GC,HV,RCL,RS","AC,GC,HV,RCL",187
2,24,"AC,GC,HV,RCL","AC,HV,RCL",189
2,24,"AC,HV,RCL","AC,HV",193
2,24,"AC,HV","AC,HV,RCL",195
2,24,"AC,HV,RCL","HV,RCL",199
2,24,"HV,RCL",RCL,203
2,24,RCL,"GC,RCL",205
2,24,"GC,RCL",RCL,206
2,24,RCL,"HV,RCL",212
2,24,"HV,RCL",RCL,213
2,24,RCL,none,216
2,24,none,HV,217
2,24,HV,"AC,BV,GC,HV,RCL,RS",218
2,24,"AC,BV,GC,HV,RCL,RS","AC,BV,HV,RCL,RS",220
2,24,"AC,BV,HV,RCL,RS","AC,HV,RCL,RS",222
2,24,"AC,HV,RCL,RS","AC,HV,RCL",224
2,24,"AC,HV,RCL","HV,RCL",226
2,24,"HV,RCL","HV,RCL,RS",227
2,24,"HV,RCL,RS","HV,RCL",228
2,24,"HV,RCL","HV,RCL,RS",231
2,24,"HV,RCL,RS","GC,HV,RCL,RS",236
2,24,"GC,HV,RCL,RS",HV,237
2,24,HV,"AC,HV",238
2,24,"AC,HV","AC,HV,RCL",239
2,24,"AC,HV,RCL","AC,HV",240
2,24,"AC,HV",HV,246
2,24,HV,"AC,HV",249
2,24,"AC,HV",HV,250
2,24,HV,none,253
2,24,none,RS,256
2,24,RS,none,257
2,24,none,RS,267
2,24,RS,HV,268
2,24,HV,none,269
2,24,none,RS,272
2,24,RS,RCL,274
2,24,RCL,none,275
2,24,none,RS,276
2,24,RS,none,277
2,24,none,RS,282
2,24,RS,none,284
2,24,none,RS,287
2,24,RS,none,291
2,24,none,RS,293
2,24,RS,none,299
2,24,none,RS,301
2,24,RS,none,305
2,24,none,RS,310
2,24,RS,none,312
2,24,none,RS,348
3,1,RS,none,74
3,1,none,RS,79
3,1,RS,none,81
3,1,none,"PC,RS",86
3,1,"PC,RS",none,88
3,1,none,RS,93
3,1,RS,PC,94
3,1,PC,none,95
3,1,none,"PC,RS",100
3,1,"PC,RS",none,102
3,1,none,"PC,RS",108
3,1,"PC,RS",RS,112
3,1,RS,"HV,RS",120
3,1,"HV,RS",HV,123
3,1,HV,"BW,HV",126
3,1,"BW,HV",HV,127
3,1,HV,none,128
3,1,none,"PC,RS",129
3,1,"PC,RS",HV,130
3,1,HV,RS,133
3,1,RS,none,134
3,1,none,HV,156
3,1,HV,"BW,HV",160
3,1,"BW,HV",HV,161
3,1,HV,"BW,HV",166
3,1,"BW,HV",HV,167
3,1,HV,none,168
3,1,none,HV,173
3,1,HV,"BW,HV",175
3,1,"BW,HV",HV,176
3,1,HV,"BW,HV",182
3,1,"BW,HV","BW,HC,HV",183
3,1,"BW,HC,HV","BW,HC,HV,RS",186
3,1,"BW,HC,HV,RS","BW,GC,HV,RS",187
3,1,"BW,GC,HV,RS","GC,HV",188
3,1,"GC,HV","BW,GC,HV,RS",190
3,1,"BW,GC,HV,RS","GC,HV",191
3,1,"GC,HV","BW,GC,HV",193
3,1,"BW,GC,HV","GC,HV,RS",194
3,1,"GC,HV,RS","HV,RS",195
3,1,"HV,RS","GC,HV,RS",197
3,1,"GC,HV,RS","GC,HV",198
3,1,"GC,HV",HV,199
3,1,HV,"HV,RS",200
3,1,"HV,RS",HV,201
3,1,HV,"GC,HV",211
3,1,"GC,HV",HV,212
3,1,HV,none,225
3,1,none,HV,234
3,1,HV,none,242
3,1,none,HV,245
3,1,HV,none,252
3,1,none,HV,256
3,1,HV,none,258
3,1,none,HV,265
3,1,HV,none,266
3,1,none,RS,282
3,1,RS,none,287
3,1,none,RS,300
3,1,RS,none,303
3,1,none,RS,305
3,2,RS,none,16
3,2,none,RS,43
3,2,RS,none,45
3,2,none,RS,79
3,2,RS,none,81
3,2,none,RS,97
3,2,RS,none,98
3,2,none,RS,114
3,2,RS,none,115
3,2,none,PC,124
3,2,PC,"HV,PC,RS",125
3,2,"HV,PC,RS",RS,127
3,2,RS,none,128
3,2,none,HV,134
3,2,HV,none,136
3,2,none,HV,156
3,2,HV,none,157
3,2,none,HV,163
3,2,HV,none,164
3,2,none,HV,175
3,2,HV,"BV,HV",177
3,2,"BV,HV",none,178
3,2,none,HV,198
3,2,HV,none,199
3,2,none,HV,215
3,2,HV,none,216
3,2,none,HV,223
3,2,HV,none,226
3,2,none,HV,228
3,2,HV,none,229
3,2,none,HV,233
3,2,HV,none,234
3,2,none,HV,252
3,2,HV,none,253
3,2,none,RS,323
3,2,RS,none,325
3,2,none,RS,329
3,2,RS,none,332
3,2,none,RS,334
3,2,RS,none,335
3,2,none,RS,338
3,3,PT,none,29
3,3,none,RS,80
3,3,RS,none,84
3,3,none,RS,92
3,3,RS,none,94
3,3,none,HV,123
3,3,HV,none,125
3,3,none,HV,156
3,3,HV,none,157
3,3,none,HV,163
3,3,HV,none,164
3,3,none,HV,166
3,3,HV,none,167
3,3,none,HV,173
3,3,HV,none,174
3,3,none,HV,190
3,3,HV,none,203
3,3,none,HV,213
3,3,HV,none,215
3,3,none,HV,219
3,3,HV,none,221
3,3,none,HV,231
3,3,HV,none,239
3,3,none,HV,251
3,3,HV,none,252
3,3,none,RS,262
3,3,RS,none,263
3,3,none,RS,266
3,3,RS,none,267
3,3,none,HV,270
3,3,HV,"HV,RS",271
3,3,"HV,RS",RS,272
3,3,RS,none,279
3,3,none,RS,282
3,3,RS,none,284
3,3,none,RS,288
3,3,RS,none,289
3,3,none,RS,292
3,4,PT,none,117
3,4,none,"HV,RS",143
3,4,"HV,RS",none,144
3,4,none,"BW,HV,RS",147
3,4,"BW,HV,RS","HV,RS",148
3,4,"HV,RS","GC,HV,RCL,RS",151
3,4,"GC,HV,RCL,RS","HV,RS",152
3,4,"HV,RS","HV,RCA,RS",154
3,4,"HV,RCA,RS","HV,RS",155
3,4,"HV,RS","HV,RCL,RS",162
3,4,"HV,RCL,RS","HV,RS",164
3,4,"HV,RS",RS,169
3,4,RS,none,170
3,4,none,RCL,173
3,4,RCL,none,175
3,4,none,HV,181
3,4,HV,"HV,RCL",182
3,4,"HV,RCL",HV,185
3,4,HV,none,191
3,4,none,HV,223
3,4,HV,"HV,RCL",237
3,4,"HV,RCL",HV,241
3,4,HV,none,246
3,4,none,HV,260
3,4,HV,none,263
3,4,none,RS,271
3,4,RS,none,276
3,4,none,RCA,286
3,4,RCA,none,287
3,4,none,RS,291
3,4,RS,none,292
3,4,none,RS,296
3,4,RS,none,299
3,4,none,RS,304
3,4,RS,none,307
3,4,none,"RCA,RS",309
3,4,"RCA,RS",RS,310
3,4,RS,none,314
3,4,none,RS,334
3,4,RS,none,337
3,4,none,RS,351
3,5,RS,none,28
3,5,none,PC,29
3,5,PC,none,30
3,5,none,RS,66
3,5,RS,none,74
3,5,none,PC,81
3,5,PC,none,82
3,5,none,RS,84
3,5,RS,none,86
3,5,none,RS,91
3,5,RS,none,93
3,5,none,HV,128
3,5,HV,none,129
3,5,none,RCL,154
3,5,RCL,"HV,RCL",155
3,5,"HV,RCL",RCL,159
3,5,RCL,"BV,RCL",169
3,5,"BV,RCL",RCL,170
3,5,RCL,none,177
3,5,none,"BV,HV",185
3,5,"BV,HV","BV,BW,HV",187
3,5,"BV,BW,HV","BV,HV",188
3,5,"BV,HV",BV,190
3,5,BV,none,191
3,5,none,HV,193
3,5,HV,none,194
3,5,none,RS,295
3,5,RS,none,297
3,5,none,RS,299
3,6,HV,none,219
3,6,none,RS,290
3,6,RS,none,295
3,6,none,RS,311
3,6,RS,none,314
3,6,none,RS,318
3,7,RS,none,55
3,7,none,RS,65
3,7,RS,none,67
3,7,none,RS,113
3,7,RS,none,114
3,7,none,"GC,HV",213
3,7,"GC,HV","BV,GC,HC,HV,RS",214
3,7,"BV,GC,HC,HV,RS","BV,HC,HV,RS",215
3,7,"BV,HC,HV,RS","HC,HV,RS",216
3,7,"HC,HV,RS",HV,220
3,7,HV,"HV,RS",222
3,7,"HV,RS",HV,226
3,7,HV,"HV,RS",231
3,7,"HV,RS",HV,232
3,7,HV,"HV,RS",240
3,7,"HV,RS",HV,243
3,7,HV,none,250
3,7,none,HV,256
3,7,HV,none,258
3,7,none,RS,278
3,7,RS,none,279
3,7,none,RS,290
3,7,RS,none,292
3,7,none,RS,299
3,8,PT,none,49
3,8,none,PT,55
3,8,PT,none,56
3,8,none,PT,62
3,8,PT,none,64
3,8,none,PT,68
3,8,PT,"PT,RS",79
3,8,"PT,RS",RS,80
3,8,RS,none,82
3,8,none,PT,83
3,8,PT,none,84
3,8,none,RS,88
3,8,RS,"PT,RS",90
3,8,"PT,RS",PT,92
3,8,PT,none,93
3,8,none,RS,96
3,8,RS,"PT,RS",97
3,8,"PT,RS",none,100
3,8,none,RS,109
3,8,RS,none,110
3,8,none,PT,122
3,8,PT,none,123
3,8,none,"BV,HV",163
3,8,"BV,HV",none,167
3,8,none,"BV,HV",189
3,8,"BV,HV",HC,190
3,8,HC,none,191
3,8,none,HC,195
3,8,HC,none,196
3,8,none,HC,199
3,8,HC,none,201
3,8,none,RCL,204
3,8,RCL,"HV,RCL",208
3,8,"HV,RCL",RCL,209
3,8,RCL,none,210
3,8,none,RCL,233
3,8,RCL,none,238
3,8,none,HV,251
3,8,HV,"HV,RCL",255
3,8,"HV,RCL",RCL,256
3,8,RCL,"HV,RCL",258
3,8,"HV,RCL","HV,RCL,RS",260
3,8,"HV,RCL,RS","HV,RCL",262
3,8,"HV,RCL","HV,RCL,RS",264
3,8,"HV,RCL,RS","HV,RCL",265
3,8,"HV,RCL",RCL,268
3,8,RCL,"RCL,RS",271
3,8,"RCL,RS","HV,RS",272
3,8,"HV,RS",RS,273
3,8,RS,RCL,274
3,8,RCL,none,277
3,8,none,RS,285
3,9,PT,none,72
3,9,none,PT,102
3,9,PT,none,104
3,9,none,PT,111
3,9,PT,none,114
3,9,none,PT,120
3,9,PT,none,121
3,9,none,HV,135
3,9,HV,RS,136
3,9,RS,none,137
3,9,none,HV,144
3,9,HV,none,146
3,9,none,HV,153
3,9,HV,none,158
3,9,none,HV,173
3,9,HV,BV,174
3,9,BV,none,175
3,9,none,BV,178
3,9,BV,none,181
3,9,none,BV,187
3,9,BV,none,188
3,9,none,HC,196
3,9,HC,none,197
3,9,none,HC,200
3,9,HC,none,201
3,9,none,"BV,HV",202
3,9,"BV,HV",none,203
3,9,none,HV,206
3,9,HV,HC,207
3,9,HC,none,210
3,9,none,HC,217
3,9,HC,none,218
3,9,none,HV,234
3,9,HV,"HC,HV",235
3,9,"HC,HV",none,236
3,9,none,HV,238
3,9,HV,none,239
3,9,none,HV,241
3,9,HV,none,242
3,9,none,HC,243
3,9,HC,none,244
3,9,none,"HV,RS",267
3,9,"HV,RS",RS,269
3,9,RS,"RCL,RS",272
3,9,"RCL,RS",RCL,275
3,9,RCL,"RCL,RS",277
3,9,"RCL,RS","HV,RCL",278
3,9,"HV,RCL",RCL,279
3,9,RCL,none,282
3,9,none,"HV,RCL",284
3,9,"HV,RCL",RCL,285
3,9,RCL,"RCL,RS",286
3,9,"RCL,RS",RS,289
3,9,RS,none,290
3,9,none,RS,313
3,9,RS,none,317
3,9,none,RS,322
3,9,RS,none,327
3,9,none,RS,330
3,9,RS,none,333
3,9,none,RS,338
3,10,PT,none,11
3,10,none,PT,47
3,10,PT,none,48
3,10,none,PT,62
3,10,PT,none,63
3,10,none,PT,66
3,10,PT,none,71
3,10,none,"PT,RS",77
3,10,"PT,RS","PT,RP,RS",78
3,10,"PT,RP,RS","PT,RS",79
3,10,"PT,RS",RS,80
3,10,RS,none,81
3,10,none,PT,83
3,10,PT,"PT,RS",86
3,10,"PT,RS",PT,87
3,10,PT,"PT,RS",89
3,10,"PT,RS",RS,91
3,10,RS,"PT,RS",94
3,10,"PT,RS",PT,97
3,10,PT,none,98
3,10,none,PT,102
3,10,PT,none,103
3,10,none,PT,105
3,10,PT,none,106
3,10,none,RCL,158
3,10,RCL,none,160
3,10,none,RCL,165
3,10,RCL,none,167
3,10,none,RCL,175
3,10,RCL,RS,176
3,10,RS,none,177
3,10,none,RCL,178
3,10,RCL,none,179
3,10,none,"BV,HV",188
3,10,"BV,HV",HV,190
3,10,HV,none,192
3,10,none,HV,202
3,10,HV,none,203
3,10,none,"BV,HV",210
3,10,"BV,HV",HV,211
3,10,HV,none,212
3,10,none,RS,272
3,10,RS,none,273
3,10,none,RS,277
3,10,RS,none,296
3,10,none,RS,364
3,11,PC,none,69
3,11,none,RS,144
3,11,RS,"HV,RS",146
3,11,"HV,RS",RS,147
3,11,RS,none,148
3,11,none,HV,157
3,11,HV,"BW,HV",159
3,11,"BW,HV",none,160
3,11,none,"BW,HV",164
3,11,"BW,HV",BW,165
3,11,BW,none,167
3,11,none,"RCL,RS",290
3,11,"RCL,RS",RS,291
3,12,RS,"AC,RS",96
3,12,"AC,RS","AC,PC,RS",97
3,12,"AC,PC,RS",RS,98
3,12,RS,"PC,RS",103
3,12,"PC,RS",RS,104
3,12,RS,none,109
3,12,none,HC,114
3,12,HC,none,115
3,12,none,RCL,121
3,12,RCL,none,133
3,12,none,RS,154
3,12,RS,none,155
3,12,none,HV,185
3,12,HV,none,186
3,12,none,HV,192
3,12,HV,none,193
3,12,none,RS,240
3,12,RS,none,241
3,12,none,RS,245
3,12,RS,none,250
3,12,none,RS,253
3,12,RS,none,254
3,12,none,RS,257
3,12,RS,none,258
3,12,none,RS,263
3,12,RS,none,266
3,12,none,RS,269
3,12,RS,none,281
3,12,none,RS,283
3,12,RS,none,284
3,12,none,"RCL,RS",286
3,12,"RCL,RS",RCL,292
3,12,RCL,RS,295
3,12,RS,none,296
3,12,none,RS,299
3,12,RS,none,310
3,12,none,RS,312
3,13,"PC,RS",PC,5
3,13,PC,none,6
3,13,none,PC,9
3,13,PC,none,10
3,13,none,PT,28
3,13,PT,none,29
3,13,none,PT,36
3,13,PT,none,37
3,13,none,PT,51
3,13,PT,none,52
3,13,none,RS,55
3,13,RS,PT,56
3,13,PT,none,57
3,13,none,PT,59
3,13,PT,"PT,RS",67
3,13,"PT,RS",RS,70
3,13,RS,none,73
3,13,none,"PT,RS",75
3,13,"PT,RS",PT,77
3,13,PT,none,79
3,13,none,PT,81
3,13,PT,none,83
3,13,none,PT,86
3,13,PT,none,87
3,13,none,PT,95
3,13,PT,"PT,RS",96
3,13,"PT,RS",PT,97
3,13,PT,none,103
3,13,none,PT,105
3,13,PT,none,108
3,13,none,RS,118
3,13,RS,"PT,RS",119
3,13,"PT,RS",RS,120
3,13,RS,none,124
3,13,none,RS,148
3,13,RS,none,149
3,13,none,RS,163
3,13,RS,HV,164
3,13,HV,"BV,HV",169
3,13,"BV,HV",none,171
3,13,none,HV,173
3,13,HV,"BV,HV",174
3,13,"BV,HV",HV,177
3,13,HV,"BV,HV",180
3,13,"BV,HV",none,184
3,13,none,HV,186
3,13,HV,"BV,HV",197
3,13,"BV,HV",HV,200
3,13,HV,none,206
3,13,none,RCL,218
3,13,RCL,none,219
3,13,none,RS,252
3,13,RS,none,261
3,13,none,RS,264
3,13,RS,none,266
3,13,none,RS,279
3,13,RS,none,309
3,13,none,RS,312
3,13,RS,none,318
3,13,none,RS,331
3,14,RS,none,111
3,14,none,RS,114
3,14,RS,none,118
3,14,none,"HV,RS",155
3,14,"HV,RS","RCL,RS",156
3,14,"RCL,RS","HV,RCL",159
3,14,"HV,RCL",RCL,160
3,14,RCL,"RCL,RS",163
3,14,"RCL,RS","HV,RCL",164
3,14,"HV,RCL",RCL,169
3,14,RCL,"HV,RCL",174
3,14,"HV,RCL","HV,RCL,RS",175
3,14,"HV,RCL,RS","GC,HV,RCL",177
3,14,"GC,HV,RCL","HV,RCL",181
3,14,"HV,RCL","BV,HV,RCL",205
3,14,"BV,HV,RCL","HV,RCL",206
3,14,"HV,RCL",HV,214
3,14,HV,"HV,RS",232
3,14,"HV,RS",RS,255
3,14,RS,none,296
3,14,none,RS,298
3,14,RS,none,299
3,14,none,RS,305
3,14,RS,none,308
3,14,none,RS,316
3,15,PT,none,59
3,15,none,PT,65
3,15,PT,none,70
3,15,none,PT,72
3,15,PT,"PT,RS",73
3,15,"PT,RS",none,74
3,15,none,PT,76
3,15,PT,"PT,RS",78
3,15,"PT,RS",none,81
3,15,none,RS,86
3,15,RS,"PT,RS",87
3,15,"PT,RS",none,91
3,15,none,"PT,RS",93
3,15,"PT,RS","PC,PT,RS",99
3,15,"PC,PT,RS","HV,PC,PT,RS",101
3,15,"HV,PC,PT,RS","HV,PC,RS",108
3,15,"HV,PC,RS","HV,RS",110
3,15,"HV,RS",none,112
3,15,none,RS,116
3,15,RS,none,119
3,15,none,RS,121
3,15,RS,"PT,RS",122
3,15,"PT,RS","HV,RS",123
3,15,"HV,RS",RS,126
3,15,RS,"HV,RCL,RS",135
3,15,"HV,RCL,RS","RCL,RS",137
3,15,"RCL,RS","HV,RCL,RS",139
3,15,"HV,RCL,RS","RCL,RS",145
3,15,"RCL,RS","BV,HV,RCL,RS",147
3,15,"BV,HV,RCL,RS","HV,RCL,RS",152
3,15,"HV,RCL,RS",RCL,153
3,15,RCL,"HV,RCL,RS",158
3,15,"HV,RCL,RS","HV,RCA,RCL,RS",161
3,15,"HV,RCA,RCL,RS","HV,RCL,RS",162
3,15,"HV,RCL,RS","GC,HV,RCL,RS",163
3,15,"GC,HV,RCL,RS","HV,RCL,RS",164
3,15,"HV,RCL,RS","GC,HV,RCL,RS",167
3,15,"GC,HV,RCL,RS","HV,RCL,RS",168
3,15,"HV,RCL,RS","BV,HV,RCL,RS",169
3,15,"BV,HV,RCL,RS","BV,GC,HV,RCL,RS",170
3,15,"BV,GC,HV,RCL,RS","GC,HV,RCL,RS",172
3,15,"GC,HV,RCL,RS","BV,GC,HV,RCL,RS",174
3,15,"BV,GC,HV,RCL,RS","GC,HV,RCL,RS",176
3,15,"GC,HV,RCL,RS","HV,RCL,RS",177
3,15,"HV,RCL,RS","HV,RCL",180
3,15,"HV,RCL","GC,HV,RCL",181
3,15,"GC,HV,RCL",RCL,187
3,15,RCL,"HV,RCL",195
3,15,"HV,RCL","GC,HV,RCL,RS",196
3,15,"GC,HV,RCL,RS","HV,RCL,RS",199
3,15,"HV,RCL,RS","HV,RCL",200
3,15,"HV,RCL",RCL,201
3,15,RCL,"RCL,RS",213
3,15,"RCL,RS",RCL,214
3,15,RCL,"RCL,RS",219
3,15,"RCL,RS",RCL,220
3,15,RCL,none,227
3,15,none,RS,237
3,15,RS,none,238
3,15,none,HV,252
3,15,HV,RS,253
3,15,RS,none,254
3,15,none,RCA,268
3,15,RCA,none,269
3,15,none,RS,275
3,15,RS,none,278
3,15,none,RS,283
3,15,RS,none,284
3,15,none,RS,298
3,16,PT,none,13
3,16,none,PT,21
3,16,PT,none,22
3,16,none,PT,51
3,16,PT,none,52
3,16,none,PT,59
3,16,PT,none,60
3,16,none,RS,69
3,16,RS,none,70
3,16,none,"PT,RS",77
3,16,"PT,RS",PT,79
3,16,PT,RS,83
3,16,RS,"PT,RS",85
3,16,"PT,RS",none,88
3,16,none,PT,95
3,16,PT,"HV,PT,RS",97
3,16,"HV,PT,RS","PT,RS",98
3,16,"PT,RS",RS,99
3,16,RS,"HV,RS",101
3,16,"HV,RS",RS,102
3,16,RS,none,103
3,16,none,HV,118
3,16,HV,none,119
3,16,none,PT,136
3,16,PT,none,137
3,16,none,HV,146
3,16,HV,"HV,RCL",147
3,16,"HV,RCL","GC,HV,RCL,RS",148
3,16,"GC,HV,RCL,RS","RCL,RS",150
3,16,"RCL,RS","HV,RCL,RS",152
3,16,"HV,RCL,RS","HV,RCL",153
3,16,"HV,RCL",RCL,166
3,16,RCL,"HV,RCL",169
3,16,"HV,RCL","GC,HV,RCL,RS",176
3,16,"GC,HV,RCL,RS","GC,HV,RCL",177
3,16,"GC,HV,RCL","HV,RCL",178
3,16,"HV,RCL",RCL,196
3,16,RCL,"HV,RCL",215
3,16,"HV,RCL",RCL,216
3,16,RCL,"HV,RCL",228
3,16,"HV,RCL",RCL,229
3,16,RCL,none,234
3,16,none,RCL,238
3,16,RCL,none,253
3,16,none,RS,258
3,16,RS,"HV,RS",262
3,16,"HV,RS",RS,264
3,16,RS,"HV,RS",266
3,16,"HV,RS",RS,267
3,16,RS,none,279
3,16,none,RS,282
3,16,RS,none,284
3,16,none,RS,287
3,17,RS,"HV,RS",91
3,17,"HV,RS",RS,93
3,17,RS,"RCL,RS",94
3,17,"RCL,RS",RS,95
3,17,RS,none,99
3,17,none,"RCL,RS",103
3,17,"RCL,RS",RS,105
3,17,RS,"RCL,RS",115
3,17,"RCL,RS","HV,PT,RCL,RS",119
3,17,"HV,PT,RCL,RS","PT,RCL,RS",120
3,17,"PT,RCL,RS","RCL,RS",121
3,17,"RCL,RS","HV,RCL,RS",124
3,17,"HV,RCL,RS","RCL,RS",125
3,17,"RCL,RS",RCL,131
3,17,RCL,"RCL,RS",141
3,17,"RCL,RS","HV,RCL,RS",150
3,17,"HV,RCL,RS","RCL,RS",151
3,17,"RCL,RS","HV,RCL,RS",161
3,17,"HV,RCL,RS","HV,RCL",165
3,17,"HV,RCL","HV,RCA,RCL",167
3,17,"HV,RCA,RCL","HV,RCL,RS",168
3,17,"HV,RCL,RS","GC,HV,RCL,RS",174
3,17,"GC,HV,RCL,RS","HV,RCL,RS",176
3,17,"HV,RCL,RS","GC,HV,RCL,RS",178
3,17,"GC,HV,RCL,RS","HV,RCA,RCL,RS",179
3,17,"HV,RCA,RCL,RS","HV,RCL,RS",180
3,17,"HV,RCL,RS","HV,RCL",183
3,17,"HV,RCL","HV,RCA,RCL",198
3,17,"HV,RCA,RCL","HV,RCL",199
3,17,"HV,RCL","HV,RCA,RCL",201
3,17,"HV,RCA,RCL","HV,RCL",202
3,17,"HV,RCL","HV,RCA,RCL",207
3,17,"HV,RCA,RCL","HV,RCL",208
3,17,"HV,RCL",RCL,213
3,17,RCL,"HV,RCL",217
3,17,"HV,RCL",RCL,221
3,17,RCL,none,223
3,17,none,RCL,225
3,17,RCL,"HV,RCL",231
3,17,"HV,RCL","BV,HV,RCL,RS",232
3,17,"BV,HV,RCL,RS","BV,HV,RCA,RCL,RS",233
3,17,"BV,HV,RCA,RCL,RS","HV,RCA,RCL",234
3,17,"HV,RCA,RCL","HV,RCL",236
3,17,"HV,RCL",RCL,237
3,17,RCL,"HV,RCL",241
3,17,"HV,RCL","HV,RCL,RS",242
3,17,"HV,RCL,RS",RCL,243
3,17,RCL,"HV,RCL",246
3,17,"HV,RCL","HV,RCL,RS",247
3,17,"HV,RCL,RS","RCL,RS",249
3,17,"RCL,RS","HV,RCL,RS",252
3,17,"HV,RCL,RS","HV,RCL",254
3,17,"HV,RCL","HV,RCL,RS",256
3,17,"HV,RCL,RS",RCL,261
3,17,RCL,none,265
3,17,none,RS,266
3,17,RS,"HV,RS",267
3,17,"HV,RS",RS,268
3,17,RS,none,273
3,17,none,RS,276
3,17,RS,"RCL,RS",280
3,17,"RCL,RS",RS,281
3,17,RS,none,282
3,17,none,RS,284
3,17,RS,none,286
3,17,none,RS,288
3,17,RS,none,298
3,17,none,RS,301
3,17,RS,none,313
3,17,none,RS,318
3,18,RS,"RCL,RS",116
3,18,"RCL,RS",none,117
3,18,none,RCL,119
3,18,RCL,none,121
3,18,none,HV,123
3,18,HV,none,124
3,18,none,"RCL,RS",135
3,18,"RCL,RS",RCL,136
3,18,RCL,none,142
3,18,none,RCL,152
3,18,RCL,"HV,RCL",164
3,18,"HV,RCL",RCL,165
3,18,RCL,"HV,RCL",167
3,18,"HV,RCL",RCL,169
3,18,RCL,"HV,RCL",202
3,18,"HV,RCL",RCL,203
3,18,RCL,"HV,RCL",239
3,18,"HV,RCL",RCL,240
3,18,RCL,"RCL,RS",267
3,18,"RCL,RS",RCL,268
3,18,RCL,"HV,RCL",272
3,18,"HV,RCL",none,273
3,18,none,RCL,275
3,18,RCL,none,276
3,18,none,RS,279
3,18,RS,"RCL,RS",280
3,18,"RCL,RS",RCL,289
3,18,RCL,none,291
3,18,none,RS,293
3,18,RS,"RCL,RS",294
3,18,"RCL,RS",RS,295
3,18,RS,none,296
3,18,none,RS,299
3,18,RS,none,300
3,18,none,RS,320
3,19,RS,none,36
3,19,none,RS,59
3,19,RS,none,66
3,19,none,RS,68
3,19,RS,none,87
3,19,none,"RCL,RS",93
3,19,"RCL,RS",none,94
3,19,none,RCL,109
3,19,RCL,"RCL,RS",110
3,19,"RCL,RS",none,111
3,19,none,RCL,114
3,19,RCL,"RCL,RS",115
3,19,"RCL,RS",none,116
3,19,none,RCL,120
3,19,RCL,none,123
3,19,none,RS,125
3,19,RS,"RCL,RS",126
3,19,"RCL,RS",RCL,130
3,19,RCL,"HV,RCL",142
3,19,"HV,RCL","BW,HV,RCL",153
3,19,"BW,HV,RCL","HV,RCL",154
3,19,"HV,RCL","BV,BW,GC,HV,RCL",166
3,19,"BV,BW,GC,HV,RCL","GC,HV,RCL",167
3,19,"GC,HV,RCL",RCL,174
3,19,RCL,"GC,HV,RCL",179
3,19,"GC,HV,RCL","HV,RCL",188
3,19,"HV,RCL","GC,HV,RCL",195
3,19,"GC,HV,RCL","HV,RCL",199
3,19,"HV,RCL",RCL,227
3,19,RCL,none,274
3,19,none,RS,280
3,19,RS,none,281
3,19,none,RS,289
3,20,RS,none,43
3,20,none,HV,105
3,20,HV,none,106
3,20,none,"RCL,RS",110
3,20,"RCL,RS",RS,111
3,20,RS,none,112
3,20,none,RCL,125
3,20,RCL,none,126
3,20,none,RCL,128
3,20,RCL,none,131
3,20,none,RCL,139
3,20,RCL,none,143
3,20,none,HV,144
3,20,HV,"HV,RCL",145
3,20,"HV,RCL",RCL,146
3,20,RCL,"HV,RCL",172
3,20,"HV,RCL",RCL,174
3,20,RCL,"HV,RCL",204
3,20,"HV,RCL",RCL,205
3,20,RCL,"HV,RCL",222
3,20,"HV,RCL",RCL,223
3,20,RCL,"HV,RCL",231
3,20,"HV,RCL",RCL,232
3,20,RCL,"RCL,RS",251
3,20,"RCL,RS",RCL,252
3,20,RCL,"RCL,RS",256
3,20,"RCL,RS",RCL,259
3,20,RCL,"RCL,RS",269
3,20,"RCL,RS",RCL,278
3,20,RCL,RS,280
3,20,RS,none,283
3,20,none,RS,285
3,20,RS,none,289
3,20,none,RS,293
3,20,RS,none,294
3,20,none,RS,297
3,20,RS,none,298
3,20,none,RS,305
3,21,RS,none,2
3,21,none,RS,8
3,21,RS,none,9
3,21,none,RS,32
3,21,RS,none,34
3,21,none,RS,45
3,21,RS,none,46
3,21,none,RS,48
3,21,RS,none,54
3,21,none,RS,56
3,21,RS,none,57
3,21,none,PT,80
3,21,PT,"PT,RS",82
3,21,"PT,RS",RS,97
3,21,RS,"PT,RS",100
3,21,"PT,RS",RS,103
3,21,RS,none,124
3,21,none,RS,126
3,21,RS,none,127
3,21,none,RS,130
3,21,RS,none,131
3,21,none,RCL,140
3,21,RCL,"HV,RCL,RS",147
3,21,"HV,RCL,RS","RCL,RS",151
3,21,"RCL,RS",RCL,153
3,21,RCL,"HV,RCL",156
3,21,"HV,RCL","GC,HV,RCL,RS",157
3,21,"GC,HV,RCL,RS","HV,RCL,RS",158
3,21,"HV,RCL,RS","RCL,RS",159
3,21,"RCL,RS","GC,RCL,RS",160
3,21,"GC,RCL,RS","RCL,RS",161
3,21,"RCL,RS","HV,RCL,RS",162
3,21,"HV,RCL,RS","RCL,RS",163
3,21,"RCL,RS","HV,RCL,RS",165
3,21,"HV,RCL,RS","GC,HV,RCL,RS",167
3,21,"GC,HV,RCL,RS","GC,HV,RCL",188
3,21,"GC,HV,RCL","GC,RCL",192
3,21,"GC,RCL",RCL,195
3,21,RCL,"HV,RCL",206
3,21,"HV,RCL",RCL,207
3,21,RCL,"GC,RCL",222
3,21,"GC,RCL",RCL,223
3,21,RCL,"HV,RCL",241
3,21,"HV,RCL",RCL,243
3,21,RCL,"RCL,RS",266
3,21,"RCL,RS",RS,277
3,21,RS,none,279
3,21,none,RCL,280
3,21,RCL,RS,281
3,21,RS,none,285
3,21,none,RS,289
3,21,RS,none,291
3,21,none,RS,324
3,22,RS,none,36
3,22,none,PT,73
3,22,PT,none,75
3,22,none,PT,84
3,22,PT,none,85
3,22,none,"PT,RS",100
3,22,"PT,RS","PT,RP,RS",103
3,22,"PT,RP,RS","RP,RS",104
3,22,"RP,RS",RS,105
3,22,RS,"RP,RS",107
3,22,"RP,RS",RS,108
3,22,RS,"RP,RS",111
3,22,"RP,RS",RP,112
3,22,RP,none,116
3,22,none,RCL,121
3,22,RCL,none,122
3,22,none,RCL,124
3,22,RCL,none,125
3,22,none,RCL,133
3,22,RCL,none,134
3,22,none,RCL,140
3,22,RCL,none,141
3,22,none,RCL,143
3,22,RCL,none,183
3,22,none,RCL,187
3,22,RCL,none,209
3,22,none,RCL,211
3,22,RCL,none,224
3,22,none,RCL,226
3,22,RCL,none,228
3,22,none,RCL,234
3,22,RCL,none,238
3,22,none,RCL,241
3,22,RCL,"GC,RCL",257
3,22,"GC,RCL",RCL,259
3,22,RCL,none,281
3,22,none,RS,288
3,22,RS,none,289
3,22,none,RS,293
3,22,RS,none,294
3,22,none,RS,312
3,22,RS,none,313
3,22,none,RCL,318
3,23,PT,"PT,RS",29
3,23,"PT,RS",RS,30
3,23,RS,none,31
3,23,none,PT,52
3,23,PT,none,53
3,23,none,RS,56
3,23,RS,none,57
3,23,none,RS,63
3,23,RS,none,68
3,23,none,PT,73
3,23,PT,none,74
3,23,none,RCL,75
3,23,RCL,none,76
3,23,none,PT,77
3,23,PT,none,81
3,23,none,RS,84
3,23,RS,none,85
3,23,none,RCL,87
3,23,RCL,RS,88
3,23,RS,none,98
3,23,none,RS,108
3,23,RS,none,109
3,23,none,RCL,113
3,23,RCL,none,114
3,23,none,RCL,117
3,23,RCL,none,121
3,23,none,PT,123
3,23,PT,RCL,124
3,23,RCL,"RCL,RS",125
3,23,"RCL,RS",RCL,130
3,23,RCL,"HV,RCL",145
3,23,"HV,RCL",RCL,154
3,23,RCL,"HV,RCL",157
3,23,"HV,RCL","GC,HV,RCL,RS",158
3,23,"GC,HV,RCL,RS","HV,RCL,RS",163
3,23,"HV,RCL,RS","HV,RCL",165
3,23,"HV,RCL","GC,HV,RCL",166
3,23,"GC,HV,RCL",RCL,167
3,23,RCL,"HV,RCL",169
3,23,"HV,RCL",RCL,170
3,23,RCL,"HV,RCL",172
3,23,"HV,RCL","GC,HV,RCL",184
3,23,"GC,HV,RCL","BV,GC,HV,RCL,RS",189
3,23,"BV,GC,HV,RCL,RS","GC,HV,RCL,RS",190
3,23,"GC,HV,RCL,RS","GC,HV,RCL",193
3,23,"GC,HV,RCL","GC,HV,RCL,RS",195
3,23,"GC,HV,RCL,RS","GC,HV,RCL",197
3,23,"GC,HV,RCL","HV,RCL",198
3,23,"HV,RCL",RCL,209
3,23,RCL,none,235
3,23,none,RCL,240
3,23,RCL,none,244
3,23,none,RCL,252
3,23,RCL,none,253
3,23,none,RS,268
3,23,RS,none,269
3,23,none,"RCL,RS",280
3,23,"RCL,RS",none,281
3,23,none,RS,289
3,23,RS,none,291
3,23,none,RS,295
3,23,RS,none,303
3,23,none,RS,305
3,23,RS,none,308
3,23,none,RS,327
3,24,PT,none,52
3,24,none,RS,61
3,24,RS,none,62
3,24,none,RS,64
3,24,RS,none,75
3,24,none,RCL,85
3,24,RCL,none,86
3,24,none,RCL,90
3,24,RCL,RS,93
3,24,RS,none,95
3,24,none,RS,104
3,24,RS,none,105
3,24,none,RS,109
3,24,RS,RCL,110
3,24,RCL,none,111
3,24,none,RS,112
3,24,RS,none,113
3,24,none,RCL,117
3,24,RCL,RS,118
3,24,RS,none,119
3,24,none,RS,123
3,24,RS,none,124
3,24,none,RCL,127
3,24,RCL,"RCL,RS",128
3,24,"RCL,RS","HV,RCL,RS",132
3,24,"HV,RCL,RS","RCL,RS",134
3,24,"RCL,RS","RCA,RCL,RS",135
3,24,"RCA,RCL,RS","HV,RCL",136
3,24,"HV,RCL",RCL,137
3,24,RCL,"HV,RCL",142
3,24,"HV,RCL",RCL,143
3,24,RCL,"HV,RCL",146
3,24,"HV,RCL","HV,RCL,RS",147
3,24,"HV,RCL,RS","HV,RCA,RCL,RS",148
3,24,"HV,RCA,RCL,RS","HV,RCL,RS",151
3,24,"HV,RCL,RS","GC,HV,RCL,RS",152
3,24,"GC,HV,RCL,RS","BW,GC,HV,RCL,RS",153
3,24,"BW,GC,HV,RCL,RS","BW,GC,HV,RCA,RCL,RS",154
3,24,"BW,GC,HV,RCA,RCL,RS","BW,GC,HV,RCA,RCL",155
3,24,"BW,GC,HV,RCA,RCL","GC,HV,RCL",156
3,24,"GC,HV,RCL",RCL,157
3,24,RCL,"HV,RCL",160
3,24,"HV,RCL","HV,RCA,RCL",162
3,24,"HV,RCA,RCL","GC,HV,RCL",165
3,24,"GC,HV,RCL","GC,RCL",168
3,24,"GC,RCL","RCA,RCL",170
3,24,"RCA,RCL",RCL,172
3,24,RCL,"RCA,RCL",174
3,24,"RCA,RCL",RCL,175
3,24,RCL,"GC,HV,RCL",177
3,24,"GC,HV,RCL","GC,HV,RCA,RCL",180
3,24,"GC,HV,RCA,RCL","GC,HV,RCL,RS",183
3,24,"GC,HV,RCL,RS","GC,HV,RCA,RCL,RS",185
3,24,"GC,HV,RCA,RCL,RS","GC,HV,RCL,RS",186
3,24,"GC,HV,RCL,RS","GC,HV,RCL",187
3,24,"GC,HV,RCL","HV,RCL",188
3,24,"HV,RCL",RCL,190
3,24,RCL,none,192
3,24,none,RCL,197
3,24,RCL,none,198
3,24,none,RCL,200
3,24,RCL,"RCA,RCL",202
3,24,"RCA,RCL",RCL,203
3,24,RCL,"RCA,RCL",207
3,24,"RCA,RCL",RCL,208
3,24,RCL,"RCA,RCL",214
3,24,"RCA,RCL","HV,RCA,RCL",217
3,24,"HV,RCA,RCL","GC,HV,RCA,RCL",218
3,24,"GC,HV,RCA,RCL","RCA,RCL,RS",220
3,24,"RCA,RCL,RS","RCA,RCL",221
3,24,"RCA,RCL","HV,RCA,RCL",222
3,24,"HV,RCA,RCL","RCA,RCL",223
3,24,"RCA,RCL","HV,RCA,RCL",227
3,24,"HV,RCA,RCL","RCA,RCL",229
3,24,"RCA,RCL","AC,RCA,RCL",230
3,24,"AC,RCA,RCL",RCA,231
3,24,RCA,"HV,RCA",232
3,24,"HV,RCA","HV,RCA,RCL",233
3,24,"HV,RCA,RCL","HV,RCA,RCL,RS",235
3,24,"HV,RCA,RCL,RS","HV,RCA,RCL",236
3,24,"HV,RCA,RCL","HV,RCL",238
3,24,"HV,RCL",RCL,239
3,24,RCL,"RCL,RS",241
3,24,"RCL,RS",RCL,242
3,24,RCL,"RCL,RS",245
3,24,"RCL,RS",RCL,246
3,24,RCL,"RCL,RS",256
3,24,"RCL,RS",RCL,257
3,24,RCL,none,265
3,24,none,RS,272
3,24,RS,none,273
3,24,none,RS,276
3,24,RS,none,278
3,24,none,RCL,286
3,24,RCL,none,287
3,24,none,RS,288
3,24,RS,none,289
3,24,none,RS,341
4,1,PC,none,2
4,1,none,RS,54
4,1,RS,PT,55
4,1,PT,"PT,RS",57
4,1,"PT,RS",none,58
4,1,none,PC,62
4,1,PC,"PC,RS",63
4,1,"PC,RS",PC,64
4,1,PC,"PC,PT,RS",66
4,1,"PC,PT,RS",none,67
4,1,none,RS,70
4,1,RS,"PC,RS",77
4,1,"PC,RS","PC,PT,RS",79
4,1,"PC,PT,RS","PT,RS",80
4,1,"PT,RS","PC,RS",82
4,1,"PC,RS",RS,102
4,1,RS,none,103
4,1,none,PC,105
4,1,PC,RS,110
4,1,RS,none,111
4,1,none,RS,114
4,1,RS,none,115
4,1,none,RS,117
4,1,RS,"HV,RS",118
4,1,"HV,RS",RS,121
4,1,RS,HV,124
4,1,HV,none,125
4,1,none,HV,131
4,1,HV,none,132
4,1,none,HV,156
4,1,HV,"BW,HV",158
4,1,"BW,HV",none,162
4,1,none,HV,166
4,1,HV,none,168
4,1,none,HV,173
4,1,HV,"HC,HV",175
4,1,"HC,HV",none,176
4,1,none,"HC,HV",183
4,1,"HC,HV","BW,HC,HV,RS",184
4,1,"BW,HC,HV,RS","BW,HV,RS",188
4,1,"BW,HV,RS","BW,HC,HV,RS",191
4,1,"BW,HC,HV,RS","HC,HV,RS",192
4,1,"HC,HV,RS","HV,RS",194
4,1,"HV,RS",HV,196
4,1,HV,none,200
4,1,none,HV,211
4,1,HV,none,215
4,1,none,HV,223
4,1,HV,none,225
4,1,none,HV,256
4,1,HV,none,258
4,1,none,HV,269
4,1,HV,"HV,RS",270
4,1,"HV,RS",RS,274
4,1,RS,none,288
4,1,none,RS,290
4,1,RS,none,303
4,1,none,RS,310
4,1,RS,none,320
4,1,none,RS,324
4,1,RS,none,325
4,1,none,RS,331
4,1,RS,none,332
4,1,none,RS,334
4,2,PC,none,4
4,2,none,RS,8
4,2,RS,none,16
4,2,none,RS,18
4,2,RS,none,19
4,2,none,HV,36
4,2,HV,none,40
4,2,none,HV,43
4,2,HV,none,45
4,2,none,HV,50
4,2,HV,none,51
4,2,none,PC,54
4,2,PC,none,59
4,2,none,PC,61
4,2,PC,none,64
4,2,none,PC,66
4,2,PC,none,68
4,2,none,PC,71
4,2,PC,"PC,RS",75
4,2,"PC,RS",PC,76
4,2,PC,"PC,RS",78
4,2,"PC,RS",none,80
4,2,none,"PC,RS",82
4,2,"PC,RS",none,83
4,2,none,RS,87
4,2,RS,none,88
4,2,none,RS,99
4,2,RS,none,100
4,2,none,RS,103
4,2,RS,none,109
4,2,none,RS,116
4,2,RS,"HV,RS",118
4,2,"HV,RS","BW,HV,RS",119
4,2,"BW,HV,RS",none,120
4,2,none,"BW,HV",125
4,2,"BW,HV","BW,HV,RS",126
4,2,"BW,HV,RS","HV,RS",129
4,2,"HV,RS",RS,130
4,2,RS,"BW,RS",131
4,2,"BW,RS","BW,HV,RS",133
4,2,"BW,HV,RS",none,142
4,2,none,"BV,BW,HV",144
4,2,"BV,BW,HV",HV,148
4,2,HV,none,149
4,2,none,HV,152
4,2,HV,none,153
4,2,none,BW,155
4,2,BW,none,158
4,2,none,"BV,BW,HV",175
4,2,"BV,BW,HV","BW,HV",177
4,2,"BW,HV",HV,178
4,2,HV,none,180
4,2,none,HV,192
4,2,HV,none,195
4,2,none,HV,198
4,2,HV,none,200
4,2,none,HV,202
4,2,HV,"HV,RCL",207
4,2,"HV,RCL",RCL,209
4,2,RCL,none,210
4,2,none,HV,233
4,2,HV,none,234
4,2,none,HV,236
4,2,HV,none,239
4,2,none,RS,312
4,2,RS,none,313
4,2,none,RS,320
4,2,RS,none,324
4,2,none,RS,330
4,2,RS,none,333
4,2,none,RS,336
4,2,RS,none,339
4,2,none,RS,342
4,3,RS,none,27
4,3,none,RS,32
4,3,RS,none,37
4,3,none,RS,42
4,3,RS,none,43
4,3,none,RS,47
4,3,RS,none,51
4,3,none,RS,54
4,3,RS,"PC,RS",57
4,3,"PC,RS",RS,60
4,3,RS,none,62
4,3,none,RS,64
4,3,RS,none,65
4,3,none,RS,70
4,3,RS,none,73
4,3,none,RS,78
4,3,RS,none,83
4,3,none,PC,87
4,3,PC,"PC,RS",94
4,3,"PC,RS",PC,96
4,3,PC,none,106
4,3,none,HV,123
4,3,HV,none,125
4,3,none,HV,129
4,3,HV,none,130
4,3,none,HV,135
4,3,HV,none,136
4,3,none,"BW,HV",149
4,3,"BW,HV","BV,BW,HV",150
4,3,"BV,BW,HV","BW,HV",151
4,3,"BW,HV","BV,BW,HV",153
4,3,"BV,BW,HV","BW,HV",154
4,3,"BW,HV",HV,156
4,3,HV,none,157
4,3,none,HV,160
4,3,HV,"BV,HV",161
4,3,"BV,HV","BV,BW,HV",163
4,3,"BV,BW,HV","BW,HV,RCL",164
4,3,"BW,HV,RCL","BW,HV",166
4,3,"BW,HV",none,167
4,3,none,HV,187
4,3,HV,"BV,HV",188
4,3,"BV,HV","BV,BW,HV,RCL",189
4,3,"BV,BW,HV,RCL","BW,HV,RCL",191
4,3,"BW,HV,RCL","HV,RCL",192
4,3,"HV,RCL",HV,203
4,3,HV,"HV,RCL",205
4,3,"HV,RCL",HV,206
4,3,HV,none,209
4,3,none,HV,213
4,3,HV,"HV,RCL",216
4,3,"HV,RCL",RCL,217
4,3,RCL,"HV,RCL",219
4,3,"HV,RCL",RCL,233
4,3,RCL,"HV,RCL",235
4,3,"HV,RCL",HV,236
4,3,HV,none,249
4,3,none,HV,260
4,3,HV,none,264
4,3,none,HV,266
4,3,HV,none,267
4,3,none,RS,273
4,3,RS,none,279
4,3,none,RS,281
4,3,RS,none,285
4,3,none,RS,292
4,3,RS,none,293
4,3,none,GC,296
4,3,GC,none,302
4,3,none,GC,307
4,3,GC,none,308
4,3,none,GC,310
4,3,GC,none,311
4,3,none,RS,348
4,3,RS,none,351
4,3,none,RS,353
4,4,RS,none,57
4,4,none,RS,59
4,4,RS,"PC,RS",60
4,4,"PC,RS",RS,61
4,4,RS,none,63
4,4,none,"PC,RS",67
4,4,"PC,RS",PC,70
4,4,PC,none,71
4,4,none,"PC,RS",73
4,4,"PC,RS",PC,79
4,4,PC,"PC,RS",81
4,4,"PC,RS","PC,RP,RS",88
4,4,"PC,RP,RS",PC,90
4,4,PC,"PC,RS",92
4,4,"PC,RS",PC,95
4,4,PC,"PC,RS",101
4,4,"PC,RS",RS,103
4,4,RS,"HV,RS",104
4,4,"HV,RS",HV,105
4,4,HV,none,108
4,4,none,RS,114
4,4,RS,"HV,RS",116
4,4,"HV,RS",RS,122
4,4,RS,"HV,RS",127
4,4,"HV,RS",RS,128
4,4,RS,HV,133
4,4,HV,BW,136
4,4,BW,none,137
4,4,none,HV,139
4,4,HV,"BW,HV",140
4,4,"BW,HV",BW,141
4,4,BW,"BW,HV,RS",143
4,4,"BW,HV,RS",HV,145
4,4,HV,"BW,HV,RS",147
4,4,"BW,HV,RS","HV,RS",149
4,4,"HV,RS","BW,HV,RS",151
4,4,"BW,HV,RS","HV,RS",157
4,4,"HV,RS","BV,GC,HV,RS",159
4,4,"BV,GC,HV,RS","BV,HV,RS",160
4,4,"BV,HV,RS","HV,RS",162
4,4,"HV,RS","HC,HV,RS",166
4,4,"HC,HV,RS",HV,168
4,4,HV,"HV,RS",188
4,4,"HV,RS",HV,189
4,4,HV,none,190
4,4,none,HV,199
4,4,HV,"HV,RCL",202
4,4,"HV,RCL",RCL,204
4,4,RCL,"HV,RCL,RS",206
4,4,"HV,RCL,RS",HV,210
4,4,HV,"HV,RCL",237
4,4,"HV,RCL",HV,240
4,4,HV,none,247
4,4,none,"HV,RCL",259
4,4,"HV,RCL",none,260
4,4,none,RS,303
4,4,RS,none,304
4,4,none,RS,309
4,4,RS,none,311
4,4,none,RS,331
4,4,RS,none,332
4,4,none,RS,334
4,4,RS,none,339
4,4,none,RS,350
4,4,RS,none,352
4,4,none,RS,359
4,4,RS,none,360
4,4,none,RS,363
4,5,PC,none,28
4,5,none,PC,55
4,5,PC,"PC,RS",66
4,5,"PC,RS",none,74
4,5,none,RS,78
4,5,RS,"PC,RS",81
4,5,"PC,RS",PC,92
4,5,PC,none,93
4,5,none,RS,106
4,5,RS,none,107
4,5,none,RCL,108
4,5,RCL,none,109
4,5,none,RCL,111
4,5,RCL,none,112
4,5,none,RCL,116
4,5,RCL,"HV,RCL",146
4,5,"HV,RCL",RCL,147
4,5,RCL,none,153
4,5,none,HV,186
4,5,HV,none,187
4,5,none,RCL,211
4,5,RCL,none,212
4,5,none,RCL,216
4,5,RCL,"HV,RCL",225
4,5,"HV,RCL",none,226
4,5,none,RCL,228
4,5,RCL,none,244
4,5,none,HV,248
4,5,HV,RCL,250
4,5,RCL,"HV,RCL",253
4,5,"HV,RCL",RCL,256
4,5,RCL,none,257
4,5,none,"HV,RCL",261
4,5,"HV,RCL",RCL,262
4,5,RCL,none,263
4,5,none,HV,267
4,5,HV,none,268
4,5,none,RS,289
4,5,RS,none,290
4,5,none,RS,295
4,6,PC,none,57
4,6,none,PC,59
4,6,PC,none,62
4,6,none,PC,68
4,6,PC,none,74
4,6,none,PC,83
4,6,PC,none,89
4,6,none,PC,92
4,6,PC,none,93
4,6,none,PC,106
4,6,PC,none,110
4,6,none,PC,112
4,6,PC,"HV,PC",116
4,6,"HV,PC",HV,118
4,6,HV,none,125
4,6,none,HV,129
4,6,HV,none,130
4,6,none,HC,131
4,6,HC,HV,132
4,6,HV,none,136
4,6,none,HV,138
4,6,HV,none,142
4,6,none,RCL,146
4,6,RCL,"HV,RCL",148
4,6,"HV,RCL",RCL,149
4,6,RCL,"HV,RCL",153
4,6,"HV,RCL",RCL,157
4,6,RCL,"HV,RCL",161
4,6,"HV,RCL",RCL,162
4,6,RCL,none,171
4,6,none,HV,175
4,6,HV,none,176
4,6,none,RCA,181
4,6,RCA,none,182
4,6,none,RCA,187
4,6,RCA,none,188
4,6,none,HV,195
4,6,HV,none,198
4,6,none,"HV,RCL",217
4,6,"HV,RCL",RCL,219
4,6,RCL,none,220
4,6,none,"HV,RCL",235
4,6,"HV,RCL",RCL,236
4,6,RCL,none,241
4,6,none,HV,246
4,6,HV,none,247
4,6,none,HV,261
4,6,HV,none,262
4,6,none,HV,267
4,6,HV,RS,268
4,6,RS,none,269
4,6,none,RS,288
4,6,RS,none,300
4,6,none,RS,302
4,6,RS,none,303
4,6,none,RS,311
4,6,RS,none,320
4,6,none,RS,326
4,7,PC,none,21
4,7,none,PC,23
4,7,PC,none,24
4,7,none,PC,26
4,7,PC,none,27
4,7,none,PC,30
4,7,PC,none,31
4,7,none,PC,45
4,7,PC,"PC,RS",48
4,7,"PC,RS",PC,49
4,7,PC,"PC,RS",51
4,7,"PC,RS",PC,52
4,7,PC,none,54
4,7,none,"PC,RS",56
4,7,"PC,RS",PC,57
4,7,PC,none,58
4,7,none,"PC,RS",62
4,7,"PC,RS",PC,63
4,7,PC,none,67
4,7,none,PC,70
4,7,PC,none,71
4,7,none,PC,76
4,7,PC,none,87
4,7,none,PC,98
4,7,PC,"PC,RCL",101
4,7,"PC,RCL",none,102
4,7,none,RCL,105
4,7,RCL,"HV,RCL",107
4,7,"HV,RCL","BV,HV,RCL",113
4,7,"BV,HV,RCL",RCL,115
4,7,RCL,"HV,RCL",119
4,7,"HV,RCL",none,121
4,7,none,RCL,127
4,7,RCL,"HV,RCL",130
4,7,"HV,RCL",RCL,131
4,7,RCL,"HV,RCL",138
4,7,"HV,RCL",RCL,139
4,7,RCL,HV,142
4,7,HV,none,143
4,7,none,RCL,144
4,7,RCL,"HV,RCL",145
4,7,"HV,RCL",RCL,146
4,7,RCL,"HV,RCL",148
4,7,"HV,RCL",RCL,155
4,7,RCL,"HV,RCL",157
4,7,"HV,RCL",RCL,163
4,7,RCL,"HV,RCL",170
4,7,"HV,RCL",RCL,173
4,7,RCL,"HV,RCL",176
4,7,"HV,RCL",RCL,179
4,7,RCL,"HV,RCL",181
4,7,"HV,RCL",RCL,186
4,7,RCL,"HV,RCL",192
4,7,"HV,RCL",HV,194
4,7,HV,"HV,RCL",196
4,7,"HV,RCL",HV,209
4,7,HV,"HV,RCL",211
4,7,"HV,RCL","BV,HV,RCL",215
4,7,"BV,HV,RCL","HV,RCL",216
4,7,"HV,RCL",HV,217
4,7,HV,"BV,HV",218
4,7,"BV,HV",HV,220
4,7,HV,"HV,RS",222
4,7,"HV,RS","BV,HV,RS",229
4,7,"BV,HV,RS","HV,RS",230
4,7,"HV,RS",HV,233
4,7,HV,"BV,HV",240
4,7,"BV,HV","BV,HV,RCL",241
4,7,"BV,HV,RCL","HV,RCL",242
4,7,"HV,RCL",HV,247
4,7,HV,none,259
4,7,none,RS,266
4,7,RS,none,267
4,7,none,RS,272
4,7,RS,none,284
4,7,none,RS,290
4,7,RS,none,291
4,7,none,RS,293
4,7,RS,none,295
4,7,none,RS,297
4,8,PC,none,33
4,8,none,PC,43
4,8,PC,none,44
4,8,none,PC,49
4,8,PC,none,50
4,8,none,PC,53
4,8,PC,none,58
4,8,none,PC,63
4,8,PC,"PC,PT",74
4,8,"PC,PT",PC,76
4,8,PC,none,84
4,8,none,PC,86
4,8,PC,none,100
4,8,none,"HV,RCL",113
4,8,"HV,RCL",HV,116
4,8,HV,none,119
4,8,none,HV,124
4,8,HV,none,127
4,8,none,"BV,HV",139
4,8,"BV,HV",HV,141
4,8,HV,none,142
4,8,none,HV,148
4,8,HV,none,159
4,8,none,RCL,160
4,8,RCL,HV,161
4,8,HV,"BV,HV,RCL",163
4,8,"BV,HV,RCL",none,164
4,8,none,RCL,166
4,8,RCL,"BV,RCL",170
4,8,"BV,RCL","HV,RCL",171
4,8,"HV,RCL",RCL,173
4,8,RCL,"HC,HV,RCL",193
4,8,"HC,HV,RCL","HC,HV",194
4,8,"HC,HV",none,195
4,8,none,RCL,196
4,8,RCL,HC,198
4,8,HC,none,200
4,8,none,"HC,HV",204
4,8,"HC,HV","HC,RCL",206
4,8,"HC,RCL",none,207
4,8,none,RCL,211
4,8,RCL,none,215
4,8,none,RCL,217
4,8,RCL,HC,220
4,8,HC,none,221
4,8,none,RCL,223
4,8,RCL,none,225
4,8,none,RCL,238
4,8,RCL,none,240
4,8,none,HV,243
4,8,HV,"HV,RCL",244
4,8,"HV,RCL",none,246
4,8,none,"HV,RCL",252
4,8,"HV,RCL",RCL,253
4,8,RCL,"HV,RCL",257
4,8,"HV,RCL","HV,RCL,RS",258
4,8,"HV,RCL,RS","RCL,RS",264
4,8,"RCL,RS","HV,RCL,RS",266
4,8,"HV,RCL,RS","RCL,RS",267
4,8,"RCL,RS",RS,269
4,8,RS,none,271
4,8,none,RCL,272
4,8,RCL,"RCL,RS",273
4,8,"RCL,RS",RS,274
4,8,RS,none,277
4,8,none,RS,284
4,8,RS,none,286
4,8,none,RS,332
4,8,RS,none,333
4,8,none,RS,336
4,9,PC,none,55
4,9,none,PC,59
4,9,PC,none,74
4,9,none,PC,79
4,9,PC,none,86
4,9,none,PC,90
4,9,PC,none,92
4,9,none,PC,94
4,9,PC,none,95
4,9,none,PC,97
4,9,PC,"PC,PT",100
4,9,"PC,PT",PC,102
4,9,PC,none,107
4,9,none,PC,110
4,9,PC,"HC,PC",112
4,9,"HC,PC",PC,113
4,9,PC,none,114
4,9,none,"PC,PT",116
4,9,"PC,PT",PC,117
4,9,PC,none,122
4,9,none,PC,129
4,9,PC,none,130
4,9,none,PC,132
4,9,PC,"HV,PC",135
4,9,"HV,PC","HV,RCL",136
4,9,"HV,RCL",RCL,141
4,9,RCL,none,143
4,9,none,HV,144
4,9,HV,"HC,HV,RCL",149
4,9,"HC,HV,RCL","HV,RCL",150
4,9,"HV,RCL",RCL,155
4,9,RCL,none,156
4,9,none,HV,157
4,9,HV,RCL,160
4,9,RCL,"HV,RCL",170
4,9,"HV,RCL",RCL,174
4,9,RCL,none,185
4,9,none,RCL,187
4,9,RCL,none,188
4,9,none,RCL,192
4,9,RCL,none,193
4,9,none,HV,202
4,9,HV,none,203
4,9,none,HV,205
4,9,HV,none,206
4,9,none,HV,234
4,9,HV,none,236
4,9,none,HV,238
4,9,HV,none,240
4,9,none,"HV,RCL",267
4,9,"HV,RCL",none,269
4,9,none,RCL,271
4,9,RCL,"RCL,RS",274
4,9,"RCL,RS",RCL,275
4,9,RCL,"HV,RCL",276
4,9,"HV,RCL","RCL,RS",277
4,9,"RCL,RS",RCL,278
4,9,RCL,"RCL,RS",281
4,9,"RCL,RS",RCL,282
4,9,RCL,"HV,RCL",283
4,9,"HV,RCL","RCL,RS",284
4,9,"RCL,RS",RCL,288
4,9,RCL,HV,289
4,9,HV,none,290
4,9,none,RS,302
4,9,RS,none,303
4,9,none,RS,310
4,9,RS,none,312
4,9,none,RS,314
4,9,RS,none,316
4,9,none,RCL,332
4,9,RCL,none,333
4,9,none,RCL,336
4,9,RCL,none,342
4,9,none,RCL,344
4,9,RCL,none,345
4,9,none,PC,354
4,10,PT,none,28
4,10,none,PT,66
4,10,PT,none,67
4,10,none,PC,77
4,10,PC,none,79
4,10,none,PC,87
4,10,PC,none,88
4,10,none,PC,90
4,10,PC,none,97
4,10,none,RS,101
4,10,RS,PC,102
4,10,PC,none,107
4,10,none,PC,110
4,10,PC,none,111
4,10,none,HV,117
4,10,HV,"HV,RCL",118
4,10,"HV,RCL",RCL,119
4,10,RCL,"HV,RCL",124
4,10,"HV,RCL",RCL,125
4,10,RCL,"HV,RCL",128
4,10,"HV,RCL",RCL,129
4,10,RCL,none,150
4,10,none,HV,157
4,10,HV,"BV,HV",162
4,10,"BV,HV",HV,163
4,10,HV,"HV,RCL",164
4,10,"HV,RCL",HV,166
4,10,HV,none,170
4,10,none,HV,179
4,10,HV,"HV,RCL",180
4,10,"HV,RCL",HV,182
4,10,HV,none,183
4,10,none,HV,186
4,10,HV,"GC,HV",187
4,10,"GC,HV","GC,RCL",188
4,10,"GC,RCL",RCL,189
4,10,RCL,none,197
4,10,none,"HV,RCL",208
4,10,"HV,RCL",RCL,212
4,10,RCL,"HV,RCL",215
4,10,"HV,RCL","BW,HC,HV,RCL",216
4,10,"BW,HC,HV,RCL","HC,RCL",217
4,10,"HC,RCL","BV,HC,RCL",218
4,10,"BV,HC,RCL","HC,RCL",219
4,10,"HC,RCL","HC,HV,RCL",221
4,10,"HC,HV,RCL",HV,222
4,10,HV,none,223
4,10,none,BV,224
4,10,BV,"BV,HV",225
4,10,"BV,HV","BV,HV,RCL",226
4,10,"BV,HV,RCL","HV,RCL",228
4,10,"HV,RCL",RCL,230
4,10,RCL,"BV,HV,RCL",234
4,10,"BV,HV,RCL",RCL,237
4,10,RCL,"HC,RCL,RS",255
4,10,"HC,RCL,RS","RCL,RS",259
4,10,"RCL,RS",RCL,260
4,10,RCL,"HV,RCL,RS",269
4,10,"HV,RCL,RS","RCL,RS",270
4,10,"RCL,RS","HV,RCL,RS",272
4,10,"HV,RCL,RS","RCL,RS",274
4,10,"RCL,RS","HV,RCL,RS",276
4,10,"HV,RCL,RS","RCL,RS",277
4,10,"RCL,RS",RS,287
4,10,RS,none,297
4,10,none,RS,299
4,10,RS,none,304
4,10,none,RS,312
4,10,RS,none,315
4,10,none,RS,317
4,11,RS,none,57
4,11,none,PC,89
4,11,PC,none,90
4,11,none,PC,93
4,11,PC,none,100
4,11,none,PC,102
4,11,PC,none,103
4,11,none,PC,106
4,11,PC,none,107
4,11,none,HV,139
4,11,HV,none,140
4,11,none,HV,142
4,11,HV,"BV,HV",143
4,11,"BV,HV","BV,HV,RS",144
4,11,"BV,HV,RS",none,145
4,11,none,"BV,HV",147
4,11,"BV,HV",none,149
4,11,none,RCL,157
4,11,RCL,"HV,RCL",158
4,11,"HV,RCL","BV,HV,RCL,RS",159
4,11,"BV,HV,RCL,RS",RCL,160
4,11,RCL,"BV,HV,RCL",168
4,11,"BV,HV,RCL",RCL,169
4,11,RCL,none,178
4,11,none,RCL,197
4,11,RCL,"BV,HV,RCL",200
4,11,"BV,HV,RCL","BV,RCL",203
4,11,"BV,RCL",RCL,204
4,11,RCL,none,220
4,11,none,RCL,223
4,11,RCL,none,227
4,11,none,RCL,229
4,11,RCL,"BV,RCL",233
4,11,"BV,RCL","BV,HC,RCL",234
4,11,"BV,HC,RCL",RCL,237
4,11,RCL,"HC,RCL",239
4,11,"HC,RCL",RCL,240
4,11,RCL,none,243
4,11,none,RCL,264
4,11,RCL,"RCL,RS",282
4,11,"RCL,RS",RCL,283
4,11,RCL,"RCL,RS",285
4,11,"RCL,RS",RS,290
4,11,RS,none,295
4,11,none,RS,300
4,12,RS,none,102
4,12,none,RS,104
4,12,RS,"AC,RCL",116
4,12,"AC,RCL",RCL,117
4,12,RCL,"RCL,RS",122
4,12,"RCL,RS","AC,RCL,RS",123
4,12,"AC,RCL,RS","AC,RCL",124
4,12,"AC,RCL","RCL,RS",127
4,12,"RCL,RS","AC,RCL,RS",129
4,12,"AC,RCL,RS","RCL,RS",132
4,12,"RCL,RS",RCL,139
4,12,RCL,"HV,RCL",143
4,12,"HV,RCL",RCL,144
4,12,RCL,none,151
4,12,none,RCL,156
4,12,RCL,"HV,RCL",179
4,12,"HV,RCL",RCL,180
4,12,RCL,"RCL,RS",186
4,12,"RCL,RS",RCL,187
4,12,RCL,RS,202
4,12,RS,none,203
4,12,none,RS,213
4,12,RS,RCL,214
4,12,RCL,none,215
4,12,none,RCL,217
4,12,RCL,"RCL,RS",224
4,12,"RCL,RS",RCL,225
4,12,RCL,"AC,RCL",226
4,12,"AC,RCL",RCL,227
4,12,RCL,"AC,RCL",232
4,12,"AC,RCL",RCL,233
4,12,RCL,"RCL,RS",241
4,12,"RCL,RS",RCL,242
4,12,RCL,"RCL,RS",247
4,12,"RCL,RS",RCL,248
4,12,RCL,"RCL,RS",251
4,12,"RCL,RS",RCL,252
4,12,RCL,"RCL,RS",254
4,12,"RCL,RS",RCL,256
4,12,RCL,"RCL,RS",258
4,12,"RCL,RS",RS,259
4,12,RS,none,262
4,12,none,RS,271
4,12,RS,none,275
4,12,none,RS,278
4,12,RS,none,281
4,12,none,RS,286
4,12,RS,none,290
4,12,none,RS,292
4,12,RS,none,293
4,12,none,RS,295
4,12,RS,none,296
4,12,none,"HV,RS",298
4,12,"HV,RS",RS,299
4,12,RS,none,300
4,12,none,RS,306
4,12,RS,none,311
4,12,none,RS,314
4,12,RS,none,315
4,12,none,RS,318
4,12,RS,none,319
4,12,none,RS,324
4,12,RS,none,325
4,12,none,PC,358
4,13,PC,none,7
4,13,none,PC,16
4,13,PC,none,17
4,13,none,PC,35
4,13,PC,none,41
4,13,none,PC,45
4,13,PC,"PC,RS",67
4,13,"PC,RS",PC,68
4,13,PC,"PC,RS",79
4,13,"PC,RS",PC,80
4,13,PC,none,84
4,13,none,PC,89
4,13,PC,none,91
4,13,none,PC,94
4,13,PC,"PC,RS",95
4,13,"PC,RS",PC,96
4,13,PC,"PC,RS",100
4,13,"PC,RS",PC,102
4,13,PC,none,103
4,13,none,RS,107
4,13,RS,none,109
4,13,none,RS,114
4,13,RS,"BW,HV,RS",116
4,13,"BW,HV,RS","BW,HV,PC,RS",117
4,13,"BW,HV,PC,RS","AC,BW,HV,RS",118
4,13,"AC,BW,HV,RS","HV,RS",119
4,13,"HV,RS",RS,120
4,13,RS,none,121
4,13,none,HV,122
4,13,HV,"AC,HV",123
4,13,"AC,HV","AC,HV,RS",125
4,13,"AC,HV,RS","AC,RS",126
4,13,"AC,RS",RS,128
4,13,RS,AC,130
4,13,AC,"AC,HV",131
4,13,"AC,HV",AC,134
4,13,AC,"AC,RS",135
4,13,"AC,RS","AC,HV,RS",139
4,13,"AC,HV,RS","AC,HV",140
4,13,"AC,HV",AC,141
4,13,AC,"AC,RS",142
4,13,"AC,RS","AC,HV,RS",143
4,13,"AC,HV,RS","AC,BV,BW,HV,RCL,RS",144
4,13,"AC,BV,BW,HV,RCL,RS","AC,BV,BW,HV,RCL",145
4,13,"AC,BV,BW,HV,RCL","AC,BW,HV,RCL",146
4,13,"AC,BW,HV,RCL","AC,RCL",147
4,13,"AC,RCL",RCL,149
4,13,RCL,none,150
4,13,none,AC,151
4,13,AC,none,152
4,13,none,RCL,154
4,13,RCL,"AC,RCL",155
4,13,"AC,RCL","AC,BW,HV,RCL",156
4,13,"AC,BW,HV,RCL","AC,BW,HV,RCL,RS",158
4,13,"AC,BW,HV,RCL,RS","AC,RCL",159
4,13,"AC,RCL","AC,RCL,RS",163
4,13,"AC,RCL,RS","AC,BV,BW,HV,RCL",164
4,13,"AC,BV,BW,HV,RCL","AC,BV,RCL",165
4,13,"AC,BV,RCL","AC,RCL",166
4,13,"AC,RCL","AC,BW,RCL",169
4,13,"AC,BW,RCL","AC,BV,BW,HV,RCL",170
4,13,"AC,BV,BW,HV,RCL","AC,RCL",171
4,13,"AC,RCL","AC,HV,RCA,RCL",173
4,13,"AC,HV,RCA,RCL","AC,BV,HV,RCL",174
4,13,"AC,BV,HV,RCL","AC,BV,RCL",175
4,13,"AC,BV,RCL","AC,RCL",177
4,13,"AC,RCL","AC,BV,BW,HV,RCL",180
4,13,"AC,BV,BW,HV,RCL","AC,BV,HV,RCL",182
4,13,"AC,BV,HV,RCL","AC,HC,HV,RCL",183
4,13,"AC,HC,HV,RCL","AC,RCL",184
4,13,"AC,RCL","AC,HV,RCL",193
4,13,"AC,HV,RCL","HV,RCL",195
4,13,"HV,RCL","AC,BW,HV,RCL",197
4,13,"AC,BW,HV,RCL","AC,HV,RCL",199
4,13,"AC,HV,RCL","AC,HV,RCA,RCL",202
4,13,"AC,HV,RCA,RCL","AC,HV,RCL",203
4,13,"AC,HV,RCL","AC,RCL",204
4,13,"AC,RCL",RCL,211
4,13,RCL,none,212
4,13,none,AC,213
4,13,AC,"AC,RCL",219
4,13,"AC,RCL","AC,HV,RCL",223
4,13,"AC,HV,RCL","AC,RCL",225
4,13,"AC,RCL","AC,HV,RCL",227
4,13,"AC,HV,RCL",AC,230
4,13,AC,"AC,RS",233
4,13,"AC,RS","AC,RCL",234
4,13,"AC,RCL","AC,RCL,RS",239
4,13,"AC,RCL,RS","AC,RCL",240
4,13,"AC,RCL",RCL,243
4,13,RCL,"RCL,RS",250
4,13,"RCL,RS",RS,251
4,13,RS,none,252
4,13,none,"RCL,RS",254
4,13,"RCL,RS",RCL,255
4,13,RCL,none,261
4,13,none,RS,267
4,13,RS,none,268
4,13,none,RS,279
4,13,RS,none,294
4,13,none,RS,299
4,13,RS,none,302
4,13,none,RS,305
4,13,RS,none,306
4,13,none,PC,365
4,14,PC,none,41
4,14,none,PC,58
4,14,PC,none,63
4,14,none,PC,65
4,14,PC,none,69
4,14,none,PC,72
4,14,PC,none,89
4,14,none,PC,91
4,14,PC,none,98
4,14,none,RS,100
4,14,RS,PC,101
4,14,PC,"PC,RS",104
4,14,"PC,RS",none,105
4,14,none,PC,113
4,14,PC,none,116
4,14,none,RCL,120
4,14,RCL,none,121
4,14,none,HV,126
4,14,HV,"HV,RCL",128
4,14,"HV,RCL",none,131
4,14,none,"HV,RCL",135
4,14,"HV,RCL","AC,HV,RCL",145
4,14,"AC,HV,RCL",RCL,146
4,14,RCL,"AC,HV,RCL",150
4,14,"AC,HV,RCL","AC,BW,HV,RCL",154
4,14,"AC,BW,HV,RCL","AC,HV,RCL",159
4,14,"AC,HV,RCL","AC,HV,RCL,RS",160
4,14,"AC,HV,RCL,RS","AC,BW,HV,RCL,RS",163
4,14,"AC,BW,HV,RCL,RS","AC,HV,RCL,RS",165
4,14,"AC,HV,RCL,RS","AC,HV,RCL",168
4,14,"AC,HV,RCL","AC,HV,RCL,RS",170
4,14,"AC,HV,RCL,RS","AC,HV,RCL",171
4,14,"AC,HV,RCL","AC,BW,HV,RCL",175
4,14,"AC,BW,HV,RCL","AC,HV,RCL",176
4,14,"AC,HV,RCL","AC,BW,HV,RCL",189
4,14,"AC,BW,HV,RCL","AC,HV,RCL",193
4,14,"AC,HV,RCL","AC,RCL",206
4,14,"AC,RCL","AC,HV,RCL",212
4,14,"AC,HV,RCL","AC,RCL",213
4,14,"AC,RCL","AC,HV,RCL",221
4,14,"AC,HV,RCL","AC,HV,RCL,RS",226
4,14,"AC,HV,RCL,RS","AC,HV,RCL",229
4,14,"AC,HV,RCL","AC,HV,RCL,RS",240
4,14,"AC,HV,RCL,RS","HV,RCL,RS",253
4,14,"HV,RCL,RS","RCL,RS",255
4,14,"RCL,RS","HV,RCL,RS",257
4,14,"HV,RCL,RS","RCL,RS",260
4,14,"RCL,RS",RCL,266
4,14,RCL,"RCL,RS",271
4,14,"RCL,RS","HV,RCL,RS",272
4,14,"HV,RCL,RS","RCL,RS",273
4,14,"RCL,RS",RS,279
4,14,RS,"RCL,RS",282
4,14,"RCL,RS",RS,284
4,14,RS,"RCL,RS",292
4,14,"RCL,RS",RS,293
4,14,RS,none,316
4,14,none,RS,318
4,14,RS,none,319
4,14,none,RS,321
4,15,PC,none,23
4,15,none,PC,33
4,15,PC,none,34
4,15,none,PC,44
4,15,PC,"PC,RS",66
4,15,"PC,RS",PC,67
4,15,PC,"PC,PT",73
4,15,"PC,PT",PC,74
4,15,PC,"PC,PT",76
4,15,"PC,PT",PC,80
4,15,PC,none,83
4,15,none,PC,86
4,15,PC,none,91
4,15,none,PC,93
4,15,PC,"HV,PC,RS",105
4,15,"HV,PC,RS","PC,RS",107
4,15,"PC,RS","HV,PC,RCL,RS",110
4,15,"HV,PC,RCL,RS","HV,RS",111
4,15,"HV,RS",none,112
4,15,none,"HV,RCL",115
4,15,"HV,RCL",RCL,121
4,15,RCL,"HV,RCL,RS",123
4,15,"HV,RCL,RS","BV,HV,RCL,RS",124
4,15,"BV,HV,RCL,RS","HV,RCL",125
4,15,"HV,RCL","RCL,RS",127
4,15,"RCL,RS",RCL,129
4,15,RCL,"HV,RCL",130
4,15,"HV,RCL",RCL,131
4,15,RCL,"HV,RCL",134
4,15,"HV,RCL",RCL,137
4,15,RCL,"HV,RCL",139
4,15,"HV,RCL","BV,HV,RCL,RS",140
4,15,"BV,HV,RCL,RS","HV,RCL,RS",141
4,15,"HV,RCL,RS","RCL,RS",145
4,15,"RCL,RS","HV,RCL,RS",147
4,15,"HV,RCL,RS","GC,HV,RCL",156
4,15,"GC,HV,RCL","HV,RCL",157
4,15,"HV,RCL","HV,RCL,RS",158
4,15,"HV,RCL,RS","BV,BW,HV,RCL,RS",161
4,15,"BV,BW,HV,RCL,RS","AC,BV,BW,HV,RCL",162
4,15,"AC,BV,BW,HV,RCL","AC,BV,BW,GC,HV,RCL",163
4,15,"AC,BV,BW,GC,HV,RCL","AC,BV,BW,GC,HV,RCL,RS",165
4,15,"AC,BV,BW,GC,HV,RCL,RS","AC,GC,HV,RCL,RS",168
4,15,"AC,GC,HV,RCL,RS","HV,RCL,RS",171
4,15,"HV,RCL,RS","AC,BV,BW,GC,HV,RCL,RS",173
4,15,"AC,BV,BW,GC,HV,RCL,RS","AC,GC,HV,RCL,RS",177
4,15,"AC,GC,HV,RCL,RS","AC,BV,BW,GC,HV,RCL,RS",179
4,15,"AC,BV,BW,GC,HV,RCL,RS","AC,BW,GC,HV,RCL",181
4,15,"AC,BW,GC,HV,RCL","AC,GC,HV,RCL",182
4,15,"AC,GC,HV,RCL","AC,GC,HV,RCL,RS",184
4,15,"AC,GC,HV,RCL,RS","AC,GC,HV,RCL",185
4,15,"AC,GC,HV,RCL","AC,HV,RCL",188
4,15,"AC,HV,RCL","AC,BV,HV,RCL",195
4,15,"AC,BV,HV,RCL","AC,BV,GC,HV,RCL,RS",196
4,15,"AC,BV,GC,HV,RCL,RS","AC,GC,HV,RCL,RS",198
4,15,"AC,GC,HV,RCL,RS","AC,HV,RCL",199
4,15,"AC,HV,RCL","AC,RCL",201
4,15,"AC,RCL","AC,HV,RCL",203
4,15,"AC,HV,RCL","AC,RCL",212
4,15,"AC,RCL",RCL,222
4,15,RCL,"AC,RCL",225
4,15,"AC,RCL",RCL,226
4,15,RCL,none,228
4,15,none,RCL,233
4,15,RCL,none,234
4,15,none,HV,239
4,15,HV,RCL,240
4,15,RCL,none,246
4,15,none,RCL,251
4,15,RCL,"RCL,RS",262
4,15,"RCL,RS",RCL,263
4,15,RCL,"RCL,RS",268
4,15,"RCL,RS",RCL,269
4,15,RCL,none,271
4,15,none,RS,273
4,15,RS,none,274
4,15,none,RS,287
4,15,RS,none,302
4,15,none,RS,304
4,15,RS,none,305
4,15,none,RS,309
4,15,RS,none,313
4,15,none,RS,331
4,15,RS,none,333
4,15,none,RS,349
4,16,PC,none,7
4,16,none,PC,21
4,16,PC,none,24
4,16,none,PC,26
4,16,PC,none,28
4,16,none,"PC,RS",33
4,16,"PC,RS",PC,34
4,16,PC,none,36
4,16,none,PC,40
4,16,PC,none,42
4,16,none,PC,48
4,16,PC,none,49
4,16,none,PC,51
4,16,PC,none,53
4,16,none,PC,56
4,16,PC,none,57
4,16,none,PC,59
4,16,PC,none,61
4,16,none,PC,70
4,16,PC,none,74
4,16,none,PC,79
4,16,PC,none,89
4,16,none,PC,93
4,16,PC,"HV,PC,RS",97
4,16,"HV,PC,RS","PC,RS",98
4,16,"PC,RS","HV,RS",101
4,16,"HV,RS",HV,102
4,16,HV,none,103
4,16,none,HV,113
4,16,HV,none,114
4,16,none,AC,134
4,16,AC,"AC,HV,RCL",136
4,16,"AC,HV,RCL","HV,RCL",138
4,16,"HV,RCL",RCL,140
4,16,RCL,"AC,HV,RCL",142
4,16,"AC,HV,RCL","AC,HV,RCL,RS",145
4,16,"AC,HV,RCL,RS","AC,BV,HV,RCL,RS",147
4,16,"AC,BV,HV,RCL,RS","AC,BV,GC,HV,RCL,RS",148
4,16,"AC,BV,GC,HV,RCL,RS","AC,HV,RCL,RS",149
4,16,"AC,HV,RCL,RS","RCL,RS",150
4,16,"RCL,RS","HV,RCL",152
4,16,"HV,RCL","AC,HV,RCL",154
4,16,"AC,HV,RCL",AC,166
4,16,AC,"AC,HV,RCL",168
4,16,"AC,HV,RCL","AC,HV",173
4,16,"AC,HV","AC,HV,RCL",175
4,16,"AC,HV,RCL","AC,GC,HV,RCL,RS",176
4,16,"AC,GC,HV,RCL,RS","AC,GC,HV,RCL",177
4,16,"AC,GC,HV,RCL","AC,HV,RCL",178
4,16,"AC,HV,RCL","AC,GC,HV,RCL",183
4,16,"AC,GC,HV,RCL","AC,HV,RCL",186
4,16,"AC,HV,RCL","AC,RCL",189
4,16,"AC,RCL","AC,HV,RCL",191
4,16,"AC,HV,RCL","AC,GC,HV,RCL",192
4,16,"AC,GC,HV,RCL","AC,RCL",193
4,16,"AC,RCL",AC,209
4,16,AC,"AC,RCL",211
4,16,"AC,RCL",AC,217
4,16,AC,none,221
4,16,none,RCL,223
4,16,RCL,none,224
4,16,none,HV,234
4,16,HV,none,235
4,16,none,RCL,237
4,16,RCL,AC,238
4,16,AC,"AC,HV",243
4,16,"AC,HV",HV,244
4,16,HV,"AC,HV",249
4,16,"AC,HV","AC,HV,RS",250
4,16,"AC,HV,RS","HV,RS",252
4,16,"HV,RS","AC,GC,HV,RS",254
4,16,"AC,GC,HV,RS","HV,RCL,RS",255
4,16,"HV,RCL,RS","RCL,RS",267
4,16,"RCL,RS",RS,268
4,16,RS,"HV,RS",270
4,16,"HV,RS",RS,271
4,16,RS,none,274
4,16,none,RS,281
4,16,RS,none,288
4,16,none,RS,292
4,16,RS,none,296
4,16,none,RS,315
4,17,PC,none,14
4,17,none,PC,20
4,17,PC,none,23
4,17,none,PC,28
4,17,PC,none,29
4,17,none,PC,40
4,17,PC,"PC,RS",43
4,17,"PC,RS",PC,45
4,17,PC,"PC,RS",47
4,17,"PC,RS",RS,49
4,17,RS,none,50
4,17,none,PC,51
4,17,PC,none,52
4,17,none,PC,58
4,17,PC,"PC,RS",59
4,17,"PC,RS",RS,60
4,17,RS,none,61
4,17,none,RS,63
4,17,RS,none,65
4,17,none,PC,72
4,17,PC,"PC,RS",76
4,17,"PC,RS",PC,80
4,17,PC,none,83
4,17,none,PC,90
4,17,PC,none,94
4,17,none,HV,95
4,17,HV,none,96
4,17,none,PC,97
4,17,PC,none,98
4,17,none,HV,112
4,17,HV,none,113
4,17,none,RCL,115
4,17,RCL,none,118
4,17,none,"HV,PC",119
4,17,"HV,PC",RCL,121
4,17,RCL,none,122
4,17,none,RCL,124
4,17,RCL,none,125
4,17,none,"HV,RCL",127
4,17,"HV,RCL",RCL,128
4,17,RCL,"AC,HV,RCL",137
4,17,"AC,HV,RCL",RCL,138
4,17,RCL,none,139
4,17,none,AC,143
4,17,AC,"AC,HV",145
4,17,"AC,HV",AC,147
4,17,AC,"AC,RCL",149
4,17,"AC,RCL","AC,HV,RCL",150
4,17,"AC,HV,RCL",AC,151
4,17,AC,none,152
4,17,none,RCL,155
4,17,RCL,"AC,RCL",157
4,17,"AC,RCL","AC,HV,RCL",158
4,17,"AC,HV,RCL",RCL,159
4,17,RCL,"RCL,RS",160
4,17,"RCL,RS","HV,RCL",161
4,17,"HV,RCL","AC,RCL",162
4,17,"AC,RCL",RCL,163
4,17,RCL,"AC,RCL",166
4,17,"AC,RCL","AC,BV,HV,RCL",167
4,17,"AC,BV,HV,RCL","AC,HV,RCL",168
4,17,"AC,HV,RCL","AC,HV",169
4,17,"AC,HV","AC,BV,HV",170
4,17,"AC,BV,HV","BV,HV",171
4,17,"BV,HV","BV,GC,HV,RCL",172
4,17,"BV,GC,HV,RCL","AC,BV,BW,GC,HV,RCL",173
4,17,"AC,BV,BW,GC,HV,RCL","AC,BV,BW,GC,HV,RCL,RS",176
4,17,"AC,BV,BW,GC,HV,RCL,RS","AC,BV,BW,GC,HV,RCL",178
4,17,"AC,BV,BW,GC,HV,RCL","AC,BV,GC,HV,RCL",179
4,17,"AC,BV,GC,HV,RCL","AC,GC,HV,RCL",180
4,17,"AC,GC,HV,RCL","AC,HV,RCL",181
4,17,"AC,HV,RCL","AC,BV,HV,RCL",183
4,17,"AC,BV,HV,RCL","BV,RCL",184
4,17,"BV,RCL","AC,BV,HV,RCL",186
4,17,"AC,BV,HV,RCL","AC,BV,RCL",188
4,17,"AC,BV,RCL","AC,RCL",189
4,17,"AC,RCL","AC,HV,RCL",192
4,17,"AC,HV,RCL","AC,RCL",196
4,17,"AC,RCL","AC,HV,RCL",200
4,17,"AC,HV,RCL","AC,BV,RCL",201
4,17,"AC,BV,RCL","AC,RCL",205
4,17,"AC,RCL","AC,BV,RCL",207
4,17,"AC,BV,RCL","AC,RCL",208
4,17,"AC,RCL","AC,BV,RCL",210
4,17,"AC,BV,RCL","AC,RCL",211
4,17,"AC,RCL","AC,BV,RCL",213
4,17,"AC,BV,RCL","AC,RCL",214
4,17,"AC,RCL","AC,HV,RCL",217
4,17,"AC,HV,RCL","AC,BV,RCL",218
4,17,"AC,BV,RCL","AC,RCL",220
4,17,"AC,RCL","AC,BV,HV,RCL",223
4,17,"AC,BV,HV,RCL","AC,HV,RCL",225
4,17,"AC,HV,RCL","AC,BV,HV,RCL",227
4,17,"AC,BV,HV,RCL","AC,RCL",228
4,17,"AC,RCL","AC,HV,RCL",231
4,17,"AC,HV,RCL","AC,BV,GC,HV,RCL",232
4,17,"AC,BV,GC,HV,RCL",RCL,234
4,17,RCL,"HV,RCL",236
4,17,"HV,RCL",RCL,237
4,17,RCL,"HV,RCL",239
4,17,"HV,RCL","GC,HV,RCL",240
4,17,"GC,HV,RCL","GC,RCL",242
4,17,"GC,RCL",RCL,243
4,17,RCL,"HV,RCL",245
4,17,"HV,RCL",HV,246
4,17,HV,"GC,HV,RS",248
4,17,"GC,HV,RS",HV,250
4,17,HV,"GC,HV,RS",256
4,17,"GC,HV,RS",none,258
4,17,none,HV,260
4,17,HV,RCL,263
4,17,RCL,none,264
4,17,none,"GC,HV",265
4,17,"GC,HV","GC,HV,RCL,RS",266
4,17,"GC,HV,RCL,RS","GC,RCL,RS",267
4,17,"GC,RCL,RS","RCL,RS",268
4,17,"RCL,RS","HV,RCL,RS",269
4,17,"HV,RCL,RS","GC,HV,RCL,RS",270
4,17,"GC,HV,RCL,RS","RCL,RS",271
4,17,"RCL,RS",RS,279
4,17,RS,none,286
4,17,none,RS,290
4,17,RS,none,291
4,17,none,RS,295
4,17,RS,none,296
4,17,none,RS,298
4,17,RS,none,302
4,17,none,RS,324
4,17,RS,none,326
4,17,none,RS,333
4,17,RS,none,336
4,17,none,RS,353
4,17,RS,none,354
4,17,none,PC,357
4,18,"PC,RS",PC,35
4,18,PC,"PC,RS",37
4,18,"PC,RS",PC,38
4,18,PC,none,39
4,18,none,PC,42
4,18,PC,none,43
4,18,none,"PC,RS",46
4,18,"PC,RS",RS,49
4,18,RS,"PC,RS",52
4,18,"PC,RS",RS,53
4,18,RS,none,54
4,18,none,PC,55
4,18,PC,none,56
4,18,none,PC,58
4,18,PC,none,60
4,18,none,PC,62
4,18,PC,none,65
4,18,none,PC,67
4,18,PC,none,69
4,18,none,"PC,RS",72
4,18,"PC,RS",PC,75
4,18,PC,"PC,RS",79
4,18,"PC,RS",PC,89
4,18,PC,none,92
4,18,none,RS,94
4,18,RS,"PC,RS",95
4,18,"PC,RS",PC,96
4,18,PC,none,97
4,18,none,PC,103
4,18,PC,"HV,PC,RS",104
4,18,"HV,PC,RS","PC,RS",105
4,18,"PC,RS",RS,106
4,18,RS,"HV,RS",108
4,18,"HV,RS",HV,110
4,18,HV,none,113
4,18,none,PC,114
4,18,PC,"HV,PC,RS",115
4,18,"HV,PC,RS","HV,PC,RCL,RS",116
4,18,"HV,PC,RCL,RS","HV,RCL,RS",117
4,18,"HV,RCL,RS","RCL,RS",120
4,18,"RCL,RS",RS,124
4,18,RS,"HV,RCL",129
4,18,"HV,RCL",HV,130
4,18,HV,none,131
4,18,none,RCL,133
4,18,RCL,"HV,RCL",134
4,18,"HV,RCL",RCL,135
4,18,RCL,"HV,RCL",149
4,18,"HV,RCL",RCL,152
4,18,RCL,"HV,RCL",156
4,18,"HV,RCL",RCL,157
4,18,RCL,"HV,RCL",167
4,18,"HV,RCL",RCL,169
4,18,RCL,"BV,RCL",173
4,18,"BV,RCL",RCL,175
4,18,RCL,"BV,HV,RCL",182
4,18,"BV,HV,RCL",RCL,184
4,18,RCL,"HV,RCL",203
4,18,"HV,RCL",RCL,212
4,18,RCL,"HV,RCL",214
4,18,"HV,RCL",RCL,216
4,18,RCL,"HV,RCL",224
4,18,"HV,RCL",RCL,227
4,18,RCL,none,228
4,18,none,RCL,230
4,18,RCL,"HV,RCL",233
4,18,"HV,RCL","HV,RCL,RS",236
4,18,"HV,RCL,RS",RCL,237
4,18,RCL,"BW,GC,HV,RCL",239
4,18,"BW,GC,HV,RCL","HV,RCL",240
4,18,"HV,RCL",RCL,244
4,18,RCL,none,246
4,18,none,RCL,248
4,18,RCL,"HV,RCL",263
4,18,"HV,RCL",RCL,269
4,18,RCL,"HV,RCL",272
4,18,"HV,RCL",RCL,273
4,18,RCL,none,276
4,18,none,RS,279
4,18,RS,none,285
4,18,none,RS,293
4,18,RS,none,295
4,18,none,RS,318
4,19,PC,none,66
4,19,none,"PC,RS",68
4,19,"PC,RS",PC,70
4,19,PC,"PC,RS",73
4,19,"PC,RS",RS,74
4,19,RS,none,75
4,19,none,PC,79
4,19,PC,"PC,RS",81
4,19,"PC,RS",PC,88
4,19,PC,none,89
4,19,none,"RCL,RS",93
4,19,"RCL,RS",PC,94
4,19,PC,none,95
4,19,none,"HV,PC",99
4,19,"HV,PC",PC,100
4,19,PC,none,101
4,19,none,RCL,111
4,19,RCL,none,112
4,19,none,PC,123
4,19,PC,"HV,PC,RCL",124
4,19,"HV,PC,RCL",RCL,126
4,19,RCL,none,129
4,19,none,RCL,132
4,19,RCL,"HV,RCL",134
4,19,"HV,RCL",RCL,135
4,19,RCL,"HV,RCL",138
4,19,"HV,RCL",RCL,140
4,19,RCL,"HV,RCL",145
4,19,"HV,RCL",RCL,147
4,19,RCL,"HV,RCL",149
4,19,"HV,RCL","GC,HV,RCL",153
4,19,"GC,HV,RCL","HV,RCL",154
4,19,"HV,RCL",RCL,157
4,19,RCL,"HV,RCL",160
4,19,"HV,RCL","GC,HV,RCL",164
4,19,"GC,HV,RCL","BW,GC,HV,RCL",166
4,19,"BW,GC,HV,RCL","GC,HV,RCL",168
4,19,"GC,HV,RCL","HV,RCL",174
4,19,"HV,RCL","GC,HV,RCL",177
4,19,"GC,HV,RCL","HV,RCL",178
4,19,"HV,RCL","GC,HV,RCL",181
4,19,"GC,HV,RCL","GC,RCL",185
4,19,"GC,RCL",RCL,186
4,19,RCL,"HV,RCL",193
4,19,"HV,RCL","GC,HV,RCL",195
4,19,"GC,HV,RCL","GC,RCL",197
4,19,"GC,RCL",RCL,200
4,19,RCL,"GC,RCL",202
4,19,"GC,RCL",RCL,206
4,19,RCL,"GC,RCL",210
4,19,"GC,RCL",RCL,211
4,19,RCL,"HV,RCL",212
4,19,"HV,RCL",RCL,213
4,19,RCL,"HV,RCL",219
4,19,"HV,RCL",RCL,220
4,19,RCL,"HV,RCL",222
4,19,"HV,RCL",RCL,226
4,19,RCL,"HV,RCL",237
4,19,"HV,RCL","GC,HV,RCL",238
4,19,"GC,HV,RCL","GC,RCL",240
4,19,"GC,RCL","HV,RCL",242
4,19,"HV,RCL",RCL,250
4,19,RCL,none,252
4,19,none,RCL,254
4,19,RCL,"RCL,RS",269
4,19,"RCL,RS",RCL,270
4,19,RCL,none,272
4,19,none,RCL,275
4,19,RCL,none,276
4,19,none,RS,277
4,19,RS,none,278
4,19,none,RS,280
4,19,RS,none,286
4,19,none,RS,288
4,19,RS,none,292
4,19,none,RS,299
4,19,RS,none,300
4,19,none,RS,305
4,19,RS,none,307
4,19,none,RS,310
4,20,PC,none,12
4,20,none,PC,29
4,20,PC,none,30
4,20,none,PC,42
4,20,PC,none,43
4,20,none,PC,50
4,20,PC,none,53
4,20,none,PC,55
4,20,PC,none,56
4,20,none,PC,62
4,20,PC,none,63
4,20,none,PC,67
4,20,PC,none,83
4,20,none,PC,96
4,20,PC,none,98
4,20,none,PC,108
4,20,PC,none,109
4,20,none,RCL,127
4,20,RCL,none,129
4,20,none,RCL,134
4,20,RCL,none,135
4,20,none,RCL,137
4,20,RCL,"HV,RCL",142
4,20,"HV,RCL",HV,143
4,20,HV,"HV,RCL",148
4,20,"HV,RCL",RCL,152
4,20,RCL,none,154
4,20,none,RCL,158
4,20,RCL,"HV,RCL",168
4,20,"HV,RCL",RCL,170
4,20,RCL,"HV,RCL",172
4,20,"HV,RCL",RCL,175
4,20,RCL,"HV,RCL",184
4,20,"HV,RCL",RCL,188
4,20,RCL,"HV,RCL",197
4,20,"HV,RCL",RCL,200
4,20,RCL,"HV,RCL",202
4,20,"HV,RCL","GC,HV,RCL",203
4,20,"GC,HV,RCL","HV,RCL",206
4,20,"HV,RCL",RCL,207
4,20,RCL,"HV,RCL",226
4,20,"HV,RCL",RCL,229
4,20,RCL,"GC,HV,RCL",231
4,20,"GC,HV,RCL",RCL,234
4,20,RCL,"HV,RCL",253
4,20,"HV,RCL",RCL,254
4,20,RCL,"GC,HV,RCL",257
4,20,"GC,HV,RCL",RCL,258
4,20,RCL,none,275
4,20,none,RS,324
4,20,RS,none,327
4,20,none,HV,341
4,20,HV,none,342
4,20,none,PC,356
4,21,PC,none,54
4,21,none,PC,79
4,21,PC,none,80
4,21,none,"PC,RS",82
4,21,"PC,RS",none,85
4,21,none,PC,88
4,21,PC,none,92
4,21,none,PC,101
4,21,PC,none,102
4,21,none,PC,109
4,21,PC,none,111
4,21,none,RCL,129
4,21,RCL,none,130
4,21,none,PC,133
4,21,PC,none,136
4,21,none,RCL,140
4,21,RCL,"PC,RCL",141
4,21,"PC,RCL",RCL,142
4,21,RCL,"GC,HV,RCL",147
4,21,"GC,HV,RCL","GC,HV,PC,RCL,RS",148
4,21,"GC,HV,PC,RCL,RS","GC,HV,RCL,RS",150
4,21,"GC,HV,RCL,RS","RCL,RS",151
4,21,"RCL,RS","HV,RCL",154
4,21,"HV,RCL","HV,RCL,RS",157
4,21,"HV,RCL,RS","HV,RCL",162
4,21,"HV,RCL","HV,RCL,RS",166
4,21,"HV,RCL,RS","GC,HV,RCL,RS",169
4,21,"GC,HV,RCL,RS","GC,HV,RCL",170
4,21,"GC,HV,RCL","HV,RCL",177
4,21,"HV,RCL","GC,HV,RCL",180
4,21,"GC,HV,RCL","HV,RCL",181
4,21,"HV,RCL","GC,HV,RCL",183
4,21,"GC,HV,RCL","HV,RCL",188
4,21,"HV,RCL","GC,HV,RCL",190
4,21,"GC,HV,RCL","HV,RCL",191
4,21,"HV,RCL","GC,HV,RCL",195
4,21,"GC,HV,RCL","HV,RCL",197
4,21,"HV,RCL","GC,HV,RCL",200
4,21,"GC,HV,RCL","HV,RCL",201
4,21,"HV,RCL",RCL,214
4,21,RCL,"HV,RCL",219
4,21,"HV,RCL","GC,HV,RCL",220
4,21,"GC,HV,RCL","GC,RCL",222
4,21,"GC,RCL",RCL,223
4,21,RCL,"HV,RCL",224
4,21,"HV,RCL",RCL,225
4,21,RCL,"HV,RCL",227
4,21,"HV,RCL",RCL,228
4,21,RCL,none,232
4,21,none,RCL,234
4,21,RCL,none,235
4,21,none,"HV,RCL",237
4,21,"HV,RCL","GC,HV,RCL",241
4,21,"GC,HV,RCL","HV,RCL",242
4,21,"HV,RCL",RCL,243
4,21,RCL,none,248
4,21,none,RCL,251
4,21,RCL,"HV,RCL",257
4,21,"HV,RCL",RCL,259
4,21,RCL,none,263
4,21,none,RCL,265
4,22,PC,none,36
4,22,none,PC,74
4,22,PC,none,75
4,22,none,PC,79
4,22,PC,none,80
4,22,none,PC,95
4,22,PC,none,98
4,22,none,RS,99
4,22,RS,"PC,RS",100
4,22,"PC,RS",RS,104
4,22,RS,none,105
4,22,none,PC,107
4,22,PC,"PC,RS",108
4,22,"PC,RS","RP,RS",111
4,22,"RP,RS",none,112
4,22,none,RCL,124
4,22,RCL,none,125
4,22,none,RCL,133
4,22,RCL,none,134
4,22,none,RCL,140
4,22,RCL,none,141
4,22,none,RCL,143
4,22,RCL,none,183
4,22,none,GC,210
4,22,GC,none,211
4,22,none,RCL,221
4,22,RCL,none,222
4,22,none,RCL,257
4,22,RCL,"HV,RCL",260
4,22,"HV,RCL",RCL,266
4,22,RCL,"HV,RCL",274
4,22,"HV,RCL",RCL,278
4,22,RCL,"RCL,RS",279
4,22,"RCL,RS",RS,284
4,22,RS,none,306
4,22,none,RS,308
4,23,RS,none,9
4,23,none,PC,25
4,23,PC,none,26
4,23,none,RS,27
4,23,RS,none,30
4,23,none,RCL,55
4,23,RCL,none,56
4,23,none,PC,63
4,23,PC,none,68
4,23,none,PC,71
4,23,PC,none,74
4,23,none,PC,77
4,23,PC,"PC,RS",78
4,23,"PC,RS","PC,RCL,RS",79
4,23,"PC,RCL,RS","PC,RS",82
4,23,"PC,RS",RS,84
4,23,RS,"RCL,RS",86
4,23,"RCL,RS",RS,89
4,23,RS,"RCL,RS",92
4,23,"RCL,RS","HV,RS",93
4,23,"HV,RS",none,98
4,23,none,RS,105
4,23,RS,none,107
4,23,none,"HV,RCL",171
4,23,"HV,RCL","BV,HV,RCL",178
4,23,"BV,HV,RCL","BV,GC,HV,RCL",179
4,23,"BV,GC,HV,RCL","BV,GC,RCL",180
4,23,"BV,GC,RCL","BV,RCL",181
4,23,"BV,RCL","BV,GC,HV,RCL",183
4,23,"BV,GC,HV,RCL",RCL,185
4,23,RCL,"HV,RCL",188
4,23,"HV,RCL","GC,HV,RCL,RS",189
4,23,"GC,HV,RCL,RS","GC,HV,RCL",190
4,23,"GC,HV,RCL","HV,RCL",192
4,23,"HV,RCL","GC,HV,RCL",194
4,23,"GC,HV,RCL","HV,RCL",198
4,23,"HV,RCL",HV,201
4,23,HV,none,202
4,23,none,HV,210
4,23,HV,none,211
4,23,none,HV,213
4,23,HV,none,214
4,23,none,RS,260
4,23,RS,none,261
4,23,none,RS,280
4,23,RS,none,303
4,23,none,RS,305
4,23,RS,none,307
4,23,none,RS,309
4,23,RS,none,314
4,23,none,RS,327
4,24,RS,none,63
4,24,none,RS,69
4,24,RS,"RCL,RS",72
4,24,"RCL,RS",RS,74
4,24,RS,none,76
4,24,none,RS,78
4,24,RS,none,86
4,24,none,RS,92
4,24,RS,none,97
4,24,none,RCA,127
4,24,RCA,RS,128
4,24,RS,"HV,RS",131
4,24,"HV,RS","BV,HV,RCL,RS",132
4,24,"BV,HV,RCL,RS","HV,RCL,RS",133
4,24,"HV,RCL,RS","RCL,RS",134
4,24,"RCL,RS",RS,136
4,24,RS,none,137
4,24,none,RS,139
4,24,RS,"HV,RS",141
4,24,"HV,RS","BV,BW,HV,RS",142
4,24,"BV,BW,HV,RS","BV,HV,RS",143
4,24,"BV,HV,RS","HV,RS",144
4,24,"HV,RS",HV,145
4,24,HV,"BV,HV,RCL,RS",147
4,24,"BV,HV,RCL,RS","BV,BW,HV,RCL,RS",152
4,24,"BV,BW,HV,RCL,RS","GC,HV,RCL,RS",155
4,24,"GC,HV,RCL,RS","HV,RCL,RS",157
4,24,"HV,RCL,RS","HV,RS",158
4,24,"HV,RS","BW,HV,RS",161
4,24,"BW,HV,RS","BW,GC,HV,RCL,RS",162
4,24,"BW,GC,HV,RCL,RS","GC,HV,RCL,RS",163
4,24,"GC,HV,RCL,RS","BW,GC,HV",166
4,24,"BW,GC,HV","BW,HV,RCL",168
4,24,"BW,HV,RCL",RCL,170
4,24,RCL,"HV,RCL",172
4,24,"HV,RCL",RCL,173
4,24,RCL,"HV,RCL",177
4,24,"HV,RCL","GC,HV,RCL",178
4,24,"GC,HV,RCL","HV,RCL",180
4,24,"HV,RCL","BV,BW,GC,HV,RCL,RS",182
4,24,"BV,BW,GC,HV,RCL,RS","BV,GC,HV,RCL",184
4,24,"BV,GC,HV,RCL","BV,GC,HV",185
4,24,"BV,GC,HV",GC,188
4,24,GC,none,189
4,24,none,RS,192
4,24,RS,none,193
4,24,none,RCL,197
4,24,RCL,none,203
4,24,none,RCL,205
4,24,RCL,none,214
4,24,none,"BV,HV,RCL,RS",217
4,24,"BV,HV,RCL,RS","HV,RCL,RS",219
4,24,"HV,RCL,RS","RCL,RS",220
4,24,"RCL,RS",RS,221
4,24,RS,none,223
4,24,none,RS,227
4,24,RS,none,230
4,24,none,"HV,RCL,RS",232
4,24,"HV,RCL,RS",RCL,237
4,24,RCL,"RCL,RS",246
4,24,"RCL,RS",RS,278
4,24,RS,none,301
4,24,none,RS,304
4,24,RS,none,305
4,24,none,RS,308
5,1,RP,none,86
5,1,none,RP,90
5,1,RP,none,91
5,1,none,RP,95
5,1,RP,none,99
5,1,none,RP,102
5,1,RP,none,103
5,1,none,BW,119
5,1,BW,none,123
5,1,none,"AC,RCL",129
5,1,"AC,RCL",RCL,130
5,1,RCL,none,134
5,1,none,RCL,140
5,1,RCL,none,145
5,1,none,RCL,163
5,1,RCL,"BW,RCL",173
5,1,"BW,RCL","BW,HC,RCL",176
5,1,"BW,HC,RCL","HV,RCL",177
5,1,"HV,RCL",RCL,182
5,1,RCL,"BW,RCL",183
5,1,"BW,RCL","BW,HV,RCL",184
5,1,"BW,HV,RCL","BW,GC,HV,RCL",186
5,1,"BW,GC,HV,RCL","BW,GC,HV,RCL,RS",187
5,1,"BW,GC,HV,RCL,RS","BW,GC,HV,RCL",188
5,1,"BW,GC,HV,RCL","GC,HV,RCL",189
5,1,"GC,HV,RCL","GC,HV,RCL,RS",190
5,1,"GC,HV,RCL,RS","BW,GC,HV,RCL,RS",193
5,1,"BW,GC,HV,RCL,RS",none,195
5,1,none,"GC,HV,RCL",198
5,1,"GC,HV,RCL",none,199
5,1,none,"BW,GC,HV,RCL",205
5,1,"BW,GC,HV,RCL",none,206
5,1,none,"HV,RCL",219
5,1,"HV,RCL",none,220
5,1,none,"HV,RCA,RCL",226
5,1,"HV,RCA,RCL",none,227
5,1,none,"RCA,RCL",233
5,1,"RCA,RCL",RCL,236
5,1,RCL,none,237
5,1,none,RCL,240
5,1,RCL,none,241
5,1,none,"HV,RCA,RCL",247
5,1,"HV,RCA,RCL",none,249
5,1,none,"RCA,RCL,RS",254
5,1,"RCA,RCL,RS","RCL,RS",255
5,1,"RCL,RS","RCA,RCL,RS",260
5,1,"RCA,RCL,RS","RCL,RS",261
5,1,"RCL,RS","BW,RCL,RS",269
5,1,"BW,RCL,RS","RCL,RS",270
5,1,"RCL,RS","BW,RCL,RS",272
5,1,"BW,RCL,RS","RCL,RS",273
5,1,"RCL,RS",RS,289
5,1,RS,none,296
5,1,none,RCL,312
5,1,RCL,none,313
5,1,none,RS,327
5,2,RS,none,4
5,2,none,RS,54
5,2,RS,none,55
5,2,none,RS,68
5,2,RS,none,69
5,2,none,RS,73
5,2,RS,none,74
5,2,none,"PC,PT",78
5,2,"PC,PT","PC,PT,RS",79
5,2,"PC,PT,RS",RS,80
5,2,RS,"PT,RS",82
5,2,"PT,RS",none,83
5,2,none,RS,87
5,2,RS,none,88
5,2,none,RS,94
5,2,RS,none,95
5,2,none,"RP,RS",97
5,2,"RP,RS","PT,RP,RS",106
5,2,"PT,RP,RS","RP,RS",107
5,2,"RP,RS",RP,112
5,2,RP,"RP,RS",114
5,2,"RP,RS","RCL,RP,RS",116
5,2,"RCL,RP,RS",none,120
5,2,none,"HV,RCL,RS",125
5,2,"HV,RCL,RS","RCL,RS",126
5,2,"RCL,RS","BW,RCL,RS",127
5,2,"BW,RCL,RS","RCL,RS",129
5,2,"RCL,RS","HC,RCL,RS",140
5,2,"HC,RCL,RS",RCL,142
5,2,RCL,"HV,RCL",144
5,2,"HV,RCL","BW,HV,RCL",149
5,2,"BW,HV,RCL","HV,RCL",150
5,2,"HV,RCL","BW,HV,RCL",152
5,2,"BW,HV,RCL","BW,HC,HV,RCL",153
5,2,"BW,HC,HV,RCL","HV,RCL",154
5,2,"HV,RCL","HV,RCA,RCL",157
5,2,"HV,RCA,RCL","RCA,RCL",160
5,2,"RCA,RCL","HV,RCA,RCL",162
5,2,"HV,RCA,RCL","RCA,RCL",163
5,2,"RCA,RCL",RCL,164
5,2,RCL,"RCA,RCL",172
5,2,"RCA,RCL",RCL,173
5,2,RCL,"BW,RCL",174
5,2,"BW,RCL","BW,HV,RCL",175
5,2,"BW,HV,RCL",none,176
5,2,none,RCL,183
5,2,RCL,"GC,HV,RCA,RCL",186
5,2,"GC,HV,RCA,RCL","BW,HV,RCA,RCL",187
5,2,"BW,HV,RCA,RCL","HC,HV,RCA,RCL",189
5,2,"HC,HV,RCA,RCL","HV,RCA,RCL",190
5,2,"HV,RCA,RCL","HV,RCL",191
5,2,"HV,RCL","HV,RCA,RCL",196
5,2,"HV,RCA,RCL",none,197
5,2,none,"BW,HV,RCL",204
5,2,"BW,HV,RCL","BW,HV,RCL,RS",205
5,2,"BW,HV,RCL,RS","HV,RCL,RS",208
5,2,"HV,RCL,RS","HC,HV,RCL,RS",210
5,2,"HC,HV,RCL,RS","HC,HV,RCL",212
5,2,"HC,HV,RCL","HC,HV,RCA,RCL",214
5,2,"HC,HV,RCA,RCL","HC,HV,RCL",215
5,2,"HC,HV,RCL",none,218
5,2,none,"HV,RCL",232
5,2,"HV,RCL","HV,RCL,RS",233
5,2,"HV,RCL,RS",none,237
5,2,none,"RCL,RS",239
5,2,"RCL,RS",RCL,240
5,2,RCL,none,261
5,2,none,"RCL,RS",267
5,2,"RCL,RS",RS,286
5,2,RS,none,292
5,2,none,RS,307
5,2,RS,none,308
5,2,none,RS,310
5,3,RP,none,109
5,3,none,RCL,136
5,3,RCL,none,143
5,3,none,RCL,147
5,3,RCL,"BW,RCL",150
5,3,"BW,RCL",RCL,151
5,3,RCL,"BW,HC,RCL",154
5,3,"BW,HC,RCL",none,155
5,3,none,RCL,161
5,3,RCL,"BW,HV,RCL",190
5,3,"BW,HV,RCL","HV,RCL",193
5,3,"HV,RCL","HV,RCL,RS",194
5,3,"HV,RCL,RS","BW,HV,RCL,RS",195
5,3,"BW,HV,RCL,RS","HV,RCL",196
5,3,"HV,RCL","HC,HV,RCL",225
5,3,"HC,HV,RCL","BW,HC,HV,RCL",231
5,3,"BW,HC,HV,RCL","HC,HV,RCL",233
5,3,"HC,HV,RCL","HC,RCL",236
5,3,"HC,RCL",RCL,240
5,3,RCL,"HC,RCL",243
5,3,"HC,RCL",RCL,244
5,3,RCL,"RCL,RS",246
5,3,"RCL,RS",RS,260
5,4,RP,none,82
5,4,none,RP,86
5,4,RP,none,87
5,4,none,RS,88
5,4,RS,PC,90
5,4,PC,none,91
5,4,none,RP,94
5,4,RP,none,97
5,4,none,RP,99
5,4,RP,none,102
5,4,none,RCL,106
5,4,RCL,RP,107
5,4,RP,"RCL,RP",111
5,4,"RCL,RP",RCL,118
5,4,RCL,none,123
5,4,none,RCL,125
5,4,RCL,"RCL,RP",126
5,4,"RCL,RP",RCL,127
5,4,RCL,"RCL,RP",129
5,4,"RCL,RP",RCL,133
5,4,RCL,"BW,RCL",135
5,4,"BW,RCL","RCL,RP",137
5,4,"RCL,RP",RCL,139
5,4,RCL,"BW,HV,RCL",147
5,4,"BW,HV,RCL",RCL,149
5,4,RCL,"BW,HV,RCL",154
5,4,"BW,HV,RCL",RCL,158
5,4,RCL,"GC,HV,RCL",160
5,4,"GC,HV,RCL","HV,RCL",161
5,4,"HV,RCL","HV,RCL,RS",162
5,4,"HV,RCL,RS","BW,HV,RCL,RS",164
5,4,"BW,HV,RCL,RS","GC,RCL,RS",165
5,4,"GC,RCL,RS","GC,RCL",166
5,4,"GC,RCL","GC,HV,RCL",169
5,4,"GC,HV,RCL","BW,GC,HV,RCL",172
5,4,"BW,GC,HV,RCL","GC,HV,RCL",175
5,4,"GC,HV,RCL","GC,RCL",179
5,4,"GC,RCL","BW,GC,RCL",181
5,4,"BW,GC,RCL","BW,GC,HV,RCL",182
5,4,"BW,GC,HV,RCL","BV,BW,GC,HV,RCL",183
5,4,"BV,BW,GC,HV,RCL","GC,HV,RCL",184
5,4,"GC,HV,RCL","BW,GC,HV,RCL",187
5,4,"BW,GC,HV,RCL","BW,GC,HV,RCA,RCL",188
5,4,"BW,GC,HV,RCA,RCL","GC,HV,RCL",189
5,4,"GC,HV,RCL",RCL,192
5,4,RCL,"BW,RCA,RCL",195
5,4,"BW,RCA,RCL","BW,GC,HV,RCA,RCL",196
5,4,"BW,GC,HV,RCA,RCL","GC,HV,RCL",198
5,4,"GC,HV,RCL","HV,RCL",199
5,4,"HV,RCL","HV,RCA,RCL",201
5,4,"HV,RCA,RCL","BW,HV,RCL",202
5,4,"BW,HV,RCL","HV,RCL,RS",204
5,4,"HV,RCL,RS","BW,GC,HV,RCL,RS",206
5,4,"BW,GC,HV,RCL,RS","GC,HV,RCA,RCL,RS",212
5,4,"GC,HV,RCA,RCL,RS","GC,HV,RCL,RS",216
5,4,"GC,HV,RCL,RS","HV,RCL,RS",218
5,4,"HV,RCL,RS","HC,HV,RCL,RS",219
5,4,"HC,HV,RCL,RS","HV,RCL,RS",220
5,4,"HV,RCL,RS","GC,HV,RCL,RS",223
5,4,"GC,HV,RCL,RS","BW,GC,HV,RCL,RS",224
5,4,"BW,GC,HV,RCL,RS","BW,GC,RCL,RS",225
5,4,"BW,GC,RCL,RS","BW,RCL,RS",226
5,4,"BW,RCL,RS","BW,GC,RCL,RS",229
5,4,"BW,GC,RCL,RS","BW,RCL,RS",230
5,4,"BW,RCL,RS","RCL,RS",231
5,4,"RCL,RS","BW,HV,RCL,RS",234
5,4,"BW,HV,RCL,RS","HV,RCL,RS",237
5,4,"HV,RCL,RS","RCL,RS",251
5,4,"RCL,RS",RS,278
5,4,RS,none,315
5,4,none,RS,319
5,4,RS,none,323
5,4,none,RCL,327
5,4,RCL,none,328
5,4,none,RS,334
5,4,RS,none,336
5,4,none,RS,342
5,4,RS,none,343
5,4,none,RS,355
5,5,PC,none,38
5,5,none,"RP,RS",74
5,5,"RP,RS",none,75
5,5,none,"RP,RS",77
5,5,"RP,RS",RP,82
5,5,RP,RS,94
5,5,RS,none,95
5,5,none,RS,109
5,5,RS,"RCL,RS",116
5,5,"RCL,RS",RCL,124
5,5,RCL,"RCL,RS",137
5,5,"RCL,RS",RCL,140
5,5,RCL,"BW,HV,RCL",156
5,5,"BW,HV,RCL","BW,RCL",157
5,5,"BW,RCL",RCL,158
5,5,RCL,"BW,RCL",165
5,5,"BW,RCL","BV,BW,RCL",167
5,5,"BV,BW,RCL","RCA,RCL",168
5,5,"RCA,RCL",RCL,169
5,5,RCL,"BV,BW,GC,HV,RCL",186
5,5,"BV,BW,GC,HV,RCL","BW,GC,HV,RCL",187
5,5,"BW,GC,HV,RCL","GC,HC,HV,RCA,RCL",188
5,5,"GC,HC,HV,RCA,RCL","RCA,RCL",189
5,5,"RCA,RCL","HV,RCA,RCL",191
5,5,"HV,RCA,RCL","RCA,RCL",192
5,5,"RCA,RCL","HC,RCA,RCL",193
5,5,"HC,RCA,RCL",RCL,194
5,5,RCL,"BW,RCL",200
5,5,"BW,RCL",RCL,203
5,5,RCL,"HC,RCL",205
5,5,"HC,RCL","BW,HC,RCL",208
5,5,"BW,HC,RCL","BW,RCL",209
5,5,"BW,RCL","BV,BW,RCL",211
5,5,"BV,BW,RCL","BV,BW,HC,RCL",212
5,5,"BV,BW,HC,RCL","HC,RCL",213
5,5,"HC,RCL","HV,RCL",214
5,5,"HV,RCL",RCL,215
5,5,RCL,"HC,RCL",217
5,5,"HC,RCL","BW,RCL",219
5,5,"BW,RCL",RCL,221
5,5,RCL,"HC,RCL",223
5,5,"HC,RCL",RCL,228
5,5,RCL,"BW,RCL",244
5,5,"BW,RCL","BV,BW,RCL",245
5,5,"BV,BW,RCL","BW,RCL",246
5,5,"BW,RCL",RCL,247
5,5,RCL,none,278
5,5,none,RS,280
5,5,RS,none,290
5,5,none,RS,295
5,6,RS,none,57
5,6,none,RS,59
5,6,RS,none,65
5,6,none,RS,72
5,6,RS,none,75
5,6,none,RS,82
5,6,RS,none,83
5,6,none,RS,86
5,6,RS,RP,94
5,6,RP,"RP,RS",96
5,6,"RP,RS",RP,99
5,6,RP,none,105
5,6,none,RS,107
5,6,RS,none,122
5,6,none,RCL,130
5,6,RCL,none,131
5,6,none,RCL,135
5,6,RCL,"RCA,RCL",136
5,6,"RCA,RCL",RCL,137
5,6,RCL,"RCA,RCL",139
5,6,"RCA,RCL",RCL,141
5,6,RCL,"BW,RCL",148
5,6,"BW,RCL",RCL,149
5,6,RCL,"BW,RCL",153
5,6,"BW,RCL","BV,BW,HV,RCL",155
5,6,"BV,BW,HV,RCL","HV,RCL",157
5,6,"HV,RCL",RCL,158
5,6,RCL,"RCA,RCL",179
5,6,"RCA,RCL","BW,RCL",180
5,6,"BW,RCL",RCL,183
5,6,RCL,"BW,RCL",195
5,6,"BW,RCL","BV,BW,HV,RCL",196
5,6,"BV,BW,HV,RCL","AC,HV,RCL",198
5,6,"AC,HV,RCL",RCL,199
5,6,RCL,none,206
5,6,none,RCL,208
5,6,RCL,"RCA,RCL",217
5,6,"RCA,RCL",RCL,219
5,6,RCL,"BW,RCL",234
5,6,"BW,RCL",RCL,236
5,6,RCL,"RCA,RCL",237
5,6,"RCA,RCL",RCL,238
5,6,RCL,"RCA,RCL",240
5,6,"RCA,RCL",RCL,241
5,6,RCL,none,242
5,6,none,"BW,HV",246
5,6,"BW,HV",HV,247
5,6,HV,"HV,RCL",248
5,6,"HV,RCL",RCL,250
5,6,RCL,HV,261
5,6,HV,none,262
5,6,none,RCL,263
5,6,RCL,"RCL,RS",278
5,6,"RCL,RS",RCL,279
5,6,RCL,none,281
5,6,none,RS,282
5,6,RS,none,283
5,6,none,RS,288
5,6,RS,none,290
5,6,none,RS,302
5,6,RS,none,307
5,6,none,RS,311
5,6,RS,none,318
5,6,none,RS,321
5,6,RS,none,324
5,6,none,RS,327
5,7,RS,none,41
5,7,none,RS,52
5,7,RS,none,53
5,7,none,RS,63
5,7,RS,none,71
5,7,none,RS,76
5,7,RS,PC,77
5,7,PC,none,78
5,7,none,RS,79
5,7,RS,none,90
5,7,none,RS,93
5,7,RS,"RP,RS",98
5,7,"RP,RS","PC,RCL,RP,RS",100
5,7,"PC,RCL,RP,RS","RCL,RP,RS",101
5,7,"RCL,RP,RS","RP,RS",102
5,7,"RP,RS","RCL,RP,RS",105
5,7,"RCL,RP,RS","RCL,RS",111
5,7,"RCL,RS","RCL,RP,RS",113
5,7,"RCL,RP,RS","BW,RCL,RS",114
5,7,"BW,RCL,RS","RCL,RS",116
5,7,"RCL,RS",RCL,117
5,7,RCL,"RCL,RS",119
5,7,"RCL,RS",RCL,123
5,7,RCL,none,124
5,7,none,RCL,126
5,7,RCL,"RCL,RS",127
5,7,"RCL,RS",RCL,130
5,7,RCL,none,131
5,7,none,RS,132
5,7,RS,"RCL,RS",134
5,7,"RCL,RS","BW,RCL,RS",137
5,7,"BW,RCL,RS","RCL,RS",140
5,7,"RCL,RS","BW,RCL,RS",145
5,7,"BW,RCL,RS","RCL,RS",147
5,7,"RCL,RS","BW,HV,RCL,RS",149
5,7,"BW,HV,RCL,RS","BW,GC,HV,RCA,RCL,RS",151
5,7,"BW,GC,HV,RCA,RCL,RS","GC,HV,RCL,RS",152
5,7,"GC,HV,RCL,RS","HV,RCA,RCL,RS",155
5,7,"HV,RCA,RCL,RS","RCA,RCL,RS",156
5,7,"RCA,RCL,RS","GC,HV,RCA,RCL,RS",159
5,7,"GC,HV,RCA,RCL,RS","GC,RCA,RCL,RS",160
5,7,"GC,RCA,RCL,RS","GC,RCL,RS",161
5,7,"GC,RCL,RS","RCL,RS",162
5,7,"RCL,RS","RCA,RCL,RS",169
5,7,"RCA,RCL,RS","BW,RCA,RCL,RS",170
5,7,"BW,RCA,RCL,RS","BW,GC,RCA,RCL,RS",171
5,7,"BW,GC,RCA,RCL,RS","RCA,RCL,RS",172
5,7,"RCA,RCL,RS","BW,RCA,RCL",178
5,7,"BW,RCA,RCL","BW,GC,RCA,RCL",179
5,7,"BW,GC,RCA,RCL","BW,GC,RCA,RCL,RS",180
5,7,"BW,GC,RCA,RCL,RS","RCA,RCL,RS",181
5,7,"RCA,RCL,RS","GC,RCA,RCL",183
5,7,"GC,RCA,RCL","BW,GC,RCA,RCL",192
5,7,"BW,GC,RCA,RCL","BW,GC,HV,RCA,RCL",193
5,7,"BW,GC,HV,RCA,RCL","BW,GC,HV,RCA,RCL,RS",194
5,7,"BW,GC,HV,RCA,RCL,RS","GC,HV,RCA,RCL",196
5,7,"GC,HV,RCA,RCL","BW,GC,HV,RCA,RCL,RS",198
5,7,"BW,GC,HV,RCA,RCL,RS","HV,RCA,RCL,RS",199
5,7,"HV,RCA,RCL,RS","BW,HV,RCA,RCL,RS",201
5,7,"BW,HV,RCA,RCL,RS","BW,GC,HV,RCA,RCL,RS",202
5,7,"BW,GC,HV,RCA,RCL,RS","BW,GC,HV,RCL,RS",204
5,7,"BW,GC,HV,RCL,RS","GC,HV,RCL,RS",205
5,7,"GC,HV,RCL,RS","HV,RCL,RS",206
5,7,"HV,RCL,RS","BW,HV,RCA,RCL,RS",208
5,7,"BW,HV,RCA,RCL,RS","HV,RCA,RCL,RS",209
5,7,"HV,RCA,RCL,RS","HV,RCL,RS",210
5,7,"HV,RCL,RS","BW,HV,RCL,RS",211
5,7,"BW,HV,RCL,RS","AC,BW,HV,RCL,RS",212
5,7,"AC,BW,HV,RCL,RS","BW,HV,RCL,RS",213
5,7,"BW,HV,RCL,RS","BV,BW,GC,HV,RCL,RS",214
5,7,"BV,BW,GC,HV,RCL,RS","BV,BW,GC,HV,RCA,RCL,RS",215
5,7,"BV,BW,GC,HV,RCA,RCL,RS","GC,HV,RCA,RCL,RS",216
5,7,"GC,HV,RCA,RCL,RS","BW,GC,HV,RCA,RCL,RS",220
5,7,"BW,GC,HV,RCA,RCL,RS","GC,HV,RCA,RCL,RS",224
5,7,"GC,HV,RCA,RCL,RS","HV,RCA,RCL,RS",225
5,7,"HV,RCA,RCL,RS","BW,HV,RCA,RCL,RS",227
5,7,"BW,HV,RCA,RCL,RS","GC,HV,RCA,RCL,RS",229
5,7,"GC,HV,RCA,RCL,RS","HV,RCA,RCL,RS",231
5,7,"HV,RCA,RCL,RS","BW,HV,RCA,RCL,RS",233
5,7,"BW,HV,RCA,RCL,RS","HV,RCA,RCL,RS",238
5,7,"HV,RCA,RCL,RS","BW,RCA,RCL,RS",240
5,7,"BW,RCA,RCL,RS","RCA,RCL,RS",243
5,7,"RCA,RCL,RS","HV,RCA,RCL,RS",244
5,7,"HV,RCA,RCL,RS","RCA,RCL,RS",246
5,7,"RCA,RCL,RS","RCA,RCL",247
5,7,"RCA,RCL",RCL,251
5,7,RCL,"RCL,RS",256
5,7,"RCL,RS",RCL,263
5,7,RCL,none,283
5,7,none,RS,296
5,7,RS,"RCA,RS",308
5,7,"RCA,RS",RS,309
5,7,RS,none,311
5,7,none,RS,313
5,7,RS,none,314
5,7,none,RCA,321
5,7,RCA,none,322
5,7,none,RS,328
5,8,RS,none,79
5,8,none,RS,81
5,8,RS,none,83
5,8,none,RP,84
5,8,RP,"RP,RS",91
5,8,"RP,RS",RP,93
5,8,RP,none,94
5,8,none,RS,104
5,8,RS,"RP,RS",106
5,8,"RP,RS",RP,107
5,8,RP,none,108
5,8,none,RCL,113
5,8,RCL,"RCL,RS",118
5,8,"RCL,RS",none,122
5,8,none,RS,124
5,8,RS,"RCL,RS",125
5,8,"RCL,RS",RCL,130
5,8,RCL,"RCL,RS",136
5,8,"RCL,RS","BW,RCL,RS",139
5,8,"BW,RCL,RS","RCL,RS",141
5,8,"RCL,RS",RCL,145
5,8,RCL,"RCL,RS",163
5,8,"RCL,RS",RCL,164
5,8,RCL,"BW,RCL",166
5,8,"BW,RCL","BW,HV,RCL",167
5,8,"BW,HV,RCL","BV,BW,HC,HV,RCL",168
5,8,"BV,BW,HC,HV,RCL","BW,HV,RCL",169
5,8,"BW,HV,RCL","BW,HV,RCA,RCL",178
5,8,"BW,HV,RCA,RCL","BV,BW,GC,HC,HV,RCA,RCL",190
5,8,"BV,BW,GC,HC,HV,RCA,RCL","BW,HC,RCA,RCL",191
5,8,"BW,HC,RCA,RCL","RCA,RCL",192
5,8,"RCA,RCL",RCL,194
5,8,RCL,"HC,RCL",195
5,8,"HC,RCL","HC,RCA,RCL",196
5,8,"HC,RCA,RCL",RCL,203
5,8,RCL,none,204
5,8,none,"HC,RCL",206
5,8,"HC,RCL",RCL,208
5,8,RCL,"RCA,RCL",211
5,8,"RCA,RCL","HC,RCL",212
5,8,"HC,RCL","HC,RCA,RCL",214
5,8,"HC,RCA,RCL","HC,RCL",215
5,8,"HC,RCL","HC,RCA,RCL",217
5,8,"HC,RCA,RCL","HC,RCL",218
5,8,"HC,RCL",RCL,223
5,8,RCL,"HC,RCL",225
5,8,"HC,RCL","HC,RCA,RCL",228
5,8,"HC,RCA,RCL","RCA,RCL",232
5,8,"RCA,RCL",RCL,233
5,8,RCL,"HC,RCL",237
5,8,"HC,RCL",RCL,243
5,8,RCL,"HC,RCL",247
5,8,"HC,RCL",RCL,248
5,8,RCL,"RCL,RS",249
5,8,"RCL,RS",RCL,250
5,8,RCL,"RCL,RS",254
5,8,"RCL,RS","BW,RCL,RS",259
5,8,"BW,RCL,RS","BW,HV,RCL,RS",260
5,8,"BW,HV,RCL,RS","RCL,RS",261
5,8,"RCL,RS",RS,282
5,8,RS,"RCL,RS",286
5,8,"RCL,RS",RS,289
5,9,RS,none,72
5,9,none,RS,76
5,9,RS,none,79
5,9,none,RS,84
5,9,RS,none,86
5,9,none,RS,92
5,9,RS,none,97
5,9,none,PC,103
5,9,PC,RS,104
5,9,RS,"BW,RS",109
5,9,"BW,RS",RP,110
5,9,RP,none,111
5,9,none,BW,126
5,9,BW,none,127
5,9,none,BW,132
5,9,BW,"BW,HV",135
5,9,"BW,HV","HV,RCL",137
5,9,"HV,RCL",HV,138
5,9,HV,none,139
5,9,none,RCL,140
5,9,RCL,"HV,RCL",155
5,9,"HV,RCL","BW,HV,RCL",156
5,9,"BW,HV,RCL","BV,BW,HC,HV,RCL",157
5,9,"BV,BW,HC,HV,RCL","HC,HV,RCL",158
5,9,"HC,HV,RCL","HC,HV,RCA,RCL",160
5,9,"HC,HV,RCA,RCL","HV,RCL",163
5,9,"HV,RCL",RCL,164
5,9,RCL,"BW,HV,RCL",167
5,9,"BW,HV,RCL","BV,BW,HV,RCL",168
5,9,"BV,BW,HV,RCL",RCL,170
5,9,RCL,"GC,RCA,RCL",172
5,9,"GC,RCA,RCL","RCA,RCL",173
5,9,"RCA,RCL","HC,RCA,RCL",178
5,9,"HC,RCA,RCL","RCA,RCL",180
5,9,"RCA,RCL","BW,RCA,RCL",184
5,9,"BW,RCA,RCL","BV,BW,RCA,RCL",185
5,9,"BV,BW,RCA,RCL","GC,RCA,RCL",187
5,9,"GC,RCA,RCL","BV,BW,GC,HV,RCA,RCL",189
5,9,"BV,BW,GC,HV,RCA,RCL","BW,GC,HC,RCA,RCL",190
5,9,"BW,GC,HC,RCA,RCL","GC,HC,RCA,RCL",191
5,9,"GC,HC,RCA,RCL","HC,RCA,RCL",192
5,9,"HC,RCA,RCL","RCA,RCL",195
5,9,"RCA,RCL","HC,RCA,RCL",201
5,9,"HC,RCA,RCL","RCA,RCL",202
5,9,"RCA,RCL","HC,RCA,RCL",206
5,9,"HC,RCA,RCL","RCA,RCL",207
5,9,"RCA,RCL",RCL,223
5,9,RCL,"BW,RCL",225
5,9,"BW,RCL",RCL,227
5,9,RCL,"RCA,RCL",231
5,9,"RCA,RCL",RCL,233
5,9,RCL,"BW,RCA,RCL",236
5,9,"BW,RCA,RCL","RCA,RCL",241
5,9,"RCA,RCL",RCL,243
5,9,RCL,"RCA,RCL",246
5,9,"RCA,RCL",RCL,247
5,9,RCL,"BW,RCL",250
5,9,"BW,RCL",RCL,251
5,9,RCL,"BW,HC,RCA,RCL",265
5,9,"BW,HC,RCA,RCL","BV,BW,HC,HV,RCA,RCL,RS",267
5,9,"BV,BW,HC,HV,RCA,RCL,RS","BV,BW,HV,RCL,RS",268
5,9,"BV,BW,HV,RCL,RS","RCL,RS",269
5,9,"RCL,RS",RCL,276
5,9,RCL,"RCL,RS",280
5,9,"RCL,RS",RS,281
5,9,RS,"HV,RS",283
5,9,"HV,RS",RS,284
5,9,RS,"HV,RS",290
5,9,"HV,RS",none,291
5,9,none,HV,298
5,9,HV,none,299
5,9,none,HV,306
5,9,HV,none,307
5,9,none,RS,320
5,10,RP,none,78
5,10,none,RP,85
5,10,RP,none,87
5,10,none,RP,91
5,10,RP,RS,92
5,10,RS,"PT,RP,RS",95
5,10,"PT,RP,RS",RS,96
5,10,RS,RP,101
5,10,RP,none,102
5,10,none,RCL,118
5,10,RCL,none,125
5,10,none,RCL,127
5,10,RCL,"RCA,RCL",143
5,10,"RCA,RCL",RCL,144
5,10,RCL,"BW,RCL",146
5,10,"BW,RCL","BW,HC,RCA,RCL",148
5,10,"BW,HC,RCA,RCL",RCL,149
5,10,RCL,"RCA,RCL",152
5,10,"RCA,RCL",RCL,157
5,10,RCL,"RCA,RCL",160
5,10,"RCA,RCL","HC,RCA,RCL",165
5,10,"HC,RCA,RCL","RCA,RCL",166
5,10,"RCA,RCL","HC,RCA,RCL",168
5,10,"HC,RCA,RCL","RCA,RCL",169
5,10,"RCA,RCL","RCA,RCL,RS",171
5,10,"RCA,RCL,RS","RCA,RCL",172
5,10,"RCA,RCL",RCL,173
5,10,RCL,"BW,RCL",174
5,10,"BW,RCL","RCA,RCL",175
5,10,"RCA,RCL",RCL,181
5,10,RCL,"BV,BW,RCL",182
5,10,"BV,BW,RCL","BW,RCL",183
5,10,"BW,RCL",RCL,184
5,10,RCL,"RCA,RCL",185
5,10,"RCA,RCL",RCL,186
5,10,RCL,"BW,RCL",187
5,10,"BW,RCL","HC,RCL",190
5,10,"HC,RCL","HC,RCA,RCL",192
5,10,"HC,RCA,RCL","RCA,RCL",193
5,10,"RCA,RCL","HC,RCA,RCL",198
5,10,"HC,RCA,RCL","RCA,RCL",200
5,10,"RCA,RCL","HC,RCL",204
5,10,"HC,RCL","RCA,RCL",206
5,10,"RCA,RCL","BW,RCA,RCL",207
5,10,"BW,RCA,RCL","BW,HV,RCA,RCL",209
5,10,"BW,HV,RCA,RCL","BW,HC,HV,RCA,RCL",210
5,10,"BW,HC,HV,RCA,RCL","BW,GC,HC,HV,RCL",211
5,10,"BW,GC,HC,HV,RCL","GC,HC,HV,RCL",212
5,10,"GC,HC,HV,RCL","HC,RCL",213
5,10,"HC,RCL","BV,HC,RCA,RCL",214
5,10,"BV,HC,RCA,RCL","HC,HV,RCA,RCL",215
5,10,"HC,HV,RCA,RCL","HC,RCA,RCL",216
5,10,"HC,RCA,RCL","GC,HC,RCA,RCL",222
5,10,"GC,HC,RCA,RCL","HC,RCL",223
5,10,"HC,RCL","HC,RCA,RCL",225
5,10,"HC,RCA,RCL","BW,HC,HV,RCA,RCL",227
5,10,"BW,HC,HV,RCA,RCL","BW,HC,RCA,RCL",228
5,10,"BW,HC,RCA,RCL","HC,RCA,RCL",229
5,10,"HC,RCA,RCL","HC,RCL",233
5,10,"HC,RCL","GC,HC,HV,RCL",234
5,10,"GC,HC,HV,RCL","BW,GC,HC,HV,RCL",235
5,10,"BW,GC,HC,HV,RCL","HC,HV,RCA,RCL",237
5,10,"HC,HV,RCA,RCL","HC,HV,RCL",238
5,10,"HC,HV,RCL","HC,RCL",241
5,10,"HC,RCL","BV,BW,GC,HC,HV,RCL",245
5,10,"BV,BW,GC,HC,HV,RCL","BW,GC,HC,HV,RCL",246
5,10,"BW,GC,HC,HV,RCL","BW,GC,HC,HV,RCA,RCL",247
5,10,"BW,GC,HC,HV,RCA,RCL","BW,HC,HV,RCA,RCL,RS",249
5,10,"BW,HC,HV,RCA,RCL,RS","BW,HC,HV,RCL,RS",250
5,10,"BW,HC,HV,RCL,RS","BW,HC,HV,RCA,RCL,RS",252
5,10,"BW,HC,HV,RCA,RCL,RS","BW,HC,HV,RCL,RS",253
5,10,"BW,HC,HV,RCL,RS","GC,HC,RCL,RS",254
5,10,"GC,HC,RCL,RS","RCL,RS",255
5,10,"RCL,RS","HC,RCL,RS",258
5,10,"HC,RCL,RS","RCL,RS",259
5,10,"RCL,RS",RS,286
5,11,RP,none,84
5,11,none,RS,85
5,11,RS,"RP,RS",89
5,11,"RP,RS",RS,90
5,11,RS,"RP,RS",92
5,11,"RP,RS",RS,94
5,11,RS,none,95
5,11,none,RP,97
5,11,RP,"RP,RS",98
5,11,"RP,RS",RS,100
5,11,RS,"RP,RS",103
5,11,"RP,RS",RS,104
5,11,RS,"RP,RS",106
5,11,"RP,RS",RS,109
5,11,RS,"RCL,RS",113
5,11,"RCL,RS",RS,114
5,11,RS,"BW,RCL,RS",121
5,11,"BW,RCL,RS",RS,122
5,11,RS,"BW,RS",124
5,11,"BW,RS","BW,RCL,RS",125
5,11,"BW,RCL,RS","RCL,RS",127
5,11,"RCL,RS",RCL,129
5,11,RCL,"BW,RCL",136
5,11,"BW,RCL",RCL,137
5,11,RCL,"BW,RCL",139
5,11,"BW,RCL","BW,RCL,RS",141
5,11,"BW,RCL,RS","BW,RCL",142
5,11,"BW,RCL","BV,BW,HV,RCL,RS",145
5,11,"BV,BW,HV,RCL,RS","BW,HV,RCL,RS",146
5,11,"BW,HV,RCL,RS","BW,HC,HV,RCL,RS",148
5,11,"BW,HC,HV,RCL,RS",RCL,149
5,11,RCL,"BW,RCL,RS",161
5,11,"BW,RCL,RS",RCL,162
5,11,RCL,"HC,RCL",168
5,11,"HC,RCL","BV,BW,GC,HC,HV,RCL",169
5,11,"BV,BW,GC,HC,HV,RCL","BV,BW,GC,HC,HV,RCA,RCL",170
5,11,"BV,BW,GC,HC,HV,RCA,RCL","GC,HC,HV,RCL",171
5,11,"GC,HC,HV,RCL","GC,HC,RCL",173
5,11,"GC,HC,RCL",RCL,174
5,11,RCL,"HC,RCL",176
5,11,"HC,RCL",RCL,177
5,11,RCL,"RCA,RCL",178
5,11,"RCA,RCL",RCL,181
5,11,RCL,"RCL,RS",184
5,11,"RCL,RS","RCA,RCL",185
5,11,"RCA,RCL",RCL,186
5,11,RCL,"HV,RCL",187
5,11,"HV,RCL",RCL,188
5,11,RCL,"HC,RCL",194
5,11,"HC,RCL",RCL,200
5,11,RCL,"BW,RCL",201
5,11,"BW,RCL","BV,BW,RCL",202
5,11,"BV,BW,RCL","BV,HC,RCA,RCL",203
5,11,"BV,HC,RCA,RCL","HC,RCL",204
5,11,"HC,RCL",RCL,208
5,11,RCL,"HC,RCL",210
5,11,"HC,RCL",RCL,211
5,11,RCL,"HC,RCL",216
5,11,"HC,RCL",RCL,223
5,11,RCL,"BV,BW,GC,RCA,RCL",228
5,11,"BV,BW,GC,RCA,RCL","BV,BW,HC,RCL",229
5,11,"BV,BW,HC,RCL","HC,RCL",230
5,11,"HC,RCL","HC,RCA,RCL",234
5,11,"HC,RCA,RCL","HC,RCL",235
5,11,"HC,RCL","AC,HC,RCL",236
5,11,"AC,HC,RCL","AC,RCL",243
5,11,"AC,RCL",RCL,245
5,11,RCL,"BW,RCL",250
5,11,"BW,RCL",RCL,251
5,12,RS,none,45
5,12,none,RS,50
5,12,RS,none,51
5,12,none,RS,59
5,12,RS,none,65
5,12,none,RS,71
5,12,RS,none,72
5,12,none,RP,73
5,12,RP,none,81
5,12,none,RP,89
5,12,RP,none,93
5,12,none,RS,94
5,12,RS,none,96
5,12,none,RS,99
5,12,RS,none,100
5,12,none,RCL,104
5,12,RCL,HC,106
5,12,HC,none,107
5,12,none,RCL,108
5,12,RCL,"BW,RCL",119
5,12,"BW,RCL","BW,HC,HV,RCL",120
5,12,"BW,HC,HV,RCL","BW,HV,RCL",121
5,12,"BW,HV,RCL","RCA,RCL",123
5,12,"RCA,RCL","AC,HC,RCA,RCL",132
5,12,"AC,HC,RCA,RCL",RCL,133
5,12,RCL,"RCA,RCL",135
5,12,"RCA,RCL",RCL,139
5,12,RCL,"RCA,RCL",141
5,12,"RCA,RCL","BW,GC,RCA,RCL",144
5,12,"BW,GC,RCA,RCL","BW,GC,HV,RCA,RCL",145
5,12,"BW,GC,HV,RCA,RCL","BW,GC,RCA,RCL",146
5,12,"BW,GC,RCA,RCL","GC,RCA,RCL",147
5,12,"GC,RCA,RCL","GC,HV,RCA,RCL",151
5,12,"GC,HV,RCA,RCL","GC,RCA,RCL",152
5,12,"GC,RCA,RCL","RCA,RCL",153
5,12,"RCA,RCL","GC,RCA,RCL",156
5,12,"GC,RCA,RCL","RCA,RCL",157
5,12,"RCA,RCL","BW,RCA,RCL",161
5,12,"BW,RCA,RCL","BW,GC,RCA,RCL",162
5,12,"BW,GC,RCA,RCL","GC,RCA,RCL",163
5,12,"GC,RCA,RCL","RCA,RCL",164
5,12,"RCA,RCL","GC,RCA,RCL",174
5,12,"GC,RCA,RCL","RCA,RCL",176
5,12,"RCA,RCL","BW,RCA,RCL",177
5,12,"BW,RCA,RCL","BW,GC,RCA,RCL",178
5,12,"BW,GC,RCA,RCL","BW,GC,HV,RCA,RCL",179
5,12,"BW,GC,HV,RCA,RCL","BW,HV,RCA,RCL",180
5,12,"BW,HV,RCA,RCL","HV,RCA,RCL",181
5,12,"HV,RCA,RCL","HC,HV,RCL",183
5,12,"HC,HV,RCL",RCL,185
5,12,RCL,"RCA,RCL",187
5,12,"RCA,RCL","BW,RCA,RCL",188
5,12,"BW,RCA,RCL","BW,HC,RCA,RCL",190
5,12,"BW,HC,RCA,RCL","HC,RCA,RCL",191
5,12,"HC,RCA,RCL","RCA,RCL",192
5,12,"RCA,RCL","BW,RCA,RCL",193
5,12,"BW,RCA,RCL","BW,GC,HC,RCA,RCL",194
5,12,"BW,GC,HC,RCA,RCL","BW,GC,RCA,RCL",196
5,12,"BW,GC,RCA,RCL","BW,GC,HV,RCA,RCL",197
5,12,"BW,GC,HV,RCA,RCL","BW,HV,RCA,RCL",198
5,12,"BW,HV,RCA,RCL","BW,HC,HV,RCA,RCL",200
5,12,"BW,HC,HV,RCA,RCL","BW,HC,RCA,RCL",201
5,12,"BW,HC,RCA,RCL","BW,RCA,RCL",202
5,12,"BW,RCA,RCL","HC,RCA,RCL",204
5,12,"HC,RCA,RCL","RCA,RCL",205
5,12,"RCA,RCL","HC,RCA,RCL",209
5,12,"HC,RCA,RCL",RCL,210
5,12,RCL,"RCA,RCL",213
5,12,"RCA,RCL",RCL,214
5,12,RCL,"RCA,RCL",216
5,12,"RCA,RCL","BW,RCA,RCL",217
5,12,"BW,RCA,RCL","BW,GC,RCA,RCL",218
5,12,"BW,GC,RCA,RCL","BW,GC,HV,RCA,RCL",219
5,12,"BW,GC,HV,RCA,RCL","BV,BW,GC,HV,RCA,RCL",220
5,12,"BV,BW,GC,HV,RCA,RCL","BW,GC,RCA,RCL",221
5,12,"BW,GC,RCA,RCL","BW,RCA,RCL",222
5,12,"BW,RCA,RCL","BW,HV,RCA,RCL",223
5,12,"BW,HV,RCA,RCL","BW,GC,HC,HV,RCA,RCL",225
5,12,"BW,GC,HC,HV,RCA,RCL","BW,GC,HC,HV,RCL",226
5,12,"BW,GC,HC,HV,RCL","GC,HC,HV,RCL",227
5,12,"GC,HC,HV,RCL","HC,HV,RCL",228
5,12,"HC,HV,RCL","HC,RCL",230
5,12,"HC,RCL","HC,RCA,RCL",231
5,12,"HC,RCA,RCL","BW,GC,HC,HV,RCA,RCL",232
5,12,"BW,GC,HC,HV,RCA,RCL","BW,GC,HV,RCA,RCL",233
5,12,"BW,GC,HV,RCA,RCL","RCA,RCL",234
5,12,"RCA,RCL",RCL,235
5,12,RCL,"RCA,RCL",240
5,12,"RCA,RCL",RCL,247
5,12,RCL,"RCL,RS",250
5,12,"RCL,RS",RS,291
5,13,RS,none,73
5,13,none,RS,75
5,13,RS,none,76
5,13,none,RS,80
5,13,RS,none,86
5,13,none,RS,96
5,13,RS,none,97
5,13,none,RS,99
5,13,RS,none,100
5,13,none,RS,102
5,13,RS,none,105
5,13,none,RS,108
5,13,RS,none,109
5,13,none,RS,116
5,13,RS,none,117
5,13,none,RCL,126
5,13,RCL,none,128
5,13,none,RCL,131
5,13,RCL,"HC,RCL",135
5,13,"HC,RCL",RCL,136
5,13,RCL,"RCA,RCL",141
5,13,"RCA,RCL",RCL,142
5,13,RCL,"BW,RCA,RCL",146
5,13,"BW,RCA,RCL","RCA,RCL",149
5,13,"RCA,RCL",RCL,151
5,13,RCL,"RCA,RCL",156
5,13,"RCA,RCL",RCL,157
5,13,RCL,"RCA,RCL",160
5,13,"RCA,RCL","BW,RCA,RCL",164
5,13,"BW,RCA,RCL","BV,BW,HV,RCA,RCL",165
5,13,"BV,BW,HV,RCA,RCL","GC,HV,RCA,RCL",166
5,13,"GC,HV,RCA,RCL","RCA,RCL",167
5,13,"RCA,RCL",RCL,168
5,13,RCL,"RCA,RCL",170
5,13,"RCA,RCL","HC,RCA,RCL",175
5,13,"HC,RCA,RCL","RCA,RCL,RS",176
5,13,"RCA,RCL,RS","AC,RCA,RCL,RS",177
5,13,"AC,RCA,RCL,RS","HC,RCL,RS",178
5,13,"HC,RCL,RS","HC,RCA,RCL,RS",180
5,13,"HC,RCA,RCL,RS","BV,BW,GC,HC,HV,RCA,RCL,RS",181
5,13,"BV,BW,GC,HC,HV,RCA,RCL,RS","AC,BV,BW,GC,HC,HV,RCA,RCL,RS",183
5,13,"AC,BV,BW,GC,HC,HV,RCA,RCL,RS","AC,GC,HC,HV,RCL,RS",184
5,13,"AC,GC,HC,HV,RCL,RS","GC,RCL,RS",185
5,13,"GC,RCL,RS","GC,HC,HV,RCA,RCL,RS",187
5,13,"GC,HC,HV,RCA,RCL,RS","AC,GC,HC,HV,RCA,RCL,RS",188
5,13,"AC,GC,HC,HV,RCA,RCL,RS","GC,HC,HV,RCL,RS",189
5,13,"GC,HC,HV,RCL,RS","GC,HC,HV,RCL",190
5,13,"GC,HC,HV,RCL","GC,HC,HV,RCA,RCL",194
5,13,"GC,HC,HV,RCA,RCL","BW,GC,HC,HV,RCA,RCL",195
5,13,"BW,GC,HC,HV,RCA,RCL","BW,HC,HV,RCA,RCL",197
5,13,"BW,HC,HV,RCA,RCL","BW,GC,HC,HV,RCA,RCL",199
5,13,"BW,GC,HC,HV,RCA,RCL","BW,HC,HV,RCL",200
5,13,"BW,HC,HV,RCL","HC,HV,RCL",201
5,13,"HC,HV,RCL","HC,HV,RCA,RCL",202
5,13,"HC,HV,RCA,RCL","HC,RCA,RCL",203
5,13,"HC,RCA,RCL","RCA,RCL",209
5,13,"RCA,RCL","HC,RCL",211
5,13,"HC,RCL","HC,RCA,RCL",213
5,13,"HC,RCA,RCL","RCA,RCL",222
5,13,"RCA,RCL","BW,RCA,RCL",224
5,13,"BW,RCA,RCL","BV,BW,GC,HC,RCA,RCL",226
5,13,"BV,BW,GC,HC,RCA,RCL","BV,BW,GC,HV,RCA,RCL,RS",228
5,13,"BV,BW,GC,HV,RCA,RCL,RS","BW,GC,HV,RCA,RCL,RS",229
5,13,"BW,GC,HV,RCA,RCL,RS","HC,RCA,RCL,RS",230
5,13,"HC,RCA,RCL,RS","HC,RCL,RS",231
5,13,"HC,RCL,RS","HC,RCA,RCL",233
5,13,"HC,RCA,RCL","RCL,RS",236
5,13,"RCL,RS","HC,RCA,RCL",238
5,13,"HC,RCA,RCL","RCA,RCL",240
5,13,"RCA,RCL","HC,RCA,RCL",243
5,13,"HC,RCA,RCL","HC,RCL",246
5,13,"HC,RCL","RCA,RCL,RS",250
5,13,"RCA,RCL,RS","HC,RCA,RCL,RS",252
5,13,"HC,RCA,RCL,RS","RCA,RCL,RS",254
5,13,"RCA,RCL,RS","RCL,RS",256
5,13,"RCL,RS",RS,281
5,14,RP,none,87
5,14,none,RP,93
5,14,RP,none,94
5,14,none,RP,96
5,14,RP,none,101
5,14,none,RP,103
5,14,RP,none,110
5,14,none,RP,113
5,14,RP,"RCL,RP",114
5,14,"RCL,RP",RCL,120
5,14,RCL,none,121
5,14,none,RCL,128
5,14,RCL,none,131
5,14,none,RP,132
5,14,RP,none,134
5,14,none,RCL,136
5,14,RCL,"BW,HC,RCL",144
5,14,"BW,HC,RCL",RCL,145
5,14,RCL,"BW,RCA,RCL",151
5,14,"BW,RCA,RCL","BV,BW,HC,RCL",152
5,14,"BV,BW,HC,RCL","BW,HC,RCL",153
5,14,"BW,HC,RCL","HC,HV,RCL",154
5,14,"HC,HV,RCL",RCL,155
5,14,RCL,"RCA,RCL",157
5,14,"RCA,RCL","HV,RCL",159
5,14,"HV,RCL","GC,HC,HV,RCA,RCL",163
5,14,"GC,HC,HV,RCA,RCL","BW,GC,HC,HV,RCA,RCL",164
5,14,"BW,GC,HC,HV,RCA,RCL","GC,HV,RCA,RCL",166
5,14,"GC,HV,RCA,RCL","GC,HC,HV,RCA,RCL",171
5,14,"GC,HC,HV,RCA,RCL","HV,RCA,RCL",173
5,14,"HV,RCA,RCL","AC,BW,GC,HV,RCA,RCL",175
5,14,"AC,BW,GC,HV,RCA,RCL","BW,GC,HC,HV,RCA,RCL",176
5,14,"BW,GC,HC,HV,RCA,RCL","GC,HV,RCA,RCL",178
5,14,"GC,HV,RCA,RCL","BW,GC,HC,HV,RCA,RCL",180
5,14,"BW,GC,HC,HV,RCA,RCL","BV,BW,GC,HC,HV,RCL",181
5,14,"BV,BW,GC,HC,HV,RCL","BV,GC,HC,HV,RCL",182
5,14,"BV,GC,HC,HV,RCL","GC,HC,HV,RCL",183
5,14,"GC,HC,HV,RCL","BW,GC,HC,HV,RCA,RCL",184
5,14,"BW,GC,HC,HV,RCA,RCL","GC,HC,HV,RCA,RCL",190
5,14,"GC,HC,HV,RCA,RCL","BV,GC,HC,HV,RCA,RCL",191
5,14,"BV,GC,HC,HV,RCA,RCL","GC,HC,HV,RCA,RCL",192
5,14,"GC,HC,HV,RCA,RCL","BW,GC,HC,HV,RCA,RCL",196
5,14,"BW,GC,HC,HV,RCA,RCL","GC,HC,HV,RCA,RCL",199
5,14,"GC,HC,HV,RCA,RCL","HC,HV,RCA,RCL",200
5,14,"HC,HV,RCA,RCL","HV,RCA,RCL",201
5,14,"HV,RCA,RCL","RCA,RCL",202
5,14,"RCA,RCL","BW,RCA,RCL",203
5,14,"BW,RCA,RCL","BW,HC,HV,RCA,RCL",205
5,14,"BW,HC,HV,RCA,RCL","BW,GC,HC,HV,RCA,RCL",206
5,14,"BW,GC,HC,HV,RCA,RCL","BW,GC,HC,RCA,RCL",207
5,14,"BW,GC,HC,RCA,RCL","HC,RCA,RCL",208
5,14,"HC,RCA,RCL","RCA,RCL",210
5,14,"RCA,RCL","HC,RCL",213
5,14,"HC,RCL","BW,HC,RCL",214
5,14,"BW,HC,RCL","BW,GC,HC,RCA,RCL",216
5,14,"BW,GC,HC,RCA,RCL","GC,HC,RCA,RCL",219
5,14,"GC,HC,RCA,RCL","HC,RCA,RCL",220
5,14,"HC,RCA,RCL","RCA,RCL",223
5,14,"RCA,RCL","BW,HV,RCL",225
5,14,"BW,HV,RCL","BW,GC,HC,HV,RCL,RS",226
5,14,"BW,GC,HC,HV,RCL,RS","BW,GC,HC,HV,RCA,RCL,RS",227
5,14,"BW,GC,HC,HV,RCA,RCL,RS","GC,HC,HV,RCA,RCL,RS",229
5,14,"GC,HC,HV,RCA,RCL,RS","AC,HC,HV,RCA,RCL,RS",231
5,14,"AC,HC,HV,RCA,RCL,RS","HC,HV,RCA,RCL,RS",232
5,14,"HC,HV,RCA,RCL,RS","HC,HV,RCA,RCL",233
5,14,"HC,HV,RCA,RCL","HC,RCA,RCL",234
5,14,"HC,RCA,RCL","HC,RCA,RCL,RS",238
5,14,"HC,RCA,RCL,RS","RCA,RCL,RS",239
5,14,"RCA,RCL,RS","RCL,RS",241
5,14,"RCL,RS","HC,RCL,RS",242
5,14,"HC,RCL,RS",RCL,245
5,14,RCL,"RCL,RS",259
5,14,"RCL,RS",RS,280
5,14,RS,none,312
5,14,none,RS,315
5,15,RS,"PC,RS",66
5,15,"PC,RS",RS,67
5,15,RS,none,73
5,15,none,RS,77
5,15,RS,none,82
5,15,none,RS,88
5,15,RS,"PT,RS",97
5,15,"PT,RS",RS,99
5,15,RS,"PC,RS",101
5,15,"PC,RS","PC,PT,RS",104
5,15,"PC,PT,RS","PT,RS",105
5,15,"PT,RS",PT,106
5,15,PT,none,107
5,15,none,RCL,118
5,15,RCL,none,119
5,15,none,RCL,121
5,15,RCL,"RCL,RS",123
5,15,"RCL,RS","RCA,RCL",125
5,15,"RCA,RCL",RCL,126
5,15,RCL,"BW,HV,RCL",134
5,15,"BW,HV,RCL",RCL,137
5,15,RCL,"GC,RCL,RS",140
5,15,"GC,RCL,RS","BW,GC,RCL,RS",141
5,15,"BW,GC,RCL,RS","BW,GC,HV,RCL",142
5,15,"BW,GC,HV,RCL","BW,HV,RCA,RCL",143
5,15,"BW,HV,RCA,RCL","RCA,RCL",144
5,15,"RCA,RCL","RCA,RCL,RS",148
5,15,"RCA,RCL,RS","RCA,RCL",150
5,15,"RCA,RCL","RCL,RS",152
5,15,"RCL,RS",RCL,153
5,15,RCL,"BW,RCL",154
5,15,"BW,RCL","BW,HV,RCA,RCL",155
5,15,"BW,HV,RCA,RCL","HV,RCL",156
5,15,"HV,RCL","BW,GC,HV,RCA,RCL,RS",158
5,15,"BW,GC,HV,RCA,RCL,RS","BW,HC,HV,RCA,RCL,RS",159
5,15,"BW,HC,HV,RCA,RCL,RS","BW,GC,HC,HV,RCA,RCL,RS",162
5,15,"BW,GC,HC,HV,RCA,RCL,RS","BW,HC,HV,RCA,RCL,RS",164
5,15,"BW,HC,HV,RCA,RCL,RS","BW,GC,HC,HV,RCA,RCL,RS",166
5,15,"BW,GC,HC,HV,RCA,RCL,RS","HV,RCA,RCL,RS",168
5,15,"HV,RCA,RCL,RS","BW,GC,HV,RCA,RCL,RS",170
5,15,"BW,GC,HV,RCA,RCL,RS","BW,GC,RCA,RCL,RS",171
5,15,"BW,GC,RCA,RCL,RS","BW,GC,HC,HV,RCA,RCL,RS",173
5,15,"BW,GC,HC,HV,RCA,RCL,RS","GC,HV,RCA,RCL,RS",176
5,15,"GC,HV,RCA,RCL,RS","BW,GC,HV,RCA,RCL,RS",180
5,15,"BW,GC,HV,RCA,RCL,RS","BW,GC,HC,HV,RCA,RCL,RS",181
5,15,"BW,GC,HC,HV,RCA,RCL,RS","AC,BW,GC,HV,RCA,RCL,RS",182
5,15,"AC,BW,GC,HV,RCA,RCL,RS","AC,GC,HV,RCA,RCL,RS",183
5,15,"AC,GC,HV,RCA,RCL,RS","GC,HV,RCA,RCL",184
5,15,"GC,HV,RCA,RCL","HV,RCA,RCL",185
5,15,"HV,RCA,RCL","BW,HV,RCA,RCL",186
5,15,"BW,HV,RCA,RCL","HV,RCA,RCL",187
5,15,"HV,RCA,RCL","RCA,RCL",188
5,15,"RCA,RCL","BW,RCA,RCL",192
5,15,"BW,RCA,RCL","BW,HV,RCA,RCL",195
5,15,"BW,HV,RCA,RCL","BW,GC,HC,HV,RCA,RCL",196
5,15,"BW,GC,HC,HV,RCA,RCL","BW,GC,HC,HV,RCA,RCL,RS",197
5,15,"BW,GC,HC,HV,RCA,RCL,RS","GC,HC,HV,RCA,RCL,RS",198
5,15,"GC,HC,HV,RCA,RCL,RS","HC,HV,RCA,RCL,RS",199
5,15,"HC,HV,RCA,RCL,RS","BW,HC,HV,RCA,RCL,RS",201
5,15,"BW,HC,HV,RCA,RCL,RS","BW,GC,HC,HV,RCA,RCL,RS",202
5,15,"BW,GC,HC,HV,RCA,RCL,RS","BV,BW,GC,HC,HV,RCA,RCL,RS",203
5,15,"BV,BW,GC,HC,HV,RCA,RCL,RS","GC,HC,HV,RCA,RCL,RS",204
5,15,"GC,HC,HV,RCA,RCL,RS","GC,RCA,RCL",205
5,15,"GC,RCA,RCL","BW,GC,RCA,RCL",206
5,15,"BW,GC,RCA,RCL","HV,RCA,RCL",207
5,15,"HV,RCA,RCL","HV,RCA,RCL,RS",208
5,15,"HV,RCA,RCL,RS","BW,HV,RCA,RCL",209
5,15,"BW,HV,RCA,RCL","BW,HC,RCA,RCL",210
5,15,"BW,HC,RCA,RCL","HC,RCL",212
5,15,"HC,RCL","BW,RCA,RCL",214
5,15,"BW,RCA,RCL","RCA,RCL",221
5,15,"RCA,RCL",RCL,226
5,15,RCL,"RCA,RCL",237
5,15,"RCA,RCL",RCL,238
5,15,RCL,"RCL,RS",252
5,15,"RCL,RS",RCL,253
5,15,RCL,"RCL,RS",255
5,15,"RCL,RS",RCL,272
5,15,RCL,none,279
5,15,none,RCL,281
5,15,RCL,none,282
5,15,none,RS,287
5,15,RS,none,288
5,15,none,RS,292
5,15,RS,none,293
5,15,none,RS,296
5,15,RS,none,297
5,15,none,RS,318
5,15,RS,none,319
5,15,none,RS,326
5,16,RS,none,48
5,16,none,RS,53
5,16,RS,none,55
5,16,none,RS,58
5,16,RS,none,61
5,16,none,RCL,127
5,16,RCL,none,130
5,16,none,RCL,133
5,16,RCL,none,134
5,16,none,"BW,HV,RCL",136
5,16,"BW,HV,RCL","BW,HV,RCL,RS",137
5,16,"BW,HV,RCL,RS","RCL,RS",139
5,16,"RCL,RS","GC,RCL,RS",146
5,16,"GC,RCL,RS","BW,GC,HV,RCL,RS",148
5,16,"BW,GC,HV,RCL,RS","GC,HV,RCL,RS",149
5,16,"GC,HV,RCL,RS","RCL,RS",150
5,16,"RCL,RS","BW,RCL,RS",157
5,16,"BW,RCL,RS","RCL,RS",158
5,16,"RCL,RS","HV,RCL,RS",159
5,16,"HV,RCL,RS","GC,RCL,RS",160
5,16,"GC,RCL,RS",RCL,161
5,16,RCL,"BW,RCL",169
5,16,"BW,RCL","BW,GC,HV,RCL",170
5,16,"BW,GC,HV,RCL",RCL,171
5,16,RCL,"BW,HV,RCL",174
5,16,"BW,HV,RCL","BW,HV,RCL,RS",175
5,16,"BW,HV,RCL,RS","BW,HC,HV,RCL,RS",176
5,16,"BW,HC,HV,RCL,RS","BW,GC,HV,RCL,RS",177
5,16,"BW,GC,HV,RCL,RS","HV,RCL,RS",178
5,16,"HV,RCL,RS","RCL,RS",181
5,16,"RCL,RS","GC,RCL",184
5,16,"GC,RCL","GC,RCA,RCL",185
5,16,"GC,RCA,RCL","GC,HV,RCA,RCL",186
5,16,"GC,HV,RCA,RCL","GC,HV,RCL",188
5,16,"GC,HV,RCL","HV,RCL",189
5,16,"HV,RCL","BW,GC,HC,HV,RCL",192
5,16,"BW,GC,HC,HV,RCL","GC,HC,HV,RCL,RS",194
5,16,"GC,HC,HV,RCL,RS","GC,HC,HV,RCL",195
5,16,"GC,HC,HV,RCL","AC,HC,HV,RCA,RCL",196
5,16,"AC,HC,HV,RCA,RCL","AC,HC,HV,RCA,RCL,RS",197
5,16,"AC,HC,HV,RCA,RCL,RS","HC,HV,RCL",198
5,16,"HC,HV,RCL","AC,HC,HV,RCL",200
5,16,"AC,HC,HV,RCL","HC,HV,RCL",204
5,16,"HC,HV,RCL","HC,RCL",205
5,16,"HC,RCL",RCL,206
5,16,RCL,"HC,RCL",209
5,16,"HC,RCL",RCL,213
5,16,RCL,"HC,RCL",215
5,16,"HC,RCL","BW,HC,RCL",216
5,16,"BW,HC,RCL","HC,RCL",221
5,16,"HC,RCL",RCL,225
5,16,RCL,"HC,RCL",229
5,16,"HC,RCL","RCL,RS",233
5,16,"RCL,RS","BW,RCL,RS",234
5,16,"BW,RCL,RS","RCL,RS",236
5,16,"RCL,RS","HC,RCL,RS",239
5,16,"HC,RCL,RS","HC,RCL",240
5,16,"HC,RCL",RCL,242
5,16,RCL,"RCL,RS",243
5,16,"RCL,RS","HC,RCL,RS",245
5,16,"HC,RCL,RS","RCL,RS",246
5,16,"RCL,RS","BW,HV,RCL,RS",256
5,16,"BW,HV,RCL,RS","HV,RCL,RS",257
5,16,"HV,RCL,RS","BW,HV,RCL,RS",261
5,16,"BW,HV,RCL,RS","HV,RCL,RS",262
5,16,"HV,RCL,RS","GC,RCL,RS",263
5,16,"GC,RCL,RS","RCL,RS",265
5,16,"RCL,RS","HV,RCL,RS",268
5,16,"HV,RCL,RS","RCL,RS",269
5,16,"RCL,RS",RS,279
5,16,RS,none,300
5,16,none,RS,315
5,17,RS,none,52
5,17,none,RS,58
5,17,RS,none,60
5,17,none,RS,63
5,17,RS,none,82
5,17,none,RP,84
5,17,RP,"RP,RS",85
5,17,"RP,RS",RS,87
5,17,RS,"PT,RCL,RP,RS",91
5,17,"PT,RCL,RP,RS","RCL,RS",92
5,17,"RCL,RS","RCL,RP,RS",94
5,17,"RCL,RP,RS","RCL,RS",97
5,17,"RCL,RS",RS,98
5,17,RS,none,100
5,17,none,"RCL,RS",102
5,17,"RCL,RS",RCL,107
5,17,RCL,"RCL,RS",109
5,17,"RCL,RS",RCL,111
5,17,RCL,"RCL,RS",120
5,17,"RCL,RS","RCL,RP,RS",121
5,17,"RCL,RP,RS","RCL,RS",122
5,17,"RCL,RS","RCL,RP,RS",127
5,17,"RCL,RP,RS","RCL,RS",128
5,17,"RCL,RS","BW,RCL,RS",129
5,17,"BW,RCL,RS","RCL,RS",131
5,17,"RCL,RS","RCL,RP,RS",134
5,17,"RCL,RP,RS",RCL,137
5,17,RCL,"BW,RCL",145
5,17,"BW,RCL",RCL,146
5,17,RCL,"BW,RCL",154
5,17,"BW,RCL","BV,BW,RCL",155
5,17,"BV,BW,RCL","BW,HC,HV,RCL",156
5,17,"BW,HC,HV,RCL","HC,RCL",157
5,17,"HC,RCL",RCL,158
5,17,RCL,"HC,RCL",162
5,17,"HC,RCL","HC,HV,RCL",163
5,17,"HC,HV,RCL","HV,RCL",164
5,17,"HV,RCL","HC,HV,RCL",166
5,17,"HC,HV,RCL","BW,HV,RCL",167
5,17,"BW,HV,RCL","BW,HV,RCL,RS",168
5,17,"BW,HV,RCL,RS","BW,HV,RCL,RP,RS",169
5,17,"BW,HV,RCL,RP,RS","BW,GC,HV,RCL,RS",172
5,17,"BW,GC,HV,RCL,RS","GC,HV,RCL,RS",174
5,17,"GC,HV,RCL,RS","GC,HC,HV,RCL,RS",175
5,17,"GC,HC,HV,RCL,RS","BW,GC,HV,RCL,RS",176
5,17,"BW,GC,HV,RCL,RS","GC,HV,RCL,RS",178
5,17,"GC,HV,RCL,RS","GC,HV,RCL",180
5,17,"GC,HV,RCL","HV,RCL",181
5,17,"HV,RCL","BW,HV,RCL",182
5,17,"BW,HV,RCL","BW,GC,HV,RCL,RS",184
5,17,"BW,GC,HV,RCL,RS","GC,HV,RCL",185
5,17,"GC,HV,RCL","HV,RCL",186
5,17,"HV,RCL","BW,HV,RCL",189
5,17,"BW,HV,RCL","AC,BW,GC,HV,RCL",192
5,17,"AC,BW,GC,HV,RCL","AC,BW,HV,RCL",195
5,17,"AC,BW,HV,RCL","BW,HV,RCL",199
5,17,"BW,HV,RCL","AC,BV,BW,GC,HV,RCL",201
5,17,"AC,BV,BW,GC,HV,RCL","AC,BV,GC,HC,HV,RCL",202
5,17,"AC,BV,GC,HC,HV,RCL","AC,BV,HC,HV,RCL",203
5,17,"AC,BV,HC,HV,RCL","AC,BV,BW,HC,HV,RCL",205
5,17,"AC,BV,BW,HC,HV,RCL","AC,BV,BW,HV,RCL",207
5,17,"AC,BV,BW,HV,RCL","AC,HV,RCL",208
5,17,"AC,HV,RCL","HV,RCL",209
5,17,"HV,RCL","BW,HV,RCL",218
5,17,"BW,HV,RCL","BV,BW,HV,RCL",220
5,17,"BV,BW,HV,RCL","HV,RCL",221
5,17,"HV,RCL","AC,HV,RCL",225
5,17,"AC,HV,RCL","HV,RCL",226
5,17,"HV,RCL","BV,BW,GC,HV,RCL,RS",232
5,17,"BV,BW,GC,HV,RCL,RS","AC,BW,GC,HV,RCL,RS",233
5,17,"AC,BW,GC,HV,RCL,RS","AC,BW,HV,RCL,RS",235
5,17,"AC,BW,HV,RCL,RS","AC,HV,RCL,RS",238
5,17,"AC,HV,RCL,RS","AC,BW,HV,RCL,RS",241
5,17,"AC,BW,HV,RCL,RS","AC,BW,GC,HV,RCL,RS",247
5,17,"AC,BW,GC,HV,RCL,RS","AC,BW,HV,RCL,RS",250
5,17,"AC,BW,HV,RCL,RS","AC,BW,GC,HV,RCL,RS",252
5,17,"AC,BW,GC,HV,RCL,RS","AC,BW,HV,RCL,RS",253
5,17,"AC,BW,HV,RCL,RS","BW,HV,RCL,RS",256
5,17,"BW,HV,RCL,RS","HV,RCL,RS",258
5,17,"HV,RCL,RS","RCL,RS",262
5,17,"RCL,RS","BW,HV,RCL,RS",265
5,17,"BW,HV,RCL,RS","BW,HV,RS",266
5,17,"BW,HV,RS","BW,HV,RCL,RS",268
5,17,"BW,HV,RCL,RS","BW,RCL,RS",269
5,17,"BW,RCL,RS","BW,GC,RCL,RS",270
5,17,"BW,GC,RCL,RS","RCL,RS",271
5,17,"RCL,RS",RCL,277
5,17,RCL,"RCL,RS",279
5,17,"RCL,RS",RS,285
5,17,RS,"RCL,RS",309
5,17,"RCL,RS",RS,310
5,17,RS,none,312
5,17,none,RS,321
5,17,RS,none,322
5,17,none,RS,333
5,17,RS,none,334
5,17,none,RS,348
5,17,RS,none,349
5,17,none,RS,365
5,18,RS,none,16
5,18,none,RS,54
5,18,RS,none,55
5,18,none,RS,72
5,18,RS,"PC,PT,RS",79
5,18,"PC,PT,RS","PT,RS",81
5,18,"PT,RS",RS,82
5,18,RS,"PT,RS",85
5,18,"PT,RS",RS,86
5,18,RS,RP,91
5,18,RP,none,92
5,18,none,RCL,103
5,18,RCL,"RCL,RP,RS",104
5,18,"RCL,RP,RS","RP,RS",105
5,18,"RP,RS",RS,107
5,18,RS,"RCL,RS",108
5,18,"RCL,RS",RS,114
5,18,RS,"BW,HV,RS",115
5,18,"BW,HV,RS","BW,HV,RCL,RS",116
5,18,"BW,HV,RCL,RS","BV,BW,HV,RCL,RS",119
5,18,"BV,BW,HV,RCL,RS","RCL,RS",120
5,18,"RCL,RS","PT,RCL,RS",122
5,18,"PT,RCL,RS","RCL,RS",124
5,18,"RCL,RS",RCL,132
5,18,RCL,"BW,RCL",146
5,18,"BW,RCL",RCL,150
5,18,RCL,"BW,RCL",154
5,18,"BW,RCL","BV,BW,RCL",155
5,18,"BV,BW,RCL","AC,RCL",157
5,18,"AC,RCL","RCL,RS",158
5,18,"RCL,RS","AC,RCL,RS",160
5,18,"AC,RCL,RS","AC,RCL",163
5,18,"AC,RCL","AC,BV,BW,RCL",168
5,18,"AC,BV,BW,RCL","BV,BW,RCL",169
5,18,"BV,BW,RCL","BV,BW,GC,RCL",170
5,18,"BV,BW,GC,RCL","AC,RCA,RCL",171
5,18,"AC,RCA,RCL","RCA,RCL",172
5,18,"RCA,RCL","AC,BV,BW,RCA,RCL",174
5,18,"AC,BV,BW,RCA,RCL","AC,BV,BW,GC,RCA,RCL",175
5,18,"AC,BV,BW,GC,RCA,RCL","AC,RCA,RCL",176
5,18,"AC,RCA,RCL","AC,RCL",181
5,18,"AC,RCL","AC,RCA,RCL",183
5,18,"AC,RCA,RCL","RCA,RCL",192
5,18,"RCA,RCL","AC,BV,BW,RCA,RCL",198
5,18,"AC,BV,BW,RCA,RCL","AC,BV,BW,GC,RCA,RCL",199
5,18,"AC,BV,BW,GC,RCA,RCL","AC,BV,GC,RCL",200
5,18,"AC,BV,GC,RCL","GC,RCL",201
5,18,"GC,RCL","RCA,RCL",202
5,18,"RCA,RCL",RCL,203
5,18,RCL,"AC,RCA,RCL",205
5,18,"AC,RCA,RCL","RCA,RCL",206
5,18,"RCA,RCL","BW,RCA,RCL",212
5,18,"BW,RCA,RCL","RCA,RCL",213
5,18,"RCA,RCL",RCL,216
5,18,RCL,"RCA,RCL",219
5,18,"RCA,RCL",RCL,231
5,18,RCL,"RCA,RCL",233
5,18,"RCA,RCL","BV,BW,GC,HV,RCA,RCL",239
5,18,"BV,BW,GC,HV,RCA,RCL","BW,GC,RCA,RCL",241
5,18,"BW,GC,RCA,RCL","RCA,RCL",242
5,18,"RCA,RCL",RCL,245
5,18,RCL,"RCA,RCL",247
5,18,"RCA,RCL","RCA,RCL,RS",250
5,18,"RCA,RCL,RS","RCA,RCL",251
5,18,"RCA,RCL","RCA,RCL,RS",254
5,18,"RCA,RCL,RS","RCA,RCL",255
5,18,"RCA,RCL",RCL,257
5,18,RCL,"RCL,RS",259
5,18,"RCL,RS",RS,295
5,18,RS,none,311
5,18,none,RS,317
5,18,RS,none,319
5,18,none,RS,322
5,18,RS,none,324
5,18,none,RS,327
5,18,RS,none,328
5,18,none,RS,334
5,19,RS,none,21
5,19,none,RS,60
5,19,RS,"RP,RS",62
5,19,"RP,RS",RS,64
5,19,RS,none,65
5,19,none,RP,66
5,19,RP,"RP,RS",68
5,19,"RP,RS",RS,70
5,19,RS,none,78
5,19,none,"RP,RS",82
5,19,"RP,RS",none,83
5,19,none,"RCL,RP,RS",85
5,19,"RCL,RP,RS",RP,86
5,19,RP,"RP,RS",88
5,19,"RP,RS",none,89
5,19,none,RP,92
5,19,RP,"RP,RS",93
5,19,"RP,RS","RCL,RP,RS",94
5,19,"RCL,RP,RS","RP,RS",98
5,19,"RP,RS",RP,102
5,19,RP,none,103
5,19,none,"RCL,RS",110
5,19,"RCL,RS","RCL,RP,RS",111
5,19,"RCL,RP,RS","RCL,RS",112
5,19,"RCL,RS",RCL,114
5,19,RCL,none,117
5,19,none,RCL,120
5,19,RCL,"RCL,RS",123
5,19,"RCL,RS","BW,RCL,RS",127
5,19,"BW,RCL,RS","RCL,RS",128
5,19,"RCL,RS","RCL,RP,RS",129
5,19,"RCL,RP,RS",RCL,130
5,19,RCL,"RCL,RS",135
5,19,"RCL,RS","BW,RCL,RP,RS",139
5,19,"BW,RCL,RP,RS","BV,BW,RCL,RS",140
5,19,"BV,BW,RCL,RS","RCL,RS",141
5,19,"RCL,RS",RCL,146
5,19,RCL,"RCL,RS",149
5,19,"RCL,RS","BW,HV,RCL,RS",151
5,19,"BW,HV,RCL,RS","HV,RCL",152
5,19,"HV,RCL","GC,HV,RCL",154
5,19,"GC,HV,RCL","HV,RCL",155
5,19,"HV,RCL","BW,HV,RCL,RS",156
5,19,"BW,HV,RCL,RS","HV,RCL,RS",157
5,19,"HV,RCL,RS","RCL,RS",158
5,19,"RCL,RS","BW,GC,HV,RCL,RS",160
5,19,"BW,GC,HV,RCL,RS","GC,HV,RCL,RS",163
5,19,"GC,HV,RCL,RS","GC,HV,RCL",165
5,19,"GC,HV,RCL","GC,HV,RCL,RS",167
5,19,"GC,HV,RCL,RS","GC,HV,RCL",168
5,19,"GC,HV,RCL","AC,GC,HV,RCL",171
5,19,"AC,GC,HV,RCL","GC,HV,RCL",172
5,19,"GC,HV,RCL","BW,GC,HV,RCL",173
5,19,"BW,GC,HV,RCL","GC,HV,RCL",174
5,19,"GC,HV,RCL","BW,GC,HV,RCL",177
5,19,"BW,GC,HV,RCL","AC,BW,GC,HC,HV,RCL",179
5,19,"AC,BW,GC,HC,HV,RCL","AC,GC,HV,RCL",180
5,19,"AC,GC,HV,RCL","GC,HV,RCL",182
5,19,"GC,HV,RCL","BW,GC,HV,RCL",183
5,19,"BW,GC,HV,RCL","BW,GC,HC,HV,RCL",184
5,19,"BW,GC,HC,HV,RCL","BW,GC,HV,RCL",185
5,19,"BW,GC,HV,RCL","GC,RCL",186
5,19,"GC,RCL","GC,HC,RCL",187
5,19,"GC,HC,RCL","GC,HC,HV,RCL",188
5,19,"GC,HC,HV,RCL","HV,RCL",189
5,19,"HV,RCL","BW,HV,RCL",191
5,19,"BW,HV,RCL","BW,HC,HV,RCL",192
5,19,"BW,HC,HV,RCL","BW,GC,HC,HV,RCL",193
5,19,"BW,GC,HC,HV,RCL","AC,BW,GC,HC,HV,RCL",195
5,19,"AC,BW,GC,HC,HV,RCL","AC,GC,HC,HV,RCL",197
5,19,"AC,GC,HC,HV,RCL","AC,BW,GC,HV,RCL",201
5,19,"AC,BW,GC,HV,RCL","AC,BW,GC,HV,RCA,RCL,RS",202
5,19,"AC,BW,GC,HV,RCA,RCL,RS","AC,BW,GC,HC,HV,RCA,RCL,RS",203
5,19,"AC,BW,GC,HC,HV,RCA,RCL,RS","AC,BW,HV,RCL,RS",207
5,19,"AC,BW,HV,RCL,RS","AC,BW,GC,HC,HV,RCL,RS",209
5,19,"AC,BW,GC,HC,HV,RCL,RS","BW,GC,HC,HV,RCL,RS",211
5,19,"BW,GC,HC,HV,RCL,RS","BW,GC,HC,HV,RCL",213
5,19,"BW,GC,HC,HV,RCL","GC,HC,HV,RCL",214
5,19,"GC,HC,HV,RCL","GC,HC,HV,RCA,RCL",216
5,19,"GC,HC,HV,RCA,RCL","BW,GC,HC,HV,RCA,RCL",217
5,19,"BW,GC,HC,HV,RCA,RCL","BW,GC,HC,HV,RCL,RS",219
5,19,"BW,GC,HC,HV,RCL,RS","BW,RCL,RS",220
5,19,"BW,RCL,RS","RCL,RS",221
5,19,"RCL,RS","RCA,RCL,RS",222
5,19,"RCA,RCL,RS","BW,HC,RCL",223
5,19,"BW,HC,RCL","BW,HC,HV,RCL",225
5,19,"BW,HC,HV,RCL","BW,HC,RCL",226
5,19,"BW,HC,RCL","RCA,RCL",229
5,19,"RCA,RCL","BW,RCA,RCL",233
5,19,"BW,RCA,RCL","BW,RCL",235
5,19,"BW,RCL","BW,HV,RCL",237
5,19,"BW,HV,RCL","BW,HV,RCA,RCL",238
5,19,"BW,HV,RCA,RCL","BW,HV,RCL",239
5,19,"BW,HV,RCL","BW,HV,RCA,RCL",241
5,19,"BW,HV,RCA,RCL","BW,HC,HV,RCA,RCL,RS",243
5,19,"BW,HC,HV,RCA,RCL,RS","BW,GC,HC,HV,RCA,RCL",244
5,19,"BW,GC,HC,HV,RCA,RCL","BW,HV,RCL",245
5,19,"BW,HV,RCL","HV,RCL",246
5,19,"HV,RCL","GC,HV,RCL",247
5,19,"GC,HV,RCL","HC,HV,RCL",248
5,19,"HC,HV,RCL","HC,RCA,RCL",249
5,19,"HC,RCA,RCL","AC,BW,HC,RCL",250
5,19,"AC,BW,HC,RCL","AC,HC,RCL",251
5,19,"AC,HC,RCL","AC,RCL",252
5,19,"AC,RCL","AC,HV,RCL",253
5,19,"AC,HV,RCL","AC,BW,RCL",254
5,19,"AC,BW,RCL","AC,BW,HC,RCL",256
5,19,"AC,BW,HC,RCL",RCL,257
5,19,RCL,"RCL,RS",259
5,19,"RCL,RS","BW,HV,RCL,RS",267
5,19,"BW,HV,RCL,RS","BW,RCL,RS",268
5,19,"BW,RCL,RS","RCL,RS",269
5,19,"RCL,RS",RS,286
5,19,RS,"RCL,RS",293
5,19,"RCL,RS",RS,294
5,19,RS,none,315
5,19,none,RS,328
5,20,RS,none,38
5,20,none,RS,42
5,20,RS,none,43
5,20,none,RS,45
5,20,RS,none,46
5,20,none,RS,53
5,20,RS,"RP,RS",71
5,20,"RP,RS",RS,73
5,20,RS,"RP,RS",75
5,20,"RP,RS",RS,78
5,20,RS,"RP,RS",80
5,20,"RP,RS",RP,85
5,20,RP,RS,88
5,20,RS,"RP,RS",90
5,20,"RP,RS",RP,91
5,20,RP,"RP,RS",93
5,20,"RP,RS",RS,99
5,20,RS,none,102
5,20,none,"RP,RS",104
5,20,"RP,RS","RCL,RP,RS",105
5,20,"RCL,RP,RS",none,107
5,20,none,"RCL,RP,RS",109
5,20,"RCL,RP,RS","RCL,RS",110
5,20,"RCL,RS","PT,RCL,RS",114
5,20,"PT,RCL,RS","RCL,RS",115
5,20,"RCL,RS",RCL,118
5,20,RCL,"BW,RCL",124
5,20,"BW,RCL","BW,HV,RCL",125
5,20,"BW,HV,RCL","HV,RCL",127
5,20,"HV,RCL","HV,RCL,RS",129
5,20,"HV,RCL,RS","HV,PT,RCL",130
5,20,"HV,PT,RCL",RCL,131
5,20,RCL,"BW,RCL",137
5,20,"BW,RCL","BW,HV,RCL,RS",138
5,20,"BW,HV,RCL,RS","BV,BW,HV,RCL,RS",139
5,20,"BV,BW,HV,RCL,RS","HV,RCL,RS",140
5,20,"HV,RCL,RS","RCL,RS",143
5,20,"RCL,RS",RCL,144
5,20,RCL,"RCL,RS",147
5,20,"RCL,RS",RCL,149
5,20,RCL,"HV,RCL",151
5,20,"HV,RCL","GC,HV,RCL",152
5,20,"GC,HV,RCL",RCL,153
5,20,RCL,"BW,RCL",162
5,20,"BW,RCL",RCL,164
5,20,RCL,"AC,BV,BW,GC,RCL",167
5,20,"AC,BV,BW,GC,RCL","AC,GC,RCL",168
5,20,"AC,GC,RCL",RCL,170
5,20,RCL,"BW,RCL",171
5,20,"BW,RCL","BW,GC,HV,RCL",172
5,20,"BW,GC,HV,RCL","HV,RCL",175
5,20,"HV,RCL",RCL,176
5,20,RCL,"GC,RCL",177
5,20,"GC,RCL",RCL,179
5,20,RCL,"HV,RCL",180
5,20,"HV,RCL","BW,GC,HV,RCL",181
5,20,"BW,GC,HV,RCL","BW,GC,HC,HV,RCL",183
5,20,"BW,GC,HC,HV,RCL","GC,HC,HV,RCL",184
5,20,"GC,HC,HV,RCL","GC,HV,RCL",185
5,20,"GC,HV,RCL",RCL,189
5,20,RCL,"BW,RCL",191
5,20,"BW,RCL","BV,BW,GC,RCL",192
5,20,"BV,BW,GC,RCL","BV,BW,GC,HV,RCL",193
5,20,"BV,BW,GC,HV,RCL","GC,HV,RCL",194
5,20,"GC,HV,RCL","GC,RCL",195
5,20,"GC,RCL",RCL,197
5,20,RCL,"BW,HC,HV,RCL",202
5,20,"BW,HC,HV,RCL","BV,BW,GC,HC,HV,RCL",203
5,20,"BV,BW,GC,HC,HV,RCL","BW,GC,HC,HV,RCL",205
5,20,"BW,GC,HC,HV,RCL","GC,HC,HV,RCL",206
5,20,"GC,HC,HV,RCL","GC,HV,RCL",209
5,20,"GC,HV,RCL","HV,RCL",210
5,20,"HV,RCL",RCL,212
5,20,RCL,"HC,RCL",213
5,20,"HC,RCL","GC,RCL",214
5,20,"GC,RCL",RCL,215
5,20,RCL,"GC,HC,HV,RCL",217
5,20,"GC,HC,HV,RCL","HC,RCL",219
5,20,"HC,RCL",RCL,226
5,20,RCL,"HC,RCL",233
5,20,"HC,RCL","HC,RCL,RS",234
5,20,"HC,RCL,RS",RCL,237
5,20,RCL,"RCL,RS",241
5,20,"RCL,RS",RCL,242
5,20,RCL,"RCL,RS",246
5,20,"RCL,RS",RCL,247
5,20,RCL,"RCL,RS",250
5,20,"RCL,RS",RCL,251
5,20,RCL,"RCL,RS",255
5,20,"RCL,RS",RS,285
5,20,RS,none,301
5,20,none,RS,303
5,20,RS,none,308
5,20,none,RS,310
5,21,RS,none,42
5,21,none,RS,45
5,21,RS,"PT,RS",51
5,21,"PT,RS",none,52
5,21,none,PT,81
5,21,PT,"PT,RS",82
5,21,"PT,RS","PT,RP,RS",83
5,21,"PT,RP,RS",RP,86
5,21,RP,none,87
5,21,none,RP,89
5,21,RP,"RP,RS",95
5,21,"RP,RS",RP,99
5,21,RP,"RP,RS",104
5,21,"RP,RS",none,105
5,21,none,RS,108
5,21,RS,"RP,RS",109
5,21,"RP,RS",none,111
5,21,none,RCL,112
5,21,RCL,none,113
5,21,none,RCL,116
5,21,RCL,none,117
5,21,none,RCL,123
5,21,RCL,none,124
5,21,none,RCL,126
5,21,RCL,none,133
5,21,none,RP,134
5,21,RP,"RCL,RP",135
5,21,"RCL,RP",RCL,137
5,21,RCL,none,138
5,21,none,RCL,140
5,21,RCL,"RCL,RP,RS",141
5,21,"RCL,RP,RS","RCL,RS",143
5,21,"RCL,RS",RCL,145
5,21,RCL,"BW,HV,RCL,RS",147
5,21,"BW,HV,RCL,RS","BW,HC,HV,RCL,RS",149
5,21,"BW,HC,HV,RCL,RS","GC,HV,RCL,RS",150
5,21,"GC,HV,RCL,RS","RCL,RS",151
5,21,"RCL,RS","GC,RCL,RS",153
5,21,"GC,RCL,RS","RCL,RS",155
5,21,"RCL,RS","HV,RCL,RS",156
5,21,"HV,RCL,RS","BW,GC,HV,RCL,RS",157
5,21,"BW,GC,HV,RCL,RS","GC,RCL,RS",158
5,21,"GC,RCL,RS","GC,HV,RCL,RS",161
5,21,"GC,HV,RCL,RS","BW,HV,RCL,RS",162
5,21,"BW,HV,RCL,RS","GC,HV,RCL,RS",164
5,21,"GC,HV,RCL,RS","HV,RCL,RS",166
5,21,"HV,RCL,RS","BW,HV,RCL,RS",167
5,21,"BW,HV,RCL,RS","BW,GC,HV,RCL,RS",170
5,21,"BW,GC,HV,RCL,RS","HV,RCL,RS",171
5,21,"HV,RCL,RS","BW,GC,HV,RCL,RS",173
5,21,"BW,GC,HV,RCL,RS","GC,HV,RCL,RS",175
5,21,"GC,HV,RCL,RS","BW,GC,HV,RCL,RS",179
5,21,"BW,GC,HV,RCL,RS","GC,HV,RCL,RS",190
5,21,"GC,HV,RCL,RS","GC,RCL",191
5,21,"GC,RCL","BW,GC,RCL",192
5,21,"BW,GC,RCL","BW,GC,HV,RCL,RS",193
5,21,"BW,GC,HV,RCL,RS","GC,RCL",194
5,21,"GC,RCL","BW,GC,RCL",197
5,21,"BW,GC,RCL","GC,RCL",198
5,21,"GC,RCL","GC,RCL,RS",200
5,21,"GC,RCL,RS","BW,GC,RCL",201
5,21,"BW,GC,RCL","GC,RCL",204
5,21,"GC,RCL",RCL,205
5,21,RCL,"BW,GC,RCL",207
5,21,"BW,GC,RCL","GC,RCL",209
5,21,"GC,RCL",RCL,211
5,21,RCL,"BW,RCL",213
5,21,"BW,RCL","BW,GC,HV,RCL",214
5,21,"BW,GC,HV,RCL","BW,GC,RCL,RS",215
5,21,"BW,GC,RCL,RS","GC,RCL",216
5,21,"GC,RCL",RCL,217
5,21,RCL,"BW,RCL",218
5,21,"BW,RCL","BW,HV,RCL,RS",220
5,21,"BW,HV,RCL,RS","BW,HC,HV,RCL,RS",221
5,21,"BW,HC,HV,RCL,RS","BW,HV,RCL,RS",222
5,21,"BW,HV,RCL,RS","HV,RCL,RS",223
5,21,"HV,RCL,RS","HC,HV,RCL,RS",225
5,21,"HC,HV,RCL,RS","HV,RCL,RS",226
5,21,"HV,RCL,RS","RCL,RS",227
5,21,"RCL,RS","BW,GC,RCL",231
5,21,"BW,GC,RCL","BW,RCL",232
5,21,"BW,RCL",RCL,233
5,21,RCL,"RCL,RS",242
5,21,"RCL,RS",RS,288
5,21,RS,"RCL,RS",301
5,21,"RCL,RS",RS,302
5,21,RS,none,313
5,21,none,RS,322
5,21,RS,none,323
5,21,none,RS,326
5,21,RS,none,327
5,21,none,RS,341
5,22,RS,none,27
5,22,none,"PT,RS",74
5,22,"PT,RS",RS,75
5,22,RS,none,81
5,22,none,RS,89
5,22,RS,"RP,RS",92
5,22,"RP,RS",RP,97
5,22,RP,RS,99
5,22,RS,"RP,RS",104
5,22,"RP,RS",none,114
5,22,none,RCL,120
5,22,RCL,"RCL,RS",122
5,22,"RCL,RS",RCL,123
5,22,RCL,none,126
5,22,none,RCL,128
5,22,RCL,"HV,RCL",139
5,22,"HV,RCL",RCL,142
5,22,RCL,"BW,HV,RCL",145
5,22,"BW,HV,RCL","HV,RCL",149
5,22,"HV,RCL",RCL,150
5,22,RCL,"HV,RCL",153
5,22,"HV,RCL","BW,HV,RCL",154
5,22,"BW,HV,RCL","HC,HV,RCL",155
5,22,"HC,HV,RCL","GC,HV,RCL",158
5,22,"GC,HV,RCL","HV,RCL",160
5,22,"HV,RCL","BW,HV,RCL",162
5,22,"BW,HV,RCL","HV,RCL",163
5,22,"HV,RCL","BW,HV,RCL",165
5,22,"BW,HV,RCL","BW,GC,HC,HV,RCL",166
5,22,"BW,GC,HC,HV,RCL","GC,HC,HV,RCL",168
5,22,"GC,HC,HV,RCL",RCL,169
5,22,RCL,"HV,RCL",173
5,22,"HV,RCL","BW,HV,RCL",175
5,22,"BW,HV,RCL","HV,RCL",179
5,22,"HV,RCL",RCL,180
5,22,RCL,"HV,RCL",189
5,22,"HV,RCL",RCL,190
5,22,RCL,"BV,BW,RCL",210
5,22,"BV,BW,RCL","BV,RCL",211
5,22,"BV,RCL",RCL,213
5,22,RCL,"RCL,RS",256
5,22,"RCL,RS","BV,RCL",257
5,22,"BV,RCL","BV,BW,GC,RCL",258
5,22,"BV,BW,GC,RCL","BV,BW,GC,RCL,RS",259
5,22,"BV,BW,GC,RCL,RS","BV,BW,GC,HV,RCL,RS",261
5,22,"BV,BW,GC,HV,RCL,RS","GC,HV,RCL,RS",263
5,22,"GC,HV,RCL,RS","HV,RCL,RS",266
5,22,"HV,RCL,RS","RCL,RS",272
5,22,"RCL,RS",RS,294
5,22,RS,none,299
5,22,none,RS,331
5,22,RS,none,332
5,22,none,RCL,338
5,23,RS,none,30
5,23,none,RS,61
5,23,RS,"RP,RS",66
5,23,"RP,RS",RP,70
5,23,RP,"RP,RS",73
5,23,"RP,RS",RP,74
5,23,RP,"RP,RS",78
5,23,"RP,RS","RCL,RP,RS",86
5,23,"RCL,RP,RS","RP,RS",87
5,23,"RP,RS","RCL,RP,RS",92
5,23,"RCL,RP,RS","HV,RCL,RP,RS",94
5,23,"HV,RCL,RP,RS","RCL,RP,RS",95
5,23,"RCL,RP,RS",RCL,99
5,23,RCL,RP,102
5,23,RP,"RCL,RP",104
5,23,"RCL,RP",RP,105
5,23,RP,"RP,RS",106
5,23,"RP,RS","RCL,RP,RS",107
5,23,"RCL,RP,RS","BW,RCL,RP,RS",109
5,23,"BW,RCL,RP,RS","RCL,RP,RS",110
5,23,"RCL,RP,RS","RCL,RP",111
5,23,"RCL,RP",RCL,113
5,23,RCL,"BW,RCL",120
5,23,"BW,RCL",RCL,121
5,23,RCL,"RCL,RS",125
5,23,"RCL,RS",RCL,127
5,23,RCL,"RCL,RS",129
5,23,"RCL,RS","BW,RCL,RS",131
5,23,"BW,RCL,RS","BV,BW,HV,RCL",132
5,23,"BV,BW,HV,RCL",RCL,133
5,23,RCL,"RCL,RS",135
5,23,"RCL,RS","HV,RCL",136
5,23,"HV,RCL","HV,RCL,RS",138
5,23,"HV,RCL,RS","RCL,RS",140
5,23,"RCL,RS","HV,RCL,RS",143
5,23,"HV,RCL,RS","BW,HV,RCL,RS",147
5,23,"BW,HV,RCL,RS","BV,BW,HV,RCL",150
5,23,"BV,BW,HV,RCL","BW,HV,RCL",151
5,23,"BW,HV,RCL","HV,RCL,RS",152
5,23,"HV,RCL,RS","GC,RCL,RS",153
5,23,"GC,RCL,RS","RCL,RS",156
5,23,"RCL,RS","BW,GC,HV,RCL,RS",158
5,23,"BW,GC,HV,RCL,RS","GC,HV,RCL,RS",160
5,23,"GC,HV,RCL,RS","HV,RCL,RS",161
5,23,"HV,RCL,RS","BW,HV,RCL,RS",162
5,23,"BW,HV,RCL,RS","BW,GC,HV,RCL,RS",163
5,23,"BW,GC,HV,RCL,RS","HV,RCL,RS",167
5,23,"HV,RCL,RS",RS,171
5,23,RS,none,314
5,23,none,RS,319
5,23,RS,none,320
5,23,none,RS,327
5,24,RS,"GC,HV,RCL,RS",182
5,24,"GC,HV,RCL,RS","BW,GC,HV,RCL,RS",185
5,24,"BW,GC,HV,RCL,RS","BW,GC,HV,RCL",187
5,24,"BW,GC,HV,RCL","HV,RCL",188
5,24,"HV,RCL","HV,RCL,RS",189
5,24,"HV,RCL,RS","BW,GC,HV,RCL,RS",191
5,24,"BW,GC,HV,RCL,RS","BW,GC,HV,RCL",192
5,24,"BW,GC,HV,RCL","HV,RCL",193
5,24,"HV,RCL","GC,HV,RCL",196
5,24,"GC,HV,RCL","BW,GC,HV,RCL,RS",198
5,24,"BW,GC,HV,RCL,RS","BV,BW,GC,HV,RCL",200
5,24,"BV,BW,GC,HV,RCL","GC,HV,RCL",201
5,24,"GC,HV,RCL","HV,RCL",203
5,24,"HV,RCL",RCL,211
5,24,RCL,"HV,RCL",214
5,24,"HV,RCL","BW,HV,RCL",215
5,24,"BW,HV,RCL","BW,GC,HV,RCL",217
5,24,"BW,GC,HV,RCL","BV,BW,GC,HV,RCL,RS",218
5,24,"BV,BW,GC,HV,RCL,RS","BV,BW,HV,RCL,RS",220
5,24,"BV,BW,HV,RCL,RS","HV,RCL,RS",221
5,24,"HV,RCL,RS","BW,HV,RCL,RS",232
5,24,"BW,HV,RCL,RS","BW,GC,HV,RCL,RS",233
5,24,"BW,GC,HV,RCL,RS","GC,HV,RCL,RS",236
5,24,"GC,HV,RCL,RS","HV,RCL",238
5,24,"HV,RCL","GC,HV,RCL",241
5,24,"GC,HV,RCL","HV,RCL",242
5,24,"HV,RCL",RCL,243
5,24,RCL,"HV,RCL",245
5,24,"HV,RCL",RCL,247
5,24,RCL,"RCL,RS",252
5,24,"RCL,RS",RCL,258
5,24,RCL,"RCL,RS",260
5,24,"RCL,RS",none,279
5,24,none,RS,281
5,24,RS,none,283
5,24,none,RCL,286
5,24,RCL,none,287
5,24,none,RS,289
5,24,RS,none,293
5,24,none,RS,296
5,24,RS,none,299
5,24,none,RS,301
6,1,PT,none,67
6,1,none,"PC,PT,RS",72
6,1,"PC,PT,RS","PT,RS",73
6,1,"PT,RS","PC,PT,RS",77
6,1,"PC,PT,RS","PC,PT,RP,RS",78
6,1,"PC,PT,RP,RS","PC,PT,RS",79
6,1,"PC,PT,RS","PC,RS",80
6,1,"PC,RS","PC,PT,RS",82
6,1,"PC,PT,RS","PT,RS",83
6,1,"PT,RS",RS,86
6,1,RS,"PT,RS",93
6,1,"PT,RS","PC,PT,RP,RS",98
6,1,"PC,PT,RP,RS","PC,RP,RS",99
6,1,"PC,RP,RS","PC,RS",100
6,1,"PC,RS","PC,RP,RS",102
6,1,"PC,RP,RS","PC,RP",105
6,1,"PC,RP",PC,106
6,1,PC,"BW,PC,RP,RS",109
6,1,"BW,PC,RP,RS","BW,PC,PT,RP,RS",110
6,1,"BW,PC,PT,RP,RS",PC,111
6,1,PC,"PC,PT",116
6,1,"PC,PT","PC,RP,RS",117
6,1,"PC,RP,RS","BW,RP,RS",118
6,1,"BW,RP,RS","BW,RS",120
6,1,"BW,RS",RS,121
6,1,RS,none,122
6,1,none,RS,125
6,1,RS,none,128
6,1,none,"BW,RCL,RS",130
6,1,"BW,RCL,RS","RCL,RS",131
6,1,"RCL,RS","AC,RCL,RS",132
6,1,"AC,RCL,RS","RCL,RS",133
6,1,"RCL,RS",RCL,134
6,1,RCL,none,135
6,1,none,AC,136
6,1,AC,"RCL,RS",137
6,1,"RCL,RS","HV,RCL,RS",138
6,1,"HV,RCL,RS",RCL,139
6,1,RCL,"BW,RCL",146
6,1,"BW,RCL","BV,BW,RCL,RS",148
6,1,"BV,BW,RCL,RS","BW,RCL,RS",149
6,1,"BW,RCL,RS","RCL,RS",150
6,1,"RCL,RS","HV,RCL,RS",152
6,1,"HV,RCL,RS","AC,RCL,RS",153
6,1,"AC,RCL,RS","RCL,RS",154
6,1,"RCL,RS",none,156
6,1,none,RCL,179
6,1,RCL,"AC,RCL",181
6,1,"AC,RCL","AC,HV,RCL",183
6,1,"AC,HV,RCL","BW,HV,RCL",184
6,1,"BW,HV,RCL","BW,HV,RCL,RS",185
6,1,"BW,HV,RCL,RS","BW,GC,HV,RCL,RS",186
6,1,"BW,GC,HV,RCL,RS","AC,GC,HV,RCL,RS",187
6,1,"AC,GC,HV,RCL,RS","AC,BW,GC,HV,RCL,RS",193
6,1,"AC,BW,GC,HV,RCL,RS","AC,GC,HV,RCL,RS",196
6,1,"AC,GC,HV,RCL,RS","AC,HV,RCL,RS",200
6,1,"AC,HV,RCL,RS","AC,BW,HV,RCL,RS",203
6,1,"AC,BW,HV,RCL,RS","AC,BW,GC,HV,RCL,RS",208
6,1,"AC,BW,GC,HV,RCL,RS","AC,GC,HV,RCL,RS",211
6,1,"AC,GC,HV,RCL,RS","AC,HV,RCL,RS",213
6,1,"AC,HV,RCL,RS","AC,RCL",214
6,1,"AC,RCL","AC,RCL,RS",254
6,1,"AC,RCL,RS","AC,RCL",255
6,1,"AC,RCL","AC,RCL,RS",257
6,1,"AC,RCL,RS","RCL,RS",258
6,1,"RCL,RS","HV,RCL,RS",269
6,1,"HV,RCL,RS","RCL,RS",270
6,1,"RCL,RS","GC,RCL,RS",271
6,1,"GC,RCL,RS","RCL,RS",273
6,1,"RCL,RS",RCL,275
6,1,RCL,"RCL,RS",277
6,1,"RCL,RS",RS,284
6,1,RS,none,295
6,1,none,RS,331
6,1,RS,none,334
6,1,none,RS,340
6,2,PT,none,64
6,2,none,PT,67
6,2,PT,none,68
6,2,none,PT,71
6,2,PT,none,72
6,2,none,RS,73
6,2,RS,none,74
6,2,none,"PC,RS",76
6,2,"PC,RS","PC,PT,RS",77
6,2,"PC,PT,RS","PT,RS",78
6,2,"PT,RS","PT,RP,RS",79
6,2,"PT,RP,RS",RS,80
6,2,RS,"PC,RP,RS",82
6,2,"PC,RP,RS",PC,83
6,2,PC,none,84
6,2,none,"PC,RP,RS",92
6,2,"PC,RP,RS","RP,RS",95
6,2,"RP,RS","PC,RP,RS",97
6,2,"PC,RP,RS","BW,PC,RP,RS",100
6,2,"BW,PC,RP,RS","RCL,RP",101
6,2,"RCL,RP",none,102
6,2,none,"RCL,RP",106
6,2,"RCL,RP",RP,110
6,2,RP,"RCL,RP",114
6,2,"RCL,RP","BW,RCL,RS",115
6,2,"BW,RCL,RS","RCL,RS",116
6,2,"RCL,RS",RCL,117
6,2,RCL,"BW,HV,RCL,RS",125
6,2,"BW,HV,RCL,RS","BV,BW,HV,RCL,RS",129
6,2,"BV,BW,HV,RCL,RS","HV,RCL,RS",130
6,2,"HV,RCL,RS","HV,RCL",133
6,2,"HV,RCL","BW,HV,RCL",135
6,2,"BW,HV,RCL","BW,RCL",139
6,2,"BW,RCL",RCL,142
6,2,RCL,"BW,RCL",144
6,2,"BW,RCL","BW,GC,RCL",145
6,2,"BW,GC,RCL","BV,BW,GC,HC,RCL",146
6,2,"BV,BW,GC,HC,RCL","AC,BW,GC,HC,RCL",147
6,2,"AC,BW,GC,HC,RCL","AC,BW,GC,HC,HV,RCL",148
6,2,"AC,BW,GC,HC,HV,RCL","AC,RCL",149
6,2,"AC,RCL","AC,HC,RCL",151
6,2,"AC,HC,RCL","AC,RCL",152
6,2,"AC,RCL","AC,BW,RCL",153
6,2,"AC,BW,RCL","AC,BW,GC,RCL",155
6,2,"AC,BW,GC,RCL","AC,BW,GC,HC,RCL",158
6,2,"AC,BW,GC,HC,RCL","AC,BW,GC,RCL",159
6,2,"AC,BW,GC,RCL","AC,RCL",160
6,2,"AC,RCL",RCL,161
6,2,RCL,"BW,RCL",163
6,2,"BW,RCL","AC,RCL",164
6,2,"AC,RCL",RCL,165
6,2,RCL,"AC,RCL",168
6,2,"AC,RCL","AC,RCA,RCL",172
6,2,"AC,RCA,RCL","AC,HV,RCA,RCL",173
6,2,"AC,HV,RCA,RCL","AC,BW,HV,RCL",174
6,2,"AC,BW,HV,RCL","AC,BV,BW,HC,HV,RCL",175
6,2,"AC,BV,BW,HC,HV,RCL","AC,BV,BW,GC,HC,HV,RCL",177
6,2,"AC,BV,BW,GC,HC,HV,RCL","AC,GC,HC,RCL",178
6,2,"AC,GC,HC,RCL","AC,HC,RCL",179
6,2,"AC,HC,RCL","AC,RCL",180
6,2,"AC,RCL","AC,HC,RCL",188
6,2,"AC,HC,RCL","AC,RCL",191
6,2,"AC,RCL","AC,BW,HV,RCL",194
6,2,"AC,BW,HV,RCL","AC,RCL",195
6,2,"AC,RCL","AC,BV,BW,HC,HV,RCL",204
6,2,"AC,BV,BW,HC,HV,RCL","AC,BV,BW,GC,HC,HV,RCL",205
6,2,"AC,BV,BW,GC,HC,HV,RCL","AC,BW,GC,HC,HV,RCL",207
6,2,"AC,BW,GC,HC,HV,RCL","AC,GC,HC,HV,RCL",208
6,2,"AC,GC,HC,HV,RCL","AC,HC,RCL",210
6,2,"AC,HC,RCL",none,211
6,2,none,"AC,RCL",218
6,2,"AC,RCL","AC,HV,RCL",221
6,2,"AC,HV,RCL","AC,RCL",222
6,2,"AC,RCL",none,223
6,2,none,"AC,GC,HV,RCL",225
6,2,"AC,GC,HV,RCL",none,226
6,2,none,"AC,RCL",232
6,2,"AC,RCL",none,236
6,2,none,"AC,RCL",239
6,2,"AC,RCL",RCL,247
6,2,RCL,"AC,RCL",249
6,2,"AC,RCL",RCL,251
6,2,RCL,"RCL,RS",274
6,2,"RCL,RS",RCL,275
6,2,RCL,none,276
6,2,none,RS,310
6,3,RS,"PT,RP",73
6,3,"PT,RP",none,74
6,3,none,"RP,RS",76
6,3,"RP,RS","PC,RP,RS",78
6,3,"PC,RP,RS","PC,RS",79
6,3,"PC,RS",RS,83
6,3,RS,"PC,RS",85
6,3,"PC,RS","PC,RP,RS",86
6,3,"PC,RP,RS","PC,RP",91
6,3,"PC,RP","PC,RP,RS",93
6,3,"PC,RP,RS","RP,RS",98
6,3,"RP,RS",none,99
6,3,none,RCL,118
6,3,RCL,"BW,RCL",121
6,3,"BW,RCL",BW,122
6,3,BW,"BW,HV",123
6,3,"BW,HV","BW,HV,RCL,RP",124
6,3,"BW,HV,RCL,RP",none,125
6,3,none,RCL,127
6,3,RCL,"BW,RCL",130
6,3,"BW,RCL",RCL,132
6,3,RCL,"BW,RCL",141
6,3,"BW,RCL",RCL,142
6,3,RCL,"BW,RCL",144
6,3,"BW,RCL",RCL,145
6,3,RCL,"AC,RCL",146
6,3,"AC,RCL","AC,BW,RCL",151
6,3,"AC,BW,RCL","AC,BW,GC,RCL",155
6,3,"AC,BW,GC,RCL","AC,RCL",156
6,3,"AC,RCL",RCL,157
6,3,RCL,"AC,RCL",160
6,3,"AC,RCL","AC,BW,RCL",161
6,3,"AC,BW,RCL","BW,RCL",162
6,3,"BW,RCL",RCL,164
6,3,RCL,"BW,RCL",171
6,3,"BW,RCL",RCL,175
6,3,RCL,"AC,RCL",177
6,3,"AC,RCL","AC,BW,RCL",179
6,3,"AC,BW,RCL","AC,BV,BW,RCL",180
6,3,"AC,BV,BW,RCL","AC,BW,RCL",182
6,3,"AC,BW,RCL","AC,BV,BW,RCL",188
6,3,"AC,BV,BW,RCL","AC,BV,BW,HV,RCL",190
6,3,"AC,BV,BW,HV,RCL","AC,BV,GC,HC,HV,RCL",192
6,3,"AC,BV,GC,HC,HV,RCL","GC,HV,RCL",193
6,3,"GC,HV,RCL","HV,RCL",194
6,3,"HV,RCL","AC,HV,RCL",195
6,3,"AC,HV,RCL","AC,GC,RCL",196
6,3,"AC,GC,RCL","AC,HC,RCL",197
6,3,"AC,HC,RCL","AC,RCL",198
6,3,"AC,RCL","AC,BV,RCL",210
6,3,"AC,BV,RCL","AC,BV,BW,HV,RCL",213
6,3,"AC,BV,BW,HV,RCL","AC,BV,BW,GC,HV,RCL",214
6,3,"AC,BV,BW,GC,HV,RCL","AC,BV,RCL",215
6,3,"AC,BV,RCL","AC,RCL",216
6,3,"AC,RCL","AC,HC,RCL",225
6,3,"AC,HC,RCL","AC,BV,HC,RCL",229
6,3,"AC,BV,HC,RCL","AC,HC,RCL",231
6,3,"AC,HC,RCL","AC,RCL",233
6,3,"AC,RCL","AC,HV,RCL",251
6,3,"AC,HV,RCL","AC,RCL",252
6,3,"AC,RCL",RCL,259
6,3,RCL,"RCL,RS",269
6,3,"RCL,RS","HV,RCL,RS",270
6,3,"HV,RCL,RS","GC,HV,RCL,RS",272
6,3,"GC,HV,RCL,RS","GC,RCL,RS",273
6,3,"GC,RCL,RS","RCL,RS",274
6,3,"RCL,RS",RCL,278
6,3,RCL,none,279
6,3,none,RS,282
6,4,RS,"RP,RS",56
6,4,"RP,RS",none,57
6,4,none,PT,62
6,4,PT,none,63
6,4,none,PT,70
6,4,PT,none,72
6,4,none,PC,83
6,4,PC,"PC,PT",86
6,4,"PC,PT","PC,PT,RP",87
6,4,"PC,PT,RP","PC,PT",88
6,4,"PC,PT",PC,91
6,4,PC,"PC,RCL",110
6,4,"PC,RCL",RCL,122
6,4,RCL,"BW,RCL",127
6,4,"BW,RCL","PT,RCL",128
6,4,"PT,RCL",RCL,130
6,4,RCL,"BW,RCL",134
6,4,"BW,RCL",RCL,137
6,4,RCL,"BW,RCL",141
6,4,"BW,RCL","BW,PT,RCL",143
6,4,"BW,PT,RCL","BW,HV,RCL",144
6,4,"BW,HV,RCL","BW,RCL",145
6,4,"BW,RCL","BV,BW,GC,HV,RCL",147
6,4,"BV,BW,GC,HV,RCL","BW,HV,RCL",148
6,4,"BW,HV,RCL",RCL,149
6,4,RCL,"BW,HV,RCL",151
6,4,"BW,HV,RCL","GC,HV,RCL",155
6,4,"GC,HV,RCL","AC,GC,HV,RCL",156
6,4,"AC,GC,HV,RCL","HV,RCL",157
6,4,"HV,RCL","AC,HV,RCL",159
6,4,"AC,HV,RCL","BW,GC,HV,RCL",160
6,4,"BW,GC,HV,RCL","BV,BW,GC,HV,RCL",163
6,4,"BV,BW,GC,HV,RCL","AC,BV,BW,GC,HV,RCL",164
6,4,"AC,BV,BW,GC,HV,RCL","AC,BW,GC,HV,RCL",167
6,4,"AC,BW,GC,HV,RCL","AC,GC,HV,RCL",176
6,4,"AC,GC,HV,RCL","GC,RCL",177
6,4,"GC,RCL","AC,BW,GC,RCL",179
6,4,"AC,BW,GC,RCL","AC,BV,BW,GC,RCL",180
6,4,"AC,BV,BW,GC,RCL","AC,BV,BW,GC,HV,RCL",181
6,4,"AC,BV,BW,GC,HV,RCL","AC,BV,BW,GC,HV,RCL,RS",182
6,4,"AC,BV,BW,GC,HV,RCL,RS","AC,BV,BW,GC,HV,RCL",183
6,4,"AC,BV,BW,GC,HV,RCL","AC,BW,HV,RCL",184
6,4,"AC,BW,HV,RCL","BW,GC,HV,RCL",187
6,4,"BW,GC,HV,RCL","BV,BW,GC,HV,RCL",188
6,4,"BV,BW,GC,HV,RCL","AC,BV,GC,HV,RCL",190
6,4,"AC,BV,GC,HV,RCL","AC,BV,RCL",191
6,4,"AC,BV,RCL","AC,RCL",192
6,4,"AC,RCL","AC,BW,HV,RCL",195
6,4,"AC,BW,HV,RCL","AC,BV,BW,GC,RCL",196
6,4,"AC,BV,BW,GC,RCL","AC,BV,BW,GC,HV,RCL",202
6,4,"AC,BV,BW,GC,HV,RCL","AC,BW,GC,RCL",204
6,4,"AC,BW,GC,RCL",RCL,217
6,4,RCL,"RCL,RS",262
6,4,"RCL,RS",RCL,263
6,4,RCL,none,274
6,4,none,RS,302
6,4,RS,none,303
6,4,none,RS,356
6,5,PT,PC,59
6,5,PC,none,60
6,5,none,RS,63
6,5,RS,"PC,RS",64
6,5,"PC,RS",RS,65
6,5,RS,none,68
6,5,none,RS,77
6,5,RS,PC,78
6,5,PC,"PC,PT",90
6,5,"PC,PT",PC,91
6,5,PC,"PC,RS",93
6,5,"PC,RS",none,94
6,5,none,"RP,RS",109
6,5,"RP,RS","BW,PC,RCL,RP,RS",110
6,5,"BW,PC,RCL,RP,RS","PC,RCL,RP",111
6,5,"PC,RCL,RP","BW,PC,RCL,RP",116
6,5,"BW,PC,RCL,RP",RCL,118
6,5,RCL,"RCL,RP",122
6,5,"RCL,RP",RCL,123
6,5,RCL,"PC,RCL",126
6,5,"PC,RCL","PC,RCL,RS",127
6,5,"PC,RCL,RS","RCL,RS",129
6,5,"RCL,RS",RCL,130
6,5,RCL,"RCA,RCL",135
6,5,"RCA,RCL",RCL,136
6,5,RCL,"BW,RCL",137
6,5,"BW,RCL","BW,RCA,RCL",138
6,5,"BW,RCA,RCL",RCL,139
6,5,RCL,"BW,RCA,RCL",145
6,5,"BW,RCA,RCL","BV,BW,RCL",146
6,5,"BV,BW,RCL","BW,RCL",147
6,5,"BW,RCL",RCL,150
6,5,RCL,"RCA,RCL",152
6,5,"RCA,RCL",RCL,155
6,5,RCL,"BV,BW,RCL",156
6,5,"BV,BW,RCL","BV,BW,HC,HV,RCA,RCL",157
6,5,"BV,BW,HC,HV,RCA,RCL","BW,RCA,RCL",158
6,5,"BW,RCA,RCL","RCA,RCL",175
6,5,"RCA,RCL",RCL,194
6,5,RCL,"HC,RCL",231
6,5,"HC,RCL",RCL,232
6,5,RCL,"BV,RCL",254
6,5,"BV,RCL",RCL,255
6,6,RS,none,64
6,6,none,RS,67
6,6,RS,none,68
6,6,none,RS,72
6,6,RS,"PC,RS",74
6,6,"PC,RS",RS,75
6,6,RS,none,76
6,6,none,"PC,RS",82
6,6,"PC,RS",PC,83
6,6,PC,"PC,RP,RS",86
6,6,"PC,RP,RS","RP,RS",87
6,6,"RP,RS",RP,88
6,6,RP,none,89
6,6,none,RS,98
6,6,RS,none,99
6,6,none,"PC,RP,RS",107
6,6,"PC,RP,RS","PC,RP",109
6,6,"PC,RP","PC,RP,RS",112
6,6,"PC,RP,RS","BW,HV,PC,RP,RS",115
6,6,"BW,HV,PC,RP,RS",PC,118
6,6,PC,none,122
6,6,none,RCL,124
6,6,RCL,"BW,RCL",133
6,6,"BW,RCL",RCL,135
6,6,RCL,"AC,RCL",136
6,6,"AC,RCL","AC,BW,RCL",140
6,6,"AC,BW,RCL",RCL,142
6,6,RCL,"BW,RCL",148
6,6,"BW,RCL",RCL,150
6,6,RCL,"BW,RCL",154
6,6,"BW,RCL","BW,HV,RCL",155
6,6,"BW,HV,RCL",RCL,156
6,6,RCL,"AC,RCL",157
6,6,"AC,RCL",RCL,161
6,6,RCL,"RCA,RCL",165
6,6,"RCA,RCL","AC,RCL",166
6,6,"AC,RCL",RCL,167
6,6,RCL,"AC,RCL",173
6,6,"AC,RCL",RCL,174
6,6,RCL,"BW,RCL",177
6,6,"BW,RCL",BW,178
6,6,BW,"BW,RCL",180
6,6,"BW,RCL",RCL,181
6,6,RCL,none,185
6,6,none,RCL,187
6,6,RCL,none,195
6,6,none,"BV,BW",196
6,6,"BV,BW","BV,BW,RCL",197
6,6,"BV,BW,RCL",RCL,198
6,6,RCL,none,229
6,6,none,RCL,231
6,6,RCL,none,234
6,6,none,RCL,236
6,6,RCL,none,242
6,6,none,BV,246
6,6,BV,none,250
6,6,none,RCL,268
6,6,RCL,none,269
6,6,none,RS,288
6,6,RS,none,289
6,6,none,RS,293
6,6,RS,none,294
6,6,none,RS,301
6,6,RS,none,305
6,6,none,RS,311
6,6,RS,none,322
6,6,none,RS,327
6,7,"PC,RS",RS,39
6,7,RS,none,42
6,7,none,RS,47
6,7,RS,none,50
6,7,none,RS,53
6,7,RS,none,57
6,7,none,"PC,RS",64
6,7,"PC,RS",RS,65
6,7,RS,"PC,RS",70
6,7,"PC,RS",none,72
6,7,none,"PC,RS",77
6,7,"PC,RS","PC,RP,RS",81
6,7,"PC,RP,RS","RP,RS",82
6,7,"RP,RS","PC,RP,RS",86
6,7,"PC,RP,RS",RS,87
6,7,RS,none,89
6,7,none,RS,92
6,7,RS,"PC,RS",93
6,7,"PC,RS","PC,RP,RS",98
6,7,"PC,RP,RS","PC,RS",99
6,7,"PC,RS",none,102
6,7,none,"BW,RS",106
6,7,"BW,RS","BW,PC,RCL,RS",107
6,7,"BW,PC,RCL,RS","BW,HV,RCL,RS",109
6,7,"BW,HV,RCL,RS","RCL,RS",110
6,7,"RCL,RS","BW,HV,RCL,RS",113
6,7,"BW,HV,RCL,RS","BW,RCL,RS",114
6,7,"BW,RCL,RS","RCL,RS",116
6,7,"RCL,RS",RCL,117
6,7,RCL,"RCL,RS",120
6,7,"RCL,RS",RS,121
6,7,RS,"RCL,RS",130
6,7,"RCL,RS",RS,131
6,7,RS,"BW,RCL,RS",136
6,7,"BW,RCL,RS","BW,RCA,RCL,RS",138
6,7,"BW,RCA,RCL,RS","RCL,RS",140
6,7,"RCL,RS","BW,RCL,RS",146
6,7,"BW,RCL,RS","RCL,RS",147
6,7,"RCL,RS","BV,BW,HV,RCL,RS",149
6,7,"BV,BW,HV,RCL,RS","BW,HV,RCL,RS",150
6,7,"BW,HV,RCL,RS","BW,GC,HV,RCL,RS",151
6,7,"BW,GC,HV,RCL,RS","GC,HV,RCL,RS",152
6,7,"GC,HV,RCL,RS","AC,HV,RCL,RS",156
6,7,"AC,HV,RCL,RS","HV,RCL,RS",157
6,7,"HV,RCL,RS","BW,HV,RCL,RS",159
6,7,"BW,HV,RCL,RS","BV,BW,HV,RCL",162
6,7,"BV,BW,HV,RCL",RCL,163
6,7,RCL,"BW,RCL",168
6,7,"BW,RCL","BV,BW,HV,RCL",169
6,7,"BV,BW,HV,RCL","BV,BW,HV,RCL,RS",170
6,7,"BV,BW,HV,RCL,RS","AC,BV,BW,GC,RCL,RS",171
6,7,"AC,BV,BW,GC,RCL,RS","RCL,RS",172
6,7,"RCL,RS",RCL,175
6,7,RCL,"BW,HV,RCL",178
6,7,"BW,HV,RCL","BW,GC,HV,RCL",179
6,7,"BW,GC,HV,RCL","AC,GC,RCL",180
6,7,"AC,GC,RCL",RCL,181
6,7,RCL,"AC,HV,RCA,RCL",183
6,7,"AC,HV,RCA,RCL","AC,HV,RCL",184
6,7,"AC,HV,RCL","AC,GC,HV,RCL",185
6,7,"AC,GC,HV,RCL","AC,BW,GC,HV,RCL",186
6,7,"AC,BW,GC,HV,RCL","HV,RCL",187
6,7,"HV,RCL",RCL,188
6,7,RCL,"GC,RCL",189
6,7,"GC,RCL",RCL,190
6,7,RCL,"BW,RCL",191
6,7,"BW,RCL","HV,RCL",192
6,7,"HV,RCL","BW,HV,RCL",194
6,7,"BW,HV,RCL","GC,HV,RCL",196
6,7,"GC,HV,RCL","GC,RCL",197
6,7,"GC,RCL","HV,RCL",199
6,7,"HV,RCL","GC,HV,RCL",202
6,7,"GC,HV,RCL","AC,HV,RCL",206
6,7,"AC,HV,RCL","AC,RCL",207
6,7,"AC,RCL",RCL,209
6,7,RCL,"HV,RCL",210
6,7,"HV,RCL","AC,HV,RCL",211
6,7,"AC,HV,RCL","HV,RCL",212
6,7,"HV,RCL","BV,BW,GC,HV,RCL",213
6,7,"BV,BW,GC,HV,RCL","BV,BW,GC,RCL",214
6,7,"BV,BW,GC,RCL","BV,BW,GC,RCL,RS",215
6,7,"BV,BW,GC,RCL,RS","BW,GC,HV,RCL,RS",216
6,7,"BW,GC,HV,RCL,RS","AC,GC,HV,RCL,RS",219
6,7,"AC,GC,HV,RCL,RS","RCL,RS",220
6,7,"RCL,RS",RCL,221
6,7,RCL,"BW,RCL",222
6,7,"BW,RCL","BW,RCL,RS",223
6,7,"BW,RCL,RS","BW,GC,HV,RCL,RS",224
6,7,"BW,GC,HV,RCL,RS","AC,BW,GC,HV,RCL,RS",226
6,7,"AC,BW,GC,HV,RCL,RS","BW,RCL",227
6,7,"BW,RCL","AC,BW,GC,HV,RCL,RS",229
6,7,"AC,BW,GC,HV,RCL,RS","AC,BV,HV,RCL,RS",230
6,7,"AC,BV,HV,RCL,RS","AC,HV,RCL,RS",231
6,7,"AC,HV,RCL,RS","AC,HV,RCL",232
6,7,"AC,HV,RCL","AC,BW,HV,RCL,RS",234
6,7,"AC,BW,HV,RCL,RS","AC,BW,RCL,RS",235
6,7,"AC,BW,RCL,RS","AC,BW,RCL",236
6,7,"AC,BW,RCL","AC,BW,HV,RCL",238
6,7,"AC,BW,HV,RCL","BV,BW,RCL,RS",240
6,7,"BV,BW,RCL,RS","BV,RCL,RS",244
6,7,"BV,RCL,RS","AC,BV,RCL,RS",245
6,7,"AC,BV,RCL,RS","AC,RCL",246
6,7,"AC,RCL",RCL,247
6,7,RCL,"RCL,RS",256
6,7,"RCL,RS",RCL,260
6,7,RCL,"RCL,RS",262
6,7,"RCL,RS",RCL,265
6,7,RCL,"RCL,RS",267
6,7,"RCL,RS",none,276
6,7,none,RS,280
6,7,RS,none,284
6,7,none,RS,292
6,7,RS,none,293
6,7,none,RS,307
6,8,RS,none,56
6,8,none,RS,60
6,8,RS,none,69
6,8,none,RS,72
6,8,RS,"PC,RS",73
6,8,"PC,RS",RS,74
6,8,RS,"PC,RS",77
6,8,"PC,RS","PC,RP,RS",82
6,8,"PC,RP,RS",none,84
6,8,none,PC,87
6,8,PC,"PC,RP,RS",88
6,8,"PC,RP,RS",PC,90
6,8,PC,"PC,RS",93
6,8,"PC,RS",PC,94
6,8,PC,"PC,RS",96
6,8,"PC,RS",PC,97
6,8,PC,"BW,PC",104
6,8,"BW,PC",PC,105
6,8,PC,none,106
6,8,none,"BW,RCL",114
6,8,"BW,RCL","BW,HV,RCL",116
6,8,"BW,HV,RCL",RCL,117
6,8,RCL,"RCL,RS",120
6,8,"RCL,RS",RS,122
6,8,RS,"RCL,RS",124
6,8,"RCL,RS","AC,RCL,RS",127
6,8,"AC,RCL,RS","AC,RCL",128
6,8,"AC,RCL",none,130
6,8,none,"AC,RCL",134
6,8,"AC,RCL","BW,RCL",135
6,8,"BW,RCL","BW,HV,RCL",137
6,8,"BW,HV,RCL","AC,BW,HV,RCL",138
6,8,"AC,BW,HV,RCL","AC,BW,HV,RCL,RS",139
6,8,"AC,BW,HV,RCL,RS","AC,BV,BW,HV,RCL,RS",140
6,8,"AC,BV,BW,HV,RCL,RS","AC,BW,HV,RCL,RS",141
6,8,"AC,BW,HV,RCL,RS","AC,RCL,RS",142
6,8,"AC,RCL,RS",RCL,145
6,8,RCL,"AC,RCL",147
6,8,"AC,RCL","AC,HV,RCL",149
6,8,"AC,HV,RCL","AC,RCL,RS",150
6,8,"AC,RCL,RS","AC,RCL",151
6,8,"AC,RCL","AC,RCL,RS",153
6,8,"AC,RCL,RS","AC,BW,HV,RCL,RS",154
6,8,"AC,BW,HV,RCL,RS","AC,BV,BW,HV,RCL",156
6,8,"AC,BV,BW,HV,RCL","AC,BV,BW,HC,HV,RCL",158
6,8,"AC,BV,BW,HC,HV,RCL","AC,RCL",159
6,8,"AC,RCL","AC,HC,HV,RCL",161
6,8,"AC,HC,HV,RCL","AC,BW,HV,RCL",162
6,8,"AC,BW,HV,RCL","AC,BV,BW,HV,RCL",163
6,8,"AC,BV,BW,HV,RCL","AC,BV,HV,RCL",164
6,8,"AC,BV,HV,RCL","AC,HV,RCL",165
6,8,"AC,HV,RCL","AC,GC,HV,RCL",166
6,8,"AC,GC,HV,RCL","AC,BV,BW,GC,HV,RCL",167
6,8,"AC,BV,BW,GC,HV,RCL","AC,BV,BW,GC,HC,HV,RCL",168
6,8,"AC,BV,BW,GC,HC,HV,RCL","AC,GC,RCL",170
6,8,"AC,GC,RCL","AC,GC,HC,RCL",172
6,8,"AC,GC,HC,RCL","AC,RCL",174
6,8,"AC,RCL","AC,BW,GC,HC,RCL",176
6,8,"AC,BW,GC,HC,RCL","AC,BV,BW,GC,HC,RCL",177
6,8,"AC,BV,BW,GC,HC,RCL","AC,GC,HC,RCL",178
6,8,"AC,GC,HC,RCL","AC,HC,RCL",179
6,8,"AC,HC,RCL","AC,GC,HC,RCL",184
6,8,"AC,GC,HC,RCL","AC,HC,RCL",187
6,8,"AC,HC,RCL","AC,BV,BW,GC,HC,RCL",189
6,8,"AC,BV,BW,GC,HC,RCL","AC,GC,HC,RCL",191
6,8,"AC,GC,HC,RCL","AC,HC,RCL",192
6,8,"AC,HC,RCL","AC,RCL",194
6,8,"AC,RCL","AC,HC,RCL",198
6,8,"AC,HC,RCL","AC,RCL",200
6,8,"AC,RCL","AC,HC,RCL",202
6,8,"AC,HC,RCL","AC,RCL",204
6,8,"AC,RCL","AC,HC,RCL",206
6,8,"AC,HC,RCL","AC,RCL",208
6,8,"AC,RCL","AC,HC,RCL",210
6,8,"AC,HC,RCL","AC,RCL",220
6,8,"AC,RCL","AC,HC,RCL",222
6,8,"AC,HC,RCL","AC,RCL",223
6,8,"AC,RCL","AC,HC,RCL",231
6,8,"AC,HC,RCL","AC,RCL",232
6,8,"AC,RCL","AC,BV,BW,RCL,RS",252
6,8,"AC,BV,BW,RCL,RS","AC,RCL,RS",254
6,8,"AC,RCL,RS","RCL,RS",257
6,8,"RCL,RS","BV,BW,RCL,RS",259
6,8,"BV,BW,RCL,RS","RCL,RS",261
6,8,"RCL,RS",RCL,262
6,8,RCL,"RCL,RS",265
6,8,"RCL,RS",RCL,269
6,8,RCL,"RCL,RS",273
6,8,"RCL,RS",RCL,277
6,8,RCL,"RCL,RS",284
6,8,"RCL,RS",RCL,286
6,9,RS,none,77
6,9,none,RS,82
6,9,RS,"PC,RS",83
6,9,"PC,RS",RS,84
6,9,RS,none,86
6,9,none,RCL,94
6,9,RCL,none,95
6,9,none,PC,99
6,9,PC,"PC,PT,RS",100
6,9,"PC,PT,RS","PC,RS",101
6,9,"PC,RS","PC,RP,RS",102
6,9,"PC,RP,RS","RP,RS",104
6,9,"RP,RS",RS,108
6,9,RS,none,109
6,9,none,RP,110
6,9,RP,"PC,RP,RS",111
6,9,"PC,RP,RS","BW,RP,RS",112
6,9,"BW,RP,RS","BW,PT,RP,RS",113
6,9,"BW,PT,RP,RS",none,114
6,9,none,RP,119
6,9,RP,"BW,RP",121
6,9,"BW,RP","RCL,RP",122
6,9,"RCL,RP",none,123
6,9,none,RP,125
6,9,RP,BW,126
6,9,BW,none,127
6,9,none,RP,129
6,9,RP,"BW,RP",134
6,9,"BW,RP","BW,HV,RP",135
6,9,"BW,HV,RP","BW,HV",136
6,9,"BW,HV","AC,BW,HV,RCL",137
6,9,"AC,BW,HV,RCL","AC,BV,BW,HV,RCL",138
6,9,"AC,BV,BW,HV,RCL","AC,BV,HV,RCL",140
6,9,"AC,BV,HV,RCL","AC,BV,RCL",141
6,9,"AC,BV,RCL","AC,RCL",142
6,9,"AC,RCL","AC,BV,BW,HV,RCL",152
6,9,"AC,BV,BW,HV,RCL","AC,HC,HV,RCL",155
6,9,"AC,HC,HV,RCL","AC,GC,HC,HV,RCL",156
6,9,"AC,GC,HC,HV,RCL","AC,HC,HV,RCL",157
6,9,"AC,HC,HV,RCL","AC,HC,RCL",161
6,9,"AC,HC,RCL","AC,BW,RCL",163
6,9,"AC,BW,RCL","AC,RCL",164
6,9,"AC,RCL","AC,HV,RCL",166
6,9,"AC,HV,RCL","AC,BV,BW,HV,RCL",168
6,9,"AC,BV,BW,HV,RCL","AC,BV,GC,RCL",170
6,9,"AC,BV,GC,RCL","AC,GC,RCL",171
6,9,"AC,GC,RCL","AC,BW,HV,RCL",172
6,9,"AC,BW,HV,RCL","AC,HV,RCL",173
6,9,"AC,HV,RCL","AC,RCL",175
6,9,"AC,RCL","AC,HC,RCL",178
6,9,"AC,HC,RCL","AC,GC,HC,HV,RCL",180
6,9,"AC,GC,HC,HV,RCL","AC,RCL",181
6,9,"AC,RCL","AC,BW,RCL",182
6,9,"AC,BW,RCL","AC,RCL",183
6,9,"AC,RCL","AC,HV,RCL",185
6,9,"AC,HV,RCL","AC,RCL",186
6,9,"AC,RCL","AC,BV,GC,HC,HV,RCL",189
6,9,"AC,BV,GC,HC,HV,RCL","AC,BV,BW,GC,RCL",190
6,9,"AC,BV,BW,GC,RCL","AC,RCL",191
6,9,"AC,RCL","AC,HC,RCL",193
6,9,"AC,HC,RCL","AC,RCL",212
6,9,"AC,RCL",RCL,234
6,9,RCL,"BW,RCL",236
6,9,"BW,RCL",RCL,237
6,9,RCL,"BV,RCL",239
6,9,"BV,RCL","BV,BW,RCL",240
6,9,"BV,BW,RCL","BV,RCL",241
6,9,"BV,RCL",RCL,242
6,9,RCL,none,256
6,9,none,RCL,258
6,9,RCL,"BV,BW,RCL",267
6,9,"BV,BW,RCL","GC,HV,RCL,RS",268
6,9,"GC,HV,RCL,RS","RCL,RS",269
6,9,"RCL,RS",RCL,271
6,9,RCL,none,277
6,9,none,RCL,279
6,9,RCL,none,280
6,9,none,HV,281
6,9,HV,none,284
6,9,none,HV,290
6,9,HV,none,291
6,9,none,RS,303
6,9,RS,none,304
6,9,none,RS,309
6,9,RS,none,311
6,9,none,RS,314
6,10,PT,none,64
6,10,none,PC,66
6,10,PC,none,67
6,10,none,PC,78
6,10,PC,"PC,PT",79
6,10,"PC,PT",none,80
6,10,none,PC,84
6,10,PC,none,85
6,10,none,PC,87
6,10,PC,PT,94
6,10,PT,none,95
6,10,none,RS,111
6,10,RS,BW,113
6,10,BW,none,114
6,10,none,BW,116
6,10,BW,"AC,BW,HV",117
6,10,"AC,BW,HV","AC,BW,RCL",118
6,10,"AC,BW,RCL","BW,RCL",119
6,10,"BW,RCL",RCL,120
6,10,RCL,"AC,RCL",122
6,10,"AC,RCL",RCL,123
6,10,RCL,"AC,RCL",128
6,10,"AC,RCL",RCL,134
6,10,RCL,"AC,RCL",137
6,10,"AC,RCL","AC,BW,RCL",140
6,10,"AC,BW,RCL","AC,RCL",141
6,10,"AC,RCL","AC,HV,RCL",148
6,10,"AC,HV,RCL","AC,RCL",149
6,10,"AC,RCL","AC,HV,RCL,RS",152
6,10,"AC,HV,RCL,RS","AC,RCL,RS",153
6,10,"AC,RCL,RS","AC,RCL",155
6,10,"AC,RCL","AC,RCL,RS",157
6,10,"AC,RCL,RS","AC,BW,RCL",158
6,10,"AC,BW,RCL","AC,RCL",159
6,10,"AC,RCL","AC,BW,HV,RCL",162
6,10,"AC,BW,HV,RCL","AC,BV,BW,HC,HV,RCL",163
6,10,"AC,BV,BW,HC,HV,RCL","AC,HC,RCL",166
6,10,"AC,HC,RCL","AC,GC,HC,RCL",167
6,10,"AC,GC,HC,RCL","AC,GC,HV,RCL",169
6,10,"AC,GC,HV,RCL","AC,RCL",170
6,10,"AC,RCL","AC,HC,RCL",174
6,10,"AC,HC,RCL","AC,RCL",179
6,10,"AC,RCL","AC,BW,GC,HC,HV,RCL",181
6,10,"AC,BW,GC,HC,HV,RCL","AC,BV,BW,GC,HC,HV,RCL",182
6,10,"AC,BV,BW,GC,HC,HV,RCL","AC,BV,GC,HC,HV,RCL",183
6,10,"AC,BV,GC,HC,HV,RCL","AC,GC,HC,RCL",184
6,10,"AC,GC,HC,RCL","AC,HC,RCL",185
6,10,"AC,HC,RCL","AC,HC,HV,RCL",186
6,10,"AC,HC,HV,RCL","AC,BW,GC,HC,HV,RCL",187
6,10,"AC,BW,GC,HC,HV,RCL","AC,GC,HC,RCL",189
6,10,"AC,GC,HC,RCL","AC,HC,RCL",191
6,10,"AC,HC,RCL","AC,GC,HC,RCL",199
6,10,"AC,GC,HC,RCL","AC,HC,RCL",200
6,10,"AC,HC,RCL","AC,HC,HV,RCL",207
6,10,"AC,HC,HV,RCL","AC,BV,GC,HC,HV,RCL",209
6,10,"AC,BV,GC,HC,HV,RCL","AC,HC,HV,RCL",213
6,10,"AC,HC,HV,RCL","AC,HV,RCL",215
6,10,"AC,HV,RCL","AC,HC,HV,RCL",217
6,10,"AC,HC,HV,RCL","AC,HC,RCL",222
6,10,"AC,HC,RCL","AC,GC,HC,HV,RCL",227
6,10,"AC,GC,HC,HV,RCL","AC,GC,HC,RCL",228
6,10,"AC,GC,HC,RCL","AC,HC,RCL",230
6,10,"AC,HC,RCL","AC,RCL",233
6,10,"AC,RCL","AC,GC,HV,RCL",234
6,10,"AC,GC,HV,RCL","AC,BV,GC,HC,HV,RCL",235
6,10,"AC,BV,GC,HC,HV,RCL","AC,BV,HC,HV,RCL",236
6,10,"AC,BV,HC,HV,RCL","AC,HC,RCL",237
6,10,"AC,HC,RCL","AC,RCL",239
6,10,"AC,RCL","AC,HC,RCL",241
6,10,"AC,HC,RCL","AC,RCL",242
6,10,"AC,RCL","AC,BV,GC,HC,HV,RCL",245
6,10,"AC,BV,GC,HC,HV,RCL","AC,BV,GC,HC,RCL",246
6,10,"AC,BV,GC,HC,RCL","AC,RCL",247
6,10,"AC,RCL","AC,HC,RCL",250
6,10,"AC,HC,RCL","AC,RCL",251
6,10,"AC,RCL",RCL,260
6,10,RCL,"RCL,RS",264
6,10,"RCL,RS",RCL,267
6,10,RCL,none,276
6,10,none,RCL,285
6,10,RCL,none,289
6,10,none,RS,296
6,10,RS,none,299
6,10,none,RS,306
6,10,RS,none,307
6,10,none,RS,327
6,11,RS,none,53
6,11,none,"PC,RS",55
6,11,"PC,RS",none,59
6,11,none,RS,64
6,11,RS,none,65
6,11,none,RS,71
6,11,RS,"PC,RS",72
6,11,"PC,RS","PC,RP,RS",77
6,11,"PC,RP,RS","RP,RS",80
6,11,"RP,RS","PC,RP,RS",82
6,11,"PC,RP,RS","PC,RS",83
6,11,"PC,RS","RP,RS",85
6,11,"RP,RS",RS,87
6,11,RS,none,91
6,11,none,RS,93
6,11,RS,"PC,RS",97
6,11,"PC,RS","BW,PC,RS",103
6,11,"BW,PC,RS","PC,RP,RS",106
6,11,"PC,RP,RS",RS,107
6,11,RS,"RCL,RS",119
6,11,"RCL,RS",RCL,123
6,11,RCL,"AC,RCL,RS",125
6,11,"AC,RCL,RS","AC,RCL",130
6,11,"AC,RCL","AC,BW,RCL",135
6,11,"AC,BW,RCL","AC,BV,BW,RCL",136
6,11,"AC,BV,BW,RCL","AC,BW,GC,HC,HV,RCL",137
6,11,"AC,BW,GC,HC,HV,RCL","AC,HC,HV,RCL",138
6,11,"AC,HC,HV,RCL","AC,HC,RCL",139
6,11,"AC,HC,RCL","AC,HC,HV,RCL",142
6,11,"AC,HC,HV,RCL","AC,BV,BW,HC,HV,RCL",143
6,11,"AC,BV,BW,HC,HV,RCL","AC,BW,HC,HV,RCL,RS",144
6,11,"AC,BW,HC,HV,RCL,RS","AC,HV,RCL,RP,RS",145
6,11,"AC,HV,RCL,RP,RS","AC,GC,HV,RCL,RS",146
6,11,"AC,GC,HV,RCL,RS","AC,BV,BW,GC,HC,HV,RCL,RS",147
6,11,"AC,BV,BW,GC,HC,HV,RCL,RS","AC,GC,HV,RCL,RS",148
6,11,"AC,GC,HV,RCL,RS","AC,RCL,RS",149
6,11,"AC,RCL,RS","AC,RCL",150
6,11,"AC,RCL","AC,RCL,RS",153
6,11,"AC,RCL,RS","AC,GC,HV,RCL,RS",154
6,11,"AC,GC,HV,RCL,RS","AC,GC,HC,RCL,RS",155
6,11,"AC,GC,HC,RCL,RS","AC,GC,HC,RCL",156
6,11,"AC,GC,HC,RCL","AC,GC,RCL",158
6,11,"AC,GC,RCL","AC,GC,HV,RCL",159
6,11,"AC,GC,HV,RCL","AC,GC,RCL",160
6,11,"AC,GC,RCL","AC,RCL",161
6,11,"AC,RCL","AC,BW,RCL",164
6,11,"AC,BW,RCL","AC,BV,BW,GC,HC,RCL",165
6,11,"AC,BV,BW,GC,HC,RCL","AC,BV,BW,GC,HC,HV,RCL",166
6,11,"AC,BV,BW,GC,HC,HV,RCL","AC,GC,HC,HV,RCL",170
6,11,"AC,GC,HC,HV,RCL","AC,GC,HC,RCL",173
6,11,"AC,GC,HC,RCL","AC,HC,RCL",177
6,11,"AC,HC,RCL","AC,RCL",178
6,11,"AC,RCL","AC,GC,RCL",179
6,11,"AC,GC,RCL","AC,RCL",181
6,11,"AC,RCL","AC,HC,RCL",182
6,11,"AC,HC,RCL","AC,GC,HC,RCL",183
6,11,"AC,GC,HC,RCL","AC,HC,RCL",188
6,11,"AC,HC,RCL","AC,RCL",189
6,11,"AC,RCL","AC,GC,HC,RCL",192
6,11,"AC,GC,HC,RCL","AC,BW,GC,HC,RCL",200
6,11,"AC,BW,GC,HC,RCL","AC,BV,BW,GC,HC,RCL",201
6,11,"AC,BV,BW,GC,HC,RCL","AC,GC,HC,RCL",203
6,11,"AC,GC,HC,RCL","AC,HC,RCL",204
6,11,"AC,HC,RCL","AC,RCL",207
6,11,"AC,RCL","AC,HC,RCL",209
6,11,"AC,HC,RCL","AC,RCL",222
6,11,"AC,RCL","AC,HC,RCL",224
6,11,"AC,HC,RCL","AC,GC,HC,RCL",225
6,11,"AC,GC,HC,RCL","AC,BV,GC,HC,RCL",226
6,11,"AC,BV,GC,HC,RCL","AC,BV,BW,GC,HC,RCL",227
6,11,"AC,BV,BW,GC,HC,RCL","AC,GC,HC,RCL",228
6,11,"AC,GC,HC,RCL","AC,HC,RCL",229
6,11,"AC,HC,RCL","AC,RCL",233
6,11,"AC,RCL","AC,HC,RCL",235
6,11,"AC,HC,RCL","HC,RCL",243
6,11,"HC,RCL","AC,HC,RCL",245
6,11,"AC,HC,RCL","AC,GC,HC,RCL",250
6,11,"AC,GC,HC,RCL","AC,RCL",251
6,11,"AC,RCL",RCL,261
6,11,RCL,"AC,RCL",263
6,11,"AC,RCL",RCL,264
6,12,RP,none,81
6,12,none,BW,99
6,12,BW,"BV,BW",100
6,12,"BV,BW","BV,RCL",102
6,12,"BV,RCL",BV,103
6,12,BV,"AC,BV,RCL",105
6,12,"AC,BV,RCL",RCL,106
6,12,RCL,RS,107
6,12,RS,"RCL,RS",110
6,12,"RCL,RS","AC,RCL,RS",111
6,12,"AC,RCL,RS","RCL,RS",112
6,12,"RCL,RS","AC,RCL,RS",114
6,12,"AC,RCL,RS","RCL,RS",115
6,12,"RCL,RS","AC,BV,BW,RCL,RS",117
6,12,"AC,BV,BW,RCL,RS","AC,BW,RCL,RS",118
6,12,"AC,BW,RCL,RS","AC,RCL,RS",119
6,12,"AC,RCL,RS","AC,BW,RCL,RS",125
6,12,"AC,BW,RCL,RS","AC,RCL,RS",126
6,12,"AC,RCL,RS","AC,RCL",127
6,12,"AC,RCL","AC,BW,RCL",128
6,12,"AC,BW,RCL","AC,BW,GC,RCL",131
6,12,"AC,BW,GC,RCL","AC,BW,GC,RCL,RS",132
6,12,"AC,BW,GC,RCL,RS","AC,RCL",133
6,12,"AC,RCL","AC,RCL,RS",137
6,12,"AC,RCL,RS","AC,RCL",138
6,12,"AC,RCL","AC,BW,GC,RCL",143
6,12,"AC,BW,GC,RCL","AC,BV,BW,GC,RCL",144
6,12,"AC,BV,BW,GC,RCL","AC,BV,GC,RCL",145
6,12,"AC,BV,GC,RCL","AC,GC,RCL",146
6,12,"AC,GC,RCL","AC,GC,HC,RCL",149
6,12,"AC,GC,HC,RCL","AC,BW,GC,HC,RCL",150
6,12,"AC,BW,GC,HC,RCL","AC,BW,GC,RCL",153
6,12,"AC,BW,GC,RCL","AC,BW,GC,HC,HV,RCL",156
6,12,"AC,BW,GC,HC,HV,RCL","AC,BW,GC,HV,RCL",157
6,12,"AC,BW,GC,HV,RCL","AC,HV,RCL",158
6,12,"AC,HV,RCL","AC,BV,BW,GC,HV,RCL",160
6,12,"AC,BV,BW,GC,HV,RCL","AC,BW,RCL",163
6,12,"AC,BW,RCL","AC,BW,HC,RCL",164
6,12,"AC,BW,HC,RCL","AC,BV,BW,GC,HC,RCL",165
6,12,"AC,BV,BW,GC,HC,RCL","AC,BW,GC,HC,RCL",166
6,12,"AC,BW,GC,HC,RCL","AC,BW,HC,RCL",167
6,12,"AC,BW,HC,RCL","AC,HC,RCL",168
6,12,"AC,HC,RCL","AC,GC,HC,RCL",170
6,12,"AC,GC,HC,RCL","AC,HC,RCL",175
6,12,"AC,HC,RCL","AC,GC,RCL",178
6,12,"AC,GC,RCL","AC,BW,RCL",179
6,12,"AC,BW,RCL","AC,BW,GC,HC,RCL",181
6,12,"AC,BW,GC,HC,RCL","AC,BW,GC,RCL",184
6,12,"AC,BW,GC,RCL","AC,BW,GC,HV,RCL",185
6,12,"AC,BW,GC,HV,RCL","AC,BV,BW,GC,HV,RCL",186
6,12,"AC,BV,BW,GC,HV,RCL","AC,BV,BW,GC,HC,HV,RCL",187
6,12,"AC,BV,BW,GC,HC,HV,RCL","AC,BV,GC,HC,HV,RCL",188
6,12,"AC,BV,GC,HC,HV,RCL","AC,GC,RCL",189
6,12,"AC,GC,RCL","AC,RCL",190
6,12,"AC,RCL","AC,BW,RCL",191
6,12,"AC,BW,RCL","AC,BW,HC,RCL",192
6,12,"AC,BW,HC,RCL","AC,BV,BW,GC,HC,HV,RCL",193
6,12,"AC,BV,BW,GC,HC,HV,RCL","AC,GC,HC,HV,RCL",194
6,12,"AC,GC,HC,HV,RCL","AC,GC,HC,RCL",195
6,12,"AC,GC,HC,RCL","AC,HC,HV,RCL",197
6,12,"AC,HC,HV,RCL","AC,BW,HC,HV,RCL",198
6,12,"AC,BW,HC,HV,RCL","AC,BW,GC,HC,RCL",199
6,12,"AC,BW,GC,HC,RCL","AC,HC,RCL",200
6,12,"AC,HC,RCL","AC,RCL",210
6,12,"AC,RCL","AC,GC,RCL",213
6,12,"AC,GC,RCL","AC,RCL",214
6,12,"AC,RCL","AC,BV,GC,HV,RCL",216
6,12,"AC,BV,GC,HV,RCL","AC,BV,BW,GC,HV,RCL",217
6,12,"AC,BV,BW,GC,HV,RCL","AC,BW,GC,HV,RCL",220
6,12,"AC,BW,GC,HV,RCL","AC,BW,HV,RCL",222
6,12,"AC,BW,HV,RCL","AC,HV,RCL",223
6,12,"AC,HV,RCL","AC,GC,HV,RCL",224
6,12,"AC,GC,HV,RCL","AC,GC,HC,HV,RCL",228
6,12,"AC,GC,HC,HV,RCL","AC,GC,HV,RCL",232
6,12,"AC,GC,HV,RCL","AC,GC,RCL",233
6,12,"AC,GC,RCL","AC,BW,GC,HC,RCL",234
6,12,"AC,BW,GC,HC,RCL","AC,GC,HC,HV,RCL",235
6,12,"AC,GC,HC,HV,RCL","AC,GC,RCL",236
6,12,"AC,GC,RCL","AC,RCL",237
6,12,"AC,RCL","AC,RCL,RS",250
6,12,"AC,RCL,RS","AC,HC,RCL",252
6,12,"AC,HC,RCL","AC,RCL",253
6,12,"AC,RCL","AC,RCL,RS",256
6,12,"AC,RCL,RS","RCL,RS",258
6,12,"RCL,RS",RCL,265
6,12,RCL,"RCL,RS",267
6,12,"RCL,RS","HV,RCL,RS",270
6,12,"HV,RCL,RS",none,272
6,12,none,RS,274
6,12,RS,none,277
6,12,none,RS,279
6,12,RS,none,299
6,12,none,RS,301
6,12,RS,none,309
6,12,none,RS,315
6,13,PC,none,36
6,13,none,PT,51
6,13,PT,none,52
6,13,none,RS,90
6,13,RS,none,91
6,13,none,RS,94
6,13,RS,none,95
6,13,none,RS,101
6,13,RS,"BW,RS",102
6,13,"BW,RS",RS,106
6,13,RS,"BW,RS",108
6,13,"BW,RS",RS,109
6,13,RS,none,111
6,13,none,BW,117
6,13,BW,"AC,BW,RCL,RS",118
6,13,"AC,BW,RCL,RS","BW,RCL,RS",119
6,13,"BW,RCL,RS",RS,120
6,13,RS,"RCL,RS",122
6,13,"RCL,RS","HV,RCL,RS",123
6,13,"HV,RCL,RS","AC,HV,RCL,RS",125
6,13,"AC,HV,RCL,RS","AC,BW,HV,RCL",126
6,13,"AC,BW,HV,RCL",RCL,127
6,13,RCL,"AC,RCL,RS",129
6,13,"AC,RCL,RS","AC,RCL",130
6,13,"AC,RCL","AC,BW,RCL",132
6,13,"AC,BW,RCL","AC,BW,HV,RCL",133
6,13,"AC,BW,HV,RCL","AC,BV,HV,RCL",134
6,13,"AC,BV,HV,RCL","AC,RCL",135
6,13,"AC,RCL",RCL,149
6,13,RCL,"AC,RCL",151
6,13,"AC,RCL","AC,HV,RCL,RS",156
6,13,"AC,HV,RCL,RS","AC,BW,HV,RCL,RS",157
6,13,"AC,BW,HV,RCL,RS","AC,RCL,RS",159
6,13,"AC,RCL,RS","AC,HC,RCL,RS",160
6,13,"AC,HC,RCL,RS","AC,HC,HV,RCL",161
6,13,"AC,HC,HV,RCL","AC,BW,HC,HV,RCL",163
6,13,"AC,BW,HC,HV,RCL","AC,BW,GC,HC,HV,RCL",164
6,13,"AC,BW,GC,HC,HV,RCL","AC,GC,HC,HV,RCL",165
6,13,"AC,GC,HC,HV,RCL","AC,BW,GC,HC,HV,RCL",168
6,13,"AC,BW,GC,HC,HV,RCL","AC,BV,BW,GC,HC,HV,RCL",169
6,13,"AC,BV,BW,GC,HC,HV,RCL","AC,BV,BW,GC,HC,RCL",170
6,13,"AC,BV,BW,GC,HC,RCL","AC,GC,HC,RCL",171
6,13,"AC,GC,HC,RCL","AC,HC,RCL",173
6,13,"AC,HC,RCL","AC,GC,HC,RCL",178
6,13,"AC,GC,HC,RCL","AC,BV,BW,GC,HC,HV,RCL",180
6,13,"AC,BV,BW,GC,HC,HV,RCL","AC,BV,BW,GC,HC,HV,RCL,RS",181
6,13,"AC,BV,BW,GC,HC,HV,RCL,RS","AC,BV,BW,GC,HC,HV,RCL",182
6,13,"AC,BV,BW,GC,HC,HV,RCL","AC,GC,HC,HV,RCL",183
6,13,"AC,GC,HC,HV,RCL","AC,BV,GC,HC,HV,RCL",185
6,13,"AC,BV,GC,HC,HV,RCL","AC,GC,HC,HV,RCL",187
6,13,"AC,GC,HC,HV,RCL","AC,GC,HC,RCL",188
6,13,"AC,GC,HC,RCL","AC,GC,HC,RCL,RS",195
6,13,"AC,GC,HC,RCL,RS","AC,HC,RCL",196
6,13,"AC,HC,RCL","HC,RCL",217
6,13,"HC,RCL","AC,HC,RCL",219
6,13,"AC,HC,RCL","HC,RCL",221
6,13,"HC,RCL","AC,HC,HV,RCL",223
6,13,"AC,HC,HV,RCL","AC,BV,HC,RCL",224
6,13,"AC,BV,HC,RCL","AC,BV,HC,HV,RCL",227
6,13,"AC,BV,HC,HV,RCL","AC,HC,HV,RCL",228
6,13,"AC,HC,HV,RCL","AC,GC,HC,HV,RCL",229
6,13,"AC,GC,HC,HV,RCL","AC,GC,HC,RCL",230
6,13,"AC,GC,HC,RCL","AC,HC,RCL",231
6,14,RS,none,68
6,14,none,RS,72
6,14,RS,"RP,RS",77
6,14,"RP,RS",none,84
6,14,none,"RP,RS",86
6,14,"RP,RS",RS,88
6,14,RS,none,89
6,14,none,"RP,RS",91
6,14,"RP,RS",RS,97
6,14,RS,"RP,RS",100
6,14,"RP,RS",RP,101
6,14,RP,none,102
6,14,none,"RP,RS",104
6,14,"RP,RS",RP,105
6,14,RP,BW,108
6,14,BW,none,109
6,14,none,"BW,RCL",118
6,14,"BW,RCL",RCL,120
6,14,RCL,none,122
6,14,none,RCL,127
6,14,RCL,"BW,RCL",128
6,14,"BW,RCL","AC,BW,RCL",129
6,14,"AC,BW,RCL",RCL,131
6,14,RCL,"BW,RCL",138
6,14,"BW,RCL","AC,BV,BW,HC,RCL",140
6,14,"AC,BV,BW,HC,RCL","AC,BW,HC,RCL",141
6,14,"AC,BW,HC,RCL","AC,HC,RCL",142
6,14,"AC,HC,RCL","AC,RCL",144
6,14,"AC,RCL","AC,RCL,RS",146
6,14,"AC,RCL,RS","AC,RCL",150
6,14,"AC,RCL","AC,BW,HC,RCL",151
6,14,"AC,BW,HC,RCL","AC,BV,BW,HC,RCL",152
6,14,"AC,BV,BW,HC,RCL","AC,BV,BW,RCL",154
6,14,"AC,BV,BW,RCL","AC,BV,BW,GC,HV,RCL,RS",155
6,14,"AC,BV,BW,GC,HV,RCL,RS","AC,BV,BW,GC,HC,HV,RCA,RCL,RS",156
6,14,"AC,BV,BW,GC,HC,HV,RCA,RCL,RS","AC,BV,BW,GC,HC,HV,RCA,RCL",157
6,14,"AC,BV,BW,GC,HC,HV,RCA,RCL","AC,BW,HV,RCL",159
6,14,"AC,BW,HV,RCL",RCL,160
6,14,RCL,none,161
6,14,none,"AC,BV,BW,HV,RCA,RCL",163
6,14,"AC,BV,BW,HV,RCA,RCL","AC,BV,BW,GC,HC,HV,RCA,RCL",164
6,14,"AC,BV,BW,GC,HC,HV,RCA,RCL","AC,BV,BW,GC,HV,RCA,RCL",166
6,14,"AC,BV,BW,GC,HV,RCA,RCL","AC,GC,HV,RCA,RCL",167
6,14,"AC,GC,HV,RCA,RCL","AC,GC,RCA,RCL",170
6,14,"AC,GC,RCA,RCL","AC,GC,HC,RCA,RCL",172
6,14,"AC,GC,HC,RCA,RCL","AC,GC,RCA,RCL",173
6,14,"AC,GC,RCA,RCL","AC,BW,GC,HV,RCA,RCL",174
6,14,"AC,BW,GC,HV,RCA,RCL","AC,BV,BW,GC,HV,RCA,RCL",175
6,14,"AC,BV,BW,GC,HV,RCA,RCL","AC,GC,HC,HV,RCA,RCL",177
6,14,"AC,GC,HC,HV,RCA,RCL","AC,GC,HV,RCA,RCL",181
6,14,"AC,GC,HV,RCA,RCL","AC,BW,GC",182
6,14,"AC,BW,GC","AC,BW,HC",183
6,14,"AC,BW,HC","AC,BW,HC,HV,RCL",185
6,14,"AC,BW,HC,HV,RCL","AC,BW,GC,HC,HV,RCA,RCL",186
6,14,"AC,BW,GC,HC,HV,RCA,RCL","AC,BV,BW,GC,HC,HV,RCA,RCL",189
6,14,"AC,BV,BW,GC,HC,HV,RCA,RCL","AC,GC,HC,HV,RCA,RCL",190
6,14,"AC,GC,HC,HV,RCA,RCL","AC,GC,HC,RCA,RCL",194
6,14,"AC,GC,HC,RCA,RCL","AC,BW,GC,HC,HV,RCA,RCL",196
6,14,"AC,BW,GC,HC,HV,RCA,RCL","AC,GC,HC,HV,RCA,RCL",198
6,14,"AC,GC,HC,HV,RCA,RCL","AC,GC,HC,RCA,RCL",199
6,14,"AC,GC,HC,RCA,RCL","AC,HC,RCA,RCL",200
6,14,"AC,HC,RCA,RCL","AC,GC,HC,RCA,RCL",202
6,14,"AC,GC,HC,RCA,RCL","AC,HC,RCA,RCL",203
6,14,"AC,HC,RCA,RCL","AC,BW,GC,HC,RCA,RCL",205
6,14,"AC,BW,GC,HC,RCA,RCL","AC,HC,HV",207
6,14,"AC,HC,HV","AC,HC",208
6,14,"AC,HC","AC,BW,HC",211
6,14,"AC,BW,HC","AC,BV,BW,HC,HV",212
6,14,"AC,BV,BW,HC,HV","AC,BV,HC",213
6,14,"AC,BV,HC","AC,HC",214
6,14,"AC,HC","AC,HC,RCL",221
6,14,"AC,HC,RCL","AC,BW,HC,HV,RCL",225
6,14,"AC,BW,HC,HV,RCL","AC,BV,BW,HC,HV,RCL,RS",226
6,14,"AC,BV,BW,HC,HV,RCL,RS","AC,BV,BW,GC,HC,HV,RCA,RCL,RS",227
6,14,"AC,BV,BW,GC,HC,HV,RCA,RCL,RS","AC,BV,HC,HV,RCA,RCL,RS",228
6,14,"AC,BV,HC,HV,RCA,RCL,RS","AC,HC,RCA,RCL",229
6,14,"AC,HC,RCA,RCL","AC,HC,RCL",230
6,14,"AC,HC,RCL",none,231
6,14,none,"AC,RCL",235
6,14,"AC,RCL",RCL,238
6,14,RCL,none,240
6,14,none,AC,245
6,14,AC,none,246
6,14,none,RCL,247
6,14,RCL,none,248
6,14,none,RS,254
6,14,RS,none,257
6,14,none,"RCL,RS",269
6,14,"RCL,RS",RS,270
6,14,RS,none,271
6,14,none,"RCL,RS",275
6,14,"RCL,RS",RS,277
6,14,RS,none,301
6,14,none,RS,303
6,14,RS,none,304
6,14,none,RS,315
6,14,RS,none,318
6,14,none,RS,321
6,15,RS,none,104
6,15,none,RP,105
6,15,RP,RS,106
6,15,RS,RCL,107
6,15,RCL,none,108
6,15,none,RS,110
6,15,RS,none,111
6,15,none,"BW,RCL",116
6,15,"BW,RCL",RCL,119
6,15,RCL,"AC,BW,RCL",124
6,15,"AC,BW,RCL","BW,RCL,RS",125
6,15,"BW,RCL,RS","RCL,RS",127
6,15,"RCL,RS","AC,BW,RCA,RCL",130
6,15,"AC,BW,RCA,RCL","AC,RCA,RCL",131
6,15,"AC,RCA,RCL","AC,BW,HV,RCA,RCL",133
6,15,"AC,BW,HV,RCA,RCL","AC,BV,BW,HV,RCA,RCL,RS",134
6,15,"AC,BV,BW,HV,RCA,RCL,RS","AC,BW,HV,RCA,RCL,RS",136
6,15,"AC,BW,HV,RCA,RCL,RS","AC,RCA,RCL,RS",137
6,15,"AC,RCA,RCL,RS","AC,RCA,RCL",138
6,15,"AC,RCA,RCL","AC,BV,BW,HC,HV,RCA,RCL",139
6,15,"AC,BV,BW,HC,HV,RCA,RCL","AC,BV,BW,GC,HC,HV,RCA,RCL",140
6,15,"AC,BV,BW,GC,HC,HV,RCA,RCL","AC,BV,BW,HC,HV,RCA,RCL",141
6,15,"AC,BV,BW,HC,HV,RCA,RCL","AC,HV,RCA,RCL",144
6,15,"AC,HV,RCA,RCL","AC,RCA,RCL",145
6,15,"AC,RCA,RCL","AC,HV,RCA,RCL",147
6,15,"AC,HV,RCA,RCL","AC,BW,HC,HV,RCA,RCL",149
6,15,"AC,BW,HC,HV,RCA,RCL","AC,BV,BW,HC,HV,RCA,RCL",150
6,15,"AC,BV,BW,HC,HV,RCA,RCL","AC,BV,BW,HC,HV,RCA,RCL,RS",152
6,15,"AC,BV,BW,HC,HV,RCA,RCL,RS","AC,BV,BW,GC,HC,HV,RCA,RCL,RS",154
6,15,"AC,BV,BW,GC,HC,HV,RCA,RCL,RS","AC,BW,GC,HC,HV,RCA,RCL,RS",157
6,15,"AC,BW,GC,HC,HV,RCA,RCL,RS","AC,BW,GC,HV,RCA,RCL,RS",158
6,15,"AC,BW,GC,HV,RCA,RCL,RS","AC,BW,GC,HC,HV,RCA,RCL,RS",160
6,15,"AC,BW,GC,HC,HV,RCA,RCL,RS","AC,BV,BW,GC,HC,HV,RCA,RCL,RS",161
6,15,"AC,BV,BW,GC,HC,HV,RCA,RCL,RS","AC,BW,GC,HV,RCA,RCL,RS",164
6,15,"AC,BW,GC,HV,RCA,RCL,RS","AC,BW,GC,HC,HV,RCA,RCL,RS",166
6,15,"AC,BW,GC,HC,HV,RCA,RCL,RS","AC,BV,BW,GC,HC,HV,RCA,RCL,RS",167
6,15,"AC,BV,BW,GC,HC,HV,RCA,RCL,RS","AC,GC,HV,RCA,RCL,RS",168
6,15,"AC,GC,HV,RCA,RCL,RS","AC,BV,BW,GC,HC,HV,RCA,RCL,RS",170
6,15,"AC,BV,BW,GC,HC,HV,RCA,RCL,RS","AC,BV,BW,HC,HV,RCA,RCL,RS",171
6,15,"AC,BV,BW,HC,HV,RCA,RCL,RS","AC,BV,BW,GC,HC,HV,RCA,RCL,RS",173
6,15,"AC,BV,BW,GC,HC,HV,RCA,RCL,RS","AC,BW,GC,HC,HV,RCA,RCL,RS",176
6,15,"AC,BW,GC,HC,HV,RCA,RCL,RS","AC,BW,GC,HC,HV,RCA,RCL",180
6,15,"AC,BW,GC,HC,HV,RCA,RCL","AC,BW,GC,HC,HV,RCA,RCL,RS",195
6,15,"AC,BW,GC,HC,HV,RCA,RCL,RS","AC,BV,BW,GC,HC,HV,RCA,RCL,RS",196
6,15,"AC,BV,BW,GC,HC,HV,RCA,RCL,RS","AC,BW,HC,HV,RCA,RCL,RS",198
6,15,"AC,BW,HC,HV,RCA,RCL,RS","AC,BW,HC,HV,RCA,RCL",199
6,15,"AC,BW,HC,HV,RCA,RCL","AC,HC,HV,RCA,RCL",200
6,15,"AC,HC,HV,RCA,RCL","AC,GC,HC,HV,RCA,RCL",201
6,15,"AC,GC,HC,HV,RCA,RCL","AC,HC,RCA,RCL",202
6,15,"AC,HC,RCA,RCL","AC,BW,HC,RCA,RCL",203
6,15,"AC,BW,HC,RCA,RCL","AC,BW,GC,HC,RCA,RCL",206
6,15,"AC,BW,GC,HC,RCA,RCL","AC,GC,HC,RCA,RCL",207
6,15,"AC,GC,HC,RCA,RCL","AC,HC,RCA,RCL",208
6,15,"AC,HC,RCA,RCL","AC,GC,HC,RCA,RCL",213
6,15,"AC,GC,HC,RCA,RCL","AC,HC,RCL",215
6,15,"AC,HC,RCL","AC,RCL",217
6,15,"AC,RCL","AC,RCA,RCL",218
6,15,"AC,RCA,RCL","AC,HC,RCL",219
6,15,"AC,HC,RCL","AC,RCL",221
6,15,"AC,RCL","AC,HC,RCL",224
6,15,"AC,HC,RCL","AC,RCL",225
6,15,"AC,RCL",RCL,233
6,15,RCL,"AC,RCL",235
6,15,"AC,RCL",RCL,251
6,15,RCL,"HV,RCL",258
6,15,"HV,RCL",RCL,259
6,15,RCL,"RCL,RS",261
6,15,"RCL,RS",RCL,262
6,15,RCL,"RCL,RS",265
6,15,"RCL,RS",RS,269
6,15,RS,none,273
6,15,none,RS,276
6,15,RS,none,277
6,15,none,RS,281
6,15,RS,none,282
6,15,none,RS,286
6,15,RS,none,293
6,15,none,RS,298
6,15,RS,none,299
6,15,none,RS,301
6,15,RS,none,302
6,15,none,RS,304
6,15,RS,none,305
6,15,none,RS,325
6,16,PT,none,43
6,16,none,PT,48
6,16,PT,none,49
6,16,none,PT,51
6,16,PT,none,52
6,16,none,PT,57
6,16,PT,none,58
6,16,none,RS,76
6,16,RS,"PC,RS",80
6,16,"PC,RS",RS,82
6,16,RS,"PC,RS",86
6,16,"PC,RS",RS,88
6,16,RS,none,90
6,16,none,PC,93
6,16,PC,none,94
6,16,none,"PC,RS",97
6,16,"PC,RS","PT,RP,RS",98
6,16,"PT,RP,RS",none,99
6,16,none,RS,103
6,16,RS,none,104
6,16,none,RCL,118
6,16,RCL,none,119
6,16,none,RCL,124
6,16,RCL,"AC,BW,RCL",128
6,16,"AC,BW,RCL","AC,BW,HV,RCL",129
6,16,"AC,BW,HV,RCL","AC,RCL",130
6,16,"AC,RCL",RCL,131
6,16,RCL,"AC,RCL",133
6,16,"AC,RCL","AC,BW,RCL",134
6,16,"AC,BW,RCL","AC,BV,BW,HV,PT,RCL",136
6,16,"AC,BV,BW,HV,PT,RCL","AC,BV,BW,HV,RCL",137
6,16,"AC,BV,BW,HV,RCL","AC,RCL",138
6,16,"AC,RCL","AC,BV,GC,RCL",143
6,16,"AC,BV,GC,RCL","AC,BV,RCL",144
6,16,"AC,BV,RCL","AC,RCA,RCL",145
6,16,"AC,RCA,RCL","AC,GC,RCA,RCL",146
6,16,"AC,GC,RCA,RCL","AC,GC,HV,RCA,RCL",147
6,16,"AC,GC,HV,RCA,RCL","AC,BW,GC,HC,HV,RCA,RCL",148
6,16,"AC,BW,GC,HC,HV,RCA,RCL","AC,GC,RCA,RCL",149
6,16,"AC,GC,RCA,RCL","AC,RCA,RCL",150
6,16,"AC,RCA,RCL","AC,GC,RCA,RCL",156
6,16,"AC,GC,RCA,RCL","AC,BW,GC,RCA,RCL",158
6,16,"AC,BW,GC,RCA,RCL","AC,RCL",161
6,16,"AC,RCL","AC,BW,RCL",165
6,16,"AC,BW,RCL","AC,RCL",166
6,16,"AC,RCL","AC,BW,GC,HC,RCL",169
6,16,"AC,BW,GC,HC,RCL","AC,BW,GC,HC,HV,RCL",170
6,16,"AC,BW,GC,HC,HV,RCL","AC,GC,HC,HV,RCA,RCL",171
6,16,"AC,GC,HC,HV,RCA,RCL","AC,HC,HV,RCL",173
6,16,"AC,HC,HV,RCL","AC,BW,HC,HV,RCL",174
6,16,"AC,BW,HC,HV,RCL","AC,BV,BW,GC,HC,HV,RCL",176
6,16,"AC,BV,BW,GC,HC,HV,RCL","AC,BV,GC,HC,HV,RCA,RCL",177
6,16,"AC,BV,GC,HC,HV,RCA,RCL","AC,HV,RCA,RCL",178
6,16,"AC,HV,RCA,RCL","AC,HV,RCL",180
6,16,"AC,HV,RCL","HV,RCL",181
6,16,"HV,RCL","AC,BW,HV,RCL",183
6,16,"AC,BW,HV,RCL","AC,BW,GC,HV,RCA,RCL",186
6,16,"AC,BW,GC,HV,RCA,RCL","AC,GC,HV,RCA,RCL",188
6,16,"AC,GC,HV,RCA,RCL","AC,BW,GC,HV,RCA,RCL",192
6,16,"AC,BW,GC,HV,RCA,RCL","AC,GC,HV,RCA,RCL",193
6,16,"AC,GC,HV,RCA,RCL","AC,GC,RCA,RCL",194
6,16,"AC,GC,RCA,RCL","AC,HC,RCL",195
6,16,"AC,HC,RCL","AC,HC,HV,RCL",196
6,16,"AC,HC,HV,RCL","AC,RCL",197
6,16,"AC,RCL","AC,HC,HV,RCL",199
6,16,"AC,HC,HV,RCL","AC,HC,RCL",200
6,16,"AC,HC,RCL","AC,RCL",201
6,16,"AC,RCL",AC,211
6,16,AC,"AC,RCL",213
6,16,"AC,RCL",AC,220
6,16,AC,"AC,RCL",224
6,16,"AC,RCL",RCL,229
6,16,RCL,none,230
6,16,none,AC,232
6,16,AC,"AC,HV",234
6,16,"AC,HV","AC,GC,RCL",235
6,16,"AC,GC,RCL","AC,RCL",236
6,16,"AC,RCL",AC,242
6,16,AC,none,245
6,16,none,RS,249
6,16,RS,none,250
6,16,none,HV,252
6,16,HV,RCL,253
6,16,RCL,"HV,RCL",255
6,16,"HV,RCL","GC,HV,RCL,RS",256
6,16,"GC,HV,RCL,RS","HV,RCL,RS",259
6,16,"HV,RCL,RS","HV,RCL",264
6,16,"HV,RCL","HV,RCL,RS",266
6,16,"HV,RCL,RS","RCL,RS",269
6,16,"RCL,RS",RCL,270
6,16,RCL,RS,273
6,16,RS,none,274
6,16,none,RCL,275
6,16,RCL,none,276
6,16,none,RS,282
6,16,RS,none,283
6,16,none,RS,304
6,16,RS,none,305
6,16,none,RS,308
6,16,RS,none,310
6,16,none,RS,312
6,16,RS,none,313
6,16,none,RS,315
6,17,RS,none,52
6,17,none,RS,77
6,17,RS,none,81
6,17,none,RS,84
6,17,RS,none,86
6,17,none,RS,88
6,17,RS,none,89
6,17,none,RS,91
6,17,RS,none,95
6,17,none,RCL,96
6,17,RCL,none,99
6,17,none,RCL,103
6,17,RCL,"BW,RCL",104
6,17,"BW,RCL","RCL,RS",106
6,17,"RCL,RS",RCL,107
6,17,RCL,"RCA,RCL",114
6,17,"RCA,RCL",RCL,115
6,17,RCL,"AC,RCL",117
6,17,"AC,RCL","AC,RCL,RS",120
6,17,"AC,RCL,RS","AC,BW,RCL",121
6,17,"AC,BW,RCL","AC,RCL",122
6,17,"AC,RCL","AC,BW,RCL",124
6,17,"AC,BW,RCL","AC,BW,RCA,RCL",125
6,17,"AC,BW,RCA,RCL","AC,BW,HV,RCA,RCL",127
6,17,"AC,BW,HV,RCA,RCL","AC,BW,RCA,RCL",128
6,17,"AC,BW,RCA,RCL","AC,BW,RCA,RCL,RS",130
6,17,"AC,BW,RCA,RCL,RS","AC,BW,HV,RCA,RCL",131
6,17,"AC,BW,HV,RCA,RCL","AC,RCA,RCL",132
6,17,"AC,RCA,RCL","AC,BW,RCA,RCL",137
6,17,"AC,BW,RCA,RCL","AC,RCL",139
6,17,"AC,RCL","AC,RCA,RCL",141
6,17,"AC,RCA,RCL","AC,BW,HV,RCA,RCL",145
6,17,"AC,BW,HV,RCA,RCL","AC,BW,RCA,RCL",146
6,17,"AC,BW,RCA,RCL","AC,RCA,RCL",147
6,17,"AC,RCA,RCL","AC,BW,RCA,RCL",154
6,17,"AC,BW,RCA,RCL","AC,BW,HV,RCA,RCL",156
6,17,"AC,BW,HV,RCA,RCL","AC,HV,RCA,RCL",157
6,17,"AC,HV,RCA,RCL","AC,RCA,RCL",159
6,17,"AC,RCA,RCL","AC,HV,RCA,RCL",164
6,17,"AC,HV,RCA,RCL","AC,BW,HV,RCA,RCL",167
6,17,"AC,BW,HV,RCA,RCL","AC,BW,GC,HV,RCA,RCL",168
6,17,"AC,BW,GC,HV,RCA,RCL","AC,BW,HV,RCL",169
6,17,"AC,BW,HV,RCL","AC,BV,BW,HV,RCL",170
6,17,"AC,BV,BW,HV,RCL","AC,BW,HV,RCA,RCL",171
6,17,"AC,BW,HV,RCA,RCL","AC,BW,GC,HV,RCA,RCL",172
6,17,"AC,BW,GC,HV,RCA,RCL","AC,BV,GC,HV,RCA,RCL",173
6,17,"AC,BV,GC,HV,RCA,RCL","AC,BV,GC,HV,RCL",174
6,17,"AC,BV,GC,HV,RCL","AC,GC,HV,RCL",175
6,17,"AC,GC,HV,RCL","AC,BW,GC,HV,RCA,RCL,RS",176
6,17,"AC,BW,GC,HV,RCA,RCL,RS","AC,GC,HV,RCA,RCL",178
6,17,"AC,GC,HV,RCA,RCL","AC,HV,RCA,RCL",179
6,17,"AC,HV,RCA,RCL","AC,HV,RCL",180
6,17,"AC,HV,RCL","AC,GC,HV,RCL",181
6,17,"AC,GC,HV,RCL","AC,HV,RCL",182
6,17,"AC,HV,RCL","AC,GC,HV,RCL",184
6,17,"AC,GC,HV,RCL","AC,GC,RCL",186
6,17,"AC,GC,RCL","AC,GC,HV,RCL",188
6,17,"AC,GC,HV,RCL","AC,GC,RCL",191
6,17,"AC,GC,RCL","AC,RCL",194
6,17,"AC,RCL","AC,HV,RCL",200
6,17,"AC,HV,RCL","AC,GC,RCL",201
6,17,"AC,GC,RCL","AC,RCL",203
6,17,"AC,RCL",RCL,218
6,17,RCL,"AC,RCL",220
6,17,"AC,RCL","AC,HV,RCL",223
6,17,"AC,HV,RCL","AC,GC,HV,RCL",224
6,17,"AC,GC,HV,RCL","AC,GC,RCL",225
6,17,"AC,GC,RCL","AC,RCL",226
6,17,"AC,RCL","AC,HV,RCL",231
6,17,"AC,HV,RCL","AC,BV,GC,HV,RCL",232
6,17,"AC,BV,GC,HV,RCL","AC,BV,GC,RCL",233
6,17,"AC,BV,GC,RCL","AC,GC,HC,RCL",234
6,17,"AC,GC,HC,RCL","AC,RCL",235
6,17,"AC,RCL",RCL,237
6,17,RCL,"RCA,RCL",239
6,17,"RCA,RCL","AC,RCA,RCL",240
6,17,"AC,RCA,RCL","RCA,RCL",244
6,17,"RCA,RCL","HV,RCL",246
6,17,"HV,RCL",RCL,248
6,17,RCL,none,265
6,17,none,"HV,RS",266
6,17,"HV,RS","RCL,RS",268
6,17,"RCL,RS",RCL,271
6,17,RCL,none,273
6,17,none,RS,276
6,17,RS,none,277
6,17,none,RS,279
6,17,RS,none,280
6,17,none,RS,284
6,17,RS,none,286
6,17,none,"RCL,RS",302
6,17,"RCL,RS",none,303
6,17,none,RS,321
6,18,RS,none,38
6,18,none,RS,49
6,18,RS,none,50
6,18,none,RS,96
6,18,RS,none,98
6,18,none,RS,101
6,18,RS,none,109
6,18,none,AC,113
6,18,AC,none,114
6,18,none,"BW,HV,RCL,RS",115
6,18,"BW,HV,RCL,RS","BV,BW,HV,RCL,RS",117
6,18,"BV,BW,HV,RCL,RS","BV,BW,HV,RCL",119
6,18,"BV,BW,HV,RCL","AC,RCL",120
6,18,"AC,RCL",RCL,121
6,18,RCL,"AC,RCL",129
6,18,"AC,RCL","AC,BW,RCL",130
6,18,"AC,BW,RCL",RCL,131
6,18,RCL,"AC,RCL",134
6,18,"AC,RCL","AC,HV,RCL",138
6,18,"AC,HV,RCL","AC,RCL",139
6,18,"AC,RCL","AC,BW,RCL",141
6,18,"AC,BW,RCL","AC,RCL",142
6,18,"AC,RCL","AC,BW,RCL",145
6,18,"AC,BW,RCL","AC,BV,BW,HV,RCL",148
6,18,"AC,BV,BW,HV,RCL","AC,RCL",150
6,18,"AC,RCL","AC,BW,RCL",155
6,18,"AC,BW,RCL","AC,BW,HC,RCL",156
6,18,"AC,BW,HC,RCL","AC,BV,BW,HC,RCL",157
6,18,"AC,BV,BW,HC,RCL","AC,BV,BW,HV,RCL",158
6,18,"AC,BV,BW,HV,RCL","AC,BW,RCL",159
6,18,"AC,BW,RCL","AC,RCL",160
6,18,"AC,RCL","AC,BV,BW,GC,RCL",168
6,18,"AC,BV,BW,GC,RCL","AC,BV,BW,GC,HV,RCL",169
6,18,"AC,BV,BW,GC,HV,RCL","AC,BV,GC,RCL",170
6,18,"AC,BV,GC,RCL","AC,GC,RCL",171
6,18,"AC,GC,RCL","AC,BV,BW,GC,HV,RCL",174
6,18,"AC,BV,BW,GC,HV,RCL","AC,BV,BW,GC,HC,HV,RCL",175
6,18,"AC,BV,BW,GC,HC,HV,RCL","AC,GC,HC,HV,RCL",176
6,18,"AC,GC,HC,HV,RCL","AC,GC,HC,RCL",177
6,18,"AC,GC,HC,RCL","AC,HC,RCL",181
6,18,"AC,HC,RCL","AC,GC,HC,RCL",183
6,18,"AC,GC,HC,RCL","AC,HC,RCL",184
6,18,"AC,HC,RCL","AC,RCL",185
6,18,"AC,RCL","AC,HC,RCL",189
6,18,"AC,HC,RCL","AC,GC,RCL",190
6,18,"AC,GC,RCL","AC,RCL",191
6,18,"AC,RCL",AC,192
6,18,AC,"AC,BV,BW,GC,HV,RCL",198
6,18,"AC,BV,BW,GC,HV,RCL","AC,BV,GC,RCL",199
6,18,"AC,BV,GC,RCL","AC,GC,RCL",200
6,18,"AC,GC,RCL","AC,HC,RCL",202
6,18,"AC,HC,RCL",RCL,206
6,18,RCL,"HC,RCL",213
6,18,"HC,RCL",RCL,214
6,18,RCL,none,216
6,18,none,RCL,218
6,18,RCL,none,220
6,18,none,RCL,224
6,18,RCL,none,225
6,18,none,HV,238
6,18,HV,"BV,BW,GC,HC,HV,RCL",239
6,18,"BV,BW,GC,HC,HV,RCL","GC,RCL",240
6,18,"GC,RCL","AC,RCL",241
6,18,"AC,RCL",RCL,242
6,18,RCL,none,249
6,18,none,RCL,252
6,18,RCL,none,254
6,18,none,RS,256
6,18,RS,none,257
6,18,none,"GC,HV,RCL",268
6,18,"GC,HV,RCL","HV,RCL",269
6,18,"HV,RCL",RCL,270
6,18,RCL,"GC,HV,RCL",272
6,18,"GC,HV,RCL","GC,RCL,RS",273
6,18,"GC,RCL,RS","RCL,RS",274
6,18,"RCL,RS",RCL,275
6,18,RCL,none,279
6,18,none,RS,280
6,18,RS,"RCL,RS",281
6,18,"RCL,RS","HV,RCL,RS",282
6,18,"HV,RCL,RS","RCL,RS",283
6,18,"RCL,RS",RCL,287
6,18,RCL,"RCL,RS",291
6,18,"RCL,RS",RCL,294
6,18,RCL,none,296
6,18,none,RS,300
6,18,RS,none,304
6,18,none,RS,309
6,18,RS,none,311
6,18,none,RS,314
6,19,RS,none,36
6,19,none,RS,38
6,19,RS,none,39
6,19,none,RS,43
6,19,RS,none,45
6,19,none,RS,48
6,19,RS,none,50
6,19,none,RS,53
6,19,RS,none,56
6,19,none,RS,59
6,19,RS,"RP,RS",60
6,19,"RP,RS","RCL,RP,RS",62
6,19,"RCL,RP,RS","PC,RCL,RP,RS",63
6,19,"PC,RCL,RP,RS","RCL,RS",64
6,19,"RCL,RS",RS,65
6,19,RS,none,66
6,19,none,"RP,RS",68
6,19,"RP,RS","RCL,RP,RS",72
6,19,"RCL,RP,RS","RP,RS",74
6,19,"RP,RS",RS,78
6,19,RS,"RP,RS",80
6,19,"RP,RS","PT,RP,RS",81
6,19,"PT,RP,RS","RP,RS",82
6,19,"RP,RS","RCL,RP,RS",85
6,19,"RCL,RP,RS","RP,RS",86
6,19,"RP,RS",none,89
6,19,none,RP,92
6,19,RP,"RCL,RP,RS",95
6,19,"RCL,RP,RS","RCL,RP",96
6,19,"RCL,RP",RP,101
6,19,RP,none,103
6,19,none,"RCL,RS",126
6,19,"RCL,RS",RCL,129
6,19,RCL,"AC,RCL",133
6,19,"AC,RCL",RCL,134
6,19,RCL,"AC,HV,RCL",138
6,19,"AC,HV,RCL","AC,BW,HV,RCL",139
6,19,"AC,BW,HV,RCL","AC,BV,BW,HV,RCL",140
6,19,"AC,BV,BW,HV,RCL","AC,BV,BW,HV,PT,RCL",141
6,19,"AC,BV,BW,HV,PT,RCL","AC,BV,BW,HV,RCL",142
6,19,"AC,BV,BW,HV,RCL","AC,BV,HV,RCL",147
6,19,"AC,BV,HV,RCL","AC,HV,RCL,RS",149
6,19,"AC,HV,RCL,RS","AC,GC,HV,RCL,RS",150
6,19,"AC,GC,HV,RCL,RS","AC,BV,BW,GC,HV,RCL,RS",152
6,19,"AC,BV,BW,GC,HV,RCL,RS","AC,GC,HV,RCL",153
6,19,"AC,GC,HV,RCL","AC,BW,GC,HV,RCL,RS",156
6,19,"AC,BW,GC,HV,RCL,RS","AC,HV,RCL,RS",157
6,19,"AC,HV,RCL,RS","AC,HV,RCL",159
6,19,"AC,HV,RCL","AC,BW,GC,HV,RCL",160
6,19,"AC,BW,GC,HV,RCL","AC,BV,BW,GC,HC,HV,RCL",162
6,19,"AC,BV,BW,GC,HC,HV,RCL","AC,BV,BW,GC,HV,RCL",163
6,19,"AC,BV,BW,GC,HV,RCL","AC,BW,GC,HV,RCL",165
6,19,"AC,BW,GC,HV,RCL","AC,BV,BW,GC,HV,RCL",167
6,19,"AC,BV,BW,GC,HV,RCL","AC,BW,GC,HV,RCL",168
6,19,"AC,BW,GC,HV,RCL","AC,BW,GC,HC,HV,RCL",169
6,19,"AC,BW,GC,HC,HV,RCL","AC,GC,HC,HV,RCL",170
6,19,"AC,GC,HC,HV,RCL","AC,BW,GC,HV,RCL",172
6,19,"AC,BW,GC,HV,RCL","AC,GC,HV,RCL",174
6,19,"AC,GC,HV,RCL","AC,BV,BW,GC,HV,RCL",177
6,19,"AC,BV,BW,GC,HV,RCL","AC,BV,BW,GC,HV,RCL,RS",178
6,19,"AC,BV,BW,GC,HV,RCL,RS","AC,BW,GC,HV,RCL",180
6,19,"AC,BW,GC,HV,RCL","AC,BW,GC,HC,HV,RCL",181
6,19,"AC,BW,GC,HC,HV,RCL","AC,BW,GC,HV,RCL",182
6,19,"AC,BW,GC,HV,RCL","AC,BW,GC,HV,RCL,RS",183
6,19,"AC,BW,GC,HV,RCL,RS","AC,BW,GC,HC,HV,RCL,RS",184
6,19,"AC,BW,GC,HC,HV,RCL,RS","AC,GC,HV,RCL",185
6,19,"AC,GC,HV,RCL","AC,BW,GC,HV,RCL",187
6,19,"AC,BW,GC,HV,RCL","AC,GC,HV,RCL",188
6,19,"AC,GC,HV,RCL","AC,HV,RCL",189
6,19,"AC,HV,RCL","AC,BW,HV,RCL",190
6,19,"AC,BW,HV,RCL","AC,BW,HC,HV,RCL",192
6,19,"AC,BW,HC,HV,RCL","AC,BW,GC,HC,HV,RCL",194
6,19,"AC,BW,GC,HC,HV,RCL","AC,BV,BW,GC,HC,HV,RCL,RS",195
6,19,"AC,BV,BW,GC,HC,HV,RCL,RS","AC,BW,GC,HC,HV,RCL,RS",196
6,19,"AC,BW,GC,HC,HV,RCL,RS","AC,GC,HC,HV,RCL",197
6,19,"AC,GC,HC,HV,RCL","AC,BW,GC,HC,HV,RCL",202
6,19,"AC,BW,GC,HC,HV,RCL","AC,BW,GC,HV,RCL",207
6,19,"AC,BW,GC,HV,RCL","AC,GC,HV,RCL",209
6,19,"AC,GC,HV,RCL","AC,GC,HC,HV,RCL",213
6,19,"AC,GC,HC,HV,RCL","AC,GC,HC,HV,RCA,RCL",214
6,19,"AC,GC,HC,HV,RCA,RCL","AC,HC,RCL",215
6,19,"AC,HC,RCL","AC,RCL",217
6,19,"AC,RCL","AC,HV,RCL",223
6,19,"AC,HV,RCL","AC,RCL",226
6,19,"AC,RCL",AC,228
6,19,AC,"AC,RCL,RS",231
6,19,"AC,RCL,RS","AC,RCL",232
6,19,"AC,RCL","AC,HC,RCL",236
6,19,"AC,HC,RCL","AC,RCL",237
6,19,"AC,RCL",RCL,238
6,19,RCL,"AC,RCL",240
6,19,"AC,RCL","AC,HC,HV,RCL",241
6,19,"AC,HC,HV,RCL","AC,HV,RCL",242
6,19,"AC,HV,RCL","AC,HV",243
6,19,"AC,HV","AC,HC,HV",244
6,19,"AC,HC,HV","AC,HV,RS",245
6,19,"AC,HV,RS",AC,246
6,19,AC,none,249
6,19,none,HV,253
6,19,HV,none,254
6,19,none,HV,259
6,19,HV,none,260
6,19,none,RS,263
6,19,RS,none,264
6,19,none,"BV,GC,HV,RCL,RS",267
6,19,"BV,GC,HV,RCL,RS","GC,RCL,RS",268
6,19,"GC,RCL,RS","RCL,RS",269
6,19,"RCL,RS","HV,RCL,RS",270
6,19,"HV,RCL,RS","RCL,RS",271
6,19,"RCL,RS",RS,283
6,19,RS,none,292
6,19,none,RS,294
6,19,RS,none,295
6,19,none,RS,299
6,19,RS,none,316
6,19,none,RS,319
6,20,RS,none,63
6,20,none,RS,68
6,20,RS,"PT,RS",74
6,20,"PT,RS","RP,RS",75
6,20,"RP,RS",none,79
6,20,none,"PT,RP,RS",81
6,20,"PT,RP,RS","RP,RS",83
6,20,"RP,RS",RP,84
6,20,RP,"RP,RS",88
6,20,"RP,RS",RP,90
6,20,RP,PT,91
6,20,PT,RP,93
6,20,RP,"RP,RS",95
6,20,"RP,RS",RP,99
6,20,RP,"AC,RP,RS",106
6,20,"AC,RP,RS",RP,107
6,20,RP,none,108
6,20,none,PT,109
6,20,PT,"HV,PT,RS",110
6,20,"HV,PT,RS",RS,111
6,20,RS,AC,112
6,20,AC,"AC,RCL",113
6,20,"AC,RCL",RCL,115
6,20,RCL,none,116
6,20,none,"AC,HV,RS",124
6,20,"AC,HV,RS","AC,HV,RCL,RS",125
6,20,"AC,HV,RCL,RS","AC,HC,HV,RCL,RS",126
6,20,"AC,HC,HV,RCL,RS","AC,HV,PT,RCL,RS",127
6,20,"AC,HV,PT,RCL,RS","RCL,RS",128
6,20,"RCL,RS","AC,HC,RCL,RS",130
6,20,"AC,HC,RCL,RS",none,131
6,20,none,RCL,134
6,20,RCL,"PT,RCL",135
6,20,"PT,RCL","AC,PT,RCL",136
6,20,"AC,PT,RCL","HV,PT,RCL,RS",137
6,20,"HV,PT,RCL,RS","BV,BW,HC,HV,PT,RCL,RS",138
6,20,"BV,BW,HC,HV,PT,RCL,RS","AC,HC,HV,RCL",139
6,20,"AC,HC,HV,RCL","AC,RCL",140
6,20,"AC,RCL","AC,GC,RCL",141
6,20,"AC,GC,RCL","AC,GC,HV,RCL",142
6,20,"AC,GC,HV,RCL","AC,RCL",143
6,20,"AC,RCL","AC,HC,RCL",145
6,20,"AC,HC,RCL","AC,GC,HC,HV,RCL",146
6,20,"AC,GC,HC,HV,RCL","HV,RCL",147
6,20,"HV,RCL","AC,HC,HV,RCL",149
6,20,"AC,HC,HV,RCL","AC,BW,HC,HV,RCL",150
6,20,"AC,BW,HC,HV,RCL","AC,GC,HC,HV,RCL",151
6,20,"AC,GC,HC,HV,RCL","AC,RCL",153
6,20,"AC,RCL",AC,160
6,20,AC,"AC,RCL",162
6,20,"AC,RCL","AC,HV,RCL",163
6,20,"AC,HV,RCL","AC,BV,BW,GC,HV,RCL",165
6,20,"AC,BV,BW,GC,HV,RCL","AC,BV,BW,GC,HC,HV,RCL",167
6,20,"AC,BV,BW,GC,HC,HV,RCL","AC,BV,GC,HV,RCL",168
6,20,"AC,BV,GC,HV,RCL","AC,BV,GC,RCL",169
6,20,"AC,BV,GC,RCL","AC,RCL",170
6,20,"AC,RCL","AC,BW,GC,HV,RCL",172
6,20,"AC,BW,GC,HV,RCL","AC,BW,GC,RCL",174
6,20,"AC,BW,GC,RCL","AC,GC,RCL",175
6,20,"AC,GC,RCL","AC,GC,HV,RCL",176
6,20,"AC,GC,HV,RCL","AC,GC,RCL",177
6,20,"AC,GC,RCL",AC,178
6,20,AC,"AC,HV",179
6,20,"AC,HV","AC,HV,RS",181
6,20,"AC,HV,RS","AC,HV",182
6,20,"AC,HV",AC,185
6,20,AC,"AC,RCL",187
6,20,"AC,RCL",RCL,189
6,20,RCL,"AC,HV,RCL",191
6,20,"AC,HV,RCL",AC,192
6,20,AC,RCL,194
6,20,RCL,none,196
6,20,none,HV,199
6,20,HV,none,200
6,20,none,RCL,201
6,20,RCL,"AC,BW,GC,HC,HV,RCL",202
6,20,"AC,BW,GC,HC,HV,RCL","AC,BV,GC,HC,HV,RCL",203
6,20,"AC,BV,GC,HC,HV,RCL","AC,BV,GC,HC,RCL,RS",204
6,20,"AC,BV,GC,HC,RCL,RS","AC,GC,HC,RCL",205
6,20,"AC,GC,HC,RCL","AC,RCL",207
6,20,"AC,RCL","AC,HV,RCL",215
6,20,"AC,HV,RCL","AC,GC,RCL",217
6,20,"AC,GC,RCL","AC,RCL",218
6,20,"AC,RCL",AC,220
6,20,AC,"AC,RCL",222
6,20,"AC,RCL",AC,223
6,20,AC,none,225
6,20,none,"AC,RCL",228
6,20,"AC,RCL",RCL,229
6,20,RCL,none,230
6,20,none,AC,231
6,20,AC,none,232
6,20,none,RCL,233
6,20,RCL,none,234
6,20,none,RCL,236
6,20,RCL,HV,237
6,20,HV,none,238
6,20,none,RS,239
6,20,RS,HV,240
6,20,HV,none,241
6,20,none,HV,244
6,20,HV,"HV,RS",246
6,20,"HV,RS",RS,247
6,20,RS,none,249
6,20,none,HV,256
6,20,HV,"BV,GC,HV,RCL",257
6,20,"BV,GC,HV,RCL",RCL,258
6,20,RCL,none,260
6,20,none,RCL,265
6,20,RCL,none,266
6,20,none,RS,268
6,20,RS,none,269
6,20,none,RS,271
6,20,RS,"HV,RCL,RS",273
6,20,"HV,RCL,RS","RCL,RS",276
6,20,"RCL,RS",RS,278
6,20,RS,none,297
6,20,none,RS,312
6,20,RS,none,313
6,20,none,RS,325
6,20,RS,none,326
6,20,none,RS,340
6,20,RS,none,343
6,20,none,"HV,RS",345
6,21,RS,none,13
6,21,none,RS,16
6,21,RS,none,17
6,21,none,RS,20
6,21,RS,none,21
6,21,none,RS,23
6,21,RS,none,24
6,21,none,PT,27
6,21,PT,RS,28
6,21,RS,none,29
6,21,none,"PT,RS",31
6,21,"PT,RS",RS,34
6,21,RS,none,36
6,21,none,RS,42
6,21,RS,"PT,RS",47
6,21,"PT,RS",none,54
6,21,none,PT,79
6,21,PT,"PT,RS",82
6,21,"PT,RS",PT,87
6,21,PT,"PT,RP",88
6,21,"PT,RP","PT,RP,RS",89
6,21,"PT,RP,RS","PT,RP",92
6,21,"PT,RP","PT,RP,RS",94
6,21,"PT,RP,RS","PT,RP",99
6,21,"PT,RP","PT,RP,RS",101
6,21,"PT,RP,RS","PT,RP",103
6,21,"PT,RP",RP,104
6,21,RP,"PT,RP",108
6,21,"PT,RP",none,111
6,21,none,RP,113
6,21,RP,none,114
6,21,none,PT,133
6,21,PT,none,134
6,21,none,RS,135
6,21,RS,none,137
6,21,none,RCL,139
6,21,RCL,"PT,RCL",140
6,21,"PT,RCL",RCL,141
6,21,RCL,"HV,RCL",144
6,21,"HV,RCL",RCL,145
6,21,RCL,"HV,PT,RCL,RS",147
6,21,"HV,PT,RCL,RS","BV,BW,HV,RCL,RS",149
6,21,"BV,BW,HV,RCL,RS","GC,HC,HV,RCL",150
6,21,"GC,HC,HV,RCL","GC,RCL",151
6,21,"GC,RCL","AC,GC,RCL",152
6,21,"AC,GC,RCL","AC,RCL",153
6,21,"AC,RCL","AC,BV,RCL",154
6,21,"AC,BV,RCL","AC,HV,PT,RCL",156
6,21,"AC,HV,PT,RCL","AC,GC,HV,PT,RCL",157
6,21,"AC,GC,HV,PT,RCL","AC,HV,RCL",158
6,21,"AC,HV,RCL","AC,RCL",159
6,21,"AC,RCL","AC,GC,RCL",160
6,21,"AC,GC,RCL","AC,GC,HV,RCL",161
6,21,"AC,GC,HV,RCL","AC,HV,RCL",163
6,21,"AC,HV,RCL","AC,GC,HV,PT,RCL",165
6,21,"AC,GC,HV,PT,RCL","AC,HV,RCL",166
6,21,"AC,HV,RCL","AC,HV,RCL,RS",167
6,21,"AC,HV,RCL,RS","AC,GC,HV,RCL,RS",170
6,21,"AC,GC,HV,RCL,RS","AC,HV,RCL",171
6,21,"AC,HV,RCL","AC,GC,HV,RCL",173
6,21,"AC,GC,HV,RCL","AC,GC,HV,RCL,RS",175
6,21,"AC,GC,HV,RCL,RS","AC,GC,HV,RCL",177
6,21,"AC,GC,HV,RCL","AC,HV,RCL,RS",179
6,21,"AC,HV,RCL,RS","AC,HV,RCL",181
6,21,"AC,HV,RCL","AC,GC,HV,RCL",184
6,21,"AC,GC,HV,RCL","AC,GC,HV,RCL,RS",186
6,21,"AC,GC,HV,RCL,RS","AC,GC,HV,RCL",187
6,21,"AC,GC,HV,RCL","AC,GC,RCL",190
6,21,"AC,GC,RCL","AC,RCL",192
6,21,"AC,RCL","AC,BW,RCL",194
6,21,"AC,BW,RCL","AC,RCL",195
6,21,"AC,RCL",AC,198
6,21,AC,"AC,RCL",201
6,21,"AC,RCL","AC,GC,RCL",204
6,21,"AC,GC,RCL","AC,RCL",205
6,21,"AC,RCL","AC,HV,RCL",207
6,21,"AC,HV,RCL","AC,BW,HV,RCL",208
6,21,"AC,BW,HV,RCL","AC,RCL",209
6,21,"AC,RCL","AC,BW,HV,RCL",213
6,21,"AC,BW,HV,RCL","AC,BW,GC,HV,RCL,RS",214
6,21,"AC,BW,GC,HV,RCL,RS","AC,BV,BW,GC,HV,RCL",215
6,21,"AC,BV,BW,GC,HV,RCL","AC,GC,RCL",216
6,21,"AC,GC,RCL","AC,RCL",217
6,21,"AC,RCL","AC,BW,HV,RCL",220
6,21,"AC,BW,HV,RCL","AC,HV,RCL",221
6,21,"AC,HV,RCL","AC,RCL",222
6,21,"AC,RCL","AC,GC,RCL",223
6,21,"AC,GC,RCL","AC,RCL",225
6,21,"AC,RCL","AC,RCL,RS",232
6,21,"AC,RCL,RS","AC,RCL",233
6,21,"AC,RCL",RCL,236
6,21,RCL,"HV,RCL,RS",241
6,21,"HV,RCL,RS","HV,RCL",242
6,21,"HV,RCL",RCL,245
6,21,RCL,none,246
6,21,none,RS,247
6,21,RS,none,250
6,21,none,HV,254
6,21,HV,none,255
6,21,none,HV,257
6,21,HV,"HV,RCL",258
6,21,"HV,RCL",none,259
6,21,none,RS,262
6,21,RS,none,265
6,21,none,RS,268
6,21,RS,none,269
6,21,none,RS,272
6,21,RS,none,273
6,21,none,RS,278
6,21,RS,none,279
6,21,none,RS,285
6,21,RS,none,288
6,21,none,RS,301
6,21,RS,none,304
6,21,none,RS,309
6,21,RS,none,316
6,21,none,RS,321
6,21,RS,none,324
6,21,none,RS,333
6,21,RS,none,334
6,21,none,RS,345
6,21,RS,none,348
6,21,none,RS,356
6,22,RS,"PT,RS",24
6,22,"PT,RS",none,26
6,22,none,PT,35
6,22,PT,none,36
6,22,none,PT,59
6,22,PT,none,60
6,22,none,PT,73
6,22,PT,"PT,RS",74
6,22,"PT,RS",PT,76
6,22,PT,"PT,RS",78
6,22,"PT,RS",none,81
6,22,none,PT,88
6,22,PT,RS,89
6,22,RS,"PT,RS",92
6,22,"PT,RS",none,93
6,22,none,PT,96
6,22,PT,"PT,RS",100
6,22,"PT,RS","PT,RP,RS",101
6,22,"PT,RP,RS","PT,RS",102
6,22,"PT,RS",PT,104
6,22,PT,"PT,RP",105
6,22,"PT,RP",PT,106
6,22,PT,"PC,PT",108
6,22,"PC,PT","PC,PT,RS",109
6,22,"PC,PT,RS","PC,RP,RS",110
6,22,"PC,RP,RS","PT,RP,RS",112
6,22,"PT,RP,RS","PT,RP",113
6,22,"PT,RP","PT,RP,RS",116
6,22,"PT,RP,RS",PT,118
6,22,PT,none,120
6,22,none,"HV,PT",122
6,22,"HV,PT",RS,123
6,22,RS,none,124
6,22,none,HV,128
6,22,HV,none,129
6,22,none,RS,131
6,22,RS,none,132
6,22,none,HV,133
6,22,HV,none,134
6,22,none,RCA,137
6,22,RCA,none,138
6,22,none,HV,144
6,22,HV,none,146
6,22,none,HV,150
6,22,HV,none,151
6,22,none,GC,153
6,22,GC,"AC,GC",156
6,22,"AC,GC",AC,157
6,22,AC,none,160
6,22,none,AC,163
6,22,AC,none,164
6,22,none,AC,167
6,22,AC,none,168
6,22,none,HV,270
6,23,RS,none,11
6,23,none,PT,25
6,23,PT,"PT,RS",26
6,23,"PT,RS",none,31
6,23,none,PT,43
6,23,PT,none,49
6,23,none,PT,52
6,23,PT,"PT,RS",56
6,23,"PT,RS",PT,57
6,23,PT,"PT,RS",60
6,23,"PT,RS",PT,61
6,23,PT,"PT,RS",63
6,23,"PT,RS",RS,68
6,23,RS,none,69
6,23,none,PT,70
6,23,PT,"PT,RS",71
6,23,"PT,RS",PT,72
6,23,PT,none,74
6,23,none,HV,78
6,23,HV,none,79
6,23,none,"PT,RS",80
6,23,"PT,RS",none,82
6,23,none,PT,88
6,23,PT,RS,91
6,23,RS,none,92
6,23,none,PT,96
6,23,PT,none,98
6,23,none,"HV,PT",102
6,23,"HV,PT",PT,103
6,23,PT,none,104
6,23,none,RS,106
6,23,RS,"PT,RS",107
6,23,"PT,RS","HV,RS",108
6,23,"HV,RS",RS,109
6,23,RS,none,112
6,23,none,PT,115
6,23,PT,"HV,PT",116
6,23,"HV,PT","PT,RS",117
6,23,"PT,RS",RCL,118
6,23,RCL,"PT,RCL",124
6,23,"PT,RCL","HV,PT,RCL,RS",125
6,23,"HV,PT,RCL,RS","HV,RCL,RS",126
6,23,"HV,RCL,RS",RCL,128
6,23,RCL,"HV,PT,RCL,RS",131
6,23,"HV,PT,RCL,RS","HV,RCL,RS",132
6,23,"HV,RCL,RS",RCL,133
6,23,RCL,"PT,RCL",135
6,23,"PT,RCL","HV,PT,RCL",136
6,23,"HV,PT,RCL","HV,PT,RCL,RS",138
6,23,"HV,PT,RCL,RS","BV,HV,RCL,RS",139
6,23,"BV,HV,RCL,RS",RCL,140
6,23,RCL,"PT,RCL",143
6,23,"PT,RCL","PT,RCL,RS",144
6,23,"PT,RCL,RS","HV,RCL,RS",145
6,23,"HV,RCL,RS","HV,RCL",148
6,23,"HV,RCL","BV,BW,HV,RCL",151
6,23,"BV,BW,HV,RCL","BV,BW,GC,HV,RCL",152
6,23,"BV,BW,GC,HV,RCL","BV,GC,HV,RCL,RS",153
6,23,"BV,GC,HV,RCL,RS","GC,HV,RCL,RS",154
6,23,"GC,HV,RCL,RS","GC,RCL,RS",155
6,23,"GC,RCL,RS","GC,PT,RCL,RS",157
6,23,"GC,PT,RCL,RS","BV,GC,HV,PT,RCL,RS",158
6,23,"BV,GC,HV,PT,RCL,RS","BV,GC,HV,RCL,RS",163
6,23,"BV,GC,HV,RCL,RS","BV,GC,HV,RCL",166
6,23,"BV,GC,HV,RCL",RCL,167
6,23,RCL,HV,176
6,23,HV,none,177
6,23,none,RCL,180
6,23,RCL,none,182
6,23,none,"HV,RCL",188
6,23,"HV,RCL","GC,HV,RCL",189
6,23,"GC,HV,RCL",GC,190
6,23,GC,none,191
6,23,none,RCL,193
6,23,RCL,GC,194
6,23,GC,none,195
6,23,none,HV,196
6,23,HV,none,199
6,23,none,RS,327
6,23,RS,none,330
6,23,none,RS,336
6,24,RS,none,18
6,24,none,RS,20
6,24,RS,none,21
6,24,none,RS,38
6,24,RS,none,39
6,24,none,RS,49
6,24,RS,"PT,RS",50
6,24,"PT,RS",PT,60
6,24,PT,RS,62
6,24,RS,"PT,RS",64
6,24,"PT,RS",RS,65
6,24,RS,"PT,RS",68
6,24,"PT,RS",RS,70
6,24,RS,"PT,RS",73
6,24,"PT,RS",none,75
6,24,none,PT,80
6,24,PT,none,81
6,24,none,PT,83
6,24,PT,"PT,RS",93
6,24,"PT,RS",RS,94
6,24,RS,none,102
6,24,none,RS,104
6,24,RS,"PT,RS",108
6,24,"PT,RS",RS,109
6,24,RS,none,116
6,24,none,"HV,RCL",118
6,24,"HV,RCL","RCL,RS",119
6,24,"RCL,RS",RCL,120
6,24,RCL,"RCL,RS",125
6,24,"RCL,RS",RS,126
6,24,RS,"HV,RS",132
6,24,"HV,RS","BV,HV,RS",133
6,24,"BV,HV,RS","HV,RS",136
6,24,"HV,RS",none,137
6,24,none,RS,139
6,24,RS,"HV,RS",141
6,24,"HV,RS","BW,HV,RS",142
6,24,"BW,HV,RS","BV,BW,GC,HV,RS",143
6,24,"BV,BW,GC,HV,RS","BV,GC,HV,RS",144
6,24,"BV,GC,HV,RS","HV,RS",145
6,24,"HV,RS","BV,BW,GC,HV,RS",147
6,24,"BV,BW,GC,HV,RS","BW,GC,HV,RS",154
6,24,"BW,GC,HV,RS","BW,GC,HV",155
6,24,"BW,GC,HV","GC,HV",156
6,24,"GC,HV","HV,RS",158
6,24,"HV,RS",HV,159
6,24,HV,"BV,HV,RS",161
6,24,"BV,HV,RS","BV,GC,HV,RS",162
6,24,"BV,GC,HV,RS","BV,HV,RS",164
6,24,"BV,HV,RS","BV,GC,HV,RS",166
6,24,"BV,GC,HV,RS","BV,GC,HV",167
6,24,"BV,GC,HV","GC,HV",168
6,24,"GC,HV","GC,HV,RCL",169
6,24,"GC,HV,RCL","GC,RCL",174
6,24,"GC,RCL","GC,HV,RCL",177
6,24,"GC,HV,RCL","BW,GC,HV,RCL",179
6,24,"BW,GC,HV,RCL","BV,BW,GC,HV,RCL",180
6,24,"BV,BW,GC,HV,RCL","BV,BW,GC,HV,RCL,RS",181
6,24,"BV,BW,GC,HV,RCL,RS","BV,BW,GC,HV,RCL",183
6,24,"BV,BW,GC,HV,RCL","BV,BW,GC,RCL",186
6,24,"BV,BW,GC,RCL","GC,RCL",187
6,24,"GC,RCL","GC,HV,RCL",189
6,24,"GC,HV,RCL","BV,GC,HV,RCL",191
6,24,"BV,GC,HV,RCL","HV,RCL",192
6,24,"HV,RCL",RCL,195
6,24,RCL,none,199
6,24,none,RS,212
6,24,RS,none,213
6,24,none,"BV,GC,HV,RCL",217
6,24,"BV,GC,HV,RCL","BV,GC,HV,RCL,RS",218
6,24,"BV,GC,HV,RCL,RS","BV,GC,HV,RCL",219
6,24,"BV,GC,HV,RCL",RCL,220
6,24,RCL,"HV,RCL,RS",227
6,24,"HV,RCL,RS",RCL,228
6,24,RCL,"HV,RCL",230
6,24,"HV,RCL","GC,HV,RCL",233
6,24,"GC,HV,RCL","GC,HV,RCL,RS",234
6,24,"GC,HV,RCL,RS","GC,RCL,RS",238
6,24,"GC,RCL,RS","GC,RCL",239
6,24,"GC,RCL",RCL,240
6,24,RCL,none,247
6,24,none,"HV,RS",271
6,24,"HV,RS","GC,RS",273
6,24,"GC,RS",RS,274
6,24,RS,none,281
6,24,none,RS,283
6,24,RS,none,286
6,24,none,RS,296
6,24,RS,none,299
6,24,none,RS,303
6,24,RS,none,304
6,24,none,RS,335
7,1,PC,none,65
7,1,none,PC,71
7,1,PC,none,72
7,1,none,PC,77
7,1,PC,none,79
7,1,none,PC,82
7,1,PC,none,85
7,1,none,PT,90
7,1,PT,PC,93
7,1,PC,none,94
7,1,none,RS,98
7,1,RS,PC,99
7,1,PC,none,100
7,1,none,RCL,108
7,1,RCL,none,109
7,1,none,PC,117
7,1,PC,none,118
7,1,none,RCL,124
7,1,RCL,"BW,RCL",132
7,1,"BW,RCL",RCL,133
7,1,RCL,"BW,RCL",138
7,1,"BW,RCL",RCL,139
7,1,RCL,"BW,RCL",147
7,1,"BW,RCL",RCL,155
7,1,RCL,none,163
7,1,none,RCL,170
7,1,RCL,"BW,RCL",177
7,1,"BW,RCL",RCL,178
7,1,RCL,"BW,RCL",180
7,1,"BW,RCL",RCL,181
7,1,RCL,"HV,RCL",183
7,1,"HV,RCL",HV,184
7,1,HV,"GC,HV,RCL",186
7,1,"GC,HV,RCL","HV,RCL",187
7,1,"HV,RCL","GC,HV,RCL",189
7,1,"GC,HV,RCL","GC,RCL",190
7,1,"GC,RCL",RCL,192
7,1,RCL,"HC,HV,PC,RCL",193
7,1,"HC,HV,PC,RCL","HV,PC,RCL",194
7,1,"HV,PC,RCL","PC,RCL",195
7,1,"PC,RCL",RCL,198
7,1,RCL,"HV,RCL",209
7,1,"HV,RCL","GC,HV,RCL",210
7,1,"GC,HV,RCL",RCL,212
7,1,RCL,"RCA,RCL",228
7,1,"RCA,RCL",RCL,229
7,1,RCL,none,233
7,1,none,RCL,241
7,1,RCL,none,242
7,1,none,RCL,246
7,1,RCL,none,264
7,1,none,RCL,269
7,1,RCL,none,276
7,1,none,RS,340
7,2,"PC,RS",none,72
7,2,none,"PC,RS",78
7,2,"PC,RS",none,79
7,2,none,PC,92
7,2,PC,none,93
7,2,none,"PC,RS",99
7,2,"PC,RS",none,100
7,2,none,RS,106
7,2,RS,none,107
7,2,none,RCL,108
7,2,RCL,"RCA,RCL",131
7,2,"RCA,RCL",RCL,136
7,2,RCL,"BW,RCL",144
7,2,"BW,RCL","BW,RCA,RCL",145
7,2,"BW,RCA,RCL","BV,BW,RCL",146
7,2,"BV,BW,RCL",RCL,148
7,2,RCL,"BW,RCL",152
7,2,"BW,RCL",RCL,154
7,2,RCL,"BW,RCL",163
7,2,"BW,RCL",RCL,164
7,2,RCL,"RCA,RCL",170
7,2,"RCA,RCL","BW,RCA,RCL",171
7,2,"BW,RCA,RCL","BV,BW,HV,RCA,RCL",172
7,2,"BV,BW,HV,RCA,RCL",RCL,173
7,2,RCL,"BW,RCA,RCL",175
7,2,"BW,RCA,RCL","RCA,RCL",177
7,2,"RCA,RCL","BW,RCA,RCL",179
7,2,"BW,RCA,RCL","RCA,RCL",180
7,2,"RCA,RCL","GC,RCA,RCL",181
7,2,"GC,RCA,RCL","RCA,RCL",182
7,2,"RCA,RCL",RCL,183
7,2,RCL,"RCA,RCL",189
7,2,"RCA,RCL","BW,RCL",195
7,2,"BW,RCL",RCL,197
7,2,RCL,none,210
7,2,none,RCL,218
7,2,RCL,"HV,RCL",224
7,2,"HV,RCL","GC,HV,RCL",225
7,2,"GC,HV,RCL","GC,RCL",226
7,2,"GC,RCL",RCL,227
7,2,RCL,"RCA,RCL",228
7,2,"RCA,RCL",RCL,229
7,3,RS,none,49
7,3,none,RS,58
7,3,RS,PC,59
7,3,PC,none,61
7,3,none,PC,67
7,3,PC,"PC,RS",70
7,3,"PC,RS",RS,74
7,3,RS,"PC,RS",76
7,3,"PC,RS",PC,78
7,3,PC,none,80
7,3,none,RS,93
7,3,RS,none,94
7,3,none,RCA,112
7,3,RCA,RS,113
7,3,RS,none,114
7,3,none,RCL,117
7,3,RCL,"RCA,RCL,RS",120
7,3,"RCA,RCL,RS","RCL,RS",121
7,3,"RCL,RS","HV,RCL,RS",123
7,3,"HV,RCL,RS","RCL,RS",124
7,3,"RCL,RS","RCA,RCL,RS",128
7,3,"RCA,RCL,RS","BW,RCA,RCL,RS",131
7,3,"BW,RCA,RCL,RS","RCA,RCL,RS",132
7,3,"RCA,RCL,RS","RCA,RCL",137
7,3,"RCA,RCL",RCL,139
7,3,RCL,"RCA,RCL",141
7,3,"RCA,RCL","BW,RCA,RCL",144
7,3,"BW,RCA,RCL","RCA,RCL",146
7,3,"RCA,RCL",RCL,147
7,3,RCL,"RCA,RCL",149
7,3,"RCA,RCL",RCL,150
7,3,RCL,"HV,RCL",153
7,3,"HV,RCL",RCL,154
7,3,RCL,"RCA,RCL",155
7,3,"RCA,RCL",RCL,156
7,3,RCL,"RCA,RCL",159
7,3,"RCA,RCL","BW,RCA,RCL",162
7,3,"BW,RCA,RCL","RCA,RCL",163
7,3,"RCA,RCL","BW,RCA,RCL",165
7,3,"BW,RCA,RCL","RCA,RCL",167
7,3,"RCA,RCL",RCL,170
7,3,RCL,"BW,RCL",171
7,3,"BW,RCL",RCL,172
7,3,RCL,"RCA,RCL",174
7,3,"RCA,RCL",RCL,179
7,3,RCL,"BW,RCL",187
7,3,"BW,RCL","BW,RCA,RCL",189
7,3,"BW,RCA,RCL","RCA,RCL",190
7,3,"RCA,RCL","BW,RCA,RCL",193
7,3,"BW,RCA,RCL","BW,HV,RCA,RCL",194
7,3,"BW,HV,RCA,RCL","HV,RCA,RCL",196
7,3,"HV,RCA,RCL","RCA,RCL",201
7,3,"RCA,RCL","GC,RCA,RCL",202
7,3,"GC,RCA,RCL","RCA,RCL",205
7,3,"RCA,RCL",RCL,207
7,3,RCL,"RCA,RCL",210
7,3,"RCA,RCL",RCL,211
7,3,RCL,none,265
7,3,none,"GC,RCL",271
7,3,"GC,RCL",RCL,272
7,3,RCL,RS,274
7,4,RS,none,3
7,4,none,PC,42
7,4,PC,none,43
7,4,none,RS,73
7,4,RS,"PC,RS",86
7,4,"PC,RS",RS,87
7,4,RS,none,91
7,4,none,PC,92
7,4,PC,none,93
7,4,none,RS,101
7,4,RS,PC,102
7,4,PC,RCL,104
7,4,RCL,"RCA,RCL",112
7,4,"RCA,RCL",RCL,113
7,4,RCL,"RCA,RCL",115
7,4,"RCA,RCL",RCL,117
7,4,RCL,"RCA,RCL",119
7,4,"RCA,RCL",RCL,123
7,4,RCL,"RCA,RCL",127
7,4,"RCA,RCL",RCL,128
7,4,RCL,"GC,RCL",160
7,4,"GC,RCL",RCL,161
7,4,RCL,"GC,RCL",167
7,4,"GC,RCL","GC,HV,RCL",188
7,4,"GC,HV,RCL",RCL,190
7,4,RCL,"RCL,RS",261
7,4,"RCL,RS",RCL,262
7,4,RCL,"RCL,RS",265
7,4,"RCL,RS",RCL,266
7,4,RCL,none,272
7,4,none,RCL,296
7,4,RCL,none,297
7,4,none,RS,319
7,4,RS,none,320
7,4,none,RCA,325
7,4,RCA,RS,326
7,4,RS,none,329
7,4,none,RS,339
7,4,RS,none,342
7,4,none,RS,348
7,4,RS,none,349
7,4,none,RS,351
7,4,RS,none,352
7,4,none,RS,362
7,5,PC,none,4
7,5,none,PC,26
7,5,PC,none,29
7,5,none,RCL,38
7,5,RCL,PC,39
7,5,PC,none,40
7,5,none,PC,59
7,5,PC,none,60
7,5,none,RS,63
7,5,RS,"PC,RS",64
7,5,"PC,RS","PC,PT,RS",66
7,5,"PC,PT,RS",PC,67
7,5,PC,RS,74
7,5,RS,"PC,RS",77
7,5,"PC,RS","PC,RCL,RS",81
7,5,"PC,RCL,RS","PC,RS",82
7,5,"PC,RS",PC,84
7,5,PC,RS,86
7,5,RS,none,87
7,5,none,PC,89
7,5,PC,"PC,RS",91
7,5,"PC,RS",PC,93
7,5,PC,none,95
7,5,none,RCL,130
7,5,RCL,"RCA,RCL",140
7,5,"RCA,RCL",RCL,141
7,5,RCL,"HV,RCL",154
7,5,"HV,RCL",RCL,157
7,5,RCL,"RCA,RCL",174
7,5,"RCA,RCL",RCL,175
7,5,RCL,"RCA,RCL",178
7,5,"RCA,RCL",RCL,179
7,5,RCL,"RCA,RCL",183
7,5,"RCA,RCL",RCL,184
7,5,RCL,"RCA,RCL",187
7,5,"RCA,RCL",RCL,188
7,5,RCL,"RCL,RS",264
7,5,"RCL,RS",RCL,265
7,5,RCL,none,268
7,5,none,RCL,270
7,5,RCL,none,271
7,5,none,RS,272
7,5,RS,none,273
7,5,none,RS,283
7,5,RS,none,284
7,5,none,RS,287
7,5,RS,none,288
7,5,none,RS,296
7,5,RS,none,297
7,5,none,RS,338
7,5,RS,none,341
7,5,none,RS,344
7,6,RS,none,59
7,6,none,RS,61
7,6,RS,none,64
7,6,none,RS,66
7,6,RS,none,67
7,6,none,RS,88
7,6,RS,none,89
7,6,none,RS,98
7,6,RS,none,99
7,6,none,PC,115
7,6,PC,none,116
7,6,none,"PC,RS",118
7,6,"PC,RS",none,119
7,6,none,RCL,121
7,6,RCL,none,124
7,6,none,RCL,128
7,6,RCL,"AC,RCL",137
7,6,"AC,RCL","AC,RCA,RCL",138
7,6,"AC,RCA,RCL","AC,RCL",139
7,6,"AC,RCL",RCL,144
7,6,RCL,"AC,RCL",147
7,6,"AC,RCL","AC,RCA,RCL",149
7,6,"AC,RCA,RCL","AC,RCL",150
7,6,"AC,RCL","AC,RCA,RCL",152
7,6,"AC,RCA,RCL","AC,RCL",153
7,6,"AC,RCL","AC,RCA,RCL",160
7,6,"AC,RCA,RCL","AC,RCL",161
7,6,"AC,RCL","AC,RCA,RCL",170
7,6,"AC,RCA,RCL","AC,RCL",171
7,6,"AC,RCL","AC,RCA,RCL",180
7,6,"AC,RCA,RCL","AC,RCL",181
7,6,"AC,RCL","AC,PC,RCL",198
7,6,"AC,PC,RCL","AC,GC,RCL",199
7,6,"AC,GC,RCL","AC,RCL",202
7,6,"AC,RCL",AC,209
7,6,AC,"AC,RCL",211
7,6,"AC,RCL",RCL,232
7,6,RCL,"AC,RCL",235
7,6,"AC,RCL","AC,RCA,RCL",240
7,6,"AC,RCA,RCL","AC,RCL",241
7,6,"AC,RCL",RCL,244
7,6,RCL,"AC,RCA,RCL",247
7,6,"AC,RCA,RCL","AC,RCL",248
7,6,"AC,RCL",RCL,254
7,6,RCL,none,275
7,6,none,RCL,280
7,6,RCL,none,281
7,6,none,RS,288
7,6,RS,none,298
7,6,none,RS,300
7,6,RS,none,301
7,6,none,RCL,305
7,7,PC,none,89
7,7,none,PC,91
7,7,PC,"PC,RS",98
7,7,"PC,RS",PC,99
7,7,PC,"PC,RCL",101
7,7,"PC,RCL",RCL,115
7,7,RCL,none,124
7,7,none,RCL,127
7,7,RCL,"AC,RCL",138
7,7,"AC,RCL",RCL,141
7,7,RCL,"AC,RCL",146
7,7,"AC,RCL",RCL,148
7,7,RCL,"AC,RCL",151
7,7,"AC,RCL",RCL,156
7,7,RCL,"AC,RCL",158
7,7,"AC,RCL",RCL,167
7,7,RCL,"BW,RCL",168
7,7,"BW,RCL","AC,BW,RCL",169
7,7,"AC,BW,RCL","AC,BW,GC,RCL",171
7,7,"AC,BW,GC,RCL","AC,RCL",175
7,7,"AC,RCL","AC,GC,RCL",178
7,7,"AC,GC,RCL","AC,RCL",181
7,7,"AC,RCL","AC,GC,RCL",185
7,7,"AC,GC,RCL","AC,RCL",187
7,7,"AC,RCL","AC,HV,RCL",194
7,7,"AC,HV,RCL","AC,GC,HV,RCL",195
7,7,"AC,GC,HV,RCL","AC,GC,RCL",196
7,7,"AC,GC,RCL","AC,RCL",199
7,7,"AC,RCL","AC,HC,RCL",253
7,7,"AC,HC,RCL",RCL,254
7,7,RCL,none,261
7,7,none,RS,268
7,7,RS,none,269
7,7,none,RS,283
7,7,RS,none,284
7,7,none,RS,295
7,7,RS,none,305
7,7,none,RS,307
7,8,RS,none,56
7,8,none,RS,60
7,8,RS,"PC,RS",61
7,8,"PC,RS",RS,62
7,8,RS,"PC,RS",69
7,8,"PC,RS",RS,70
7,8,RS,none,71
7,8,none,"PC,RS",73
7,8,"PC,RS",RS,74
7,8,RS,none,84
7,8,none,"PC,RS",86
7,8,"PC,RS","RCL,RS",89
7,8,"RCL,RS",none,90
7,8,none,RS,92
7,8,RS,none,93
7,8,none,"PC,RS",96
7,8,"PC,RS",PC,100
7,8,PC,"PC,RCL",104
7,8,"PC,RCL",PC,107
7,8,PC,none,108
7,8,none,RCL,112
7,8,RCL,"BW,RCL",138
7,8,"BW,RCL","BV,BW,RCL",139
7,8,"BV,BW,RCL",RCL,141
7,8,RCL,"AC,BW,RCL",157
7,8,"AC,BW,RCL",RCL,158
7,8,RCL,"AC,RCL",162
7,8,"AC,RCL",RCL,163
7,8,RCL,"BW,RCL",166
7,8,"BW,RCL","BV,BW,RCL",167
7,8,"BV,BW,RCL","BV,BW,HV,RCL",168
7,8,"BV,BW,HV,RCL","AC,RCL",169
7,8,"AC,RCL",RCL,173
7,8,RCL,"AC,BW,RCL",176
7,8,"AC,BW,RCL","AC,RCL",177
7,8,"AC,RCL",RCL,179
7,8,RCL,"AC,RCL",182
7,8,"AC,RCL",RCL,185
7,8,RCL,"AC,RCL",187
7,8,"AC,RCL","AC,BW,RCL",189
7,8,"AC,BW,RCL","AC,RCL",191
7,8,"AC,RCL",RCL,203
7,8,RCL,"AC,RCL",219
7,8,"AC,RCL",RCL,220
7,8,RCL,"HV,RCL",258
7,8,"HV,RCL","RCL,RS",259
7,8,"RCL,RS","AC,RCL",261
7,8,"AC,RCL",RCL,262
7,9,RS,none,79
7,9,none,RS,82
7,9,RS,none,86
7,9,none,RS,89
7,9,RS,"PC,RS",99
7,9,"PC,RS","RP,RS",104
7,9,"RP,RS",RS,105
7,9,RS,none,108
7,9,none,BW,109
7,9,BW,RS,110
7,9,RS,none,113
7,9,none,RCL,126
7,9,RCL,none,130
7,9,none,PC,134
7,9,PC,"PC,RCL,RS",136
7,9,"PC,RCL,RS",RCL,137
7,9,RCL,"BW,RCL",138
7,9,"BW,RCL",RCL,141
7,9,RCL,"HV,RCL",142
7,9,"HV,RCL",RCL,143
7,9,RCL,"AC,RCL",157
7,9,"AC,RCL","AC,BW,RCL",159
7,9,"AC,BW,RCL","AC,HV,RCL",160
7,9,"AC,HV,RCL","AC,RCL",161
7,9,"AC,RCL","AC,HV,RCL",167
7,9,"AC,HV,RCL","AC,BW,HV,RCL",168
7,9,"AC,BW,HV,RCL","AC,GC,RCL",171
7,9,"AC,GC,RCL","AC,RCL",172
7,9,"AC,RCL","AC,BW,RCL",178
7,9,"AC,BW,RCL","AC,GC,RCL",179
7,9,"AC,GC,RCL","AC,RCL",180
7,9,"AC,RCL","AC,GC,RCL",187
7,9,"AC,GC,RCL","AC,RCL",193
7,9,"AC,RCL",RCL,223
7,9,RCL,"AC,RCL",225
7,9,"AC,RCL",RCL,228
7,9,RCL,"AC,RCL",236
7,9,"AC,RCL","AC,BW,RCL",239
7,9,"AC,BW,RCL","AC,RCL",240
7,9,"AC,RCL",RCL,249
7,9,RCL,"AC,RCL",251
7,9,"AC,RCL",RCL,256
7,9,RCL,"RCL,RS",269
7,9,"RCL,RS",RCL,271
7,9,RCL,none,273
7,9,none,RS,274
7,10,RS,none,81
7,10,none,RS,83
7,10,RS,none,87
7,10,none,RS,89
7,10,RS,"PC,RS",96
7,10,"PC,RS",PC,98
7,10,PC,"PC,RS",100
7,10,"PC,RS",PC,103
7,10,PC,none,113
7,10,none,RCL,116
7,10,RCL,none,117
7,10,none,RCL,119
7,10,RCL,"BW,RCL",140
7,10,"BW,RCL",RCL,141
7,10,RCL,"BW,RCL",146
7,10,"BW,RCL","BW,HV,RCL",147
7,10,"BW,HV,RCL","BW,RCL",148
7,10,"BW,RCL",RCL,149
7,10,RCL,"AC,RCL",152
7,10,"AC,RCL",RCL,153
7,10,RCL,"BW,RCL",158
7,10,"BW,RCL",RCL,161
7,10,RCL,"AC,RCL",162
7,10,"AC,RCL",RCL,163
7,10,RCL,"BW,RCL",165
7,10,"BW,RCL","AC,BW,RCL",168
7,10,"AC,BW,RCL","BW,RCL",169
7,10,"BW,RCL","AC,BV,BW,RCL",171
7,10,"AC,BV,BW,RCL","BV,BW,RCL",172
7,10,"BV,BW,RCL","AC,BW,RCL",174
7,10,"AC,BW,RCL","BW,RCL",177
7,10,"BW,RCL","AC,RCL",179
7,10,"AC,RCL",RCL,186
7,10,RCL,"BW,RCL",187
7,10,"BW,RCL","BW,GC,RCL",188
7,10,"BW,GC,RCL","GC,RCL",189
7,10,"GC,RCL","AC,GC,RCL",190
7,10,"AC,GC,RCL","AC,RCL",193
7,10,"AC,RCL","AC,GC,HC,RCL",212
7,10,"AC,GC,HC,RCL","AC,GC,RCL",213
7,10,"AC,GC,RCL","AC,RCL",214
7,10,"AC,RCL","AC,GC,HV,RCL",234
7,10,"AC,GC,HV,RCL","AC,GC,RCL",235
7,10,"AC,GC,RCL","AC,RCL",238
7,10,"AC,RCL","AC,GC,RCL",245
7,10,"AC,GC,RCL","AC,RCL",246
7,10,"AC,RCL",RCL,250
7,10,RCL,"AC,RCL",255
7,10,"AC,RCL",RCL,256
7,10,RCL,none,262
7,10,none,RCL,264
7,10,RCL,none,271
7,10,none,RCL,275
7,10,RCL,none,276
7,10,none,"RCL,RS",319
7,11,RS,none,59
7,11,none,RS,64
7,11,RS,none,65
7,11,none,RS,72
7,11,RS,none,77
7,11,none,RCL,79
7,11,RCL,none,82
7,11,none,RCL,89
7,11,RCL,none,90
7,11,none,RCL,98
7,11,RCL,HV,99
7,11,HV,none,100
7,11,none,RCL,101
7,11,RCL,none,107
7,11,none,RS,108
7,11,RS,"RCL,RS",109
7,11,"RCL,RS",RCL,111
7,11,RCL,none,114
7,11,none,RCL,118
7,11,RCL,"BW,RCL",120
7,11,"BW,RCL",RCL,121
7,11,RCL,"BW,RCL",125
7,11,"BW,RCL","AC,BW,RCL",126
7,11,"AC,BW,RCL","BW,RCL",127
7,11,"BW,RCL",none,128
7,11,none,RCL,131
7,11,RCL,none,132
7,11,none,RCL,134
7,11,RCL,"BW,RCL",137
7,11,"BW,RCL",RCL,138
7,11,RCL,"AC,RCL",139
7,11,"AC,RCL",RCL,140
7,11,RCL,"BV,BW,RCL",143
7,11,"BV,BW,RCL","BW,RCL",144
7,11,"BW,RCL",RCL,145
7,11,RCL,"BV,BW,HV,RCL",147
7,11,"BV,BW,HV,RCL","AC,BV,BW,HV,RCL",148
7,11,"AC,BV,BW,HV,RCL",RCL,149
7,11,RCL,"AC,RCL",154
7,11,"AC,RCL","AC,BW,RCL",155
7,11,"AC,BW,RCL","AC,RCL",156
7,11,"AC,RCL",RCL,161
7,11,RCL,"BW,RCL",165
7,11,"BW,RCL","AC,RCL",166
7,11,"AC,RCL","AC,BW,RCL",168
7,11,"AC,BW,RCL","AC,RCL",170
7,11,"AC,RCL",RCL,173
7,11,RCL,"AC,RCL",175
7,11,"AC,RCL",RCL,183
7,11,RCL,"AC,RCL",187
7,11,"AC,RCL","AC,BW,RCL",200
7,11,"AC,BW,RCL","AC,BV,BW,RCL",201
7,11,"AC,BV,BW,RCL","AC,RCL",202
7,11,"AC,RCL",RCL,207
7,11,RCL,"AC,RCL",210
7,11,"AC,RCL",RCL,211
7,11,RCL,none,213
7,11,none,RCL,215
7,11,RCL,"BW,RCL",226
7,11,"BW,RCL","AC,BV,BW,GC,RCL",227
7,11,"AC,BV,BW,GC,RCL","AC,BV,GC,RCL",228
7,11,"AC,BV,GC,RCL","AC,RCL",229
7,11,"AC,RCL",RCL,234
7,11,RCL,none,245
7,11,none,RCL,248
7,12,"BW,RCL",RCL,101
7,12,RCL,"GC,RCL",121
7,12,"GC,RCL","BW,HV,RCL",122
7,12,"BW,HV,RCL",RCL,123
7,12,RCL,"BW,RCL",127
7,12,"BW,RCL","BV,BW,RCL",132
7,12,"BV,BW,RCL",RCL,133
7,12,RCL,"BW,RCL",143
7,12,"BW,RCL",RCL,145
7,12,RCL,"BW,RCL",152
7,12,"BW,RCL","BV,BW,RCL",153
7,12,"BV,BW,RCL","AC,RCL",156
7,12,"AC,RCL",RCL,157
7,12,RCL,"GC,RCL",160
7,12,"GC,RCL","BW,GC,RCL",161
7,12,"BW,GC,RCL",RCL,162
7,12,RCL,"AC,RCL",163
7,12,"AC,RCL",RCL,164
7,12,RCL,"BV,BW,RCL",168
7,12,"BV,BW,RCL","BV,BW,GC,RCL",169
7,12,"BV,BW,GC,RCL","GC,RCL",171
7,12,"GC,RCL",RCL,172
7,12,RCL,"AC,RCL",174
7,12,"AC,RCL",RCL,175
7,12,RCL,"GC,RCL",176
7,12,"GC,RCL","AC,RCL",177
7,12,"AC,RCL",RCL,178
7,12,RCL,"BW,GC,RCL",182
7,12,"BW,GC,RCL","BV,BW,RCL",183
7,12,"BV,BW,RCL",RCL,184
7,12,RCL,"AC,RCL",185
7,12,"AC,RCL",RCL,186
7,12,RCL,"AC,RCL",190
7,12,"AC,RCL","AC,BV,BW,GC,RCL",193
7,12,"AC,BV,BW,GC,RCL","AC,BV,RCL",194
7,12,"AC,BV,RCL","AC,RCL",197
7,12,"AC,RCL",RCL,207
7,12,RCL,"AC,RCL",209
7,12,"AC,RCL",RCL,212
7,12,RCL,"AC,RCL",217
7,12,"AC,RCL","AC,GC,RCL",219
7,12,"AC,GC,RCL",RCL,220
7,12,RCL,"AC,RCL",222
7,12,"AC,RCL","AC,GC,RCL",225
7,12,"AC,GC,RCL","AC,RCL",226
7,12,"AC,RCL",RCL,242
7,12,RCL,none,266
7,12,none,RCL,268
7,12,RCL,none,269
7,12,none,RCL,277
7,12,RCL,none,278
7,12,none,RCL,283
7,12,RCL,none,284
7,12,none,RS,301
7,13,RS,none,52
7,13,none,RS,74
7,13,RS,none,75
7,13,none,RS,79
7,13,RS,none,80
7,13,none,RS,82
7,13,RS,none,85
7,13,none,RS,93
7,13,RS,none,105
7,13,none,RS,107
7,13,RS,none,109
7,13,none,RCL,114
7,13,RCL,RS,115
7,13,RS,"BW,RS",116
7,13,"BW,RS",RS,117
7,13,RS,"RCL,RS",118
7,13,"RCL,RS",RS,119
7,13,RS,none,120
7,13,none,RCL,122
7,13,RCL,none,123
7,13,none,RS,124
7,13,RS,"BW,RS",125
7,13,"BW,RS","BW,RCL,RS",126
7,13,"BW,RCL,RS",none,127
7,13,none,"BW,RCL",132
7,13,"BW,RCL","AC,BV,BW,RCL,RS",133
7,13,"AC,BV,BW,RCL,RS","AC,BV,RCL,RS",134
7,13,"AC,BV,RCL,RS",RS,135
7,13,RS,none,136
7,13,none,"RCL,RS",139
7,13,"RCL,RS",RCL,140
7,13,RCL,none,141
7,13,none,"AC,RCL",144
7,13,"AC,RCL",RCL,146
7,13,RCL,none,149
7,13,none,RCL,151
7,13,RCL,none,152
7,13,none,RCL,154
7,13,RCL,"BW,RCL",155
7,13,"BW,RCL",RCL,158
7,13,RCL,"BV,BW,RCL",163
7,13,"BV,BW,RCL","AC,BV,BW,HV,RCL",164
7,13,"AC,BV,BW,HV,RCL",RCL,165
7,13,RCL,"AC,RCL",167
7,13,"AC,RCL",RCL,168
7,13,RCL,"AC,RCL",179
7,13,"AC,RCL","AC,BV,BW,GC,HV,RCL",180
7,13,"AC,BV,BW,GC,HV,RCL","AC,BV,GC,RCL",182
7,13,"AC,BV,GC,RCL","AC,RCL",183
7,13,"AC,RCL","AC,GC,RCL",217
7,13,"AC,GC,RCL","AC,RCL",218
7,13,"AC,RCL",RCL,221
7,13,RCL,"GC,RCL",225
7,13,"GC,RCL","AC,BV,BW,GC,RCL",227
7,13,"AC,BV,BW,GC,RCL","AC,GC,RCL",230
7,13,"AC,GC,RCL","AC,RCL",231
7,13,"AC,RCL",RCL,236
7,13,RCL,"AC,RCL",238
7,13,"AC,RCL",RCL,240
7,13,RCL,none,276
7,13,none,RS,288
7,13,RS,none,289
7,13,none,RS,291
7,13,RS,none,292
7,13,none,RCL,294
7,13,RCL,none,295
7,13,none,RCL,311
7,14,RCL,none,123
7,14,none,RCL,125
7,14,RCL,"BW,RCL",128
7,14,"BW,RCL",RCL,131
7,14,RCL,"AC,RCL",145
7,14,"AC,RCL",RCL,146
7,14,RCL,"AC,BW,RCL",152
7,14,"AC,BW,RCL",RCL,154
7,14,RCL,"GC,RCL",162
7,14,"GC,RCL","AC,GC,RCL,RS",163
7,14,"AC,GC,RCL,RS","AC,GC,RCL",164
7,14,"AC,GC,RCL","GC,RCL",168
7,14,"GC,RCL","AC,GC,RCL",170
7,14,"AC,GC,RCL","AC,RCL",172
7,14,"AC,RCL",RCL,173
7,14,RCL,"BW,GC,RCL",175
7,14,"BW,GC,RCL","AC,BW,GC,RCL",176
7,14,"AC,BW,GC,RCL","AC,GC,RCL",178
7,14,"AC,GC,RCL","AC,BW,GC,RCL",180
7,14,"AC,BW,GC,RCL","AC,GC,RCL",181
7,14,"AC,GC,RCL","AC,BV,BW,GC,RCL",184
7,14,"AC,BV,BW,GC,RCL","GC,RCL",187
7,14,"GC,RCL","BV,BW,GC,HC,RCL",189
7,14,"BV,BW,GC,HC,RCL","GC,RCL",190
7,14,"GC,RCL","AC,GC,RCL",192
7,14,"AC,GC,RCL","AC,GC,HV,RCL",196
7,14,"AC,GC,HV,RCL","AC,GC,RCL",197
7,14,"AC,GC,RCL","AC,RCL",201
7,14,"AC,RCL","AC,BW,RCL",202
7,14,"AC,BW,RCL","AC,BV,BW,RCL",205
7,14,"AC,BV,BW,RCL","AC,BW,GC,RCL",207
7,14,"AC,BW,GC,RCL","AC,RCL",208
7,14,"AC,RCL","AC,GC,RCL",211
7,14,"AC,GC,RCL","BV,BW,GC,RCL",212
7,14,"BV,BW,GC,RCL","GC,RCL",214
7,14,"GC,RCL",RCL,216
7,14,RCL,"RCL,RS",226
7,14,"RCL,RS","GC,RCL",227
7,14,"GC,RCL",RCL,232
7,14,RCL,"GC,RCL",234
7,14,"GC,RCL","AC,GC,RCL",235
7,14,"AC,GC,RCL",RCL,236
7,14,RCL,"AC,RCL",238
7,14,"AC,RCL",RCL,239
7,14,RCL,"AC,RCL",242
7,14,"AC,RCL",RCL,243
7,14,RCL,none,264
7,14,none,RCL,269
7,14,RCL,"RCL,RS",272
7,14,"RCL,RS",RCL,273
7,14,RCL,none,274
7,14,none,RS,283
7,14,RS,none,284
7,14,none,RS,290
7,14,RS,none,291
7,14,none,RCL,310
7,14,RCL,none,311
7,14,none,RS,315
7,15,RS,none,74
7,15,none,RS,77
7,15,RS,none,81
7,15,none,RS,86
7,15,RS,none,91
7,15,none,RS,93
7,15,RS,"PC,RS",97
7,15,"PC,RS",RS,99
7,15,RS,none,102
7,15,none,RS,105
7,15,RS,none,107
7,15,none,RCL,114
7,15,RCL,"BW,RCL",116
7,15,"BW,RCL",RCL,117
7,15,RCL,"RCL,RS",120
7,15,"RCL,RS",RCL,121
7,15,RCL,"HV,RCL",129
7,15,"HV,RCL",RCL,130
7,15,RCL,"BW,HV,RCL",135
7,15,"BW,HV,RCL","BW,RCL",136
7,15,"BW,RCL",RCL,137
7,15,RCL,"BW,RCL",139
7,15,"BW,RCL","HV,RCL",140
7,15,"HV,RCL",RCL,141
7,15,RCL,none,145
7,15,none,"AC,RCL,RS",150
7,15,"AC,RCL,RS","AC,RCL",151
7,15,"AC,RCL","AC,HV,RCL",155
7,15,"AC,HV,RCL","AC,GC,HV,RCL",156
7,15,"AC,GC,HV,RCL","AC,HV,RCL",157
7,15,"AC,HV,RCL","BW,HV,RCL,RS",159
7,15,"BW,HV,RCL,RS","BW,HV,RCL",160
7,15,"BW,HV,RCL","AC,BW,RCL",162
7,15,"AC,BW,RCL","AC,BW,GC,RCL",163
7,15,"AC,BW,GC,RCL","AC,BW,RCL",164
7,15,"AC,BW,RCL","AC,BV,BW,HV,RCL",165
7,15,"AC,BV,BW,HV,RCL","BV,BW,GC,RCL",167
7,15,"BV,BW,GC,RCL",RCL,168
7,15,RCL,"AC,RCL",169
7,15,"AC,RCL","AC,BW,RCL",170
7,15,"AC,BW,RCL","BW,RCL",171
7,15,"BW,RCL","BW,HV,RCL,RS",173
7,15,"BW,HV,RCL,RS",none,174
7,15,none,"AC,BV,BW,GC,RCL",181
7,15,"AC,BV,BW,GC,RCL","AC,BW,GC,RCL",182
7,15,"AC,BW,GC,RCL","AC,GC,RCL,RS",183
7,15,"AC,GC,RCL,RS","AC,RCL",184
7,15,"AC,RCL","AC,GC,RCL",186
7,15,"AC,GC,RCL","GC,RCL",187
7,15,"GC,RCL","BW,GC,RCL",188
7,15,"BW,GC,RCL",RCL,189
7,15,RCL,"BW,RCL",192
7,15,"BW,RCL","BW,HV,RCL",194
7,15,"BW,HV,RCL","BV,BW,GC,HV,RCL",195
7,15,"BV,BW,GC,HV,RCL","BV,BW,GC,HC,HV,RCL",196
7,15,"BV,BW,GC,HC,HV,RCL","BV,BW,GC,HV,RCL",197
7,15,"BV,BW,GC,HV,RCL","BW,GC,HV,RCL",198
7,15,"BW,GC,HV,RCL","BW,GC,RCL",199
7,15,"BW,GC,RCL","BW,RCL",200
7,15,"BW,RCL",RCL,201
7,15,RCL,"BW,RCL",210
7,15,"BW,RCL",RCL,215
7,15,RCL,"BW,RCL",217
7,15,"BW,RCL",RCL,218
7,15,RCL,none,265
7,15,none,RCL,269
7,15,RCL,none,270
7,15,none,RCL,294
7,15,RCL,none,295
7,15,none,RS,326
7,15,RS,none,327
7,15,none,RS,333
7,15,RS,none,334
7,15,none,RS,345
7,16,RS,none,38
7,16,none,RS,40
7,16,RS,none,43
7,16,none,RS,46
7,16,RS,none,48
7,16,none,RS,52
7,16,RS,"PC,RS",78
7,16,"PC,RS",RS,80
7,16,RS,"PC,RS",93
7,16,"PC,RS","HV,RS",94
7,16,"HV,RS",RS,96
7,16,RS,none,100
7,16,none,RCL,101
7,16,RCL,none,106
7,16,none,RS,107
7,16,RS,none,108
7,16,none,"RCL,RS",110
7,16,"RCL,RS",RS,111
7,16,RS,RCL,113
7,16,RCL,"RCL,RS",123
7,16,"RCL,RS",RCL,124
7,16,RCL,"BV,BW,RCL",137
7,16,"BV,BW,RCL","BW,RCL",138
7,16,"BW,RCL",RCL,139
7,16,RCL,"AC,RCL",142
7,16,"AC,RCL","AC,BW,RCL",143
7,16,"AC,BW,RCL","AC,BV,RCL",144
7,16,"AC,BV,RCL","AC,RCL",145
7,16,"AC,RCL","AC,BW,HV,RCL",148
7,16,"AC,BW,HV,RCL","AC,RCL,RS",149
7,16,"AC,RCL,RS",RCL,150
7,16,RCL,"AC,RCL",152
7,16,"AC,RCL",RCL,154
7,16,RCL,"AC,RCL",157
7,16,"AC,RCL","AC,BW,RCL",158
7,16,"AC,BW,RCL","BW,RCL",159
7,16,"BW,RCL",RCL,160
7,16,RCL,"AC,RCL",161
7,16,"AC,RCL",RCL,162
7,16,RCL,"AC,RCL",165
7,16,"AC,RCL",RCL,166
7,16,RCL,"AC,BW,RCL",169
7,16,"AC,BW,RCL","AC,BW,GC,RCL",170
7,16,"AC,BW,GC,RCL","AC,RCL",171
7,16,"AC,RCL",RCL,172
7,16,RCL,"HV,RCL",174
7,16,"HV,RCL","AC,HV,RCL",175
7,16,"AC,HV,RCL","AC,BV,BW,GC,HV,RCL",176
7,16,"AC,BV,BW,GC,HV,RCL","AC,BV,BW,GC,RCL",177
7,16,"AC,BV,BW,GC,RCL","AC,BV,GC,RCL",178
7,16,"AC,BV,GC,RCL","AC,GC,RCL",179
7,16,"AC,GC,RCL","AC,RCL",180
7,16,"AC,RCL","AC,HV,RCL",182
7,16,"AC,HV,RCL","AC,GC,HV,RCL",183
7,16,"AC,GC,HV,RCL","AC,BW,GC,RCL",185
7,16,"AC,BW,GC,RCL","AC,BW,GC,HV,RCL",192
7,16,"AC,BW,GC,HV,RCL","AC,BW,GC,RCL",193
7,16,"AC,BW,GC,RCL","AC,BW,RCL",195
7,16,"AC,BW,RCL","AC,RCL",197
7,16,"AC,RCL",RCL,198
7,16,RCL,"BW,RCL",199
7,16,"BW,RCL",RCL,201
7,16,RCL,"BW,RCL",212
7,16,"BW,RCL",RCL,215
7,16,RCL,none,225
7,16,none,RCL,227
7,16,RCL,none,235
7,16,none,RCL,241
7,16,RCL,"RCL,RS",245
7,16,"RCL,RS",RCL,246
7,16,RCL,none,255
7,16,none,RCL,257
7,16,RCL,"GC,RCL,RS",262
7,16,"GC,RCL,RS","RCL,RS",263
7,16,"RCL,RS",RCL,265
7,16,RCL,none,269
7,16,none,RS,275
7,17,RS,none,47
7,17,none,RS,59
7,17,RS,none,60
7,17,none,RS,62
7,17,RS,none,71
7,17,none,RS,75
7,17,RS,"RCL,RS",77
7,17,"RCL,RS",RS,78
7,17,RS,"RCL,RS",80
7,17,"RCL,RS",RS,81
7,17,RS,none,82
7,17,none,RCL,84
7,17,RCL,"RCL,RS",85
7,17,"RCL,RS",RCL,86
7,17,RCL,none,89
7,17,none,RCL,91
7,17,RCL,"RCL,RS",92
7,17,"RCL,RS",RCL,95
7,17,RCL,RP,97
7,17,RP,none,101
7,17,none,RCL,102
7,17,RCL,"RCL,RS",108
7,17,"RCL,RS",RCL,109
7,17,RCL,"GC,RCL",137
7,17,"GC,RCL",RCL,139
7,17,RCL,"BW,RCL",145
7,17,"BW,RCL",RCL,146
7,17,RCL,"BW,RCL",155
7,17,"BW,RCL","BV,BW,RCL",157
7,17,"BV,BW,RCL",RCL,158
7,17,RCL,"GC,RCL",160
7,17,"GC,RCL","BV,RCL",161
7,17,"BV,RCL",RCL,162
7,17,RCL,"RCA,RCL",164
7,17,"RCA,RCL","GC,RCL",165
7,17,"GC,RCL",RCL,166
7,17,RCL,"GC,RCL",172
7,17,"GC,RCL","BV,BW,GC,HV,RCL",173
7,17,"BV,BW,GC,HV,RCL","GC,HV,RCL",175
7,17,"GC,HV,RCL","GC,RCL",180
7,17,"GC,RCL",RCL,181
7,17,RCL,"GC,RCA,RCL",183
7,17,"GC,RCA,RCL","GC,HV,RCL",184
7,17,"GC,HV,RCL","BW,GC,RCL",185
7,17,"BW,GC,RCL","GC,RCL",186
7,17,"GC,RCL",RCL,187
7,17,RCL,"BW,RCL",188
7,17,"BW,RCL","BW,GC,RCL",190
7,17,"BW,GC,RCL","GC,HV,RCL",191
7,17,"GC,HV,RCL","HV,RCL",192
7,17,"HV,RCL",RCL,193
7,17,RCL,"BW,RCL",194
7,17,"BW,RCL",RCL,195
7,17,RCL,"BW,RCL",197
7,17,"BW,RCL",RCL,198
7,17,RCL,"BW,RCL",201
7,17,"BW,RCL",RCL,203
7,17,RCL,none,265
7,17,none,RCL,267
7,17,RCL,"RCL,RS",268
7,17,"RCL,RS",RCL,273
7,17,RCL,none,275
7,17,none,RS,294
7,17,RS,none,295
7,17,none,RS,321
7,18,RS,none,55
7,18,none,RS,58
7,18,RS,none,59
7,18,none,RS,63
7,18,RS,none,65
7,18,none,RS,67
7,18,RS,none,69
7,18,none,RS,71
7,18,RS,"RP,RS",73
7,18,"RP,RS","PC,RP,RS",78
7,18,"PC,RP,RS","RP,RS",79
7,18,"RP,RS","PC,RP,RS",86
7,18,"PC,RP,RS","PC,RS",92
7,18,"PC,RS",RS,93
7,18,RS,"PC,RP,RS",95
7,18,"PC,RP,RS",RS,96
7,18,RS,"RCL,RS",102
7,18,"RCL,RS",RCL,105
7,18,RCL,"RCL,RS",107
7,18,"RCL,RS",RCL,111
7,18,RCL,"PC,RCL",114
7,18,"PC,RCL","PC,RCL,RS",115
7,18,"PC,RCL,RS","RCL,RS",116
7,18,"RCL,RS","BW,HV,RCL,RS",117
7,18,"BW,HV,RCL,RS","BV,BW,HV,RCL,RS",119
7,18,"BV,BW,HV,RCL,RS","RCL,RS",120
7,18,"RCL,RS",RCL,123
7,18,RCL,"RCL,RS",126
7,18,"RCL,RS",RCL,127
7,18,RCL,"RCL,RS",133
7,18,"RCL,RS",RCL,134
7,18,RCL,"RCL,RS",139
7,18,"RCL,RS",RCL,140
7,18,RCL,"BW,RCL",146
7,18,"BW,RCL",RCL,148
7,18,RCL,"AC,RCL",155
7,18,"AC,RCL",RCL,156
7,18,RCL,"BW,RCL",158
7,18,"BW,RCL","BV,BW,RCL",160
7,18,"BV,BW,RCL",RCL,161
7,18,RCL,"BW,HV,RCL",169
7,18,"BW,HV,RCL","BV,BW,GC,HV,RCL",171
7,18,"BV,BW,GC,HV,RCL","BV,RCL",172
7,18,"BV,RCL",RCL,173
7,18,RCL,"RCA,RCL",186
7,18,"RCA,RCL",RCL,190
7,18,RCL,"BW,RCL",198
7,18,"BW,RCL",RCL,200
7,18,RCL,"BW,RCL",202
7,18,"BW,RCL",RCL,203
7,18,RCL,"RCA,RCL",217
7,18,"RCA,RCL",RCL,218
7,18,RCL,"BW,RCL",220
7,18,"BW,RCL","RCA,RCL",222
7,18,"RCA,RCL",RCL,223
7,18,RCL,"RCL,RS",269
7,18,"RCL,RS",RCL,270
7,18,RCL,none,279
7,18,none,RCL,283
7,19,RCL,none,94
7,19,none,RCL,96
7,19,RCL,none,100
7,19,none,RCL,109
7,19,RCL,none,117
7,19,none,RCL,119
7,19,RCL,"BW,RCL",127
7,19,"BW,RCL",RCL,128
7,19,RCL,"BW,RCL",139
7,19,"BW,RCL",RCL,141
7,19,RCL,"RCA,RCL",144
7,19,"RCA,RCL",RCL,145
7,19,RCL,"BW,RCL",146
7,19,"BW,RCL","BW,HV,RCL",147
7,19,"BW,HV,RCL","HV,RCL",148
7,19,"HV,RCL",RCL,150
7,19,RCL,"BW,HV,RCL",152
7,19,"BW,HV,RCL","BW,RCA,RCL",153
7,19,"BW,RCA,RCL","RCA,RCL",154
7,19,"RCA,RCL",RCL,155
7,19,RCL,"HV,RCL",156
7,19,"HV,RCL",RCL,157
7,19,RCL,"RCA,RCL",159
7,19,"RCA,RCL","GC,RCA,RCL",162
7,19,"GC,RCA,RCL","GC,RCL",165
7,19,"GC,RCL","BV,GC,HV,RCL",166
7,19,"BV,GC,HV,RCL","GC,RCL",167
7,19,"GC,RCL","GC,RCA,RCL",168
7,19,"GC,RCA,RCL","GC,HV,RCA,RCL",169
7,19,"GC,HV,RCA,RCL","GC,RCA,RCL",171
7,19,"GC,RCA,RCL","PT,RCA,RCL",172
7,19,"PT,RCA,RCL",RCL,173
7,19,RCL,"BW,GC,RCL",179
7,19,"BW,GC,RCL","GC,RCL",187
7,19,"GC,RCL",RCL,191
7,19,RCL,"GC,RCL",195
7,19,"GC,RCL","GC,RCA,RCL",200
7,19,"GC,RCA,RCL","GC,RCL",201
7,19,"GC,RCL",RCL,219
7,19,RCL,"RCL,RS",271
7,19,"RCL,RS",RCL,272
7,19,RCL,"RCA,RCL",273
7,19,"RCA,RCL",RCL,274
7,19,RCL,none,276
7,19,none,RCL,292
7,19,RCL,none,293
7,19,none,RS,296
7,19,RS,none,297
7,19,none,RS,302
7,19,RS,none,303
7,19,none,RS,315
7,19,RS,none,316
7,19,none,RCL,319
7,19,RCL,none,320
7,19,none,RCL,351
7,20,RS,none,64
7,20,none,RS,67
7,20,RS,"PC,RS",88
7,20,"PC,RS",RS,89
7,20,RS,"RCL,RS",99
7,20,"RCL,RS",RCL,107
7,20,RCL,"RCL,RS",110
7,20,"RCL,RS",RCL,118
7,20,RCL,"RCL,RS",124
7,20,"RCL,RS",RCL,125
7,20,RCL,"GC,RCL",167
7,20,"GC,RCL",RCL,168
7,20,RCL,"RCA,RCL",203
7,20,"RCA,RCL","GC,RCL",204
7,20,"GC,RCL",RCL,206
7,20,RCL,"RCA,RCL",210
7,20,"RCA,RCL",RCL,211
7,20,RCL,"RCL,RS",242
7,20,"RCL,RS",RCL,243
7,20,RCL,"RCL,RS",254
7,20,"RCL,RS",RCL,255
7,20,RCL,"RCL,RS",258
7,20,"RCL,RS",RCL,259
7,20,RCL,"RCL,RS",269
7,20,"RCL,RS",RCL,270
7,20,RCL,none,271
7,20,none,RS,276
7,20,RS,none,277
7,20,none,RS,281
7,20,RS,RCL,282
7,20,RCL,none,283
7,20,none,RS,286
7,20,RS,none,288
7,20,none,RS,299
7,21,RS,"PC,RS",61
7,21,"PC,RS",RS,62
7,21,RS,none,64
7,21,none,RS,66
7,21,RS,none,67
7,21,none,PC,81
7,21,PC,"PC,RS",82
7,21,"PC,RS",RS,84
7,21,RS,none,87
7,21,none,"PC,RS",89
7,21,"PC,RS",PC,91
7,21,PC,"PC,RS",94
7,21,"PC,RS",RS,102
7,21,RS,none,103
7,21,none,RS,111
7,21,RS,none,112
7,21,none,RCL,116
7,21,RCL,none,117
7,21,none,RCL,119
7,21,RCL,RS,120
7,21,RS,none,126
7,21,none,RCL,130
7,21,RCL,"AC,RCL",131
7,21,"AC,RCL",none,132
7,21,none,RCL,134
7,21,RCL,none,135
7,21,none,RCL,142
7,21,RCL,"BW,HC,HV,RCL",149
7,21,"BW,HC,HV,RCL","BW,HV,RCL",150
7,21,"BW,HV,RCL","RCL,RS",151
7,21,"RCL,RS",RCL,152
7,21,RCL,"HV,RCL",153
7,21,"HV,RCL","HV,RCL,RS",154
7,21,"HV,RCL,RS",RCL,155
7,21,RCL,"BW,HV,RCL",157
7,21,"BW,HV,RCL",none,158
7,21,none,RCL,160
7,21,RCL,"BW,RCL",162
7,21,"BW,RCL","BW,GC,HV,RCL",163
7,21,"BW,GC,HV,RCL","GC,RCL",164
7,21,"GC,RCL",RCL,166
7,21,RCL,"BW,RCL",167
7,21,"BW,RCL","RCA,RCL",168
7,21,"RCA,RCL","BW,GC,HV,RCA,RCL",170
7,21,"BW,GC,HV,RCA,RCL","BW,HV,RCA,RCL",171
7,21,"BW,HV,RCA,RCL","BV,BW,GC,HV,RCA,RCL",173
7,21,"BV,BW,GC,HV,RCA,RCL","BW,GC,HV,RCA,RCL",174
7,21,"BW,GC,HV,RCA,RCL","BW,RCA,RCL",175
7,21,"BW,RCA,RCL","BW,GC,RCA,RCL",178
7,21,"BW,GC,RCA,RCL","BV,BW,GC,RCA,RCL",180
7,21,"BV,BW,GC,RCA,RCL","BW,GC,RCA,RCL",182
7,21,"BW,GC,RCA,RCL","BV,BW,GC,RCA,RCL",184
7,21,"BV,BW,GC,RCA,RCL","BW,GC,HV,RCA,RCL",187
7,21,"BW,GC,HV,RCA,RCL","BV,BW,GC,RCA,RCL",192
7,21,"BV,BW,GC,RCA,RCL","BV,RCA,RCL",194
7,21,"BV,RCA,RCL",RCL,195
7,21,RCL,"BW,RCL",198
7,21,"BW,RCL","BV,BW,GC,HV,RCL",201
7,21,"BV,BW,GC,HV,RCL","BW,GC,RCL",202
7,21,"BW,GC,RCL",RCL,203
7,21,RCL,"RCA,RCL",204
7,21,"RCA,RCL","BW,RCA,RCL",207
7,21,"BW,RCA,RCL","GC,RCA,RCL",208
7,21,"GC,RCA,RCL","RCA,RCL",212
7,21,"RCA,RCL","GC,RCA,RCL",215
7,21,"GC,RCA,RCL","RCA,RCL",219
7,21,"RCA,RCL","GC,RCA,RCL",222
7,21,"GC,RCA,RCL","GC,RCL",226
7,21,"GC,RCL",RCL,227
7,21,RCL,"RCL,RS",235
7,21,"RCL,RS",RCL,236
7,21,RCL,"RCL,RS",255
7,21,"RCL,RS",RCL,256
7,21,RCL,none,257
7,21,none,RCL,259
7,21,RCL,"RCL,RS",263
7,21,"RCL,RS",RCL,264
7,21,RCL,RS,270
7,21,RS,none,271
7,21,none,RS,274
7,21,RS,none,284
7,21,none,RS,294
7,21,RS,none,297
7,21,none,RS,303
7,21,RS,none,305
7,21,none,RS,313
7,21,RS,none,314
7,21,none,RS,325
7,21,RS,none,331
7,21,none,RS,339
7,21,RS,none,340
7,21,none,RS,346
7,21,RS,none,347
7,21,none,RS,351
7,21,RS,none,352
7,21,none,RS,361
7,22,RS,none,27
7,22,none,PC,59
7,22,PC,none,60
7,22,none,RS,73
7,22,RS,none,83
7,22,none,RS,85
7,22,RS,"PC,RS",87
7,22,"PC,RS",RS,91
7,22,RS,"PC,RS",96
7,22,"PC,RS",none,97
7,22,none,RS,99
7,22,RS,"PC,RS",100
7,22,"PC,RS",RS,104
7,22,RS,"PC,RS",109
7,22,"PC,RS",RS,114
7,22,RS,"RCL,RS",116
7,22,"RCL,RS",RCL,118
7,22,RCL,"RCA,RCL",135
7,22,"RCA,RCL",RCL,136
7,22,RCL,"RCA,RCL",139
7,22,"RCA,RCL",RCL,140
7,22,RCL,"BW,RCL",146
7,22,"BW,RCL",RCL,147
7,22,RCL,"BV,RCL",149
7,22,"BV,RCL","RCA,RCL",150
7,22,"RCA,RCL","BW,RCL",154
7,22,"BW,RCL","BW,GC,RCL",155
7,22,"BW,GC,RCL","RCA,RCL",156
7,22,"RCA,RCL",RCL,166
7,22,RCL,"RCA,RCL",169
7,22,"RCA,RCL","BW,RCA,RCL",175
7,22,"BW,RCA,RCL","RCA,RCL",177
7,22,"RCA,RCL","BV,RCA,RCL",183
7,22,"BV,RCA,RCL","RCA,RCL",184
7,22,"RCA,RCL",RCL,186
7,22,RCL,"RCA,RCL",192
7,22,"RCA,RCL",RCL,193
7,22,RCL,"RCA,RCL",196
7,22,"RCA,RCL",RCL,197
7,22,RCL,"RCA,RCL",209
7,22,"RCA,RCL",RCL,210
7,22,RCL,"RCL,RS",240
7,22,"RCL,RS",RCL,241
7,22,RCL,"GC,RCL",257
7,22,"GC,RCL",RCL,264
7,22,RCL,none,275
7,22,none,RS,277
7,22,RS,none,279
7,22,none,RS,281
7,22,RS,none,282
7,22,none,RS,284
7,22,RS,none,286
7,22,none,"RCL,RS",289
7,22,"RCL,RS",none,290
7,22,none,RS,298
7,22,RS,none,299
7,22,none,RS,305
7,22,RS,none,307
7,22,none,RCL,310
7,22,RCL,none,311
7,22,none,RS,320
7,23,RCL,none,26
7,23,none,RS,63
7,23,RS,none,74
7,23,none,RS,77
7,23,RS,none,82
7,23,none,RS,84
7,23,RS,none,85
7,23,none,"HV,PC",87
7,23,"HV,PC",PC,88
7,23,PC,"PC,RCL",89
7,23,"PC,RCL","PC,RS",90
7,23,"PC,RS","PC,RCL,RS",92
7,23,"PC,RCL,RS","PC,RCL",93
7,23,"PC,RCL",RCL,98
7,23,RCL,none,103
7,23,none,"RCL,RP",108
7,23,"RCL,RP",RCL,112
7,23,RCL,"BW,RCL",119
7,23,"BW,RCL","RCA,RCL",120
7,23,"RCA,RCL",RCL,121
7,23,RCL,none,123
7,23,none,RCL,125
7,23,RCL,"GC,RCL",152
7,23,"GC,RCL",RCL,154
7,23,RCL,"GC,RCL",159
7,23,"GC,RCL","BW,GC,RCL",166
7,23,"BW,GC,RCL",RCL,167
7,23,RCL,"BW,RCL",171
7,23,"BW,RCL","BW,GC,RCL",173
7,23,"BW,GC,RCL",RCL,176
7,23,RCL,"BW,RCL",178
7,23,"BW,RCL",RCL,179
7,23,RCL,"BW,RCL",184
7,23,"BW,RCL",RCL,186
7,23,RCL,"GC,RCL",190
7,23,"GC,RCL","BW,HV,RCL",192
7,23,"BW,HV,RCL","BW,RCL",193
7,23,"BW,RCL","GC,RCL",198
7,23,"GC,RCL",RCL,199
7,23,RCL,"BW,RCL",204
7,23,"BW,RCL",RCL,209
7,23,RCL,"BW,RCL",211
7,23,"BW,RCL",RCL,212
7,23,RCL,"RCL,RS",273
7,23,"RCL,RS",RCL,274
7,23,RCL,RS,276
7,23,RS,none,277
7,23,none,RS,357
7,24,RCL,none,39
7,24,none,RCL,89
7,24,RCL,none,96
7,24,none,RCL,99
7,24,RCL,none,105
7,24,none,RCL,107
7,24,RCL,none,108
7,24,none,RCL,110
7,24,RCL,none,112
7,24,none,RCL,114
7,24,RCL,"BW,RCL",132
7,24,"BW,RCL",RCL,134
7,24,RCL,"BW,RCL",142
7,24,"BW,RCL",RCL,144
7,24,RCL,"GC,RCL",148
7,24,"GC,RCL",RCL,149
7,24,RCL,"GC,RCL",156
7,24,"GC,RCL",RCL,159
7,24,RCL,"GC,RCL",163
7,24,"GC,RCL","GC,HV,RCL",172
7,24,"GC,HV,RCL","GC,RCL",173
7,24,"GC,RCL",RCL,175
7,24,RCL,"BV,GC,RCL",182
7,24,"BV,GC,RCL","GC,RCL",184
7,24,"GC,RCL","BV,GC,RCL",187
7,24,"BV,GC,RCL","GC,RCL",188
7,24,"GC,RCL",RCL,194
7,24,RCL,"GC,RCL",218
7,24,"GC,RCL",RCL,221
7,24,RCL,none,231
7,24,none,RCL,233
7,24,RCL,none,261
7,24,none,RS,262
7,24,RS,RCL,263
7,24,RCL,none,271
7,24,none,RCL,273
7,24,RCL,"RCL,RS",274
7,24,"RCL,RS",none,276
7,24,none,RCL,305
7,24,RCL,none,306
7,24,none,RS,314
7,24,RS,none,315
7,24,none,RS,321
7,24,RS,none,322
7,24,none,"RCL,RS",338
8,1,PT,none,60
8,1,none,PT,65
8,1,PT,none,67
8,1,none,PT,70
8,1,PT,"PT,RS",71
8,1,"PT,RS",PT,74
8,1,PT,"PT,RS",79
8,1,"PT,RS",PT,80
8,1,PT,"PC,PT",81
8,1,"PC,PT",PC,82
8,1,PC,none,84
8,1,none,PT,86
8,1,PT,none,87
8,1,none,PT,89
8,1,PT,none,91
8,1,none,BW,108
8,1,BW,none,110
8,1,none,BW,120
8,1,BW,none,121
8,1,none,RCL,128
8,1,RCL,"AC,RCL",129
8,1,"AC,RCL","AC,BW,HV,RCL",130
8,1,"AC,BW,HV,RCL","AC,BW,RCL",131
8,1,"AC,BW,RCL","AC,RCL",133
8,1,"AC,RCL",RCL,134
8,1,RCL,"AC,RCL",137
8,1,"AC,RCL","AC,BW,RCL",138
8,1,"AC,BW,RCL","AC,RCL",140
8,1,"AC,RCL","AC,BW,RCL",147
8,1,"AC,BW,RCL","AC,BV,BW,RCL",149
8,1,"AC,BV,BW,RCL","AC,RCL",150
8,1,"AC,RCL","AC,BW,RCL",155
8,1,"AC,BW,RCL","AC,BV,BW,RCL",156
8,1,"AC,BV,BW,RCL","AC,BV,BW,HV,RCL",158
8,1,"AC,BV,BW,HV,RCL","AC,BV,BW,RCL",159
8,1,"AC,BV,BW,RCL","AC,BV,BW,HC,RCL",163
8,1,"AC,BV,BW,HC,RCL","AC,BV,BW,RCL",164
8,1,"AC,BV,BW,RCL","AC,RCL",168
8,1,"AC,RCL","AC,BW,RCL",171
8,1,"AC,BW,RCL","AC,BV,BW,HC,RCL",174
8,1,"AC,BV,BW,HC,RCL","AC,HC,RCL",177
8,1,"AC,HC,RCL","AC,RCL",178
8,1,"AC,RCL","AC,HC,RCL",180
8,1,"AC,HC,RCL","AC,HC,HV,RCL",181
8,1,"AC,HC,HV,RCL","AC,HC,RCL",182
8,1,"AC,HC,RCL","AC,RCL",183
8,1,"AC,RCL","AC,BW,RCL",184
8,1,"AC,BW,RCL","AC,BW,HC,RCL",185
8,1,"AC,BW,HC,RCL","AC,BV,BW,RCL",186
8,1,"AC,BV,BW,RCL","AC,BV,BW,HC,HV,RCA,RCL",188
8,1,"AC,BV,BW,HC,HV,RCA,RCL","AC,BV,BW,HC,HV,RCL",189
8,1,"AC,BV,BW,HC,HV,RCL","AC,BV,HC,RCL",191
8,1,"AC,BV,HC,RCL","AC,BV,BW,HC,HV,RCL",193
8,1,"AC,BV,BW,HC,HV,RCL","AC,BV,HC,HV,RCL",195
8,1,"AC,BV,HC,HV,RCL","AC,BV,BW,HC,HV,RCL",198
8,1,"AC,BV,BW,HC,HV,RCL","AC,BV,HC,RCL",199
8,1,"AC,BV,HC,RCL","AC,HC,RCL",200
8,1,"AC,HC,RCL","AC,BW,HC,RCL",209
8,1,"AC,BW,HC,RCL","AC,BV,HC,RCL",210
8,1,"AC,BV,HC,RCL","AC,HC,RCL",211
8,1,"AC,HC,RCL",none,212
8,1,none,"AC,HC,RCL",219
8,1,"AC,HC,RCL","AC,RCL",221
8,1,"AC,RCL",none,254
8,1,none,RS,289
8,1,RS,none,295
8,1,none,RS,297
8,1,RS,none,298
8,1,none,RS,303
8,1,RS,none,304
8,1,none,RS,330
8,2,PT,RS,57
8,2,RS,none,58
8,2,none,PT,64
8,2,PT,none,68
8,2,none,RS,76
8,2,RS,"PT,RS",77
8,2,"PT,RS",RS,80
8,2,RS,none,83
8,2,none,"PC,RS",87
8,2,"PC,RS",none,88
8,2,none,PC,92
8,2,PC,"PC,RS",93
8,2,"PC,RS",none,95
8,2,none,"PC,RS",97
8,2,"PC,RS",PC,100
8,2,PC,none,104
8,2,none,PC,110
8,2,PC,none,111
8,2,none,RCL,114
8,2,RCL,"BW,RCL",115
8,2,"BW,RCL",RCL,116
8,2,RCL,"BW,RCL,RS",119
8,2,"BW,RCL,RS",RCL,120
8,2,RCL,"BW,RCL",125
8,2,"BW,RCL","AC,BW,RCL",128
8,2,"AC,BW,RCL","AC,RCL",130
8,2,"AC,RCL","AC,RCA,RCL",131
8,2,"AC,RCA,RCL","AC,RCL",133
8,2,"AC,RCL","AC,RCA,RCL",135
8,2,"AC,RCA,RCL",none,141
8,2,none,"AC,BV,BW,RCA,RCL",148
8,2,"AC,BV,BW,RCA,RCL","AC,RCA,RCL",149
8,2,"AC,RCA,RCL","AC,BW,RCA,RCL",152
8,2,"AC,BW,RCA,RCL","AC,BW,HC,RCA,RCL",153
8,2,"AC,BW,HC,RCA,RCL",none,155
8,2,none,"AC,BV,BW,HC,RCL",176
8,2,"AC,BV,BW,HC,RCL","AC,BV,BW,HC,RCA,RCL",177
8,2,"AC,BV,BW,HC,RCA,RCL","AC,BV,HC,RCA,RCL",179
8,2,"AC,BV,HC,RCA,RCL","AC,RCA,RCL",182
8,2,"AC,RCA,RCL","AC,HC,RCA,RCL",184
8,2,"AC,HC,RCA,RCL","AC,RCA,RCL",185
8,2,"AC,RCA,RCL","AC,HC,RCA,RCL",188
8,2,"AC,HC,RCA,RCL","AC,HC,RCL",190
8,2,"AC,HC,RCL","AC,RCL",191
8,2,"AC,RCL","AC,BV,RCL",195
8,2,"AC,BV,RCL","AC,BV,BW,RCL",196
8,2,"AC,BV,BW,RCL","AC,BV,BW,HC,RCL",197
8,2,"AC,BV,BW,HC,RCL","AC,RCL",198
8,2,"AC,RCL","AC,HC,RCL",200
8,2,"AC,HC,RCL","AC,RCL",201
8,2,"AC,RCL","AC,HC,RCL",206
8,2,"AC,HC,RCL","AC,BW,RCL",207
8,2,"AC,BW,RCL","AC,RCL",210
8,2,"AC,RCL","AC,HC,RCL",212
8,2,"AC,HC,RCL","AC,HC,RCA,RCL",213
8,2,"AC,HC,RCA,RCL","AC,HC,RCL",216
8,2,"AC,HC,RCL",none,218
8,2,none,"AC,HC,RCL",225
8,2,"AC,HC,RCL","AC,HC,HV,RCA,RCL",226
8,2,"AC,HC,HV,RCA,RCL","AC,HC,RCA,RCL",227
8,2,"AC,HC,RCA,RCL","AC,RCA,RCL",229
8,2,"AC,RCA,RCL","AC,HC,RCA,RCL",231
8,2,"AC,HC,RCA,RCL","AC,HC,RCL",232
8,2,"AC,HC,RCL","AC,RCL",233
8,2,"AC,RCL","AC,HC,RCA,RCL",238
8,2,"AC,HC,RCA,RCL","AC,RCL",239
8,2,"AC,RCL","AC,RCA,RCL",245
8,2,"AC,RCA,RCL","AC,RCL,RS",246
8,2,"AC,RCL,RS","AC,RCL",247
8,2,"AC,RCL",RCL,248
8,2,RCL,none,276
8,2,none,RS,300
8,2,RS,none,301
8,2,none,RCA,322
8,3,PT,none,13
8,3,none,PT,68
8,3,PT,none,74
8,3,none,PT,105
8,3,PT,none,106
8,3,none,RCL,110
8,3,RCL,RCA,113
8,3,RCA,none,114
8,3,none,RCL,118
8,3,RCL,"BW,RCL",121
8,3,"BW,RCL",RCL,124
8,3,RCL,"RCA,RCL",129
8,3,"RCA,RCL",RCL,130
8,3,RCL,"RCA,RCL",132
8,3,"RCA,RCL",none,133
8,3,none,"AC,RCA,RCL",140
8,3,"AC,RCA,RCL","AC,BW,HC,RCA,RCL",141
8,3,"AC,BW,HC,RCA,RCL","AC,BW,RCA,RCL",142
8,3,"AC,BW,RCA,RCL","AC,RCA,RCL",145
8,3,"AC,RCA,RCL","AC,BW,RCA,RCL",147
8,3,"AC,BW,RCA,RCL","AC,BW,HC,RCA,RCL",151
8,3,"AC,BW,HC,RCA,RCL","AC,BW,RCA,RCL",152
8,3,"AC,BW,RCA,RCL",none,155
8,3,none,"AC,RCA,RCL",168
8,3,"AC,RCA,RCL","AC,RCL",171
8,3,"AC,RCL","AC,HC,RCL",196
8,3,"AC,HC,RCL","AC,BW,HV,RCL",198
8,3,"AC,BW,HV,RCL","AC,HV,RCL",199
8,3,"AC,HV,RCL","AC,HC,HV,RCL",200
8,3,"AC,HC,HV,RCL","AC,HC,HV,RCA,RCL",201
8,3,"AC,HC,HV,RCA,RCL","AC,BW,HV,RCA,RCL",203
8,3,"AC,BW,HV,RCA,RCL","AC,HV,RCA,RCL",204
8,3,"AC,HV,RCA,RCL","AC,RCL",208
8,3,"AC,RCL","AC,BW,HC,RCL",209
8,3,"AC,BW,HC,RCL","AC,BV,BW,HC,RCL",210
8,3,"AC,BV,BW,HC,RCL","AC,BW,RCL",211
8,3,"AC,BW,RCL","AC,BW,RCA,RCL",215
8,3,"AC,BW,RCA,RCL","AC,BW,HV,RCL",217
8,3,"AC,BW,HV,RCL","AC,BW,HC,HV,RCL",218
8,3,"AC,BW,HC,HV,RCL","AC,HV,RCL",219
8,3,"AC,HV,RCL","AC,RCL",220
8,3,"AC,RCL","AC,RCA,RCL",221
8,3,"AC,RCA,RCL","AC,HC,RCL",222
8,3,"AC,HC,RCL","AC,RCL",223
8,3,"AC,RCL","AC,RCA,RCL",225
8,3,"AC,RCA,RCL","AC,HC,RCA,RCL",227
8,3,"AC,HC,RCA,RCL","AC,RCL",228
8,3,"AC,RCL","AC,HV,RCA,RCL",231
8,3,"AC,HV,RCA,RCL","AC,RCA,RCL",232
8,3,"AC,RCA,RCL","AC,BW,RCA,RCL",234
8,3,"AC,BW,RCA,RCL","AC,RCL",236
8,3,"AC,RCL",RCL,249
8,3,RCL,"AC,RCL",252
8,3,"AC,RCL","AC,RCA,RCL",255
8,3,"AC,RCA,RCL",RCL,256
8,3,RCL,none,277
8,3,none,RCL,279
8,3,RCL,none,280
8,3,none,RCL,315
8,4,PT,none,53
8,4,none,PT,74
8,4,PT,none,93
8,4,none,PT,96
8,4,PT,none,97
8,4,none,RCL,104
8,4,RCL,"BW,RCL",105
8,4,"BW,RCL","BW,RCA,RCL",106
8,4,"BW,RCA,RCL","BW,RCL",107
8,4,"BW,RCL",RCL,108
8,4,RCL,"RCA,RCL",113
8,4,"RCA,RCL",RCL,114
8,4,RCL,"BW,RCL",115
8,4,"BW,RCL",RCL,116
8,4,RCL,"RCA,RCL",118
8,4,"RCA,RCL","BW,RCA,RCL",121
8,4,"BW,RCA,RCL","RCA,RCL",123
8,4,"RCA,RCL",RCL,128
8,4,RCL,"PT,RCL",131
8,4,"PT,RCL",RCL,132
8,4,RCL,"RCA,RCL",133
8,4,"RCA,RCL","BW,RCA,RCL",134
8,4,"BW,RCA,RCL","RCA,RCL",137
8,4,"RCA,RCL","AC,RCA,RCL",140
8,4,"AC,RCA,RCL","RCA,RCL",141
8,4,"RCA,RCL","BV,BW,HV,RCA,RCL",143
8,4,"BV,BW,HV,RCA,RCL","BV,BW,RCA,RCL",144
8,4,"BV,BW,RCA,RCL","AC,BV,RCA,RCL",145
8,4,"AC,BV,RCA,RCL","AC,BV,BW,RCA,RCL",147
8,4,"AC,BV,BW,RCA,RCL","AC,BV,BW,HC,RCL",148
8,4,"AC,BV,BW,HC,RCL",RCL,149
8,4,RCL,"RCA,RCL",150
8,4,"RCA,RCL","AC,HV,RCA,RCL",151
8,4,"AC,HV,RCA,RCL","AC,BV,HV,RCA,RCL",152
8,4,"AC,BV,HV,RCA,RCL","BV,BW,HV,RCA,RCL",153
8,4,"BV,BW,HV,RCA,RCL","AC,BV,BW,HV,RCA,RCL",155
8,4,"AC,BV,BW,HV,RCA,RCL","AC,HV,RCA,RCL",157
8,4,"AC,HV,RCA,RCL","AC,BW,HC,HV,RCA,RCL",160
8,4,"AC,BW,HC,HV,RCA,RCL","AC,BW,HV,RCA,RCL",161
8,4,"AC,BW,HV,RCA,RCL","AC,BW,RCA,RCL",162
8,4,"AC,BW,RCA,RCL","AC,BW,HC,RCA,RCL",163
8,4,"AC,BW,HC,RCA,RCL","AC,BV,BW,HV,RCA,RCL",164
8,4,"AC,BV,BW,HV,RCA,RCL","AC,BW,HV,RCA,RCL",165
8,4,"AC,BW,HV,RCA,RCL","AC,BW,HC,RCA,RCL",166
8,4,"AC,BW,HC,RCA,RCL","AC,BW,RCA,RCL",167
8,4,"AC,BW,RCA,RCL","AC,BV,BW,RCA,RCL",172
8,4,"AC,BV,BW,RCA,RCL","AC,BV,BW,HC,HV,RCA,RCL",173
8,4,"AC,BV,BW,HC,HV,RCA,RCL","AC,BW,RCA,RCL",174
8,4,"AC,BW,RCA,RCL","AC,BW,HV,RCA,RCL",177
8,4,"AC,BW,HV,RCA,RCL","AC,BW,RCA,RCL",179
8,4,"AC,BW,RCA,RCL","AC,BV,BW,GC,HC,RCA,RCL",180
8,4,"AC,BV,BW,GC,HC,RCA,RCL","AC,BV,BW,RCA,RCL",181
8,4,"AC,BV,BW,RCA,RCL","AC,HC,RCA,RCL",183
8,4,"AC,HC,RCA,RCL","AC,RCA,RCL",184
8,4,"AC,RCA,RCL","AC,BW,HV,RCA,RCL",187
8,4,"AC,BW,HV,RCA,RCL","AC,BV,BW,HV,RCA,RCL",188
8,4,"AC,BV,BW,HV,RCA,RCL","AC,BV,BW,HC,HV,RCA,RCL",189
8,4,"AC,BV,BW,HC,HV,RCA,RCL","AC,BV,BW,HC,RCA,RCL",190
8,4,"AC,BV,BW,HC,RCA,RCL","AC,BW,HC,RCA,RCL",191
8,4,"AC,BW,HC,RCA,RCL","AC,RCA,RCL",194
8,4,"AC,RCA,RCL","AC,BW,HC,RCA,RCL",196
8,4,"AC,BW,HC,RCA,RCL","AC,BW,GC,HC,RCL",198
8,4,"AC,BW,GC,HC,RCL","AC,BW,RCL",199
8,4,"AC,BW,RCL","AC,BW,HV,RCL",202
8,4,"AC,BW,HV,RCL","AC,BV,BW,HV,RCL",209
8,4,"AC,BV,BW,HV,RCL","AC,RCL",210
8,4,"AC,RCL","AC,HC,RCL",216
8,4,"AC,HC,RCL","AC,RCL",224
8,4,"AC,RCL",RCL,231
8,4,RCL,"HC,RCL",232
8,4,"HC,RCL","AC,HC,RCL",233
8,4,"AC,HC,RCL","AC,RCL",238
8,4,"AC,RCL","AC,RCA,RCL",251
8,4,"AC,RCA,RCL","RCA,RCL",252
8,4,"RCA,RCL",RCL,253
8,4,RCL,none,254
8,4,none,RS,283
8,4,RS,none,285
8,4,none,RS,290
8,4,RS,none,291
8,4,none,RS,299
8,5,PC,none,86
8,5,none,PC,88
8,5,PC,none,94
8,5,none,PC,96
8,5,PC,none,100
8,5,none,PC,104
8,5,PC,none,105
8,5,none,RCL,106
8,5,RCL,PT,108
8,5,PT,none,109
8,5,none,RCL,110
8,5,RCL,"BW,RCL",117
8,5,"BW,RCL",RCL,118
8,5,RCL,"BW,RCL",121
8,5,"BW,RCL",RCL,122
8,5,RCL,"RCA,RCL",125
8,5,"RCA,RCL","BW,RCA,RCL",126
8,5,"BW,RCA,RCL","RCA,RCL",128
8,5,"RCA,RCL","AC,RCA,RCL",134
8,5,"AC,RCA,RCL","RCA,RCL",135
8,5,"RCA,RCL","BW,RCA,RCL",136
8,5,"BW,RCA,RCL","BV,BW,RCA,RCL",137
8,5,"BV,BW,RCA,RCL","AC,RCA,RCL",139
8,5,"AC,RCA,RCL","RCA,RCL",146
8,5,"RCA,RCL","AC,RCA,RCL",148
8,5,"AC,RCA,RCL","RCA,RCL",149
8,5,"RCA,RCL","AC,RCA,RCL",152
8,5,"AC,RCA,RCL","RCA,RCL",154
8,5,"RCA,RCL","AC,BV,BW,RCA,RCL",156
8,5,"AC,BV,BW,RCA,RCL","AC,BV,RCA,RCL",159
8,5,"AC,BV,RCA,RCL","AC,RCA,RCL",160
8,5,"AC,RCA,RCL","AC,HC,RCA,RCL",167
8,5,"AC,HC,RCA,RCL","AC,BW,HC,RCA,RCL",169
8,5,"AC,BW,HC,RCA,RCL","AC,BV,BW,HC,RCA,RCL",170
8,5,"AC,BV,BW,HC,RCA,RCL","AC,HC,RCA,RCL",171
8,5,"AC,HC,RCA,RCL","AC,RCA,RCL",172
8,5,"AC,RCA,RCL","AC,BW,RCA,RCL",173
8,5,"AC,BW,RCA,RCL","AC,BV,BW,RCA,RCL",177
8,5,"AC,BV,BW,RCA,RCL","AC,BV,BW,HC,RCA,RCL",178
8,5,"AC,BV,BW,HC,RCA,RCL","AC,BV,RCA,RCL",179
8,5,"AC,BV,RCA,RCL","AC,RCA,RCL",180
8,5,"AC,RCA,RCL","AC,HC,RCA,RCL",181
8,5,"AC,HC,RCA,RCL","AC,RCL",182
8,5,"AC,RCL","AC,BV,RCL",186
8,5,"AC,BV,RCL","AC,BV,BW,HC,HV,RCA,RCL",187
8,5,"AC,BV,BW,HC,HV,RCA,RCL","AC,BV,HC,RCA,RCL",188
8,5,"AC,BV,HC,RCA,RCL","AC,HC,RCL",189
8,5,"AC,HC,RCL","AC,BV,HC,RCA,RCL",193
8,5,"AC,BV,HC,RCA,RCL","AC,HC,RCA,RCL",195
8,5,"AC,HC,RCA,RCL","AC,BW,RCA,RCL",196
8,5,"AC,BW,RCA,RCL","AC,RCL",197
8,5,"AC,RCL","AC,RCA,RCL",199
8,5,"AC,RCA,RCL","AC,RCL",200
8,5,"AC,RCL","AC,HC,RCL",202
8,5,"AC,HC,RCL","AC,RCL",203
8,5,"AC,RCL","AC,HC,RCL",205
8,5,"AC,HC,RCL","AC,RCL",206
8,5,"AC,RCL","AC,HC,RCA,RCL",209
8,5,"AC,HC,RCA,RCL","AC,HC,RCL",210
8,5,"AC,HC,RCL","AC,RCL",211
8,5,"AC,RCL","AC,HC,RCL",231
8,5,"AC,HC,RCL","AC,RCL",236
8,5,"AC,RCL",RCL,242
8,5,RCL,"AC,RCL",244
8,5,"AC,RCL",RCL,247
8,5,RCL,HV,248
8,5,HV,AC,249
8,5,AC,"AC,RCL",256
8,5,"AC,RCL",RCL,257
8,5,RCL,none,265
8,5,none,RS,281
8,5,RS,none,282
8,5,none,RCA,284
8,5,RCA,none,285
8,5,none,RS,294
8,6,RS,none,64
8,6,none,RS,72
8,6,RS,"PC,RS",74
8,6,"PC,RS",none,75
8,6,none,PC,80
8,6,PC,"PC,RS",82
8,6,"PC,RS",PC,83
8,6,PC,"PC,RS",85
8,6,"PC,RS",PC,87
8,6,PC,none,97
8,6,none,PC,106
8,6,PC,none,107
8,6,none,PC,114
8,6,PC,"BW,PC",115
8,6,"BW,PC","BW,HV,RS",116
8,6,"BW,HV,RS","BV,BW,HV,RS",117
8,6,"BV,BW,HV,RS","BV,BW,HV",118
8,6,"BV,BW,HV",RCA,119
8,6,RCA,"AC,RCA",125
8,6,"AC,RCA",RCA,128
8,6,RCA,"AC,RCA",131
8,6,"AC,RCA","AC,BV,BW,HC,RCA",134
8,6,"AC,BV,BW,HC,RCA","AC,BW,RCA",137
8,6,"AC,BW,RCA","AC,BV,BW,HC,HV,RCA",139
8,6,"AC,BV,BW,HC,HV,RCA","AC,BV,BW,HC,HV,RCA,RCL",140
8,6,"AC,BV,BW,HC,HV,RCA,RCL","RCA,RCL",142
8,6,"RCA,RCL",RCA,143
8,6,RCA,"AC,RCA,RCL",145
8,6,"AC,RCA,RCL","AC,BW,HV,RCA,RCL",148
8,6,"AC,BW,HV,RCA,RCL","AC,BV,BW,HC,HV,RCA,RCL",149
8,6,"AC,BV,BW,HC,HV,RCA,RCL","AC,BW,RCA,RCL",151
8,6,"AC,BW,RCA,RCL","AC,BV,BW,HC,HV,RCA,RCL",155
8,6,"AC,BV,BW,HC,HV,RCA,RCL","AC,RCA,RCL",157
8,6,"AC,RCA,RCL","AC,RCA",161
8,6,"AC,RCA","AC,RCA,RCL",164
8,6,"AC,RCA,RCL","AC,BW,RCA,RCL",166
8,6,"AC,BW,RCA,RCL","AC,RCA,RCL",167
8,6,"AC,RCA,RCL","AC,HC,RCA,RCL",169
8,6,"AC,HC,RCA,RCL","AC,RCA,RCL",170
8,6,"AC,RCA,RCL","AC,BW,RCA,RCL",172
8,6,"AC,BW,RCA,RCL","AC,BV,BW,RCA,RCL",173
8,6,"AC,BV,BW,RCA,RCL","AC,BV,BW,HC,RCA,RCL",174
8,6,"AC,BV,BW,HC,RCA,RCL","AC,BW,HC,RCA",176
8,6,"AC,BW,HC,RCA","AC,BW,RCA",177
8,6,"AC,BW,RCA","AC,BV,BW,RCL",179
8,6,"AC,BV,BW,RCL","AC,BV,BW,HC,RCA,RCL",181
8,6,"AC,BV,BW,HC,RCA,RCL","AC,HC,RCA,RCL",183
8,6,"AC,HC,RCA,RCL","AC,HC,RCA",184
8,6,"AC,HC,RCA","AC,RCA",191
8,6,"AC,RCA","AC,HC",193
8,6,"AC,HC",AC,194
8,6,AC,"AC,BW",195
8,6,"AC,BW","AC,BV,BW",196
8,6,"AC,BV,BW","AC,BV,BW,RCL",197
8,6,"AC,BV,BW,RCL","AC,HC,RCA,RCL",198
8,6,"AC,HC,RCA,RCL","AC,RCL",200
8,6,"AC,RCL","RCA,RCL",202
8,6,"RCA,RCL",RCL,203
8,6,RCL,"AC,RCL",204
8,6,"AC,RCL","AC,RCA,RCL",207
8,6,"AC,RCA,RCL","AC,RCL",208
8,6,"AC,RCL",AC,209
8,6,AC,"AC,RCA,RCL",214
8,6,"AC,RCA,RCL","AC,RCL",215
8,6,"AC,RCL","AC,HC,RCL",219
8,6,"AC,HC,RCL","AC,RCL",221
8,6,"AC,RCL","AC,BW",234
8,6,"AC,BW","AC,BV,BW,GC,HV",235
8,6,"AC,BV,BW,GC,HV","AC,BV,GC,HC,HV,RCL",236
8,6,"AC,BV,GC,HC,HV,RCL","AC,HC,HV,RCL",237
8,6,"AC,HC,HV,RCL","AC,HC,RCL",238
8,6,"AC,HC,RCL","AC,GC,HC,HV",246
8,6,"AC,GC,HC,HV","AC,GC,HC",247
8,6,"AC,GC,HC","AC,HC,RCL",249
8,6,"AC,HC,RCL","AC,RCL",254
8,6,"AC,RCL",AC,259
8,6,AC,"AC,RCL",261
8,6,"AC,RCL",AC,267
8,7,RS,none,83
8,7,none,PC,94
8,7,PC,none,95
8,7,none,BW,96
8,7,BW,RS,98
8,7,RS,none,102
8,7,none,BW,106
8,7,BW,"BW,RS",107
8,7,"BW,RS",BW,108
8,7,BW,none,109
8,7,none,RCL,111
8,7,RCL,none,112
8,7,none,RS,113
8,7,RS,"BW,RCL",114
8,7,"BW,RCL",RCL,115
8,7,RCL,none,121
8,7,none,"AC,RCL",218
8,7,"AC,RCL","AC,HC,RCL",219
8,7,"AC,HC,RCL","AC,HC,HV,RCL",220
8,7,"AC,HC,HV,RCL","AC,BW,HC,HV,RCL",223
8,7,"AC,BW,HC,HV,RCL","AC,HC,RCL",224
8,7,"AC,HC,RCL","AC,HC,HV,RCL",227
8,7,"AC,HC,HV,RCL","AC,HC,RCL",229
8,7,"AC,HC,RCL","AC,RCL",234
8,7,"AC,RCL","AC,BW,HC,RCL",238
8,7,"AC,BW,HC,RCL","AC,RCL",239
8,7,"AC,RCL","AC,HC,RCL",241
8,7,"AC,HC,RCL","HC,RCL",252
8,7,"HC,RCL",RCL,253
8,7,RCL,none,284
8,7,none,RCL,286
8,7,RCL,none,297
8,7,none,RCL,299
8,7,RCL,none,302
8,7,none,RCL,305
8,8,"PC,RS",RS,75
8,8,RS,"PC,RS",77
8,8,"PC,RS","PC,PT,RP,RS",81
8,8,"PC,PT,RP,RS","PC,RP,RS",82
8,8,"PC,RP,RS","PC,RP",84
8,8,"PC,RP",none,88
8,8,none,PC,95
8,8,PC,"PC,PT",96
8,8,"PC,PT",PC,97
8,8,PC,"PC,PT",99
8,8,"PC,PT",none,100
8,8,none,RCL,113
8,8,RCL,"BW,RCL",114
8,8,"BW,RCL",RCL,116
8,8,RCL,"PT,RCL",122
8,8,"PT,RCL","AC,RCL",125
8,8,"AC,RCL","AC,BW,RCL",126
8,8,"AC,BW,RCL",RCL,128
8,8,RCL,"AC,RCA,RCL",134
8,8,"AC,RCA,RCL","AC,RCL",135
8,8,"AC,RCL","AC,BW,RCL",138
8,8,"AC,BW,RCL","AC,BV,BW,HC,RCL",139
8,8,"AC,BV,BW,HC,RCL","AC,BV,BW,HC,HV,RCL",140
8,8,"AC,BV,BW,HC,HV,RCL","AC,BV,HC,RCA,RCL",141
8,8,"AC,BV,HC,RCA,RCL","AC,RCL",142
8,8,"AC,RCL","AC,RCA,RCL",144
8,8,"AC,RCA,RCL","AC,RCL",148
8,8,"AC,RCL","AC,RCA,RCL",151
8,8,"AC,RCA,RCL","AC,RCL",153
8,8,"AC,RCL","AC,BW,RCL",155
8,8,"AC,BW,RCL","AC,BV,BW,RCA,RCL",157
8,8,"AC,BV,BW,RCA,RCL","AC,BV,BW,HC,RCA,RCL",158
8,8,"AC,BV,BW,HC,RCA,RCL","AC,RCL",159
8,8,"AC,RCL","AC,RCA,RCL",164
8,8,"AC,RCA,RCL","AC,RCL",165
8,8,"AC,RCL","AC,BW,RCL",166
8,8,"AC,BW,RCL","AC,BV,BW,RCL",167
8,8,"AC,BV,BW,RCL","AC,BV,BW,RCA,RCL",168
8,8,"AC,BV,BW,RCA,RCL","AC,BV,BW,HV,RCA,RCL",169
8,8,"AC,BV,BW,HV,RCA,RCL","AC,RCA,RCL",170
8,8,"AC,RCA,RCL","AC,RCL",174
8,8,"AC,RCL","AC,BW,RCA,RCL",176
8,8,"AC,BW,RCA,RCL","AC,BW,GC,RCA,RCL",177
8,8,"AC,BW,GC,RCA,RCL","AC,RCA,RCL",178
8,8,"AC,RCA,RCL","AC,RCL",179
8,8,"AC,RCL","AC,BW,RCA,RCL",181
8,8,"AC,BW,RCA,RCL","AC,BW,RCL",182
8,8,"AC,BW,RCL","AC,BV,RCL",184
8,8,"AC,BV,RCL","AC,BV,BW,RCL",186
8,8,"AC,BV,BW,RCL","AC,RCL",187
8,8,"AC,RCL","AC,HV,RCL",189
8,8,"AC,HV,RCL","AC,BW,RCL",190
8,8,"AC,BW,RCL","AC,BV,BW,RCL",191
8,8,"AC,BV,BW,RCL","AC,BW,HV,RCL",193
8,8,"AC,BW,HV,RCL","AC,RCL",194
8,8,"AC,RCL","AC,BW,RCL",202
8,8,"AC,BW,RCL","AC,RCL",203
8,8,"AC,RCL","AC,BV,RCL",212
8,8,"AC,BV,RCL","AC,RCL",219
8,8,"AC,RCL","AC,BV,HC,RCL",221
8,8,"AC,BV,HC,RCL","AC,HC,RCL",223
8,8,"AC,HC,RCL","AC,RCL",226
8,8,"AC,RCL","AC,HC,RCL",228
8,8,"AC,HC,RCL","AC,BV,HC,RCL",230
8,8,"AC,BV,HC,RCL","AC,HC,RCL",231
8,8,"AC,HC,RCL","AC,RCL",232
8,8,"AC,RCL","AC,HC,RCL",236
8,8,"AC,HC,RCL","AC,RCL",238
8,8,"AC,RCL","AC,BV,RCL",239
8,8,"AC,BV,RCL","AC,RCL",241
8,8,"AC,RCL","AC,BW,RCL",243
8,8,"AC,BW,RCL","AC,RCL",244
8,8,"AC,RCL","AC,BV,RCL",249
8,8,"AC,BV,RCL","AC,RCL",250
8,8,"AC,RCL",AC,252
8,8,AC,"AC,RCL",255
8,8,"AC,RCL",AC,258
8,8,AC,RS,259
8,8,RS,none,262
8,8,none,GC,263
8,8,GC,"GC,RCL",264
8,8,"GC,RCL",RCL,265
8,8,RCL,"RCL,RS",266
8,8,"RCL,RS",RS,267
8,8,RS,none,279
8,8,none,RS,284
8,9,RS,"BW,RS",84
8,9,"BW,RS",RS,85
8,9,RS,none,86
8,9,none,RS,89
8,9,RS,"PC,RS",101
8,9,"PC,RS","RP,RS",103
8,9,"RP,RS",RS,108
8,9,RS,none,109
8,9,none,RP,111
8,9,RP,"RP,RS",112
8,9,"RP,RS",RP,113
8,9,RP,none,114
8,9,none,BW,121
8,9,BW,none,122
8,9,none,"AC,BW",126
8,9,"AC,BW",RCL,127
8,9,RCL,none,128
8,9,none,"RCL,RS",132
8,9,"RCL,RS",RS,133
8,9,RS,"HV,RS",134
8,9,"HV,RS","HC,RS",135
8,9,"HC,RS","AC,HC,RCL",136
8,9,"AC,HC,RCL","AC,RCL",137
8,9,"AC,RCL","AC,BW,RCL",138
8,9,"AC,BW,RCL","AC,RCL",139
8,9,"AC,RCL","AC,HC,RCL",146
8,9,"AC,HC,RCL","AC,HC,HV,RCL",153
8,9,"AC,HC,HV,RCL","AC,HC,RCL",154
8,9,"AC,HC,RCL","AC,BW,HC,RCL",160
8,9,"AC,BW,HC,RCL","AC,BW",161
8,9,"AC,BW","AC,BV,BW",168
8,9,"AC,BV,BW","AC,BV,BW,HC",170
8,9,"AC,BV,BW,HC","AC,BV,HC",171
8,9,"AC,BV,HC","AC,HC",172
8,9,"AC,HC",AC,173
8,9,AC,"AC,RCL",174
8,9,"AC,RCL","AC,HC,HV,RCL",188
8,9,"AC,HC,HV,RCL","AC,RCL",189
8,9,"AC,RCL","AC,HC,RCL",209
8,9,"AC,HC,RCL","AC,RCL",218
8,9,"AC,RCL","AC,HC",220
8,9,"AC,HC",AC,221
8,9,AC,"AC,RCL",225
8,9,"AC,RCL",AC,226
8,9,AC,"AC,BV",229
8,9,"AC,BV","AC,RCL",230
8,9,"AC,RCL",RCL,232
8,9,RCL,AC,234
8,9,AC,none,238
8,9,none,"AC,RCL",240
8,9,"AC,RCL",AC,242
8,9,AC,"AC,RCL",245
8,9,"AC,RCL",RCL,251
8,9,RCL,"AC,RCL",253
8,9,"AC,RCL",RCL,256
8,9,RCL,none,264
8,9,none,RCL,266
8,9,RCL,"RCL,RS",269
8,9,"RCL,RS",RS,271
8,9,RS,none,274
8,9,none,RS,276
8,9,RS,none,277
8,9,none,HV,279
8,9,HV,RS,280
8,9,RS,none,282
8,9,none,"HV,RS",286
8,9,"HV,RS",none,287
8,9,none,HV,297
8,9,HV,none,298
8,9,none,PT,362
8,10,PT,none,5
8,10,none,PT,9
8,10,PT,none,12
8,10,none,PT,19
8,10,PT,none,20
8,10,none,PT,28
8,10,PT,none,31
8,10,none,PT,44
8,10,PT,none,49
8,10,none,PT,56
8,10,PT,none,68
8,10,none,PT,71
8,10,PT,"PT,RP",78
8,10,"PT,RP","PT,RP,RS",79
8,10,"PT,RP,RS",PT,80
8,10,PT,"PT,RP",83
8,10,"PT,RP","PC,PT,RP",93
8,10,"PC,PT,RP","PC,PT",94
8,10,"PC,PT",PT,95
8,10,PT,none,102
8,10,none,PC,104
8,10,PC,none,106
8,10,none,PC,108
8,10,PC,none,109
8,10,none,PT,110
8,10,PT,PC,113
8,10,PC,"BW,PC",117
8,10,"BW,PC","BW,RS",121
8,10,"BW,RS",BW,122
8,10,BW,none,124
8,10,none,RS,128
8,10,RS,none,129
8,10,none,RCL,132
8,10,RCL,none,135
8,10,none,"BW,RCL,RS",138
8,10,"BW,RCL,RS","BV,BW,RCL,RS",139
8,10,"BV,BW,RCL,RS","BV,BW,HV,RCL,RS",140
8,10,"BV,BW,HV,RCL,RS","RCL,RS",141
8,10,"RCL,RS","HC,RCL,RS",143
8,10,"HC,RCL,RS","RCL,RS",144
8,10,"RCL,RS","BV,BW,HC,RCL,RS",146
8,10,"BV,BW,HC,RCL,RS","AC,BV,HC,RCL,RS",148
8,10,"AC,BV,HC,RCL,RS","AC,HC,RCL,RS",149
8,10,"AC,HC,RCL,RS","AC,BV,BW,HC,RCL,RS",153
8,10,"AC,BV,BW,HC,RCL,RS","AC,RCL,RS",155
8,10,"AC,RCL,RS","AC,BV,BW,HC,RCL,RS",157
8,10,"AC,BV,BW,HC,RCL,RS","AC,BV,BW,HC,HV,RCL,RS",160
8,10,"AC,BV,BW,HC,HV,RCL,RS","AC,BW,HC,HV,RCL,RS",161
8,10,"AC,BW,HC,HV,RCL,RS","AC,BV,BW,HC,HV,RCL,RS",165
8,10,"AC,BV,BW,HC,HV,RCL,RS","AC,BV,GC,HC,HV,RCL,RS",167
8,10,"AC,BV,GC,HC,HV,RCL,RS","AC,HC,RCL,RS",169
8,10,"AC,HC,RCL,RS","AC,BV,HC,RCL,RS",171
8,10,"AC,BV,HC,RCL,RS","AC,BV,BW,HC,RCL,RS",172
8,10,"AC,BV,BW,HC,RCL,RS","AC,BV,BW,HC,RCL",174
8,10,"AC,BV,BW,HC,RCL","AC,BV,BW,GC,HC,RCL",175
8,10,"AC,BV,BW,GC,HC,RCL","AC,HC,RCL",176
8,10,"AC,HC,RCL","AC,RCL",177
8,10,"AC,RCL","AC,HC,RCL",179
8,10,"AC,HC,RCL","AC,RCL,RS",181
8,10,"AC,RCL,RS","AC,BW,RCL",182
8,10,"AC,BW,RCL","AC,BV,BW,HC,RCL",183
8,10,"AC,BV,BW,HC,RCL","AC,BW,HC,RCL",185
8,10,"AC,BW,HC,RCL","AC,BW,RCL",186
8,10,"AC,BW,RCL","AC,BV,BW,HC,RCL",188
8,10,"AC,BV,BW,HC,RCL","AC,BV,GC,HC,RCL",189
8,10,"AC,BV,GC,HC,RCL","AC,HC,RCL",190
8,10,"AC,HC,RCL","AC,RCL",201
8,10,"AC,RCL","AC,HC,RCL",203
8,10,"AC,HC,RCL","AC,RCL",206
8,10,"AC,RCL","AC,BV,BW,GC,HV,RCL",210
8,10,"AC,BV,BW,GC,HV,RCL","AC,BV,BW,HC,HV,RCL",212
8,10,"AC,BV,BW,HC,HV,RCL","AC,BV,HC,HV,RCL",213
8,10,"AC,BV,HC,HV,RCL","AC,HV,RCL",214
8,10,"AC,HV,RCL","AC,BW,HV,RCL",215
8,10,"AC,BW,HV,RCL","AC,HC,HV,RCL",216
8,10,"AC,HC,HV,RCL","AC,HC,RCL",217
8,10,"AC,HC,RCL","AC,RCL",233
8,10,"AC,RCL","AC,BW,HV,RCL",234
8,10,"AC,BW,HV,RCL","AC,BV,RCL",235
8,10,"AC,BV,RCL","AC,BV,HC,RCL",237
8,10,"AC,BV,HC,RCL","AC,HC,RCL",238
8,10,"AC,HC,RCL","AC,RCL",244
8,10,"AC,RCL","HC,RCL",246
8,10,"HC,RCL","AC,HC,RCL",251
8,10,"AC,HC,RCL","HC,RCL",252
8,10,"HC,RCL",RCL,254
8,10,RCL,"HV,RCL",255
8,10,"HV,RCL",RCL,256
8,10,RCL,none,282
8,10,none,RS,332
8,11,PT,none,48
8,11,none,PT,52
8,11,PT,none,60
8,11,none,PT,63
8,11,PT,none,65
8,11,none,PT,72
8,11,PT,none,73
8,11,none,RS,77
8,11,RS,PT,78
8,11,PT,none,79
8,11,none,RS,86
8,11,RS,none,96
8,11,none,RS,98
8,11,RS,none,99
8,11,none,RS,104
8,11,RS,none,105
8,11,none,"BW,RCL",119
8,11,"BW,RCL",AC,120
8,11,AC,none,121
8,11,none,RCL,124
8,11,RCL,"AC,BW,RCL",125
8,11,"AC,BW,RCL","AC,RCL",128
8,11,"AC,RCL","AC,BW,RCL",131
8,11,"AC,BW,RCL","AC,RCL",132
8,11,"AC,RCL","AC,BW,RCL",135
8,11,"AC,BW,RCL","AC,BV,BW,HC,RCL",136
8,11,"AC,BV,BW,HC,RCL","AC,HC,RCL",138
8,11,"AC,HC,RCL","AC,RCL",142
8,11,"AC,RCL","AC,BV,BW,RCL",143
8,11,"AC,BV,BW,RCL","AC,BW,RCL",144
8,11,"AC,BW,RCL","AC,RCL",145
8,11,"AC,RCL","AC,BV,BW,RCL",147
8,11,"AC,BV,BW,RCL","AC,RCL",149
8,11,"AC,RCL","AC,BW,HC,RCL",154
8,11,"AC,BW,HC,RCL","AC,BV,BW,HC,RCL",155
8,11,"AC,BV,BW,HC,RCL","AC,BV,BW,RCL",156
8,11,"AC,BV,BW,RCL","AC,BV,RCL",157
8,11,"AC,BV,RCL","AC,RCL",158
8,11,"AC,RCL","AC,BV,RCL",165
8,11,"AC,BV,RCL","AC,BV,BW,HC,RCL",166
8,11,"AC,BV,BW,HC,RCL","AC,BV,BW,RCL",167
8,11,"AC,BV,BW,RCL","AC,BV,BW,GC,HC,RCL",169
8,11,"AC,BV,BW,GC,HC,RCL","AC,BV,GC,HC,RCL",170
8,11,"AC,BV,GC,HC,RCL","AC,GC,HC,RCL",171
8,11,"AC,GC,HC,RCL","AC,RCL",172
8,11,"AC,RCL","AC,HC,RCL",174
8,11,"AC,HC,RCL","AC,RCL",177
8,11,"AC,RCL","AC,HC,RCL",179
8,11,"AC,HC,RCL","AC,RCL",180
8,11,"AC,RCL","AC,BV,RCL",181
8,11,"AC,BV,RCL","AC,BV,HC",182
8,11,"AC,BV,HC",AC,183
8,11,AC,"AC,RCL",184
8,11,"AC,RCL",AC,185
8,11,AC,"AC,HC",192
8,11,"AC,HC",AC,199
8,11,AC,"AC,RCL",201
8,11,"AC,RCL","AC,HC,RCL",202
8,11,"AC,HC,RCL","AC,RCL",204
8,11,"AC,RCL","AC,GC,RCL",206
8,11,"AC,GC,RCL","AC,RCL",207
8,11,"AC,RCL",RCL,208
8,11,RCL,none,211
8,11,none,AC,213
8,11,AC,"AC,HC",218
8,11,"AC,HC",AC,219
8,11,AC,none,239
8,11,none,RCL,263
8,12,RS,none,63
8,12,none,RS,66
8,12,RS,none,70
8,12,none,RS,75
8,12,RS,none,82
8,12,none,PT,95
8,12,PT,"BW,PT",100
8,12,"BW,PT",PT,101
8,12,PT,none,109
8,12,none,RS,112
8,12,RS,BW,113
8,12,BW,"BV,BW",114
8,12,"BV,BW","BV,BW,PT",116
8,12,"BV,BW,PT","BV,BW,HV",117
8,12,"BV,BW,HV","BV,BW,RCL",118
8,12,"BV,BW,RCL","BV,BW,PT,RCL",120
8,12,"BV,BW,PT,RCL",RCL,123
8,12,RCL,"BV,BW,RCL",125
8,12,"BV,BW,RCL","BV,BW,HV,RCL",128
8,12,"BV,BW,HV,RCL","AC,BV,BW,GC,HV,RCL",129
8,12,"AC,BV,BW,GC,HV,RCL","AC,BV,GC,RCL",130
8,12,"AC,BV,GC,RCL","AC,BV,GC,HC,RCL",131
8,12,"AC,BV,GC,HC,RCL","GC,RCL",132
8,12,"GC,RCL",RCL,133
8,12,RCL,none,136
8,12,none,AC,137
8,12,AC,none,138
8,12,none,AC,140
8,12,AC,"AC,HC",142
8,12,"AC,HC","AC,BV,BW",143
8,12,"AC,BV,BW","AC,BV,BW,HV",144
8,12,"AC,BV,BW,HV","AC,BV,BW,HC",145
8,12,"AC,BV,BW,HC","AC,BV,BW,GC,HC",148
8,12,"AC,BV,BW,GC,HC","AC,GC,HC",154
8,12,"AC,GC,HC",AC,156
8,12,AC,"AC,BW",160
8,12,"AC,BW","AC,BV,BW,GC,HC,HV",161
8,12,"AC,BV,BW,GC,HC,HV","AC,BV,BW,GC,HC",162
8,12,"AC,BV,BW,GC,HC","AC,GC,HC,RCL",163
8,12,"AC,GC,HC,RCL","AC,HC,RCL",165
8,12,"AC,HC,RCL","AC,HC",167
8,12,"AC,HC","AC,GC,HC",169
8,12,"AC,GC,HC","AC,BW,GC,HC",175
8,12,"AC,BW,GC,HC","AC,BV,BW,GC,HC",177
8,12,"AC,BV,BW,GC,HC","AC,BV,GC,HC",179
8,12,"AC,BV,GC,HC","AC,BV,HC",180
8,12,"AC,BV,HC","AC,BV,BW,HC,RCL",181
8,12,"AC,BV,BW,HC,RCL","AC,BV,HC,RCL",183
8,12,"AC,BV,HC,RCL","AC,HC,RCL",184
8,12,"AC,HC,RCL","AC,GC,HC,RCL",188
8,12,"AC,GC,HC,RCL","AC,HC,RCL",191
8,12,"AC,HC,RCL","AC,BV,BW,GC,HC,RCL",193
8,12,"AC,BV,BW,GC,HC,RCL","AC,BV,GC,HC,RCL",195
8,12,"AC,BV,GC,HC,RCL","AC,GC,HC,RCL",198
8,12,"AC,GC,HC,RCL","AC,HC,RCL",207
8,12,"AC,HC,RCL","AC,BV,HC,RCL",211
8,12,"AC,BV,HC,RCL","AC,HC,RCL",212
8,12,"AC,HC,RCL","AC,BV,GC,HC,RCL",217
8,12,"AC,BV,GC,HC,RCL","AC,GC,HC,RCL",221
8,12,"AC,GC,HC,RCL","AC,BW,GC,HC,RCL",231
8,12,"AC,BW,GC,HC,RCL","AC,GC,HC,RCL",232
8,12,"AC,GC,HC,RCL","AC,HC,RCL",238
8,12,"AC,HC,RCL","AC,BV,HC,RCL",239
8,12,"AC,BV,HC,RCL","AC,HC,RCL",241
8,12,"AC,HC,RCL","AC,RCL",261
8,12,"AC,RCL",RCL,270
8,12,RCL,"AC,RCL",272
8,12,"AC,RCL",RCL,273
8,12,RCL,none,281
8,12,none,RS,301
8,13,PT,none,40
8,13,none,PT,48
8,13,PT,none,49
8,13,none,RS,50
8,13,RS,none,51
8,13,none,PT,57
8,13,PT,none,58
8,13,none,PT,62
8,13,PT,none,64
8,13,none,RS,65
8,13,RS,none,68
8,13,none,"RCL,RS",103
8,13,"RCL,RS",RS,104
8,13,RS,none,105
8,13,none,PC,106
8,13,PC,none,107
8,13,none,RCL,125
8,13,RCL,BW,126
8,13,BW,none,127
8,13,none,AC,131
8,13,AC,"AC,BW,RCL",132
8,13,"AC,BW,RCL","AC,BV,BW,RCA",133
8,13,"AC,BV,BW,RCA",AC,134
8,13,AC,none,136
8,13,none,AC,138
8,13,AC,"AC,RCL",141
8,13,"AC,RCL","AC,HC,RCL",143
8,13,"AC,HC,RCL","AC,HC,RCL,RS",144
8,13,"AC,HC,RCL,RS","AC,BW,HC,RCL",145
8,13,"AC,BW,HC,RCL","AC,RCL",146
8,13,"AC,RCL","AC,HC,RCL",148
8,13,"AC,HC,RCL","AC,RCL",149
8,13,"AC,RCL","AC,BW,RCL",154
8,13,"AC,BW,RCL","AC,BV,BW,HC,RCL",155
8,13,"AC,BV,BW,HC,RCL","AC,RCL",159
8,13,"AC,RCL","AC,BV,HC,RCL",163
8,13,"AC,BV,HC,RCL","AC,BV,BW,HC,RCL",164
8,13,"AC,BV,BW,HC,RCL","AC,BV,HC,RCL",166
8,13,"AC,BV,HC,RCL","AC,HC,RCL",167
8,13,"AC,HC,RCL","AC,BW,HC,RCL",169
8,13,"AC,BW,HC,RCL","AC,HC,RCL",170
8,13,"AC,HC,RCL","AC,BV,HC,RCL",173
8,13,"AC,BV,HC,RCL","AC,HC,RCL",174
8,13,"AC,HC,RCL","AC,BV,BW,HC,RCL",178
8,13,"AC,BV,BW,HC,RCL","AC,BV,BW,GC,HC,RCL",180
8,13,"AC,BV,BW,GC,HC,RCL","AC,BV,BW,GC,HC,HV,RCL",181
8,13,"AC,BV,BW,GC,HC,HV,RCL","AC,BV,GC,HC,RCL",182
8,13,"AC,BV,GC,HC,RCL","AC,GC,HC,RCL",183
8,13,"AC,GC,HC,RCL","AC,GC,RCL",184
8,13,"AC,GC,RCL","AC,HC,RCL",186
8,13,"AC,HC,RCL","AC,GC,HC,RCL",194
8,13,"AC,GC,HC,RCL","AC,HC,RCL",195
8,13,"AC,HC,RCL","AC,GC,HC,RCL",198
8,13,"AC,GC,HC,RCL","AC,HC,RCL",199
8,13,"AC,HC,RCL","AC,RCL",221
8,13,"AC,RCL","AC,HC,RCL",224
8,13,"AC,HC,RCL","HC,RCL",241
8,13,"HC,RCL",RCL,242
8,13,RCL,"AC,RCL",245
8,13,"AC,RCL",AC,248
8,13,AC,none,252
8,13,none,RCL,263
8,13,RCL,none,269
8,13,none,RCL,273
8,14,PT,none,42
8,14,none,BW,107
8,14,BW,none,109
8,14,none,BW,118
8,14,BW,none,120
8,14,none,BW,127
8,14,BW,RCL,130
8,14,RCL,none,131
8,14,none,"AC,RCL",135
8,14,"AC,RCL","AC,HC,RCL",140
8,14,"AC,HC,RCL","AC,RCL",141
8,14,"AC,RCL","AC,HC,RCL",143
8,14,"AC,HC,RCL","AC,BV,BW,HC,RCL",144
8,14,"AC,BV,BW,HC,RCL","AC,BW,HC,RCL",145
8,14,"AC,BW,HC,RCL","AC,BW,RCL",146
8,14,"AC,BW,RCL","AC,RCL",147
8,14,"AC,RCL","AC,BW,RCL",150
8,14,"AC,BW,RCL","AC,BW,HC,RCL",151
8,14,"AC,BW,HC,RCL","AC,BV,BW,HC,HV,RCL",152
8,14,"AC,BV,BW,HC,HV,RCL","AC,BV,BW,HV,RCL",155
8,14,"AC,BV,BW,HV,RCL","AC,BV,BW,HC,HV,RCL",157
8,14,"AC,BV,BW,HC,HV,RCL","AC,RCL",159
8,14,"AC,RCL",RCL,160
8,14,RCL,"AC,BW,RCL",162
8,14,"AC,BW,RCL","AC,BV,BW,GC,RCL",163
8,14,"AC,BV,BW,GC,RCL","AC,BV,BW,GC,HC,RCL",164
8,14,"AC,BV,BW,GC,HC,RCL","AC,BV,BW,HC,RCL",165
8,14,"AC,BV,BW,HC,RCL","AC,BV,BW,GC,HC,RCL",167
8,14,"AC,BV,BW,GC,HC,RCL","AC,BW,GC,HC,RCL",169
8,14,"AC,BW,GC,HC,RCL","AC,BW,RCL",173
8,14,"AC,BW,RCL","AC,BV,BW,GC,RCL",175
8,14,"AC,BV,BW,GC,RCL","AC,BV,BW,GC,HC,RCL",176
8,14,"AC,BV,BW,GC,HC,RCL","AC,BV,GC,HC,RCL",178
8,14,"AC,BV,GC,HC,RCL","AC,BV,GC,HC,HV,RCL",179
8,14,"AC,BV,GC,HC,HV,RCL","AC,BV,BW,GC,HC,RCL",180
8,14,"AC,BV,BW,GC,HC,RCL","AC,BW,GC,HC,RCL",183
8,14,"AC,BW,GC,HC,RCL","AC,BV,BW,HC,RCL",186
8,14,"AC,BV,BW,HC,RCL","AC,BV,BW,HC,HV,RCL",187
8,14,"AC,BV,BW,HC,HV,RCL","AC,BV,BW,GC,HC,RCL",188
8,14,"AC,BV,BW,GC,HC,RCL","AC,BV,GC,HC,RCL",190
8,14,"AC,BV,GC,HC,RCL","AC,GC,HC,HV,RCA,RCL",191
8,14,"AC,GC,HC,HV,RCA,RCL","AC,GC,HC,RCL",192
8,14,"AC,GC,HC,RCL","AC,GC,HC,RCA,RCL",194
8,14,"AC,GC,HC,RCA,RCL","AC,BW,GC,HC,RCL",195
8,14,"AC,BW,GC,HC,RCL","AC,BW,GC,HC,HV,RCL",196
8,14,"AC,BW,GC,HC,HV,RCL","AC,BW,GC,HC,RCA,RCL",198
8,14,"AC,BW,GC,HC,RCA,RCL","AC,BW,RCL",200
8,14,"AC,BW,RCL","AC,RCL",203
8,14,"AC,RCL","AC,HC,RCL",204
8,14,"AC,HC,RCL","AC,BV,HC,RCL",205
8,14,"AC,BV,HC,RCL","AC,BV,BW,HC,RCL",206
8,14,"AC,BV,BW,HC,RCL","AC,BV,HC,RCL",207
8,14,"AC,BV,HC,RCL","AC,HC,RCL",208
8,14,"AC,HC,RCL","AC,RCL",211
8,14,"AC,RCL","AC,BV,BW,GC,HV,RCL",212
8,14,"AC,BV,BW,GC,HV,RCL","AC,GC,HC,RCL",213
8,14,"AC,GC,HC,RCL","AC,HC,RCL",216
8,14,"AC,HC,RCL","AC,RCL",223
8,14,"AC,RCL","AC,GC,HV,RCL",226
8,14,"AC,GC,HV,RCL","AC,GC,RCL",227
8,14,"AC,GC,RCL","AC,BV,GC,RCL",228
8,14,"AC,BV,GC,RCL","AC,GC,RCL",229
8,14,"AC,GC,RCL","AC,RCL",231
8,14,"AC,RCL",RCL,248
8,14,RCL,"AC,RCL",250
8,14,"AC,RCL",RCL,253
8,14,RCL,"AC,RCL",255
8,14,"AC,RCL",RCL,256
8,14,RCL,none,268
8,14,none,RS,280
8,15,RS,none,68
8,15,none,RS,79
8,15,RS,none,81
8,15,none,RS,87
8,15,RS,none,91
8,15,none,RS,93
8,15,RS,none,95
8,15,none,RP,98
8,15,RP,"RP,RS",99
8,15,"RP,RS",none,100
8,15,none,RS,103
8,15,RS,none,104
8,15,none,RCL,119
8,15,RCL,"BW,RCL",124
8,15,"BW,RCL",RCL,125
8,15,RCL,"AC,RCL",126
8,15,"AC,RCL",RCL,127
8,15,RCL,"AC,RCL",130
8,15,"AC,RCL",RCL,131
8,15,RCL,"AC,BV,BW,RCL",134
8,15,"AC,BV,BW,RCL","AC,BV,BW,HV,RCL",135
8,15,"AC,BV,BW,HV,RCL","AC,RCL",136
8,15,"AC,RCL",RCL,137
8,15,RCL,"AC,RCL",139
8,15,"AC,RCL",RCL,145
8,15,RCL,"AC,RCL",147
8,15,"AC,RCL","AC,BW,RCL",149
8,15,"AC,BW,RCL","AC,BV,BW,RCL",150
8,15,"AC,BV,BW,RCL","AC,BV,BW,HV,RCL",151
8,15,"AC,BV,BW,HV,RCL","AC,HV,RCL",153
8,15,"AC,HV,RCL","AC,RCL",154
8,15,"AC,RCL","AC,BV,BW,RCL",161
8,15,"AC,BV,BW,RCL","AC,BV,BW,HV,RCL",162
8,15,"AC,BV,BW,HV,RCL","AC,BV,BW,GC,HC,RCA,RCL",163
8,15,"AC,BV,BW,GC,HC,RCA,RCL","AC,BV,BW,HC,RCA,RCL",164
8,15,"AC,BV,BW,HC,RCA,RCL","AC,BV,BW,HC,RCL,RS",165
8,15,"AC,BV,BW,HC,RCL,RS","AC,BV,BW,HC,RCL",166
8,15,"AC,BV,BW,HC,RCL","AC,BV,GC,HC,HV,RCL",167
8,15,"AC,BV,GC,HC,HV,RCL","AC,BV,RCL",168
8,15,"AC,BV,RCL","AC,BV,RCA,RCL",169
8,15,"AC,BV,RCA,RCL","AC,BV,GC,HC,HV,RCA,RCL",170
8,15,"AC,BV,GC,HC,HV,RCA,RCL","AC,BV,BW,RCL",171
8,15,"AC,BV,BW,RCL","AC,BV,BW,GC,HC,HV,RCA,RCL",173
8,15,"AC,BV,BW,GC,HC,HV,RCA,RCL","AC,BV,GC,HC,HV,RCA,RCL",176
8,15,"AC,BV,GC,HC,HV,RCA,RCL","AC,HV,RCL",177
8,15,"AC,HV,RCL","AC,RCL",178
8,15,"AC,RCL","AC,HC,RCL",179
8,15,"AC,HC,RCL","AC,HC,RCA,RCL",180
8,15,"AC,HC,RCA,RCL","AC,HC,RCL",181
8,15,"AC,HC,RCL","AC,RCL",187
8,15,"AC,RCL","AC,HC,RCL",189
8,15,"AC,HC,RCL","AC,RCL",190
8,15,"AC,RCL",RCL,264
8,15,RCL,"RCL,RS",265
8,15,"RCL,RS",RCL,266
8,15,RCL,none,275
8,15,none,RCL,296
8,15,RCL,none,297
8,15,none,RCL,299
8,16,RP,none,89
8,16,none,"RP,RS",95
8,16,"RP,RS",RS,96
8,16,RS,none,99
8,16,none,AC,117
8,16,AC,none,119
8,16,none,AC,121
8,16,AC,none,124
8,16,none,AC,126
8,16,AC,"AC,BV,BW,HV,PT",136
8,16,"AC,BV,BW,HV,PT","AC,BV,BW,HV",137
8,16,"AC,BV,BW,HV","AC,BV",138
8,16,"AC,BV","AC,RCL",140
8,16,"AC,RCL","AC,BV,BW,HV,RCL",143
8,16,"AC,BV,BW,HV,RCL","AC,BV,BW,RCL",144
8,16,"AC,BV,BW,RCL","AC,RCL",145
8,16,"AC,RCL","AC,BV,BW,GC,HV,RCL",148
8,16,"AC,BV,BW,GC,HV,RCL","AC,GC,RCL",149
8,16,"AC,GC,RCL","AC,RCL",150
8,16,"AC,RCL",AC,167
8,16,AC,"AC,RCL",169
8,16,"AC,RCL","AC,BW,HV,RCL",174
8,16,"AC,BW,HV,RCL","AC,HV,RCL",175
8,16,"AC,HV,RCL","AC,BV,GC,HV,RCL",176
8,16,"AC,BV,GC,HV,RCL","AC,GC,RCL",179
8,16,"AC,GC,RCL","AC,RCL",180
8,16,"AC,RCL","AC,HV,RCL",182
8,16,"AC,HV,RCL","AC,RCL",183
8,16,"AC,RCL","AC,HV,RCL",185
8,16,"AC,HV,RCL","AC,RCL",187
8,16,"AC,RCL",AC,221
8,16,AC,"AC,RCL",224
8,16,"AC,RCL",AC,227
8,16,AC,none,255
8,16,none,RCL,263
8,16,RCL,none,271
8,16,none,RCL,273
8,16,RCL,none,274
8,16,none,RCL,282
8,16,RCL,none,284
8,16,none,RCL,300
8,17,PT,none,48
8,17,none,RS,62
8,17,RS,none,65
8,17,none,RS,70
8,17,RS,none,71
8,17,none,RS,75
8,17,RS,"PT,RS",78
8,17,"PT,RS",RS,80
8,17,RS,none,81
8,17,none,RS,84
8,17,RS,none,87
8,17,none,"AC,RCL",135
8,17,"AC,RCL",none,139
8,17,none,AC,141
8,17,AC,"AC,RCL",142
8,17,"AC,RCL","AC,BW,RCL",145
8,17,"AC,BW,RCL","AC,RCL",146
8,17,"AC,RCL",RCL,151
8,17,RCL,"AC,RCL",153
8,17,"AC,RCL","AC,GC,RCL",173
8,17,"AC,GC,RCL","BV,GC,RCL",176
8,17,"BV,GC,RCL","AC,GC,RCL",178
8,17,"AC,GC,RCL","AC,RCL",180
8,17,"AC,RCL","AC,GC,RCL",184
8,17,"AC,GC,RCL","GC,RCL",185
8,17,"GC,RCL",RCL,186
8,17,RCL,"AC,GC,RCL",191
8,17,"AC,GC,RCL","AC,RCL",192
8,17,"AC,RCL",RCL,199
8,17,RCL,"AC,RCL",201
8,17,"AC,RCL",RCL,214
8,17,RCL,"AC,RCL",216
8,17,"AC,RCL",RCL,245
8,17,RCL,none,265
8,17,none,"RCA,RS",269
8,17,"RCA,RS",RCL,270
8,18,RS,none,38
8,18,none,RS,47
8,18,RS,none,49
8,18,none,RS,54
8,18,RS,none,55
8,18,none,RS,63
8,18,RS,none,69
8,18,none,RS,71
8,18,RS,"RP,RS",81
8,18,"RP,RS",RP,83
8,18,RP,"RP,RS",86
8,18,"RP,RS",RP,87
8,18,RP,none,91
8,18,none,BW,103
8,18,BW,"BW,PT,RS",104
8,18,"BW,PT,RS",RS,105
8,18,RS,none,106
8,18,none,PT,114
8,18,PT,none,116
8,18,none,BW,118
8,18,BW,"BV,BW",119
8,18,"BV,BW",none,120
8,18,none,RCL,129
8,18,RCL,"AC,BW,RCL",159
8,18,"AC,BW,RCL","AC,BV,BW,RCL",160
8,18,"AC,BV,BW,RCL","AC,RCL",163
8,18,"AC,RCL","AC,BW,RCL",169
8,18,"AC,BW,RCL","AC,BV,BW,RCL",170
8,18,"AC,BV,BW,RCL","AC,RCL",172
8,18,"AC,RCL",AC,180
8,18,AC,"AC,RCL",183
8,18,"AC,RCL",AC,184
8,18,AC,"AC,RCL",187
8,18,"AC,RCL",AC,195
8,18,AC,"AC,RCL",199
8,18,"AC,RCL",RCL,221
8,18,RCL,"AC,RCL",223
8,18,"AC,RCL",RCL,229
8,18,RCL,"AC,RCL",237
8,18,"AC,RCL",RCL,254
8,18,RCL,"AC,RCL",256
8,18,"AC,RCL",AC,260
8,18,AC,none,263
8,18,none,AC,265
8,18,AC,"AC,RCL",266
8,18,"AC,RCL",AC,267
8,18,AC,none,268
8,18,none,RCL,269
8,18,RCL,none,270
8,18,none,RS,294
8,19,BW,none,112
8,19,none,BW,115
8,19,BW,none,116
8,19,none,BW,121
8,19,BW,none,123
8,19,none,BW,127
8,19,BW,none,128
8,19,none,RCL,132
8,19,RCL,"BW,RCL",133
8,19,"BW,RCL",RCL,135
8,19,RCL,"AC,BW,HV,RCL",138
8,19,"AC,BW,HV,RCL","AC,BW,RCL",139
8,19,"AC,BW,RCL","AC,BW,HV,RCL",142
8,19,"AC,BW,HV,RCL","AC,RCL",143
8,19,"AC,RCL","AC,BV,BW,RCL",146
8,19,"AC,BV,BW,RCL","AC,BV,BW,HC,RCL",148
8,19,"AC,BV,BW,HC,RCL","AC,BW,RCL",149
8,19,"AC,BW,RCL","AC,BW,HV,RCL",150
8,19,"AC,BW,HV,RCL","AC,BV,BW,HC,HV,RCL",152
8,19,"AC,BV,BW,HC,HV,RCL","AC,BV,BW,HV,RCL",153
8,19,"AC,BV,BW,HV,RCL","AC,HV,RCL",154
8,19,"AC,HV,RCL","AC,HC,HV,RCL",156
8,19,"AC,HC,HV,RCL","AC,HV,RCL",157
8,19,"AC,HV,RCL","AC,HC,HV,RCL",161
8,19,"AC,HC,HV,RCL","AC,BV,HC,HV,RCL",162
8,19,"AC,BV,HC,HV,RCL","AC,BW,HC,HV,RCL",163
8,19,"AC,BW,HC,HV,RCL","AC,HC,HV,RCL",164
8,19,"AC,HC,HV,RCL","AC,HC,RCL",167
8,19,"AC,HC,RCL","AC,BV,HC,RCL",168
8,19,"AC,BV,HC,RCL","AC,BV,BW,HC,RCL",169
8,19,"AC,BV,BW,HC,RCL","AC,BW,HC,RCL",170
8,19,"AC,BW,HC,RCL","AC,GC,HC,RCL",171
8,19,"AC,GC,HC,RCL","AC,GC,RCL",173
8,19,"AC,GC,RCL","AC,BV,RCL",174
8,19,"AC,BV,RCL","AC,BV,HC,RCL",175
8,19,"AC,BV,HC,RCL","AC,GC,RCL",177
8,19,"AC,GC,RCL","AC,RCL",185
8,19,"AC,RCL","AC,HC,RCL",194
8,19,"AC,HC,RCL","AC,BV,BW,GC,HC,RCL",195
8,19,"AC,BV,BW,GC,HC,RCL","AC,BV,GC,HC,HV,RCL",196
8,19,"AC,BV,GC,HC,HV,RCL","AC,BV,GC,RCL",197
8,19,"AC,BV,GC,RCL","AC,GC,RCL",198
8,19,"AC,GC,RCL","AC,GC,HV,RCL",201
8,19,"AC,GC,HV,RCL","AC,RCL",202
8,19,"AC,RCL","AC,GC,RCL",206
8,19,"AC,GC,RCL","AC,RCL",207
8,19,"AC,RCL","AC,GC,RCL",210
8,19,"AC,GC,RCL","AC,RCL",211
8,19,"AC,RCL",RCL,247
8,19,RCL,"AC,RCL",250
8,19,"AC,RCL",RCL,251
8,19,RCL,"AC,RCL",254
8,19,"AC,RCL",AC,256
8,19,AC,"AC,RCL",259
8,19,"AC,RCL",RCL,267
8,19,RCL,none,277
8,19,none,RCL,294
8,19,RCL,none,295
8,19,none,RS,300
8,20,RS,none,63
8,20,none,RS,68
8,20,RS,none,93
8,20,none,RS,96
8,20,RS,none,97
8,20,none,RCL,111
8,20,RCL,"AC,RCL",124
8,20,"AC,RCL","AC,BW,RCL",138
8,20,"AC,BW,RCL","AC,BV,RCL",140
8,20,"AC,BV,RCL","AC,RCL",141
8,20,"AC,RCL","AC,HC,RCL",146
8,20,"AC,HC,RCL","AC,RCL",147
8,20,"AC,RCL","AC,HV,RCL",149
8,20,"AC,HV,RCL","AC,BW,RCL",150
8,20,"AC,BW,RCL","AC,RCL",151
8,20,"AC,RCL","AC,BV,RCL",181
8,20,"AC,BV,RCL","AC,BV,GC,RCL",182
8,20,"AC,BV,GC,RCL","AC,BV,RCL",183
8,20,"AC,BV,RCL","AC,RCL",184
8,20,"AC,RCL","AC,BV,RCL",203
8,20,"AC,BV,RCL","AC,RCL",206
8,20,"AC,RCL","AC,HC,RCL",210
8,20,"AC,HC,RCL","AC,RCL",211
8,20,"AC,RCL","AC,RCL,RS",214
8,20,"AC,RCL,RS","AC,RCL",215
8,20,"AC,RCL",RCL,249
8,21,RS,none,53
8,21,none,RS,57
8,21,RS,none,69
8,21,none,RS,79
8,21,RS,"RP,RS",84
8,21,"RP,RS",RS,87
8,21,RS,"RP,RS",89
8,21,"RP,RS",RS,91
8,21,RS,"RP,RS",93
8,21,"RP,RS",RS,94
8,21,RS,none,97
8,21,none,RP,98
8,21,RP,none,99
8,21,none,RP,101
8,21,RP,none,103
8,21,none,BW,123
8,21,BW,none,124
8,21,none,AC,129
8,21,AC,none,130
8,21,none,"BV,BW",141
8,21,"BV,BW","AC,BV,BW",142
8,21,"AC,BV,BW","AC,BV,BW,HV",144
8,21,"AC,BV,BW,HV","AC,BW,HV",146
8,21,"AC,BW,HV",BW,147
8,21,BW,"BV,BW,HV",149
8,21,"BV,BW,HV","AC,BV,BW,GC,HC,HV,RCL",150
8,21,"AC,BV,BW,GC,HC,HV,RCL","AC,RCL",151
8,21,"AC,RCL","AC,BW,RCL",154
8,21,"AC,BW,RCL","AC,BV,BW,RCL",157
8,21,"AC,BV,BW,RCL","AC,RCL",158
8,21,"AC,RCL","AC,BW,RCL",160
8,21,"AC,BW,RCL","AC,BV,BW,HV,RCL",161
8,21,"AC,BV,BW,HV,RCL","AC,BV,BW,GC,HC,HV,RCL",162
8,21,"AC,BV,BW,GC,HC,HV,RCL","AC,BW,GC,HC,HV,RCL",163
8,21,"AC,BW,GC,HC,HV,RCL","AC,GC,HV,RCL",164
8,21,"AC,GC,HV,RCL","AC,HV,RCL",165
8,21,"AC,HV,RCL","AC,RCL",168
8,21,"AC,RCL","AC,BW,RCL",171
8,21,"AC,BW,RCL","AC,RCL",172
8,21,"AC,RCL","AC,BV,GC,HC,RCL",173
8,21,"AC,BV,GC,HC,RCL","AC,BV,BW,GC,HC,HV,RCL",174
8,21,"AC,BV,BW,GC,HC,HV,RCL","AC,GC,RCL",175
8,21,"AC,GC,RCL","AC,BV,BW,GC,RCL",180
8,21,"AC,BV,BW,GC,RCL","AC,GC,RCL",181
8,21,"AC,GC,RCL","AC,GC,RCL,RS",185
8,21,"AC,GC,RCL,RS","AC,GC,RCL",187
8,21,"AC,GC,RCL","AC,RCL",191
8,21,"AC,RCL","AC,GC,RCL",200
8,21,"AC,GC,RCL","AC,RCL",209
8,21,"AC,RCL","AC,HV,RCL",214
8,21,"AC,HV,RCL","AC,RCL",216
8,21,"AC,RCL","AC,GC,RCL",219
8,21,"AC,GC,RCL","AC,RCL",220
8,21,"AC,RCL","AC,HV,RCL",236
8,21,"AC,HV,RCL","AC,RCL",238
8,21,"AC,RCL","AC,HV,RCL",241
8,21,"AC,HV,RCL","AC,RCL",242
8,21,"AC,RCL",RCL,260
8,21,RCL,none,264
8,21,none,RCL,270
8,21,RCL,none,271
8,21,none,RS,272
8,21,RS,none,273
8,21,none,RS,295
8,21,RS,none,300
8,21,none,RCL,314
8,21,RCL,none,315
8,21,none,RS,316
8,22,RS,none,14
8,22,none,RS,69
8,22,RS,none,70
8,22,none,RS,74
8,22,RS,"PC,RS",75
8,22,"PC,RS",RS,76
8,22,RS,none,81
8,22,none,RS,88
8,22,RS,"RP,RS",89
8,22,"RP,RS",RP,93
8,22,RP,none,94
8,22,none,RS,96
8,22,RS,none,97
8,22,none,"RP,RS",101
8,22,"RP,RS","BW,RP",114
8,22,"BW,RP",BW,115
8,22,BW,none,116
8,22,none,AC,121
8,22,AC,BW,122
8,22,BW,none,123
8,22,none,RCL,127
8,22,RCL,"BW,RCL",128
8,22,"BW,RCL","AC,RCL",129
8,22,"AC,RCL","AC,RCA,RCL",139
8,22,"AC,RCA,RCL","AC,RCL",141
8,22,"AC,RCL","AC,HC,RCA,RCL",145
8,22,"AC,HC,RCA,RCL","AC,BW,RCA,RCL",146
8,22,"AC,BW,RCA,RCL","AC,RCA,RCL",148
8,22,"AC,RCA,RCL","AC,GC,RCA,RCL",151
8,22,"AC,GC,RCA,RCL","AC,RCA,RCL",152
8,22,"AC,RCA,RCL","AC,BV,GC,RCL",154
8,22,"AC,BV,GC,RCL","AC,HC,RCL",155
8,22,"AC,HC,RCL","AC,RCL",158
8,22,"AC,RCL","AC,BW,RCL",159
8,22,"AC,BW,RCL","AC,RCL",160
8,22,"AC,RCL","AC,GC,RCL",176
8,22,"AC,GC,RCL","AC,RCL",179
8,22,"AC,RCL","AC,HC,RCL",195
8,22,"AC,HC,RCL","AC,RCL",196
8,22,"AC,RCL","AC,HC,RCL",200
8,22,"AC,HC,RCL","AC,RCL",201
8,22,"AC,RCL","AC,HC,RCL",204
8,22,"AC,HC,RCL","AC,RCL",205
8,22,"AC,RCL","AC,HC,RCL",210
8,22,"AC,HC,RCL","AC,RCL",211
8,22,"AC,RCL",RCL,266
8,22,RCL,"RCL,RS",273
8,22,"RCL,RS",none,274
8,22,none,RCL,278
8,22,RCL,none,279
8,22,none,RS,281
8,22,RS,none,282
8,22,none,RS,291
8,22,RS,none,292
8,22,none,RS,307
8,23,RS,none,11
8,23,none,RS,24
8,23,RS,none,25
8,23,none,RCL,96
8,23,RCL,none,99
8,23,none,"AC,RCL",111
8,23,"AC,RCL",RCL,112
8,23,RCL,"AC,RCL",119
8,23,"AC,RCL","AC,BW,RCL",120
8,23,"AC,BW,RCL",none,122
8,23,none,RCL,126
8,23,RCL,"AC,RCL",128
8,23,"AC,RCL",RCL,129
8,23,RCL,"AC,BW,RCL",131
8,23,"AC,BW,RCL","AC,RCL",133
8,23,"AC,RCL","AC,BW,RCL",137
8,23,"AC,BW,RCL","AC,RCL",138
8,23,"AC,RCL",RCL,140
8,23,RCL,"AC,RCL",143
8,23,"AC,RCL",RCL,144
8,23,RCL,"BW,RCL",145
8,23,"BW,RCL","BW,RCL,RS",146
8,23,"BW,RCL,RS","AC,BW,RCL,RS",147
8,23,"AC,BW,RCL,RS","AC,BV,BW,GC,RCL,RS",150
8,23,"AC,BV,BW,GC,RCL,RS","AC,BV,BW,GC,HV,RCL,RS",151
8,23,"AC,BV,BW,GC,HV,RCL,RS","AC,BV,BW,GC,HC,HV,RCL",152
8,23,"AC,BV,BW,GC,HC,HV,RCL","AC,BV,GC,HV,RCL",153
8,23,"AC,BV,GC,HV,RCL","AC,GC,RCL",154
8,23,"AC,GC,RCL","AC,RCL",155
8,23,"AC,RCL","AC,BV,BW,GC,RCA,RCL",158
8,23,"AC,BV,BW,GC,RCA,RCL","AC,GC,RCA,RCL",159
8,23,"AC,GC,RCA,RCL","AC,RCA,RCL",161
8,23,"AC,RCA,RCL","AC,GC,RCA,RCL",163
8,23,"AC,GC,RCA,RCL","AC,BV,GC,RCA,RCL",164
8,23,"AC,BV,GC,RCA,RCL","AC,BV,BW,GC,RCA,RCL",165
8,23,"AC,BV,BW,GC,RCA,RCL","AC,GC,RCA,RCL",167
8,23,"AC,GC,RCA,RCL","AC,RCA,RCL",168
8,23,"AC,RCA,RCL","AC,GC,RCA,RCL",172
8,23,"AC,GC,RCA,RCL","AC,RCA,RCL",175
8,23,"AC,RCA,RCL","AC,GC,RCA,RCL",178
8,23,"AC,GC,RCA,RCL","AC,RCA,RCL",181
8,23,"AC,RCA,RCL","AC,RCL",182
8,23,"AC,RCL","AC,BW,RCA,RCL",184
8,23,"AC,BW,RCA,RCL","AC,RCA,RCL",185
8,23,"AC,RCA,RCL","AC,RCL",190
8,23,"AC,RCL","AC,RCL,RS",192
8,23,"AC,RCL,RS","AC,RCL",193
8,23,"AC,RCL","AC,RCA,RCL",216
8,23,"AC,RCA,RCL","AC,RCL",217
8,23,"AC,RCL",RCL,241
8,23,RCL,"AC,RCL",246
8,23,"AC,RCL",RCL,251
8,23,RCL,none,279
8,23,none,RS,280
8,23,RS,none,281
8,23,none,RCL,285
8,24,RCL,none,105
8,24,none,RCL,109
8,24,RCL,none,110
8,24,none,RCL,112
8,24,RCL,"AC,RCL",118
8,24,"AC,RCL",RCL,120
8,24,RCL,"AC,RCL",123
8,24,"AC,RCL","AC,HC,RCL",126
8,24,"AC,HC,RCL",RCL,127
8,24,RCL,"BW,RCL",130
8,24,"BW,RCL","AC,BW,RCL",131
8,24,"AC,BW,RCL","AC,BV,BW,HV,RCL",132
8,24,"AC,BV,BW,HV,RCL","AC,BV,BW,RCL",135
8,24,"AC,BV,BW,RCL","AC,RCL",137
8,24,"AC,RCL",RCL,139
8,24,RCL,"AC,RCL",141
8,24,"AC,RCL","AC,BV,RCA,RCL",142
8,24,"AC,BV,RCA,RCL","AC,BV,BW,RCA,RCL",143
8,24,"AC,BV,BW,RCA,RCL","AC,RCA,RCL",144
8,24,"AC,RCA,RCL","AC,RCA,RCL,RS",146
8,24,"AC,RCA,RCL,RS","AC,BV,BW,RCA,RCL,RS",147
8,24,"AC,BV,BW,RCA,RCL,RS","AC,BV,BW,GC,HV,RCA,RCL",148
8,24,"AC,BV,BW,GC,HV,RCA,RCL","AC,BV,BW,HV,RCA,RCL",149
8,24,"AC,BV,BW,HV,RCA,RCL","AC,BV,BW,RCA,RCL",150
8,24,"AC,BV,BW,RCA,RCL","AC,BV,BW,GC,RCA,RCL",153
8,24,"AC,BV,BW,GC,RCA,RCL","AC,BV,BW,GC,HC,RCA,RCL",155
8,24,"AC,BV,BW,GC,HC,RCA,RCL","AC,BV,GC,RCA,RCL",156
8,24,"AC,BV,GC,RCA,RCL","AC,GC,RCA,RCL,RS",157
8,24,"AC,GC,RCA,RCL,RS","AC,GC,RCA,RCL",158
8,24,"AC,GC,RCA,RCL","AC,RCA,RCL",159
8,24,"AC,RCA,RCL","AC,RCL",160
8,24,"AC,RCL","AC,BW,RCL",161
8,24,"AC,BW,RCL","AC,BV,BW,GC,RCA,RCL",162
8,24,"AC,BV,BW,GC,RCA,RCL","AC,BV,BW,GC,HC,RCA,RCL",163
8,24,"AC,BV,BW,GC,HC,RCA,RCL","AC,BW,RCA,RCL",164
8,24,"AC,BW,RCA,RCL","AC,BV,BW,GC,HC,RCA,RCL",166
8,24,"AC,BV,BW,GC,HC,RCA,RCL","AC,BV,GC,RCA,RCL",167
8,24,"AC,BV,GC,RCA,RCL","AC,GC,RCA,RCL",169
8,24,"AC,GC,RCA,RCL","AC,RCA,RCL",176
8,24,"AC,RCA,RCL","AC,BW,RCA,RCL",177
8,24,"AC,BW,RCA,RCL","AC,RCA,RCL",178
8,24,"AC,RCA,RCL","AC,RCL",181
8,24,"AC,RCL","AC,RCA,RCL",183
8,24,"AC,RCA,RCL","AC,RCL",185
8,24,"AC,RCL","AC,RCA,RCL",187
8,24,"AC,RCA,RCL","AC,RCL",192
8,24,"AC,RCL","AC,RCA,RCL",202
8,24,"AC,RCA,RCL","AC,RCL",203
8,24,"AC,RCL","AC,BV,RCL",218
8,24,"AC,BV,RCL","AC,RCL",221
8,24,"AC,RCL",RCL,255
8,24,RCL,"AC,RCL",257
8,24,"AC,RCL",RCL,260
8,24,RCL,"RCA,RS",276
8,24,"RCA,RS",RS,277
8,24,RS,none,278
8,24,none,RCL,285
8,24,RCL,none,286
8,24,none,RCL,289
8,24,RCL,none,290
8,24,none,RS,293
8,24,RS,none,294
8,24,none,RS,300
8,24,RS,none,301
8,24,none,RS,308
8,24,RS,none,309
8,24,none,RS,313
