pond,cycle,state,onset,terminus,duration,n_species,state_id
1,1,"PC,RS",55,55,1,2,349
1,1,RS,56,69,14,1,368
1,1,"PC,RS",70,100,31,2,349
1,1,RS,101,107,7,1,368
1,1,"HV,RS",108,109,2,2,335
1,1,RS,110,117,8,1,368
1,1,"HV,RS",118,124,7,2,335
1,1,HV,125,131,7,1,313
1,1,"HV,RS",132,132,1,2,335
1,1,none,133,136,4,0,336
1,1,HV,137,138,2,1,313
1,1,none,139,151,13,0,336
1,1,"HV,RS",152,160,9,2,335
1,1,"HV,RCA,RS",161,167,7,3,329
1,1,HV,168,173,6,1,313
1,1,"BW,HV",174,174,1,2,242
1,1,"BW,HV,RS",175,178,4,3,253
1,1,"BW,HV",179,182,4,2,242
1,1,"HV,RS",183,183,1,2,335
1,1,"HC,HV,RS",184,184,1,3,305
1,1,"HV,RS",185,185,1,2,335
1,1,"GC,HV,RS",186,188,3,3,291
1,1,"HV,RS",189,189,1,2,335
1,1,"HC,HV,RS",190,190,1,3,305
1,1,"HV,RS",191,192,2,2,335
1,1,"GC,HV,RS",193,195,3,3,291
1,1,"HV,RS",196,196,1,2,335
1,1,"HC,HV,RS",197,197,1,3,305
1,1,"HV,RS",198,210,13,2,335
1,1,"GC,HV",211,212,2,2,282
1,1,HV,213,227,15,1,313
1,1,none,228,243,16,0,336
1,1,RS,244,244,1,1,368
1,1,HV,245,249,5,1,313
1,1,RS,250,253,4,1,368
1,1,none,254,254,1,0,336
1,1,HV,255,256,2,1,313
1,1,none,257,262,6,0,336
1,1,RS,263,267,5,1,368
1,1,none,268,281,14,0,336
1,1,RS,282,286,5,1,368
1,1,none,287,291,5,0,336
1,1,RS,292,298,7,1,368
1,1,none,299,302,4,0,336
1,1,RS,303,312,10,1,368
1,2,RS,9,18,10,1,368
1,2,none,19,23,5,0,336
1,2,PC,24,24,1,1,337
1,2,none,25,35,11,0,336
1,2,RS,36,43,8,1,368
1,2,none,44,48,5,0,336
1,2,RS,49,57,9,1,368
1,2,none,58,70,13,0,336
1,2,RS,71,82,12,1,368
1,2,none,83,106,24,0,336
1,2,RS,107,107,1,1,368
1,2,none,108,112,5,0,336
1,2,RS,113,113,1,1,368
1,2,"HV,RS",114,118,5,2,335
1,2,none,119,209,91,0,336
1,2,HC,210,222,13,1,298
1,2,"HC,HV",223,226,4,2,299
1,2,HC,227,232,6,1,298
1,2,"HC,HV",233,233,1,2,299
1,2,"HC,RCA",234,234,1,2,307
1,2,HC,235,240,6,1,298
1,2,none,241,265,25,0,336
1,2,"HV,RS",266,266,1,2,335
1,2,RS,267,268,2,1,368
1,2,none,269,273,5,0,336
1,2,RS,274,274,1,1,368
1,2,none,275,275,1,0,336
1,2,RCA,276,276,1,1,358
1,2,none,277,280,4,0,336
1,2,RS,281,285,5,1,368
1,2,none,286,289,4,0,336
1,2,RS,290,290,1,1,368
1,2,none,291,300,10,0,336
1,2,RS,301,314,14,1,368
1,2,none,315,319,5,0,336
1,2,RS,320,323,4,1,368
1,2,none,324,328,5,0,336
1,2,RS,329,334,6,1,368
1,3,RS,12,12,1,1,368
1,3,none,13,25,13,0,336
1,3,RS,26,26,1,1,368
1,3,"HV,RS",27,27,1,2,335
1,3,"PC,RS",28,36,9,2,349
1,3,none,37,46,10,0,336
1,3,PC,47,49,3,1,337
1,3,none,50,53,4,0,336
1,3,"PC,RS",54,54,1,2,349
1,3,PC,55,55,1,1,337
1,3,none,56,67,12,0,336
1,3,"PC,RS",68,71,4,2,349
1,3,RS,72,72,1,1,368
1,3,none,73,77,5,0,336
1,3,PC,78,79,2,1,337
1,3,"PC,RS",80,80,1,2,349
1,3,PC,81,81,1,1,337
1,3,none,82,85,4,0,336
1,3,PC,86,86,1,1,337
1,3,"PC,RS",87,88,2,2,349
1,3,PC,89,95,7,1,337
1,3,none,96,113,18,0,336
1,3,RS,114,114,1,1,368
1,3,none,115,152,38,0,336
1,3,HV,153,156,4,1,313
1,3,"HC,HV",157,157,1,2,299
1,3,HV,158,166,9,1,313
1,3,none,167,189,23,0,336
1,3,HV,190,220,31,1,313
1,3,none,221,230,10,0,336
1,3,HV,231,239,9,1,313
1,3,none,240,250,11,0,336
1,3,HV,251,270,20,1,313
1,3,"HV,RS",271,271,1,2,335
1,3,RS,272,275,4,1,368
1,3,none,276,281,6,0,336
1,3,RS,282,284,3,1,368
1,3,none,285,308,24,0,336
1,3,RS,309,325,17,1,368
1,3,none,326,340,15,0,336
1,3,PC,341,341,1,1,337
1,3,none,342,347,6,0,336
1,3,RS,348,349,2,1,368
1,4,PC,2,2,1,1,337
1,4,none,3,27,25,0,336
1,4,PC,28,28,1,1,337
1,4,RS,29,29,1,1,368
1,4,none,30,42,13,0,336
1,4,PC,43,45,3,1,337
1,4,none,46,49,4,0,336
1,4,PC,50,53,4,1,337
1,4,none,54,58,5,0,336
1,4,PC,59,62,4,1,337
1,4,none,63,66,4,0,336
1,4,PC,67,67,1,1,337
1,4,"PC,RS",68,89,22,2,349
1,4,"HV,PC,RS",90,92,3,3,321
1,4,"PC,RS",93,94,2,2,349
1,4,PC,95,104,10,1,337
1,4,"HV,PC",105,107,3,2,314
1,4,PC,108,111,4,1,337
1,4,none,112,112,1,0,336
1,4,HV,113,115,3,1,313
1,4,"HV,PC",116,116,1,2,314
1,4,"HV,RS",117,120,4,2,335
1,4,"HV,PC,RS",121,121,1,3,321
1,4,"HV,RS",122,127,6,2,335
1,4,RS,128,131,4,1,368
1,4,"RCL,RS",132,132,1,2,365
1,4,RCL,133,133,1,1,362
1,4,"HV,RCL",134,143,10,2,330
1,4,"HV,RCL,RS",144,144,1,3,332
1,4,"HV,RCL",145,148,4,2,330
1,4,"HV,RCL,RS",149,159,11,3,332
1,4,"HC,HV,RCL,RS",160,161,2,4,304
1,4,"GC,HC,HV,RCL,RS",162,162,1,5,278
1,4,"HC,HV,RCA,RCL,RS",163,163,1,5,302
1,4,"HC,HV,RCL,RS",164,167,4,4,304
1,4,"HC,HV",168,169,2,2,299
1,4,"GC,HC,HV",170,170,1,3,274
1,4,"HC,HV",171,202,32,2,299
1,4,"GC,HC,HV",203,203,1,3,274
1,4,"GC,HC,HV,RCL",204,207,4,4,277
1,4,"HC,HV,RCL",208,212,5,3,303
1,4,"HC,HV",213,223,11,2,299
1,4,HC,224,229,6,1,298
1,4,none,230,233,4,0,336
1,4,HV,234,234,1,1,313
1,4,none,235,235,1,0,336
1,4,RS,236,236,1,1,368
1,4,none,237,239,3,0,336
1,4,HV,240,240,1,1,313
1,4,"HC,HV",241,241,1,2,299
1,4,HV,242,243,2,1,313
1,4,none,244,245,2,0,336
1,4,RS,246,246,1,1,368
1,4,none,247,253,7,0,336
1,4,RS,254,254,1,1,368
1,4,none,255,260,6,0,336
1,4,HV,261,261,1,1,313
1,4,"HV,RS",262,262,1,2,335
1,4,RS,263,264,2,1,368
1,4,none,265,268,4,0,336
1,4,RS,269,298,30,1,368
1,4,none,299,302,4,0,336
1,4,RS,303,306,4,1,368
1,4,none,307,310,4,0,336
1,4,RS,311,311,1,1,368
1,4,none,312,316,5,0,336
1,4,RS,317,317,1,1,368
1,4,none,318,325,8,0,336
1,4,RS,326,336,11,1,368
1,4,none,337,347,11,0,336
1,4,RS,348,355,8,1,368
1,5,PC,3,18,16,1,337
1,5,none,19,24,6,0,336
1,5,PC,25,31,7,1,337
1,5,"PC,RS",32,32,1,2,349
1,5,PC,33,37,5,1,337
1,5,"PC,RS",38,39,2,2,349
1,5,RS,40,41,2,1,368
1,5,none,42,45,4,0,336
1,5,"PC,RS",46,55,10,2,349
1,5,PC,56,59,4,1,337
1,5,"PC,RS",60,73,14,2,349
1,5,PC,74,83,10,1,337
1,5,"PC,RS",84,85,2,2,349
1,5,PC,86,89,4,1,337
1,5,"PC,RS",90,92,3,2,349
1,5,PC,93,93,1,1,337
1,5,none,94,104,11,0,336
1,5,PC,105,107,3,1,337
1,5,none,108,127,20,0,336
1,5,HV,128,128,1,1,313
1,5,none,129,136,8,0,336
1,5,HV,137,139,3,1,313
1,5,none,140,144,5,0,336
1,5,HV,145,146,2,1,313
1,5,none,147,149,3,0,336
1,5,RCL,150,154,5,1,362
1,5,"HV,RCL",155,156,2,2,330
1,5,none,157,164,8,0,336
1,5,RCL,165,165,1,1,362
1,5,none,166,169,4,0,336
1,5,HC,170,171,2,1,298
1,5,none,172,176,5,0,336
1,5,HC,177,181,5,1,298
1,5,none,182,184,3,0,336
1,5,HV,185,186,2,1,313
1,5,none,187,187,1,0,336
1,5,BV,188,188,1,1,154
1,5,none,189,201,13,0,336
1,5,HV,202,202,1,1,313
1,5,none,203,214,12,0,336
1,5,HV,215,215,1,1,313
1,5,none,216,220,5,0,336
1,5,HV,221,221,1,1,313
1,5,none,222,225,4,0,336
1,5,"HC,HV",226,226,1,2,299
1,5,HC,227,229,3,1,298
1,5,none,230,247,18,0,336
1,5,HV,248,248,1,1,313
1,5,none,249,253,5,0,336
1,5,HV,254,254,1,1,313
1,5,none,255,272,18,0,336
1,5,RS,273,280,8,1,368
1,5,none,281,284,4,0,336
1,5,RS,285,285,1,1,368
1,5,none,286,290,5,0,336
1,5,RS,291,311,21,1,368
1,6,PC,59,61,3,1,337
1,6,none,62,71,10,0,336
1,6,PC,72,72,1,1,337
1,6,"PC,RS",73,74,2,2,349
1,6,none,75,79,5,0,336
1,6,PC,80,87,8,1,337
1,6,"PC,RS",88,89,2,2,349
1,6,PC,90,95,6,1,337
1,6,"PC,RS",96,116,21,2,349
1,6,"HV,PC,RS",117,117,1,3,321
1,6,"HV,PC",118,119,2,2,314
1,6,HV,120,124,5,1,313
1,6,none,125,129,5,0,336
1,6,HV,130,132,3,1,313
1,6,"HV,PC",133,133,1,2,314
1,6,HV,134,140,7,1,313
1,6,none,141,147,7,0,336
1,6,HV,148,155,8,1,313
1,6,"BV,HV",156,156,1,2,204
1,6,none,157,163,7,0,336
1,6,RCL,164,167,4,1,362
1,6,"HV,RCL",168,168,1,2,330
1,6,RCL,169,169,1,1,362
1,6,none,170,192,23,0,336
1,6,HV,193,195,3,1,313
1,6,"BV,HC,HV",196,197,2,3,198
1,6,"HC,HV",198,198,1,2,299
1,6,HC,199,203,5,1,298
1,6,none,204,209,6,0,336
1,6,HC,210,216,7,1,298
1,6,"BV,HC,HV",217,218,2,3,198
1,6,HC,219,234,16,1,298
1,6,"HC,HV",235,238,4,2,299
1,6,HC,239,240,2,1,298
1,6,none,241,246,6,0,336
1,6,HC,247,248,2,1,298
1,6,none,249,261,13,0,336
1,6,HV,262,267,6,1,313
1,6,none,268,287,20,0,336
1,6,RS,288,298,11,1,368
1,6,none,299,303,5,0,336
1,6,RS,304,304,1,1,368
1,6,none,305,310,6,0,336
1,6,RS,311,327,17,1,368
1,6,none,328,339,12,0,336
1,6,RS,340,340,1,1,368
1,7,PC,20,26,7,1,337
1,7,none,27,31,5,0,336
1,7,PC,32,32,1,1,337
1,7,none,33,37,5,0,336
1,7,PC,38,40,3,1,337
1,7,none,41,44,4,0,336
1,7,PC,45,100,56,1,337
1,7,"PC,RS",101,103,3,2,349
1,7,"HV,PC,RS",104,105,2,3,321
1,7,"HV,PC",106,109,4,2,314
1,7,"HV,PC,RS",110,112,3,3,321
1,7,"BV,HV,RS",113,113,1,3,211
1,7,HV,114,114,1,1,313
1,7,none,115,119,5,0,336
1,7,HV,120,120,1,1,313
1,7,none,121,129,9,0,336
1,7,HC,130,130,1,1,298
1,7,none,131,138,8,0,336
1,7,HV,139,140,2,1,313
1,7,"BV,HV,RCL",141,141,1,3,209
1,7,"BV,HV",142,142,1,2,204
1,7,HV,143,148,6,1,313
1,7,"BW,HV",149,149,1,2,242
1,7,HV,150,150,1,1,313
1,7,"BV,HV",151,151,1,2,204
1,7,HV,152,156,5,1,313
1,7,"HV,RCL",157,162,6,2,330
1,7,RCL,163,167,5,1,362
1,7,none,168,190,23,0,336
1,7,HV,191,204,14,1,313
1,7,"BW,HV",205,205,1,2,242
1,7,HV,206,212,7,1,313
1,7,"BV,HV",213,214,2,2,204
1,7,HV,215,216,2,1,313
1,7,none,217,246,30,0,336
1,7,HV,247,257,11,1,313
1,7,"HV,RS",258,268,11,2,335
1,7,RS,269,275,7,1,368
1,7,none,276,281,6,0,336
1,7,RS,282,282,1,1,368
1,7,none,283,293,11,0,336
1,7,RS,294,298,5,1,368
1,7,none,299,302,4,0,336
1,7,RS,303,304,2,1,368
1,8,PC,63,63,1,1,337
1,8,none,64,68,5,0,336
1,8,PC,69,103,35,1,337
1,8,"HV,PC",104,105,2,2,314
1,8,PC,106,108,3,1,337
1,8,none,109,112,4,0,336
1,8,HV,113,124,12,1,313
1,8,"BV,HV",125,127,3,2,204
1,8,HV,128,128,1,1,313
1,8,none,129,133,5,0,336
1,8,HV,134,138,5,1,313
1,8,"BV,HC,HV",139,140,2,3,198
1,8,"BV,HV",141,149,9,2,204
1,8,none,150,153,4,0,336
1,8,HV,154,154,1,1,313
1,8,"BV,HV",155,155,1,2,204
1,8,"BV,HC,HV,RCL",156,158,3,4,200
1,8,"BV,HC,HV",159,161,3,3,198
1,8,"BV,HV",162,163,2,2,204
1,8,"BV,HV,RCL",164,165,2,3,209
1,8,"BV,HC,HV,RCL",166,190,25,4,200
1,8,"BV,HV,RCL",191,191,1,3,209
1,8,"HV,RCL",192,194,3,2,330
1,8,RCL,195,202,8,1,362
1,8,"HC,RCL",203,203,1,2,310
1,8,HC,204,205,2,1,298
1,8,"BV,HC",206,206,1,2,197
1,8,HC,207,231,25,1,298
1,8,"BV,HC",232,234,3,2,197
1,8,BV,235,246,12,1,154
1,8,none,247,251,5,0,336
1,8,"BV,HV",252,253,2,2,204
1,8,none,254,257,4,0,336
1,8,HV,258,263,6,1,313
1,8,"HV,RCL",264,264,1,2,330
1,8,HV,265,271,7,1,313
1,8,none,272,287,16,0,336
1,8,RS,288,288,1,1,368
1,9,PC,50,54,5,1,337
1,9,none,55,58,4,0,336
1,9,PC,59,68,10,1,337
1,9,"PC,RS",69,69,1,2,349
1,9,PC,70,82,13,1,337
1,9,none,83,93,11,0,336
1,9,PC,94,103,10,1,337
1,9,"PC,RS",104,104,1,2,349
1,9,PC,105,109,5,1,337
1,9,"PC,RS",110,112,3,2,349
1,9,PC,113,116,4,1,337
1,9,none,117,120,4,0,336
1,9,PC,121,121,1,1,337
1,9,none,122,128,7,0,336
1,9,PC,129,132,4,1,337
1,9,"PC,RS",133,134,2,2,349
1,9,"HV,PC,RS",135,136,2,3,321
1,9,"HV,PC",137,138,2,2,314
1,9,"BV,HV,PC",139,141,3,3,205
1,9,"BV,HV",142,142,1,2,204
1,9,HV,143,151,9,1,313
1,9,"BV,HC,HV",152,154,3,3,198
1,9,"BV,HV",155,155,1,2,204
1,9,HV,156,161,6,1,313
1,9,none,162,168,7,0,336
1,9,"BV,HV",169,170,2,2,204
1,9,HV,171,173,3,1,313
1,9,none,174,201,28,0,336
1,9,BV,202,204,3,1,154
1,9,none,205,225,21,0,336
1,9,"BV,HV",226,227,2,2,204
1,9,none,228,234,7,0,336
1,9,BV,235,237,3,1,154
1,9,"BV,HV",238,239,2,2,204
1,9,none,240,271,32,0,336
1,9,RS,272,273,2,1,368
1,9,HV,274,274,1,1,313
1,9,none,275,279,5,0,336
1,9,HV,280,280,1,1,313
1,9,none,281,281,1,0,336
1,9,RS,282,282,1,1,368
1,9,none,283,284,2,0,336
1,9,HV,285,285,1,1,313
1,9,none,286,288,3,0,336
1,9,RS,289,290,2,1,368
1,9,"HV,RS",291,291,1,2,335
1,9,RS,292,295,4,1,368
1,9,none,296,304,9,0,336
1,9,RS,305,305,1,1,368
1,9,none,306,309,4,0,336
1,9,RS,310,337,28,1,368
1,10,PC,46,46,1,1,337
1,10,none,47,65,19,0,336
1,10,PC,66,66,1,1,337
1,10,none,67,70,4,0,336
1,10,PC,71,71,1,1,337
1,10,none,72,76,5,0,336
1,10,"PC,RS",77,79,3,2,349
1,10,PC,80,92,13,1,337
1,10,"PC,RS",93,94,2,2,349
1,10,PC,95,121,27,1,337
1,10,none,122,127,6,0,336
1,10,HV,128,128,1,1,313
1,10,"BW,HV,PC",129,129,1,3,243
1,10,"BV,BW,HV",130,130,1,3,175
1,10,"BW,HV",131,131,1,2,242
1,10,HV,132,133,2,1,313
1,10,none,134,137,4,0,336
1,10,"BV,HV",138,140,3,2,204
1,10,HV,141,145,5,1,313
1,10,"BV,HV",146,146,1,2,204
1,10,HV,147,148,2,1,313
1,10,none,149,169,21,0,336
1,10,BV,170,176,7,1,154
1,10,none,177,182,6,0,336
1,10,BV,183,183,1,1,154
1,10,none,184,185,2,0,336
1,10,HV,186,188,3,1,313
1,10,none,189,206,18,0,336
1,10,BW,207,207,1,1,216
1,10,"BV,HV",208,208,1,2,204
1,10,BV,209,215,7,1,154
1,10,none,216,241,26,0,336
1,10,RS,242,244,3,1,368
1,10,none,245,265,21,0,336
1,10,RS,266,268,3,1,368
1,10,"BV,RS",269,270,2,2,215
1,10,RS,271,301,31,1,368
1,10,none,302,318,17,0,336
1,10,RS,319,324,6,1,368
1,10,none,325,333,9,0,336
1,10,RS,334,334,1,1,368
1,11,RS,26,26,1,1,368
1,11,none,27,48,22,0,336
1,11,RS,49,49,1,1,368
1,11,none,50,55,6,0,336
1,11,RS,56,56,1,1,368
1,11,"PC,RS",57,57,1,2,349
1,11,RS,58,58,1,1,368
1,11,none,59,67,9,0,336
1,11,RS,68,68,1,1,368
1,11,none,69,70,2,0,336
1,11,PC,71,75,5,1,337
1,11,"PC,RS",76,81,6,2,349
1,11,PC,82,85,4,1,337
1,11,"PC,RS",86,86,1,2,349
1,11,PC,87,94,8,1,337
1,11,"PC,RS",95,105,11,2,349
1,11,RS,106,122,17,1,368
1,11,"HV,RS",123,124,2,2,335
1,11,RS,125,125,1,1,368
1,11,none,126,142,17,0,336
1,11,HV,143,143,1,1,313
1,11,"HV,RS",144,146,3,2,335
1,11,"HV,RCL,RS",147,147,1,3,332
1,11,"HV,RS",148,148,1,2,335
1,11,none,149,153,5,0,336
1,11,"HV,RS",154,160,7,2,335
1,11,HV,161,177,17,1,313
1,11,none,178,199,22,0,336
1,11,HV,200,200,1,1,313
1,11,none,201,263,63,0,336
1,11,BV,264,265,2,1,154
1,12,RS,61,66,6,1,368
1,12,none,67,70,4,0,336
1,12,RS,71,82,12,1,368
1,12,none,83,86,4,0,336
1,12,"PC,RS",87,92,6,2,349
1,12,RS,93,97,5,1,368
1,12,"HV,RS",98,105,8,2,335
1,12,RS,106,111,6,1,368
1,12,"HV,RS",112,117,6,2,335
1,12,HV,118,122,5,1,313
1,12,none,123,127,5,0,336
1,12,HV,128,132,5,1,313
1,12,none,133,143,11,0,336
1,12,HV,144,149,6,1,313
1,12,"HV,RCL",150,150,1,2,330
1,12,HV,151,155,5,1,313
1,12,none,156,161,6,0,336
1,12,HV,162,201,40,1,313
1,12,none,202,207,6,0,336
1,12,RS,208,208,1,1,368
1,12,none,209,217,9,0,336
1,12,HV,218,219,2,1,313
1,12,"HV,RCL",220,232,13,2,330
1,12,"HV,RCL,RS",233,236,4,3,332
1,12,"HV,RCL",237,241,5,2,330
1,12,"HV,RCL,RS",242,251,10,3,332
1,12,"RCL,RS",252,253,2,2,365
1,12,RCL,254,258,5,1,362
1,12,"RCL,RS",259,276,18,2,365
1,12,RS,277,281,5,1,368
1,12,none,282,285,4,0,336
1,12,RS,286,291,6,1,368
1,12,none,292,295,4,0,336
1,12,RS,296,296,1,1,368
1,12,none,297,300,4,0,336
1,12,RS,301,308,8,1,368
1,12,none,309,311,3,0,336
1,12,RCL,312,312,1,1,362
1,12,none,313,313,1,0,336
1,12,RS,314,316,3,1,368
1,13,RS,54,55,2,1,368
1,13,none,56,64,9,0,336
1,13,RS,65,70,6,1,368
1,13,none,71,75,5,0,336
1,13,PC,76,82,7,1,337
1,13,none,83,105,23,0,336
1,13,PC,106,108,3,1,337
1,13,none,109,115,7,0,336
1,13,"HV,PC",116,117,2,2,314
1,13,"BV,HV,PC,RCL",118,118,1,4,206
1,13,"HV,PC,RCL",119,123,5,3,318
1,13,"HV,RCL",124,124,1,2,330
1,13,"BW,HV,RCL",125,125,1,3,248
1,13,"HV,RCL,RS",126,126,1,3,332
1,13,"RCL,RS",127,128,2,2,365
1,13,RCL,129,130,2,1,362
1,13,"BV,HV,RCL",131,131,1,3,209
1,13,"HV,RCL",132,133,2,2,330
1,13,"RCL,RS",134,134,1,2,365
1,13,RCL,135,138,4,1,362
1,13,"HV,RCL",139,139,1,2,330
1,13,"HV,RCL,RS",140,140,1,3,332
1,13,"HV,RCL",141,143,3,2,330
1,13,"BV,HV,RCL",144,144,1,3,209
1,13,"BV,HV,RCL,RS",145,145,1,4,210
1,13,"HV,RCL,RS",146,148,3,3,332
1,13,"RCL,RS",149,149,1,2,365
1,13,RCL,150,153,4,1,362
1,13,"HV,RCL",154,155,2,2,330
1,13,"BV,HV,RCL",156,156,1,3,209
1,13,"BV,BW,HV,RCL,RS",157,157,1,5,180
1,13,"BW,HV,RCL,RS",158,158,1,4,251
1,13,"HV,RCL,RS",159,162,4,3,332
1,13,"BV,BW,HV,RCL,RS",163,164,2,5,180
1,13,"BV,BW,HV,RCL",165,165,1,4,179
1,13,"BV,HV,RCL",166,168,3,3,209
1,13,"BV,HC,HV,RCL",169,169,1,4,200
1,13,"BV,BW,HC,HV,RCL",170,170,1,5,172
1,13,"BV,HV,RCL,RS",171,171,1,4,210
1,13,"BV,HV,RCL",172,175,4,3,209
1,13,"HV,RCL",176,179,4,2,330
1,13,"BV,BW,HV,RCL",180,181,2,4,179
1,13,"BV,HV,RCL",182,182,1,3,209
1,13,"HV,RCL",183,193,11,2,330
1,13,"HC,HV,RCL",194,194,1,3,303
1,13,"HV,RCL",195,196,2,2,330
1,13,"BV,HV,RCL",197,197,1,3,209
1,13,"HV,RCL",198,205,8,2,330
1,13,RCL,206,222,17,1,362
1,13,"BV,HV,RCL",223,225,3,3,209
1,13,RCL,226,226,1,1,362
1,13,"RCL,RS",227,234,8,2,365
1,13,RCL,235,250,16,1,362
1,13,"RCL,RS",251,259,9,2,365
1,13,RCL,260,269,10,1,362
1,13,none,270,270,1,0,336
1,13,RS,271,282,12,1,368
1,13,none,283,289,7,0,336
1,13,RS,290,296,7,1,368
1,13,none,297,300,4,0,336
1,13,RS,301,316,16,1,368
1,13,none,317,323,7,0,336
1,13,RS,324,324,1,1,368
1,14,RS,2,2,1,1,368
1,14,none,3,35,33,0,336
1,14,PC,36,36,1,1,337
1,14,none,37,60,24,0,336
1,14,PC,61,67,7,1,337
1,14,none,68,71,4,0,336
1,14,PC,72,75,4,1,337
1,14,"PC,RS",76,87,12,2,349
1,14,PC,88,92,5,1,337
1,14,"PC,RS",93,99,7,2,349
1,14,PC,100,102,3,1,337
1,14,none,103,106,4,0,336
1,14,PC,107,113,7,1,337
1,14,none,114,117,4,0,336
1,14,HV,118,119,2,1,313
1,14,"AC,HV",120,120,1,2,135
1,14,none,121,122,2,0,336
1,14,"PT,RS",123,123,1,2,357
1,14,RS,124,125,2,1,368
1,14,"HV,RS",126,126,1,2,335
1,14,HV,127,127,1,1,313
1,14,"AC,HV",128,128,1,2,135
1,14,HV,129,129,1,1,313
1,14,none,130,136,7,0,336
1,14,HV,137,138,2,1,313
1,14,none,139,142,4,0,336
1,14,HV,143,143,1,1,313
1,14,none,144,149,6,0,336
1,14,HV,150,154,5,1,313
1,14,"BV,BW,HV",155,155,1,3,175
1,14,"BV,BW,HV,RS",156,157,2,4,181
1,14,"BV,GC,HV,RS",158,158,1,4,195
1,14,"BV,HV,RS",159,159,1,3,211
1,14,"AC,HV,RS",160,168,9,3,143
1,14,"AC,HC,HV,RCA,RS",169,169,1,5,126
1,14,"AC,HV,RS",170,175,6,3,143
1,14,"AC,GC,HV,RS",176,180,5,4,116
1,14,"AC,HV,RS",181,181,1,3,143
1,14,"AC,HV",182,182,1,2,135
1,14,"AC,HC,HV",183,187,5,3,122
1,14,"AC,GC,HC,HV,RS",188,188,1,5,106
1,14,"AC,HC,HV,RS",189,189,1,4,129
1,14,"AC,HV,RS",190,190,1,3,143
1,14,"AC,HV",191,196,6,2,135
1,14,"AC,HC,HV",197,198,2,3,122
1,14,"AC,HV",199,210,12,2,135
1,14,"AC,HV,RS",211,212,2,3,143
1,14,"AC,HC,HV,RS",213,215,3,4,129
1,14,"HC,HV,RS",216,217,2,3,305
1,14,"HV,RS",218,221,4,2,335
1,14,HV,222,225,4,1,313
1,14,"HV,RS",226,231,6,2,335
1,14,"AC,HV,RS",232,232,1,3,143
1,14,"HV,RS",233,236,4,2,335
1,14,"HC,HV,RS",237,237,1,3,305
1,14,"HV,RS",238,244,7,2,335
1,14,HV,245,248,4,1,313
1,14,"HV,RS",249,260,12,2,335
1,14,RS,261,271,11,1,368
1,14,"HV,RS",272,272,1,2,335
1,14,RS,273,277,5,1,368
1,14,none,278,282,5,0,336
1,14,RS,283,305,23,1,368
1,14,none,306,313,8,0,336
1,14,RS,314,316,3,1,368
1,14,none,317,327,11,0,336
1,14,RS,328,328,1,1,368
1,15,RS,6,7,2,1,368
1,15,none,8,21,14,0,336
1,15,RS,22,22,1,1,368
1,15,none,23,28,6,0,336
1,15,RS,29,29,1,1,368
1,15,none,30,42,13,0,336
1,15,PC,43,46,4,1,337
1,15,"PC,RS",47,47,1,2,349
1,15,PC,48,53,6,1,337
1,15,"PC,RS",54,58,5,2,349
1,15,PC,59,78,20,1,337
1,15,"PC,RS",79,79,1,2,349
1,15,RS,80,80,1,1,368
1,15,none,81,87,7,0,336
1,15,PC,88,89,2,1,337
1,15,"PC,RS",90,92,3,2,349
1,15,"PC,RP,RS",93,97,5,3,348
1,15,"PC,PT,RP,RS",98,100,3,4,340
1,15,"HV,PC,PT,RP,RS",101,105,5,5,316
1,15,"HV,PC,RP,RS",106,110,5,4,320
1,15,"HV,RP,RS",111,112,2,3,334
1,15,"HV,RS",113,123,11,2,335
1,15,HV,124,127,4,1,313
1,15,"HV,RS",128,138,11,2,335
1,15,"HV,RCL,RS",139,151,13,3,332
1,15,"HV,RCL",152,153,2,2,330
1,15,RCL,154,157,4,1,362
1,15,"HV,RCL,RS",158,160,3,3,332
1,15,"GC,HV,RCL,RS",161,166,6,4,290
1,15,"AC,GC,HV,RCL,RS",167,171,5,5,115
1,15,"GC,HV,RCL,RS",172,181,10,4,290
1,15,"HV,RCL,RS",182,183,2,3,332
1,15,"HV,RCL",184,188,5,2,330
1,15,RCL,189,194,6,1,362
1,15,"HV,RCL",195,196,2,2,330
1,15,"BV,GC,HV,RCL,RS",197,198,2,5,194
1,15,"BV,HV,RCL,RS",199,199,1,4,210
1,15,"HV,RCL,RS",200,200,1,3,332
1,15,"HV,RCL",201,201,1,2,330
1,15,RCL,202,204,3,1,362
1,15,none,205,215,11,0,336
1,15,HC,216,216,1,1,298
1,15,RCL,217,222,6,1,362
1,15,none,223,238,16,0,336
1,15,RCL,239,239,1,1,362
1,15,none,240,257,18,0,336
1,15,RCL,258,261,4,1,362
1,16,PC,7,7,1,1,337
1,16,none,8,78,71,0,336
1,16,PT,79,79,1,1,350
1,16,none,80,84,5,0,336
1,16,RP,85,85,1,1,366
1,16,PT,86,87,2,1,350
1,16,none,88,95,8,0,336
1,16,"PC,PT",96,96,1,2,338
1,16,"HV,PC,PT,RS",97,98,2,4,317
1,16,"HV,PC,RS",99,99,1,3,321
1,16,PC,100,102,3,1,337
1,16,none,103,116,14,0,336
1,16,HV,117,117,1,1,313
1,16,none,118,127,10,0,336
1,16,HV,128,129,2,1,313
1,16,none,130,135,6,0,336
1,16,"HV,RS",136,136,1,2,335
1,16,"BV,HV,RS",137,137,1,3,211
1,16,"HV,RS",138,139,2,2,335
1,16,HV,140,143,4,1,313
1,16,"HV,RS",144,149,6,2,335
1,16,HV,150,150,1,1,313
1,16,"HV,RCL",151,153,3,2,330
1,16,"HV,RCL,RS",154,156,3,3,332
1,16,"HV,RCL",157,157,1,2,330
1,16,"AC,HV,RCL",158,158,1,3,141
1,16,"HV,RCL",159,173,15,2,330
1,16,HV,174,262,89,1,313
1,16,"HV,RS",263,270,8,2,335
1,16,RS,271,273,3,1,368
1,16,none,274,297,24,0,336
1,16,RS,298,298,1,1,368
1,16,none,299,313,15,0,336
1,16,RS,314,314,1,1,368
1,17,PC,20,22,3,1,337
1,17,none,23,28,6,0,336
1,17,PC,29,29,1,1,337
1,17,none,30,41,12,0,336
1,17,PC,42,42,1,1,337
1,17,none,43,77,35,0,336
1,17,PC,78,78,1,1,337
1,17,none,79,118,40,0,336
1,17,"HV,PC",119,120,2,2,314
1,17,none,121,128,8,0,336
1,17,RCL,129,136,8,1,362
1,17,"HV,RCL",137,138,2,2,330
1,17,RCL,139,144,6,1,362
1,17,"HV,RCL",145,148,4,2,330
1,17,"HV,RCL,RS",149,149,1,3,332
1,17,"HV,RCL",150,154,5,2,330
1,17,RCL,155,160,6,1,362
1,17,"HV,RCL",161,162,2,2,330
1,17,RCL,163,166,4,1,362
1,17,"HV,RCL",167,171,5,2,330
1,17,"GC,HV,RCL",172,172,1,3,289
1,17,"GC,HC,HV,RCL",173,173,1,4,277
1,17,"GC,HV,RCL",174,177,4,3,289
1,17,"HV,RCL",178,190,13,2,330
1,17,RCL,191,191,1,1,362
1,17,"RCA,RCL",192,192,1,2,359
1,17,RCL,193,199,7,1,362
1,17,"HV,RCL",200,200,1,2,330
1,17,RCL,201,233,33,1,362
1,17,"BV,RCL",234,234,1,2,213
1,17,RCL,235,240,6,1,362
1,17,"HV,RCL",241,241,1,2,330
1,17,RCL,242,245,4,1,362
1,17,"HV,RCL",246,256,11,2,330
1,17,RCL,257,260,4,1,362
1,17,none,261,264,4,0,336
1,17,HV,265,265,1,1,313
1,17,"HV,RCL,RS",266,267,2,3,332
1,17,"RCL,RS",268,270,3,2,365
1,17,"AC,RCL,RS",271,271,1,3,151
1,17,RS,272,281,10,1,368
1,17,none,282,294,13,0,336
1,17,RS,295,303,9,1,368
1,17,none,304,335,32,0,336
1,17,RS,336,340,5,1,368
1,17,none,341,346,6,0,336
1,17,RS,347,347,1,1,368
1,18,PC,17,17,1,1,337
1,18,none,18,47,30,0,336
1,18,PC,48,48,1,1,337
1,18,none,49,60,12,0,336
1,18,PC,61,75,15,1,337
1,18,"HV,PC",76,76,1,2,314
1,18,PC,77,85,9,1,337
1,18,none,86,95,10,0,336
1,18,HV,96,96,1,1,313
1,18,none,97,101,5,0,336
1,18,HV,102,103,2,1,313
1,18,"HV,RS",104,104,1,2,335
1,18,RS,105,109,5,1,368
1,18,HV,110,110,1,1,313
1,18,none,111,113,3,0,336
1,18,PC,114,114,1,1,337
1,18,"HV,PC,RS",115,115,1,3,321
1,18,"HV,RS",116,116,1,2,335
1,18,HV,117,123,7,1,313
1,18,none,124,128,5,0,336
1,18,HV,129,135,7,1,313
1,18,RCL,136,140,5,1,362
1,18,"HV,RCL",141,148,8,2,330
1,18,"BV,HV,RCL",149,149,1,3,209
1,18,"HV,RCL",150,157,8,2,330
1,18,HV,158,171,14,1,313
1,18,"HV,RCL",172,182,11,2,330
1,18,"BV,HV,RCL",183,199,17,3,209
1,18,"AC,RCL",200,220,21,2,150
1,18,RCL,221,225,5,1,362
1,18,"AC,RCL",226,228,3,2,150
1,18,RCL,229,230,2,1,362
1,18,none,231,238,8,0,336
1,18,"BV,HV,RCL",239,239,1,3,209
1,18,"HV,RCL",240,249,10,2,330
1,18,"HV,RCL,RS",250,254,5,3,332
1,18,"HV,RCL",255,262,8,2,330
1,18,"HV,RCL,RS",263,272,10,3,332
1,18,"RCL,RS",273,273,1,2,365
1,18,RCL,274,275,2,1,362
1,18,none,276,277,2,0,336
1,18,"HV,RS",278,278,1,2,335
1,18,RS,279,300,22,1,368
1,18,none,301,306,6,0,336
1,18,RS,307,313,7,1,368
1,18,none,314,334,21,0,336
1,18,RS,335,335,1,1,368
1,19,PC,12,12,1,1,337
1,19,none,13,33,21,0,336
1,19,PC,34,34,1,1,337
1,19,none,35,48,14,0,336
1,19,PC,49,53,5,1,337
1,19,none,54,57,4,0,336
1,19,PC,58,61,4,1,337
1,19,"PC,RS",62,71,10,2,349
1,19,PC,72,100,29,1,337
1,19,none,101,123,23,0,336
1,19,"HV,PC",124,124,1,2,314
1,19,"HV,RS",125,125,1,2,335
1,19,"HV,RCL,RS",126,126,1,3,332
1,19,"HV,RCL",127,127,1,2,330
1,19,RCL,128,133,6,1,362
1,19,"HV,RCL",134,139,6,2,330
1,19,"BV,HV,RCL",140,141,2,3,209
1,19,"HV,RCL,RS",142,143,2,3,332
1,19,"HV,RCL",144,150,7,2,330
1,19,"HV,RCL,RS",151,151,1,3,332
1,19,"BV,HV,RCL,RS",152,152,1,4,210
1,19,"AC,HV,RCL,RS",153,155,3,4,142
1,19,"AC,BW,HV,RCL,RS",156,156,1,5,94
1,19,"HV,RCL,RS",157,160,4,3,332
1,19,"AC,HV,RCL,RS",161,165,5,4,142
1,19,"AC,BV,HV,RCL,RS",166,167,2,5,65
1,19,"AC,HV,RCL,RS",168,168,1,4,142
1,19,"AC,HV,RCL",169,179,11,3,141
1,19,"HV,RCL",180,194,15,2,330
1,19,"AC,HV,RCL",195,195,1,3,141
1,19,"HV,RCL",196,201,6,2,330
1,19,"HC,HV,RCL",202,202,1,3,303
1,19,"HC,RCL",203,204,2,2,310
1,19,RCL,205,207,3,1,362
1,19,"HV,RCL",208,210,3,2,330
1,19,HV,211,216,6,1,313
1,19,none,217,217,1,0,336
1,19,RCL,218,219,2,1,362
1,19,none,220,220,1,0,336
1,19,HV,221,223,3,1,313
1,19,"HV,RS",224,224,1,2,335
1,19,HV,225,225,1,1,313
1,19,"HV,RCL",226,226,1,2,330
1,19,HV,227,254,28,1,313
1,19,none,255,285,31,0,336
1,19,RS,286,291,6,1,368
1,19,none,292,295,4,0,336
1,19,RS,296,305,10,1,368
1,19,none,306,335,30,0,336
1,19,RS,336,336,1,1,368
1,20,PC,41,41,1,1,337
1,20,none,42,69,28,0,336
1,20,PC,70,109,40,1,337
1,20,"HV,PC",110,110,1,2,314
1,20,"HV,RS",111,111,1,2,335
1,20,none,112,115,4,0,336
1,20,RS,116,117,2,1,368
1,20,none,118,119,2,0,336
1,20,PC,120,120,1,1,337
1,20,none,121,124,4,0,336
1,20,HV,125,130,6,1,313
1,20,none,131,134,4,0,336
1,20,HV,135,145,11,1,313
1,20,"HV,RCL",146,146,1,2,330
1,20,HV,147,153,7,1,313
1,20,none,154,159,6,0,336
1,20,RCL,160,160,1,1,362
1,20,"BV,HV,RCL",161,161,1,3,209
1,20,RCL,162,163,2,1,362
1,20,"RCA,RCL",164,164,1,2,359
1,20,RCL,165,166,2,1,362
1,20,"BV,RCL",167,167,1,2,213
1,20,RCL,168,169,2,1,362
1,20,none,170,171,2,0,336
1,20,HV,172,178,7,1,313
1,20,RCL,179,191,13,1,362
1,20,none,192,201,10,0,336
1,20,"HV,RCL",202,202,1,2,330
1,20,"BV,GC,HV,RCL",203,203,1,4,193
1,20,"HV,RCL",204,209,6,2,330
1,20,RCL,210,210,1,1,362
1,20,none,211,219,9,0,336
1,20,HC,220,221,2,1,298
1,20,none,222,230,9,0,336
1,20,HV,231,236,6,1,313
1,20,"HV,RCL",237,240,4,2,330
1,20,RCL,241,244,4,1,362
1,20,none,245,251,7,0,336
1,20,RS,252,256,5,1,368
1,20,"HV,RS",257,261,5,2,335
1,20,RS,262,267,6,1,368
1,20,"HV,RS",268,268,1,2,335
1,20,RS,269,284,16,1,368
1,20,none,285,288,4,0,336
1,20,RS,289,304,16,1,368
1,20,none,305,308,4,0,336
1,20,RS,309,309,1,1,368
1,20,none,310,314,5,0,336
1,20,RS,315,315,1,1,368
1,20,none,316,363,48,0,336
1,20,PC,364,364,1,1,337
1,21,RS,8,8,1,1,368
1,21,none,9,18,10,0,336
1,21,PC,19,19,1,1,337
1,21,none,20,26,7,0,336
1,21,PC,27,68,42,1,337
1,21,none,69,78,10,0,336
1,21,PC,79,85,7,1,337
1,21,"PC,RS",86,86,1,2,349
1,21,PC,87,90,4,1,337
1,21,"PC,RS",91,91,1,2,349
1,21,PC,92,95,4,1,337
1,21,"PC,RS",96,107,12,2,349
1,21,PC,108,111,4,1,337
1,21,none,112,115,4,0,336
1,21,RS,116,116,1,1,368
1,21,none,117,120,4,0,336
1,21,RS,121,124,4,1,368
1,21,"PC,RS",125,128,4,2,349
1,21,RS,129,132,4,1,368
1,21,"PC,RS",133,135,3,2,349
1,21,RS,136,139,4,1,368
1,21,"PC,RS",140,140,1,2,349
1,21,"HV,PC,RS",141,150,10,3,321
1,21,"AC,HV,RS",151,151,1,3,143
1,21,"AC,HV,RCL,RS",152,152,1,4,142
1,21,"AC,HV,RS",153,161,9,3,143
1,21,"AC,GC,HV,RS",162,163,2,4,116
1,21,"AC,GC,HV,RCL,RS",164,164,1,5,115
1,21,"AC,GC,HV,RS",165,171,7,4,116
1,21,"AC,GC,HV,RCL,RS",172,188,17,5,115
1,21,"GC,RCL,RS",189,189,1,3,296
1,21,"RCL,RS",190,190,1,2,365
1,21,RCL,191,193,3,1,362
1,21,"GC,RCL",194,194,1,2,295
1,21,RCL,195,224,30,1,362
1,21,"HC,RCL",225,225,1,2,310
1,21,RCL,226,231,6,1,362
1,21,"RCL,RS",232,232,1,2,365
1,21,RCL,233,236,4,1,362
1,21,"HV,RCL",237,241,5,2,330
1,21,RCL,242,250,9,1,362
1,21,"RCL,RS",251,251,1,2,365
1,21,RCL,252,257,6,1,362
1,21,"HV,RCL",258,258,1,2,330
1,21,RCL,259,272,14,1,362
1,21,"RCL,RS",273,278,6,2,365
1,21,RS,279,284,6,1,368
1,21,none,285,303,19,0,336
1,21,RS,304,312,9,1,368
1,22,RS,43,43,1,1,368
1,22,none,44,45,2,0,336
1,22,PC,46,46,1,1,337
1,22,none,47,58,12,0,336
1,22,PC,59,59,1,1,337
1,22,none,60,72,13,0,336
1,22,PC,73,75,3,1,337
1,22,none,76,85,10,0,336
1,22,PC,86,89,4,1,337
1,22,"PC,RS",90,92,3,2,349
1,22,PC,93,98,6,1,337
1,22,"PC,RS",99,106,8,2,349
1,22,"HV,PC,RS",107,107,1,3,321
1,22,"PC,RS",108,117,10,2,349
1,22,PC,118,123,6,1,337
1,22,none,124,133,10,0,336
1,22,AC,134,141,8,1,1
1,22,"AC,HV,PC",142,142,1,3,136
1,22,"AC,HV",143,143,1,2,135
1,22,AC,144,144,1,1,1
1,22,"AC,RCL",145,145,1,2,150
1,22,RCL,146,149,4,1,362
1,22,"HV,RCL",150,150,1,2,330
1,22,"AC,HV,RCL",151,152,2,3,141
1,22,"AC,RCL",153,153,1,2,150
1,22,"AC,HC,RCL",154,155,2,3,133
1,22,"AC,BW,HC,RCL",156,156,1,4,89
1,22,"AC,HC,RCL",157,157,1,3,133
1,22,"AC,RCL",158,158,1,2,150
1,22,RCL,159,167,9,1,362
1,22,none,168,171,4,0,336
1,22,HV,172,172,1,1,313
1,22,none,173,182,10,0,336
1,22,BV,183,183,1,1,154
1,22,none,184,246,63,0,336
1,22,HV,247,256,10,1,313
1,22,"GC,HV",257,257,1,2,282
1,22,"HV,RS",258,261,4,2,335
1,22,"GC,HV,RS",262,262,1,3,291
1,22,"HV,RS",263,267,5,2,335
1,22,RS,268,300,33,1,368
1,22,none,301,306,6,0,336
1,22,RS,307,311,5,1,368
1,22,none,312,316,5,0,336
1,22,RS,317,317,1,1,368
1,22,none,318,322,5,0,336
1,22,RS,323,335,13,1,368
1,23,RS,4,10,7,1,368
1,23,none,11,16,6,0,336
1,23,PC,17,17,1,1,337
1,23,none,18,26,9,0,336
1,23,RS,27,28,2,1,368
1,23,none,29,54,26,0,336
1,23,PC,55,55,1,1,337
1,23,none,56,63,8,0,336
1,23,PC,64,64,1,1,337
1,23,none,65,72,8,0,336
1,23,PC,73,85,13,1,337
1,23,"HV,PC",86,86,1,2,314
1,23,PC,87,87,1,1,337
1,23,"PC,RS",88,90,3,2,349
1,23,"HV,PC,RS",91,94,4,3,321
1,23,"PC,RS",95,99,5,2,349
1,23,PC,100,105,6,1,337
1,23,"PC,RS",106,107,2,2,349
1,23,none,108,111,4,0,336
1,23,"PC,RS",112,112,1,2,349
1,23,PC,113,115,3,1,337
1,23,none,116,118,3,0,336
1,23,RS,119,119,1,1,368
1,23,none,120,122,3,0,336
1,23,PC,123,123,1,1,337
1,23,"PC,RS",124,124,1,2,349
1,23,"HV,PC,RS",125,126,2,3,321
1,23,"HV,RS",127,127,1,2,335
1,23,HV,128,128,1,1,313
1,23,none,129,133,5,0,336
1,23,RS,134,136,3,1,368
1,23,"HV,RS",137,138,2,2,335
1,23,RS,139,142,4,1,368
1,23,"HV,RS",143,145,3,2,335
1,23,"HV,RCL,RS",146,157,12,3,332
1,23,"AC,BV,BW,HV,RCL,RS",158,158,1,6,39
1,23,"AC,BV,BW,GC,HV,RCA,RCL,RS",159,162,4,8,14
1,23,"AC,BV,GC,HV,RCA,RCL,RS",163,166,4,7,51
1,23,"HV,RCA,RCL,RS",167,170,4,4,328
1,23,"HV,RCA,RCL",171,174,4,3,327
1,23,"BV,HV,RCA,RCL",175,175,1,4,207
1,23,"HV,RCA,RCL",176,183,8,3,327
1,23,"BV,GC,HV,RCA,RCL",184,184,1,5,191
1,23,"GC,HV,RCA,RCL",185,185,1,4,287
1,23,"HV,RCA,RCL",186,189,4,3,327
1,23,"GC,HV,RCA,RCL",190,193,4,4,287
1,23,"BV,GC,HV,RCA,RCL",194,194,1,5,191
1,23,"BV,HV,RCA,RCL,RS",195,196,2,5,208
1,23,"HV,RCA,RCL,RS",197,198,2,4,328
1,23,"HV,RCA,RCL",199,205,7,3,327
1,23,"RCA,RCL",206,210,5,2,359
1,23,"HV,RCA,RCL",211,211,1,3,327
1,23,"RCA,RCL",212,215,4,2,359
1,23,"HV,RCA,RCL",216,216,1,3,327
1,23,"BV,RCA,RCL",217,217,1,3,212
1,23,"RCA,RCL",218,222,5,2,359
1,23,RCL,223,229,7,1,362
1,23,"HV,RCL",230,230,1,2,330
1,23,RCL,231,241,11,1,362
1,23,"BV,RCL",242,261,20,2,213
1,23,BV,262,264,3,1,154
1,23,none,265,268,4,0,336
1,23,RCL,269,272,4,1,362
1,23,none,273,281,9,0,336
1,23,RS,282,285,4,1,368
1,23,none,286,291,6,0,336
1,23,RS,292,310,19,1,368
1,23,none,311,326,16,0,336
1,23,RS,327,329,3,1,368
1,23,none,330,337,8,0,336
1,23,RS,338,338,1,1,368
1,24,PC,51,51,1,1,337
1,24,none,52,55,4,0,336
1,24,"PC,RS",56,56,1,2,349
1,24,"PC,RP,RS",57,57,1,3,348
1,24,PC,58,60,3,1,337
1,24,"PC,PT",61,61,1,2,338
1,24,"PC,PT,RS",62,65,4,3,341
1,24,"PC,PT,RP,RS",66,72,7,4,340
1,24,"PC,PT,RS",73,74,2,3,341
1,24,"PC,RS",75,76,2,2,349
1,24,"PC,RP,RS",77,77,1,3,348
1,24,"PC,RS",78,90,13,2,349
1,24,"PC,RP,RS",91,91,1,3,348
1,24,"HV,PC,RS",92,92,1,3,321
1,24,"HV,PC,RCL,RS",93,94,2,4,319
1,24,"PC,RCL,RS",95,99,5,3,346
1,24,"HV,PC,RS",100,100,1,3,321
1,24,"PC,RS",101,104,4,2,349
1,24,"PC,RCL,RS",105,105,1,3,346
1,24,"PC,RS",106,110,5,2,349
1,24,"PC,RCA,RCL,RS",111,111,1,4,343
1,24,"PC,RS",112,115,4,2,349
1,24,RS,116,116,1,1,368
1,24,"RCL,RS",117,117,1,2,365
1,24,"BW,HV,RCL,RS",118,118,1,4,251
1,24,"RCL,RS",119,122,4,2,365
1,24,"HV,RCL,RS",123,123,1,3,332
1,24,"RCA,RCL,RS",124,124,1,3,360
1,24,"RCL,RS",125,128,4,2,365
1,24,"HV,RCL,RS",129,131,3,3,332
1,24,"BW,HV,RCL,RS",132,132,1,4,251
1,24,"HV,RCL,RS",133,136,4,3,332
1,24,"RCL,RS",137,138,2,2,365
1,24,"RCA,RCL,RS",139,140,2,3,360
1,24,"HV,RCA,RCL,RS",141,141,1,4,328
1,24,"BV,BW,HV,RCA,RCL,RS",142,143,2,6,178
1,24,"BV,HV,RCA,RCL,RS",144,146,3,5,208
1,24,"BV,GC,HV,RCA,RCL,RS",147,148,2,6,192
1,24,"AC,GC,HV,RCA,RCL,RS",149,149,1,6,113
1,24,"GC,HV,RCA,RCL,RS",150,153,4,5,288
1,24,"BV,GC,HV,RCA,RCL,RS",154,154,1,6,192
1,24,"BV,BW,GC,HV,RCA,RCL,RS",155,155,1,7,163
1,24,"GC,HV,RCA,RCL,RS",156,159,4,5,288
1,24,"GC,HV,RCL,RS",160,160,1,4,290
1,24,"BV,BW,GC,HC,HV,RCL,RS",161,162,2,7,159
1,24,"BV,BW,GC,HV,RCL,RS",163,167,5,6,165
1,24,"BV,GC,HV,RCL,RS",168,169,2,5,194
1,24,"GC,HV,RCL,RS",170,172,3,4,290
1,24,"GC,HV,RCL",173,176,4,3,289
1,24,"BV,GC,HV,RCL,RS",177,177,1,5,194
1,24,"BV,BW,GC,HV,RCL,RS",178,178,1,6,165
1,24,"BV,GC,HV,RCL,RS",179,184,6,5,194
1,24,"GC,HV,RCL",185,187,3,3,289
1,24,"HV,RCL",188,202,15,2,330
1,24,RCL,203,203,1,1,362
1,24,none,204,216,13,0,336
1,24,"BV,HV",217,217,1,2,204
1,24,"BV,GC,HV,RCL,RS",218,218,1,5,194
1,24,"BV,HV,RCL",219,219,1,3,209
1,24,"HV,RCL",220,234,15,2,330
1,24,"GC,HV,RCL,RS",235,235,1,4,290
1,24,"HV,RCL",236,246,11,2,330
1,24,RCL,247,252,6,1,362
1,24,none,253,259,7,0,336
1,24,RS,260,260,1,1,368
1,24,none,261,266,6,0,336
1,24,RS,267,290,24,1,368
1,24,none,291,294,4,0,336
1,24,RS,295,316,22,1,368
1,24,none,317,340,24,0,336
1,24,RS,341,341,1,1,368
2,1,HV,28,28,1,1,313
2,1,none,29,51,23,0,336
2,1,RS,52,71,20,1,368
2,1,"PC,RS",72,92,21,2,349
2,1,none,93,99,7,0,336
2,1,"PC,RS",100,100,1,2,349
2,1,RS,101,117,17,1,368
2,1,"HV,RS",118,125,8,2,335
2,1,HV,126,132,7,1,313
2,1,none,133,137,5,0,336
2,1,HV,138,153,16,1,313
2,1,"GC,HV",154,154,1,2,282
2,1,HV,155,158,4,1,313
2,1,"HC,HV",159,159,1,2,299
2,1,HV,160,164,5,1,313
2,1,"HC,HV",165,166,2,2,299
2,1,HV,167,183,17,1,313
2,1,"HC,HV",184,185,2,2,299
2,1,"BW,GC,HC,HV",186,186,1,4,217
2,1,"BW,GC,HC,HV,RS",187,188,2,5,222
2,1,"BW,HV",189,191,3,2,242
2,1,none,192,199,8,0,336
2,1,HV,200,205,6,1,313
2,1,"GC,HV",206,213,8,2,282
2,1,HV,214,224,11,1,313
2,1,none,225,253,29,0,336
2,1,RS,254,255,2,1,368
2,1,"HV,RS",256,256,1,2,335
2,1,RS,257,261,5,1,368
2,1,"HV,RS",262,262,1,2,335
2,1,RS,263,267,5,1,368
2,1,"RCA,RS",268,268,1,2,361
2,1,"HV,RS",269,271,3,2,335
2,1,RS,272,274,3,1,368
2,1,none,275,289,15,0,336
2,1,RS,290,296,7,1,368
2,1,none,297,309,13,0,336
2,1,RS,310,315,6,1,368
2,1,none,316,320,5,0,336
2,1,RS,321,325,5,1,368
2,1,none,326,362,37,0,336
2,1,RS,363,363,1,1,368
2,2,RS,9,13,5,1,368
2,2,"PC,RS",14,14,1,2,349
2,2,RS,15,18,4,1,368
2,2,none,19,22,4,0,336
2,2,PC,23,23,1,1,337
2,2,RS,24,24,1,1,368
2,2,none,25,36,12,0,336
2,2,"PC,RS",37,37,1,2,349
2,2,RS,38,43,6,1,368
2,2,"PC,RS",44,45,2,2,349
2,2,PC,46,49,4,1,337
2,2,"PC,RS",50,50,1,2,349
2,2,"PC,PT,RS",51,51,1,3,341
2,2,"PC,RS",52,55,4,2,349
2,2,"PC,RP,RS",56,56,1,3,348
2,2,"PC,RS",57,58,2,2,349
2,2,PC,59,66,8,1,337
2,2,"PC,RP",67,69,3,2,347
2,2,"PC,RP,RS",70,82,13,3,348
2,2,"PC,RP",83,87,5,2,347
2,2,PC,88,94,7,1,337
2,2,"PC,RS",95,104,10,2,349
2,2,PC,105,109,5,1,337
2,2,"PC,RS",110,110,1,2,349
2,2,PC,111,113,3,1,337
2,2,"HV,PC",114,114,1,2,314
2,2,"HV,PC,RS",115,117,3,3,321
2,2,"HV,PC",118,118,1,2,314
2,2,"BW,HV,PC",119,119,1,3,243
2,2,PC,120,120,1,1,337
2,2,none,121,124,4,0,336
2,2,"HV,PC,RS",125,126,2,3,321
2,2,"BW,HV,PC,RS",127,127,1,4,245
2,2,"BW,HV,PC",128,128,1,3,243
2,2,HV,129,129,1,1,313
2,2,none,130,130,1,0,336
2,2,RCL,131,136,6,1,362
2,2,none,137,140,4,0,336
2,2,RCL,141,141,1,1,362
2,2,none,142,154,13,0,336
2,2,"HV,RCL",155,156,2,2,330
2,2,none,157,168,12,0,336
2,2,"HV,RCL",169,171,3,2,330
2,2,none,172,175,4,0,336
2,2,"BV,BW,GC,HV,RCL",176,176,1,5,164
2,2,none,177,182,6,0,336
2,2,"HV,RCL",183,183,1,2,330
2,2,none,184,196,13,0,336
2,2,"HV,RCL",197,197,1,2,330
2,2,none,198,203,6,0,336
2,2,"HV,RCL",204,224,21,2,330
2,2,"GC,HV,RCL",225,225,1,3,289
2,2,"HV,RCL",226,234,9,2,330
2,2,none,235,238,4,0,336
2,2,"HV,RCL,RS",239,239,1,3,332
2,2,none,240,245,6,0,336
2,2,"HV,RCL",246,246,1,2,330
2,2,none,247,252,6,0,336
2,2,HV,253,259,7,1,313
2,2,RCL,260,261,2,1,362
2,2,"RCL,RS",262,265,4,2,365
2,2,RS,266,266,1,1,368
2,2,none,267,273,7,0,336
2,2,RS,274,274,1,1,368
2,2,none,275,278,4,0,336
2,2,RS,279,281,3,1,368
2,2,none,282,294,13,0,336
2,2,RS,295,303,9,1,368
2,3,PC,47,48,2,1,337
2,3,none,49,54,6,0,336
2,3,PC,55,79,25,1,337
2,3,"PC,RS",80,81,2,2,349
2,3,PC,82,86,5,1,337
2,3,"PC,RS",87,87,1,2,349
2,3,PC,88,122,35,1,337
2,3,"HV,PC",123,123,1,2,314
2,3,"HV,RCL",124,124,1,2,330
2,3,HV,125,131,7,1,313
2,3,"BW,HV",132,132,1,2,242
2,3,HV,133,134,2,1,313
2,3,"HV,RCL",135,160,26,2,330
2,3,"BV,HV,RCL",161,164,4,3,209
2,3,"HV,RCL",165,178,14,2,330
2,3,RCL,179,183,5,1,362
2,3,"HV,RCL",184,184,1,2,330
2,3,RCL,185,189,5,1,362
2,3,"HV,RCL",190,191,2,2,330
2,3,"HV,RCA,RCL",192,192,1,3,327
2,3,"GC,HV,RCA,RCL",193,193,1,4,287
2,3,"HV,RCL",194,208,15,2,330
2,3,RCL,209,212,4,1,362
2,3,"HV,RCL",213,228,16,2,330
2,3,RCL,229,255,27,1,362
2,3,none,256,269,14,0,336
2,3,HV,270,270,1,1,313
2,3,"HV,RCL,RS",271,271,1,3,332
2,3,"HV,RS",272,272,1,2,335
2,3,none,273,309,37,0,336
2,3,RS,310,310,1,1,368
2,3,none,311,340,30,0,336
2,3,PC,341,341,1,1,337
2,4,PC,2,2,1,1,337
2,4,none,3,28,26,0,336
2,4,PC,29,29,1,1,337
2,4,none,30,34,5,0,336
2,4,PC,35,35,1,1,337
2,4,none,36,42,7,0,336
2,4,PC,43,43,1,1,337
2,4,"PC,RS",44,44,1,2,349
2,4,PC,45,49,5,1,337
2,4,"PC,RS",50,50,1,2,349
2,4,PC,51,58,8,1,337
2,4,"PC,RS",59,59,1,2,349
2,4,RS,60,62,3,1,368
2,4,none,63,66,4,0,336
2,4,PC,67,73,7,1,337
2,4,"PC,RS",74,76,3,2,349
2,4,PC,77,80,4,1,337
2,4,"PC,RP,RS",81,81,1,3,348
2,4,"PC,RS",82,87,6,2,349
2,4,"PC,RP,RS",88,89,2,3,348
2,4,"PC,RS",90,94,5,2,349
2,4,PC,95,104,10,1,337
2,4,none,105,106,2,0,336
2,4,RS,107,116,10,1,368
2,4,"RCL,RS",117,118,2,2,365
2,4,RCL,119,134,16,1,362
2,4,"BW,RCL",135,135,1,2,267
2,4,RCL,136,139,4,1,362
2,4,"HV,RCL",140,140,1,2,330
2,4,RCL,141,144,4,1,362
2,4,"RCL,RS",145,145,1,2,365
2,4,RCL,146,146,1,1,362
2,4,"HV,RCL",147,158,12,2,330
2,4,"HC,HV,RCL",159,159,1,3,303
2,4,"GC,HC,HV,RCL",160,176,17,4,277
2,4,"GC,HV,RCL",177,180,4,3,289
2,4,"GC,HC,HV,RCL",181,188,8,4,277
2,4,"GC,HC,HV,RCA,RCL",189,189,1,5,275
2,4,"GC,HC,HV,RCL",190,205,16,4,277
2,4,"GC,HC,HV,RCA,RCL",206,206,1,5,275
2,4,"HC,HV,RCL",207,210,4,3,303
2,4,"GC,HC,HV,RCL",211,220,10,4,277
2,4,"HC,HV,RCL",221,224,4,3,303
2,4,"HC,RCL",225,233,9,2,310
2,4,"GC,HC,HV,RCL",234,234,1,4,277
2,4,"HC,HV,RCL",235,242,8,3,303
2,4,"HV,RCL",243,245,3,2,330
2,4,"RCL,RS",246,246,1,2,365
2,4,RCL,247,251,5,1,362
2,4,none,252,257,6,0,336
2,4,RCL,258,263,6,1,362
2,4,none,264,305,42,0,336
2,4,RS,306,312,7,1,368
2,4,none,313,319,7,0,336
2,4,RCA,320,320,1,1,358
2,4,none,321,323,3,0,336
2,4,RS,324,324,1,1,368
2,4,none,325,353,29,0,336
2,4,RS,354,355,2,1,368
2,5,PC,27,27,1,1,337
2,5,none,28,45,18,0,336
2,5,PC,46,77,32,1,337
2,5,"HV,PC",78,78,1,2,314
2,5,PC,79,110,32,1,337
2,5,"PC,RCL",111,111,1,2,344
2,5,PC,112,114,3,1,337
2,5,none,115,117,3,0,336
2,5,RCL,118,151,34,1,362
2,5,"RCA,RCL",152,155,4,2,359
2,5,"HV,RCA,RCL",156,165,10,3,327
2,5,"HV,RCL",166,185,20,2,330
2,5,"GC,HC,HV,RCL",186,186,1,4,277
2,5,"HC,HV,RCL",187,194,8,3,303
2,5,"HC,RCL",195,214,20,2,310
2,5,"HC,HV,RCL",215,215,1,3,303
2,5,"HC,RCL",216,216,1,2,310
2,5,"HC,RCA,RCL",217,217,1,3,308
2,5,"HC,RCL",218,221,4,2,310
2,5,HC,222,225,4,1,298
2,5,"HC,HV",226,226,1,2,299
2,5,HC,227,228,2,1,298
2,5,"BV,HC",229,230,2,2,197
2,5,"HC,RCL",231,231,1,2,310
2,5,"HC,HV,RCL",232,232,1,3,303
2,5,"HC,RCL",233,237,5,2,310
2,5,none,238,246,9,0,336
2,5,HV,247,248,2,1,313
2,5,none,249,253,5,0,336
2,5,"HV,RCL",254,254,1,2,330
2,5,RCL,255,255,1,1,362
2,5,none,256,261,6,0,336
2,5,RCL,262,262,1,1,362
2,5,none,263,293,31,0,336
2,5,RS,294,296,3,1,368
2,5,none,297,297,1,0,336
2,5,RCA,298,298,1,1,358
2,6,PC,60,73,14,1,337
2,6,"PC,RS",74,74,1,2,349
2,6,none,75,83,9,0,336
2,6,PC,84,87,4,1,337
2,6,"PC,RP",88,90,3,2,347
2,6,PC,91,91,1,1,337
2,6,"HV,PC",92,92,1,2,314
2,6,PC,93,96,4,1,337
2,6,"PC,RCA",97,97,1,2,342
2,6,"HV,PC",98,98,1,2,314
2,6,PC,99,113,15,1,337
2,6,none,114,132,19,0,336
2,6,"HV,RCA",133,135,3,2,326
2,6,HV,136,150,15,1,313
2,6,none,151,151,1,0,336
2,6,RCL,152,153,2,1,362
2,6,none,154,155,2,0,336
2,6,"HV,RCA",156,156,1,2,326
2,6,HV,157,159,3,1,313
2,6,"HC,HV",160,171,12,2,299
2,6,HC,172,173,2,1,298
2,6,none,174,179,6,0,336
2,6,HC,180,184,5,1,298
2,6,"HC,HV",185,194,10,2,299
2,6,"BV,HC,HV",195,195,1,3,198
2,6,"HC,HV",196,198,3,2,299
2,6,HC,199,201,3,1,298
2,6,none,202,205,4,0,336
2,6,HC,206,206,1,1,298
2,6,none,207,216,10,0,336
2,6,HV,217,217,1,1,313
2,6,"HC,HV",218,219,2,2,299
2,6,HC,220,233,14,1,298
2,6,"HC,HV",234,241,8,2,299
2,6,HC,242,242,1,1,298
2,6,RCL,243,247,5,1,362
2,6,"HC,RCL",248,250,3,2,310
2,6,RCL,251,260,10,1,362
2,6,HV,261,264,4,1,313
2,6,"HV,RCL",265,266,2,2,330
2,6,RCL,267,279,13,1,362
2,6,"RCL,RS",280,280,1,2,365
2,6,RCL,281,282,2,1,362
2,6,none,283,284,2,0,336
2,6,RS,285,317,33,1,368
2,6,none,318,332,15,0,336
2,6,RS,333,340,8,1,368
2,7,PC,75,78,4,1,337
2,7,"PC,RS",79,81,3,2,349
2,7,PC,82,82,1,1,337
2,7,"PC,PT",83,85,3,2,338
2,7,PC,86,92,7,1,337
2,7,"PC,RS",93,93,1,2,349
2,7,PC,94,95,2,1,337
2,7,"HV,PC",96,96,1,2,314
2,7,PC,97,97,1,1,337
2,7,"PC,RS",98,105,8,2,349
2,7,"HV,PC,RCL",106,113,8,3,318
2,7,"HV,RCL",114,115,2,2,330
2,7,RCL,116,119,4,1,362
2,7,"HV,RCL",120,120,1,2,330
2,7,RCL,121,122,2,1,362
2,7,none,123,126,4,0,336
2,7,HV,127,127,1,1,313
2,7,"HV,RCL",128,130,3,2,330
2,7,RCL,131,136,6,1,362
2,7,"BV,RCL",137,137,1,2,213
2,7,"HV,RCL",138,151,14,2,330
2,7,"HC,HV,RCL",152,152,1,3,303
2,7,"GC,HV,RCL",153,153,1,3,289
2,7,"HV,RCL",154,159,6,2,330
2,7,"HC,HV,RCL",160,162,3,3,303
2,7,HV,163,176,14,1,313
2,7,"HV,RCL",177,177,1,2,330
2,7,"HC,HV",178,179,2,2,299
2,7,HV,180,186,7,1,313
2,7,"HC,HV",187,187,1,2,299
2,7,"GC,HC,HV,RCL",188,188,1,4,277
2,7,"HC,HV,RCL",189,190,2,3,303
2,7,"HC,HV",191,191,1,2,299
2,7,HV,192,197,6,1,313
2,7,"HC,HV,RCL",198,199,2,3,303
2,7,"HC,HV",200,206,7,2,299
2,7,"HC,HV,RCL",207,207,1,3,303
2,7,"HC,HV",208,213,6,2,299
2,7,"HC,HV,RCL",214,214,1,3,303
2,7,"GC,HC,HV,RCL",215,217,3,4,277
2,7,"GC,HC,HV",218,220,3,3,274
2,7,"HC,HV",221,246,26,2,299
2,7,HV,247,247,1,1,313
2,7,none,248,254,7,0,336
2,7,HV,255,257,3,1,313
2,8,PC,62,71,10,1,337
2,8,"PC,PT",72,73,2,2,338
2,8,"PC,PT,RS",74,77,4,3,341
2,8,"PC,RS",78,88,11,2,349
2,8,PC,89,92,4,1,337
2,8,"PC,RS",93,93,1,2,349
2,8,PC,94,98,5,1,337
2,8,"PC,RS",99,99,1,2,349
2,8,none,100,103,4,0,336
2,8,RS,104,104,1,1,368
2,8,"PC,RS",105,107,3,2,349
2,8,RS,108,109,2,1,368
2,8,none,110,140,31,0,336
2,8,RCL,141,157,17,1,362
2,8,none,158,166,9,0,336
2,8,HV,167,169,3,1,313
2,8,"GC,HV,RCL",170,172,3,3,289
2,8,"HV,RCL",173,179,7,2,330
2,8,"HC,HV,RCL",180,188,9,3,303
2,8,"BW,HC,HV,RCL",189,189,1,4,236
2,8,"GC,HC,HV,RCL",190,190,1,4,277
2,8,"HC,HV,RCL",191,193,3,3,303
2,8,"HC,RCL",194,203,10,2,310
2,8,HC,204,222,19,1,298
2,8,"HC,RCL",223,223,1,2,310
2,8,HC,224,231,8,1,298
2,8,none,232,251,20,0,336
2,8,RCL,252,252,1,1,362
2,8,HC,253,258,6,1,298
2,8,"HC,HV",259,260,2,2,299
2,8,"HC,HV,RS",261,261,1,3,305
2,8,"HC,HV,RCL,RS",262,265,4,4,304
2,8,none,266,283,18,0,336
2,8,"RCL,RS",284,284,1,2,365
2,8,RS,285,291,7,1,368
2,9,PC,54,54,1,1,337
2,9,none,55,63,9,0,336
2,9,PC,64,85,22,1,337
2,9,none,86,89,4,0,336
2,9,PC,90,109,20,1,337
2,9,"PC,PT",110,110,1,2,338
2,9,PC,111,118,8,1,337
2,9,"PC,PT",119,119,1,2,338
2,9,PC,120,120,1,1,337
2,9,"HV,PC",121,121,1,2,314
2,9,PC,122,125,4,1,337
2,9,"HV,PC",126,126,1,2,314
2,9,PC,127,131,5,1,337
2,9,"HV,PC",132,145,14,2,314
2,9,HV,146,153,8,1,313
2,9,"HC,HV",154,162,9,2,299
2,9,none,163,166,4,0,336
2,9,HV,167,178,12,1,313
2,9,none,179,189,11,0,336
2,9,HV,190,190,1,1,313
2,9,"HV,RCL",191,193,3,2,330
2,9,"HC,HV,RCL",194,194,1,3,303
2,9,"HV,RCL",195,198,4,2,330
2,9,RCL,199,200,2,1,362
2,9,none,201,204,4,0,336
2,9,RCL,205,205,1,1,362
2,9,HV,206,206,1,1,313
2,9,none,207,212,6,0,336
2,9,RCL,213,213,1,1,362
2,9,none,214,234,21,0,336
2,9,HV,235,235,1,1,313
2,9,none,236,243,8,0,336
2,9,HC,244,249,6,1,298
2,9,none,250,272,23,0,336
2,9,RS,273,273,1,1,368
2,9,none,274,277,4,0,336
2,9,RS,278,296,19,1,368
2,9,HV,297,297,1,1,313
2,9,none,298,309,12,0,336
2,9,RS,310,354,45,1,368
2,10,RS,10,10,1,1,368
2,10,none,11,40,30,0,336
2,10,PC,41,47,7,1,337
2,10,"PC,RS",48,54,7,2,349
2,10,PC,55,58,4,1,337
2,10,"PC,RS",59,65,7,2,349
2,10,PC,66,76,11,1,337
2,10,"PC,RS",77,79,3,2,349
2,10,"PC,PT,RS",80,92,13,3,341
2,10,"PC,PT,RP,RS",93,93,1,4,340
2,10,"PC,RP,RS",94,95,2,3,348
2,10,"HV,PC,RP,RS",96,96,1,4,320
2,10,"PC,RP,RS",97,99,3,3,348
2,10,"PC,RS",100,101,2,2,349
2,10,PC,102,107,6,1,337
2,10,"PC,RS",108,108,1,2,349
2,10,PC,109,119,11,1,337
2,10,none,120,127,8,0,336
2,10,HV,128,139,12,1,313
2,10,none,140,145,6,0,336
2,10,RCL,146,170,25,1,362
2,10,"HV,RCL",171,171,1,2,330
2,10,RCL,172,176,5,1,362
2,10,none,177,179,3,0,336
2,10,HV,180,188,9,1,313
2,10,none,189,204,16,0,336
2,10,HC,205,205,1,1,298
2,10,none,206,207,2,0,336
2,10,HV,208,210,3,1,313
2,10,none,211,246,36,0,336
2,10,HC,247,247,1,1,298
2,10,none,248,273,26,0,336
2,10,RS,274,303,30,1,368
2,10,none,304,307,4,0,336
2,10,RS,308,314,7,1,368
2,10,none,315,319,5,0,336
2,10,RS,320,321,2,1,368
2,10,none,322,325,4,0,336
2,10,RS,326,335,10,1,368
2,10,none,336,339,4,0,336
2,10,RS,340,344,5,1,368
2,10,none,345,351,7,0,336
2,10,RS,352,352,1,1,368
2,11,RS,16,16,1,1,368
2,11,none,17,49,33,0,336
2,11,RS,50,50,1,1,368
2,11,none,51,55,5,0,336
2,11,RS,56,56,1,1,368
2,11,none,57,75,19,0,336
2,11,RS,76,80,5,1,368
2,11,"PC,RS",81,89,9,2,349
2,11,PC,90,99,10,1,337
2,11,"GC,PC",100,104,5,2,292
2,11,PC,105,107,3,1,337
2,11,none,108,119,12,0,336
2,11,HV,120,120,1,1,313
2,11,none,121,124,4,0,336
2,11,HV,125,148,24,1,313
2,11,none,149,153,5,0,336
2,11,HV,154,172,19,1,313
2,11,none,173,303,131,0,336
2,11,RS,304,314,11,1,368
2,12,HV,88,88,1,1,313
2,12,none,89,93,5,0,336
2,12,HV,94,94,1,1,313
2,12,none,95,98,4,0,336
2,12,HV,99,100,2,1,313
2,12,"HV,RS",101,104,4,2,335
2,12,HV,105,106,2,1,313
2,12,none,107,111,5,0,336
2,12,HV,112,132,21,1,313
2,12,none,133,141,9,0,336
2,12,HV,142,148,7,1,313
2,12,none,149,205,57,0,336
2,12,AC,206,224,19,1,1
2,12,"AC,HV",225,227,3,2,135
2,12,"AC,HC,HV",228,229,2,3,122
2,12,"AC,HC",230,234,5,2,121
2,12,HC,235,236,2,1,298
2,12,"HC,RS",237,237,1,2,312
2,12,RS,238,239,2,1,368
2,12,none,240,248,9,0,336
2,12,AC,249,257,9,1,1
2,12,none,258,264,7,0,336
2,12,RS,265,265,1,1,368
2,12,none,266,285,20,0,336
2,12,RS,286,315,30,1,368
2,12,none,316,321,6,0,336
2,12,RS,322,322,1,1,368
2,13,PC,4,4,1,1,337
2,13,none,5,27,23,0,336
2,13,PC,28,28,1,1,337
2,13,none,29,35,7,0,336
2,13,PC,36,36,1,1,337
2,13,"PC,RS",37,37,1,2,349
2,13,RS,38,41,4,1,368
2,13,none,42,46,5,0,336
2,13,PC,47,56,10,1,337
2,13,none,57,60,4,0,336
2,13,PC,61,61,1,1,337
2,13,"PC,RS",62,72,11,2,349
2,13,PC,73,83,11,1,337
2,13,none,84,88,5,0,336
2,13,PC,89,100,12,1,337
2,13,none,101,122,22,0,336
2,13,HV,123,126,4,1,313
2,13,none,127,130,4,0,336
2,13,HV,131,134,4,1,313
2,13,none,135,138,4,0,336
2,13,HV,139,144,6,1,313
2,13,"AC,HV",145,145,1,2,135
2,13,AC,146,152,7,1,1
2,13,"AC,PT",153,153,1,2,146
2,13,AC,154,155,2,1,1
2,13,"AC,HV",156,156,1,2,135
2,13,"AC,HV,RS",157,163,7,3,143
2,13,"AC,HV",164,164,1,2,135
2,13,AC,165,172,8,1,1
2,13,"AC,HV",173,173,1,2,135
2,13,AC,174,178,5,1,1
2,13,"AC,HV",179,179,1,2,135
2,13,"AC,HV,RCL",180,188,9,3,141
2,13,"AC,RCL",189,189,1,2,150
2,13,"AC,HC",190,196,7,2,121
2,13,"AC,HC,HV",197,201,5,3,122
2,13,"AC,HC",202,218,17,2,121
2,13,AC,219,222,4,1,1
2,13,"AC,HC,HV",223,223,1,3,122
2,13,"AC,HC,RCL",224,228,5,3,133
2,13,"AC,HC,HV,RCL",229,230,2,4,127
2,13,"AC,HC,RCL",231,234,4,3,133
2,13,"AC,RCL",235,242,8,2,150
2,13,AC,243,244,2,1,1
2,13,none,245,248,4,0,336
2,13,HV,249,253,5,1,313
2,13,none,254,261,8,0,336
2,13,RCL,262,263,2,1,362
2,13,none,264,278,15,0,336
2,13,RCL,279,283,5,1,362
2,13,none,284,297,14,0,336
2,13,RCL,298,306,9,1,362
2,14,RS,17,17,1,1,368
2,14,none,18,66,49,0,336
2,14,PC,67,67,1,1,337
2,14,none,68,71,4,0,336
2,14,PC,72,88,17,1,337
2,14,none,89,92,4,0,336
2,14,PC,93,98,6,1,337
2,14,"PC,RS",99,100,2,2,349
2,14,PC,101,108,8,1,337
2,14,none,109,113,5,0,336
2,14,RS,114,114,1,1,368
2,14,none,115,116,2,0,336
2,14,AC,117,117,1,1,1
2,14,none,118,118,1,0,336
2,14,HV,119,120,2,1,313
2,14,none,121,125,5,0,336
2,14,HV,126,129,4,1,313
2,14,none,130,137,8,0,336
2,14,AC,138,154,17,1,1
2,14,"AC,HV",155,166,12,2,135
2,14,"AC,HC,HV",167,170,4,3,122
2,14,"AC,HV",171,175,5,2,135
2,14,"AC,GC,HV",176,176,1,3,110
2,14,"AC,GC,HC,HV",177,178,2,4,101
2,14,"AC,HC,HV",179,180,2,3,122
2,14,"AC,HV",181,188,8,2,135
2,14,"AC,GC,HV",189,189,1,3,110
2,14,"AC,HV",190,220,31,2,135
2,14,"AC,RCL",221,223,3,2,150
2,14,"AC,RCL,RS",224,224,1,3,151
2,14,"AC,HV,RCL,RS",225,232,8,4,142
2,14,"AC,HV,RCL",233,237,5,3,141
2,14,"HV,RCL,RS",238,240,3,3,332
2,14,"HV,RS",241,243,3,2,335
2,14,HV,244,254,11,1,313
2,14,"HV,RS",255,258,4,2,335
2,14,none,259,268,10,0,336
2,14,RS,269,298,30,1,368
2,14,none,299,302,4,0,336
2,14,RS,303,306,4,1,368
2,14,none,307,320,14,0,336
2,14,RS,321,321,1,1,368
2,15,RS,3,3,1,1,368
2,15,none,4,53,50,0,336
2,15,PC,54,54,1,1,337
2,15,none,55,58,4,0,336
2,15,PC,59,59,1,1,337
2,15,none,60,64,5,0,336
2,15,PC,65,95,31,1,337
2,15,"PC,PT",96,97,2,2,338
2,15,"PC,RS",98,101,4,2,349
2,15,"HV,PC,RS",102,109,8,3,321
2,15,"HV,PC,PT",110,110,1,3,315
2,15,HV,111,111,1,1,313
2,15,none,112,122,11,0,336
2,15,HV,123,133,11,1,313
2,15,"HV,RS",134,135,2,2,335
2,15,"AC,HV,RS",136,137,2,3,143
2,15,"AC,HV",138,138,1,2,135
2,15,"AC,HV,RCL",139,143,5,3,141
2,15,"HV,RCL,RS",144,148,5,3,332
2,15,"AC,HV,RCL,RS",149,155,7,4,142
2,15,"AC,HC,HV,RCL,RS",156,157,2,5,128
2,15,"AC,HV,RCL,RS",158,161,4,4,142
2,15,"AC,HV,RCA,RCL,RS",162,162,1,5,140
2,15,"AC,HV,RCL,RS",163,166,4,4,142
2,15,"AC,GC,HC,HV,RCL,RS",167,177,11,6,105
2,15,"AC,BV,GC,HC,HV,RCA,RCL,RS",178,181,4,8,46
2,15,"AC,GC,HC,HV,RCA,RCL,RS",182,183,2,7,103
2,15,"AC,HC,HV,RCA,RCL",184,185,2,5,124
2,15,"AC,BV,HC,HV,RCA,RCL",186,186,1,6,57
2,15,"AC,BV,HC,HV,RCL",187,188,2,5,59
2,15,"AC,BV,GC,HC,HV,RCL",189,189,1,6,47
2,15,"AC,BV,HC,HV,RCL",190,195,6,5,59
2,15,"AC,BV,GC,HC,HV,RCL,RS",196,197,2,7,48
2,15,"AC,HC,HV,RCL,RS",198,200,3,5,128
2,15,"AC,HC,HV,RCL",201,208,8,4,127
2,15,"AC,HV,RCL",209,209,1,3,141
2,15,"HV,RCL",210,210,1,2,330
2,15,HV,211,251,41,1,313
2,16,PC,60,60,1,1,337
2,16,none,61,71,11,0,336
2,16,"PC,RS",72,72,1,2,349
2,16,RS,73,78,6,1,368
2,16,"PC,RS",79,89,11,2,349
2,16,none,90,93,4,0,336
2,16,PC,94,95,2,1,337
2,16,"PC,PT,RS",96,96,1,3,341
2,16,"GC,HV,PC,PT",97,97,1,4,284
2,16,"GC,HV,PC",98,102,5,3,283
2,16,"GC,PC",103,105,3,2,292
2,16,GC,106,107,2,1,273
2,16,RS,108,112,5,1,368
2,16,none,113,116,4,0,336
2,16,HV,117,117,1,1,313
2,16,none,118,128,11,0,336
2,16,HV,129,129,1,1,313
2,16,none,130,133,4,0,336
2,16,HV,134,136,3,1,313
2,16,"HV,RCL",137,137,1,2,330
2,16,"BV,HV,RCL",138,138,1,3,209
2,16,"HV,RCL",139,140,2,2,330
2,16,"AC,HV,RCL",141,148,8,3,141
2,16,"AC,HV,RCL,RS",149,151,3,4,142
2,16,"AC,HV,RCL",152,160,9,3,141
2,16,"AC,RCL",161,167,7,2,150
2,16,"AC,HV,RCL",168,171,4,3,141
2,16,"AC,HV",172,174,3,2,135
2,16,"AC,HV,RS",175,175,1,3,143
2,16,"AC,GC,HV,RCL,RS",176,176,1,5,115
2,16,"AC,GC,HV,RCL",177,183,7,4,114
2,16,"AC,HV,RCL",184,187,4,3,141
2,16,"AC,HC,HV,RCL",188,193,6,4,127
2,16,"AC,HC,RCL",194,202,9,3,133
2,16,"AC,HC,HV,RCL",203,203,1,4,127
2,16,"AC,RCL",204,210,7,2,150
2,16,"AC,HC,RCL",211,211,1,3,133
2,16,"AC,RCL",212,218,7,2,150
2,16,AC,219,223,5,1,1
2,16,none,224,228,5,0,336
2,16,AC,229,229,1,1,1
2,16,none,230,235,6,0,336
2,16,AC,236,238,3,1,1
2,16,"AC,RCL",239,243,5,2,150
2,16,"AC,HV,RCL",244,250,7,3,141
2,16,"HV,RCL",251,253,3,2,330
2,16,"HV,RCL,RS",254,270,17,3,332
2,16,"RCL,RS",271,277,7,2,365
2,16,RS,278,281,4,1,368
2,16,"RCL,RS",282,282,1,2,365
2,16,RS,283,309,27,1,368
2,16,none,310,314,5,0,336
2,16,RS,315,316,2,1,368
2,16,none,317,327,11,0,336
2,16,RS,328,328,1,1,368
2,17,PC,14,14,1,1,337
2,17,none,15,19,5,0,336
2,17,PC,20,20,1,1,337
2,17,none,21,27,7,0,336
2,17,PC,28,29,2,1,337
2,17,none,30,31,2,0,336
2,17,RS,32,39,8,1,368
2,17,"PC,RS",40,48,9,2,349
2,17,PC,49,51,3,1,337
2,17,none,52,56,5,0,336
2,17,PC,57,75,19,1,337
2,17,"PC,RS",76,79,4,2,349
2,17,"PC,RP,RS",80,87,8,3,348
2,17,"PC,RP",88,90,3,2,347
2,17,PC,91,91,1,1,337
2,17,"PC,RCL,RS",92,94,3,3,346
2,17,"PC,RCL,RP,RS",95,96,2,4,345
2,17,"PC,RP,RS",97,97,1,3,348
2,17,"PC,RS",98,98,1,2,349
2,17,RS,99,102,4,1,368
2,17,"PC,RCL,RS",103,103,1,3,346
2,17,"PC,RCL",104,104,1,2,344
2,17,"HV,PC,RCL",105,105,1,3,318
2,17,"HV,RCL",106,108,3,2,330
2,17,RCL,109,112,4,1,362
2,17,"HV,RCL,RS",113,115,3,3,332
2,17,"HV,RCL",116,118,3,2,330
2,17,"HV,PC,RCL",119,119,1,3,318
2,17,"HV,PC,RCL,RS",120,121,2,4,319
2,17,"RCL,RS",122,122,1,2,365
2,17,"RCL,RP,RS",123,128,6,3,364
2,17,"HV,RCL,RP,RS",129,129,1,4,331
2,17,"AC,RCL,RS",130,133,4,3,151
2,17,"AC,HV,RCL,RS",134,135,2,4,142
2,17,"AC,HV,RCL",136,236,101,3,141
2,17,RCL,237,238,2,1,362
2,17,none,239,240,2,0,336
2,17,HV,241,241,1,1,313
2,17,none,242,245,4,0,336
2,17,HV,246,246,1,1,313
2,17,"HV,RCL",247,256,10,2,330
2,17,RCL,257,264,8,1,362
2,17,"HV,RCL",265,265,1,2,330
2,17,"HV,RCL,RS",266,269,4,3,332
2,17,"RCL,RS",270,282,13,2,365
2,17,RS,283,320,38,1,368
2,17,none,321,324,4,0,336
2,17,RS,325,325,1,1,368
2,18,PC,35,38,4,1,337
2,18,none,39,46,8,0,336
2,18,PC,47,75,29,1,337
2,18,"HV,PC",76,80,5,2,314
2,18,"HV,PC,RS",81,81,1,3,321
2,18,"PC,RS",82,84,3,2,349
2,18,PC,85,85,1,1,337
2,18,"HV,PC",86,86,1,2,314
2,18,PC,87,95,9,1,337
2,18,"HV,PC",96,96,1,2,314
2,18,none,97,100,4,0,336
2,18,PC,101,101,1,1,337
2,18,"HV,PC",102,104,3,2,314
2,18,PC,105,105,1,1,337
2,18,none,106,109,4,0,336
2,18,"HV,RCL",110,110,1,2,330
2,18,RCL,111,154,44,1,362
2,18,"AC,RCL",155,166,12,2,150
2,18,"AC,HV,RCL",167,167,1,3,141
2,18,"AC,BV,HV,RCL",168,169,2,4,64
2,18,"AC,BV,HC,HV,RCL",170,171,2,5,59
2,18,"AC,BV,BW,HV,RCL",172,172,1,5,38
2,18,"AC,BV,HV,RCL",173,173,1,4,64
2,18,"AC,RCL",174,177,4,2,150
2,18,"AC,HV,RCL",178,180,3,3,141
2,18,"AC,HC,HV,RCL",181,182,2,4,127
2,18,"AC,BV,HC,HV,RCL",183,184,2,5,59
2,18,"AC,BV,HV,RCL",185,185,1,4,64
2,18,"AC,HV,RCL",186,187,2,3,141
2,18,"AC,RCL",188,193,6,2,150
2,18,"AC,HC,RCL",194,197,4,3,133
2,18,"AC,BV,HC,HV,RCL",198,201,4,5,59
2,18,"AC,BV,HC,RCL",202,202,1,4,61
2,18,"AC,HC,RCL",203,203,1,3,133
2,18,"AC,RCL",204,206,3,2,150
2,18,RCL,207,210,4,1,362
2,18,"BV,HV,RCL",211,211,1,3,209
2,18,RCL,212,215,4,1,362
2,18,"BV,HV,RCL",216,216,1,3,209
2,18,"HV,RCL",217,217,1,2,330
2,18,RCL,218,222,5,1,362
2,18,"HV,RCL",223,223,1,2,330
2,18,RCL,224,234,11,1,362
2,18,"GC,HV,RCL",235,236,2,3,289
2,18,"HV,RCL",237,237,1,2,330
2,18,"BV,HV,RCL",238,239,2,3,209
2,18,"HV,RCL",240,250,11,2,330
2,18,RCL,251,261,11,1,362
2,18,"HV,RCL",262,266,5,2,330
2,18,"HV,RCL,RS",267,267,1,3,332
2,18,"HV,RCL",268,271,4,2,330
2,18,"HV,RCL,RS",272,273,2,3,332
2,18,"RCL,RS",274,277,4,2,365
2,18,"HV,RCL,RS",278,278,1,3,332
2,18,"RCL,RS",279,283,5,2,365
2,18,RCL,284,284,1,1,362
2,18,none,285,291,7,0,336
2,18,RS,292,297,6,1,368
2,18,none,298,320,23,0,336
2,18,RS,321,321,1,1,368
2,18,none,322,332,11,0,336
2,18,RS,333,333,1,1,368
2,19,RS,15,15,1,1,368
2,19,none,16,33,18,0,336
2,19,PC,34,34,1,1,337
2,19,none,35,41,7,0,336
2,19,PC,42,44,3,1,337
2,19,none,45,48,4,0,336
2,19,PC,49,61,13,1,337
2,19,"PC,RP",62,69,8,2,347
2,19,"PC,RP,RS",70,75,6,3,348
2,19,"PC,RS",76,79,4,2,349
2,19,"PC,RP,RS",80,87,8,3,348
2,19,"PC,RP",88,88,1,2,347
2,19,PC,89,93,5,1,337
2,19,"PC,RP",94,99,6,2,347
2,19,PC,100,106,7,1,337
2,19,none,107,122,16,0,336
2,19,RCL,123,123,1,1,362
2,19,"BV,HV,RCL",124,125,2,3,209
2,19,"HV,RCL",126,127,2,2,330
2,19,RCL,128,128,1,1,362
2,19,"RCL,RS",129,129,1,2,365
2,19,RCL,130,132,3,1,362
2,19,"HV,RCL",133,155,23,2,330
2,19,"HC,HV,RCL",156,156,1,3,303
2,19,"HV,RCL",157,161,5,2,330
2,19,"HC,HV,RCL",162,162,1,3,303
2,19,"AC,HC,HV,RCL",163,165,3,4,127
2,19,"AC,GC,HC,HV,RCL",166,166,1,5,104
2,19,"AC,BV,GC,HV,RCL",167,167,1,5,52
2,19,"AC,GC,HV,RCL",168,175,8,4,114
2,19,"AC,HV,RCL",176,180,5,3,141
2,19,"HC,HV,RCL",181,182,2,3,303
2,19,"GC,HC,HV,RCL",183,185,3,4,277
2,19,"HC,HV,RCL",186,190,5,3,303
2,19,"HV,RCL",191,192,2,2,330
2,19,"BV,HV,RCL",193,194,2,3,209
2,19,"BV,GC,HV,RCL",195,195,1,4,193
2,19,"GC,HV,RCL",196,200,5,3,289
2,19,"HV,RCL",201,215,15,2,330
2,19,RCL,216,219,4,1,362
2,19,"HV,RCL",220,263,44,2,330
2,19,HV,264,266,3,1,313
2,19,none,267,272,6,0,336
2,19,"RCL,RS",273,273,1,2,365
2,19,none,274,282,9,0,336
2,19,RS,283,283,1,1,368
2,19,none,284,288,5,0,336
2,19,RS,289,290,2,1,368
2,19,none,291,308,18,0,336
2,19,RS,309,309,1,1,368
2,20,PC,62,73,12,1,337
2,20,"PC,RS",74,95,22,2,349
2,20,"HV,PC,RS",96,96,1,3,321
2,20,"PC,RS",97,98,2,2,349
2,20,PC,99,104,6,1,337
2,20,"HV,PC",105,105,1,2,314
2,20,PC,106,108,3,1,337
2,20,"PC,RS",109,109,1,2,349
2,20,"HV,PC,RS",110,110,1,3,321
2,20,"HV,RS",111,111,1,2,335
2,20,"HV,RCL,RS",112,112,1,3,332
2,20,"HV,RCL",113,130,18,2,330
2,20,RCL,131,133,3,1,362
2,20,none,134,136,3,0,336
2,20,PC,137,137,1,1,337
2,20,"BV,HV,RCL",138,138,1,3,209
2,20,"HV,RCL",139,152,14,2,330
2,20,RCL,153,161,9,1,362
2,20,"HV,RCL",162,173,12,2,330
2,20,RCL,174,179,6,1,362
2,20,"HV,RCL",180,180,1,2,330
2,20,RCL,181,185,5,1,362
2,20,none,186,186,1,0,336
2,20,HV,187,187,1,1,313
2,20,none,188,195,8,0,336
2,20,RCL,196,201,6,1,362
2,20,"HV,RCL",202,202,1,2,330
2,20,"BV,HV,RCL",203,203,1,3,209
2,20,"HV,RCL",204,204,1,2,330
2,20,"GC,HV,RCL",205,205,1,3,289
2,20,"HV,RCL",206,211,6,2,330
2,20,RCL,212,228,17,1,362
2,20,"HV,RCL",229,237,9,2,330
2,20,RCL,238,244,7,1,362
2,20,"HV,RCL",245,246,2,2,330
2,20,RCL,247,255,9,1,362
2,20,"HV,RCL",256,256,1,2,330
2,20,"HV,RCL,RS",257,257,1,3,332
2,20,"RCL,RS",258,260,3,2,365
2,20,RCL,261,267,7,1,362
2,20,"RCL,RS",268,269,2,2,365
2,20,"HV,RCL,RS",270,270,1,3,332
2,20,"RCL,RS",271,277,7,2,365
2,20,RS,278,287,10,1,368
2,20,"RCL,RS",288,288,1,2,365
2,20,RS,289,299,11,1,368
2,20,none,300,303,4,0,336
2,20,RS,304,304,1,1,368
2,20,none,305,319,15,0,336
2,20,RS,320,320,1,1,368
2,21,PC,53,56,4,1,337
2,21,none,57,65,9,0,336
2,21,PC,66,66,1,1,337
2,21,none,67,79,13,0,336
2,21,PC,80,81,2,1,337
2,21,"PC,RS",82,103,22,2,349
2,21,RS,104,107,4,1,368
2,21,none,108,111,4,0,336
2,21,RCL,112,112,1,1,362
2,21,none,113,124,12,0,336
2,21,RCL,125,129,5,1,362
2,21,"HV,PC,RCL",130,131,2,3,318
2,21,"PC,RCL",132,139,8,2,344
2,21,"HV,PC,RCL",140,140,1,3,318
2,21,"HV,PC,RCL,RS",141,141,1,4,319
2,21,"HV,PC,RCL",142,145,4,3,318
2,21,"HV,RCL",146,146,1,2,330
2,21,"HV,RCL,RS",147,148,2,3,332
2,21,"HV,RCL",149,149,1,2,330
2,21,"BV,HV,RCL",150,150,1,3,209
2,21,"HV,RCL",151,154,4,2,330
2,21,"BV,HV,RCL",155,156,2,3,209
2,21,"HV,RCL,RS",157,161,5,3,332
2,21,"GC,HV,RCL,RS",162,166,5,4,290
2,21,"BV,GC,HV,RCL,RS",167,170,4,5,194
2,21,"GC,HV,RCL,RS",171,178,8,4,290
2,21,"AC,GC,HV,RCL,RS",179,185,7,5,115
2,21,"AC,GC,HC,HV,RCL,RS",186,186,1,6,105
2,21,"AC,BW,GC,HC,HV,RCL,RS",187,187,1,7,74
2,21,"AC,GC,HC,HV,RCL,RS",188,188,1,6,105
2,21,"AC,GC,HC,HV,RCL",189,189,1,5,104
2,21,"AC,GC,HV,RCL",190,191,2,4,114
2,21,"AC,GC,RCL",192,197,6,3,119
2,21,"AC,GC,HC,RCL",198,198,1,4,108
2,21,"AC,GC,RCL",199,205,7,3,119
2,21,"AC,HV,RCL",206,214,9,3,141
2,21,"AC,HC,HV,RCL",215,215,1,4,127
2,21,"AC,HV,RCL",216,219,4,3,141
2,21,"AC,GC,HV,RCL",220,221,2,4,114
2,21,"AC,HV,RCL",222,231,10,3,141
2,21,RCL,232,236,5,1,362
2,21,"HV,RCL",237,240,4,2,330
2,21,"GC,HV,RCL",241,241,1,3,289
2,21,"HV,RCL",242,248,7,2,330
2,21,"HV,RCL,RS",249,252,4,3,332
2,21,"RCL,RS",253,256,4,2,365
2,21,"HV,RCL,RS",257,258,2,3,332
2,21,"RCL,RS",259,269,11,2,365
2,21,RS,270,274,5,1,368
2,21,none,275,283,9,0,336
2,21,RS,284,284,1,1,368
2,22,RS,25,27,3,1,368
2,22,none,28,35,8,0,336
2,22,PC,36,36,1,1,337
2,22,none,37,44,8,0,336
2,22,PC,45,46,2,1,337
2,22,none,47,50,4,0,336
2,22,"PC,RS",51,51,1,2,349
2,22,PC,52,52,1,1,337
2,22,none,53,56,4,0,336
2,22,PC,57,57,1,1,337
2,22,"PC,RS",58,60,3,2,349
2,22,none,61,65,5,0,336
2,22,PC,66,67,2,1,337
2,22,"PC,RS",68,80,13,2,349
2,22,none,81,85,5,0,336
2,22,PC,86,95,10,1,337
2,22,"PC,RS",96,101,6,2,349
2,22,"PC,PT,RS",102,102,1,3,341
2,22,"PC,RS",103,104,2,2,349
2,22,"PC,RP,RS",105,105,1,3,348
2,22,"PC,RS",106,117,12,2,349
2,22,PC,118,122,5,1,337
2,22,none,123,129,7,0,336
2,22,"PC,RCL",130,130,1,2,344
2,22,none,131,132,2,0,336
2,22,HV,133,133,1,1,313
2,22,AC,134,134,1,1,1
2,22,"AC,RCL",135,140,6,2,150
2,22,"AC,HV,RCL",141,142,2,3,141
2,22,"AC,HV,RCL,RS",143,144,2,4,142
2,22,"AC,HV,RCL",145,145,1,3,141
2,22,"AC,HC,HV,RCL",146,146,1,4,127
2,22,"AC,HV,RCL",147,166,20,3,141
2,22,RCL,167,190,24,1,362
2,22,"HV,RCL",191,191,1,2,330
2,22,RCL,192,214,23,1,362
2,22,none,215,256,42,0,336
2,22,HV,257,257,1,1,313
2,22,"HV,RS",258,260,3,2,335
2,22,"BV,HV,RS",261,261,1,3,211
2,22,"BV,HV,RCL,RS",262,263,2,4,210
2,22,"HV,RCL,RS",264,274,11,3,332
2,22,"HV,RS",275,275,1,2,335
2,22,RS,276,290,15,1,368
2,22,"RCL,RS",291,291,1,2,365
2,22,RS,292,308,17,1,368
2,22,none,309,314,6,0,336
2,22,RS,315,315,1,1,368
2,22,none,316,358,43,0,336
2,22,RCL,359,359,1,1,362
2,23,"HV,RP",55,55,1,2,333
2,23,none,56,79,24,0,336
2,23,RP,80,91,12,1,366
2,23,RS,92,98,7,1,368
2,23,none,99,119,21,0,336
2,23,"HV,RCL",120,120,1,2,330
2,23,none,121,124,4,0,336
2,23,RS,125,126,2,1,368
2,23,none,127,127,1,0,336
2,23,HV,128,130,3,1,313
2,23,"HV,RCL",131,139,9,2,330
2,23,RCL,140,143,4,1,362
2,23,"HV,RCL",144,157,14,2,330
2,23,"GC,HV,RCL,RS",158,165,8,4,290
2,23,"GC,HV,RCL",166,167,2,3,289
2,23,"HV,RCL",168,183,16,2,330
2,23,"GC,HV,RCL",184,188,5,3,289
2,23,"BV,GC,HV,RCL",189,193,5,4,193
2,23,"GC,HV,RCL",194,204,11,3,289
2,23,"GC,RCL",205,205,1,2,295
2,23,RCL,206,211,6,1,362
2,23,"HV,RCL",212,218,7,2,330
2,23,HV,219,219,1,1,313
2,23,none,220,284,65,0,336
2,23,RS,285,285,1,1,368
2,23,none,286,294,9,0,336
2,23,RS,295,300,6,1,368
2,23,none,301,304,4,0,336
2,23,RS,305,306,2,1,368
2,23,none,307,326,20,0,336
2,23,RS,327,328,2,1,368
2,24,HV,84,84,1,1,313
2,24,none,85,91,7,0,336
2,24,RS,92,92,1,1,368
2,24,none,93,99,7,0,336
2,24,HV,100,101,2,1,313
2,24,RS,102,102,1,1,368
2,24,"RCL,RS",103,105,3,2,365
2,24,RS,106,109,4,1,368
2,24,"RCL,RS",110,110,1,2,365
2,24,"HV,RCL,RS",111,111,1,3,332
2,24,"HV,RS",112,114,3,2,335
2,24,HV,115,115,1,1,313
2,24,"HV,RCL",116,119,4,2,330
2,24,RCL,120,125,6,1,362
2,24,"HV,RCL",126,127,2,2,330
2,24,"HV,RCL,RS",128,132,5,3,332
2,24,"BW,HV,RCL,RS",133,133,1,4,251
2,24,"HV,RCL,RS",134,146,13,3,332
2,24,"GC,HC,HV,RCL,RS",147,148,2,5,278
2,24,"GC,HV,RCL,RS",149,149,1,4,290
2,24,"BV,GC,HV,RCL,RS",150,150,1,5,194
2,24,"GC,HV,RCL,RS",151,155,5,4,290
2,24,"GC,HV,RCL",156,156,1,3,289
2,24,"HV,RCL",157,157,1,2,330
2,24,"AC,HV,RCL",158,160,3,3,141
2,24,"AC,HV,RCL,RS",161,161,1,4,142
2,24,"AC,GC,HV,RCL,RS",162,167,6,5,115
2,24,"AC,GC,HV,RCL",168,176,9,4,114
2,24,"AC,GC,HV,RCL,RS",177,177,1,5,115
2,24,"GC,HV,RCL,RS",178,184,7,4,290
2,24,"AC,GC,HV,RCL,RS",185,186,2,5,115
2,24,"AC,GC,HV,RCL",187,188,2,4,114
2,24,"AC,HV,RCL",189,198,10,3,141
2,24,"HV,RCL",199,202,4,2,330
2,24,RCL,203,204,2,1,362
2,24,"GC,RCL",205,205,1,2,295
2,24,RCL,206,211,6,1,362
2,24,"HV,RCL",212,212,1,2,330
2,24,RCL,213,216,4,1,362
2,24,"HV,RCL",217,217,1,2,330
2,24,"AC,BV,GC,HV,RCL,RS",218,219,2,6,53
2,24,"AC,BV,HV,RCL,RS",220,221,2,5,65
2,24,"AC,HV,RCL,RS",222,225,4,4,142
2,24,"HV,RCL,RS",226,235,10,3,332
2,24,"GC,HV,RCL,RS",236,236,1,4,290
2,24,"HV,RCL",237,237,1,2,330
2,24,"AC,HV,RCL",238,239,2,3,141
2,24,"AC,HV",240,249,10,2,135
2,24,HV,250,252,3,1,313
2,24,none,253,255,3,0,336
2,24,RS,256,256,1,1,368
2,24,none,257,266,10,0,336
2,24,RS,267,267,1,1,368
2,24,HV,268,268,1,1,313
2,24,none,269,271,3,0,336
2,24,RS,272,273,2,1,368
2,24,"RCL,RS",274,274,1,2,365
2,24,RS,275,276,2,1,368
2,24,none,277,281,5,0,336
2,24,RS,282,304,23,1,368
2,24,none,305,309,5,0,336
2,24,RS,310,311,2,1,368
2,24,none,312,347,36,0,336
2,24,RS,348,348,1,1,368
3,1,RS,72,73,2,1,368
3,1,none,74,78,5,0,336
3,1,RS,79,80,2,1,368
3,1,none,81,85,5,0,336
3,1,"PC,RS",86,87,2,2,349
3,1,none,88,92,5,0,336
3,1,RS,93,93,1,1,368
3,1,PC,94,94,1,1,337
3,1,none,95,99,5,0,336
3,1,"PC,RS",100,101,2,2,349
3,1,none,102,107,6,0,336
3,1,"PC,RS",108,111,4,2,349
3,1,RS,112,119,8,1,368
3,1,"HV,RS",120,122,3,2,335
3,1,HV,123,125,3,1,313
3,1,"BW,HV",126,126,1,2,242
3,1,HV,127,128,2,1,313
3,1,"HV,PC,RS",129,129,1,3,321
3,1,"HV,RS",130,132,3,2,335
3,1,RS,133,133,1,1,368
3,1,none,134,155,22,0,336
3,1,HV,156,159,4,1,313
3,1,"BW,HV",160,160,1,2,242
3,1,HV,161,165,5,1,313
3,1,"BW,HV",166,166,1,2,242
3,1,HV,167,167,1,1,313
3,1,none,168,172,5,0,336
3,1,HV,173,174,2,1,313
3,1,"BW,HV",175,175,1,2,242
3,1,HV,176,181,6,1,313
3,1,"BW,HV",182,182,1,2,242
3,1,"BW,HC,HV",183,185,3,3,233
3,1,"BW,HC,HV,RS",186,186,1,4,238
3,1,"BW,GC,HV,RS",187,193,7,4,228
3,1,"GC,HV,RS",194,198,5,3,291
3,1,"HV,RS",199,200,2,2,335
3,1,HV,201,210,10,1,313
3,1,"GC,HV",211,211,1,2,282
3,1,HV,212,224,13,1,313
3,1,none,225,233,9,0,336
3,1,HV,234,251,18,1,313
3,1,none,252,255,4,0,336
3,1,HV,256,257,2,1,313
3,1,none,258,264,7,0,336
3,1,HV,265,265,1,1,313
3,1,none,266,281,16,0,336
3,1,RS,282,286,5,1,368
3,1,none,287,299,13,0,336
3,1,RS,300,315,16,1,368
3,2,RS,8,15,8,1,368
3,2,none,16,42,27,0,336
3,2,RS,43,44,2,1,368
3,2,none,45,78,34,0,336
3,2,RS,79,80,2,1,368
3,2,none,81,96,16,0,336
3,2,RS,97,97,1,1,368
3,2,none,98,113,16,0,336
3,2,RS,114,114,1,1,368
3,2,none,115,123,9,0,336
3,2,PC,124,124,1,1,337
3,2,"HV,PC,RS",125,126,2,3,321
3,2,RS,127,127,1,1,368
3,2,none,128,133,6,0,336
3,2,HV,134,135,2,1,313
3,2,none,136,155,20,0,336
3,2,HV,156,156,1,1,313
3,2,none,157,162,6,0,336
3,2,HV,163,163,1,1,313
3,2,none,164,174,11,0,336
3,2,HV,175,176,2,1,313
3,2,"BV,HV",177,177,1,2,204
3,2,none,178,197,20,0,336
3,2,HV,198,198,1,1,313
3,2,none,199,214,16,0,336
3,2,HV,215,215,1,1,313
3,2,none,216,222,7,0,336
3,2,HV,223,228,6,1,313
3,2,none,229,232,4,0,336
3,2,HV,233,233,1,1,313
3,2,none,234,251,18,0,336
3,2,HV,252,252,1,1,313
3,2,none,253,322,70,0,336
3,2,RS,323,324,2,1,368
3,2,none,325,328,4,0,336
3,2,RS,329,340,12,1,368
3,3,PT,28,28,1,1,350
3,3,none,29,79,51,0,336
3,3,RS,80,83,4,1,368
3,3,none,84,91,8,0,336
3,3,RS,92,93,2,1,368
3,3,none,94,122,29,0,336
3,3,HV,123,124,2,1,313
3,3,none,125,155,31,0,336
3,3,HV,156,156,1,1,313
3,3,none,157,162,6,0,336
3,3,HV,163,166,4,1,313
3,3,none,167,172,6,0,336
3,3,HV,173,173,1,1,313
3,3,none,174,189,16,0,336
3,3,HV,190,214,25,1,313
3,3,none,215,218,4,0,336
3,3,HV,219,220,2,1,313
3,3,none,221,230,10,0,336
3,3,HV,231,238,8,1,313
3,3,none,239,250,12,0,336
3,3,HV,251,251,1,1,313
3,3,none,252,261,10,0,336
3,3,RS,262,266,5,1,368
3,3,none,267,269,3,0,336
3,3,HV,270,270,1,1,313
3,3,"HV,RS",271,271,1,2,335
3,3,RS,272,293,22,1,368
3,4,PT,116,116,1,1,350
3,4,none,117,142,26,0,336
3,4,"HV,RS",143,146,4,2,335
3,4,"BW,HV,RS",147,147,1,3,253
3,4,"HV,RS",148,150,3,2,335
3,4,"GC,HV,RCL,RS",151,151,1,4,290
3,4,"HV,RS",152,153,2,2,335
3,4,"HV,RCA,RS",154,154,1,3,329
3,4,"HV,RS",155,161,7,2,335
3,4,"HV,RCL,RS",162,163,2,3,332
3,4,"HV,RS",164,168,5,2,335
3,4,RS,169,169,1,1,368
3,4,none,170,172,3,0,336
3,4,RCL,173,174,2,1,362
3,4,none,175,180,6,0,336
3,4,HV,181,181,1,1,313
3,4,"HV,RCL",182,184,3,2,330
3,4,HV,185,236,52,1,313
3,4,"HV,RCL",237,240,4,2,330
3,4,HV,241,245,5,1,313
3,4,none,246,259,14,0,336
3,4,HV,260,262,3,1,313
3,4,none,263,270,8,0,336
3,4,RS,271,275,5,1,368
3,4,none,276,285,10,0,336
3,4,RCA,286,286,1,1,358
3,4,none,287,290,4,0,336
3,4,RS,291,291,1,1,368
3,4,none,292,295,4,0,336
3,4,RS,296,298,3,1,368
3,4,none,299,303,5,0,336
3,4,RS,304,308,5,1,368
3,4,"RCA,RS",309,309,1,2,361
3,4,RS,310,313,4,1,368
3,4,none,314,333,20,0,336
3,4,RS,334,336,3,1,368
3,4,none,337,350,14,0,336
3,4,RS,351,355,5,1,368
3,5,RS,27,27,1,1,368
3,5,none,28,28,1,0,336
3,5,PC,29,29,1,1,337
3,5,none,30,65,36,0,336
3,5,RS,66,73,8,1,368
3,5,none,74,80,7,0,336
3,5,PC,81,81,1,1,337
3,5,none,82,83,2,0,336
3,5,RS,84,85,2,1,368
3,5,none,86,90,5,0,336
3,5,RS,91,92,2,1,368
3,5,none,93,127,35,0,336
3,5,HV,128,128,1,1,313
3,5,none,129,153,25,0,336
3,5,RCL,154,154,1,1,362
3,5,"HV,RCL",155,158,4,2,330
3,5,RCL,159,168,10,1,362
3,5,"BV,RCL",169,169,1,2,213
3,5,RCL,170,176,7,1,362
3,5,none,177,184,8,0,336
3,5,"BV,HV",185,186,2,2,204
3,5,"BV,BW,HV",187,187,1,3,175
3,5,"BV,HV",188,190,3,2,204
3,5,HV,191,193,3,1,313
3,5,none,194,294,101,0,336
3,5,RS,295,299,5,1,368
3,6,HV,217,218,2,1,313
3,6,none,219,289,71,0,336
3,6,RS,290,294,5,1,368
3,6,none,295,310,16,0,336
3,6,RS,311,313,3,1,368
3,6,none,314,317,4,0,336
3,6,RS,318,318,1,1,368
3,7,RS,54,54,1,1,368
3,7,none,55,64,10,0,336
3,7,RS,65,66,2,1,368
3,7,none,67,112,46,0,336
3,7,RS,113,113,1,1,368
3,7,none,114,212,99,0,336
3,7,"GC,HV",213,213,1,2,282
3,7,"BV,GC,HC,HV,RS",214,214,1,5,188
3,7,"BV,HC,HV,RS",215,215,1,4,201
3,7,"HC,HV,RS",216,219,4,3,305
3,7,"HV,RS",220,225,6,2,335
3,7,HV,226,230,5,1,313
3,7,"HV,RS",231,231,1,2,335
3,7,HV,232,239,8,1,313
3,7,"HV,RS",240,242,3,2,335
3,7,HV,243,249,7,1,313
3,7,none,250,255,6,0,336
3,7,HV,256,257,2,1,313
3,7,none,258,277,20,0,336
3,7,RS,278,278,1,1,368
3,7,none,279,289,11,0,336
3,7,RS,290,291,2,1,368
3,7,none,292,298,7,0,336
3,7,RS,299,299,1,1,368
3,8,PT,48,48,1,1,350
3,8,none,49,54,6,0,336
3,8,PT,55,55,1,1,350
3,8,none,56,61,6,0,336
3,8,PT,62,63,2,1,350
3,8,none,64,67,4,0,336
3,8,PT,68,78,11,1,350
3,8,"PT,RS",79,81,3,2,357
3,8,PT,82,83,2,1,350
3,8,none,84,87,4,0,336
3,8,RS,88,89,2,1,368
3,8,"PT,RS",90,91,2,2,357
3,8,PT,92,92,1,1,350
3,8,none,93,95,3,0,336
3,8,RS,96,96,1,1,368
3,8,"PT,RS",97,99,3,2,357
3,8,RS,100,109,10,1,368
3,8,none,110,121,12,0,336
3,8,PT,122,122,1,1,350
3,8,none,123,162,40,0,336
3,8,"BV,HV",163,166,4,2,204
3,8,none,167,188,22,0,336
3,8,"BV,HV",189,189,1,2,204
3,8,HC,190,190,1,1,298
3,8,none,191,194,4,0,336
3,8,HC,195,200,6,1,298
3,8,none,201,203,3,0,336
3,8,RCL,204,207,4,1,362
3,8,"HV,RCL",208,208,1,2,330
3,8,RCL,209,209,1,1,362
3,8,none,210,232,23,0,336
3,8,RCL,233,237,5,1,362
3,8,none,238,250,13,0,336
3,8,HV,251,254,4,1,313
3,8,"HV,RCL",255,259,5,2,330
3,8,"HV,RCL,RS",260,264,5,3,332
3,8,"HV,RCL",265,267,3,2,330
3,8,RCL,268,270,3,1,362
3,8,"RCL,RS",271,271,1,2,365
3,8,"HV,RCL,RS",272,272,1,3,332
3,8,"RCL,RS",273,273,1,2,365
3,8,RCL,274,276,3,1,362
3,8,none,277,284,8,0,336
3,8,RS,285,296,12,1,368
3,9,PT,69,71,3,1,350
3,9,none,72,101,30,0,336
3,9,PT,102,103,2,1,350
3,9,none,104,110,7,0,336
3,9,PT,111,113,3,1,350
3,9,none,114,119,6,0,336
3,9,PT,120,120,1,1,350
3,9,none,121,134,14,0,336
3,9,HV,135,135,1,1,313
3,9,RS,136,136,1,1,368
3,9,none,137,143,7,0,336
3,9,HV,144,145,2,1,313
3,9,none,146,152,7,0,336
3,9,HV,153,157,5,1,313
3,9,none,158,172,15,0,336
3,9,HV,173,173,1,1,313
3,9,BV,174,180,7,1,154
3,9,none,181,186,6,0,336
3,9,BV,187,187,1,1,154
3,9,none,188,195,8,0,336
3,9,HC,196,200,5,1,298
3,9,none,201,201,1,0,336
3,9,"BV,HV",202,202,1,2,204
3,9,HV,203,206,4,1,313
3,9,HC,207,209,3,1,298
3,9,none,210,216,7,0,336
3,9,HC,217,217,1,1,298
3,9,none,218,233,16,0,336
3,9,HV,234,234,1,1,313
3,9,"HC,HV",235,235,1,2,299
3,9,HV,236,241,6,1,313
3,9,none,242,242,1,0,336
3,9,HC,243,243,1,1,298
3,9,none,244,266,23,0,336
3,9,"HV,RS",267,268,2,2,335
3,9,RS,269,271,3,1,368
3,9,"RCL,RS",272,277,6,2,365
3,9,"HV,RCL",278,278,1,2,330
3,9,RCL,279,283,5,1,362
3,9,"HV,RCL",284,284,1,2,330
3,9,RCL,285,285,1,1,362
3,9,"RCL,RS",286,288,3,2,365
3,9,RS,289,289,1,1,368
3,9,none,290,312,23,0,336
3,9,RS,313,316,4,1,368
3,9,none,317,321,5,0,336
3,9,RS,322,332,11,1,368
3,9,none,333,337,5,0,336
3,9,RS,338,338,1,1,368
3,10,PT,10,10,1,1,350
3,10,none,11,46,36,0,336
3,10,PT,47,47,1,1,350
3,10,none,48,61,14,0,336
3,10,PT,62,70,9,1,350
3,10,none,71,76,6,0,336
3,10,"PT,RS",77,77,1,2,357
3,10,"PT,RP,RS",78,78,1,3,356
3,10,"PT,RS",79,80,2,2,357
3,10,PT,81,85,5,1,350
3,10,"PT,RS",86,96,11,2,357
3,10,PT,97,97,1,1,350
3,10,none,98,101,4,0,336
3,10,PT,102,105,4,1,350
3,10,none,106,157,52,0,336
3,10,RCL,158,159,2,1,362
3,10,none,160,164,5,0,336
3,10,RCL,165,166,2,1,362
3,10,none,167,174,8,0,336
3,10,RCL,175,175,1,1,362
3,10,"RCL,RS",176,176,1,2,365
3,10,RCL,177,178,2,1,362
3,10,none,179,187,9,0,336
3,10,"BV,HV",188,189,2,2,204
3,10,HV,190,191,2,1,313
3,10,none,192,201,10,0,336
3,10,HV,202,202,1,1,313
3,10,none,203,209,7,0,336
3,10,"BV,HV",210,210,1,2,204
3,10,HV,211,211,1,1,313
3,10,none,212,271,60,0,336
3,10,RS,272,272,1,1,368
3,10,none,273,276,4,0,336
3,10,RS,277,295,19,1,368
3,10,none,296,363,68,0,336
3,10,RS,364,364,1,1,368
3,11,PC,68,68,1,1,337
3,11,none,69,143,75,0,336
3,11,RS,144,145,2,1,368
3,11,"HV,RS",146,146,1,2,335
3,11,RS,147,147,1,1,368
3,11,none,148,156,9,0,336
3,11,HV,157,158,2,1,313
3,11,"BW,HV",159,159,1,2,242
3,11,none,160,163,4,0,336
3,11,"BW,HV",164,164,1,2,242
3,11,BW,165,166,2,1,216
3,11,none,167,289,123,0,336
3,11,"RCL,RS",290,290,1,2,365
3,11,RS,291,296,6,1,368
3,12,RS,95,95,1,1,368
3,12,"AC,RS",96,96,1,2,153
3,12,"AC,PC,RS",97,97,1,3,145
3,12,RS,98,102,5,1,368
3,12,"PC,RS",103,103,1,2,349
3,12,RS,104,108,5,1,368
3,12,none,109,113,5,0,336
3,12,HC,114,114,1,1,298
3,12,none,115,120,6,0,336
3,12,RCL,121,132,12,1,362
3,12,none,133,153,21,0,336
3,12,RS,154,154,1,1,368
3,12,none,155,184,30,0,336
3,12,HV,185,185,1,1,313
3,12,none,186,191,6,0,336
3,12,HV,192,192,1,1,313
3,12,none,193,239,47,0,336
3,12,RS,240,240,1,1,368
3,12,none,241,244,4,0,336
3,12,RS,245,257,13,1,368
3,12,none,258,262,5,0,336
3,12,RS,263,285,23,1,368
3,12,"RCL,RS",286,294,9,2,365
3,12,RS,295,312,18,1,368
3,13,"PC,RS",4,4,1,2,349
3,13,PC,5,9,5,1,337
3,13,none,10,27,18,0,336
3,13,PT,28,28,1,1,350
3,13,none,29,35,7,0,336
3,13,PT,36,36,1,1,350
3,13,none,37,50,14,0,336
3,13,PT,51,51,1,1,350
3,13,none,52,54,3,0,336
3,13,RS,55,55,1,1,368
3,13,PT,56,66,11,1,350
3,13,"PT,RS",67,69,3,2,357
3,13,RS,70,74,5,1,368
3,13,"PT,RS",75,76,2,2,357
3,13,PT,77,86,10,1,350
3,13,none,87,94,8,0,336
3,13,PT,95,95,1,1,350
3,13,"PT,RS",96,96,1,2,357
3,13,PT,97,107,11,1,350
3,13,none,108,117,10,0,336
3,13,RS,118,118,1,1,368
3,13,"PT,RS",119,119,1,2,357
3,13,RS,120,123,4,1,368
3,13,none,124,147,24,0,336
3,13,RS,148,148,1,1,368
3,13,none,149,162,14,0,336
3,13,RS,163,163,1,1,368
3,13,HV,164,168,5,1,313
3,13,"BV,HV",169,183,15,2,204
3,13,HV,184,196,13,1,313
3,13,"BV,HV",197,199,3,2,204
3,13,HV,200,205,6,1,313
3,13,none,206,217,12,0,336
3,13,RCL,218,218,1,1,362
3,13,none,219,251,33,0,336
3,13,RS,252,265,14,1,368
3,13,none,266,278,13,0,336
3,13,RS,279,317,39,1,368
3,13,none,318,330,13,0,336
3,13,RS,331,331,1,1,368
3,14,RS,101,117,17,1,368
3,14,none,118,154,37,0,336
3,14,"HV,RS",155,155,1,2,335
3,14,"HV,RCL,RS",156,158,3,3,332
3,14,"HV,RCL",159,159,1,2,330
3,14,RCL,160,162,3,1,362
3,14,"RCL,RS",163,163,1,2,365
3,14,"HV,RCL",164,168,5,2,330
3,14,RCL,169,173,5,1,362
3,14,"HV,RCL",174,174,1,2,330
3,14,"HV,RCL,RS",175,176,2,3,332
3,14,"GC,HV,RCL",177,180,4,3,289
3,14,"HV,RCL",181,204,24,2,330
3,14,"BV,HV,RCL",205,205,1,3,209
3,14,"HV,RCL",206,213,8,2,330
3,14,HV,214,231,18,1,313
3,14,"HV,RS",232,254,23,2,335
3,14,RS,255,298,44,1,368
3,14,none,299,304,6,0,336
3,14,RS,305,307,3,1,368
3,14,none,308,315,8,0,336
3,14,RS,316,316,1,1,368
3,15,PT,50,58,9,1,350
3,15,none,59,64,6,0,336
3,15,PT,65,72,8,1,350
3,15,"PT,RS",73,73,1,2,357
3,15,PT,74,77,4,1,350
3,15,"PT,RS",78,80,3,2,357
3,15,none,81,85,5,0,336
3,15,RS,86,86,1,1,368
3,15,"PT,RS",87,98,12,2,357
3,15,"PC,PT,RS",99,100,2,3,341
3,15,"HV,PC,PT,RS",101,107,7,4,317
3,15,"HV,PC,RS",108,109,2,3,321
3,15,"HV,RS",110,111,2,2,335
3,15,none,112,115,4,0,336
3,15,RS,116,121,6,1,368
3,15,"PT,RS",122,122,1,2,357
3,15,"HV,RS",123,125,3,2,335
3,15,RS,126,134,9,1,368
3,15,"HV,RCL,RS",135,146,12,3,332
3,15,"BV,HV,RCL,RS",147,151,5,4,210
3,15,"HV,RCL,RS",152,152,1,3,332
3,15,RCL,153,157,5,1,362
3,15,"HV,RCL,RS",158,160,3,3,332
3,15,"HV,RCA,RCL,RS",161,161,1,4,328
3,15,"HV,RCL,RS",162,162,1,3,332
3,15,"GC,HV,RCL,RS",163,168,6,4,290
3,15,"BV,GC,HV,RCL,RS",169,175,7,5,194
3,15,"GC,HV,RCL,RS",176,176,1,4,290
3,15,"HV,RCL,RS",177,179,3,3,332
3,15,"HV,RCL",180,180,1,2,330
3,15,"GC,HV,RCL",181,186,6,3,289
3,15,RCL,187,194,8,1,362
3,15,"HV,RCL",195,195,1,2,330
3,15,"GC,HV,RCL,RS",196,198,3,4,290
3,15,"HV,RCL,RS",199,199,1,3,332
3,15,"HV,RCL",200,200,1,2,330
3,15,RCL,201,212,12,1,362
3,15,"RCL,RS",213,213,1,2,365
3,15,RCL,214,218,5,1,362
3,15,"RCL,RS",219,219,1,2,365
3,15,RCL,220,226,7,1,362
3,15,none,227,236,10,0,336
3,15,RS,237,237,1,1,368
3,15,none,238,251,14,0,336
3,15,HV,252,252,1,1,313
3,15,RS,253,253,1,1,368
3,15,none,254,267,14,0,336
3,15,RCA,268,268,1,1,358
3,15,none,269,274,6,0,336
3,15,RS,275,277,3,1,368
3,15,none,278,282,5,0,336
3,15,RS,283,283,1,1,368
3,15,none,284,297,14,0,336
3,15,RS,298,299,2,1,368
3,16,PT,12,12,1,1,350
3,16,none,13,20,8,0,336
3,16,PT,21,21,1,1,350
3,16,none,22,50,29,0,336
3,16,PT,51,51,1,1,350
3,16,none,52,58,7,0,336
3,16,PT,59,59,1,1,350
3,16,none,60,68,9,0,336
3,16,RS,69,69,1,1,368
3,16,none,70,76,7,0,336
3,16,"PT,RS",77,78,2,2,357
3,16,PT,79,82,4,1,350
3,16,"PT,RS",83,87,5,2,357
3,16,none,88,94,7,0,336
3,16,PT,95,96,2,1,350
3,16,"HV,PT,RS",97,98,2,3,325
3,16,"HV,RS",99,101,3,2,335
3,16,RS,102,102,1,1,368
3,16,none,103,117,15,0,336
3,16,HV,118,118,1,1,313
3,16,none,119,135,17,0,336
3,16,PT,136,136,1,1,350
3,16,none,137,145,9,0,336
3,16,HV,146,146,1,1,313
3,16,"HV,RCL",147,147,1,2,330
3,16,"GC,HV,RCL,RS",148,149,2,4,290
3,16,"HV,RCL,RS",150,152,3,3,332
3,16,"HV,RCL",153,175,23,2,330
3,16,"GC,HV,RCL,RS",176,176,1,4,290
3,16,"GC,HV,RCL",177,177,1,3,289
3,16,"HV,RCL",178,195,18,2,330
3,16,RCL,196,214,19,1,362
3,16,"HV,RCL",215,215,1,2,330
3,16,RCL,216,227,12,1,362
3,16,"HV,RCL",228,228,1,2,330
3,16,RCL,229,233,5,1,362
3,16,none,234,237,4,0,336
3,16,RCL,238,252,15,1,362
3,16,none,253,257,5,0,336
3,16,RS,258,261,4,1,368
3,16,"HV,RS",262,266,5,2,335
3,16,RS,267,318,52,1,368
3,17,RS,90,90,1,1,368
3,17,"HV,RS",91,92,2,2,335
3,17,RS,93,93,1,1,368
3,17,"RCL,RS",94,94,1,2,365
3,17,RS,95,98,4,1,368
3,17,none,99,102,4,0,336
3,17,"RCL,RS",103,104,2,2,365
3,17,RS,105,114,10,1,368
3,17,"RCL,RS",115,118,4,2,365
3,17,"HV,PT,RCL,RS",119,119,1,4,324
3,17,"PT,RCL,RS",120,120,1,3,354
3,17,"RCL,RS",121,123,3,2,365
3,17,"HV,RCL,RS",124,124,1,3,332
3,17,"RCL,RS",125,130,6,2,365
3,17,RCL,131,140,10,1,362
3,17,"RCL,RS",141,149,9,2,365
3,17,"HV,RCL,RS",150,150,1,3,332
3,17,"RCL,RS",151,160,10,2,365
3,17,"HV,RCL,RS",161,166,6,3,332
3,17,"HV,RCA,RCL,RS",167,167,1,4,328
3,17,"HV,RCL,RS",168,173,6,3,332
3,17,"GC,HV,RCL,RS",174,178,5,4,290
3,17,"HV,RCA,RCL,RS",179,179,1,4,328
3,17,"HV,RCL,RS",180,182,3,3,332
3,17,"HV,RCL",183,197,15,2,330
3,17,"HV,RCA,RCL",198,201,4,3,327
3,17,"HV,RCL",202,206,5,2,330
3,17,"HV,RCA,RCL",207,207,1,3,327
3,17,"HV,RCL",208,212,5,2,330
3,17,RCL,213,216,4,1,362
3,17,"HV,RCL",217,220,4,2,330
3,17,RCL,221,230,10,1,362
3,17,"HV,RCL",231,231,1,2,330
3,17,"BV,HV,RCL,RS",232,232,1,4,210
3,17,"BV,HV,RCA,RCL,RS",233,233,1,5,208
3,17,"HV,RCA,RCL",234,235,2,3,327
3,17,"HV,RCL",236,236,1,2,330
3,17,RCL,237,240,4,1,362
3,17,"HV,RCL",241,241,1,2,330
3,17,"HV,RCL,RS",242,242,1,3,332
3,17,"HV,RCL",243,246,4,2,330
3,17,"HV,RCL,RS",247,260,14,3,332
3,17,RCL,261,264,4,1,362
3,17,none,265,265,1,0,336
3,17,RS,266,266,1,1,368
3,17,"HV,RS",267,267,1,2,335
3,17,RS,268,279,12,1,368
3,17,"RCL,RS",280,280,1,2,365
3,17,RS,281,312,32,1,368
3,17,none,313,317,5,0,336
3,17,RS,318,318,1,1,368
3,18,RS,115,115,1,1,368
3,18,"RCL,RS",116,116,1,2,365
3,18,RCL,117,120,4,1,362
3,18,none,121,122,2,0,336
3,18,HV,123,123,1,1,313
3,18,none,124,134,11,0,336
3,18,"RCL,RS",135,135,1,2,365
3,18,RCL,136,141,6,1,362
3,18,none,142,151,10,0,336
3,18,RCL,152,163,12,1,362
3,18,"HV,RCL",164,168,5,2,330
3,18,RCL,169,201,33,1,362
3,18,"HV,RCL",202,202,1,2,330
3,18,RCL,203,238,36,1,362
3,18,"HV,RCL",239,239,1,2,330
3,18,RCL,240,266,27,1,362
3,18,"RCL,RS",267,267,1,2,365
3,18,RCL,268,271,4,1,362
3,18,"HV,RCL",272,272,1,2,330
3,18,RCL,273,275,3,1,362
3,18,none,276,278,3,0,336
3,18,RS,279,279,1,1,368
3,18,"RCL,RS",280,288,9,2,365
3,18,RCL,289,292,4,1,362
3,18,"RCL,RS",293,294,2,2,365
3,18,RS,295,299,5,1,368
3,18,none,300,319,20,0,336
3,18,RS,320,320,1,1,368
3,19,RS,35,35,1,1,368
3,19,none,36,58,23,0,336
3,19,RS,59,86,28,1,368
3,19,none,87,92,6,0,336
3,19,"RCL,RS",93,93,1,2,365
3,19,none,94,108,15,0,336
3,19,RCL,109,109,1,1,362
3,19,"RCL,RS",110,110,1,2,365
3,19,RCL,111,114,4,1,362
3,19,"RCL,RS",115,115,1,2,365
3,19,none,116,119,4,0,336
3,19,RCL,120,124,5,1,362
3,19,"RCL,RS",125,129,5,2,365
3,19,RCL,130,141,12,1,362
3,19,"HV,RCL",142,152,11,2,330
3,19,"BW,HV,RCL",153,153,1,3,248
3,19,"HV,RCL",154,165,12,2,330
3,19,"BV,BW,GC,HV,RCL",166,166,1,5,164
3,19,"GC,HV,RCL",167,173,7,3,289
3,19,RCL,174,178,5,1,362
3,19,"GC,HV,RCL",179,187,9,3,289
3,19,"HV,RCL",188,194,7,2,330
3,19,"GC,HV,RCL",195,198,4,3,289
3,19,"HV,RCL",199,226,28,2,330
3,19,RCL,227,273,47,1,362
3,19,none,274,279,6,0,336
3,19,RS,280,280,1,1,368
3,19,none,281,288,8,0,336
3,19,RS,289,294,6,1,368
3,20,RS,40,42,3,1,368
3,20,none,43,104,62,0,336
3,20,HV,105,105,1,1,313
3,20,none,106,109,4,0,336
3,20,"RCL,RS",110,110,1,2,365
3,20,RS,111,111,1,1,368
3,20,none,112,124,13,0,336
3,20,RCL,125,130,6,1,362
3,20,none,131,138,8,0,336
3,20,RCL,139,143,5,1,362
3,20,"HV,RCL",144,145,2,2,330
3,20,RCL,146,171,26,1,362
3,20,"HV,RCL",172,173,2,2,330
3,20,RCL,174,203,30,1,362
3,20,"HV,RCL",204,204,1,2,330
3,20,RCL,205,221,17,1,362
3,20,"HV,RCL",222,222,1,2,330
3,20,RCL,223,230,8,1,362
3,20,"HV,RCL",231,231,1,2,330
3,20,RCL,232,250,19,1,362
3,20,"RCL,RS",251,251,1,2,365
3,20,RCL,252,255,4,1,362
3,20,"RCL,RS",256,258,3,2,365
3,20,RCL,259,268,10,1,362
3,20,"RCL,RS",269,279,11,2,365
3,20,RS,280,288,9,1,368
3,20,none,289,292,4,0,336
3,20,RS,293,297,5,1,368
3,20,none,298,304,7,0,336
3,20,RS,305,305,1,1,368
3,21,RS,1,1,1,1,368
3,21,none,2,7,6,0,336
3,21,RS,8,8,1,1,368
3,21,none,9,31,23,0,336
3,21,RS,32,33,2,1,368
3,21,none,34,44,11,0,336
3,21,RS,45,56,12,1,368
3,21,none,57,79,23,0,336
3,21,PT,80,81,2,1,350
3,21,"PT,RS",82,102,21,2,357
3,21,RS,103,130,28,1,368
3,21,none,131,139,9,0,336
3,21,RCL,140,146,7,1,362
3,21,"HV,RCL,RS",147,150,4,3,332
3,21,"RCL,RS",151,152,2,2,365
3,21,RCL,153,155,3,1,362
3,21,"HV,RCL",156,156,1,2,330
3,21,"GC,HV,RCL,RS",157,160,4,4,290
3,21,"HV,RCL,RS",161,166,6,3,332
3,21,"GC,HV,RCL,RS",167,187,21,4,290
3,21,"GC,HV,RCL",188,191,4,3,289
3,21,"GC,RCL",192,194,3,2,295
3,21,RCL,195,205,11,1,362
3,21,"HV,RCL",206,206,1,2,330
3,21,RCL,207,221,15,1,362
3,21,"GC,RCL",222,222,1,2,295
3,21,RCL,223,240,18,1,362
3,21,"HV,RCL",241,242,2,2,330
3,21,RCL,243,265,23,1,362
3,21,"RCL,RS",266,280,15,2,365
3,21,RS,281,284,4,1,368
3,21,none,285,288,4,0,336
3,21,RS,289,290,2,1,368
3,21,none,291,323,33,0,336
3,21,RS,324,324,1,1,368
3,22,RS,35,35,1,1,368
3,22,none,36,72,37,0,336
3,22,PT,73,74,2,1,350
3,22,none,75,83,9,0,336
3,22,PT,84,84,1,1,350
3,22,none,85,99,15,0,336
3,22,"PT,RS",100,102,3,2,357
3,22,"PT,RP,RS",103,103,1,3,356
3,22,"RP,RS",104,111,8,2,367
3,22,RP,112,115,4,1,366
3,22,none,116,120,5,0,336
3,22,RCL,121,124,4,1,362
3,22,none,125,132,8,0,336
3,22,RCL,133,133,1,1,362
3,22,none,134,139,6,0,336
3,22,RCL,140,182,43,1,362
3,22,none,183,186,4,0,336
3,22,RCL,187,227,41,1,362
3,22,none,228,233,6,0,336
3,22,RCL,234,256,23,1,362
3,22,"GC,RCL",257,258,2,2,295
3,22,RCL,259,280,22,1,362
3,22,none,281,287,7,0,336
3,22,RS,288,288,1,1,368
3,22,none,289,292,4,0,336
3,22,RS,293,293,1,1,368
3,22,none,294,311,18,0,336
3,22,RS,312,312,1,1,368
3,22,none,313,317,5,0,336
3,22,RCL,318,318,1,1,362
3,23,PT,28,28,1,1,350
3,23,"PT,RS",29,29,1,2,357
3,23,RS,30,30,1,1,368
3,23,none,31,51,21,0,336
3,23,PT,52,52,1,1,350
3,23,none,53,55,3,0,336
3,23,RS,56,56,1,1,368
3,23,none,57,62,6,0,336
3,23,RS,63,67,5,1,368
3,23,none,68,72,5,0,336
3,23,PT,73,74,2,1,350
3,23,"PT,RCL",75,75,1,2,352
3,23,PT,76,80,5,1,350
3,23,none,81,83,3,0,336
3,23,RS,84,86,3,1,368
3,23,"RCL,RS",87,87,1,2,365
3,23,RS,88,97,10,1,368
3,23,none,98,107,10,0,336
3,23,RS,108,108,1,1,368
3,23,none,109,112,4,0,336
3,23,RCL,113,122,10,1,362
3,23,"PT,RCL",123,123,1,2,352
3,23,RCL,124,124,1,1,362
3,23,"RCL,RS",125,129,5,2,365
3,23,RCL,130,144,15,1,362
3,23,"HV,RCL",145,157,13,2,330
3,23,"GC,HV,RCL,RS",158,164,7,4,290
3,23,"GC,HV,RCL",165,166,2,3,289
3,23,"HV,RCL",167,183,17,2,330
3,23,"GC,HV,RCL",184,188,5,3,289
3,23,"BV,GC,HV,RCL,RS",189,189,1,5,194
3,23,"GC,HV,RCL,RS",190,196,7,4,290
3,23,"GC,HV,RCL",197,197,1,3,289
3,23,"HV,RCL",198,208,11,2,330
3,23,RCL,209,234,26,1,362
3,23,none,235,239,5,0,336
3,23,RCL,240,243,4,1,362
3,23,none,244,251,8,0,336
3,23,RCL,252,252,1,1,362
3,23,none,253,267,15,0,336
3,23,RS,268,268,1,1,368
3,23,none,269,279,11,0,336
3,23,"RCL,RS",280,280,1,2,365
3,23,none,281,288,8,0,336
3,23,RS,289,290,2,1,368
3,23,none,291,294,4,0,336
3,23,RS,295,307,13,1,368
3,23,none,308,326,19,0,336
3,23,RS,327,328,2,1,368
3,24,PT,50,51,2,1,350
3,24,none,52,60,9,0,336
3,24,RS,61,74,14,1,368
3,24,none,75,84,10,0,336
3,24,RCL,85,85,1,1,362
3,24,none,86,89,4,0,336
3,24,RCL,90,92,3,1,362
3,24,RS,93,94,2,1,368
3,24,none,95,103,9,0,336
3,24,RS,104,104,1,1,368
3,24,none,105,108,4,0,336
3,24,RS,109,109,1,1,368
3,24,"RCL,RS",110,110,1,2,365
3,24,RS,111,112,2,1,368
3,24,none,113,116,4,0,336
3,24,RCL,117,117,1,1,362
3,24,RS,118,118,1,1,368
3,24,none,119,122,4,0,336
3,24,RS,123,123,1,1,368
3,24,none,124,126,3,0,336
3,24,RCL,127,127,1,1,362
3,24,"RCL,RS",128,131,4,2,365
3,24,"HV,RCL,RS",132,134,3,3,332
3,24,"HV,RCA,RCL,RS",135,135,1,4,328
3,24,"HV,RCL",136,136,1,2,330
3,24,RCL,137,141,5,1,362
3,24,"HV,RCL",142,146,5,2,330
3,24,"HV,RCL,RS",147,147,1,3,332
3,24,"HV,RCA,RCL,RS",148,151,4,4,328
3,24,"GC,HV,RCA,RCL,RS",152,152,1,5,288
3,24,"BW,GC,HV,RCA,RCL,RS",153,154,2,6,225
3,24,"BW,GC,HV,RCA,RCL",155,155,1,5,224
3,24,"GC,HV,RCL",156,156,1,3,289
3,24,"HV,RCL",157,161,5,2,330
3,24,"HV,RCA,RCL",162,164,3,3,327
3,24,"GC,HV,RCL",165,167,3,3,289
3,24,"GC,RCL",168,169,2,2,295
3,24,"RCA,RCL",170,174,5,2,359
3,24,RCL,175,176,2,1,362
3,24,"GC,HV,RCL",177,179,3,3,289
3,24,"GC,HV,RCA,RCL",180,182,3,4,287
3,24,"GC,HV,RCA,RCL,RS",183,185,3,5,288
3,24,"GC,HV,RCL,RS",186,186,1,4,290
3,24,"GC,HV,RCL",187,187,1,3,289
3,24,"HV,RCL",188,189,2,2,330
3,24,RCL,190,191,2,1,362
3,24,none,192,196,5,0,336
3,24,RCL,197,201,5,1,362
3,24,"RCA,RCL",202,202,1,2,359
3,24,RCL,203,206,4,1,362
3,24,"RCA,RCL",207,207,1,2,359
3,24,RCL,208,213,6,1,362
3,24,"RCA,RCL",214,216,3,2,359
3,24,"HV,RCA,RCL",217,217,1,3,327
3,24,"GC,HV,RCA,RCL",218,219,2,4,287
3,24,"HV,RCA,RCL,RS",220,220,1,4,328
3,24,"HV,RCA,RCL",221,222,2,3,327
3,24,"RCA,RCL",223,226,4,2,359
3,24,"HV,RCA,RCL",227,229,3,3,327
3,24,"AC,HV,RCA,RCL",230,230,1,4,139
3,24,"HV,RCA,RCL",231,234,4,3,327
3,24,"HV,RCA,RCL,RS",235,235,1,4,328
3,24,"HV,RCA,RCL",236,237,2,3,327
3,24,"HV,RCL",238,238,1,2,330
3,24,RCL,239,240,2,1,362
3,24,"RCL,RS",241,245,5,2,365
3,24,RCL,246,255,10,1,362
3,24,"RCL,RS",256,256,1,2,365
3,24,RCL,257,264,8,1,362
3,24,none,265,271,7,0,336
3,24,RS,272,277,6,1,368
3,24,none,278,285,8,0,336
3,24,RCL,286,286,1,1,362
3,24,none,287,287,1,0,336
3,24,RS,288,288,1,1,368
3,24,none,289,340,52,0,336
3,24,RS,341,342,2,1,368
4,1,PC,1,1,1,1,337
4,1,none,2,53,52,0,336
4,1,RS,54,54,1,1,368
4,1,"PT,RS",55,57,3,2,357
4,1,none,58,61,4,0,336
4,1,PC,62,62,1,1,337
4,1,"PC,RS",63,65,3,2,349
4,1,"PC,PT,RS",66,66,1,3,341
4,1,RS,67,76,10,1,368
4,1,"PC,RS",77,78,2,2,349
4,1,"PC,PT,RS",79,81,3,3,341
4,1,"PC,RS",82,102,21,2,349
4,1,PC,103,109,7,1,337
4,1,RS,110,117,8,1,368
4,1,"HV,RS",118,123,6,2,335
4,1,HV,124,124,1,1,313
4,1,none,125,130,6,0,336
4,1,HV,131,131,1,1,313
4,1,none,132,155,24,0,336
4,1,HV,156,157,2,1,313
4,1,"BW,HV",158,161,4,2,242
4,1,none,162,165,4,0,336
4,1,HV,166,167,2,1,313
4,1,none,168,172,5,0,336
4,1,HV,173,174,2,1,313
4,1,"HC,HV",175,175,1,2,299
4,1,none,176,182,7,0,336
4,1,"HC,HV",183,183,1,2,299
4,1,"BW,HC,HV,RS",184,191,8,4,238
4,1,"HC,HV,RS",192,193,2,3,305
4,1,"HV,RS",194,195,2,2,335
4,1,HV,196,199,4,1,313
4,1,none,200,210,11,0,336
4,1,HV,211,214,4,1,313
4,1,none,215,222,8,0,336
4,1,HV,223,224,2,1,313
4,1,none,225,255,31,0,336
4,1,HV,256,257,2,1,313
4,1,none,258,268,11,0,336
4,1,HV,269,269,1,1,313
4,1,"HV,RS",270,273,4,2,335
4,1,RS,274,302,29,1,368
4,1,none,303,309,7,0,336
4,1,RS,310,319,10,1,368
4,1,none,320,323,4,0,336
4,1,RS,324,324,1,1,368
4,1,none,325,330,6,0,336
4,1,RS,331,334,4,1,368
4,2,PC,3,3,1,1,337
4,2,none,4,7,4,0,336
4,2,RS,8,18,11,1,368
4,2,none,19,35,17,0,336
4,2,HV,36,44,9,1,313
4,2,none,45,49,5,0,336
4,2,HV,50,50,1,1,313
4,2,none,51,53,3,0,336
4,2,PC,54,74,21,1,337
4,2,"PC,RS",75,82,8,2,349
4,2,none,83,86,4,0,336
4,2,RS,87,87,1,1,368
4,2,none,88,98,11,0,336
4,2,RS,99,108,10,1,368
4,2,none,109,115,7,0,336
4,2,RS,116,117,2,1,368
4,2,"HV,RS",118,118,1,2,335
4,2,"BW,HV,RS",119,119,1,3,253
4,2,none,120,124,5,0,336
4,2,"BW,HV",125,125,1,2,242
4,2,"BW,HV,RS",126,141,16,3,253
4,2,"BW,HV",142,143,2,2,242
4,2,"BV,BW,HV",144,147,4,3,175
4,2,HV,148,152,5,1,313
4,2,none,153,154,2,0,336
4,2,BW,155,157,3,1,216
4,2,none,158,174,17,0,336
4,2,"BV,BW,HV",175,176,2,3,175
4,2,"BW,HV",177,177,1,2,242
4,2,HV,178,179,2,1,313
4,2,none,180,191,12,0,336
4,2,HV,192,206,15,1,313
4,2,"HV,RCL",207,208,2,2,330
4,2,RCL,209,209,1,1,362
4,2,none,210,232,23,0,336
4,2,HV,233,238,6,1,313
4,2,none,239,311,73,0,336
4,2,RS,312,312,1,1,368
4,2,none,313,319,7,0,336
4,2,RS,320,323,4,1,368
4,2,none,324,329,6,0,336
4,2,RS,330,345,16,1,368
4,3,RS,26,26,1,1,368
4,3,none,27,31,5,0,336
4,3,RS,32,36,5,1,368
4,3,none,37,41,5,0,336
4,3,RS,42,42,1,1,368
4,3,none,43,46,4,0,336
4,3,RS,47,56,10,1,368
4,3,"PC,RS",57,59,3,2,349
4,3,RS,60,64,5,1,368
4,3,none,65,69,5,0,336
4,3,RS,70,72,3,1,368
4,3,none,73,77,5,0,336
4,3,RS,78,82,5,1,368
4,3,none,83,86,4,0,336
4,3,PC,87,93,7,1,337
4,3,"PC,RS",94,95,2,2,349
4,3,PC,96,105,10,1,337
4,3,none,106,122,17,0,336
4,3,HV,123,124,2,1,313
4,3,none,125,128,4,0,336
4,3,HV,129,129,1,1,313
4,3,none,130,134,5,0,336
4,3,HV,135,135,1,1,313
4,3,none,136,148,13,0,336
4,3,"BW,HV",149,149,1,2,242
4,3,"BV,BW,HV",150,153,4,3,175
4,3,"BW,HV",154,155,2,2,242
4,3,HV,156,160,5,1,313
4,3,"BV,HV",161,162,2,2,204
4,3,"BV,BW,HV",163,163,1,3,175
4,3,"BW,HV,RCL",164,165,2,3,248
4,3,"BW,HV",166,166,1,2,242
4,3,none,167,186,20,0,336
4,3,HV,187,187,1,1,313
4,3,"BV,HV",188,188,1,2,204
4,3,"BV,BW,HV,RCL",189,190,2,4,179
4,3,"BW,HV,RCL",191,191,1,3,248
4,3,"HV,RCL",192,205,14,2,330
4,3,HV,206,208,3,1,313
4,3,none,209,212,4,0,336
4,3,HV,213,215,3,1,313
4,3,"HV,RCL",216,235,20,2,330
4,3,HV,236,266,31,1,313
4,3,none,267,272,6,0,336
4,3,RS,273,284,12,1,368
4,3,none,285,291,7,0,336
4,3,RS,292,292,1,1,368
4,3,none,293,295,3,0,336
4,3,GC,296,301,6,1,273
4,3,none,302,306,5,0,336
4,3,GC,307,310,4,1,273
4,3,none,311,347,37,0,336
4,3,RS,348,353,6,1,368
4,4,RS,49,59,11,1,368
4,4,"PC,RS",60,60,1,2,349
4,4,RS,61,62,2,1,368
4,4,none,63,66,4,0,336
4,4,"PC,RS",67,87,21,2,349
4,4,"PC,RP,RS",88,89,2,3,348
4,4,"PC,RS",90,94,5,2,349
4,4,PC,95,100,6,1,337
4,4,"PC,RS",101,102,2,2,349
4,4,RS,103,103,1,1,368
4,4,"HV,RS",104,104,1,2,335
4,4,HV,105,107,3,1,313
4,4,none,108,113,6,0,336
4,4,RS,114,115,2,1,368
4,4,"HV,RS",116,127,12,2,335
4,4,RS,128,132,5,1,368
4,4,HV,133,135,3,1,313
4,4,"BW,HV",136,142,7,2,242
4,4,"BW,HV,RS",143,156,14,3,253
4,4,"HV,RS",157,158,2,2,335
4,4,"BV,GC,HV,RS",159,159,1,4,195
4,4,"BV,HV,RS",160,161,2,3,211
4,4,"HV,RS",162,165,4,2,335
4,4,"HC,HV,RS",166,167,2,3,305
4,4,HV,168,187,20,1,313
4,4,"HV,RS",188,188,1,2,335
4,4,HV,189,189,1,1,313
4,4,none,190,198,9,0,336
4,4,HV,199,201,3,1,313
4,4,"HV,RCL",202,205,4,2,330
4,4,"HV,RCL,RS",206,209,4,3,332
4,4,"HV,RCL",210,239,30,2,330
4,4,HV,240,246,7,1,313
4,4,none,247,258,12,0,336
4,4,"HV,RCL",259,259,1,2,330
4,4,none,260,302,43,0,336
4,4,RS,303,303,1,1,368
4,4,none,304,308,5,0,336
4,4,RS,309,310,2,1,368
4,4,none,311,330,20,0,336
4,4,RS,331,338,8,1,368
4,4,none,339,349,11,0,336
4,4,RS,350,351,2,1,368
4,4,none,352,358,7,0,336
4,4,RS,359,363,5,1,368
4,5,PC,27,27,1,1,337
4,5,none,28,54,27,0,336
4,5,PC,55,65,11,1,337
4,5,"PC,RS",66,73,8,2,349
4,5,none,74,77,4,0,336
4,5,RS,78,80,3,1,368
4,5,"PC,RS",81,91,11,2,349
4,5,PC,92,92,1,1,337
4,5,none,93,105,13,0,336
4,5,RS,106,106,1,1,368
4,5,none,107,107,1,0,336
4,5,RCL,108,111,4,1,362
4,5,none,112,115,4,0,336
4,5,RCL,116,145,30,1,362
4,5,"HV,RCL",146,146,1,2,330
4,5,RCL,147,152,6,1,362
4,5,none,153,185,33,0,336
4,5,HV,186,186,1,1,313
4,5,none,187,210,24,0,336
4,5,RCL,211,211,1,1,362
4,5,none,212,215,4,0,336
4,5,RCL,216,224,9,1,362
4,5,"HV,RCL",225,225,1,2,330
4,5,RCL,226,243,18,1,362
4,5,none,244,247,4,0,336
4,5,HV,248,249,2,1,313
4,5,"HV,RCL",250,255,6,2,330
4,5,RCL,256,260,5,1,362
4,5,"HV,RCL",261,261,1,2,330
4,5,RCL,262,262,1,1,362
4,5,none,263,266,4,0,336
4,5,HV,267,267,1,1,313
4,5,none,268,288,21,0,336
4,5,RS,289,295,7,1,368
4,6,PC,56,61,6,1,337
4,6,none,62,67,6,0,336
4,6,PC,68,73,6,1,337
4,6,none,74,82,9,0,336
4,6,PC,83,92,10,1,337
4,6,none,93,105,13,0,336
4,6,PC,106,115,10,1,337
4,6,"HV,PC",116,117,2,2,314
4,6,HV,118,124,7,1,313
4,6,none,125,128,4,0,336
4,6,HV,129,130,2,1,313
4,6,"HC,HV",131,131,1,2,299
4,6,HV,132,141,10,1,313
4,6,none,142,145,4,0,336
4,6,RCL,146,147,2,1,362
4,6,"HV,RCL",148,148,1,2,330
4,6,RCL,149,152,4,1,362
4,6,"HV,RCL",153,156,4,2,330
4,6,RCL,157,160,4,1,362
4,6,"HV,RCL",161,161,1,2,330
4,6,RCL,162,170,9,1,362
4,6,none,171,174,4,0,336
4,6,HV,175,175,1,1,313
4,6,none,176,180,5,0,336
4,6,RCA,181,181,1,1,358
4,6,none,182,186,5,0,336
4,6,RCA,187,187,1,1,358
4,6,none,188,194,7,0,336
4,6,HV,195,197,3,1,313
4,6,none,198,216,19,0,336
4,6,"HV,RCL",217,218,2,2,330
4,6,RCL,219,219,1,1,362
4,6,none,220,234,15,0,336
4,6,"HV,RCL",235,235,1,2,330
4,6,RCL,236,240,5,1,362
4,6,none,241,245,5,0,336
4,6,HV,246,246,1,1,313
4,6,none,247,260,14,0,336
4,6,HV,261,261,1,1,313
4,6,none,262,266,5,0,336
4,6,HV,267,267,1,1,313
4,6,RS,268,268,1,1,368
4,6,none,269,287,19,0,336
4,6,RS,288,302,15,1,368
4,6,none,303,310,8,0,336
4,6,RS,311,319,9,1,368
4,6,none,320,325,6,0,336
4,6,RS,326,328,3,1,368
4,7,PC,20,30,11,1,337
4,7,none,31,44,14,0,336
4,7,PC,45,47,3,1,337
4,7,"PC,RS",48,51,4,2,349
4,7,PC,52,55,4,1,337
4,7,"PC,RS",56,56,1,2,349
4,7,PC,57,61,5,1,337
4,7,"PC,RS",62,62,1,2,349
4,7,PC,63,70,8,1,337
4,7,none,71,75,5,0,336
4,7,PC,76,86,11,1,337
4,7,none,87,97,11,0,336
4,7,PC,98,100,3,1,337
4,7,"PC,RCL",101,101,1,2,344
4,7,RCL,102,106,5,1,362
4,7,"HV,RCL",107,112,6,2,330
4,7,"BV,HV,RCL",113,114,2,3,209
4,7,RCL,115,118,4,1,362
4,7,"HV,RCL",119,120,2,2,330
4,7,none,121,126,6,0,336
4,7,RCL,127,129,3,1,362
4,7,"HV,RCL",130,130,1,2,330
4,7,RCL,131,137,7,1,362
4,7,"HV,RCL",138,162,25,2,330
4,7,RCL,163,169,7,1,362
4,7,"HV,RCL",170,185,16,2,330
4,7,RCL,186,191,6,1,362
4,7,"HV,RCL",192,214,23,2,330
4,7,"BV,HV,RCL",215,216,2,3,209
4,7,"BV,HV",217,219,3,2,204
4,7,HV,220,221,2,1,313
4,7,"HV,RS",222,228,7,2,335
4,7,"BV,HV,RS",229,229,1,3,211
4,7,"HV,RS",230,232,3,2,335
4,7,HV,233,239,7,1,313
4,7,"BV,HV",240,240,1,2,204
4,7,"BV,HV,RCL",241,241,1,3,209
4,7,"HV,RCL",242,246,5,2,330
4,7,HV,247,258,12,1,313
4,7,none,259,265,7,0,336
4,7,RS,266,266,1,1,368
4,7,none,267,271,5,0,336
4,7,RS,272,283,12,1,368
4,7,none,284,289,6,0,336
4,7,RS,290,299,10,1,368
4,8,PC,32,32,1,1,337
4,8,none,33,42,10,0,336
4,8,PC,43,43,1,1,337
4,8,none,44,48,5,0,336
4,8,PC,49,57,9,1,337
4,8,none,58,62,5,0,336
4,8,PC,63,73,11,1,337
4,8,"PC,PT",74,75,2,2,338
4,8,PC,76,99,24,1,337
4,8,none,100,112,13,0,336
4,8,"HV,RCL",113,115,3,2,330
4,8,HV,116,118,3,1,313
4,8,none,119,123,5,0,336
4,8,HV,124,126,3,1,313
4,8,none,127,138,12,0,336
4,8,"BV,HV",139,140,2,2,204
4,8,HV,141,141,1,1,313
4,8,none,142,147,6,0,336
4,8,HV,148,159,12,1,313
4,8,"HV,RCL",160,162,3,2,330
4,8,"BV,HV,RCL",163,163,1,3,209
4,8,RCL,164,169,6,1,362
4,8,"BV,RCL",170,170,1,2,213
4,8,"HV,RCL",171,172,2,2,330
4,8,RCL,173,192,20,1,362
4,8,"HC,HV,RCL",193,194,2,3,303
4,8,"HC,RCL",195,197,3,2,310
4,8,HC,198,199,2,1,298
4,8,none,200,203,4,0,336
4,8,"HC,HV",204,205,2,2,299
4,8,"HC,RCL",206,206,1,2,310
4,8,none,207,210,4,0,336
4,8,RCL,211,219,9,1,362
4,8,"HC,RCL",220,220,1,2,310
4,8,RCL,221,224,4,1,362
4,8,none,225,237,13,0,336
4,8,RCL,238,239,2,1,362
4,8,none,240,242,3,0,336
4,8,HV,243,243,1,1,313
4,8,"HV,RCL",244,245,2,2,330
4,8,none,246,251,6,0,336
4,8,"HV,RCL",252,252,1,2,330
4,8,RCL,253,256,4,1,362
4,8,"HV,RCL",257,257,1,2,330
4,8,"HV,RCL,RS",258,266,9,3,332
4,8,"RCL,RS",267,273,7,2,365
4,8,RS,274,276,3,1,368
4,8,none,277,283,7,0,336
4,8,RS,284,285,2,1,368
4,8,none,286,331,46,0,336
4,8,RS,332,336,5,1,368
4,9,PC,54,54,1,1,337
4,9,none,55,58,4,0,336
4,9,PC,59,73,15,1,337
4,9,none,74,78,5,0,336
4,9,PC,79,85,7,1,337
4,9,none,86,89,4,0,336
4,9,PC,90,99,10,1,337
4,9,"PC,PT",100,101,2,2,338
4,9,PC,102,111,10,1,337
4,9,"HC,PC",112,112,1,2,306
4,9,PC,113,115,3,1,337
4,9,"PC,PT",116,116,1,2,338
4,9,PC,117,121,5,1,337
4,9,none,122,128,7,0,336
4,9,PC,129,134,6,1,337
4,9,"HV,PC",135,135,1,2,314
4,9,"HV,RCL",136,142,7,2,330
4,9,HV,143,148,6,1,313
4,9,"HC,HV,RCL",149,149,1,3,303
4,9,"HV,RCL",150,155,6,2,330
4,9,HV,156,159,4,1,313
4,9,RCL,160,169,10,1,362
4,9,"HV,RCL",170,173,4,2,330
4,9,RCL,174,187,14,1,362
4,9,none,188,191,4,0,336
4,9,RCL,192,192,1,1,362
4,9,none,193,201,9,0,336
4,9,HV,202,205,4,1,313
4,9,none,206,233,28,0,336
4,9,HV,234,239,6,1,313
4,9,none,240,266,27,0,336
4,9,"HV,RCL",267,268,2,2,330
4,9,RCL,269,273,5,1,362
4,9,"RCL,RS",274,275,2,2,365
4,9,"HV,RCL,RS",276,276,1,3,332
4,9,"RCL,RS",277,282,6,2,365
4,9,"HV,RCL,RS",283,283,1,3,332
4,9,"RCL,RS",284,287,4,2,365
4,9,RCL,288,288,1,1,362
4,9,HV,289,289,1,1,313
4,9,none,290,301,12,0,336
4,9,RS,302,302,1,1,368
4,9,none,303,309,7,0,336
4,9,RS,310,315,6,1,368
4,9,none,316,331,16,0,336
4,9,RCL,332,344,13,1,362
4,9,none,345,353,9,0,336
4,9,PC,354,354,1,1,337
4,10,PT,27,27,1,1,350
4,10,none,28,65,38,0,336
4,10,PT,66,66,1,1,350
4,10,none,67,76,10,0,336
4,10,PC,77,78,2,1,337
4,10,none,79,86,8,0,336
4,10,PC,87,96,10,1,337
4,10,none,97,100,4,0,336
4,10,RS,101,101,1,1,368
4,10,PC,102,110,9,1,337
4,10,none,111,116,6,0,336
4,10,HV,117,117,1,1,313
4,10,"HV,RCL",118,118,1,2,330
4,10,RCL,119,123,5,1,362
4,10,"HV,RCL",124,128,5,2,330
4,10,RCL,129,149,21,1,362
4,10,none,150,156,7,0,336
4,10,HV,157,161,5,1,313
4,10,"BV,HV",162,162,1,2,204
4,10,HV,163,163,1,1,313
4,10,"HV,RCL",164,165,2,2,330
4,10,HV,166,169,4,1,313
4,10,none,170,178,9,0,336
4,10,HV,179,179,1,1,313
4,10,"HV,RCL",180,181,2,2,330
4,10,HV,182,186,5,1,313
4,10,"GC,HV",187,187,1,2,282
4,10,"GC,RCL",188,188,1,2,295
4,10,RCL,189,196,8,1,362
4,10,none,197,207,11,0,336
4,10,"HV,RCL",208,215,8,2,330
4,10,"BW,HC,HV,RCL",216,216,1,4,236
4,10,"HC,RCL",217,217,1,2,310
4,10,"BV,HC,RCL",218,218,1,3,203
4,10,"HC,RCL",219,220,2,2,310
4,10,"HC,HV,RCL",221,221,1,3,303
4,10,HV,222,223,2,1,313
4,10,"BV,HV",224,225,2,2,204
4,10,"BV,HV,RCL",226,227,2,3,209
4,10,"HV,RCL",228,229,2,2,330
4,10,RCL,230,233,4,1,362
4,10,"BV,HV,RCL",234,236,3,3,209
4,10,RCL,237,254,18,1,362
4,10,"HC,RCL,RS",255,258,4,3,311
4,10,"RCL,RS",259,259,1,2,365
4,10,RCL,260,268,9,1,362
4,10,"HV,RCL,RS",269,276,8,3,332
4,10,"RCL,RS",277,286,10,2,365
4,10,RS,287,303,17,1,368
4,10,none,304,311,8,0,336
4,10,RS,312,324,13,1,368
4,11,RS,56,56,1,1,368
4,11,none,57,88,32,0,336
4,11,PC,89,106,18,1,337
4,11,none,107,138,32,0,336
4,11,HV,139,142,4,1,313
4,11,"BV,HV",143,143,1,2,204
4,11,"BV,HV,RS",144,144,1,3,211
4,11,"BV,HV",145,148,4,2,204
4,11,none,149,156,8,0,336
4,11,RCL,157,157,1,1,362
4,11,"HV,RCL",158,158,1,2,330
4,11,"BV,HV,RCL,RS",159,159,1,4,210
4,11,RCL,160,167,8,1,362
4,11,"BV,HV,RCL",168,168,1,3,209
4,11,RCL,169,177,9,1,362
4,11,none,178,196,19,0,336
4,11,RCL,197,199,3,1,362
4,11,"BV,HV,RCL",200,202,3,3,209
4,11,"BV,RCL",203,203,1,2,213
4,11,RCL,204,232,29,1,362
4,11,"BV,RCL",233,233,1,2,213
4,11,"BV,HC,RCL",234,236,3,3,203
4,11,"HC,RCL",237,239,3,2,310
4,11,RCL,240,242,3,1,362
4,11,none,243,263,21,0,336
4,11,RCL,264,281,18,1,362
4,11,"RCL,RS",282,289,8,2,365
4,11,RS,290,294,5,1,368
4,11,none,295,299,5,0,336
4,11,RS,300,303,4,1,368
4,12,RS,96,115,20,1,368
4,12,"AC,RCL",116,116,1,2,150
4,12,RCL,117,121,5,1,362
4,12,"RCL,RS",122,122,1,2,365
4,12,"AC,RCL,RS",123,131,9,3,151
4,12,"RCL,RS",132,138,7,2,365
4,12,RCL,139,142,4,1,362
4,12,"HV,RCL",143,143,1,2,330
4,12,RCL,144,150,7,1,362
4,12,none,151,155,5,0,336
4,12,RCL,156,178,23,1,362
4,12,"HV,RCL",179,179,1,2,330
4,12,RCL,180,185,6,1,362
4,12,"RCL,RS",186,186,1,2,365
4,12,RCL,187,201,15,1,362
4,12,RS,202,202,1,1,368
4,12,none,203,212,10,0,336
4,12,RS,213,213,1,1,368
4,12,RCL,214,223,10,1,362
4,12,"RCL,RS",224,224,1,2,365
4,12,RCL,225,225,1,1,362
4,12,"AC,RCL",226,226,1,2,150
4,12,RCL,227,231,5,1,362
4,12,"AC,RCL",232,232,1,2,150
4,12,RCL,233,240,8,1,362
4,12,"RCL,RS",241,241,1,2,365
4,12,RCL,242,246,5,1,362
4,12,"RCL,RS",247,258,12,2,365
4,12,RS,259,261,3,1,368
4,12,none,262,270,9,0,336
4,12,RS,271,280,10,1,368
4,12,none,281,285,5,0,336
4,12,RS,286,297,12,1,368
4,12,"HV,RS",298,298,1,2,335
4,12,RS,299,299,1,1,368
4,12,none,300,305,6,0,336
4,12,RS,306,318,13,1,368
4,12,none,319,323,5,0,336
4,12,RS,324,324,1,1,368
4,12,none,325,357,33,0,336
4,12,PC,358,358,1,1,337
4,13,PC,6,6,1,1,337
4,13,none,7,15,9,0,336
4,13,PC,16,16,1,1,337
4,13,none,17,34,18,0,336
4,13,PC,35,40,6,1,337
4,13,none,41,44,4,0,336
4,13,PC,45,66,22,1,337
4,13,"PC,RS",67,67,1,2,349
4,13,PC,68,78,11,1,337
4,13,"PC,RS",79,79,1,2,349
4,13,PC,80,83,4,1,337
4,13,none,84,88,5,0,336
4,13,PC,89,94,6,1,337
4,13,"PC,RS",95,95,1,2,349
4,13,PC,96,99,4,1,337
4,13,"PC,RS",100,101,2,2,349
4,13,PC,102,102,1,1,337
4,13,none,103,106,4,0,336
4,13,RS,107,108,2,1,368
4,13,none,109,113,5,0,336
4,13,RS,114,115,2,1,368
4,13,"BW,HV,RS",116,116,1,3,253
4,13,"BW,HV,PC,RS",117,117,1,4,245
4,13,"AC,BW,HV,RS",118,118,1,4,95
4,13,"HV,RS",119,120,2,2,335
4,13,HV,121,122,2,1,313
4,13,"AC,HV",123,124,2,2,135
4,13,"AC,HV,RS",125,125,1,3,143
4,13,"AC,RS",126,129,4,2,153
4,13,AC,130,130,1,1,1
4,13,"AC,HV",131,133,3,2,135
4,13,AC,134,134,1,1,1
4,13,"AC,RS",135,138,4,2,153
4,13,"AC,HV,RS",139,143,5,3,143
4,13,"AC,BV,BW,HV,RCL,RS",144,144,1,6,39
4,13,"AC,BV,BW,HV,RCL",145,145,1,5,38
4,13,"AC,BW,HV,RCL",146,146,1,4,93
4,13,"AC,RCL",147,149,3,2,150
4,13,AC,150,153,4,1,1
4,13,"AC,RCL",154,155,2,2,150
4,13,"AC,BW,HV,RCL",156,157,2,4,93
4,13,"AC,BW,HV,RCL,RS",158,158,1,5,94
4,13,"AC,RCL",159,162,4,2,150
4,13,"AC,RCL,RS",163,163,1,3,151
4,13,"AC,BV,BW,HV,RCL",164,164,1,5,38
4,13,"AC,BV,RCL",165,165,1,3,67
4,13,"AC,RCL",166,168,3,2,150
4,13,"AC,BW,RCL",169,169,1,3,97
4,13,"AC,BV,BW,HV,RCL",170,170,1,5,38
4,13,"AC,BV,HV,RCL",171,172,2,4,64
4,13,"AC,BV,HV,RCA,RCL",173,173,1,5,63
4,13,"AC,BV,HV,RCL",174,174,1,4,64
4,13,"AC,BV,RCL",175,179,5,3,67
4,13,"AC,BV,BW,HV,RCL",180,181,2,5,38
4,13,"AC,BV,HV,RCL",182,182,1,4,64
4,13,"AC,HC,HV,RCL",183,183,1,4,127
4,13,"AC,RCL",184,192,9,2,150
4,13,"AC,HV,RCL",193,196,4,3,141
4,13,"AC,BW,HV,RCL",197,198,2,4,93
4,13,"AC,HV,RCL",199,201,3,3,141
4,13,"AC,HV,RCA,RCL",202,202,1,4,139
4,13,"AC,HV,RCL",203,203,1,3,141
4,13,"AC,RCL",204,211,8,2,150
4,13,AC,212,218,7,1,1
4,13,"AC,RCL",219,222,4,2,150
4,13,"AC,HV,RCL",223,229,7,3,141
4,13,AC,230,232,3,1,1
4,13,"AC,RS",233,233,1,2,153
4,13,"AC,RCL",234,238,5,2,150
4,13,"AC,RCL,RS",239,239,1,3,151
4,13,"AC,RCL",240,242,3,2,150
4,13,RCL,243,249,7,1,362
4,13,"RCL,RS",250,254,5,2,365
4,13,RCL,255,260,6,1,362
4,13,none,261,266,6,0,336
4,13,RS,267,267,1,1,368
4,13,none,268,278,11,0,336
4,13,RS,279,293,15,1,368
4,13,none,294,298,5,0,336
4,13,RS,299,305,7,1,368
4,13,none,306,364,59,0,336
4,13,PC,365,365,1,1,337
4,14,PC,39,40,2,1,337
4,14,none,41,57,17,0,336
4,14,PC,58,99,42,1,337
4,14,"PC,RS",100,104,5,2,349
4,14,none,105,112,8,0,336
4,14,PC,113,115,3,1,337
4,14,none,116,119,4,0,336
4,14,RCL,120,120,1,1,362
4,14,none,121,125,5,0,336
4,14,HV,126,127,2,1,313
4,14,"HV,RCL",128,130,3,2,330
4,14,none,131,134,4,0,336
4,14,"HV,RCL",135,144,10,2,330
4,14,"AC,HV,RCL",145,145,1,3,141
4,14,RCL,146,149,4,1,362
4,14,"AC,HV,RCL",150,153,4,3,141
4,14,"AC,BW,HV,RCL",154,158,5,4,93
4,14,"AC,HV,RCL",159,159,1,3,141
4,14,"AC,HV,RCL,RS",160,162,3,4,142
4,14,"AC,BW,HV,RCL,RS",163,164,2,5,94
4,14,"AC,HV,RCL,RS",165,170,6,4,142
4,14,"AC,HV,RCL",171,174,4,3,141
4,14,"AC,BW,HV,RCL",175,175,1,4,93
4,14,"AC,HV,RCL",176,188,13,3,141
4,14,"AC,BW,HV,RCL",189,192,4,4,93
4,14,"AC,HV,RCL",193,205,13,3,141
4,14,"AC,RCL",206,211,6,2,150
4,14,"AC,HV,RCL",212,212,1,3,141
4,14,"AC,RCL",213,220,8,2,150
4,14,"AC,HV,RCL",221,225,5,3,141
4,14,"AC,HV,RCL,RS",226,228,3,4,142
4,14,"AC,HV,RCL",229,239,11,3,141
4,14,"AC,HV,RCL,RS",240,252,13,4,142
4,14,"HV,RCL,RS",253,259,7,3,332
4,14,"RCL,RS",260,265,6,2,365
4,14,RCL,266,270,5,1,362
4,14,"RCL,RS",271,271,1,2,365
4,14,"HV,RCL,RS",272,272,1,3,332
4,14,"RCL,RS",273,283,11,2,365
4,14,RS,284,291,8,1,368
4,14,"RCL,RS",292,292,1,2,365
4,14,RS,293,321,29,1,368
4,15,PC,22,22,1,1,337
4,15,none,23,32,10,0,336
4,15,PC,33,33,1,1,337
4,15,none,34,43,10,0,336
4,15,PC,44,65,22,1,337
4,15,"PC,RS",66,66,1,2,349
4,15,PC,67,72,6,1,337
4,15,"PC,PT",73,79,7,2,338
4,15,PC,80,104,25,1,337
4,15,"HV,PC,RS",105,109,5,3,321
4,15,"HV,PC,RCL,RS",110,110,1,4,319
4,15,"HV,RS",111,111,1,2,335
4,15,HV,112,114,3,1,313
4,15,"HV,RCL",115,122,8,2,330
4,15,"HV,RCL,RS",123,123,1,3,332
4,15,"BV,HV,RCL,RS",124,124,1,4,210
4,15,"HV,RCL,RS",125,128,4,3,332
4,15,"HV,RCL",129,139,11,2,330
4,15,"BV,HV,RCL,RS",140,140,1,4,210
4,15,"HV,RCL,RS",141,155,15,3,332
4,15,"GC,HV,RCL,RS",156,156,1,4,290
4,15,"HV,RCL,RS",157,160,4,3,332
4,15,"BV,BW,HV,RCL,RS",161,161,1,5,180
4,15,"AC,BV,BW,HV,RCL,RS",162,162,1,6,39
4,15,"AC,BV,BW,GC,HV,RCL,RS",163,167,5,7,16
4,15,"AC,GC,HV,RCL,RS",168,172,5,5,115
4,15,"AC,BV,BW,GC,HV,RCL,RS",173,180,8,7,16
4,15,"AC,BW,GC,HV,RCL,RS",181,181,1,6,80
4,15,"AC,GC,HV,RCL,RS",182,184,3,5,115
4,15,"AC,GC,HV,RCL",185,187,3,4,114
4,15,"AC,HV,RCL",188,194,7,3,141
4,15,"AC,BV,HV,RCL",195,195,1,4,64
4,15,"AC,BV,GC,HV,RCL,RS",196,197,2,6,53
4,15,"AC,GC,HV,RCL,RS",198,198,1,5,115
4,15,"AC,HV,RCL",199,211,13,3,141
4,15,"AC,RCL",212,225,14,2,150
4,15,RCL,226,227,2,1,362
4,15,none,228,232,5,0,336
4,15,RCL,233,233,1,1,362
4,15,none,234,238,5,0,336
4,15,HV,239,239,1,1,313
4,15,RCL,240,245,6,1,362
4,15,none,246,250,5,0,336
4,15,RCL,251,261,11,1,362
4,15,"RCL,RS",262,262,1,2,365
4,15,RCL,263,267,5,1,362
4,15,"RCL,RS",268,268,1,2,365
4,15,RCL,269,270,2,1,362
4,15,none,271,272,2,0,336
4,15,RS,273,273,1,1,368
4,15,none,274,286,13,0,336
4,15,RS,287,304,18,1,368
4,15,none,305,308,4,0,336
4,15,RS,309,312,4,1,368
4,15,none,313,330,18,0,336
4,15,RS,331,332,2,1,368
4,15,none,333,348,16,0,336
4,15,RS,349,351,3,1,368
4,16,PC,6,6,1,1,337
4,16,none,7,20,14,0,336
4,16,PC,21,27,7,1,337
4,16,none,28,32,5,0,336
4,16,"PC,RS",33,33,1,2,349
4,16,PC,34,35,2,1,337
4,16,none,36,39,4,0,336
4,16,PC,40,41,2,1,337
4,16,none,42,47,6,0,336
4,16,PC,48,60,13,1,337
4,16,none,61,69,9,0,336
4,16,PC,70,73,4,1,337
4,16,none,74,78,5,0,336
4,16,PC,79,88,10,1,337
4,16,none,89,92,4,0,336
4,16,PC,93,96,4,1,337
4,16,"HV,PC,RS",97,100,4,3,321
4,16,"HV,RS",101,101,1,2,335
4,16,HV,102,102,1,1,313
4,16,none,103,112,10,0,336
4,16,HV,113,113,1,1,313
4,16,none,114,133,20,0,336
4,16,AC,134,135,2,1,1
4,16,"AC,HV,RCL",136,137,2,3,141
4,16,"HV,RCL",138,141,4,2,330
4,16,"AC,HV,RCL",142,144,3,3,141
4,16,"AC,HV,RCL,RS",145,146,2,4,142
4,16,"AC,BV,HV,RCL,RS",147,147,1,5,65
4,16,"AC,BV,GC,HV,RCL,RS",148,148,1,6,53
4,16,"AC,HV,RCL,RS",149,149,1,4,142
4,16,"HV,RCL,RS",150,151,2,3,332
4,16,"HV,RCL",152,153,2,2,330
4,16,"AC,HV,RCL",154,175,22,3,141
4,16,"AC,GC,HV,RCL,RS",176,176,1,5,115
4,16,"AC,GC,HV,RCL",177,177,1,4,114
4,16,"AC,HV,RCL",178,182,5,3,141
4,16,"AC,GC,HV,RCL",183,185,3,4,114
4,16,"AC,HV,RCL",186,191,6,3,141
4,16,"AC,GC,HV,RCL",192,192,1,4,114
4,16,"AC,RCL",193,216,24,2,150
4,16,AC,217,220,4,1,1
4,16,none,221,222,2,0,336
4,16,RCL,223,223,1,1,362
4,16,none,224,233,10,0,336
4,16,HV,234,234,1,1,313
4,16,none,235,236,2,0,336
4,16,RCL,237,237,1,1,362
4,16,AC,238,242,5,1,1
4,16,"AC,HV",243,243,1,2,135
4,16,HV,244,248,5,1,313
4,16,"AC,HV",249,249,1,2,135
4,16,"AC,HV,RS",250,253,4,3,143
4,16,"AC,GC,HV,RS",254,254,1,4,116
4,16,"HV,RCL,RS",255,267,13,3,332
4,16,"HV,RS",268,270,3,2,335
4,16,RS,271,273,3,1,368
4,16,none,274,280,7,0,336
4,16,RS,281,287,7,1,368
4,16,none,288,291,4,0,336
4,16,RS,292,295,4,1,368
4,16,none,296,314,19,0,336
4,16,RS,315,316,2,1,368
4,17,PC,13,13,1,1,337
4,17,none,14,19,6,0,336
4,17,PC,20,22,3,1,337
4,17,none,23,27,5,0,336
4,17,PC,28,28,1,1,337
4,17,none,29,39,11,0,336
4,17,PC,40,42,3,1,337
4,17,"PC,RS",43,49,7,2,349
4,17,PC,50,51,2,1,337
4,17,none,52,57,6,0,336
4,17,PC,58,58,1,1,337
4,17,"PC,RS",59,59,1,2,349
4,17,RS,60,64,5,1,368
4,17,none,65,71,7,0,336
4,17,PC,72,75,4,1,337
4,17,"PC,RS",76,79,4,2,349
4,17,PC,80,82,3,1,337
4,17,none,83,89,7,0,336
4,17,PC,90,94,5,1,337
4,17,"HV,PC",95,95,1,2,314
4,17,PC,96,97,2,1,337
4,17,none,98,111,14,0,336
4,17,HV,112,112,1,1,313
4,17,none,113,114,2,0,336
4,17,RCL,115,118,4,1,362
4,17,"HV,PC,RCL",119,120,2,3,318
4,17,RCL,121,126,6,1,362
4,17,"HV,RCL",127,127,1,2,330
4,17,RCL,128,136,9,1,362
4,17,"AC,HV,RCL",137,137,1,3,141
4,17,RCL,138,138,1,1,362
4,17,none,139,142,4,0,336
4,17,AC,143,144,2,1,1
4,17,"AC,HV",145,148,4,2,135
4,17,"AC,HV,RCL",149,150,2,3,141
4,17,AC,151,151,1,1,1
4,17,none,152,154,3,0,336
4,17,RCL,155,156,2,1,362
4,17,"AC,RCL",157,157,1,2,150
4,17,"AC,HV,RCL",158,159,2,3,141
4,17,"AC,HV,RCL,RS",160,160,1,4,142
4,17,"AC,HV,RCL",161,161,1,3,141
4,17,"AC,RCL",162,166,5,2,150
4,17,"AC,BV,HV,RCL",167,171,5,4,64
4,17,"AC,BV,GC,HV,RCL",172,172,1,5,52
4,17,"AC,BV,BW,GC,HV,RCL",173,175,3,6,15
4,17,"AC,BV,BW,GC,HV,RCL,RS",176,177,2,7,16
4,17,"AC,BV,BW,GC,HV,RCL",178,178,1,6,15
4,17,"AC,BV,GC,HV,RCL",179,180,2,5,52
4,17,"AC,BV,HV,RCL",181,187,7,4,64
4,17,"AC,BV,RCL",188,188,1,3,67
4,17,"AC,RCL",189,191,3,2,150
4,17,"AC,HV,RCL",192,195,4,3,141
4,17,"AC,RCL",196,199,4,2,150
4,17,"AC,HV,RCL",200,200,1,3,141
4,17,"AC,BV,RCL",201,213,13,3,67
4,17,"AC,RCL",214,216,3,2,150
4,17,"AC,HV,RCL",217,217,1,3,141
4,17,"AC,BV,RCL",218,222,5,3,67
4,17,"AC,BV,HV,RCL",223,227,5,4,64
4,17,"AC,HV,RCL",228,231,4,3,141
4,17,"AC,BV,GC,HV,RCL",232,233,2,5,52
4,17,"HV,RCL",234,239,6,2,330
4,17,"GC,HV,RCL",240,242,3,3,289
4,17,"HV,RCL",243,245,3,2,330
4,17,HV,246,247,2,1,313
4,17,"GC,HV,RS",248,249,2,3,291
4,17,HV,250,255,6,1,313
4,17,"GC,HV,RS",256,257,2,3,291
4,17,HV,258,262,5,1,313
4,17,"HV,RCL",263,264,2,2,330
4,17,"GC,HV,RCL",265,265,1,3,289
4,17,"GC,HV,RCL,RS",266,270,5,4,290
4,17,"RCL,RS",271,278,8,2,365
4,17,RS,279,285,7,1,368
4,17,none,286,289,4,0,336
4,17,RS,290,290,1,1,368
4,17,none,291,294,4,0,336
4,17,RS,295,301,7,1,368
4,17,none,302,323,22,0,336
4,17,RS,324,325,2,1,368
4,17,none,326,332,7,0,336
4,17,RS,333,335,3,1,368
4,17,none,336,352,17,0,336
4,17,RS,353,353,1,1,368
4,17,none,354,356,3,0,336
4,17,PC,357,357,1,1,337
4,18,"PC,RS",34,37,4,2,349
4,18,PC,38,45,8,1,337
4,18,"PC,RS",46,53,8,2,349
4,18,PC,54,71,18,1,337
4,18,"PC,RS",72,74,3,2,349
4,18,PC,75,78,4,1,337
4,18,"PC,RS",79,88,10,2,349
4,18,PC,89,93,5,1,337
4,18,"PC,RS",94,95,2,2,349
4,18,PC,96,96,1,1,337
4,18,none,97,102,6,0,336
4,18,PC,103,103,1,1,337
4,18,"HV,PC,RS",104,105,2,3,321
4,18,"HV,RS",106,109,4,2,335
4,18,HV,110,113,4,1,313
4,18,"HV,PC",114,114,1,2,314
4,18,"HV,PC,RS",115,115,1,3,321
4,18,"HV,PC,RCL,RS",116,116,1,4,319
4,18,"HV,RCL,RS",117,119,3,3,332
4,18,"RCL,RS",120,123,4,2,365
4,18,RS,124,128,5,1,368
4,18,"HV,RCL",129,134,6,2,330
4,18,RCL,135,148,14,1,362
4,18,"HV,RCL",149,151,3,2,330
4,18,RCL,152,155,4,1,362
4,18,"HV,RCL",156,156,1,2,330
4,18,RCL,157,166,10,1,362
4,18,"HV,RCL",167,168,2,2,330
4,18,RCL,169,172,4,1,362
4,18,"BV,RCL",173,174,2,2,213
4,18,RCL,175,181,7,1,362
4,18,"BV,HV,RCL",182,183,2,3,209
4,18,RCL,184,202,19,1,362
4,18,"HV,RCL",203,215,13,2,330
4,18,RCL,216,223,8,1,362
4,18,"HV,RCL",224,226,3,2,330
4,18,RCL,227,232,6,1,362
4,18,"HV,RCL",233,235,3,2,330
4,18,"HV,RCL,RS",236,236,1,3,332
4,18,"HV,RCL",237,238,2,2,330
4,18,"BW,GC,HV,RCL",239,239,1,4,226
4,18,"HV,RCL",240,243,4,2,330
4,18,RCL,244,262,19,1,362
4,18,"HV,RCL",263,272,10,2,330
4,18,RCL,273,275,3,1,362
4,18,none,276,278,3,0,336
4,18,RS,279,284,6,1,368
4,18,none,285,292,8,0,336
4,18,RS,293,294,2,1,368
4,18,none,295,317,23,0,336
4,18,RS,318,318,1,1,368
4,19,PC,52,67,16,1,337
4,19,"PC,RS",68,73,6,2,349
4,19,RS,74,74,1,1,368
4,19,none,75,78,4,0,336
4,19,PC,79,80,2,1,337
4,19,"PC,RS",81,87,7,2,349
4,19,PC,88,88,1,1,337
4,19,none,89,92,4,0,336
4,19,"RCL,RS",93,93,1,2,365
4,19,PC,94,94,1,1,337
4,19,none,95,98,4,0,336
4,19,"HV,PC",99,99,1,2,314
4,19,PC,100,100,1,1,337
4,19,none,101,110,10,0,336
4,19,RCL,111,111,1,1,362
4,19,none,112,122,11,0,336
4,19,PC,123,123,1,1,337
4,19,"HV,PC,RCL",124,125,2,3,318
4,19,RCL,126,133,8,1,362
4,19,"HV,RCL",134,139,6,2,330
4,19,RCL,140,144,5,1,362
4,19,"HV,RCL",145,152,8,2,330
4,19,"GC,HV,RCL",153,153,1,3,289
4,19,"HV,RCL",154,163,10,2,330
4,19,"GC,HV,RCL",164,165,2,3,289
4,19,"BW,GC,HV,RCL",166,167,2,4,226
4,19,"GC,HV,RCL",168,184,17,3,289
4,19,"GC,RCL",185,185,1,2,295
4,19,RCL,186,192,7,1,362
4,19,"HV,RCL",193,194,2,2,330
4,19,"GC,HV,RCL",195,196,2,3,289
4,19,"GC,RCL",197,205,9,2,295
4,19,RCL,206,209,4,1,362
4,19,"GC,RCL",210,210,1,2,295
4,19,RCL,211,211,1,1,362
4,19,"HV,RCL",212,212,1,2,330
4,19,RCL,213,218,6,1,362
4,19,"HV,RCL",219,225,7,2,330
4,19,RCL,226,236,11,1,362
4,19,"HV,RCL",237,237,1,2,330
4,19,"GC,HV,RCL",238,241,4,3,289
4,19,"HV,RCL",242,249,8,2,330
4,19,RCL,250,268,19,1,362
4,19,"RCL,RS",269,269,1,2,365
4,19,RCL,270,275,6,1,362
4,19,none,276,276,1,0,336
4,19,RS,277,291,15,1,368
4,19,none,292,298,7,0,336
4,19,RS,299,299,1,1,368
4,19,none,300,304,5,0,336
4,19,RS,305,310,6,1,368
4,20,PC,11,11,1,1,337
4,20,none,12,28,17,0,336
4,20,PC,29,29,1,1,337
4,20,none,30,41,12,0,336
4,20,PC,42,42,1,1,337
4,20,none,43,49,7,0,336
4,20,PC,50,55,6,1,337
4,20,none,56,61,6,0,336
4,20,PC,62,62,1,1,337
4,20,none,63,66,4,0,336
4,20,PC,67,82,16,1,337
4,20,none,83,95,13,0,336
4,20,PC,96,97,2,1,337
4,20,none,98,107,10,0,336
4,20,PC,108,108,1,1,337
4,20,none,109,126,18,0,336
4,20,RCL,127,128,2,1,362
4,20,none,129,133,5,0,336
4,20,RCL,134,141,8,1,362
4,20,"HV,RCL",142,142,1,2,330
4,20,HV,143,147,5,1,313
4,20,"HV,RCL",148,151,4,2,330
4,20,RCL,152,153,2,1,362
4,20,none,154,157,4,0,336
4,20,RCL,158,167,10,1,362
4,20,"HV,RCL",168,174,7,2,330
4,20,RCL,175,183,9,1,362
4,20,"HV,RCL",184,187,4,2,330
4,20,RCL,188,196,9,1,362
4,20,"HV,RCL",197,202,6,2,330
4,20,"GC,HV,RCL",203,205,3,3,289
4,20,"HV,RCL",206,206,1,2,330
4,20,RCL,207,225,19,1,362
4,20,"HV,RCL",226,230,5,2,330
4,20,"GC,HV,RCL",231,233,3,3,289
4,20,RCL,234,252,19,1,362
4,20,"HV,RCL",253,256,4,2,330
4,20,"GC,HV,RCL",257,257,1,3,289
4,20,RCL,258,274,17,1,362
4,20,none,275,323,49,0,336
4,20,RS,324,326,3,1,368
4,20,none,327,340,14,0,336
4,20,HV,341,341,1,1,313
4,20,none,342,355,14,0,336
4,20,PC,356,356,1,1,337
4,21,PC,53,53,1,1,337
4,21,none,54,78,25,0,336
4,21,PC,79,81,3,1,337
4,21,"PC,RS",82,84,3,2,349
4,21,PC,85,91,7,1,337
4,21,none,92,100,9,0,336
4,21,PC,101,101,1,1,337
4,21,none,102,108,7,0,336
4,21,PC,109,110,2,1,337
4,21,none,111,128,18,0,336
4,21,RCL,129,129,1,1,362
4,21,none,130,132,3,0,336
4,21,PC,133,135,3,1,337
4,21,none,136,139,4,0,336
4,21,RCL,140,140,1,1,362
4,21,"PC,RCL",141,141,1,2,344
4,21,RCL,142,146,5,1,362
4,21,"GC,HV,RCL",147,147,1,3,289
4,21,"GC,HV,PC,RCL,RS",148,149,2,5,285
4,21,"GC,HV,RCL,RS",150,150,1,4,290
4,21,"HV,RCL,RS",151,161,11,3,332
4,21,"HV,RCL",162,165,4,2,330
4,21,"HV,RCL,RS",166,168,3,3,332
4,21,"GC,HV,RCL,RS",169,169,1,4,290
4,21,"GC,HV,RCL",170,190,21,3,289
4,21,"HV,RCL",191,194,4,2,330
4,21,"GC,HV,RCL",195,200,6,3,289
4,21,"HV,RCL",201,213,13,2,330
4,21,RCL,214,218,5,1,362
4,21,"HV,RCL",219,219,1,2,330
4,21,"GC,HV,RCL",220,222,3,3,289
4,21,"HV,RCL",223,227,5,2,330
4,21,RCL,228,236,9,1,362
4,21,"HV,RCL",237,240,4,2,330
4,21,"GC,HV,RCL",241,241,1,3,289
4,21,"HV,RCL",242,242,1,2,330
4,21,RCL,243,256,14,1,362
4,21,"HV,RCL",257,258,2,2,330
4,21,RCL,259,266,8,1,362
4,22,PC,35,35,1,1,337
4,22,none,36,73,38,0,336
4,22,PC,74,74,1,1,337
4,22,none,75,78,4,0,336
4,22,PC,79,79,1,1,337
4,22,none,80,94,15,0,336
4,22,PC,95,98,4,1,337
4,22,"PC,RS",99,110,12,2,349
4,22,"RP,RS",111,111,1,2,367
4,22,none,112,123,12,0,336
4,22,RCL,124,124,1,1,362
4,22,none,125,132,8,0,336
4,22,RCL,133,133,1,1,362
4,22,none,134,139,6,0,336
4,22,RCL,140,182,43,1,362
4,22,none,183,209,27,0,336
4,22,GC,210,210,1,1,273
4,22,none,211,220,10,0,336
4,22,RCL,221,221,1,1,362
4,22,none,222,256,35,0,336
4,22,RCL,257,259,3,1,362
4,22,"HV,RCL",260,265,6,2,330
4,22,RCL,266,273,8,1,362
4,22,"HV,RCL",274,277,4,2,330
4,22,RCL,278,278,1,1,362
4,22,"RCL,RS",279,283,5,2,365
4,22,RS,284,315,32,1,368
4,23,RS,8,8,1,1,368
4,23,none,9,24,16,0,336
4,23,PC,25,25,1,1,337
4,23,none,26,26,1,0,336
4,23,RS,27,29,3,1,368
4,23,none,30,54,25,0,336
4,23,RCL,55,55,1,1,362
4,23,none,56,62,7,0,336
4,23,PC,63,77,15,1,337
4,23,"PC,RS",78,78,1,2,349
4,23,"PC,RCL,RS",79,81,3,3,346
4,23,"PC,RS",82,83,2,2,349
4,23,RS,84,85,2,1,368
4,23,"RCL,RS",86,92,7,2,365
4,23,"HV,RS",93,97,5,2,335
4,23,none,98,104,7,0,336
4,23,RS,105,106,2,1,368
4,23,none,107,170,64,0,336
4,23,"HV,RCL",171,177,7,2,330
4,23,"BV,HV,RCL",178,178,1,3,209
4,23,"BV,GC,HV,RCL",179,184,6,4,193
4,23,"HV,RCL",185,188,4,2,330
4,23,"GC,HV,RCL,RS",189,189,1,4,290
4,23,"GC,HV,RCL",190,197,8,3,289
4,23,"HV,RCL",198,200,3,2,330
4,23,HV,201,201,1,1,313
4,23,none,202,209,8,0,336
4,23,HV,210,213,4,1,313
4,23,none,214,259,46,0,336
4,23,RS,260,260,1,1,368
4,23,none,261,279,19,0,336
4,23,RS,280,313,34,1,368
4,23,none,314,326,13,0,336
4,23,RS,327,328,2,1,368
4,24,RS,62,62,1,1,368
4,24,none,63,68,6,0,336
4,24,RS,69,71,3,1,368
4,24,"RCL,RS",72,73,2,2,365
4,24,RS,74,85,12,1,368
4,24,none,86,91,6,0,336
4,24,RS,92,96,5,1,368
4,24,none,97,126,30,0,336
4,24,RCA,127,127,1,1,358
4,24,RS,128,130,3,1,368
4,24,"HV,RS",131,131,1,2,335
4,24,"BV,HV,RCL,RS",132,132,1,4,210
4,24,"HV,RCL,RS",133,133,1,3,332
4,24,"RCL,RS",134,135,2,2,365
4,24,RS,136,140,5,1,368
4,24,"HV,RS",141,141,1,2,335
4,24,"BV,BW,HV,RS",142,142,1,4,181
4,24,"BV,HV,RS",143,146,4,3,211
4,24,"BV,HV,RCL,RS",147,151,5,4,210
4,24,"BV,BW,HV,RCL,RS",152,154,3,5,180
4,24,"GC,HV,RCL,RS",155,156,2,4,290
4,24,"HV,RCL,RS",157,157,1,3,332
4,24,"HV,RS",158,160,3,2,335
4,24,"BW,HV,RS",161,161,1,3,253
4,24,"BW,GC,HV,RCL,RS",162,165,4,5,227
4,24,"BW,GC,HV,RCL",166,167,2,4,226
4,24,"BW,HV,RCL",168,169,2,3,248
4,24,"HV,RCL",170,172,3,2,330
4,24,RCL,173,176,4,1,362
4,24,"HV,RCL",177,177,1,2,330
4,24,"GC,HV,RCL",178,181,4,3,289
4,24,"BV,BW,GC,HV,RCL,RS",182,183,2,6,165
4,24,"BV,GC,HV,RCL",184,184,1,4,193
4,24,"BV,GC,HV",185,187,3,3,189
4,24,GC,188,188,1,1,273
4,24,none,189,191,3,0,336
4,24,RS,192,192,1,1,368
4,24,none,193,196,4,0,336
4,24,RCL,197,216,20,1,362
4,24,"BV,HV,RCL,RS",217,218,2,4,210
4,24,"HV,RCL,RS",219,219,1,3,332
4,24,"RCL,RS",220,220,1,2,365
4,24,RS,221,222,2,1,368
4,24,none,223,226,4,0,336
4,24,RS,227,231,5,1,368
4,24,"HV,RCL,RS",232,236,5,3,332
4,24,RCL,237,245,9,1,362
4,24,"RCL,RS",246,277,32,2,365
4,24,RS,278,312,35,1,368
5,1,RP,79,85,7,1,366
5,1,none,86,89,4,0,336
5,1,RP,90,90,1,1,366
5,1,none,91,94,4,0,336
5,1,RP,95,102,8,1,366
5,1,none,103,118,16,0,336
5,1,BW,119,122,4,1,216
5,1,none,123,128,6,0,336
5,1,"AC,RCL",129,129,1,2,150
5,1,RCL,130,133,4,1,362
5,1,none,134,139,6,0,336
5,1,RCL,140,144,5,1,362
5,1,none,145,162,18,0,336
5,1,RCL,163,172,10,1,362
5,1,"BW,RCL",173,175,3,2,267
5,1,"BW,HC,RCL",176,176,1,3,241
5,1,"HV,RCL",177,182,6,2,330
5,1,"BW,HV,RCL",183,185,3,3,248
5,1,"BW,GC,HV,RCL",186,186,1,4,226
5,1,"BW,GC,HV,RCL,RS",187,188,2,5,227
5,1,"GC,HV,RCL,RS",189,192,4,4,290
5,1,"BW,GC,HV,RCL,RS",193,194,2,5,227
5,1,"GC,HV,RCL",195,198,4,3,289
5,1,none,199,204,6,0,336
5,1,"BW,GC,HV,RCL",205,205,1,4,226
5,1,none,206,218,13,0,336
5,1,"HV,RCL",219,219,1,2,330
5,1,none,220,225,6,0,336
5,1,"HV,RCA,RCL",226,226,1,3,327
5,1,none,227,232,6,0,336
5,1,"RCA,RCL",233,235,3,2,359
5,1,RCL,236,240,5,1,362
5,1,none,241,246,6,0,336
5,1,"HV,RCA,RCL",247,248,2,3,327
5,1,none,249,253,5,0,336
5,1,"RCA,RCL,RS",254,254,1,3,360
5,1,"RCL,RS",255,259,5,2,365
5,1,"RCA,RCL,RS",260,260,1,3,360
5,1,"RCL,RS",261,268,8,2,365
5,1,"BW,RCL,RS",269,272,4,3,269
5,1,"RCL,RS",273,288,16,2,365
5,1,RS,289,295,7,1,368
5,1,none,296,311,16,0,336
5,1,RCL,312,312,1,1,362
5,1,none,313,326,14,0,336
5,1,RS,327,327,1,1,368
5,2,RS,3,3,1,1,368
5,2,none,4,53,50,0,336
5,2,RS,54,54,1,1,368
5,2,none,55,67,13,0,336
5,2,RS,68,68,1,1,368
5,2,none,69,72,4,0,336
5,2,RS,73,73,1,1,368
5,2,none,74,77,4,0,336
5,2,"PC,PT",78,78,1,2,338
5,2,"PC,PT,RS",79,79,1,3,341
5,2,"PT,RS",80,82,3,2,357
5,2,none,83,86,4,0,336
5,2,RS,87,87,1,1,368
5,2,none,88,93,6,0,336
5,2,RS,94,96,3,1,368
5,2,"RP,RS",97,105,9,2,367
5,2,"PT,RP,RS",106,106,1,3,356
5,2,"RP,RS",107,115,9,2,367
5,2,"RCL,RP,RS",116,119,4,3,364
5,2,none,120,124,5,0,336
5,2,"HV,RCL,RS",125,125,1,3,332
5,2,"RCL,RS",126,126,1,2,365
5,2,"BW,RCL,RS",127,128,2,3,269
5,2,"RCL,RS",129,139,11,2,365
5,2,"HC,RCL,RS",140,141,2,3,311
5,2,RCL,142,143,2,1,362
5,2,"HV,RCL",144,148,5,2,330
5,2,"BW,HV,RCL",149,152,4,3,248
5,2,"BW,HC,HV,RCL",153,153,1,4,236
5,2,"HV,RCL",154,156,3,2,330
5,2,"HV,RCA,RCL",157,162,6,3,327
5,2,"RCA,RCL",163,163,1,2,359
5,2,RCL,164,171,8,1,362
5,2,"RCA,RCL",172,172,1,2,359
5,2,RCL,173,173,1,1,362
5,2,"BW,RCL",174,174,1,2,267
5,2,"BW,HV,RCL",175,175,1,3,248
5,2,none,176,182,7,0,336
5,2,RCL,183,185,3,1,362
5,2,"GC,HV,RCA,RCL",186,186,1,4,287
5,2,"BW,HV,RCA,RCL",187,188,2,4,246
5,2,"HC,HV,RCA,RCL",189,189,1,4,301
5,2,"HV,RCA,RCL",190,190,1,3,327
5,2,"HV,RCL",191,195,5,2,330
5,2,"HV,RCA,RCL",196,196,1,3,327
5,2,none,197,203,7,0,336
5,2,"BW,HV,RCL",204,204,1,3,248
5,2,"BW,HV,RCL,RS",205,207,3,4,251
5,2,"HV,RCL,RS",208,209,2,3,332
5,2,"HC,HV,RCL,RS",210,211,2,4,304
5,2,"HC,HV,RCL",212,213,2,3,303
5,2,"HC,HV,RCA,RCL",214,214,1,4,301
5,2,"HC,HV,RCL",215,217,3,3,303
5,2,none,218,231,14,0,336
5,2,"HV,RCL",232,232,1,2,330
5,2,"HV,RCL,RS",233,236,4,3,332
5,2,"RCL,RS",237,239,3,2,365
5,2,RCL,240,260,21,1,362
5,2,none,261,266,6,0,336
5,2,"RCL,RS",267,285,19,2,365
5,2,RS,286,291,6,1,368
5,2,none,292,306,15,0,336
5,2,RS,307,310,4,1,368
5,3,RP,102,108,7,1,366
5,3,none,109,135,27,0,336
5,3,RCL,136,142,7,1,362
5,3,none,143,146,4,0,336
5,3,RCL,147,149,3,1,362
5,3,"BW,RCL",150,153,4,2,267
5,3,"BW,HC,RCL",154,154,1,3,241
5,3,none,155,160,6,0,336
5,3,RCL,161,189,29,1,362
5,3,"BW,HV,RCL",190,193,4,3,248
5,3,"BW,HV,RCL,RS",194,195,2,4,251
5,3,"HV,RCL",196,224,29,2,330
5,3,"HC,HV,RCL",225,230,6,3,303
5,3,"BW,HC,HV,RCL",231,232,2,4,236
5,3,"HC,HV,RCL",233,235,3,3,303
5,3,"HC,RCL",236,243,8,2,310
5,3,RCL,244,245,2,1,362
5,3,"RCL,RS",246,259,14,2,365
5,3,RS,260,299,40,1,368
5,4,RP,81,81,1,1,366
5,4,none,82,85,4,0,336
5,4,RP,86,86,1,1,366
5,4,none,87,87,1,0,336
5,4,RS,88,89,2,1,368
5,4,PC,90,90,1,1,337
5,4,none,91,93,3,0,336
5,4,RP,94,101,8,1,366
5,4,none,102,105,4,0,336
5,4,RCL,106,106,1,1,362
5,4,RP,107,110,4,1,366
5,4,"RCL,RP",111,117,7,2,363
5,4,RCL,118,125,8,1,362
5,4,"RCL,RP",126,132,7,2,363
5,4,RCL,133,134,2,1,362
5,4,"BW,RCL",135,136,2,2,267
5,4,"RCL,RP",137,138,2,2,363
5,4,RCL,139,146,8,1,362
5,4,"BW,HV,RCL",147,148,2,3,248
5,4,RCL,149,153,5,1,362
5,4,"BW,HV,RCL",154,157,4,3,248
5,4,"HV,RCL",158,159,2,2,330
5,4,"GC,HV,RCL",160,160,1,3,289
5,4,"HV,RCL",161,161,1,2,330
5,4,"HV,RCL,RS",162,163,2,3,332
5,4,"BW,HV,RCL,RS",164,164,1,4,251
5,4,"GC,RCL,RS",165,165,1,3,296
5,4,"GC,RCL",166,168,3,2,295
5,4,"GC,HV,RCL",169,171,3,3,289
5,4,"BW,GC,HV,RCL",172,174,3,4,226
5,4,"GC,HV,RCL",175,180,6,3,289
5,4,"BW,GC,HV,RCL",181,182,2,4,226
5,4,"BV,BW,GC,HV,RCL",183,183,1,5,164
5,4,"BW,GC,HV,RCL",184,187,4,4,226
5,4,"BW,GC,HV,RCA,RCL",188,188,1,5,224
5,4,"GC,HV,RCL",189,191,3,3,289
5,4,RCL,192,194,3,1,362
5,4,"BW,RCA,RCL",195,195,1,3,265
5,4,"BW,GC,HV,RCA,RCL",196,197,2,5,224
5,4,"GC,HV,RCA,RCL",198,198,1,4,287
5,4,"HV,RCA,RCL",199,201,3,3,327
5,4,"BW,HV,RCL",202,203,2,3,248
5,4,"BW,HV,RCL,RS",204,205,2,4,251
5,4,"BW,GC,HV,RCL,RS",206,211,6,5,227
5,4,"GC,HV,RCA,RCL,RS",212,215,4,5,288
5,4,"GC,HV,RCL,RS",216,217,2,4,290
5,4,"HV,RCL,RS",218,218,1,3,332
5,4,"HC,HV,RCL,RS",219,219,1,4,304
5,4,"HV,RCL,RS",220,222,3,3,332
5,4,"GC,HV,RCL,RS",223,223,1,4,290
5,4,"BW,GC,HV,RCL,RS",224,224,1,5,227
5,4,"BW,GC,RCL,RS",225,229,5,4,232
5,4,"BW,RCL,RS",230,233,4,3,269
5,4,"BW,HV,RCL,RS",234,236,3,4,251
5,4,"HV,RCL,RS",237,250,14,3,332
5,4,"RCL,RS",251,277,27,2,365
5,4,RS,278,314,37,1,368
5,4,none,315,318,4,0,336
5,4,RS,319,322,4,1,368
5,4,none,323,326,4,0,336
5,4,RCL,327,327,1,1,362
5,4,none,328,333,6,0,336
5,4,RS,334,335,2,1,368
5,4,none,336,341,6,0,336
5,4,RS,342,342,1,1,368
5,4,none,343,354,12,0,336
5,4,RS,355,355,1,1,368
5,5,PC,37,37,1,1,337
5,5,none,38,73,36,0,336
5,5,"RP,RS",74,81,8,2,367
5,5,RP,82,93,12,1,366
5,5,RS,94,115,22,1,368
5,5,"RCL,RS",116,123,8,2,365
5,5,RCL,124,136,13,1,362
5,5,"RCL,RS",137,139,3,2,365
5,5,RCL,140,155,16,1,362
5,5,"BW,HV,RCL",156,156,1,3,248
5,5,"BW,RCL",157,157,1,2,267
5,5,RCL,158,164,7,1,362
5,5,"BW,RCL",165,166,2,2,267
5,5,"BV,BW,RCL",167,167,1,3,185
5,5,"RCA,RCL",168,168,1,2,359
5,5,RCL,169,185,17,1,362
5,5,"BV,BW,GC,HV,RCL",186,186,1,5,164
5,5,"BW,GC,HV,RCL",187,187,1,4,226
5,5,"GC,HC,HV,RCA,RCL",188,188,1,5,275
5,5,"HV,RCA,RCL",189,191,3,3,327
5,5,"RCA,RCL",192,192,1,2,359
5,5,"HC,RCA,RCL",193,193,1,3,308
5,5,RCL,194,199,6,1,362
5,5,"BW,RCL",200,202,3,2,267
5,5,RCL,203,204,2,1,362
5,5,"HC,RCL",205,207,3,2,310
5,5,"BW,HC,RCL",208,210,3,3,241
5,5,"BV,BW,HC,RCL",211,212,2,4,173
5,5,"HC,RCL",213,213,1,2,310
5,5,"HC,HV,RCL",214,214,1,3,303
5,5,"HC,RCL",215,218,4,2,310
5,5,"BW,RCL",219,220,2,2,267
5,5,RCL,221,222,2,1,362
5,5,"HC,RCL",223,227,5,2,310
5,5,RCL,228,243,16,1,362
5,5,"BW,RCL",244,244,1,2,267
5,5,"BV,BW,RCL",245,245,1,3,185
5,5,"BW,RCL",246,246,1,2,267
5,5,RCL,247,277,31,1,362
5,5,none,278,279,2,0,336
5,5,RS,280,289,10,1,368
5,5,none,290,294,5,0,336
5,5,RS,295,300,6,1,368
5,6,RS,54,64,11,1,368
5,6,none,65,71,7,0,336
5,6,RS,72,74,3,1,368
5,6,none,75,81,7,0,336
5,6,RS,82,93,12,1,368
5,6,"RP,RS",94,98,5,2,367
5,6,RP,99,104,6,1,366
5,6,none,105,106,2,0,336
5,6,RS,107,121,15,1,368
5,6,none,122,129,8,0,336
5,6,RCL,130,130,1,1,362
5,6,none,131,134,4,0,336
5,6,RCL,135,135,1,1,362
5,6,"RCA,RCL",136,140,5,2,359
5,6,RCL,141,147,7,1,362
5,6,"BW,RCL",148,148,1,2,267
5,6,RCL,149,152,4,1,362
5,6,"BW,RCL",153,154,2,2,267
5,6,"BV,BW,HV,RCL",155,156,2,4,179
5,6,"HV,RCL",157,157,1,2,330
5,6,RCL,158,178,21,1,362
5,6,"RCA,RCL",179,179,1,2,359
5,6,"BW,RCL",180,182,3,2,267
5,6,RCL,183,194,12,1,362
5,6,"BW,RCL",195,195,1,2,267
5,6,"BV,BW,HV,RCL",196,197,2,4,179
5,6,"AC,HV,RCL",198,198,1,3,141
5,6,RCL,199,216,18,1,362
5,6,"RCA,RCL",217,218,2,2,359
5,6,RCL,219,233,15,1,362
5,6,"BW,RCL",234,235,2,2,267
5,6,RCL,236,236,1,1,362
5,6,"RCA,RCL",237,240,4,2,359
5,6,RCL,241,241,1,1,362
5,6,none,242,245,4,0,336
5,6,"BW,HV",246,246,1,2,242
5,6,HV,247,247,1,1,313
5,6,"HV,RCL",248,249,2,2,330
5,6,RCL,250,260,11,1,362
5,6,"HV,RCL",261,261,1,2,330
5,6,RCL,262,277,16,1,362
5,6,"RCL,RS",278,280,3,2,365
5,6,RS,281,282,2,1,368
5,6,none,283,287,5,0,336
5,6,RS,288,289,2,1,368
5,6,none,290,301,12,0,336
5,6,RS,302,306,5,1,368
5,6,none,307,310,4,0,336
5,6,RS,311,328,18,1,368
5,7,RS,40,40,1,1,368
5,7,none,41,51,11,0,336
5,7,RS,52,52,1,1,368
5,7,none,53,62,10,0,336
5,7,RS,63,70,8,1,368
5,7,none,71,75,5,0,336
5,7,RS,76,76,1,1,368
5,7,"PC,RS",77,77,1,2,349
5,7,RS,78,97,20,1,368
5,7,"RP,RS",98,99,2,2,367
5,7,"PC,RCL,RP,RS",100,100,1,4,345
5,7,"RCL,RP,RS",101,113,13,3,364
5,7,"BW,RCL,RS",114,115,2,3,269
5,7,"RCL,RS",116,122,7,2,365
5,7,RCL,123,126,4,1,362
5,7,"RCL,RS",127,136,10,2,365
5,7,"BW,RCL,RS",137,139,3,3,269
5,7,"RCL,RS",140,144,5,2,365
5,7,"BW,RCL,RS",145,148,4,3,269
5,7,"BW,HV,RCL,RS",149,150,2,4,251
5,7,"BW,GC,HV,RCA,RCL,RS",151,151,1,6,225
5,7,"GC,HV,RCA,RCL,RS",152,154,3,5,288
5,7,"HV,RCA,RCL,RS",155,158,4,4,328
5,7,"GC,HV,RCA,RCL,RS",159,159,1,5,288
5,7,"GC,RCA,RCL,RS",160,160,1,4,294
5,7,"GC,RCL,RS",161,161,1,3,296
5,7,"RCL,RS",162,168,7,2,365
5,7,"RCA,RCL,RS",169,169,1,3,360
5,7,"BW,RCA,RCL,RS",170,170,1,4,266
5,7,"BW,GC,RCA,RCL,RS",171,171,1,5,230
5,7,"RCA,RCL,RS",172,177,6,3,360
5,7,"BW,RCA,RCL,RS",178,178,1,4,266
5,7,"BW,GC,RCA,RCL,RS",179,180,2,5,230
5,7,"GC,RCA,RCL,RS",181,182,2,4,294
5,7,"GC,RCA,RCL",183,191,9,3,293
5,7,"BW,GC,RCA,RCL",192,192,1,4,229
5,7,"BW,GC,HV,RCA,RCL",193,193,1,5,224
5,7,"BW,GC,HV,RCA,RCL,RS",194,203,10,6,225
5,7,"BW,GC,HV,RCL,RS",204,205,2,5,227
5,7,"BW,HV,RCL,RS",206,207,2,4,251
5,7,"BW,HV,RCA,RCL,RS",208,209,2,5,247
5,7,"BW,HV,RCL,RS",210,211,2,4,251
5,7,"AC,BW,HV,RCL,RS",212,212,1,5,94
5,7,"BW,HV,RCL,RS",213,213,1,4,251
5,7,"BV,BW,GC,HV,RCL,RS",214,214,1,6,165
5,7,"BV,BW,GC,HV,RCA,RCL,RS",215,215,1,7,163
5,7,"GC,HV,RCA,RCL,RS",216,219,4,5,288
5,7,"BW,GC,HV,RCA,RCL,RS",220,224,5,6,225
5,7,"BW,HV,RCA,RCL,RS",225,228,4,5,247
5,7,"GC,HV,RCA,RCL,RS",229,230,2,5,288
5,7,"HV,RCA,RCL,RS",231,232,2,4,328
5,7,"BW,HV,RCA,RCL,RS",233,239,7,5,247
5,7,"BW,RCA,RCL,RS",240,242,3,4,266
5,7,"RCA,RCL,RS",243,243,1,3,360
5,7,"HV,RCA,RCL,RS",244,245,2,4,328
5,7,"RCA,RCL,RS",246,246,1,3,360
5,7,"RCA,RCL",247,250,4,2,359
5,7,RCL,251,255,5,1,362
5,7,"RCL,RS",256,262,7,2,365
5,7,RCL,263,282,20,1,362
5,7,none,283,295,13,0,336
5,7,RS,296,307,12,1,368
5,7,"RCA,RS",308,308,1,2,361
5,7,RS,309,313,5,1,368
5,7,none,314,320,7,0,336
5,7,RCA,321,321,1,1,358
5,7,none,322,327,6,0,336
5,7,RS,328,328,1,1,368
5,8,RS,75,82,8,1,368
5,8,none,83,83,1,0,336
5,8,RP,84,90,7,1,366
5,8,"RP,RS",91,92,2,2,367
5,8,RP,93,93,1,1,366
5,8,none,94,103,10,0,336
5,8,RS,104,105,2,1,368
5,8,"RP,RS",106,106,1,2,367
5,8,RP,107,107,1,1,366
5,8,none,108,112,5,0,336
5,8,RCL,113,117,5,1,362
5,8,"RCL,RS",118,129,12,2,365
5,8,RCL,130,135,6,1,362
5,8,"RCL,RS",136,138,3,2,365
5,8,"BW,RCL,RS",139,140,2,3,269
5,8,"RCL,RS",141,144,4,2,365
5,8,RCL,145,162,18,1,362
5,8,"RCL,RS",163,163,1,2,365
5,8,RCL,164,165,2,1,362
5,8,"BW,RCL",166,166,1,2,267
5,8,"BW,HV,RCL",167,167,1,3,248
5,8,"BV,BW,HC,HV,RCL",168,177,10,5,172
5,8,"BV,BW,HC,HV,RCA,RCL",178,189,12,6,170
5,8,"BV,BW,GC,HC,HV,RCA,RCL",190,190,1,7,156
5,8,"BW,HC,RCA,RCL",191,191,1,4,239
5,8,"HC,RCA,RCL",192,202,11,3,308
5,8,"HC,RCL",203,207,5,2,310
5,8,RCL,208,210,3,1,362
5,8,"RCA,RCL",211,211,1,2,359
5,8,"HC,RCA,RCL",212,217,6,3,308
5,8,"HC,RCL",218,227,10,2,310
5,8,"HC,RCA,RCL",228,231,4,3,308
5,8,"RCA,RCL",232,232,1,2,359
5,8,RCL,233,236,4,1,362
5,8,"HC,RCL",237,242,6,2,310
5,8,RCL,243,246,4,1,362
5,8,"HC,RCL",247,247,1,2,310
5,8,RCL,248,248,1,1,362
5,8,"RCL,RS",249,249,1,2,365
5,8,RCL,250,253,4,1,362
5,8,"RCL,RS",254,258,5,2,365
5,8,"BW,RCL,RS",259,259,1,3,269
5,8,"BW,HV,RCL,RS",260,260,1,4,251
5,8,"RCL,RS",261,281,21,2,365
5,8,RS,282,285,4,1,368
5,8,"RCL,RS",286,288,3,2,365
5,8,RS,289,292,4,1,368
5,9,RS,71,71,1,1,368
5,9,none,72,75,4,0,336
5,9,RS,76,78,3,1,368
5,9,none,79,83,5,0,336
5,9,RS,84,85,2,1,368
5,9,none,86,91,6,0,336
5,9,RS,92,96,5,1,368
5,9,none,97,102,6,0,336
5,9,PC,103,103,1,1,337
5,9,RS,104,108,5,1,368
5,9,"BW,RS",109,109,1,2,272
5,9,RP,110,110,1,1,366
5,9,none,111,125,15,0,336
5,9,BW,126,126,1,1,216
5,9,none,127,131,5,0,336
5,9,BW,132,134,3,1,216
5,9,"BW,HV",135,136,2,2,242
5,9,"HV,RCL",137,138,2,2,330
5,9,RCL,139,154,16,1,362
5,9,"HV,RCL",155,155,1,2,330
5,9,"BW,HV,RCL",156,156,1,3,248
5,9,"BV,BW,HC,HV,RCL",157,157,1,5,172
5,9,"HC,HV,RCL",158,159,2,3,303
5,9,"HC,HV,RCA,RCL",160,162,3,4,301
5,9,"HV,RCL",163,166,4,2,330
5,9,"BW,HV,RCL",167,167,1,3,248
5,9,"BV,BW,HV,RCL",168,169,2,4,179
5,9,RCL,170,171,2,1,362
5,9,"GC,RCA,RCL",172,172,1,3,293
5,9,"RCA,RCL",173,177,5,2,359
5,9,"HC,RCA,RCL",178,179,2,3,308
5,9,"RCA,RCL",180,183,4,2,359
5,9,"BW,RCA,RCL",184,184,1,3,265
5,9,"BV,BW,RCA,RCL",185,186,2,4,184
5,9,"BV,BW,GC,RCA,RCL",187,188,2,5,167
5,9,"BV,BW,GC,HV,RCA,RCL",189,189,1,6,162
5,9,"BW,GC,HC,RCA,RCL",190,190,1,5,223
5,9,"GC,HC,RCA,RCL",191,191,1,4,279
5,9,"HC,RCA,RCL",192,194,3,3,308
5,9,"RCA,RCL",195,200,6,2,359
5,9,"HC,RCA,RCL",201,201,1,3,308
5,9,"RCA,RCL",202,205,4,2,359
5,9,"HC,RCA,RCL",206,206,1,3,308
5,9,"RCA,RCL",207,222,16,2,359
5,9,RCL,223,224,2,1,362
5,9,"BW,RCL",225,226,2,2,267
5,9,RCL,227,230,4,1,362
5,9,"RCA,RCL",231,235,5,2,359
5,9,"BW,RCA,RCL",236,240,5,3,265
5,9,"RCA,RCL",241,246,6,2,359
5,9,RCL,247,249,3,1,362
5,9,"BW,RCL",250,250,1,2,267
5,9,RCL,251,264,14,1,362
5,9,"BW,HC,RCA,RCL",265,266,2,4,239
5,9,"BV,BW,HC,HV,RCA,RCL,RS",267,267,1,7,171
5,9,"BV,BW,HV,RCL,RS",268,268,1,5,180
5,9,"RCL,RS",269,275,7,2,365
5,9,RCL,276,279,4,1,362
5,9,"RCL,RS",280,280,1,2,365
5,9,RS,281,282,2,1,368
5,9,"HV,RS",283,283,1,2,335
5,9,RS,284,289,6,1,368
5,9,"HV,RS",290,290,1,2,335
5,9,none,291,297,7,0,336
5,9,HV,298,298,1,1,313
5,9,none,299,305,7,0,336
5,9,HV,306,306,1,1,313
5,9,none,307,319,13,0,336
5,9,RS,320,320,1,1,368
5,10,RP,77,77,1,1,366
5,10,none,78,84,7,0,336
5,10,RP,85,86,2,1,366
5,10,none,87,90,4,0,336
5,10,RP,91,91,1,1,366
5,10,"RP,RS",92,94,3,2,367
5,10,"PT,RP,RS",95,95,1,3,356
5,10,RS,96,100,5,1,368
5,10,RP,101,101,1,1,366
5,10,none,102,117,16,0,336
5,10,RCL,118,142,25,1,362
5,10,"RCA,RCL",143,143,1,2,359
5,10,RCL,144,145,2,1,362
5,10,"BW,RCL",146,147,2,2,267
5,10,"BW,HC,RCA,RCL",148,148,1,4,239
5,10,"RCA,RCL",149,164,16,2,359
5,10,"HC,RCA,RCL",165,168,4,3,308
5,10,"RCA,RCL",169,170,2,2,359
5,10,"RCA,RCL,RS",171,171,1,3,360
5,10,"RCA,RCL",172,173,2,2,359
5,10,"BW,RCA,RCL",174,174,1,3,265
5,10,"RCA,RCL",175,180,6,2,359
5,10,RCL,181,181,1,1,362
5,10,"BV,BW,RCL",182,182,1,3,185
5,10,"BW,RCL",183,184,2,2,267
5,10,"BW,RCA,RCL",185,185,1,3,265
5,10,"BW,RCL",186,189,4,2,267
5,10,"HC,RCL",190,191,2,2,310
5,10,"HC,RCA,RCL",192,192,1,3,308
5,10,"RCA,RCL",193,197,5,2,359
5,10,"HC,RCA,RCL",198,199,2,3,308
5,10,"RCA,RCL",200,203,4,2,359
5,10,"HC,RCA,RCL",204,205,2,3,308
5,10,"RCA,RCL",206,206,1,2,359
5,10,"BW,RCA,RCL",207,208,2,3,265
5,10,"BW,HV,RCA,RCL",209,209,1,4,246
5,10,"BW,HC,HV,RCA,RCL",210,210,1,5,234
5,10,"BW,GC,HC,HV,RCA,RCL",211,211,1,6,218
5,10,"GC,HC,HV,RCA,RCL",212,212,1,5,275
5,10,"HC,HV,RCA,RCL",213,213,1,4,301
5,10,"BV,HC,HV,RCA,RCL",214,214,1,5,199
5,10,"HC,HV,RCA,RCL",215,215,1,4,301
5,10,"HC,RCA,RCL",216,221,6,3,308
5,10,"GC,HC,RCA,RCL",222,222,1,4,279
5,10,"HC,RCA,RCL",223,226,4,3,308
5,10,"BW,HC,HV,RCA,RCL",227,227,1,5,234
5,10,"BW,HC,RCA,RCL",228,228,1,4,239
5,10,"HC,RCA,RCL",229,232,4,3,308
5,10,"HC,RCL",233,233,1,2,310
5,10,"GC,HC,HV,RCL",234,234,1,4,277
5,10,"BW,GC,HC,HV,RCL",235,236,2,5,220
5,10,"HC,HV,RCA,RCL",237,237,1,4,301
5,10,"HC,HV,RCL",238,240,3,3,303
5,10,"HC,RCL",241,244,4,2,310
5,10,"BV,BW,GC,HC,HV,RCL",245,245,1,6,158
5,10,"BW,GC,HC,HV,RCL",246,246,1,5,220
5,10,"BW,GC,HC,HV,RCA,RCL",247,248,2,6,218
5,10,"BW,HC,HV,RCA,RCL,RS",249,252,4,6,235
5,10,"BW,HC,HV,RCL,RS",253,253,1,5,237
5,10,"GC,HC,RCL,RS",254,254,1,4,281
5,10,"HC,RCL,RS",255,258,4,3,311
5,10,"RCL,RS",259,285,27,2,365
5,10,RS,286,296,11,1,368
5,11,RP,83,83,1,1,366
5,11,none,84,84,1,0,336
5,11,RS,85,88,4,1,368
5,11,"RP,RS",89,108,20,2,367
5,11,RS,109,112,4,1,368
5,11,"RCL,RS",113,113,1,2,365
5,11,RS,114,120,7,1,368
5,11,"BW,RCL,RS",121,126,6,3,269
5,11,"RCL,RS",127,128,2,2,365
5,11,RCL,129,135,7,1,362
5,11,"BW,RCL",136,140,5,2,267
5,11,"BW,RCL,RS",141,144,4,3,269
5,11,"BV,BW,HV,RCL,RS",145,145,1,5,180
5,11,"BW,HV,RCL,RS",146,147,2,4,251
5,11,"BW,HC,HV,RCL,RS",148,148,1,5,237
5,11,RCL,149,160,12,1,362
5,11,"BW,RCL,RS",161,161,1,3,269
5,11,RCL,162,167,6,1,362
5,11,"HC,RCL",168,168,1,2,310
5,11,"BV,BW,GC,HC,HV,RCL",169,169,1,6,158
5,11,"BV,BW,GC,HC,HV,RCA,RCL",170,170,1,7,156
5,11,"GC,HC,HV,RCL",171,172,2,4,277
5,11,"GC,HC,RCL",173,173,1,3,280
5,11,"HC,RCL",174,176,3,2,310
5,11,RCL,177,177,1,1,362
5,11,"RCA,RCL",178,180,3,2,359
5,11,RCL,181,183,3,1,362
5,11,"RCL,RS",184,184,1,2,365
5,11,"RCA,RCL",185,185,1,2,359
5,11,RCL,186,186,1,1,362
5,11,"HV,RCL",187,187,1,2,330
5,11,RCL,188,193,6,1,362
5,11,"HC,RCL",194,200,7,2,310
5,11,"BW,HC,RCL",201,201,1,3,241
5,11,"BV,BW,HC,RCL",202,202,1,4,173
5,11,"BV,HC,RCA,RCL",203,203,1,4,202
5,11,"HC,RCL",204,210,7,2,310
5,11,RCL,211,215,5,1,362
5,11,"HC,RCL",216,222,7,2,310
5,11,RCL,223,227,5,1,362
5,11,"BV,BW,GC,RCA,RCL",228,228,1,5,167
5,11,"BV,BW,HC,RCL",229,229,1,4,173
5,11,"HC,RCL",230,233,4,2,310
5,11,"HC,RCA,RCL",234,234,1,3,308
5,11,"HC,RCL",235,235,1,2,310
5,11,"AC,HC,RCL",236,242,7,3,133
5,11,"AC,RCL",243,244,2,2,150
5,11,RCL,245,249,5,1,362
5,11,"BW,RCL",250,250,1,2,267
5,11,RCL,251,276,26,1,362
5,12,RS,44,44,1,1,368
5,12,none,45,49,5,0,336
5,12,RS,50,50,1,1,368
5,12,none,51,58,8,0,336
5,12,RS,59,64,6,1,368
5,12,none,65,70,6,0,336
5,12,RS,71,71,1,1,368
5,12,none,72,72,1,0,336
5,12,RP,73,80,8,1,366
5,12,none,81,88,8,0,336
5,12,RP,89,92,4,1,366
5,12,none,93,93,1,0,336
5,12,RS,94,99,6,1,368
5,12,none,100,103,4,0,336
5,12,RCL,104,105,2,1,362
5,12,"HC,RCL",106,106,1,2,310
5,12,RCL,107,118,12,1,362
5,12,"BW,RCL",119,119,1,2,267
5,12,"BW,HC,HV,RCL",120,120,1,4,236
5,12,"BW,HV,RCL",121,122,2,3,248
5,12,"RCA,RCL",123,131,9,2,359
5,12,"AC,HC,RCA,RCL",132,132,1,4,131
5,12,"RCA,RCL",133,143,11,2,359
5,12,"BW,GC,RCA,RCL",144,144,1,4,229
5,12,"BW,GC,HV,RCA,RCL",145,145,1,5,224
5,12,"BW,GC,RCA,RCL",146,146,1,4,229
5,12,"GC,RCA,RCL",147,150,4,3,293
5,12,"GC,HV,RCA,RCL",151,151,1,4,287
5,12,"GC,RCA,RCL",152,156,5,3,293
5,12,"RCA,RCL",157,160,4,2,359
5,12,"BW,RCA,RCL",161,161,1,3,265
5,12,"BW,GC,RCA,RCL",162,162,1,4,229
5,12,"GC,RCA,RCL",163,163,1,3,293
5,12,"RCA,RCL",164,173,10,2,359
5,12,"GC,RCA,RCL",174,176,3,3,293
5,12,"BW,GC,RCA,RCL",177,178,2,4,229
5,12,"BW,GC,HV,RCA,RCL",179,179,1,5,224
5,12,"BW,HV,RCA,RCL",180,180,1,4,246
5,12,"HV,RCA,RCL",181,182,2,3,327
5,12,"HC,HV,RCL",183,184,2,3,303
5,12,RCL,185,186,2,1,362
5,12,"RCA,RCL",187,187,1,2,359
5,12,"BW,RCA,RCL",188,189,2,3,265
5,12,"BW,HC,RCA,RCL",190,193,4,4,239
5,12,"BW,GC,HC,RCA,RCL",194,195,2,5,223
5,12,"BW,GC,RCA,RCL",196,196,1,4,229
5,12,"BW,GC,HV,RCA,RCL",197,197,1,5,224
5,12,"BW,HV,RCA,RCL",198,199,2,4,246
5,12,"BW,HC,HV,RCA,RCL",200,200,1,5,234
5,12,"BW,HC,RCA,RCL",201,203,3,4,239
5,12,"HC,RCA,RCL",204,204,1,3,308
5,12,"RCA,RCL",205,208,4,2,359
5,12,"HC,RCA,RCL",209,209,1,3,308
5,12,"RCA,RCL",210,216,7,2,359
5,12,"BW,RCA,RCL",217,217,1,3,265
5,12,"BW,GC,RCA,RCL",218,218,1,4,229
5,12,"BW,GC,HV,RCA,RCL",219,219,1,5,224
5,12,"BV,BW,GC,HV,RCA,RCL",220,220,1,6,162
5,12,"BW,GC,HV,RCA,RCL",221,224,4,5,224
5,12,"BW,GC,HC,HV,RCA,RCL",225,225,1,6,218
5,12,"BW,GC,HC,HV,RCL",226,226,1,5,220
5,12,"GC,HC,HV,RCL",227,227,1,4,277
5,12,"HC,HV,RCL",228,230,3,3,303
5,12,"HC,HV,RCA,RCL",231,231,1,4,301
5,12,"BW,GC,HC,HV,RCA,RCL",232,232,1,6,218
5,12,"BW,GC,HV,RCA,RCL",233,233,1,5,224
5,12,"RCA,RCL",234,234,1,2,359
5,12,RCL,235,239,5,1,362
5,12,"RCA,RCL",240,246,7,2,359
5,12,RCL,247,249,3,1,362
5,12,"RCL,RS",250,290,41,2,365
5,12,RS,291,309,19,1,368
5,13,RS,72,75,4,1,368
5,13,none,76,79,4,0,336
5,13,RS,80,85,6,1,368
5,13,none,86,95,10,0,336
5,13,RS,96,108,13,1,368
5,13,none,109,115,7,0,336
5,13,RS,116,116,1,1,368
5,13,none,117,125,9,0,336
5,13,RCL,126,134,9,1,362
5,13,"HC,RCL",135,135,1,2,310
5,13,RCL,136,140,5,1,362
5,13,"RCA,RCL",141,141,1,2,359
5,13,RCL,142,145,4,1,362
5,13,"BW,RCA,RCL",146,148,3,3,265
5,13,"RCA,RCL",149,150,2,2,359
5,13,RCL,151,155,5,1,362
5,13,"RCA,RCL",156,163,8,2,359
5,13,"BW,RCA,RCL",164,164,1,3,265
5,13,"BV,BW,HV,RCA,RCL",165,165,1,5,177
5,13,"GC,HV,RCA,RCL",166,166,1,4,287
5,13,"RCA,RCL",167,174,8,2,359
5,13,"HC,RCA,RCL",175,175,1,3,308
5,13,"HC,RCA,RCL,RS",176,176,1,4,309
5,13,"AC,HC,RCA,RCL,RS",177,177,1,5,132
5,13,"HC,RCA,RCL,RS",178,180,3,4,309
5,13,"BV,BW,GC,HC,HV,RCA,RCL,RS",181,182,2,8,157
5,13,"AC,BV,BW,GC,HC,HV,RCA,RCL,RS",183,183,1,9,7
5,13,"AC,GC,HC,HV,RCA,RCL,RS",184,188,5,7,103
5,13,"GC,HC,HV,RCL,RS",189,189,1,5,278
5,13,"GC,HC,HV,RCL",190,193,4,4,277
5,13,"GC,HC,HV,RCA,RCL",194,194,1,5,275
5,13,"BW,GC,HC,HV,RCA,RCL",195,199,5,6,218
5,13,"BW,HC,HV,RCA,RCL",200,200,1,5,234
5,13,"HC,HV,RCA,RCL",201,202,2,4,301
5,13,"HC,RCA,RCL",203,221,19,3,308
5,13,"RCA,RCL",222,223,2,2,359
5,13,"BW,RCA,RCL",224,225,2,3,265
5,13,"BV,BW,GC,HC,RCA,RCL",226,227,2,6,160
5,13,"BV,BW,GC,HC,HV,RCA,RCL,RS",228,228,1,8,157
5,13,"BW,GC,HC,HV,RCA,RCL,RS",229,229,1,7,219
5,13,"HC,RCA,RCL,RS",230,237,8,4,309
5,13,"HC,RCA,RCL",238,245,8,3,308
5,13,"HC,RCL",246,249,4,2,310
5,13,"HC,RCA,RCL,RS",250,253,4,4,309
5,13,"RCA,RCL,RS",254,255,2,3,360
5,13,"RCL,RS",256,280,25,2,365
5,13,RS,281,294,14,1,368
5,14,RP,79,86,8,1,366
5,14,none,87,92,6,0,336
5,14,RP,93,113,21,1,366
5,14,"RCL,RP",114,119,6,2,363
5,14,RCL,120,120,1,1,362
5,14,none,121,127,7,0,336
5,14,RCL,128,130,3,1,362
5,14,none,131,131,1,0,336
5,14,RP,132,133,2,1,366
5,14,none,134,135,2,0,336
5,14,RCL,136,143,8,1,362
5,14,"BW,HC,RCL",144,144,1,3,241
5,14,RCL,145,150,6,1,362
5,14,"BW,RCA,RCL",151,151,1,3,265
5,14,"BV,BW,HC,RCL",152,152,1,4,173
5,14,"BW,HC,RCL",153,153,1,3,241
5,14,"HC,HV,RCL",154,154,1,3,303
5,14,RCL,155,156,2,1,362
5,14,"RCA,RCL",157,158,2,2,359
5,14,"HV,RCL",159,162,4,2,330
5,14,"GC,HC,HV,RCA,RCL",163,163,1,5,275
5,14,"BW,GC,HC,HV,RCA,RCL",164,165,2,6,218
5,14,"GC,HV,RCA,RCL",166,170,5,4,287
5,14,"GC,HC,HV,RCA,RCL",171,174,4,5,275
5,14,"AC,BW,GC,HC,HV,RCA,RCL",175,175,1,7,71
5,14,"BW,GC,HC,HV,RCA,RCL",176,180,5,6,218
5,14,"BV,BW,GC,HC,HV,RCA,RCL",181,182,2,7,156
5,14,"BW,GC,HC,HV,RCA,RCL",183,189,7,6,218
5,14,"GC,HC,HV,RCA,RCL",190,190,1,5,275
5,14,"BV,GC,HC,HV,RCA,RCL",191,191,1,6,187
5,14,"GC,HC,HV,RCA,RCL",192,195,4,5,275
5,14,"BW,GC,HC,HV,RCA,RCL",196,198,3,6,218
5,14,"GC,HC,HV,RCA,RCL",199,199,1,5,275
5,14,"HC,HV,RCA,RCL",200,200,1,4,301
5,14,"HV,RCA,RCL",201,202,2,3,327
5,14,"BW,HV,RCA,RCL",203,204,2,4,246
5,14,"BW,HC,HV,RCA,RCL",205,205,1,5,234
5,14,"BW,GC,HC,HV,RCA,RCL",206,206,1,6,218
5,14,"BW,GC,HC,RCA,RCL",207,207,1,5,223
5,14,"HC,RCA,RCL",208,213,6,3,308
5,14,"BW,HC,RCA,RCL",214,215,2,4,239
5,14,"BW,GC,HC,RCA,RCL",216,218,3,5,223
5,14,"GC,HC,RCA,RCL",219,219,1,4,279
5,14,"HC,RCA,RCL",220,224,5,3,308
5,14,"BW,HC,HV,RCA,RCL",225,225,1,5,234
5,14,"BW,GC,HC,HV,RCA,RCL,RS",226,228,3,7,219
5,14,"GC,HC,HV,RCA,RCL,RS",229,230,2,6,276
5,14,"AC,HC,HV,RCA,RCL,RS",231,231,1,6,125
5,14,"HC,HV,RCA,RCL,RS",232,232,1,5,302
5,14,"HC,HV,RCA,RCL",233,233,1,4,301
5,14,"HC,RCA,RCL",234,237,4,3,308
5,14,"HC,RCA,RCL,RS",238,240,3,4,309
5,14,"HC,RCL,RS",241,244,4,3,311
5,14,RCL,245,258,14,1,362
5,14,"RCL,RS",259,279,21,2,365
5,14,RS,280,315,36,1,368
5,15,RS,54,65,12,1,368
5,15,"PC,RS",66,66,1,2,349
5,15,RS,67,72,6,1,368
5,15,none,73,76,4,0,336
5,15,RS,77,81,5,1,368
5,15,none,82,87,6,0,336
5,15,RS,88,96,9,1,368
5,15,"PT,RS",97,98,2,2,357
5,15,RS,99,100,2,1,368
5,15,"PC,RS",101,103,3,2,349
5,15,"PC,PT,RS",104,104,1,3,341
5,15,"PT,RS",105,105,1,2,357
5,15,PT,106,106,1,1,350
5,15,none,107,117,11,0,336
5,15,RCL,118,122,5,1,362
5,15,"RCL,RS",123,124,2,2,365
5,15,"RCA,RCL",125,125,1,2,359
5,15,RCL,126,133,8,1,362
5,15,"BW,HV,RCL",134,136,3,3,248
5,15,RCL,137,139,3,1,362
5,15,"GC,RCL,RS",140,140,1,3,296
5,15,"BW,GC,RCL,RS",141,141,1,4,232
5,15,"BW,GC,HV,RCL",142,142,1,4,226
5,15,"BW,HV,RCA,RCL",143,143,1,4,246
5,15,"RCA,RCL",144,147,4,2,359
5,15,"RCA,RCL,RS",148,152,5,3,360
5,15,"RCA,RCL",153,153,1,2,359
5,15,"BW,RCA,RCL",154,154,1,3,265
5,15,"BW,HV,RCA,RCL",155,157,3,4,246
5,15,"BW,GC,HV,RCA,RCL,RS",158,158,1,6,225
5,15,"BW,GC,HC,HV,RCA,RCL,RS",159,167,9,7,219
5,15,"BW,GC,HV,RCA,RCL,RS",168,172,5,6,225
5,15,"BW,GC,HC,HV,RCA,RCL,RS",173,175,3,7,219
5,15,"GC,HV,RCA,RCL,RS",176,179,4,5,288
5,15,"BW,GC,HV,RCA,RCL,RS",180,180,1,6,225
5,15,"BW,GC,HC,HV,RCA,RCL,RS",181,181,1,7,219
5,15,"AC,BW,GC,HV,RCA,RCL,RS",182,183,2,7,78
5,15,"BW,GC,HV,RCA,RCL",184,184,1,5,224
5,15,"BW,HV,RCA,RCL",185,186,2,4,246
5,15,"HV,RCA,RCL",187,187,1,3,327
5,15,"RCA,RCL",188,191,4,2,359
5,15,"BW,RCA,RCL",192,194,3,3,265
5,15,"BW,HV,RCA,RCL",195,195,1,4,246
5,15,"BW,GC,HC,HV,RCA,RCL",196,196,1,6,218
5,15,"BW,GC,HC,HV,RCA,RCL,RS",197,202,6,7,219
5,15,"BV,BW,GC,HC,HV,RCA,RCL,RS",203,203,1,8,157
5,15,"BW,GC,HC,HV,RCA,RCL,RS",204,204,1,7,219
5,15,"BW,GC,HV,RCA,RCL,RS",205,206,2,6,225
5,15,"BW,HV,RCA,RCL,RS",207,208,2,5,247
5,15,"BW,HV,RCA,RCL",209,209,1,4,246
5,15,"BW,HC,RCA,RCL",210,213,4,4,239
5,15,"BW,RCA,RCL",214,220,7,3,265
5,15,"RCA,RCL",221,225,5,2,359
5,15,RCL,226,236,11,1,362
5,15,"RCA,RCL",237,237,1,2,359
5,15,RCL,238,251,14,1,362
5,15,"RCL,RS",252,271,20,2,365
5,15,RCL,272,281,10,1,362
5,15,none,282,286,5,0,336
5,15,RS,287,287,1,1,368
5,15,none,288,291,4,0,336
5,15,RS,292,296,5,1,368
5,15,none,297,317,21,0,336
5,15,RS,318,318,1,1,368
5,15,none,319,325,7,0,336
5,15,RS,326,326,1,1,368
5,16,RS,47,47,1,1,368
5,16,none,48,52,5,0,336
5,16,RS,53,60,8,1,368
5,16,none,61,126,66,0,336
5,16,RCL,127,135,9,1,362
5,16,"BW,HV,RCL",136,136,1,3,248
5,16,"BW,HV,RCL,RS",137,138,2,4,251
5,16,"RCL,RS",139,145,7,2,365
5,16,"GC,RCL,RS",146,147,2,3,296
5,16,"BW,GC,HV,RCL,RS",148,148,1,5,227
5,16,"GC,HV,RCL,RS",149,149,1,4,290
5,16,"RCL,RS",150,156,7,2,365
5,16,"BW,RCL,RS",157,157,1,3,269
5,16,"RCL,RS",158,158,1,2,365
5,16,"HV,RCL,RS",159,159,1,3,332
5,16,"GC,RCL,RS",160,160,1,3,296
5,16,RCL,161,168,8,1,362
5,16,"BW,RCL",169,169,1,2,267
5,16,"BW,GC,HV,RCL",170,170,1,4,226
5,16,"BW,HV,RCL",171,174,4,3,248
5,16,"BW,HV,RCL,RS",175,175,1,4,251
5,16,"BW,HC,HV,RCL,RS",176,176,1,5,237
5,16,"BW,GC,HV,RCL,RS",177,177,1,5,227
5,16,"HV,RCL,RS",178,180,3,3,332
5,16,"RCL,RS",181,183,3,2,365
5,16,"GC,RCL",184,184,1,2,295
5,16,"GC,RCA,RCL",185,185,1,3,293
5,16,"GC,HV,RCA,RCL",186,187,2,4,287
5,16,"GC,HV,RCL",188,191,4,3,289
5,16,"BW,GC,HC,HV,RCL",192,193,2,5,220
5,16,"GC,HC,HV,RCL,RS",194,195,2,5,278
5,16,"AC,HC,HV,RCA,RCL,RS",196,197,2,6,125
5,16,"AC,HC,HV,RCL",198,203,6,4,127
5,16,"HC,HV,RCL",204,204,1,3,303
5,16,"HC,RCL",205,215,11,2,310
5,16,"BW,HC,RCL",216,220,5,3,241
5,16,"HC,RCL",221,224,4,2,310
5,16,RCL,225,228,4,1,362
5,16,"HC,RCL",229,232,4,2,310
5,16,"RCL,RS",233,233,1,2,365
5,16,"BW,RCL,RS",234,235,2,3,269
5,16,"RCL,RS",236,238,3,2,365
5,16,"HC,RCL,RS",239,245,7,3,311
5,16,"RCL,RS",246,255,10,2,365
5,16,"BW,HV,RCL,RS",256,256,1,4,251
5,16,"HV,RCL,RS",257,260,4,3,332
5,16,"BW,HV,RCL,RS",261,261,1,4,251
5,16,"HV,RCL,RS",262,262,1,3,332
5,16,"GC,RCL,RS",263,264,2,3,296
5,16,"RCL,RS",265,267,3,2,365
5,16,"HV,RCL,RS",268,268,1,3,332
5,16,"RCL,RS",269,278,10,2,365
5,16,RS,279,299,21,1,368
5,16,none,300,314,15,0,336
5,16,RS,315,317,3,1,368
5,17,RS,46,51,6,1,368
5,17,none,52,57,6,0,336
5,17,RS,58,83,26,1,368
5,17,"RP,RS",84,86,3,2,367
5,17,RS,87,90,4,1,368
5,17,"PT,RCL,RP,RS",91,91,1,4,353
5,17,"RCL,RP,RS",92,96,5,3,364
5,17,"RCL,RS",97,97,1,2,365
5,17,RS,98,101,4,1,368
5,17,"RCL,RS",102,110,9,2,365
5,17,RCL,111,119,9,1,362
5,17,"RCL,RS",120,120,1,2,365
5,17,"RCL,RP,RS",121,121,1,3,364
5,17,"RCL,RS",122,126,5,2,365
5,17,"RCL,RP,RS",127,127,1,3,364
5,17,"RCL,RS",128,128,1,2,365
5,17,"BW,RCL,RS",129,130,2,3,269
5,17,"RCL,RS",131,133,3,2,365
5,17,"RCL,RP,RS",134,136,3,3,364
5,17,RCL,137,144,8,1,362
5,17,"BW,RCL",145,145,1,2,267
5,17,RCL,146,153,8,1,362
5,17,"BW,RCL",154,154,1,2,267
5,17,"BV,BW,RCL",155,155,1,3,185
5,17,"BW,HC,HV,RCL",156,156,1,4,236
5,17,"HC,RCL",157,157,1,2,310
5,17,RCL,158,161,4,1,362
5,17,"HC,RCL",162,162,1,2,310
5,17,"HC,HV,RCL",163,166,4,3,303
5,17,"BW,HV,RCL",167,167,1,3,248
5,17,"BW,HV,RCL,RS",168,168,1,4,251
5,17,"BW,HV,RCL,RP,RS",169,171,3,5,250
5,17,"BW,GC,HV,RCL,RS",172,174,3,5,227
5,17,"BW,GC,HC,HV,RCL,RS",175,175,1,6,221
5,17,"BW,GC,HV,RCL,RS",176,177,2,5,227
5,17,"GC,HV,RCL,RS",178,179,2,4,290
5,17,"GC,HV,RCL",180,181,2,3,289
5,17,"BW,GC,HV,RCL",182,183,2,4,226
5,17,"BW,GC,HV,RCL,RS",184,184,1,5,227
5,17,"GC,HV,RCL",185,185,1,3,289
5,17,"HV,RCL",186,188,3,2,330
5,17,"BW,HV,RCL",189,191,3,3,248
5,17,"AC,BW,GC,HV,RCL",192,194,3,5,79
5,17,"AC,BW,HV,RCL",195,200,6,4,93
5,17,"AC,BV,BW,GC,HV,RCL",201,201,1,6,15
5,17,"AC,BV,BW,GC,HC,HV,RCL",202,202,1,7,8
5,17,"AC,BV,BW,HC,HV,RCL",203,206,4,6,26
5,17,"AC,BV,BW,HV,RCL",207,207,1,5,38
5,17,"AC,HV,RCL",208,208,1,3,141
5,17,"HV,RCL",209,217,9,2,330
5,17,"BW,HV,RCL",218,219,2,3,248
5,17,"BV,BW,HV,RCL",220,220,1,4,179
5,17,"HV,RCL",221,224,4,2,330
5,17,"AC,HV,RCL",225,225,1,3,141
5,17,"HV,RCL",226,231,6,2,330
5,17,"BV,BW,GC,HV,RCL,RS",232,232,1,6,165
5,17,"AC,BW,GC,HV,RCL,RS",233,234,2,6,80
5,17,"AC,BW,HV,RCL,RS",235,246,12,5,94
5,17,"AC,BW,GC,HV,RCL,RS",247,252,6,6,80
5,17,"AC,BW,HV,RCL,RS",253,255,3,5,94
5,17,"BW,HV,RCL,RS",256,257,2,4,251
5,17,"HV,RCL,RS",258,264,7,3,332
5,17,"BW,HV,RCL,RS",265,268,4,4,251
5,17,"BW,RCL,RS",269,269,1,3,269
5,17,"BW,GC,RCL,RS",270,270,1,4,232
5,17,"RCL,RS",271,284,14,2,365
5,17,RS,285,308,24,1,368
5,17,"RCL,RS",309,309,1,2,365
5,17,RS,310,311,2,1,368
5,17,none,312,320,9,0,336
5,17,RS,321,321,1,1,368
5,17,none,322,332,11,0,336
5,17,RS,333,333,1,1,368
5,17,none,334,347,14,0,336
5,17,RS,348,348,1,1,368
5,17,none,349,364,16,0,336
5,17,RS,365,365,1,1,368
5,18,RS,15,15,1,1,368
5,18,none,16,53,38,0,336
5,18,RS,54,54,1,1,368
5,18,none,55,71,17,0,336
5,18,RS,72,78,7,1,368
5,18,"PC,PT,RS",79,80,2,3,341
5,18,"PT,RS",81,85,5,2,357
5,18,RS,86,90,5,1,368
5,18,RP,91,91,1,1,366
5,18,none,92,102,11,0,336
5,18,RCL,103,103,1,1,362
5,18,"RCL,RP,RS",104,106,3,3,364
5,18,"RCL,RS",107,114,8,2,365
5,18,"BW,HV,RCL,RS",115,118,4,4,251
5,18,"BV,BW,HV,RCL,RS",119,119,1,5,180
5,18,"RCL,RS",120,121,2,2,365
5,18,"PT,RCL,RS",122,123,2,3,354
5,18,"RCL,RS",124,131,8,2,365
5,18,RCL,132,145,14,1,362
5,18,"BW,RCL",146,149,4,2,267
5,18,RCL,150,153,4,1,362
5,18,"BW,RCL",154,154,1,2,267
5,18,"BV,BW,RCL",155,156,2,3,185
5,18,"AC,RCL",157,157,1,2,150
5,18,"AC,RCL,RS",158,162,5,3,151
5,18,"AC,RCL",163,167,5,2,150
5,18,"AC,BV,BW,RCL",168,169,2,4,43
5,18,"AC,BV,BW,GC,RCL",170,170,1,5,18
5,18,"AC,BV,BW,RCA,RCL",171,174,4,5,41
5,18,"AC,BV,BW,GC,RCA,RCL",175,175,1,6,17
5,18,"AC,RCA,RCL",176,191,16,3,149
5,18,"RCA,RCL",192,197,6,2,359
5,18,"AC,BV,BW,RCA,RCL",198,198,1,5,41
5,18,"AC,BV,BW,GC,RCA,RCL",199,199,1,6,17
5,18,"AC,BV,GC,RCA,RCL",200,200,1,5,54
5,18,"GC,RCA,RCL",201,201,1,3,293
5,18,"RCA,RCL",202,204,3,2,359
5,18,"AC,RCA,RCL",205,205,1,3,149
5,18,"RCA,RCL",206,211,6,2,359
5,18,"BW,RCA,RCL",212,212,1,3,265
5,18,"RCA,RCL",213,238,26,2,359
5,18,"BV,BW,GC,HV,RCA,RCL",239,240,2,6,162
5,18,"BW,GC,RCA,RCL",241,241,1,4,229
5,18,"RCA,RCL",242,249,8,2,359
5,18,"RCA,RCL,RS",250,254,5,3,360
5,18,"RCA,RCL",255,256,2,2,359
5,18,RCL,257,258,2,1,362
5,18,"RCL,RS",259,294,36,2,365
5,18,RS,295,310,16,1,368
5,18,none,311,316,6,0,336
5,18,RS,317,327,11,1,368
5,18,none,328,333,6,0,336
5,18,RS,334,334,1,1,368
5,19,RS,20,20,1,1,368
5,19,none,21,59,39,0,336
5,19,RS,60,61,2,1,368
5,19,"RP,RS",62,69,8,2,367
5,19,RS,70,77,8,1,368
5,19,none,78,81,4,0,336
5,19,"RP,RS",82,84,3,2,367
5,19,"RCL,RP,RS",85,85,1,3,364
5,19,"RP,RS",86,88,3,2,367
5,19,RP,89,92,4,1,366
5,19,"RP,RS",93,93,1,2,367
5,19,"RCL,RP,RS",94,97,4,3,364
5,19,"RP,RS",98,101,4,2,367
5,19,RP,102,102,1,1,366
5,19,none,103,109,7,0,336
5,19,"RCL,RS",110,110,1,2,365
5,19,"RCL,RP,RS",111,111,1,3,364
5,19,"RCL,RS",112,113,2,2,365
5,19,RCL,114,122,9,1,362
5,19,"RCL,RS",123,126,4,2,365
5,19,"BW,RCL,RS",127,127,1,3,269
5,19,"RCL,RS",128,128,1,2,365
5,19,"RCL,RP,RS",129,129,1,3,364
5,19,RCL,130,134,5,1,362
5,19,"RCL,RS",135,138,4,2,365
5,19,"BW,RCL,RP,RS",139,139,1,4,268
5,19,"BV,BW,RCL,RS",140,140,1,4,186
5,19,"RCL,RS",141,150,10,2,365
5,19,"BW,HV,RCL,RS",151,151,1,4,251
5,19,"HV,RCL",152,153,2,2,330
5,19,"GC,HV,RCL",154,154,1,3,289
5,19,"HV,RCL",155,155,1,2,330
5,19,"BW,HV,RCL,RS",156,159,4,4,251
5,19,"BW,GC,HV,RCL,RS",160,162,3,5,227
5,19,"GC,HV,RCL,RS",163,167,5,4,290
5,19,"GC,HV,RCL",168,170,3,3,289
5,19,"AC,GC,HV,RCL",171,171,1,4,114
5,19,"GC,HV,RCL",172,172,1,3,289
5,19,"BW,GC,HV,RCL",173,178,6,4,226
5,19,"AC,BW,GC,HC,HV,RCL",179,179,1,6,73
5,19,"AC,BW,GC,HV,RCL",180,181,2,5,79
5,19,"BW,GC,HV,RCL",182,183,2,4,226
5,19,"BW,GC,HC,HV,RCL",184,185,2,5,220
5,19,"GC,HC,HV,RCL",186,188,3,4,277
5,19,"HC,HV,RCL",189,190,2,3,303
5,19,"BW,HC,HV,RCL",191,192,2,4,236
5,19,"BW,GC,HC,HV,RCL",193,194,2,5,220
5,19,"AC,BW,GC,HC,HV,RCL",195,196,2,6,73
5,19,"AC,GC,HC,HV,RCL",197,200,4,5,104
5,19,"AC,BW,GC,HC,HV,RCL",201,201,1,6,73
5,19,"AC,BW,GC,HC,HV,RCA,RCL,RS",202,206,5,8,72
5,19,"AC,BW,GC,HC,HV,RCL,RS",207,210,4,7,74
5,19,"BW,GC,HC,HV,RCL,RS",211,212,2,6,221
5,19,"BW,GC,HC,HV,RCL",213,215,3,5,220
5,19,"BW,GC,HC,HV,RCA,RCL",216,218,3,6,218
5,19,"BW,GC,HC,HV,RCA,RCL,RS",219,219,1,7,219
5,19,"BW,HC,RCA,RCL,RS",220,222,3,5,240
5,19,"BW,HC,RCL",223,224,2,3,241
5,19,"BW,HC,HV,RCL",225,225,1,4,236
5,19,"BW,HC,RCL",226,228,3,3,241
5,19,"RCA,RCL",229,232,4,2,359
5,19,"BW,RCA,RCL",233,236,4,3,265
5,19,"BW,HV,RCA,RCL",237,242,6,4,246
5,19,"BW,HC,HV,RCA,RCL,RS",243,243,1,6,235
5,19,"BW,GC,HC,HV,RCA,RCL",244,244,1,6,218
5,19,"BW,GC,HC,HV,RCL",245,245,1,5,220
5,19,"GC,HC,HV,RCL",246,247,2,4,277
5,19,"HC,HV,RCL",248,248,1,3,303
5,19,"HC,RCA,RCL",249,249,1,3,308
5,19,"AC,BW,HC,RCL",250,251,2,4,89
5,19,"AC,BW,RCL",252,252,1,3,97
5,19,"AC,BW,HV,RCL",253,253,1,4,93
5,19,"AC,BW,RCL",254,255,2,3,97
5,19,"AC,BW,HC,RCL",256,256,1,4,89
5,19,RCL,257,258,2,1,362
5,19,"RCL,RS",259,266,8,2,365
5,19,"BW,HV,RCL,RS",267,267,1,4,251
5,19,"BW,RCL,RS",268,268,1,3,269
5,19,"RCL,RS",269,285,17,2,365
5,19,RS,286,292,7,1,368
5,19,"RCL,RS",293,293,1,2,365
5,19,RS,294,314,21,1,368
5,19,none,315,327,13,0,336
5,19,RS,328,328,1,1,368
5,20,RS,37,37,1,1,368
5,20,none,38,41,4,0,336
5,20,RS,42,45,4,1,368
5,20,none,46,52,7,0,336
5,20,RS,53,70,18,1,368
5,20,"RP,RS",71,98,28,2,367
5,20,RS,99,103,5,1,368
5,20,"RP,RS",104,104,1,2,367
5,20,"RCL,RP,RS",105,109,5,3,364
5,20,"RCL,RS",110,113,4,2,365
5,20,"PT,RCL,RS",114,114,1,3,354
5,20,"RCL,RS",115,117,3,2,365
5,20,RCL,118,123,6,1,362
5,20,"BW,RCL",124,124,1,2,267
5,20,"BW,HV,RCL",125,126,2,3,248
5,20,"HV,RCL",127,128,2,2,330
5,20,"HV,RCL,RS",129,129,1,3,332
5,20,"HV,PT,RCL",130,130,1,3,323
5,20,RCL,131,136,6,1,362
5,20,"BW,RCL",137,137,1,2,267
5,20,"BW,HV,RCL,RS",138,138,1,4,251
5,20,"BV,BW,HV,RCL,RS",139,139,1,5,180
5,20,"HV,RCL,RS",140,142,3,3,332
5,20,"RCL,RS",143,148,6,2,365
5,20,RCL,149,150,2,1,362
5,20,"HV,RCL",151,151,1,2,330
5,20,"GC,HV,RCL",152,152,1,3,289
5,20,RCL,153,161,9,1,362
5,20,"BW,RCL",162,166,5,2,267
5,20,"AC,BV,BW,GC,RCL",167,167,1,5,18
5,20,"AC,BW,GC,RCL",168,169,2,4,82
5,20,"BW,GC,RCL",170,171,2,3,231
5,20,"BW,GC,HV,RCL",172,174,3,4,226
5,20,"GC,HV,RCL",175,175,1,3,289
5,20,"GC,RCL",176,179,4,2,295
5,20,"GC,HV,RCL",180,180,1,3,289
5,20,"BW,GC,HV,RCL",181,182,2,4,226
5,20,"BW,GC,HC,HV,RCL",183,183,1,5,220
5,20,"GC,HC,HV,RCL",184,184,1,4,277
5,20,"GC,HV,RCL",185,188,4,3,289
5,20,"GC,RCL",189,190,2,2,295
5,20,"BW,GC,RCL",191,191,1,3,231
5,20,"BV,BW,GC,RCL",192,192,1,4,168
5,20,"BV,BW,GC,HV,RCL",193,193,1,5,164
5,20,"GC,HV,RCL",194,194,1,3,289
5,20,"GC,RCL",195,196,2,2,295
5,20,RCL,197,201,5,1,362
5,20,"BW,HC,HV,RCL",202,202,1,4,236
5,20,"BV,BW,GC,HC,HV,RCL",203,204,2,6,158
5,20,"BW,GC,HC,HV,RCL",205,205,1,5,220
5,20,"GC,HC,HV,RCL",206,208,3,4,277
5,20,"GC,HV,RCL",209,209,1,3,289
5,20,"HV,RCL",210,211,2,2,330
5,20,RCL,212,212,1,1,362
5,20,"HC,RCL",213,213,1,2,310
5,20,"GC,HC,RCL",214,216,3,3,280
5,20,"GC,HC,HV,RCL",217,218,2,4,277
5,20,"HC,RCL",219,225,7,2,310
5,20,RCL,226,232,7,1,362
5,20,"HC,RCL",233,233,1,2,310
5,20,"HC,RCL,RS",234,236,3,3,311
5,20,RCL,237,240,4,1,362
5,20,"RCL,RS",241,241,1,2,365
5,20,RCL,242,245,4,1,362
5,20,"RCL,RS",246,250,5,2,365
5,20,RCL,251,254,4,1,362
5,20,"RCL,RS",255,284,30,2,365
5,20,RS,285,313,29,1,368
5,21,RS,31,50,20,1,368
5,21,"PT,RS",51,51,1,2,357
5,21,none,52,80,29,0,336
5,21,PT,81,81,1,1,350
5,21,"PT,RS",82,82,1,2,357
5,21,"PT,RP,RS",83,85,3,3,356
5,21,RP,86,94,9,1,366
5,21,"RP,RS",95,98,4,2,367
5,21,RP,99,103,5,1,366
5,21,"RP,RS",104,104,1,2,367
5,21,RS,105,108,4,1,368
5,21,"RP,RS",109,110,2,2,367
5,21,none,111,111,1,0,336
5,21,RCL,112,116,5,1,362
5,21,none,117,122,6,0,336
5,21,RCL,123,133,11,1,362
5,21,"RCL,RP",134,136,3,2,363
5,21,RCL,137,140,4,1,362
5,21,"RCL,RP,RS",141,142,2,3,364
5,21,"RCL,RS",143,146,4,2,365
5,21,"BW,HV,RCL,RS",147,148,2,4,251
5,21,"BW,HC,HV,RCL,RS",149,149,1,5,237
5,21,"GC,HV,RCL,RS",150,150,1,4,290
5,21,"GC,RCL,RS",151,155,5,3,296
5,21,"GC,HV,RCL,RS",156,156,1,4,290
5,21,"BW,GC,HV,RCL,RS",157,157,1,5,227
5,21,"GC,HV,RCL,RS",158,161,4,4,290
5,21,"BW,GC,HV,RCL,RS",162,165,4,5,227
5,21,"BW,HV,RCL,RS",166,169,4,4,251
5,21,"BW,GC,HV,RCL,RS",170,174,5,5,227
5,21,"GC,HV,RCL,RS",175,178,4,4,290
5,21,"BW,GC,HV,RCL,RS",179,193,15,5,227
5,21,"BW,GC,RCL",194,199,6,3,231
5,21,"BW,GC,RCL,RS",200,200,1,4,232
5,21,"BW,GC,RCL",201,208,8,3,231
5,21,"GC,RCL",209,212,4,2,295
5,21,"BW,GC,RCL",213,213,1,3,231
5,21,"BW,GC,HV,RCL",214,214,1,4,226
5,21,"BW,GC,RCL,RS",215,216,2,4,232
5,21,"BW,RCL,RS",217,219,3,3,269
5,21,"BW,HV,RCL,RS",220,220,1,4,251
5,21,"BW,HC,HV,RCL,RS",221,222,2,5,237
5,21,"HC,HV,RCL,RS",223,225,3,4,304
5,21,"HV,RCL,RS",226,226,1,3,332
5,21,"RCL,RS",227,230,4,2,365
5,21,"BW,GC,RCL",231,231,1,3,231
5,21,"BW,RCL",232,232,1,2,267
5,21,RCL,233,241,9,1,362
5,21,"RCL,RS",242,287,46,2,365
5,21,RS,288,300,13,1,368
5,21,"RCL,RS",301,301,1,2,365
5,21,RS,302,312,11,1,368
5,21,none,313,321,9,0,336
5,21,RS,322,326,5,1,368
5,21,none,327,340,14,0,336
5,21,RS,341,341,1,1,368
5,22,RS,25,26,2,1,368
5,22,none,27,73,47,0,336
5,22,"PT,RS",74,74,1,2,357
5,22,RS,75,80,6,1,368
5,22,none,81,88,8,0,336
5,22,RS,89,91,3,1,368
5,22,"RP,RS",92,98,7,2,367
5,22,RS,99,103,5,1,368
5,22,"RP,RS",104,113,10,2,367
5,22,none,114,119,6,0,336
5,22,RCL,120,121,2,1,362
5,22,"RCL,RS",122,122,1,2,365
5,22,RCL,123,138,16,1,362
5,22,"HV,RCL",139,144,6,2,330
5,22,"BW,HV,RCL",145,148,4,3,248
5,22,"HV,RCL",149,153,5,2,330
5,22,"BW,HV,RCL",154,154,1,3,248
5,22,"HC,HV,RCL",155,157,3,3,303
5,22,"GC,HV,RCL",158,159,2,3,289
5,22,"HV,RCL",160,161,2,2,330
5,22,"BW,HV,RCL",162,165,4,3,248
5,22,"BW,GC,HC,HV,RCL",166,167,2,5,220
5,22,"GC,HC,HV,RCL",168,168,1,4,277
5,22,RCL,169,172,4,1,362
5,22,"HV,RCL",173,174,2,2,330
5,22,"BW,HV,RCL",175,178,4,3,248
5,22,"HV,RCL",179,179,1,2,330
5,22,RCL,180,188,9,1,362
5,22,"HV,RCL",189,189,1,2,330
5,22,RCL,190,209,20,1,362
5,22,"BV,BW,RCL",210,210,1,3,185
5,22,"BV,RCL",211,212,2,2,213
5,22,RCL,213,255,43,1,362
5,22,"RCL,RS",256,256,1,2,365
5,22,"BV,RCL,RS",257,257,1,3,214
5,22,"BV,BW,GC,RCL,RS",258,260,3,5,169
5,22,"BV,BW,GC,HV,RCL,RS",261,262,2,6,165
5,22,"GC,HV,RCL,RS",263,265,3,4,290
5,22,"HV,RCL,RS",266,271,6,3,332
5,22,"RCL,RS",272,293,22,2,365
5,22,RS,294,298,5,1,368
5,22,none,299,330,32,0,336
5,22,RS,331,331,1,1,368
5,22,none,332,337,6,0,336
5,22,RCL,338,338,1,1,362
5,23,RS,29,29,1,1,368
5,23,none,30,60,31,0,336
5,23,RS,61,65,5,1,368
5,23,"RP,RS",66,73,8,2,367
5,23,RP,74,77,4,1,366
5,23,"RP,RS",78,85,8,2,367
5,23,"RCL,RP,RS",86,86,1,3,364
5,23,"RP,RS",87,91,5,2,367
5,23,"RCL,RP,RS",92,93,2,3,364
5,23,"HV,RCL,RP,RS",94,94,1,4,331
5,23,"RCL,RP,RS",95,98,4,3,364
5,23,"RCL,RP",99,105,7,2,363
5,23,"RCL,RP,RS",106,108,3,3,364
5,23,"BW,RCL,RP,RS",109,109,1,4,268
5,23,"RCL,RP,RS",110,110,1,3,364
5,23,"RCL,RP",111,112,2,2,363
5,23,RCL,113,119,7,1,362
5,23,"BW,RCL",120,120,1,2,267
5,23,RCL,121,124,4,1,362
5,23,"RCL,RS",125,130,6,2,365
5,23,"BW,RCL,RS",131,131,1,3,269
5,23,"BV,BW,HV,RCL,RS",132,132,1,5,180
5,23,"HV,RCL,RS",133,146,14,3,332
5,23,"BW,HV,RCL,RS",147,149,3,4,251
5,23,"BV,BW,HV,RCL,RS",150,150,1,5,180
5,23,"BW,HV,RCL,RS",151,151,1,4,251
5,23,"HV,RCL,RS",152,152,1,3,332
5,23,"GC,RCL,RS",153,157,5,3,296
5,23,"BW,GC,HV,RCL,RS",158,166,9,5,227
5,23,"HV,RCL,RS",167,170,4,3,332
5,23,RS,171,313,143,1,368
5,23,none,314,318,5,0,336
5,23,RS,319,319,1,1,368
5,23,none,320,326,7,0,336
5,23,RS,327,328,2,1,368
5,24,RS,52,181,130,1,368
5,24,"GC,HV,RCL,RS",182,184,3,4,290
5,24,"BW,GC,HV,RCL,RS",185,191,7,5,227
5,24,"BW,GC,HV,RCL",192,192,1,4,226
5,24,"GC,HV,RCL",193,197,5,3,289
5,24,"BW,GC,HV,RCL,RS",198,199,2,5,227
5,24,"BV,BW,GC,HV,RCL",200,200,1,5,164
5,24,"GC,HV,RCL",201,202,2,3,289
5,24,"HV,RCL",203,214,12,2,330
5,24,"BW,HV,RCL",215,216,2,3,248
5,24,"BW,GC,HV,RCL",217,217,1,4,226
5,24,"BV,BW,GC,HV,RCL,RS",218,219,2,6,165
5,24,"BV,BW,HV,RCL,RS",220,220,1,5,180
5,24,"HV,RCL,RS",221,231,11,3,332
5,24,"BW,HV,RCL,RS",232,232,1,4,251
5,24,"BW,GC,HV,RCL,RS",233,235,3,5,227
5,24,"GC,HV,RCL,RS",236,237,2,4,290
5,24,"GC,HV,RCL",238,241,4,3,289
5,24,"HV,RCL",242,246,5,2,330
5,24,RCL,247,251,5,1,362
5,24,"RCL,RS",252,278,27,2,365
5,24,RS,279,282,4,1,368
5,24,none,283,285,3,0,336
5,24,RCL,286,286,1,1,362
5,24,none,287,288,2,0,336
5,24,RS,289,329,41,1,368
6,1,PT,64,66,3,1,350
6,1,none,67,71,5,0,336
6,1,"PC,PT,RS",72,72,1,3,341
6,1,"PT,RS",73,76,4,2,357
6,1,"PC,PT,RS",77,77,1,3,341
6,1,"PC,PT,RP,RS",78,78,1,4,340
6,1,"PC,PT,RS",79,82,4,3,341
6,1,"PT,RS",83,85,3,2,357
6,1,RS,86,92,7,1,368
6,1,"PT,RS",93,97,5,2,357
6,1,"PC,PT,RP,RS",98,98,1,4,340
6,1,"PC,RP,RS",99,104,6,3,348
6,1,"PC,RP",105,108,4,2,347
6,1,"BW,PC,RP,RS",109,109,1,4,259
6,1,"BW,PC,PT,RP,RS",110,110,1,5,255
6,1,PC,111,115,5,1,337
6,1,"PC,PT",116,116,1,2,338
6,1,"PC,RP,RS",117,117,1,3,348
6,1,"BW,RP,RS",118,119,2,3,271
6,1,"BW,RS",120,120,1,2,272
6,1,RS,121,129,9,1,368
6,1,"BW,RCL,RS",130,130,1,3,269
6,1,"RCL,RS",131,131,1,2,365
6,1,"AC,RCL,RS",132,136,5,3,151
6,1,"RCL,RS",137,137,1,2,365
6,1,"HV,RCL,RS",138,138,1,3,332
6,1,RCL,139,145,7,1,362
6,1,"BW,RCL",146,147,2,2,267
6,1,"BV,BW,RCL,RS",148,148,1,4,186
6,1,"BW,RCL,RS",149,149,1,3,269
6,1,"RCL,RS",150,151,2,2,365
6,1,"HV,RCL,RS",152,152,1,3,332
6,1,"AC,RCL,RS",153,153,1,3,151
6,1,"RCL,RS",154,155,2,2,365
6,1,none,156,178,23,0,336
6,1,RCL,179,180,2,1,362
6,1,"AC,RCL",181,182,2,2,150
6,1,"AC,HV,RCL",183,183,1,3,141
6,1,"AC,BW,HV,RCL",184,184,1,4,93
6,1,"AC,BW,HV,RCL,RS",185,185,1,5,94
6,1,"AC,BW,GC,HV,RCL,RS",186,186,1,6,80
6,1,"AC,GC,HV,RCL,RS",187,192,6,5,115
6,1,"AC,BW,GC,HV,RCL,RS",193,195,3,6,80
6,1,"AC,GC,HV,RCL,RS",196,199,4,5,115
6,1,"AC,HV,RCL,RS",200,202,3,4,142
6,1,"AC,BW,HV,RCL,RS",203,207,5,5,94
6,1,"AC,BW,GC,HV,RCL,RS",208,210,3,6,80
6,1,"AC,GC,HV,RCL,RS",211,212,2,5,115
6,1,"AC,HV,RCL,RS",213,213,1,4,142
6,1,"AC,RCL",214,253,40,2,150
6,1,"AC,RCL,RS",254,257,4,3,151
6,1,"RCL,RS",258,268,11,2,365
6,1,"HV,RCL,RS",269,269,1,3,332
6,1,"RCL,RS",270,270,1,2,365
6,1,"GC,RCL,RS",271,272,2,3,296
6,1,"RCL,RS",273,283,11,2,365
6,1,RS,284,294,11,1,368
6,1,none,295,330,36,0,336
6,1,RS,331,333,3,1,368
6,1,none,334,339,6,0,336
6,1,RS,340,340,1,1,368
6,2,PT,63,71,9,1,350
6,2,none,72,72,1,0,336
6,2,RS,73,75,3,1,368
6,2,"PC,RS",76,76,1,2,349
6,2,"PC,PT,RS",77,77,1,3,341
6,2,"PT,RS",78,78,1,2,357
6,2,"PT,RP,RS",79,79,1,3,356
6,2,"RP,RS",80,81,2,2,367
6,2,"PC,RP,RS",82,82,1,3,348
6,2,PC,83,83,1,1,337
6,2,none,84,91,8,0,336
6,2,"PC,RP,RS",92,99,8,3,348
6,2,"BW,PC,RP,RS",100,100,1,4,259
6,2,"RCL,RP",101,101,1,2,363
6,2,none,102,105,4,0,336
6,2,"RCL,RP",106,109,4,2,363
6,2,RP,110,113,4,1,366
6,2,"RCL,RP",114,114,1,2,363
6,2,"BW,RCL,RS",115,115,1,3,269
6,2,"RCL,RS",116,116,1,2,365
6,2,RCL,117,124,8,1,362
6,2,"BW,HV,RCL,RS",125,128,4,4,251
6,2,"BV,BW,HV,RCL,RS",129,129,1,5,180
6,2,"HV,RCL,RS",130,132,3,3,332
6,2,"HV,RCL",133,134,2,2,330
6,2,"BW,HV,RCL",135,138,4,3,248
6,2,"BW,RCL",139,144,6,2,267
6,2,"BW,GC,RCL",145,145,1,3,231
6,2,"BV,BW,GC,HC,RCL",146,146,1,5,161
6,2,"AC,BW,GC,HC,RCL",147,147,1,5,76
6,2,"AC,BW,GC,HC,HV,RCL",148,148,1,6,73
6,2,"AC,HC,RCL",149,151,3,3,133
6,2,"AC,RCL",152,152,1,2,150
6,2,"AC,BW,RCL",153,154,2,3,97
6,2,"AC,BW,GC,RCL",155,157,3,4,82
6,2,"AC,BW,GC,HC,RCL",158,158,1,5,76
6,2,"AC,BW,GC,RCL",159,159,1,4,82
6,2,"AC,BW,RCL",160,163,4,3,97
6,2,"AC,RCL",164,171,8,2,150
6,2,"AC,RCA,RCL",172,172,1,3,149
6,2,"AC,HV,RCA,RCL",173,173,1,4,139
6,2,"AC,BW,HV,RCL",174,174,1,4,93
6,2,"AC,BV,BW,HC,HV,RCL",175,176,2,6,26
6,2,"AC,BV,BW,GC,HC,HV,RCL",177,177,1,7,8
6,2,"AC,GC,HC,RCL",178,178,1,4,108
6,2,"AC,HC,RCL",179,179,1,3,133
6,2,"AC,RCL",180,187,8,2,150
6,2,"AC,HC,RCL",188,190,3,3,133
6,2,"AC,RCL",191,193,3,2,150
6,2,"AC,BW,HV,RCL",194,194,1,4,93
6,2,"AC,RCL",195,203,9,2,150
6,2,"AC,BV,BW,HC,HV,RCL",204,204,1,6,26
6,2,"AC,BV,BW,GC,HC,HV,RCL",205,206,2,7,8
6,2,"AC,BW,GC,HC,HV,RCL",207,207,1,6,73
6,2,"AC,GC,HC,HV,RCL",208,209,2,5,104
6,2,"AC,HC,RCL",210,210,1,3,133
6,2,none,211,217,7,0,336
6,2,"AC,RCL",218,220,3,2,150
6,2,"AC,HV,RCL",221,224,4,3,141
6,2,"AC,GC,HV,RCL",225,225,1,4,114
6,2,none,226,231,6,0,336
6,2,"AC,RCL",232,250,19,2,150
6,2,RCL,251,273,23,1,362
6,2,"RCL,RS",274,274,1,2,365
6,2,RCL,275,275,1,1,362
6,2,none,276,309,34,0,336
6,2,RS,310,311,2,1,368
6,3,RS,70,72,3,1,368
6,3,"PT,RP,RS",73,73,1,3,356
6,3,"RP,RS",74,77,4,2,367
6,3,"PC,RP,RS",78,78,1,3,348
6,3,"PC,RS",79,85,7,2,349
6,3,"PC,RP,RS",86,97,12,3,348
6,3,"RP,RS",98,98,1,2,367
6,3,none,99,117,19,0,336
6,3,RCL,118,120,3,1,362
6,3,"BW,RCL",121,122,2,2,267
6,3,"BW,HV,RCL",123,123,1,3,248
6,3,"BW,HV,RCL,RP",124,124,1,4,249
6,3,RCL,125,129,5,1,362
6,3,"BW,RCL",130,131,2,2,267
6,3,RCL,132,140,9,1,362
6,3,"BW,RCL",141,144,4,2,267
6,3,RCL,145,145,1,1,362
6,3,"AC,RCL",146,150,5,2,150
6,3,"AC,BW,RCL",151,154,4,3,97
6,3,"AC,BW,GC,RCL",155,155,1,4,82
6,3,"AC,RCL",156,160,5,2,150
6,3,"AC,BW,RCL",161,161,1,3,97
6,3,"BW,RCL",162,163,2,2,267
6,3,RCL,164,170,7,1,362
6,3,"BW,RCL",171,174,4,2,267
6,3,RCL,175,176,2,1,362
6,3,"AC,RCL",177,178,2,2,150
6,3,"AC,BW,RCL",179,179,1,3,97
6,3,"AC,BV,BW,RCL",180,181,2,4,43
6,3,"AC,BW,RCL",182,187,6,3,97
6,3,"AC,BV,BW,RCL",188,189,2,4,43
6,3,"AC,BV,BW,HV,RCL",190,191,2,5,38
6,3,"AC,BV,GC,HC,HV,RCL",192,192,1,6,47
6,3,"AC,GC,HV,RCL",193,195,3,4,114
6,3,"AC,GC,RCL",196,196,1,3,119
6,3,"AC,HC,RCL",197,197,1,3,133
6,3,"AC,RCL",198,209,12,2,150
6,3,"AC,BV,RCL",210,212,3,3,67
6,3,"AC,BV,BW,HV,RCL",213,213,1,5,38
6,3,"AC,BV,BW,GC,HV,RCL",214,214,1,6,15
6,3,"AC,BV,RCL",215,215,1,3,67
6,3,"AC,RCL",216,224,9,2,150
6,3,"AC,HC,RCL",225,228,4,3,133
6,3,"AC,BV,HC,RCL",229,230,2,4,61
6,3,"AC,HC,RCL",231,232,2,3,133
6,3,"AC,RCL",233,250,18,2,150
6,3,"AC,HV,RCL",251,251,1,3,141
6,3,"AC,RCL",252,258,7,2,150
6,3,RCL,259,268,10,1,362
6,3,"RCL,RS",269,269,1,2,365
6,3,"HV,RCL,RS",270,271,2,3,332
6,3,"GC,HV,RCL,RS",272,272,1,4,290
6,3,"GC,RCL,RS",273,273,1,3,296
6,3,"RCL,RS",274,277,4,2,365
6,3,RCL,278,278,1,1,362
6,3,none,279,281,3,0,336
6,3,RS,282,283,2,1,368
6,4,RS,52,55,4,1,368
6,4,"RP,RS",56,56,1,2,367
6,4,none,57,61,5,0,336
6,4,PT,62,71,10,1,350
6,4,none,72,82,11,0,336
6,4,PC,83,85,3,1,337
6,4,"PC,PT",86,86,1,2,338
6,4,"PC,PT,RP",87,87,1,3,339
6,4,"PC,PT",88,90,3,2,338
6,4,PC,91,109,19,1,337
6,4,"PC,RCL",110,121,12,2,344
6,4,RCL,122,126,5,1,362
6,4,"BW,RCL",127,127,1,2,267
6,4,"PT,RCL",128,129,2,2,352
6,4,RCL,130,133,4,1,362
6,4,"BW,RCL",134,136,3,2,267
6,4,RCL,137,140,4,1,362
6,4,"BW,RCL",141,142,2,2,267
6,4,"BW,PT,RCL",143,143,1,3,262
6,4,"BW,HV,RCL",144,146,3,3,248
6,4,"BV,BW,GC,HV,RCL",147,147,1,5,164
6,4,"BW,HV,RCL",148,154,7,3,248
6,4,"GC,HV,RCL",155,155,1,3,289
6,4,"AC,GC,HV,RCL",156,159,4,4,114
6,4,"BW,GC,HV,RCL",160,162,3,4,226
6,4,"BV,BW,GC,HV,RCL",163,163,1,5,164
6,4,"AC,BV,BW,GC,HV,RCL",164,166,3,6,15
6,4,"AC,BW,GC,HV,RCL",167,176,10,5,79
6,4,"AC,BW,GC,RCL",177,179,3,4,82
6,4,"AC,BV,BW,GC,RCL",180,180,1,5,18
6,4,"AC,BV,BW,GC,HV,RCL",181,181,1,6,15
6,4,"AC,BV,BW,GC,HV,RCL,RS",182,182,1,7,16
6,4,"AC,BV,BW,GC,HV,RCL",183,183,1,6,15
6,4,"AC,BW,GC,HV,RCL",184,187,4,5,79
6,4,"AC,BV,BW,GC,HV,RCL",188,189,2,6,15
6,4,"AC,BV,GC,HV,RCL",190,190,1,5,52
6,4,"AC,BV,HV,RCL",191,194,4,4,64
6,4,"AC,BV,BW,HV,RCL",195,195,1,5,38
6,4,"AC,BV,BW,GC,HV,RCL",196,203,8,6,15
6,4,"AC,BW,GC,RCL",204,216,13,4,82
6,4,RCL,217,261,45,1,362
6,4,"RCL,RS",262,262,1,2,365
6,4,RCL,263,273,11,1,362
6,4,none,274,301,28,0,336
6,4,RS,302,302,1,1,368
6,4,none,303,355,53,0,336
6,4,RS,356,356,1,1,368
6,5,PT,58,58,1,1,350
6,5,PC,59,59,1,1,337
6,5,none,60,62,3,0,336
6,5,RS,63,63,1,1,368
6,5,"PC,RS",64,64,1,2,349
6,5,RS,65,77,13,1,368
6,5,PC,78,89,12,1,337
6,5,"PC,PT",90,90,1,2,338
6,5,PC,91,92,2,1,337
6,5,"PC,RS",93,93,1,2,349
6,5,none,94,108,15,0,336
6,5,"RP,RS",109,109,1,2,367
6,5,"BW,PC,RCL,RP,RS",110,110,1,5,257
6,5,"BW,PC,RCL,RP",111,117,7,4,256
6,5,RCL,118,121,4,1,362
6,5,"RCL,RP",122,122,1,2,363
6,5,RCL,123,125,3,1,362
6,5,"PC,RCL",126,126,1,2,344
6,5,"PC,RCL,RS",127,128,2,3,346
6,5,"RCL,RS",129,129,1,2,365
6,5,RCL,130,134,5,1,362
6,5,"RCA,RCL",135,136,2,2,359
6,5,"BW,RCA,RCL",137,138,2,3,265
6,5,RCL,139,144,6,1,362
6,5,"BW,RCA,RCL",145,145,1,3,265
6,5,"BV,BW,RCL",146,146,1,3,185
6,5,"BW,RCL",147,149,3,2,267
6,5,RCL,150,151,2,1,362
6,5,"RCA,RCL",152,155,4,2,359
6,5,"BV,BW,RCA,RCL",156,156,1,4,184
6,5,"BV,BW,HC,HV,RCA,RCL",157,157,1,6,170
6,5,"BW,RCA,RCL",158,174,17,3,265
6,5,"RCA,RCL",175,193,19,2,359
6,5,RCL,194,230,37,1,362
6,5,"HC,RCL",231,231,1,2,310
6,5,RCL,232,253,22,1,362
6,5,"BV,RCL",254,254,1,2,213
6,5,RCL,255,263,9,1,362
6,6,RS,56,67,12,1,368
6,6,none,68,71,4,0,336
6,6,RS,72,73,2,1,368
6,6,"PC,RS",74,74,1,2,349
6,6,RS,75,75,1,1,368
6,6,none,76,81,6,0,336
6,6,"PC,RS",82,85,4,2,349
6,6,"PC,RP,RS",86,86,1,3,348
6,6,"RP,RS",87,87,1,2,367
6,6,RP,88,88,1,1,366
6,6,none,89,97,9,0,336
6,6,RS,98,98,1,1,368
6,6,none,99,106,8,0,336
6,6,"PC,RP,RS",107,114,8,3,348
6,6,"BW,HV,PC,RP,RS",115,117,3,5,244
6,6,PC,118,121,4,1,337
6,6,none,122,123,2,0,336
6,6,RCL,124,132,9,1,362
6,6,"BW,RCL",133,134,2,2,267
6,6,RCL,135,135,1,1,362
6,6,"AC,RCL",136,139,4,2,150
6,6,"AC,BW,RCL",140,141,2,3,97
6,6,RCL,142,147,6,1,362
6,6,"BW,RCL",148,149,2,2,267
6,6,RCL,150,153,4,1,362
6,6,"BW,RCL",154,154,1,2,267
6,6,"BW,HV,RCL",155,155,1,3,248
6,6,RCL,156,156,1,1,362
6,6,"AC,RCL",157,160,4,2,150
6,6,RCL,161,164,4,1,362
6,6,"RCA,RCL",165,165,1,2,359
6,6,"AC,RCL",166,166,1,2,150
6,6,RCL,167,172,6,1,362
6,6,"AC,RCL",173,173,1,2,150
6,6,RCL,174,176,3,1,362
6,6,"BW,RCL",177,180,4,2,267
6,6,RCL,181,195,15,1,362
6,6,"BV,BW,RCL",196,197,2,3,185
6,6,RCL,198,241,44,1,362
6,6,none,242,245,4,0,336
6,6,BV,246,249,4,1,154
6,6,none,250,267,18,0,336
6,6,RCL,268,268,1,1,362
6,6,none,269,287,19,0,336
6,6,RS,288,288,1,1,368
6,6,none,289,292,4,0,336
6,6,RS,293,293,1,1,368
6,6,none,294,300,7,0,336
6,6,RS,301,304,4,1,368
6,6,none,305,310,6,0,336
6,6,RS,311,321,11,1,368
6,6,none,322,326,5,0,336
6,6,RS,327,328,2,1,368
6,7,"PC,RS",38,38,1,2,349
6,7,RS,39,41,3,1,368
6,7,none,42,46,5,0,336
6,7,RS,47,56,10,1,368
6,7,none,57,63,7,0,336
6,7,"PC,RS",64,64,1,2,349
6,7,RS,65,69,5,1,368
6,7,"PC,RS",70,71,2,2,349
6,7,none,72,76,5,0,336
6,7,"PC,RS",77,80,4,2,349
6,7,"PC,RP,RS",81,81,1,3,348
6,7,"RP,RS",82,85,4,2,367
6,7,"PC,RP,RS",86,86,1,3,348
6,7,RS,87,92,6,1,368
6,7,"PC,RS",93,97,5,2,349
6,7,"PC,RP,RS",98,98,1,3,348
6,7,"PC,RS",99,101,3,2,349
6,7,none,102,105,4,0,336
6,7,"BW,RS",106,106,1,2,272
6,7,"BW,PC,RCL,RS",107,108,2,4,258
6,7,"BW,HV,RCL,RS",109,113,5,4,251
6,7,"BW,RCL,RS",114,115,2,3,269
6,7,"RCL,RS",116,120,5,2,365
6,7,RS,121,129,9,1,368
6,7,"RCL,RS",130,130,1,2,365
6,7,RS,131,135,5,1,368
6,7,"BW,RCL,RS",136,137,2,3,269
6,7,"BW,RCA,RCL,RS",138,139,2,4,266
6,7,"RCL,RS",140,145,6,2,365
6,7,"BW,RCL,RS",146,148,3,3,269
6,7,"BV,BW,HV,RCL,RS",149,149,1,5,180
6,7,"BW,HV,RCL,RS",150,150,1,4,251
6,7,"BW,GC,HV,RCL,RS",151,151,1,5,227
6,7,"GC,HV,RCL,RS",152,155,4,4,290
6,7,"AC,HV,RCL,RS",156,156,1,4,142
6,7,"HV,RCL,RS",157,158,2,3,332
6,7,"BW,HV,RCL,RS",159,161,3,4,251
6,7,"BV,BW,HV,RCL",162,162,1,4,179
6,7,RCL,163,167,5,1,362
6,7,"BW,RCL",168,168,1,2,267
6,7,"BV,BW,HV,RCL",169,169,1,4,179
6,7,"BV,BW,HV,RCL,RS",170,170,1,5,180
6,7,"AC,BV,BW,GC,RCL,RS",171,171,1,6,19
6,7,"RCL,RS",172,174,3,2,365
6,7,RCL,175,177,3,1,362
6,7,"BW,HV,RCL",178,178,1,3,248
6,7,"BW,GC,HV,RCL",179,179,1,4,226
6,7,"AC,GC,HV,RCL",180,180,1,4,114
6,7,"AC,HV,RCL",181,182,2,3,141
6,7,"AC,HV,RCA,RCL",183,183,1,4,139
6,7,"AC,HV,RCL",184,184,1,3,141
6,7,"AC,GC,HV,RCL",185,185,1,4,114
6,7,"AC,BW,GC,HV,RCL",186,186,1,5,79
6,7,"GC,HV,RCL",187,187,1,3,289
6,7,"GC,RCL",188,189,2,2,295
6,7,RCL,190,190,1,1,362
6,7,"BW,RCL",191,191,1,2,267
6,7,"BW,HV,RCL",192,195,4,3,248
6,7,"GC,HV,RCL",196,205,10,3,289
6,7,"AC,HV,RCL",206,211,6,3,141
6,7,"HV,RCL",212,212,1,2,330
6,7,"BV,BW,GC,HV,RCL",213,214,2,5,164
6,7,"BV,BW,GC,HV,RCL,RS",215,215,1,6,165
6,7,"BW,GC,HV,RCL,RS",216,218,3,5,227
6,7,"AC,BW,GC,HV,RCL,RS",219,219,1,6,80
6,7,"BW,RCL,RS",220,223,4,3,269
6,7,"BW,GC,HV,RCL,RS",224,225,2,5,227
6,7,"AC,BW,GC,HV,RCL,RS",226,229,4,6,80
6,7,"AC,BV,HV,RCL,RS",230,230,1,5,65
6,7,"AC,HV,RCL,RS",231,233,3,4,142
6,7,"AC,BW,HV,RCL,RS",234,235,2,5,94
6,7,"AC,BW,HV,RCL",236,239,4,4,93
6,7,"BV,BW,RCL,RS",240,243,4,4,186
6,7,"BV,RCL,RS",244,244,1,3,214
6,7,"AC,BV,RCL,RS",245,245,1,4,68
6,7,"AC,RCL",246,246,1,2,150
6,7,RCL,247,255,9,1,362
6,7,"RCL,RS",256,275,20,2,365
6,7,none,276,279,4,0,336
6,7,RS,280,283,4,1,368
6,7,none,284,291,8,0,336
6,7,RS,292,292,1,1,368
6,7,none,293,306,14,0,336
6,7,RS,307,307,1,1,368
6,8,RS,55,55,1,1,368
6,8,none,56,59,4,0,336
6,8,RS,60,72,13,1,368
6,8,"PC,RS",73,81,9,2,349
6,8,"PC,RP,RS",82,83,2,3,348
6,8,PC,84,87,4,1,337
6,8,"PC,RP,RS",88,89,2,3,348
6,8,"PC,RS",90,96,7,2,349
6,8,PC,97,103,7,1,337
6,8,"BW,PC",104,104,1,2,254
6,8,PC,105,105,1,1,337
6,8,none,106,113,8,0,336
6,8,"BW,RCL",114,115,2,2,267
6,8,"BW,HV,RCL",116,116,1,3,248
6,8,RCL,117,119,3,1,362
6,8,"RCL,RS",120,126,7,2,365
6,8,"AC,RCL,RS",127,127,1,3,151
6,8,"AC,RCL",128,129,2,2,150
6,8,none,130,133,4,0,336
6,8,"AC,RCL",134,134,1,2,150
6,8,"AC,BW,RCL",135,136,2,3,97
6,8,"AC,BW,HV,RCL",137,138,2,4,93
6,8,"AC,BW,HV,RCL,RS",139,139,1,5,94
6,8,"AC,BV,BW,HV,RCL,RS",140,140,1,6,39
6,8,"AC,BW,HV,RCL,RS",141,141,1,5,94
6,8,"AC,RCL,RS",142,144,3,3,151
6,8,"AC,RCL",145,148,4,2,150
6,8,"AC,HV,RCL",149,149,1,3,141
6,8,"AC,RCL,RS",150,153,4,3,151
6,8,"AC,BW,HV,RCL,RS",154,155,2,5,94
6,8,"AC,BV,BW,HV,RCL",156,157,2,5,38
6,8,"AC,BV,BW,HC,HV,RCL",158,158,1,6,26
6,8,"AC,BW,HC,HV,RCL",159,161,3,5,86
6,8,"AC,BW,HV,RCL",162,162,1,4,93
6,8,"AC,BV,BW,HV,RCL",163,165,3,5,38
6,8,"AC,BV,BW,GC,HV,RCL",166,167,2,6,15
6,8,"AC,BV,BW,GC,HC,HV,RCL",168,169,2,7,8
6,8,"AC,GC,HC,RCL",170,175,6,4,108
6,8,"AC,BW,GC,HC,RCL",176,176,1,5,76
6,8,"AC,BV,BW,GC,HC,RCL",177,177,1,6,11
6,8,"AC,GC,HC,RCL",178,178,1,4,108
6,8,"AC,HC,RCL",179,183,5,3,133
6,8,"AC,GC,HC,RCL",184,188,5,4,108
6,8,"AC,BV,BW,GC,HC,RCL",189,190,2,6,11
6,8,"AC,GC,HC,RCL",191,191,1,4,108
6,8,"AC,HC,RCL",192,193,2,3,133
6,8,"AC,RCL",194,197,4,2,150
6,8,"AC,HC,RCL",198,222,25,3,133
6,8,"AC,RCL",223,230,8,2,150
6,8,"AC,HC,RCL",231,231,1,3,133
6,8,"AC,RCL",232,251,20,2,150
6,8,"AC,BV,BW,RCL,RS",252,253,2,5,44
6,8,"AC,RCL,RS",254,256,3,3,151
6,8,"RCL,RS",257,258,2,2,365
6,8,"BV,BW,RCL,RS",259,260,2,4,186
6,8,"RCL,RS",261,268,8,2,365
6,8,RCL,269,272,4,1,362
6,8,"RCL,RS",273,276,4,2,365
6,8,RCL,277,283,7,1,362
6,8,"RCL,RS",284,285,2,2,365
6,8,RCL,286,289,4,1,362
6,9,RS,67,76,10,1,368
6,9,none,77,81,5,0,336
6,9,RS,82,82,1,1,368
6,9,"PC,RS",83,83,1,2,349
6,9,RS,84,85,2,1,368
6,9,none,86,93,8,0,336
6,9,RCL,94,94,1,1,362
6,9,none,95,98,4,0,336
6,9,PC,99,99,1,1,337
6,9,"PC,PT,RS",100,100,1,3,341
6,9,"PC,RS",101,101,1,2,349
6,9,"PC,RP,RS",102,103,2,3,348
6,9,"RP,RS",104,110,7,2,367
6,9,"PC,RP,RS",111,111,1,3,348
6,9,"BW,RP,RS",112,112,1,3,271
6,9,"BW,PT,RP,RS",113,113,1,4,263
6,9,none,114,118,5,0,336
6,9,RP,119,120,2,1,366
6,9,"BW,RP",121,121,1,2,270
6,9,"RCL,RP",122,122,1,2,363
6,9,RP,123,125,3,1,366
6,9,"BW,RP",126,126,1,2,270
6,9,RP,127,133,7,1,366
6,9,"BW,RP",134,134,1,2,270
6,9,"BW,HV,RP",135,135,1,3,252
6,9,"BW,HV",136,136,1,2,242
6,9,"AC,BW,HV,RCL",137,137,1,4,93
6,9,"AC,BV,BW,HV,RCL",138,139,2,5,38
6,9,"AC,BV,HV,RCL",140,140,1,4,64
6,9,"AC,BV,RCL",141,141,1,3,67
6,9,"AC,RCL",142,151,10,2,150
6,9,"AC,BV,BW,HV,RCL",152,154,3,5,38
6,9,"AC,HC,HV,RCL",155,155,1,4,127
6,9,"AC,GC,HC,HV,RCL",156,156,1,5,104
6,9,"AC,HC,HV,RCL",157,160,4,4,127
6,9,"AC,HC,RCL",161,162,2,3,133
6,9,"AC,BW,RCL",163,163,1,3,97
6,9,"AC,RCL",164,165,2,2,150
6,9,"AC,HV,RCL",166,167,2,3,141
6,9,"AC,BV,BW,HV,RCL",168,169,2,5,38
6,9,"AC,BV,BW,GC,HV,RCL",170,170,1,6,15
6,9,"AC,BW,GC,HV,RCL",171,171,1,5,79
6,9,"AC,BW,HV,RCL",172,172,1,4,93
6,9,"AC,HV,RCL",173,174,2,3,141
6,9,"AC,RCL",175,177,3,2,150
6,9,"AC,HC,RCL",178,179,2,3,133
6,9,"AC,GC,HC,HV,RCL",180,180,1,5,104
6,9,"AC,RCL",181,181,1,2,150
6,9,"AC,BW,RCL",182,182,1,3,97
6,9,"AC,RCL",183,184,2,2,150
6,9,"AC,HV,RCL",185,188,4,3,141
6,9,"AC,BV,GC,HC,HV,RCL",189,189,1,6,47
6,9,"AC,BV,BW,GC,HC,RCL",190,190,1,6,11
6,9,"AC,HC,RCL",191,211,21,3,133
6,9,"AC,RCL",212,233,22,2,150
6,9,RCL,234,235,2,1,362
6,9,"BW,RCL",236,238,3,2,267
6,9,"BV,BW,RCL",239,240,2,3,185
6,9,"BV,RCL",241,241,1,2,213
6,9,RCL,242,266,25,1,362
6,9,"BV,BW,RCL",267,267,1,3,185
6,9,"GC,HV,RCL,RS",268,268,1,4,290
6,9,"RCL,RS",269,270,2,2,365
6,9,RCL,271,279,9,1,362
6,9,none,280,280,1,0,336
6,9,HV,281,283,3,1,313
6,9,none,284,289,6,0,336
6,9,HV,290,290,1,1,313
6,9,none,291,302,12,0,336
6,9,RS,303,303,1,1,368
6,9,none,304,308,5,0,336
6,9,RS,309,314,6,1,368
6,10,PT,59,63,5,1,350
6,10,none,64,65,2,0,336
6,10,PC,66,66,1,1,337
6,10,none,67,77,11,0,336
6,10,PC,78,78,1,1,337
6,10,"PC,PT",79,79,1,2,338
6,10,none,80,83,4,0,336
6,10,PC,84,93,10,1,337
6,10,PT,94,94,1,1,350
6,10,none,95,110,16,0,336
6,10,RS,111,112,2,1,368
6,10,BW,113,116,4,1,216
6,10,"AC,BW,HV",117,117,1,3,90
6,10,"AC,BW,RCL",118,119,2,3,97
6,10,"AC,RCL",120,122,3,2,150
6,10,RCL,123,127,5,1,362
6,10,"AC,RCL",128,139,12,2,150
6,10,"AC,BW,RCL",140,140,1,3,97
6,10,"AC,RCL",141,147,7,2,150
6,10,"AC,HV,RCL",148,151,4,3,141
6,10,"AC,HV,RCL,RS",152,152,1,4,142
6,10,"AC,RCL,RS",153,157,5,3,151
6,10,"AC,BW,RCL",158,161,4,3,97
6,10,"AC,BW,HV,RCL",162,162,1,4,93
6,10,"AC,BV,BW,HC,HV,RCL",163,165,3,6,26
6,10,"AC,HC,HV,RCL",166,166,1,4,127
6,10,"AC,GC,HC,HV,RCL",167,168,2,5,104
6,10,"AC,GC,HV,RCL",169,169,1,4,114
6,10,"AC,RCL",170,173,4,2,150
6,10,"AC,HC,RCL",174,180,7,3,133
6,10,"AC,BW,GC,HC,HV,RCL",181,181,1,6,73
6,10,"AC,BV,BW,GC,HC,HV,RCL",182,182,1,7,8
6,10,"AC,BV,GC,HC,HV,RCL",183,183,1,6,47
6,10,"AC,GC,HC,HV,RCL",184,186,3,5,104
6,10,"AC,BW,GC,HC,HV,RCL",187,188,2,6,73
6,10,"AC,GC,HC,RCL",189,190,2,4,108
6,10,"AC,HC,RCL",191,198,8,3,133
6,10,"AC,GC,HC,RCL",199,199,1,4,108
6,10,"AC,HC,RCL",200,206,7,3,133
6,10,"AC,HC,HV,RCL",207,208,2,4,127
6,10,"AC,BV,GC,HC,HV,RCL",209,212,4,6,47
6,10,"AC,HC,HV,RCL",213,221,9,4,127
6,10,"AC,HC,RCL",222,226,5,3,133
6,10,"AC,GC,HC,HV,RCL",227,227,1,5,104
6,10,"AC,GC,HC,RCL",228,229,2,4,108
6,10,"AC,HC,RCL",230,233,4,3,133
6,10,"AC,GC,HC,HV,RCL",234,234,1,5,104
6,10,"AC,BV,GC,HC,HV,RCL",235,235,1,6,47
6,10,"AC,BV,HC,HV,RCL",236,236,1,5,59
6,10,"AC,HC,RCL",237,244,8,3,133
6,10,"AC,BV,GC,HC,HV,RCL",245,245,1,6,47
6,10,"AC,BV,GC,HC,RCL",246,246,1,5,49
6,10,"AC,HC,RCL",247,250,4,3,133
6,10,"AC,RCL",251,259,9,2,150
6,10,RCL,260,263,4,1,362
6,10,"RCL,RS",264,266,3,2,365
6,10,RCL,267,275,9,1,362
6,10,none,276,284,9,0,336
6,10,RCL,285,288,4,1,362
6,10,none,289,295,7,0,336
6,10,RS,296,298,3,1,368
6,10,none,299,305,7,0,336
6,10,RS,306,306,1,1,368
6,10,none,307,326,20,0,336
6,10,RS,327,327,1,1,368
6,11,RS,50,54,5,1,368
6,11,"PC,RS",55,58,4,2,349
6,11,none,59,63,5,0,336
6,11,RS,64,64,1,1,368
6,11,none,65,70,6,0,336
6,11,RS,71,71,1,1,368
6,11,"PC,RS",72,76,5,2,349
6,11,"PC,RP,RS",77,84,8,3,348
6,11,"RP,RS",85,86,2,2,367
6,11,RS,87,96,10,1,368
6,11,"PC,RS",97,102,6,2,349
6,11,"BW,PC,RS",103,105,3,3,260
6,11,"PC,RP,RS",106,106,1,3,348
6,11,RS,107,118,12,1,368
6,11,"RCL,RS",119,124,6,2,365
6,11,"AC,RCL,RS",125,129,5,3,151
6,11,"AC,RCL",130,134,5,2,150
6,11,"AC,BW,RCL",135,135,1,3,97
6,11,"AC,BV,BW,RCL",136,136,1,4,43
6,11,"AC,BW,GC,HC,HV,RCL",137,137,1,6,73
6,11,"AC,HC,HV,RCL",138,142,5,4,127
6,11,"AC,BV,BW,HC,HV,RCL",143,143,1,6,26
6,11,"AC,BV,BW,HC,HV,RCL,RS",144,144,1,7,28
6,11,"AC,BV,BW,HC,HV,RCL,RP,RS",145,145,1,8,27
6,11,"AC,BV,BW,GC,HC,HV,RCL,RS",146,147,2,8,9
6,11,"AC,GC,HV,RCL,RS",148,148,1,5,115
6,11,"AC,RCL,RS",149,153,5,3,151
6,11,"AC,GC,HV,RCL,RS",154,154,1,5,115
6,11,"AC,GC,HC,RCL,RS",155,155,1,5,109
6,11,"AC,GC,HC,RCL",156,157,2,4,108
6,11,"AC,GC,RCL",158,158,1,3,119
6,11,"AC,GC,HV,RCL",159,159,1,4,114
6,11,"AC,GC,RCL",160,160,1,3,119
6,11,"AC,RCL",161,163,3,2,150
6,11,"AC,BW,RCL",164,164,1,3,97
6,11,"AC,BV,BW,GC,HC,RCL",165,165,1,6,11
6,11,"AC,BV,BW,GC,HC,HV,RCL",166,169,4,7,8
6,11,"AC,GC,HC,HV,RCL",170,172,3,5,104
6,11,"AC,GC,HC,RCL",173,177,5,4,108
6,11,"AC,GC,RCL",178,181,4,3,119
6,11,"AC,GC,HC,RCL",182,187,6,4,108
6,11,"AC,HC,RCL",188,191,4,3,133
6,11,"AC,GC,HC,RCL",192,199,8,4,108
6,11,"AC,BW,GC,HC,RCL",200,200,1,5,76
6,11,"AC,BV,BW,GC,HC,RCL",201,202,2,6,11
6,11,"AC,GC,HC,RCL",203,203,1,4,108
6,11,"AC,HC,RCL",204,224,21,3,133
6,11,"AC,GC,HC,RCL",225,225,1,4,108
6,11,"AC,BV,GC,HC,RCL",226,226,1,5,49
6,11,"AC,BV,BW,GC,HC,RCL",227,227,1,6,11
6,11,"AC,GC,HC,RCL",228,228,1,4,108
6,11,"AC,HC,RCL",229,249,21,3,133
6,11,"AC,GC,HC,RCL",250,250,1,4,108
6,11,"AC,RCL",251,263,13,2,150
6,11,RCL,264,276,13,1,362
6,12,RP,77,80,4,1,366
6,12,none,81,98,18,0,336
6,12,BW,99,99,1,1,216
6,12,"BV,BW",100,101,2,2,155
6,12,"BV,RCL",102,104,3,2,213
6,12,"AC,BV,RCL",105,105,1,3,67
6,12,RCL,106,106,1,1,362
6,12,"RCL,RS",107,110,4,2,365
6,12,"AC,RCL,RS",111,116,6,3,151
6,12,"AC,BV,BW,RCL,RS",117,117,1,5,44
6,12,"AC,BW,RCL,RS",118,118,1,4,98
6,12,"AC,RCL,RS",119,124,6,3,151
6,12,"AC,BW,RCL,RS",125,126,2,4,98
6,12,"AC,BW,RCL",127,130,4,3,97
6,12,"AC,BW,GC,RCL",131,131,1,4,82
6,12,"AC,BW,GC,RCL,RS",132,132,1,5,83
6,12,"AC,RCL",133,136,4,2,150
6,12,"AC,RCL,RS",137,137,1,3,151
6,12,"AC,RCL",138,142,5,2,150
6,12,"AC,BW,GC,RCL",143,143,1,4,82
6,12,"AC,BV,BW,GC,RCL",144,144,1,5,18
6,12,"AC,BV,GC,RCL",145,145,1,4,55
6,12,"AC,GC,RCL",146,148,3,3,119
6,12,"AC,GC,HC,RCL",149,149,1,4,108
6,12,"AC,BW,GC,HC,RCL",150,155,6,5,76
6,12,"AC,BW,GC,HC,HV,RCL",156,156,1,6,73
6,12,"AC,BW,GC,HV,RCL",157,159,3,5,79
6,12,"AC,BV,BW,GC,HV,RCL",160,162,3,6,15
6,12,"AC,BV,BW,GC,RCL",163,163,1,5,18
6,12,"AC,BV,BW,GC,HC,RCL",164,165,2,6,11
6,12,"AC,BW,GC,HC,RCL",166,167,2,5,76
6,12,"AC,GC,HC,RCL",168,178,11,4,108
6,12,"AC,BW,GC,HC,RCL",179,184,6,5,76
6,12,"AC,BW,GC,HC,HV,RCL",185,185,1,6,73
6,12,"AC,BV,BW,GC,HC,HV,RCL",186,188,3,7,8
6,12,"AC,BW,GC,HC,RCL",189,192,4,5,76
6,12,"AC,BV,BW,GC,HC,HV,RCL",193,193,1,7,8
6,12,"AC,GC,HC,HV,RCL",194,197,4,5,104
6,12,"AC,BW,GC,HC,HV,RCL",198,198,1,6,73
6,12,"AC,BW,GC,HC,RCL",199,199,1,5,76
6,12,"AC,HC,RCL",200,209,10,3,133
6,12,"AC,RCL",210,212,3,2,150
6,12,"AC,GC,RCL",213,215,3,3,119
6,12,"AC,BV,GC,HV,RCL",216,216,1,5,52
6,12,"AC,BV,BW,GC,HV,RCL",217,219,3,6,15
6,12,"AC,BW,GC,HV,RCL",220,222,3,5,79
6,12,"AC,GC,HV,RCL",223,227,5,4,114
6,12,"AC,GC,HC,HV,RCL",228,233,6,5,104
6,12,"AC,BW,GC,HC,HV,RCL",234,234,1,6,73
6,12,"AC,GC,HC,HV,RCL",235,235,1,5,104
6,12,"AC,GC,RCL",236,236,1,3,119
6,12,"AC,RCL",237,249,13,2,150
6,12,"AC,RCL,RS",250,251,2,3,151
6,12,"AC,HC,RCL",252,252,1,3,133
6,12,"AC,RCL",253,255,3,2,150
6,12,"AC,RCL,RS",256,257,2,3,151
6,12,"RCL,RS",258,269,12,2,365
6,12,"HV,RCL,RS",270,271,2,3,332
6,12,RS,272,308,37,1,368
6,12,none,309,314,6,0,336
6,12,RS,315,315,1,1,368
6,13,PC,35,35,1,1,337
6,13,none,36,50,15,0,336
6,13,PT,51,51,1,1,350
6,13,none,52,89,38,0,336
6,13,RS,90,94,5,1,368
6,13,none,95,100,6,0,336
6,13,RS,101,101,1,1,368
6,13,"BW,RS",102,108,7,2,272
6,13,RS,109,110,2,1,368
6,13,none,111,116,6,0,336
6,13,BW,117,117,1,1,216
6,13,"AC,BW,RCL,RS",118,118,1,4,98
6,13,"BW,RCL,RS",119,119,1,3,269
6,13,"RCL,RS",120,122,3,2,365
6,13,"HV,RCL,RS",123,124,2,3,332
6,13,"AC,HV,RCL,RS",125,125,1,4,142
6,13,"AC,BW,HV,RCL,RS",126,126,1,5,94
6,13,"AC,RCL,RS",127,129,3,3,151
6,13,"AC,RCL",130,131,2,2,150
6,13,"AC,BW,RCL",132,132,1,3,97
6,13,"AC,BW,HV,RCL",133,133,1,4,93
6,13,"AC,BV,HV,RCL",134,134,1,4,64
6,13,"AC,RCL",135,155,21,2,150
6,13,"AC,HV,RCL,RS",156,156,1,4,142
6,13,"AC,BW,HV,RCL,RS",157,158,2,5,94
6,13,"AC,HV,RCL,RS",159,159,1,4,142
6,13,"AC,HC,HV,RCL,RS",160,160,1,5,128
6,13,"AC,HC,HV,RCL",161,162,2,4,127
6,13,"AC,BW,HC,HV,RCL",163,163,1,5,86
6,13,"AC,BW,GC,HC,HV,RCL",164,168,5,6,73
6,13,"AC,BV,BW,GC,HC,HV,RCL",169,169,1,7,8
6,13,"AC,BV,BW,GC,HC,RCL",170,170,1,6,11
6,13,"AC,GC,HC,RCL",171,172,2,4,108
6,13,"AC,HC,RCL",173,177,5,3,133
6,13,"AC,GC,HC,RCL",178,179,2,4,108
6,13,"AC,BV,BW,GC,HC,HV,RCL",180,180,1,7,8
6,13,"AC,BV,BW,GC,HC,HV,RCL,RS",181,181,1,8,9
6,13,"AC,BV,BW,GC,HC,HV,RCL",182,182,1,7,8
6,13,"AC,BV,GC,HC,HV,RCL",183,186,4,6,47
6,13,"AC,GC,HC,HV,RCL",187,187,1,5,104
6,13,"AC,GC,HC,RCL",188,194,7,4,108
6,13,"AC,GC,HC,RCL,RS",195,195,1,5,109
6,13,"AC,HC,RCL",196,222,27,3,133
6,13,"AC,HC,HV,RCL",223,223,1,4,127
6,13,"AC,BV,HC,HV,RCL",224,227,4,5,59
6,13,"AC,HC,HV,RCL",228,228,1,4,127
6,13,"AC,GC,HC,HV,RCL",229,229,1,5,104
6,13,"AC,GC,HC,RCL",230,230,1,4,108
6,13,"AC,HC,RCL",231,232,2,3,133
6,14,RS,67,67,1,1,368
6,14,none,68,71,4,0,336
6,14,RS,72,76,5,1,368
6,14,"RP,RS",77,104,28,2,367
6,14,RP,105,107,3,1,366
6,14,BW,108,108,1,1,216
6,14,none,109,117,9,0,336
6,14,"BW,RCL",118,119,2,2,267
6,14,RCL,120,121,2,1,362
6,14,none,122,126,5,0,336
6,14,RCL,127,127,1,1,362
6,14,"BW,RCL",128,128,1,2,267
6,14,"AC,BW,RCL",129,130,2,3,97
6,14,RCL,131,137,7,1,362
6,14,"BW,RCL",138,139,2,2,267
6,14,"AC,BV,BW,HC,RCL",140,140,1,5,31
6,14,"AC,BW,HC,RCL",141,141,1,4,89
6,14,"AC,HC,RCL",142,143,2,3,133
6,14,"AC,RCL",144,145,2,2,150
6,14,"AC,RCL,RS",146,149,4,3,151
6,14,"AC,RCL",150,150,1,2,150
6,14,"AC,BW,HC,RCL",151,151,1,4,89
6,14,"AC,BV,BW,HC,RCL",152,154,3,5,31
6,14,"AC,BV,BW,GC,HC,HV,RCL,RS",155,155,1,8,9
6,14,"AC,BV,BW,GC,HC,HV,RCA,RCL,RS",156,156,1,9,7
6,14,"AC,BV,BW,GC,HC,HV,RCA,RCL",157,158,2,8,6
6,14,"AC,BW,HV,RCL",159,162,4,4,93
6,14,"AC,BV,BW,HV,RCA,RCL",163,163,1,6,36
6,14,"AC,BV,BW,GC,HC,HV,RCA,RCL",164,165,2,8,6
6,14,"AC,BV,BW,GC,HV,RCA,RCL",166,166,1,7,13
6,14,"AC,GC,HV,RCA,RCL",167,169,3,5,112
6,14,"AC,GC,RCA,RCL",170,171,2,4,117
6,14,"AC,GC,HC,RCA,RCL",172,172,1,5,107
6,14,"AC,GC,RCA,RCL",173,173,1,4,117
6,14,"AC,BW,GC,HV,RCA,RCL",174,174,1,6,77
6,14,"AC,BV,BW,GC,HV,RCA,RCL",175,176,2,7,13
6,14,"AC,GC,HC,HV,RCA,RCL",177,181,5,6,102
6,14,"AC,BW,GC,HC,HV,RCL",182,185,4,6,73
6,14,"AC,BW,GC,HC,HV,RCA,RCL",186,188,3,7,71
6,14,"AC,BV,BW,GC,HC,HV,RCA,RCL",189,189,1,8,6
6,14,"AC,GC,HC,HV,RCA,RCL",190,195,6,6,102
6,14,"AC,BW,GC,HC,HV,RCA,RCL",196,197,2,7,71
6,14,"AC,GC,HC,HV,RCA,RCL",198,198,1,6,102
6,14,"AC,GC,HC,RCA,RCL",199,204,6,5,107
6,14,"AC,BW,GC,HC,RCA,RCL",205,206,2,6,75
6,14,"AC,HC,HV",207,207,1,3,122
6,14,"AC,HC",208,210,3,2,121
6,14,"AC,BW,HC",211,211,1,3,84
6,14,"AC,BV,BW,HC,HV",212,212,1,5,21
6,14,"AC,BV,HC",213,213,1,3,56
6,14,"AC,HC",214,220,7,2,121
6,14,"AC,HC,RCL",221,224,4,3,133
6,14,"AC,BW,HC,HV,RCL",225,225,1,5,86
6,14,"AC,BV,BW,HC,HV,RCL,RS",226,226,1,7,28
6,14,"AC,BV,BW,GC,HC,HV,RCA,RCL,RS",227,227,1,9,7
6,14,"AC,BV,HC,HV,RCA,RCL,RS",228,228,1,7,58
6,14,"AC,HC,RCA,RCL",229,229,1,4,131
6,14,"AC,HC,RCL",230,230,1,3,133
6,14,none,231,234,4,0,336
6,14,"AC,RCL",235,237,3,2,150
6,14,RCL,238,239,2,1,362
6,14,none,240,244,5,0,336
6,14,AC,245,245,1,1,1
6,14,none,246,246,1,0,336
6,14,RCL,247,247,1,1,362
6,14,none,248,253,6,0,336
6,14,RS,254,256,3,1,368
6,14,none,257,268,12,0,336
6,14,"RCL,RS",269,269,1,2,365
6,14,RS,270,270,1,1,368
6,14,none,271,274,4,0,336
6,14,"RCL,RS",275,276,2,2,365
6,14,RS,277,303,27,1,368
6,14,none,304,314,11,0,336
6,14,RS,315,321,7,1,368
6,15,RS,95,104,10,1,368
6,15,"RP,RS",105,105,1,2,367
6,15,RS,106,106,1,1,368
6,15,"RCL,RS",107,107,1,2,365
6,15,RS,108,110,3,1,368
6,15,none,111,115,5,0,336
6,15,"BW,RCL",116,118,3,2,267
6,15,RCL,119,123,5,1,362
6,15,"AC,BW,RCL",124,124,1,3,97
6,15,"BW,RCL,RS",125,129,5,3,269
6,15,"AC,BW,RCA,RCL",130,132,3,4,96
6,15,"AC,BW,HV,RCA,RCL",133,133,1,5,91
6,15,"AC,BV,BW,HV,RCA,RCL,RS",134,137,4,7,37
6,15,"AC,BV,BW,HV,RCA,RCL",138,138,1,6,36
6,15,"AC,BV,BW,HC,HV,RCA,RCL",139,139,1,7,24
6,15,"AC,BV,BW,GC,HC,HV,RCA,RCL",140,140,1,8,6
6,15,"AC,BV,BW,HC,HV,RCA,RCL",141,143,3,7,24
6,15,"AC,HV,RCA,RCL",144,148,5,4,139
6,15,"AC,BW,HC,HV,RCA,RCL",149,149,1,6,85
6,15,"AC,BV,BW,HC,HV,RCA,RCL",150,151,2,7,24
6,15,"AC,BV,BW,HC,HV,RCA,RCL,RS",152,153,2,8,25
6,15,"AC,BV,BW,GC,HC,HV,RCA,RCL,RS",154,156,3,9,7
6,15,"AC,BW,GC,HC,HV,RCA,RCL,RS",157,160,4,8,72
6,15,"AC,BV,BW,GC,HC,HV,RCA,RCL,RS",161,175,15,9,7
6,15,"AC,BW,GC,HC,HV,RCA,RCL,RS",176,179,4,8,72
6,15,"AC,BW,GC,HC,HV,RCA,RCL",180,194,15,7,71
6,15,"AC,BW,GC,HC,HV,RCA,RCL,RS",195,195,1,8,72
6,15,"AC,BV,BW,GC,HC,HV,RCA,RCL,RS",196,197,2,9,7
6,15,"AC,BW,GC,HC,HV,RCA,RCL,RS",198,198,1,8,72
6,15,"AC,BW,GC,HC,HV,RCA,RCL",199,201,3,7,71
6,15,"AC,BW,HC,RCA,RCL",202,205,4,5,88
6,15,"AC,BW,GC,HC,RCA,RCL",206,206,1,6,75
6,15,"AC,GC,HC,RCA,RCL",207,207,1,5,107
6,15,"AC,HC,RCA,RCL",208,212,5,4,131
6,15,"AC,GC,HC,RCA,RCL",213,214,2,5,107
6,15,"AC,HC,RCA,RCL",215,218,4,4,131
6,15,"AC,HC,RCL",219,224,6,3,133
6,15,"AC,RCL",225,250,26,2,150
6,15,RCL,251,257,7,1,362
6,15,"HV,RCL",258,258,1,2,330
6,15,RCL,259,260,2,1,362
6,15,"RCL,RS",261,268,8,2,365
6,15,RS,269,276,8,1,368
6,15,none,277,280,4,0,336
6,15,RS,281,281,1,1,368
6,15,none,282,285,4,0,336
6,15,RS,286,292,7,1,368
6,15,none,293,297,5,0,336
6,15,RS,298,304,7,1,368
6,15,none,305,324,20,0,336
6,15,RS,325,327,3,1,368
6,16,PT,39,42,4,1,350
6,16,none,43,47,5,0,336
6,16,PT,48,51,4,1,350
6,16,none,52,56,5,0,336
6,16,PT,57,57,1,1,350
6,16,none,58,75,18,0,336
6,16,RS,76,79,4,1,368
6,16,"PC,RS",80,81,2,2,349
6,16,RS,82,85,4,1,368
6,16,"PC,RS",86,87,2,2,349
6,16,RS,88,89,2,1,368
6,16,none,90,92,3,0,336
6,16,PC,93,96,4,1,337
6,16,"PC,RS",97,97,1,2,349
6,16,"PT,RP,RS",98,98,1,3,356
6,16,none,99,102,4,0,336
6,16,RS,103,103,1,1,368
6,16,none,104,117,14,0,336
6,16,RCL,118,118,1,1,362
6,16,none,119,123,5,0,336
6,16,RCL,124,127,4,1,362
6,16,"AC,BW,RCL",128,128,1,3,97
6,16,"AC,BW,HV,RCL",129,129,1,4,93
6,16,"AC,RCL",130,133,4,2,150
6,16,"AC,BW,RCL",134,135,2,3,97
6,16,"AC,BV,BW,HV,PT,RCL",136,136,1,6,35
6,16,"AC,BV,BW,HV,RCL",137,137,1,5,38
6,16,"AC,RCL",138,142,5,2,150
6,16,"AC,BV,GC,RCL",143,144,2,4,55
6,16,"AC,GC,RCA,RCL",145,146,2,4,117
6,16,"AC,GC,HV,RCA,RCL",147,147,1,5,112
6,16,"AC,BW,GC,HC,HV,RCA,RCL",148,148,1,7,71
6,16,"AC,GC,RCA,RCL",149,149,1,4,117
6,16,"AC,RCA,RCL",150,155,6,3,149
6,16,"AC,GC,RCA,RCL",156,157,2,4,117
6,16,"AC,BW,GC,RCA,RCL",158,160,3,5,81
6,16,"AC,RCL",161,164,4,2,150
6,16,"AC,BW,RCL",165,168,4,3,97
6,16,"AC,BW,GC,HC,RCL",169,169,1,5,76
6,16,"AC,BW,GC,HC,HV,RCL",170,170,1,6,73
6,16,"AC,BW,GC,HC,HV,RCA,RCL",171,172,2,7,71
6,16,"AC,BW,GC,HC,HV,RCL",173,175,3,6,73
6,16,"AC,BV,BW,GC,HC,HV,RCL",176,176,1,7,8
6,16,"AC,BV,GC,HC,HV,RCA,RCL",177,177,1,7,45
6,16,"AC,HV,RCA,RCL",178,179,2,4,139
6,16,"AC,HV,RCL",180,182,3,3,141
6,16,"AC,BW,HV,RCL",183,185,3,4,93
6,16,"AC,BW,GC,HV,RCA,RCL",186,187,2,6,77
6,16,"AC,GC,HV,RCA,RCL",188,191,4,5,112
6,16,"AC,BW,GC,HV,RCA,RCL",192,192,1,6,77
6,16,"AC,GC,HV,RCA,RCL",193,194,2,5,112
6,16,"AC,HC,HV,RCL",195,199,5,4,127
6,16,"AC,HC,RCL",200,200,1,3,133
6,16,"AC,RCL",201,219,19,2,150
6,16,AC,220,223,4,1,1
6,16,"AC,RCL",224,229,6,2,150
6,16,AC,230,233,4,1,1
6,16,"AC,HV",234,234,1,2,135
6,16,"AC,GC,RCL",235,235,1,3,119
6,16,"AC,RCL",236,241,6,2,150
6,16,AC,242,244,3,1,1
6,16,none,245,248,4,0,336
6,16,RS,249,249,1,1,368
6,16,none,250,251,2,0,336
6,16,HV,252,252,1,1,313
6,16,"HV,RCL",253,255,3,2,330
6,16,"GC,HV,RCL,RS",256,258,3,4,290
6,16,"HV,RCL,RS",259,268,10,3,332
6,16,"RCL,RS",269,273,5,2,365
6,16,RCL,274,275,2,1,362
6,16,none,276,281,6,0,336
6,16,RS,282,282,1,1,368
6,16,none,283,303,21,0,336
6,16,RS,304,316,13,1,368
6,17,RS,44,51,8,1,368
6,17,none,52,76,25,0,336
6,17,RS,77,94,18,1,368
6,17,none,95,95,1,0,336
6,17,RCL,96,98,3,1,362
6,17,none,99,102,4,0,336
6,17,RCL,103,103,1,1,362
6,17,"BW,RCL",104,105,2,2,267
6,17,"RCL,RS",106,106,1,2,365
6,17,RCL,107,113,7,1,362
6,17,"RCA,RCL",114,114,1,2,359
6,17,RCL,115,116,2,1,362
6,17,"AC,RCL",117,119,3,2,150
6,17,"AC,RCL,RS",120,120,1,3,151
6,17,"AC,BW,RCL",121,124,4,3,97
6,17,"AC,BW,RCA,RCL",125,126,2,4,96
6,17,"AC,BW,HV,RCA,RCL",127,129,3,5,91
6,17,"AC,BW,HV,RCA,RCL,RS",130,130,1,6,92
6,17,"AC,BW,HV,RCA,RCL",131,131,1,5,91
6,17,"AC,RCA,RCL",132,136,5,3,149
6,17,"AC,BW,RCA,RCL",137,138,2,4,96
6,17,"AC,RCA,RCL",139,144,6,3,149
6,17,"AC,BW,HV,RCA,RCL",145,145,1,5,91
6,17,"AC,BW,RCA,RCL",146,146,1,4,96
6,17,"AC,RCA,RCL",147,153,7,3,149
6,17,"AC,BW,RCA,RCL",154,155,2,4,96
6,17,"AC,BW,HV,RCA,RCL",156,156,1,5,91
6,17,"AC,HV,RCA,RCL",157,158,2,4,139
6,17,"AC,RCA,RCL",159,163,5,3,149
6,17,"AC,HV,RCA,RCL",164,166,3,4,139
6,17,"AC,BW,HV,RCA,RCL",167,167,1,5,91
6,17,"AC,BW,GC,HV,RCA,RCL",168,169,2,6,77
6,17,"AC,BV,BW,GC,HV,RCA,RCL",170,174,5,7,13
6,17,"AC,BW,GC,HV,RCA,RCL",175,175,1,6,77
6,17,"AC,BW,GC,HV,RCA,RCL,RS",176,177,2,7,78
6,17,"AC,GC,HV,RCA,RCL",178,179,2,5,112
6,17,"AC,GC,HV,RCL",180,190,11,4,114
6,17,"AC,GC,RCL",191,193,3,3,119
6,17,"AC,RCL",194,199,6,2,150
6,17,"AC,HV,RCL",200,200,1,3,141
6,17,"AC,GC,RCL",201,202,2,3,119
6,17,"AC,RCL",203,222,20,2,150
6,17,"AC,HV,RCL",223,223,1,3,141
6,17,"AC,GC,HV,RCL",224,224,1,4,114
6,17,"AC,GC,RCL",225,225,1,3,119
6,17,"AC,RCL",226,230,5,2,150
6,17,"AC,HV,RCL",231,231,1,3,141
6,17,"AC,BV,GC,HV,RCL",232,232,1,5,52
6,17,"AC,BV,GC,RCL",233,233,1,4,55
6,17,"AC,GC,HC,RCL",234,234,1,4,108
6,17,"AC,RCL",235,238,4,2,150
6,17,"AC,RCA,RCL",239,243,5,3,149
6,17,"RCA,RCL",244,245,2,2,359
6,17,"HV,RCL",246,247,2,2,330
6,17,RCL,248,265,18,1,362
6,17,"HV,RCL,RS",266,267,2,3,332
6,17,"RCL,RS",268,270,3,2,365
6,17,RCL,271,272,2,1,362
6,17,none,273,275,3,0,336
6,17,RS,276,279,4,1,368
6,17,none,280,283,4,0,336
6,17,RS,284,285,2,1,368
6,17,none,286,301,16,0,336
6,17,"RCL,RS",302,302,1,2,365
6,17,none,303,320,18,0,336
6,17,RS,321,324,4,1,368
6,18,RS,37,37,1,1,368
6,18,none,38,48,11,0,336
6,18,RS,49,108,60,1,368
6,18,none,109,112,4,0,336
6,18,AC,113,113,1,1,1
6,18,none,114,114,1,0,336
6,18,"BW,HV,RCL,RS",115,116,2,4,251
6,18,"BV,BW,HV,RCL,RS",117,118,2,5,180
6,18,"BV,BW,HV,RCL",119,119,1,4,179
6,18,"AC,RCL",120,120,1,2,150
6,18,RCL,121,128,8,1,362
6,18,"AC,RCL",129,129,1,2,150
6,18,"AC,BW,RCL",130,130,1,3,97
6,18,"AC,RCL",131,137,7,2,150
6,18,"AC,HV,RCL",138,138,1,3,141
6,18,"AC,RCL",139,140,2,2,150
6,18,"AC,BW,RCL",141,147,7,3,97
6,18,"AC,BV,BW,HV,RCL",148,149,2,5,38
6,18,"AC,RCL",150,154,5,2,150
6,18,"AC,BW,RCL",155,155,1,3,97
6,18,"AC,BW,HC,RCL",156,156,1,4,89
6,18,"AC,BV,BW,HC,RCL",157,157,1,5,31
6,18,"AC,BV,BW,HV,RCL",158,158,1,5,38
6,18,"AC,BW,RCL",159,159,1,3,97
6,18,"AC,RCL",160,167,8,2,150
6,18,"AC,BV,BW,GC,RCL",168,168,1,5,18
6,18,"AC,BV,BW,GC,HV,RCL",169,169,1,6,15
6,18,"AC,BV,GC,RCL",170,173,4,4,55
6,18,"AC,BV,BW,GC,HV,RCL",174,174,1,6,15
6,18,"AC,BV,BW,GC,HC,HV,RCL",175,175,1,7,8
6,18,"AC,GC,HC,HV,RCL",176,176,1,5,104
6,18,"AC,GC,HC,RCL",177,183,7,4,108
6,18,"AC,HC,RCL",184,184,1,3,133
6,18,"AC,RCL",185,188,4,2,150
6,18,"AC,HC,RCL",189,189,1,3,133
6,18,"AC,GC,RCL",190,190,1,3,119
6,18,"AC,RCL",191,191,1,2,150
6,18,AC,192,197,6,1,1
6,18,"AC,BV,BW,GC,HV,RCL",198,198,1,6,15
6,18,"AC,BV,GC,RCL",199,199,1,4,55
6,18,"AC,GC,RCL",200,201,2,3,119
6,18,"AC,HC,RCL",202,205,4,3,133
6,18,RCL,206,212,7,1,362
6,18,"HC,RCL",213,213,1,2,310
6,18,RCL,214,219,6,1,362
6,18,none,220,223,4,0,336
6,18,RCL,224,224,1,1,362
6,18,none,225,237,13,0,336
6,18,HV,238,238,1,1,313
6,18,"BV,BW,GC,HC,HV,RCL",239,239,1,6,158
6,18,"GC,RCL",240,240,1,2,295
6,18,"AC,RCL",241,241,1,2,150
6,18,RCL,242,253,12,1,362
6,18,none,254,255,2,0,336
6,18,RS,256,256,1,1,368
6,18,none,257,267,11,0,336
6,18,"GC,HV,RCL",268,272,5,3,289
6,18,"GC,RCL,RS",273,273,1,3,296
6,18,"RCL,RS",274,274,1,2,365
6,18,RCL,275,279,5,1,362
6,18,"RCL,RS",280,281,2,2,365
6,18,"HV,RCL,RS",282,282,1,3,332
6,18,"RCL,RS",283,286,4,2,365
6,18,RCL,287,290,4,1,362
6,18,"RCL,RS",291,293,3,2,365
6,18,RCL,294,295,2,1,362
6,18,none,296,299,4,0,336
6,18,RS,300,303,4,1,368
6,18,none,304,308,5,0,336
6,18,RS,309,322,14,1,368
6,19,RS,33,38,6,1,368
6,19,none,39,42,4,0,336
6,19,RS,43,59,17,1,368
6,19,"RP,RS",60,61,2,2,367
6,19,"RCL,RP,RS",62,62,1,3,364
6,19,"PC,RCL,RP,RS",63,63,1,4,345
6,19,"RCL,RS",64,64,1,2,365
6,19,RS,65,67,3,1,368
6,19,"RP,RS",68,71,4,2,367
6,19,"RCL,RP,RS",72,73,2,3,364
6,19,"RP,RS",74,80,7,2,367
6,19,"PT,RP,RS",81,81,1,3,356
6,19,"RP,RS",82,84,3,2,367
6,19,"RCL,RP,RS",85,85,1,3,364
6,19,"RP,RS",86,88,3,2,367
6,19,RP,89,94,6,1,366
6,19,"RCL,RP,RS",95,95,1,3,364
6,19,"RCL,RP",96,102,7,2,363
6,19,RCL,103,125,23,1,362
6,19,"RCL,RS",126,128,3,2,365
6,19,RCL,129,132,4,1,362
6,19,"AC,RCL",133,133,1,2,150
6,19,RCL,134,137,4,1,362
6,19,"AC,HV,RCL",138,138,1,3,141
6,19,"AC,BW,HV,RCL",139,139,1,4,93
6,19,"AC,BV,BW,HV,RCL",140,140,1,5,38
6,19,"AC,BV,BW,HV,PT,RCL",141,141,1,6,35
6,19,"AC,BV,BW,HV,RCL",142,146,5,5,38
6,19,"AC,BV,HV,RCL",147,148,2,4,64
6,19,"AC,BV,HV,RCL,RS",149,149,1,5,65
6,19,"AC,BV,GC,HV,RCL,RS",150,151,2,6,53
6,19,"AC,BV,BW,GC,HV,RCL,RS",152,152,1,7,16
6,19,"AC,BW,GC,HV,RCL,RS",153,158,6,6,80
6,19,"AC,BW,GC,HV,RCL",159,161,3,5,79
6,19,"AC,BV,BW,GC,HC,HV,RCL",162,162,1,7,8
6,19,"AC,BV,BW,GC,HV,RCL",163,167,5,6,15
6,19,"AC,BW,GC,HV,RCL",168,168,1,5,79
6,19,"AC,BW,GC,HC,HV,RCL",169,171,3,6,73
6,19,"AC,BW,GC,HV,RCL",172,176,5,5,79
6,19,"AC,BV,BW,GC,HV,RCL",177,177,1,6,15
6,19,"AC,BV,BW,GC,HV,RCL,RS",178,179,2,7,16
6,19,"AC,BW,GC,HV,RCL,RS",180,180,1,6,80
6,19,"AC,BW,GC,HC,HV,RCL,RS",181,184,4,7,74
6,19,"AC,BW,GC,HV,RCL",185,188,4,5,79
6,19,"AC,BW,HV,RCL",189,191,3,4,93
6,19,"AC,BW,HC,HV,RCL",192,193,2,5,86
6,19,"AC,BW,GC,HC,HV,RCL",194,194,1,6,73
6,19,"AC,BV,BW,GC,HC,HV,RCL,RS",195,195,1,8,9
6,19,"AC,BW,GC,HC,HV,RCL,RS",196,196,1,7,74
6,19,"AC,GC,HC,HV,RCL",197,201,5,5,104
6,19,"AC,BW,GC,HC,HV,RCL",202,206,5,6,73
6,19,"AC,BW,GC,HV,RCL",207,208,2,5,79
6,19,"AC,GC,HV,RCL",209,212,4,4,114
6,19,"AC,GC,HC,HV,RCL",213,213,1,5,104
6,19,"AC,GC,HC,HV,RCA,RCL",214,214,1,6,102
6,19,"AC,HC,RCL",215,216,2,3,133
6,19,"AC,RCL",217,222,6,2,150
6,19,"AC,HV,RCL",223,225,3,3,141
6,19,"AC,RCL",226,230,5,2,150
6,19,"AC,RCL,RS",231,231,1,3,151
6,19,"AC,RCL",232,235,4,2,150
6,19,"AC,HC,RCL",236,236,1,3,133
6,19,"AC,RCL",237,240,4,2,150
6,19,"AC,HC,HV,RCL",241,242,2,4,127
6,19,"AC,HC,HV",243,244,2,3,122
6,19,"AC,HV,RS",245,245,1,3,143
6,19,AC,246,248,3,1,1
6,19,none,249,252,4,0,336
6,19,HV,253,253,1,1,313
6,19,none,254,258,5,0,336
6,19,HV,259,259,1,1,313
6,19,none,260,262,3,0,336
6,19,RS,263,266,4,1,368
6,19,"BV,GC,HV,RCL,RS",267,267,1,5,194
6,19,"GC,HV,RCL,RS",268,268,1,4,290
6,19,"HV,RCL,RS",269,270,2,3,332
6,19,"RCL,RS",271,282,12,2,365
6,19,RS,283,294,12,1,368
6,19,none,295,298,4,0,336
6,19,RS,299,319,21,1,368
6,20,RS,62,62,1,1,368
6,20,none,63,67,5,0,336
6,20,RS,68,73,6,1,368
6,20,"PT,RS",74,74,1,2,357
6,20,"RP,RS",75,80,6,2,367
6,20,"PT,RP,RS",81,82,2,3,356
6,20,"RP,RS",83,83,1,2,367
6,20,RP,84,87,4,1,366
6,20,"RP,RS",88,89,2,2,367
6,20,RP,90,90,1,1,366
6,20,"PT,RP",91,92,2,2,355
6,20,RP,93,94,2,1,366
6,20,"RP,RS",95,98,4,2,367
6,20,RP,99,105,7,1,366
6,20,"AC,RP,RS",106,106,1,3,152
6,20,"RP,RS",107,107,1,2,367
6,20,RS,108,108,1,1,368
6,20,"PT,RS",109,109,1,2,357
6,20,"HV,PT,RS",110,110,1,3,325
6,20,RS,111,111,1,1,368
6,20,AC,112,112,1,1,1
6,20,"AC,RCL",113,114,2,2,150
6,20,RCL,115,115,1,1,362
6,20,none,116,123,8,0,336
6,20,"AC,HV,RS",124,124,1,3,143
6,20,"AC,HV,RCL,RS",125,125,1,4,142
6,20,"AC,HC,HV,RCL,RS",126,126,1,5,128
6,20,"AC,HC,HV,PT,RCL,RS",127,127,1,6,123
6,20,"AC,HC,RCL,RS",128,130,3,4,134
6,20,RCL,131,134,4,1,362
6,20,"PT,RCL",135,135,1,2,352
6,20,"AC,PT,RCL",136,136,1,3,147
6,20,"AC,HV,PT,RCL,RS",137,137,1,5,138
6,20,"AC,BV,BW,HC,HV,PT,RCL,RS",138,138,1,8,22
6,20,"AC,HC,HV,RCL",139,139,1,4,127
6,20,"AC,HV,RCL",140,140,1,3,141
6,20,"AC,GC,HV,RCL",141,144,4,4,114
6,20,"AC,GC,HC,HV,RCL",145,146,2,5,104
6,20,"AC,HC,HV,RCL",147,149,3,4,127
6,20,"AC,BW,HC,HV,RCL",150,150,1,5,86
6,20,"AC,GC,HC,HV,RCL",151,152,2,5,104
6,20,"AC,RCL",153,162,10,2,150
6,20,"AC,HV,RCL",163,164,2,3,141
6,20,"AC,BV,BW,GC,HV,RCL",165,166,2,6,15
6,20,"AC,BV,BW,GC,HC,HV,RCL",167,167,1,7,8
6,20,"AC,BV,GC,HV,RCL",168,169,2,5,52
6,20,"AC,GC,HV,RCL",170,171,2,4,114
6,20,"AC,BW,GC,HV,RCL",172,174,3,5,79
6,20,"AC,GC,HV,RCL",175,177,3,4,114
6,20,"AC,HV",178,180,3,2,135
6,20,"AC,HV,RS",181,181,1,3,143
6,20,"AC,HV",182,184,3,2,135
6,20,AC,185,186,2,1,1
6,20,"AC,RCL",187,190,4,2,150
6,20,"AC,HV,RCL",191,191,1,3,141
6,20,"AC,RCL",192,193,2,2,150
6,20,RCL,194,195,2,1,362
6,20,none,196,198,3,0,336
6,20,HV,199,200,2,1,313
6,20,"HV,RCL",201,201,1,2,330
6,20,"AC,BW,GC,HC,HV,RCL",202,202,1,6,73
6,20,"AC,BV,GC,HC,HV,RCL",203,203,1,6,47
6,20,"AC,BV,GC,HC,RCL,RS",204,204,1,6,50
6,20,"AC,GC,HC,RCL",205,206,2,4,108
6,20,"AC,RCL",207,214,8,2,150
6,20,"AC,HV,RCL",215,216,2,3,141
6,20,"AC,GC,RCL",217,217,1,3,119
6,20,"AC,RCL",218,222,5,2,150
6,20,AC,223,227,5,1,1
6,20,"AC,RCL",228,231,4,2,150
6,20,RCL,232,236,5,1,362
6,20,HV,237,238,2,1,313
6,20,"HV,RS",239,239,1,2,335
6,20,HV,240,245,6,1,313
6,20,"HV,RS",246,246,1,2,335
6,20,RS,247,248,2,1,368
6,20,none,249,255,7,0,336
6,20,HV,256,256,1,1,313
6,20,"BV,GC,HV,RCL",257,257,1,4,193
6,20,RCL,258,259,2,1,362
6,20,none,260,264,5,0,336
6,20,RCL,265,265,1,1,362
6,20,none,266,267,2,0,336
6,20,RS,268,272,5,1,368
6,20,"HV,RCL,RS",273,275,3,3,332
6,20,"RCL,RS",276,277,2,2,365
6,20,RS,278,296,19,1,368
6,20,none,297,311,15,0,336
6,20,RS,312,312,1,1,368
6,20,none,313,324,12,0,336
6,20,RS,325,325,1,1,368
6,20,none,326,339,14,0,336
6,20,RS,340,344,5,1,368
6,20,"HV,RS",345,345,1,2,335
6,21,RS,12,23,12,1,368
6,21,none,24,26,3,0,336
6,21,PT,27,27,1,1,350
6,21,RS,28,30,3,1,368
6,21,"PT,RS",31,33,3,2,357
6,21,RS,34,35,2,1,368
6,21,none,36,41,6,0,336
6,21,RS,42,46,5,1,368
6,21,"PT,RS",47,53,7,2,357
6,21,none,54,78,25,0,336
6,21,PT,79,81,3,1,350
6,21,"PT,RS",82,87,6,2,357
6,21,"PT,RP,RS",88,102,15,3,356
6,21,"PT,RP",103,103,1,2,355
6,21,RP,104,107,4,1,366
6,21,"PT,RP",108,110,3,2,355
6,21,RP,111,113,3,1,366
6,21,none,114,132,19,0,336
6,21,PT,133,133,1,1,350
6,21,none,134,134,1,0,336
6,21,RS,135,136,2,1,368
6,21,none,137,138,2,0,336
6,21,RCL,139,139,1,1,362
6,21,"PT,RCL",140,140,1,2,352
6,21,RCL,141,143,3,1,362
6,21,"HV,RCL",144,146,3,2,330
6,21,"HV,PT,RCL,RS",147,148,2,4,324
6,21,"BV,BW,HV,RCL,RS",149,149,1,5,180
6,21,"GC,HC,HV,RCL",150,150,1,4,277
6,21,"GC,RCL",151,151,1,2,295
6,21,"AC,GC,RCL",152,152,1,3,119
6,21,"AC,RCL",153,153,1,2,150
6,21,"AC,BV,RCL",154,155,2,3,67
6,21,"AC,HV,PT,RCL",156,156,1,4,137
6,21,"AC,GC,HV,PT,RCL",157,157,1,5,111
6,21,"AC,GC,HV,RCL",158,164,7,4,114
6,21,"AC,GC,HV,PT,RCL",165,165,1,5,111
6,21,"AC,HV,RCL",166,166,1,3,141
6,21,"AC,HV,RCL,RS",167,169,3,4,142
6,21,"AC,GC,HV,RCL,RS",170,170,1,5,115
6,21,"AC,GC,HV,RCL",171,174,4,4,114
6,21,"AC,GC,HV,RCL,RS",175,178,4,5,115
6,21,"AC,HV,RCL,RS",179,180,2,4,142
6,21,"AC,HV,RCL",181,183,3,3,141
6,21,"AC,GC,HV,RCL",184,185,2,4,114
6,21,"AC,GC,HV,RCL,RS",186,186,1,5,115
6,21,"AC,GC,HV,RCL",187,189,3,4,114
6,21,"AC,GC,RCL",190,191,2,3,119
6,21,"AC,RCL",192,193,2,2,150
6,21,"AC,BW,RCL",194,194,1,3,97
6,21,"AC,RCL",195,203,9,2,150
6,21,"AC,GC,RCL",204,204,1,3,119
6,21,"AC,RCL",205,206,2,2,150
6,21,"AC,HV,RCL",207,207,1,3,141
6,21,"AC,BW,HV,RCL",208,208,1,4,93
6,21,"AC,RCL",209,212,4,2,150
6,21,"AC,BW,HV,RCL",213,213,1,4,93
6,21,"AC,BW,GC,HV,RCL,RS",214,214,1,6,80
6,21,"AC,BV,BW,GC,HV,RCL",215,215,1,6,15
6,21,"AC,BW,GC,HV,RCL",216,216,1,5,79
6,21,"AC,BW,HV,RCL",217,220,4,4,93
6,21,"AC,HV,RCL",221,221,1,3,141
6,21,"AC,RCL",222,222,1,2,150
6,21,"AC,GC,RCL",223,224,2,3,119
6,21,"AC,RCL",225,231,7,2,150
6,21,"AC,RCL,RS",232,232,1,3,151
6,21,"AC,RCL",233,235,3,2,150
6,21,RCL,236,240,5,1,362
6,21,"HV,RCL,RS",241,241,1,3,332
6,21,"HV,RCL",242,244,3,2,330
6,21,RCL,245,245,1,1,362
6,21,none,246,246,1,0,336
6,21,RS,247,249,3,1,368
6,21,none,250,253,4,0,336
6,21,HV,254,257,4,1,313
6,21,"HV,RCL",258,258,1,2,330
6,21,none,259,261,3,0,336
6,21,RS,262,272,11,1,368
6,21,none,273,277,5,0,336
6,21,RS,278,278,1,1,368
6,21,none,279,284,6,0,336
6,21,RS,285,287,3,1,368
6,21,none,288,300,13,0,336
6,21,RS,301,303,3,1,368
6,21,none,304,308,5,0,336
6,21,RS,309,315,7,1,368
6,21,none,316,320,5,0,336
6,21,RS,321,323,3,1,368
6,21,none,324,332,9,0,336
6,21,RS,333,333,1,1,368
6,21,none,334,344,11,0,336
6,21,RS,345,347,3,1,368
6,21,none,348,355,8,0,336
6,21,RS,356,356,1,1,368
6,22,RS,18,23,6,1,368
6,22,"PT,RS",24,25,2,2,357
6,22,none,26,34,9,0,336
6,22,PT,35,35,1,1,350
6,22,none,36,58,23,0,336
6,22,PT,59,59,1,1,350
6,22,none,60,72,13,0,336
6,22,PT,73,73,1,1,350
6,22,"PT,RS",74,80,7,2,357
6,22,none,81,87,7,0,336
6,22,PT,88,88,1,1,350
6,22,"PT,RS",89,92,4,2,357
6,22,PT,93,99,7,1,350
6,22,"PT,RS",100,100,1,2,357
6,22,"PT,RP,RS",101,103,3,3,356
6,22,"PT,RP",104,105,2,2,355
6,22,PT,106,107,2,1,350
6,22,"PC,PT",108,108,1,2,338
6,22,"PC,PT,RS",109,109,1,3,341
6,22,"PC,PT,RP,RS",110,111,2,4,340
6,22,"PT,RP,RS",112,117,6,3,356
6,22,PT,118,121,4,1,350
6,22,"HV,PT",122,122,1,2,322
6,22,RS,123,123,1,1,368
6,22,none,124,127,4,0,336
6,22,HV,128,128,1,1,313
6,22,none,129,130,2,0,336
6,22,RS,131,131,1,1,368
6,22,none,132,132,1,0,336
6,22,HV,133,133,1,1,313
6,22,none,134,136,3,0,336
6,22,RCA,137,137,1,1,358
6,22,none,138,143,6,0,336
6,22,HV,144,145,2,1,313
6,22,none,146,149,4,0,336
6,22,HV,150,150,1,1,313
6,22,none,151,152,2,0,336
6,22,GC,153,155,3,1,273
6,22,"AC,GC",156,156,1,2,99
6,22,AC,157,167,11,1,1
6,22,none,168,269,102,0,336
6,22,HV,270,270,1,1,313
6,23,RS,8,10,3,1,368
6,23,none,11,24,14,0,336
6,23,PT,25,25,1,1,350
6,23,"PT,RS",26,30,5,2,357
6,23,none,31,42,12,0,336
6,23,PT,43,55,13,1,350
6,23,"PT,RS",56,71,16,2,357
6,23,PT,72,73,2,1,350
6,23,none,74,77,4,0,336
6,23,HV,78,78,1,1,313
6,23,none,79,79,1,0,336
6,23,"PT,RS",80,81,2,2,357
6,23,none,82,87,6,0,336
6,23,PT,88,90,3,1,350
6,23,RS,91,91,1,1,368
6,23,none,92,95,4,0,336
6,23,PT,96,97,2,1,350
6,23,none,98,101,4,0,336
6,23,"HV,PT",102,102,1,2,322
6,23,PT,103,105,3,1,350
6,23,"PT,RS",106,107,2,2,357
6,23,"HV,RS",108,108,1,2,335
6,23,RS,109,111,3,1,368
6,23,none,112,114,3,0,336
6,23,PT,115,115,1,1,350
6,23,"HV,PT",116,116,1,2,322
6,23,"PT,RS",117,117,1,2,357
6,23,RCL,118,123,6,1,362
6,23,"PT,RCL",124,124,1,2,352
6,23,"HV,PT,RCL,RS",125,125,1,4,324
6,23,"HV,RCL,RS",126,130,5,3,332
6,23,"HV,PT,RCL,RS",131,132,2,4,324
6,23,"HV,PT,RCL",133,137,5,3,323
6,23,"HV,PT,RCL,RS",138,138,1,4,324
6,23,"BV,HV,RCL,RS",139,139,1,4,210
6,23,RCL,140,142,3,1,362
6,23,"PT,RCL",143,143,1,2,352
6,23,"PT,RCL,RS",144,144,1,3,354
6,23,"HV,RCL,RS",145,147,3,3,332
6,23,"HV,RCL",148,150,3,2,330
6,23,"BV,BW,HV,RCL",151,151,1,4,179
6,23,"BV,BW,GC,HV,RCL",152,152,1,5,164
6,23,"BV,GC,HV,RCL,RS",153,153,1,5,194
6,23,"GC,HV,RCL,RS",154,156,3,4,290
6,23,"GC,HV,PT,RCL,RS",157,157,1,5,286
6,23,"BV,GC,HV,PT,RCL,RS",158,162,5,6,190
6,23,"BV,GC,HV,RCL,RS",163,165,3,5,194
6,23,"BV,GC,HV,RCL",166,166,1,4,193
6,23,RCL,167,175,9,1,362
6,23,HV,176,176,1,1,313
6,23,none,177,179,3,0,336
6,23,RCL,180,181,2,1,362
6,23,none,182,187,6,0,336
6,23,"HV,RCL",188,188,1,2,330
6,23,"GC,HV,RCL",189,189,1,3,289
6,23,"GC,RCL",190,193,4,2,295
6,23,GC,194,194,1,1,273
6,23,none,195,195,1,0,336
6,23,HV,196,198,3,1,313
6,23,none,199,326,128,0,336
6,23,RS,327,329,3,1,368
6,23,none,330,335,6,0,336
6,23,RS,336,336,1,1,368
6,24,RS,17,20,4,1,368
6,24,none,21,37,17,0,336
6,24,RS,38,38,1,1,368
6,24,none,39,48,10,0,336
6,24,RS,49,49,1,1,368
6,24,"PT,RS",50,74,25,2,357
6,24,none,75,79,5,0,336
6,24,PT,80,92,13,1,350
6,24,"PT,RS",93,93,1,2,357
6,24,RS,94,107,14,1,368
6,24,"PT,RS",108,108,1,2,357
6,24,RS,109,117,9,1,368
6,24,"HV,RCL,RS",118,118,1,3,332
6,24,"RCL,RS",119,119,1,2,365
6,24,RCL,120,124,5,1,362
6,24,"RCL,RS",125,125,1,2,365
6,24,RS,126,131,6,1,368
6,24,"HV,RS",132,132,1,2,335
6,24,"BV,HV,RS",133,135,3,3,211
6,24,"HV,RS",136,136,1,2,335
6,24,RS,137,140,4,1,368
6,24,"HV,RS",141,141,1,2,335
6,24,"BW,HV,RS",142,142,1,3,253
6,24,"BV,BW,GC,HV,RS",143,153,11,5,166
6,24,"BW,GC,HV,RS",154,155,2,4,228
6,24,"GC,HV,RS",156,157,2,3,291
6,24,"HV,RS",158,160,3,2,335
6,24,"BV,HV,RS",161,161,1,3,211
6,24,"BV,GC,HV,RS",162,166,5,4,195
6,24,"BV,GC,HV",167,167,1,3,189
6,24,"GC,HV",168,168,1,2,282
6,24,"GC,HV,RCL",169,178,10,3,289
6,24,"BW,GC,HV,RCL",179,179,1,4,226
6,24,"BV,BW,GC,HV,RCL",180,180,1,5,164
6,24,"BV,BW,GC,HV,RCL,RS",181,182,2,6,165
6,24,"BV,BW,GC,HV,RCL",183,186,4,5,164
6,24,"GC,HV,RCL",187,190,4,3,289
6,24,"BV,GC,HV,RCL",191,191,1,4,193
6,24,"HV,RCL",192,194,3,2,330
6,24,RCL,195,198,4,1,362
6,24,none,199,211,13,0,336
6,24,RS,212,212,1,1,368
6,24,none,213,216,4,0,336
6,24,"BV,GC,HV,RCL",217,217,1,4,193
6,24,"BV,GC,HV,RCL,RS",218,218,1,5,194
6,24,"BV,GC,HV,RCL",219,219,1,4,193
6,24,RCL,220,226,7,1,362
6,24,"HV,RCL,RS",227,227,1,3,332
6,24,"HV,RCL",228,232,5,2,330
6,24,"GC,HV,RCL",233,233,1,3,289
6,24,"GC,HV,RCL,RS",234,237,4,4,290
6,24,"GC,RCL,RS",238,238,1,3,296
6,24,"GC,RCL",239,239,1,2,295
6,24,RCL,240,246,7,1,362
6,24,none,247,270,24,0,336
6,24,"HV,RS",271,272,2,2,335
6,24,"GC,RS",273,273,1,2,297
6,24,RS,274,285,12,1,368
6,24,none,286,295,10,0,336
6,24,RS,296,298,3,1,368
6,24,none,299,302,4,0,336
6,24,RS,303,303,1,1,368
6,24,none,304,334,31,0,336
6,24,RS,335,339,5,1,368
7,1,PC,64,64,1,1,337
7,1,none,65,70,6,0,336
7,1,PC,71,71,1,1,337
7,1,none,72,76,5,0,336
7,1,PC,77,84,8,1,337
7,1,none,85,89,5,0,336
7,1,PT,90,92,3,1,350
7,1,PC,93,93,1,1,337
7,1,none,94,97,4,0,336
7,1,RS,98,98,1,1,368
7,1,PC,99,99,1,1,337
7,1,none,100,107,8,0,336
7,1,RCL,108,108,1,1,362
7,1,none,109,116,8,0,336
7,1,PC,117,117,1,1,337
7,1,none,118,123,6,0,336
7,1,RCL,124,131,8,1,362
7,1,"BW,RCL",132,132,1,2,267
7,1,RCL,133,137,5,1,362
7,1,"BW,RCL",138,138,1,2,267
7,1,RCL,139,146,8,1,362
7,1,"BW,RCL",147,154,8,2,267
7,1,RCL,155,162,8,1,362
7,1,none,163,169,7,0,336
7,1,RCL,170,176,7,1,362
7,1,"BW,RCL",177,180,4,2,267
7,1,RCL,181,182,2,1,362
7,1,"HV,RCL",183,185,3,2,330
7,1,"GC,HV,RCL",186,191,6,3,289
7,1,"HV,RCL",192,192,1,2,330
7,1,"HC,HV,PC,RCL",193,193,1,4,300
7,1,"HV,PC,RCL",194,194,1,3,318
7,1,"PC,RCL",195,197,3,2,344
7,1,RCL,198,208,11,1,362
7,1,"HV,RCL",209,209,1,2,330
7,1,"GC,HV,RCL",210,211,2,3,289
7,1,RCL,212,227,16,1,362
7,1,"RCA,RCL",228,228,1,2,359
7,1,RCL,229,232,4,1,362
7,1,none,233,240,8,0,336
7,1,RCL,241,241,1,1,362
7,1,none,242,245,4,0,336
7,1,RCL,246,263,18,1,362
7,1,none,264,268,5,0,336
7,1,RCL,269,275,7,1,362
7,1,none,276,339,64,0,336
7,1,RS,340,340,1,1,368
7,2,"PC,RS",71,71,1,2,349
7,2,none,72,77,6,0,336
7,2,"PC,RS",78,78,1,2,349
7,2,none,79,91,13,0,336
7,2,PC,92,92,1,1,337
7,2,none,93,98,6,0,336
7,2,"PC,RS",99,99,1,2,349
7,2,none,100,105,6,0,336
7,2,RS,106,106,1,1,368
7,2,none,107,107,1,0,336
7,2,RCL,108,130,23,1,362
7,2,"RCA,RCL",131,135,5,2,359
7,2,RCL,136,143,8,1,362
7,2,"BW,RCL",144,144,1,2,267
7,2,"BW,RCA,RCL",145,145,1,3,265
7,2,"BV,BW,RCL",146,147,2,3,185
7,2,RCL,148,151,4,1,362
7,2,"BW,RCL",152,153,2,2,267
7,2,RCL,154,162,9,1,362
7,2,"BW,RCL",163,163,1,2,267
7,2,RCL,164,169,6,1,362
7,2,"RCA,RCL",170,170,1,2,359
7,2,"BW,RCA,RCL",171,171,1,3,265
7,2,"BV,BW,HV,RCA,RCL",172,172,1,5,177
7,2,"BW,RCA,RCL",173,179,7,3,265
7,2,"RCA,RCL",180,180,1,2,359
7,2,"GC,RCA,RCL",181,181,1,3,293
7,2,"RCA,RCL",182,182,1,2,359
7,2,RCL,183,188,6,1,362
7,2,"RCA,RCL",189,194,6,2,359
7,2,"BW,RCL",195,196,2,2,267
7,2,RCL,197,209,13,1,362
7,2,none,210,217,8,0,336
7,2,RCL,218,223,6,1,362
7,2,"HV,RCL",224,224,1,2,330
7,2,"GC,HV,RCL",225,225,1,3,289
7,2,"GC,RCL",226,226,1,2,295
7,2,RCL,227,227,1,1,362
7,2,"RCA,RCL",228,228,1,2,359
7,2,RCL,229,270,42,1,362
7,3,RS,48,48,1,1,368
7,3,none,49,57,9,0,336
7,3,RS,58,58,1,1,368
7,3,PC,59,60,2,1,337
7,3,none,61,66,6,0,336
7,3,PC,67,69,3,1,337
7,3,"PC,RS",70,77,8,2,349
7,3,PC,78,79,2,1,337
7,3,none,80,92,13,0,336
7,3,RS,93,93,1,1,368
7,3,none,94,111,18,0,336
7,3,RCA,112,112,1,1,358
7,3,RS,113,113,1,1,368
7,3,none,114,116,3,0,336
7,3,RCL,117,119,3,1,362
7,3,"RCA,RCL,RS",120,120,1,3,360
7,3,"RCL,RS",121,122,2,2,365
7,3,"HV,RCL,RS",123,123,1,3,332
7,3,"RCL,RS",124,127,4,2,365
7,3,"RCA,RCL,RS",128,130,3,3,360
7,3,"BW,RCA,RCL,RS",131,131,1,4,266
7,3,"RCA,RCL,RS",132,136,5,3,360
7,3,"RCA,RCL",137,143,7,2,359
7,3,"BW,RCA,RCL",144,145,2,3,265
7,3,"RCA,RCL",146,149,4,2,359
7,3,RCL,150,152,3,1,362
7,3,"HV,RCL",153,153,1,2,330
7,3,RCL,154,154,1,1,362
7,3,"RCA,RCL",155,161,7,2,359
7,3,"BW,RCA,RCL",162,166,5,3,265
7,3,"RCA,RCL",167,169,3,2,359
7,3,RCL,170,170,1,1,362
7,3,"BW,RCL",171,171,1,2,267
7,3,RCL,172,173,2,1,362
7,3,"RCA,RCL",174,178,5,2,359
7,3,RCL,179,186,8,1,362
7,3,"BW,RCL",187,188,2,2,267
7,3,"BW,RCA,RCL",189,193,5,3,265
7,3,"BW,HV,RCA,RCL",194,195,2,4,246
7,3,"HV,RCA,RCL",196,200,5,3,327
7,3,"RCA,RCL",201,201,1,2,359
7,3,"GC,RCA,RCL",202,204,3,3,293
7,3,"RCA,RCL",205,210,6,2,359
7,3,RCL,211,264,54,1,362
7,3,none,265,270,6,0,336
7,3,"GC,RCL",271,271,1,2,295
7,3,RCL,272,273,2,1,362
7,3,RS,274,274,1,1,368
7,4,RS,2,2,1,1,368
7,4,none,3,41,39,0,336
7,4,PC,42,42,1,1,337
7,4,none,43,72,30,0,336
7,4,RS,73,85,13,1,368
7,4,"PC,RS",86,86,1,2,349
7,4,RS,87,90,4,1,368
7,4,none,91,91,1,0,336
7,4,PC,92,92,1,1,337
7,4,none,93,100,8,0,336
7,4,RS,101,101,1,1,368
7,4,PC,102,103,2,1,337
7,4,RCL,104,111,8,1,362
7,4,"RCA,RCL",112,122,11,2,359
7,4,RCL,123,126,4,1,362
7,4,"RCA,RCL",127,127,1,2,359
7,4,RCL,128,159,32,1,362
7,4,"GC,RCL",160,160,1,2,295
7,4,RCL,161,166,6,1,362
7,4,"GC,RCL",167,187,21,2,295
7,4,"GC,HV,RCL",188,189,2,3,289
7,4,RCL,190,260,71,1,362
7,4,"RCL,RS",261,265,5,2,365
7,4,RCL,266,296,31,1,362
7,4,none,297,318,22,0,336
7,4,RS,319,319,1,1,368
7,4,none,320,324,5,0,336
7,4,RCA,325,325,1,1,358
7,4,RS,326,328,3,1,368
7,4,none,329,338,10,0,336
7,4,RS,339,341,3,1,368
7,4,none,342,347,6,0,336
7,4,RS,348,351,4,1,368
7,4,none,352,361,10,0,336
7,4,RS,362,365,4,1,368
7,5,PC,3,3,1,1,337
7,5,none,4,25,22,0,336
7,5,PC,26,28,3,1,337
7,5,none,29,37,9,0,336
7,5,RCL,38,38,1,1,362
7,5,PC,39,39,1,1,337
7,5,none,40,58,19,0,336
7,5,PC,59,59,1,1,337
7,5,none,60,62,3,0,336
7,5,RS,63,63,1,1,368
7,5,"PC,RS",64,65,2,2,349
7,5,"PC,PT,RS",66,66,1,3,341
7,5,PC,67,73,7,1,337
7,5,"PC,RS",74,80,7,2,349
7,5,"PC,RCL,RS",81,81,1,3,346
7,5,"PC,RS",82,86,5,2,349
7,5,PC,87,90,4,1,337
7,5,"PC,RS",91,92,2,2,349
7,5,PC,93,94,2,1,337
7,5,none,95,129,35,0,336
7,5,RCL,130,139,10,1,362
7,5,"RCA,RCL",140,140,1,2,359
7,5,RCL,141,153,13,1,362
7,5,"HV,RCL",154,156,3,2,330
7,5,RCL,157,173,17,1,362
7,5,"RCA,RCL",174,178,5,2,359
7,5,RCL,179,182,4,1,362
7,5,"RCA,RCL",183,187,5,2,359
7,5,RCL,188,263,76,1,362
7,5,"RCL,RS",264,264,1,2,365
7,5,RCL,265,270,6,1,362
7,5,none,271,271,1,0,336
7,5,RS,272,272,1,1,368
7,5,none,273,282,10,0,336
7,5,RS,283,287,5,1,368
7,5,none,288,295,8,0,336
7,5,RS,296,296,1,1,368
7,5,none,297,337,41,0,336
7,5,RS,338,344,7,1,368
7,6,RS,57,66,10,1,368
7,6,none,67,87,21,0,336
7,6,RS,88,88,1,1,368
7,6,none,89,97,9,0,336
7,6,RS,98,98,1,1,368
7,6,none,99,114,16,0,336
7,6,PC,115,117,3,1,337
7,6,"PC,RS",118,118,1,2,349
7,6,none,119,120,2,0,336
7,6,RCL,121,123,3,1,362
7,6,none,124,127,4,0,336
7,6,RCL,128,136,9,1,362
7,6,"AC,RCL",137,137,1,2,150
7,6,"AC,RCA,RCL",138,138,1,3,149
7,6,"AC,RCL",139,148,10,2,150
7,6,"AC,RCA,RCL",149,152,4,3,149
7,6,"AC,RCL",153,159,7,2,150
7,6,"AC,RCA,RCL",160,160,1,3,149
7,6,"AC,RCL",161,169,9,2,150
7,6,"AC,RCA,RCL",170,170,1,3,149
7,6,"AC,RCL",171,179,9,2,150
7,6,"AC,RCA,RCL",180,180,1,3,149
7,6,"AC,RCL",181,197,17,2,150
7,6,"AC,PC,RCL",198,198,1,3,144
7,6,"AC,GC,RCL",199,201,3,3,119
7,6,"AC,RCL",202,239,38,2,150
7,6,"AC,RCA,RCL",240,240,1,3,149
7,6,"AC,RCL",241,246,6,2,150
7,6,"AC,RCA,RCL",247,247,1,3,149
7,6,"AC,RCL",248,253,6,2,150
7,6,RCL,254,274,21,1,362
7,6,none,275,279,5,0,336
7,6,RCL,280,280,1,1,362
7,6,none,281,287,7,0,336
7,6,RS,288,300,13,1,368
7,6,none,301,304,4,0,336
7,6,RCL,305,305,1,1,362
7,7,PC,79,97,19,1,337
7,7,"PC,RS",98,98,1,2,349
7,7,PC,99,100,2,1,337
7,7,"PC,RCL",101,114,14,2,344
7,7,RCL,115,137,23,1,362
7,7,"AC,RCL",138,140,3,2,150
7,7,RCL,141,145,5,1,362
7,7,"AC,RCL",146,167,22,2,150
7,7,"AC,BW,RCL",168,170,3,3,97
7,7,"AC,BW,GC,RCL",171,174,4,4,82
7,7,"AC,GC,RCL",175,180,6,3,119
7,7,"AC,RCL",181,184,4,2,150
7,7,"AC,GC,RCL",185,186,2,3,119
7,7,"AC,RCL",187,193,7,2,150
7,7,"AC,HV,RCL",194,194,1,3,141
7,7,"AC,GC,HV,RCL",195,195,1,4,114
7,7,"AC,GC,RCL",196,198,3,3,119
7,7,"AC,RCL",199,252,54,2,150
7,7,"AC,HC,RCL",253,253,1,3,133
7,7,RCL,254,260,7,1,362
7,7,none,261,267,7,0,336
7,7,RS,268,268,1,1,368
7,7,none,269,282,14,0,336
7,7,RS,283,283,1,1,368
7,7,none,284,294,11,0,336
7,7,RS,295,309,15,1,368
7,8,RS,55,55,1,1,368
7,8,none,56,59,4,0,336
7,8,RS,60,60,1,1,368
7,8,"PC,RS",61,61,1,2,349
7,8,RS,62,68,7,1,368
7,8,"PC,RS",69,73,5,2,349
7,8,RS,74,85,12,1,368
7,8,"PC,RS",86,88,3,2,349
7,8,"RCL,RS",89,89,1,2,365
7,8,RS,90,95,6,1,368
7,8,"PC,RS",96,99,4,2,349
7,8,PC,100,103,4,1,337
7,8,"PC,RCL",104,106,3,2,344
7,8,PC,107,107,1,1,337
7,8,none,108,111,4,0,336
7,8,RCL,112,137,26,1,362
7,8,"BW,RCL",138,138,1,2,267
7,8,"BV,BW,RCL",139,140,2,3,185
7,8,RCL,141,156,16,1,362
7,8,"AC,BW,RCL",157,157,1,3,97
7,8,RCL,158,161,4,1,362
7,8,"AC,RCL",162,162,1,2,150
7,8,RCL,163,165,3,1,362
7,8,"BW,RCL",166,166,1,2,267
7,8,"BV,BW,RCL",167,167,1,3,185
7,8,"BV,BW,HV,RCL",168,168,1,4,179
7,8,"AC,RCL",169,175,7,2,150
7,8,"AC,BW,RCL",176,176,1,3,97
7,8,"AC,RCL",177,188,12,2,150
7,8,"AC,BW,RCL",189,190,2,3,97
7,8,"AC,RCL",191,219,29,2,150
7,8,RCL,220,257,38,1,362
7,8,"HV,RCL",258,258,1,2,330
7,8,"RCL,RS",259,260,2,2,365
7,8,"AC,RCL",261,261,1,2,150
7,8,RCL,262,271,10,1,362
7,9,RS,66,98,33,1,368
7,9,"PC,RS",99,103,5,2,349
7,9,"RP,RS",104,104,1,2,367
7,9,RS,105,108,4,1,368
7,9,"BW,RS",109,109,1,2,272
7,9,RS,110,112,3,1,368
7,9,none,113,125,13,0,336
7,9,RCL,126,129,4,1,362
7,9,none,130,133,4,0,336
7,9,PC,134,135,2,1,337
7,9,"PC,RCL,RS",136,136,1,3,346
7,9,RCL,137,137,1,1,362
7,9,"BW,RCL",138,140,3,2,267
7,9,RCL,141,141,1,1,362
7,9,"HV,RCL",142,142,1,2,330
7,9,RCL,143,156,14,1,362
7,9,"AC,RCL",157,158,2,2,150
7,9,"AC,BW,RCL",159,159,1,3,97
7,9,"AC,HV,RCL",160,160,1,3,141
7,9,"AC,RCL",161,166,6,2,150
7,9,"AC,HV,RCL",167,167,1,3,141
7,9,"AC,BW,HV,RCL",168,170,3,4,93
7,9,"AC,GC,RCL",171,171,1,3,119
7,9,"AC,RCL",172,177,6,2,150
7,9,"AC,BW,RCL",178,178,1,3,97
7,9,"AC,GC,RCL",179,179,1,3,119
7,9,"AC,RCL",180,186,7,2,150
7,9,"AC,GC,RCL",187,192,6,3,119
7,9,"AC,RCL",193,227,35,2,150
7,9,RCL,228,235,8,1,362
7,9,"AC,RCL",236,238,3,2,150
7,9,"AC,BW,RCL",239,239,1,3,97
7,9,"AC,RCL",240,255,16,2,150
7,9,RCL,256,268,13,1,362
7,9,"RCL,RS",269,272,4,2,365
7,9,RS,273,274,2,1,368
7,10,RS,77,95,19,1,368
7,10,"PC,RS",96,102,7,2,349
7,10,PC,103,112,10,1,337
7,10,none,113,115,3,0,336
7,10,RCL,116,139,24,1,362
7,10,"BW,RCL",140,140,1,2,267
7,10,RCL,141,145,5,1,362
7,10,"BW,RCL",146,146,1,2,267
7,10,"BW,HV,RCL",147,147,1,3,248
7,10,"BW,RCL",148,148,1,2,267
7,10,RCL,149,151,3,1,362
7,10,"AC,RCL",152,152,1,2,150
7,10,RCL,153,157,5,1,362
7,10,"BW,RCL",158,160,3,2,267
7,10,RCL,161,161,1,1,362
7,10,"AC,RCL",162,162,1,2,150
7,10,RCL,163,164,2,1,362
7,10,"BW,RCL",165,167,3,2,267
7,10,"AC,BW,RCL",168,170,3,3,97
7,10,"AC,BV,BW,RCL",171,173,3,4,43
7,10,"AC,BW,RCL",174,178,5,3,97
7,10,"AC,RCL",179,185,7,2,150
7,10,RCL,186,186,1,1,362
7,10,"BW,RCL",187,187,1,2,267
7,10,"BW,GC,RCL",188,188,1,3,231
7,10,"GC,RCL",189,189,1,2,295
7,10,"AC,GC,RCL",190,192,3,3,119
7,10,"AC,RCL",193,211,19,2,150
7,10,"AC,GC,HC,RCL",212,212,1,4,108
7,10,"AC,GC,RCL",213,213,1,3,119
7,10,"AC,RCL",214,233,20,2,150
7,10,"AC,GC,HV,RCL",234,234,1,4,114
7,10,"AC,GC,RCL",235,237,3,3,119
7,10,"AC,RCL",238,244,7,2,150
7,10,"AC,GC,RCL",245,245,1,3,119
7,10,"AC,RCL",246,249,4,2,150
7,10,RCL,250,254,5,1,362
7,10,"AC,RCL",255,255,1,2,150
7,10,RCL,256,270,15,1,362
7,10,none,271,274,4,0,336
7,10,RCL,275,275,1,1,362
7,10,none,276,318,43,0,336
7,10,"RCL,RS",319,319,1,2,365
7,11,RS,58,58,1,1,368
7,11,none,59,63,5,0,336
7,11,RS,64,64,1,1,368
7,11,none,65,71,7,0,336
7,11,RS,72,76,5,1,368
7,11,none,77,78,2,0,336
7,11,RCL,79,81,3,1,362
7,11,none,82,88,7,0,336
7,11,RCL,89,89,1,1,362
7,11,none,90,97,8,0,336
7,11,RCL,98,98,1,1,362
7,11,"HV,RCL",99,99,1,2,330
7,11,RCL,100,107,8,1,362
7,11,"RCL,RS",108,110,3,2,365
7,11,RCL,111,113,3,1,362
7,11,none,114,117,4,0,336
7,11,RCL,118,119,2,1,362
7,11,"BW,RCL",120,120,1,2,267
7,11,RCL,121,124,4,1,362
7,11,"BW,RCL",125,125,1,2,267
7,11,"AC,BW,RCL",126,126,1,3,97
7,11,"BW,RCL",127,127,1,2,267
7,11,RCL,128,136,9,1,362
7,11,"BW,RCL",137,137,1,2,267
7,11,RCL,138,138,1,1,362
7,11,"AC,RCL",139,139,1,2,150
7,11,RCL,140,142,3,1,362
7,11,"BV,BW,RCL",143,146,4,3,185
7,11,"BV,BW,HV,RCL",147,147,1,4,179
7,11,"AC,BV,BW,HV,RCL",148,148,1,5,38
7,11,RCL,149,153,5,1,362
7,11,"AC,RCL",154,154,1,2,150
7,11,"AC,BW,RCL",155,155,1,3,97
7,11,"AC,RCL",156,160,5,2,150
7,11,RCL,161,164,4,1,362
7,11,"BW,RCL",165,165,1,2,267
7,11,"AC,BW,RCL",166,169,4,3,97
7,11,"AC,RCL",170,182,13,2,150
7,11,RCL,183,186,4,1,362
7,11,"AC,RCL",187,199,13,2,150
7,11,"AC,BW,RCL",200,200,1,3,97
7,11,"AC,BV,BW,RCL",201,201,1,4,43
7,11,"AC,RCL",202,210,9,2,150
7,11,RCL,211,225,15,1,362
7,11,"BW,RCL",226,226,1,2,267
7,11,"AC,BV,BW,GC,RCL",227,227,1,5,18
7,11,"AC,BV,GC,RCL",228,228,1,4,55
7,11,"AC,RCL",229,233,5,2,150
7,11,RCL,234,290,57,1,362
7,12,"BW,RCL",99,100,2,2,267
7,12,RCL,101,120,20,1,362
7,12,"GC,RCL",121,121,1,2,295
7,12,"BW,HV,RCL",122,122,1,3,248
7,12,RCL,123,126,4,1,362
7,12,"BW,RCL",127,131,5,2,267
7,12,"BV,BW,RCL",132,132,1,3,185
7,12,RCL,133,142,10,1,362
7,12,"BW,RCL",143,144,2,2,267
7,12,RCL,145,151,7,1,362
7,12,"BW,RCL",152,152,1,2,267
7,12,"BV,BW,RCL",153,155,3,3,185
7,12,"AC,RCL",156,156,1,2,150
7,12,RCL,157,159,3,1,362
7,12,"GC,RCL",160,160,1,2,295
7,12,"BW,GC,RCL",161,161,1,3,231
7,12,RCL,162,162,1,1,362
7,12,"AC,RCL",163,163,1,2,150
7,12,RCL,164,167,4,1,362
7,12,"BV,BW,RCL",168,168,1,3,185
7,12,"BV,BW,GC,RCL",169,170,2,4,168
7,12,"GC,RCL",171,171,1,2,295
7,12,RCL,172,173,2,1,362
7,12,"AC,RCL",174,175,2,2,150
7,12,"AC,GC,RCL",176,176,1,3,119
7,12,"AC,RCL",177,177,1,2,150
7,12,RCL,178,181,4,1,362
7,12,"BW,GC,RCL",182,182,1,3,231
7,12,"BV,BW,RCL",183,183,1,3,185
7,12,RCL,184,184,1,1,362
7,12,"AC,RCL",185,185,1,2,150
7,12,RCL,186,189,4,1,362
7,12,"AC,RCL",190,192,3,2,150
7,12,"AC,BV,BW,GC,RCL",193,193,1,5,18
7,12,"AC,BV,RCL",194,196,3,3,67
7,12,"AC,RCL",197,211,15,2,150
7,12,RCL,212,216,5,1,362
7,12,"AC,RCL",217,218,2,2,150
7,12,"AC,GC,RCL",219,219,1,3,119
7,12,"AC,RCL",220,224,5,2,150
7,12,"AC,GC,RCL",225,225,1,3,119
7,12,"AC,RCL",226,241,16,2,150
7,12,RCL,242,268,27,1,362
7,12,none,269,276,8,0,336
7,12,RCL,277,277,1,1,362
7,12,none,278,282,5,0,336
7,12,RCL,283,283,1,1,362
7,12,none,284,300,17,0,336
7,12,RS,301,301,1,1,368
7,13,RS,51,51,1,1,368
7,13,none,52,73,22,0,336
7,13,RS,74,74,1,1,368
7,13,none,75,78,4,0,336
7,13,RS,79,84,6,1,368
7,13,none,85,92,8,0,336
7,13,RS,93,108,16,1,368
7,13,none,109,113,5,0,336
7,13,RCL,114,114,1,1,362
7,13,"RCL,RS",115,115,1,2,365
7,13,"BW,RCL,RS",116,116,1,3,269
7,13,"RCL,RS",117,119,3,2,365
7,13,RCL,120,123,4,1,362
7,13,"RCL,RS",124,124,1,2,365
7,13,"BW,RCL,RS",125,126,2,3,269
7,13,none,127,131,5,0,336
7,13,"BW,RCL",132,132,1,2,267
7,13,"AC,BV,BW,RCL,RS",133,133,1,5,44
7,13,"AC,BV,RCL,RS",134,134,1,4,68
7,13,RS,135,138,4,1,368
7,13,"RCL,RS",139,139,1,2,365
7,13,RCL,140,143,4,1,362
7,13,"AC,RCL",144,145,2,2,150
7,13,RCL,146,154,9,1,362
7,13,"BW,RCL",155,157,3,2,267
7,13,RCL,158,162,5,1,362
7,13,"BV,BW,RCL",163,163,1,3,185
7,13,"AC,BV,BW,HV,RCL",164,164,1,5,38
7,13,"AC,RCL",165,167,3,2,150
7,13,RCL,168,178,11,1,362
7,13,"AC,RCL",179,179,1,2,150
7,13,"AC,BV,BW,GC,HV,RCL",180,181,2,6,15
7,13,"AC,BV,GC,RCL",182,182,1,4,55
7,13,"AC,RCL",183,216,34,2,150
7,13,"AC,GC,RCL",217,217,1,3,119
7,13,"AC,RCL",218,220,3,2,150
7,13,RCL,221,224,4,1,362
7,13,"GC,RCL",225,226,2,2,295
7,13,"AC,BV,BW,GC,RCL",227,229,3,5,18
7,13,"AC,GC,RCL",230,230,1,3,119
7,13,"AC,RCL",231,239,9,2,150
7,13,RCL,240,275,36,1,362
7,13,none,276,287,12,0,336
7,13,RS,288,291,4,1,368
7,13,none,292,293,2,0,336
7,13,RCL,294,294,1,1,362
7,13,none,295,310,16,0,336
7,13,RCL,311,311,1,1,362
7,14,RCL,116,127,12,1,362
7,14,"BW,RCL",128,130,3,2,267
7,14,RCL,131,144,14,1,362
7,14,"AC,RCL",145,145,1,2,150
7,14,RCL,146,151,6,1,362
7,14,"AC,BW,RCL",152,153,2,3,97
7,14,RCL,154,161,8,1,362
7,14,"GC,RCL",162,162,1,2,295
7,14,"AC,GC,RCL,RS",163,163,1,4,120
7,14,"AC,GC,RCL",164,174,11,3,119
7,14,"AC,BW,GC,RCL",175,183,9,4,82
7,14,"AC,BV,BW,GC,RCL",184,186,3,5,18
7,14,"BV,BW,GC,RCL",187,188,2,4,168
7,14,"BV,BW,GC,HC,RCL",189,189,1,5,161
7,14,"GC,RCL",190,191,2,2,295
7,14,"AC,GC,RCL",192,195,4,3,119
7,14,"AC,GC,HV,RCL",196,196,1,4,114
7,14,"AC,GC,RCL",197,200,4,3,119
7,14,"AC,RCL",201,201,1,2,150
7,14,"AC,BW,RCL",202,204,3,3,97
7,14,"AC,BV,BW,RCL",205,206,2,4,43
7,14,"AC,BW,GC,RCL",207,207,1,4,82
7,14,"AC,GC,RCL",208,211,4,3,119
7,14,"BV,BW,GC,RCL",212,213,2,4,168
7,14,"GC,RCL",214,215,2,2,295
7,14,RCL,216,225,10,1,362
7,14,"RCL,RS",226,226,1,2,365
7,14,"GC,RCL",227,234,8,2,295
7,14,"AC,GC,RCL",235,235,1,3,119
7,14,"AC,RCL",236,242,7,2,150
7,14,RCL,243,263,21,1,362
7,14,none,264,268,5,0,336
7,14,RCL,269,271,3,1,362
7,14,"RCL,RS",272,272,1,2,365
7,14,RCL,273,273,1,1,362
7,14,none,274,282,9,0,336
7,14,RS,283,283,1,1,368
7,14,none,284,289,6,0,336
7,14,RS,290,290,1,1,368
7,14,none,291,309,19,0,336
7,14,RCL,310,310,1,1,362
7,14,none,311,314,4,0,336
7,14,RS,315,315,1,1,368
7,15,RS,53,80,28,1,368
7,15,none,81,85,5,0,336
7,15,RS,86,96,11,1,368
7,15,"PC,RS",97,98,2,2,349
7,15,RS,99,106,8,1,368
7,15,none,107,113,7,0,336
7,15,RCL,114,115,2,1,362
7,15,"BW,RCL",116,116,1,2,267
7,15,RCL,117,119,3,1,362
7,15,"RCL,RS",120,120,1,2,365
7,15,RCL,121,128,8,1,362
7,15,"HV,RCL",129,129,1,2,330
7,15,RCL,130,134,5,1,362
7,15,"BW,HV,RCL",135,135,1,3,248
7,15,"BW,RCL",136,139,4,2,267
7,15,"HV,RCL",140,140,1,2,330
7,15,RCL,141,144,4,1,362
7,15,none,145,149,5,0,336
7,15,"AC,RCL,RS",150,150,1,3,151
7,15,"AC,RCL",151,154,4,2,150
7,15,"AC,HV,RCL",155,155,1,3,141
7,15,"AC,GC,HV,RCL",156,156,1,4,114
7,15,"AC,HV,RCL",157,158,2,3,141
7,15,"AC,BW,HV,RCL,RS",159,159,1,5,94
7,15,"AC,BW,HV,RCL",160,162,3,4,93
7,15,"AC,BW,GC,HV,RCL",163,164,2,5,79
7,15,"AC,BV,BW,GC,HV,RCL",165,166,2,6,15
7,15,"AC,BV,BW,GC,RCL",167,167,1,5,18
7,15,"AC,BW,RCL",168,170,3,3,97
7,15,"BW,RCL",171,172,2,2,267
7,15,"BW,HV,RCL,RS",173,173,1,4,251
7,15,none,174,180,7,0,336
7,15,"AC,BV,BW,GC,RCL",181,181,1,5,18
7,15,"AC,BW,GC,RCL",182,182,1,4,82
7,15,"AC,GC,RCL,RS",183,183,1,4,120
7,15,"AC,GC,RCL",184,186,3,3,119
7,15,"GC,RCL",187,187,1,2,295
7,15,"BW,GC,RCL",188,188,1,3,231
7,15,"BW,RCL",189,193,5,2,267
7,15,"BW,HV,RCL",194,194,1,3,248
7,15,"BV,BW,GC,HV,RCL",195,195,1,5,164
7,15,"BV,BW,GC,HC,HV,RCL",196,196,1,6,158
7,15,"BV,BW,GC,HV,RCL",197,197,1,5,164
7,15,"BW,GC,HV,RCL",198,198,1,4,226
7,15,"BW,GC,RCL",199,199,1,3,231
7,15,"BW,RCL",200,200,1,2,267
7,15,RCL,201,209,9,1,362
7,15,"BW,RCL",210,217,8,2,267
7,15,RCL,218,264,47,1,362
7,15,none,265,268,4,0,336
7,15,RCL,269,269,1,1,362
7,15,none,270,293,24,0,336
7,15,RCL,294,294,1,1,362
7,15,none,295,325,31,0,336
7,15,RS,326,326,1,1,368
7,15,none,327,332,6,0,336
7,15,RS,333,333,1,1,368
7,15,none,334,344,11,0,336
7,15,RS,345,345,1,1,368
7,16,RS,35,47,13,1,368
7,16,none,48,51,4,0,336
7,16,RS,52,77,26,1,368
7,16,"PC,RS",78,79,2,2,349
7,16,RS,80,92,13,1,368
7,16,"PC,RS",93,93,1,2,349
7,16,"HV,RS",94,95,2,2,335
7,16,RS,96,99,4,1,368
7,16,none,100,100,1,0,336
7,16,RCL,101,105,5,1,362
7,16,none,106,106,1,0,336
7,16,RS,107,109,3,1,368
7,16,"RCL,RS",110,112,3,2,365
7,16,RCL,113,122,10,1,362
7,16,"RCL,RS",123,123,1,2,365
7,16,RCL,124,136,13,1,362
7,16,"BV,BW,RCL",137,137,1,3,185
7,16,"BW,RCL",138,138,1,2,267
7,16,RCL,139,141,3,1,362
7,16,"AC,RCL",142,142,1,2,150
7,16,"AC,BW,RCL",143,143,1,3,97
7,16,"AC,BV,RCL",144,144,1,3,67
7,16,"AC,RCL",145,147,3,2,150
7,16,"AC,BW,HV,RCL",148,148,1,4,93
7,16,"AC,RCL,RS",149,149,1,3,151
7,16,"AC,RCL",150,157,8,2,150
7,16,"AC,BW,RCL",158,159,2,3,97
7,16,"AC,RCL",160,168,9,2,150
7,16,"AC,BW,RCL",169,169,1,3,97
7,16,"AC,BW,GC,RCL",170,170,1,4,82
7,16,"AC,RCL",171,173,3,2,150
7,16,"AC,HV,RCL",174,175,2,3,141
7,16,"AC,BV,BW,GC,HV,RCL",176,176,1,6,15
7,16,"AC,BV,BW,GC,RCL",177,177,1,5,18
7,16,"AC,BV,GC,RCL",178,178,1,4,55
7,16,"AC,GC,RCL",179,181,3,3,119
7,16,"AC,GC,HV,RCL",182,184,3,4,114
7,16,"AC,BW,GC,RCL",185,191,7,4,82
7,16,"AC,BW,GC,HV,RCL",192,192,1,5,79
7,16,"AC,BW,GC,RCL",193,194,2,4,82
7,16,"AC,BW,RCL",195,197,3,3,97
7,16,"BW,RCL",198,200,3,2,267
7,16,RCL,201,211,11,1,362
7,16,"BW,RCL",212,214,3,2,267
7,16,RCL,215,234,20,1,362
7,16,none,235,240,6,0,336
7,16,RCL,241,244,4,1,362
7,16,"RCL,RS",245,245,1,2,365
7,16,RCL,246,261,16,1,362
7,16,"GC,RCL,RS",262,262,1,3,296
7,16,"RCL,RS",263,264,2,2,365
7,16,RCL,265,268,4,1,362
7,16,none,269,274,6,0,336
7,16,RS,275,279,5,1,368
7,17,RS,46,46,1,1,368
7,17,none,47,58,12,0,336
7,17,RS,59,70,12,1,368
7,17,none,71,74,4,0,336
7,17,RS,75,76,2,1,368
7,17,"RCL,RS",77,85,9,2,365
7,17,RCL,86,91,6,1,362
7,17,"RCL,RS",92,94,3,2,365
7,17,RCL,95,96,2,1,362
7,17,RP,97,100,4,1,366
7,17,none,101,101,1,0,336
7,17,RCL,102,107,6,1,362
7,17,"RCL,RS",108,108,1,2,365
7,17,RCL,109,136,28,1,362
7,17,"GC,RCL",137,138,2,2,295
7,17,RCL,139,144,6,1,362
7,17,"BW,RCL",145,145,1,2,267
7,17,RCL,146,154,9,1,362
7,17,"BW,RCL",155,156,2,2,267
7,17,"BV,BW,RCL",157,157,1,3,185
7,17,"BV,RCL",158,159,2,2,213
7,17,"BV,GC,RCL",160,160,1,3,196
7,17,"BV,RCL",161,161,1,2,213
7,17,RCL,162,163,2,1,362
7,17,"RCA,RCL",164,164,1,2,359
7,17,"GC,RCL",165,165,1,2,295
7,17,RCL,166,171,6,1,362
7,17,"GC,RCL",172,172,1,2,295
7,17,"BV,BW,GC,HV,RCL",173,174,2,5,164
7,17,"GC,HV,RCL",175,179,5,3,289
7,17,"GC,RCL",180,182,3,2,295
7,17,"GC,RCA,RCL",183,183,1,3,293
7,17,"GC,HV,RCL",184,184,1,3,289
7,17,"BW,GC,RCL",185,190,6,3,231
7,17,"BW,GC,HV,RCL",191,191,1,4,226
7,17,"BW,HV,RCL",192,192,1,3,248
7,17,"BW,RCL",193,202,10,2,267
7,17,RCL,203,267,65,1,362
7,17,"RCL,RS",268,272,5,2,365
7,17,RCL,273,274,2,1,362
7,17,none,275,293,19,0,336
7,17,RS,294,294,1,1,368
7,17,none,295,320,26,0,336
7,17,RS,321,321,1,1,368
7,18,RS,54,58,5,1,368
7,18,none,59,62,4,0,336
7,18,RS,63,72,10,1,368
7,18,"RP,RS",73,77,5,2,367
7,18,"PC,RP,RS",78,78,1,3,348
7,18,"RP,RS",79,85,7,2,367
7,18,"PC,RP,RS",86,95,10,3,348
7,18,RS,96,101,6,1,368
7,18,"RCL,RS",102,110,9,2,365
7,18,RCL,111,113,3,1,362
7,18,"PC,RCL",114,114,1,2,344
7,18,"PC,RCL,RS",115,115,1,3,346
7,18,"RCL,RS",116,116,1,2,365
7,18,"BW,HV,RCL,RS",117,118,2,4,251
7,18,"BV,BW,HV,RCL,RS",119,119,1,5,180
7,18,"RCL,RS",120,126,7,2,365
7,18,RCL,127,132,6,1,362
7,18,"RCL,RS",133,133,1,2,365
7,18,RCL,134,138,5,1,362
7,18,"RCL,RS",139,139,1,2,365
7,18,RCL,140,145,6,1,362
7,18,"BW,RCL",146,147,2,2,267
7,18,RCL,148,154,7,1,362
7,18,"AC,RCL",155,155,1,2,150
7,18,RCL,156,157,2,1,362
7,18,"BW,RCL",158,159,2,2,267
7,18,"BV,BW,RCL",160,160,1,3,185
7,18,RCL,161,168,8,1,362
7,18,"BW,HV,RCL",169,170,2,3,248
7,18,"BV,BW,GC,HV,RCL",171,171,1,5,164
7,18,"BV,RCL",172,172,1,2,213
7,18,RCL,173,185,13,1,362
7,18,"RCA,RCL",186,189,4,2,359
7,18,RCL,190,197,8,1,362
7,18,"BW,RCL",198,202,5,2,267
7,18,RCL,203,216,14,1,362
7,18,"RCA,RCL",217,217,1,2,359
7,18,RCL,218,219,2,1,362
7,18,"BW,RCL",220,221,2,2,267
7,18,"RCA,RCL",222,222,1,2,359
7,18,RCL,223,268,46,1,362
7,18,"RCL,RS",269,269,1,2,365
7,18,RCL,270,278,9,1,362
7,18,none,279,282,4,0,336
7,18,RCL,283,283,1,1,362
7,19,RCL,93,99,7,1,362
7,19,none,100,108,9,0,336
7,19,RCL,109,126,18,1,362
7,19,"BW,RCL",127,127,1,2,267
7,19,RCL,128,138,11,1,362
7,19,"BW,RCL",139,140,2,2,267
7,19,RCL,141,143,3,1,362
7,19,"RCA,RCL",144,144,1,2,359
7,19,RCL,145,145,1,1,362
7,19,"BW,RCL",146,146,1,2,267
7,19,"BW,HV,RCL",147,147,1,3,248
7,19,"HV,RCL",148,151,4,2,330
7,19,"BW,HV,RCL",152,152,1,3,248
7,19,"BW,HV,RCA,RCL",153,153,1,4,246
7,19,"HV,RCA,RCL",154,154,1,3,327
7,19,"HV,RCL",155,156,2,2,330
7,19,RCL,157,158,2,1,362
7,19,"RCA,RCL",159,161,3,2,359
7,19,"GC,RCA,RCL",162,165,4,3,293
7,19,"BV,GC,HV,RCA,RCL",166,166,1,5,191
7,19,"GC,HV,RCA,RCL",167,170,4,4,287
7,19,"GC,RCA,RCL",171,171,1,3,293
7,19,"PT,RCA,RCL",172,172,1,3,351
7,19,RCL,173,178,6,1,362
7,19,"BW,GC,RCL",179,186,8,3,231
7,19,"GC,RCL",187,190,4,2,295
7,19,RCL,191,194,4,1,362
7,19,"GC,RCL",195,199,5,2,295
7,19,"GC,RCA,RCL",200,200,1,3,293
7,19,"GC,RCL",201,218,18,2,295
7,19,RCL,219,270,52,1,362
7,19,"RCL,RS",271,271,1,2,365
7,19,RCL,272,272,1,1,362
7,19,"RCA,RCL",273,273,1,2,359
7,19,RCL,274,275,2,1,362
7,19,none,276,291,16,0,336
7,19,RCL,292,292,1,1,362
7,19,none,293,295,3,0,336
7,19,RS,296,296,1,1,368
7,19,none,297,301,5,0,336
7,19,RS,302,302,1,1,368
7,19,none,303,314,12,0,336
7,19,RS,315,315,1,1,368
7,19,none,316,318,3,0,336
7,19,RCL,319,319,1,1,362
7,19,none,320,350,31,0,336
7,19,RCL,351,351,1,1,362
7,20,RS,61,87,27,1,368
7,20,"PC,RS",88,88,1,2,349
7,20,RS,89,98,10,1,368
7,20,"RCL,RS",99,117,19,2,365
7,20,RCL,118,123,6,1,362
7,20,"RCL,RS",124,124,1,2,365
7,20,RCL,125,166,42,1,362
7,20,"GC,RCL",167,167,1,2,295
7,20,RCL,168,202,35,1,362
7,20,"RCA,RCL",203,203,1,2,359
7,20,"GC,RCL",204,205,2,2,295
7,20,RCL,206,209,4,1,362
7,20,"RCA,RCL",210,210,1,2,359
7,20,RCL,211,241,31,1,362
7,20,"RCL,RS",242,242,1,2,365
7,20,RCL,243,253,11,1,362
7,20,"RCL,RS",254,258,5,2,365
7,20,RCL,259,268,10,1,362
7,20,"RCL,RS",269,269,1,2,365
7,20,RCL,270,270,1,1,362
7,20,none,271,275,5,0,336
7,20,RS,276,276,1,1,368
7,20,none,277,280,4,0,336
7,20,RS,281,281,1,1,368
7,20,RCL,282,282,1,1,362
7,20,none,283,285,3,0,336
7,20,RS,286,287,2,1,368
7,20,none,288,298,11,0,336
7,20,RS,299,299,1,1,368
7,21,RS,45,60,16,1,368
7,21,"PC,RS",61,61,1,2,349
7,21,RS,62,66,5,1,368
7,21,none,67,80,14,0,336
7,21,PC,81,81,1,1,337
7,21,"PC,RS",82,83,2,2,349
7,21,RS,84,88,5,1,368
7,21,"PC,RS",89,101,13,2,349
7,21,RS,102,102,1,1,368
7,21,none,103,110,8,0,336
7,21,RS,111,111,1,1,368
7,21,none,112,115,4,0,336
7,21,RCL,116,119,4,1,362
7,21,RS,120,125,6,1,368
7,21,none,126,129,4,0,336
7,21,RCL,130,130,1,1,362
7,21,"AC,RCL",131,131,1,2,150
7,21,RCL,132,134,3,1,362
7,21,none,135,141,7,0,336
7,21,RCL,142,148,7,1,362
7,21,"BW,HC,HV,RCL",149,149,1,4,236
7,21,"BW,HV,RCL",150,150,1,3,248
7,21,"HV,RCL,RS",151,154,4,3,332
7,21,"HV,RCL",155,156,2,2,330
7,21,"BW,HV,RCL",157,157,1,3,248
7,21,RCL,158,161,4,1,362
7,21,"BW,RCL",162,162,1,2,267
7,21,"BW,GC,HV,RCL",163,163,1,4,226
7,21,"BW,GC,RCL",164,165,2,3,231
7,21,"BW,RCL",166,167,2,2,267
7,21,"BW,RCA,RCL",168,169,2,3,265
7,21,"BW,GC,HV,RCA,RCL",170,172,3,5,224
7,21,"BV,BW,GC,HV,RCA,RCL",173,173,1,6,162
7,21,"BW,GC,HV,RCA,RCL",174,174,1,5,224
7,21,"BW,GC,RCA,RCL",175,179,5,4,229
7,21,"BV,BW,GC,RCA,RCL",180,186,7,5,167
7,21,"BW,GC,HV,RCA,RCL",187,191,5,5,224
7,21,"BV,BW,GC,RCA,RCL",192,193,2,5,167
7,21,"BV,BW,RCA,RCL",194,194,1,4,184
7,21,"BW,RCL",195,200,6,2,267
7,21,"BV,BW,GC,HV,RCL",201,201,1,5,164
7,21,"BW,GC,RCL",202,203,2,3,231
7,21,"BW,GC,RCA,RCL",204,207,4,4,229
7,21,"GC,RCA,RCL",208,225,18,3,293
7,21,"GC,RCL",226,226,1,2,295
7,21,RCL,227,234,8,1,362
7,21,"RCL,RS",235,235,1,2,365
7,21,RCL,236,254,19,1,362
7,21,"RCL,RS",255,255,1,2,365
7,21,RCL,256,262,7,1,362
7,21,"RCL,RS",263,263,1,2,365
7,21,RCL,264,269,6,1,362
7,21,RS,270,283,14,1,368
7,21,none,284,293,10,0,336
7,21,RS,294,296,3,1,368
7,21,none,297,302,6,0,336
7,21,RS,303,304,2,1,368
7,21,none,305,312,8,0,336
7,21,RS,313,313,1,1,368
7,21,none,314,324,11,0,336
7,21,RS,325,330,6,1,368
7,21,none,331,338,8,0,336
7,21,RS,339,339,1,1,368
7,21,none,340,345,6,0,336
7,21,RS,346,346,1,1,368
7,21,none,347,350,4,0,336
7,21,RS,351,351,1,1,368
7,21,none,352,360,9,0,336
7,21,RS,361,362,2,1,368
7,22,RS,26,26,1,1,368
7,22,none,27,58,32,0,336
7,22,PC,59,59,1,1,337
7,22,none,60,72,13,0,336
7,22,RS,73,86,14,1,368
7,22,"PC,RS",87,90,4,2,349
7,22,RS,91,95,5,1,368
7,22,"PC,RS",96,113,18,2,349
7,22,RS,114,115,2,1,368
7,22,"RCL,RS",116,117,2,2,365
7,22,RCL,118,134,17,1,362
7,22,"RCA,RCL",135,139,5,2,359
7,22,RCL,140,145,6,1,362
7,22,"BW,RCL",146,146,1,2,267
7,22,RCL,147,148,2,1,362
7,22,"BV,RCL",149,149,1,2,213
7,22,"RCA,RCL",150,153,4,2,359
7,22,"BW,RCA,RCL",154,154,1,3,265
7,22,"BW,GC,RCA,RCL",155,155,1,4,229
7,22,"RCA,RCL",156,174,19,2,359
7,22,"BW,RCA,RCL",175,176,2,3,265
7,22,"RCA,RCL",177,182,6,2,359
7,22,"BV,RCA,RCL",183,183,1,3,212
7,22,"RCA,RCL",184,185,2,2,359
7,22,RCL,186,191,6,1,362
7,22,"RCA,RCL",192,196,5,2,359
7,22,RCL,197,208,12,1,362
7,22,"RCA,RCL",209,209,1,2,359
7,22,RCL,210,239,30,1,362
7,22,"RCL,RS",240,240,1,2,365
7,22,RCL,241,256,16,1,362
7,22,"GC,RCL",257,263,7,2,295
7,22,RCL,264,274,11,1,362
7,22,none,275,276,2,0,336
7,22,RS,277,288,12,1,368
7,22,"RCL,RS",289,289,1,2,365
7,22,none,290,297,8,0,336
7,22,RS,298,298,1,1,368
7,22,none,299,304,6,0,336
7,22,RS,305,306,2,1,368
7,22,none,307,309,3,0,336
7,22,RCL,310,310,1,1,362
7,22,none,311,319,9,0,336
7,22,RS,320,320,1,1,368
7,23,RCL,25,25,1,1,362
7,23,none,26,62,37,0,336
7,23,RS,63,84,22,1,368
7,23,none,85,86,2,0,336
7,23,"HV,PC",87,87,1,2,314
7,23,PC,88,88,1,1,337
7,23,"PC,RCL",89,89,1,2,344
7,23,"PC,RCL,RS",90,92,3,3,346
7,23,"PC,RCL",93,97,5,2,344
7,23,RCL,98,102,5,1,362
7,23,none,103,107,5,0,336
7,23,"RCL,RP",108,111,4,2,363
7,23,RCL,112,118,7,1,362
7,23,"BW,RCL",119,119,1,2,267
7,23,"RCA,RCL",120,120,1,2,359
7,23,RCL,121,151,31,1,362
7,23,"GC,RCL",152,153,2,2,295
7,23,RCL,154,158,5,1,362
7,23,"GC,RCL",159,165,7,2,295
7,23,"BW,GC,RCL",166,166,1,3,231
7,23,RCL,167,170,4,1,362
7,23,"BW,RCL",171,172,2,2,267
7,23,"BW,GC,RCL",173,175,3,3,231
7,23,"BW,RCL",176,178,3,2,267
7,23,RCL,179,183,5,1,362
7,23,"BW,RCL",184,185,2,2,267
7,23,RCL,186,189,4,1,362
7,23,"GC,RCL",190,191,2,2,295
7,23,"BW,HV,RCL",192,192,1,3,248
7,23,"BW,RCL",193,197,5,2,267
7,23,"GC,RCL",198,198,1,2,295
7,23,RCL,199,203,5,1,362
7,23,"BW,RCL",204,211,8,2,267
7,23,RCL,212,272,61,1,362
7,23,"RCL,RS",273,275,3,2,365
7,23,RS,276,276,1,1,368
7,23,none,277,356,80,0,336
7,23,RS,357,357,1,1,368
7,24,RCL,38,38,1,1,362
7,24,none,39,88,50,0,336
7,24,RCL,89,131,43,1,362
7,24,"BW,RCL",132,133,2,2,267
7,24,RCL,134,141,8,1,362
7,24,"BW,RCL",142,143,2,2,267
7,24,RCL,144,147,4,1,362
7,24,"GC,RCL",148,148,1,2,295
7,24,RCL,149,155,7,1,362
7,24,"GC,RCL",156,158,3,2,295
7,24,RCL,159,162,4,1,362
7,24,"GC,RCL",163,171,9,2,295
7,24,"GC,HV,RCL",172,172,1,3,289
7,24,"GC,RCL",173,174,2,2,295
7,24,RCL,175,181,7,1,362
7,24,"BV,GC,RCL",182,187,6,3,196
7,24,"GC,RCL",188,193,6,2,295
7,24,RCL,194,217,24,1,362
7,24,"GC,RCL",218,220,3,2,295
7,24,RCL,221,261,41,1,362
7,24,"RCL,RS",262,262,1,2,365
7,24,RCL,263,273,11,1,362
7,24,"RCL,RS",274,275,2,2,365
7,24,none,276,304,29,0,336
7,24,RCL,305,305,1,1,362
7,24,none,306,313,8,0,336
7,24,RS,314,314,1,1,368
7,24,none,315,320,6,0,336
7,24,RS,321,321,1,1,368
7,24,none,322,337,16,0,336
7,24,"RCL,RS",338,338,1,2,365
8,1,PT,59,59,1,1,350
8,1,none,60,64,5,0,336
8,1,PT,65,70,6,1,350
8,1,"PT,RS",71,73,3,2,357
8,1,PT,74,78,5,1,350
8,1,"PT,RS",79,79,1,2,357
8,1,PT,80,80,1,1,350
8,1,"PC,PT",81,81,1,2,338
8,1,PC,82,83,2,1,337
8,1,none,84,85,2,0,336
8,1,PT,86,90,5,1,350
8,1,none,91,107,17,0,336
8,1,BW,108,109,2,1,216
8,1,none,110,119,10,0,336
8,1,BW,120,120,1,1,216
8,1,none,121,127,7,0,336
8,1,RCL,128,128,1,1,362
8,1,"AC,RCL",129,129,1,2,150
8,1,"AC,BW,HV,RCL",130,130,1,4,93
8,1,"AC,BW,RCL",131,132,2,3,97
8,1,"AC,RCL",133,137,5,2,150
8,1,"AC,BW,RCL",138,139,2,3,97
8,1,"AC,RCL",140,146,7,2,150
8,1,"AC,BW,RCL",147,148,2,3,97
8,1,"AC,BV,BW,RCL",149,149,1,4,43
8,1,"AC,RCL",150,154,5,2,150
8,1,"AC,BW,RCL",155,155,1,3,97
8,1,"AC,BV,BW,RCL",156,157,2,4,43
8,1,"AC,BV,BW,HV,RCL",158,158,1,5,38
8,1,"AC,BV,BW,RCL",159,162,4,4,43
8,1,"AC,BV,BW,HC,RCL",163,163,1,5,31
8,1,"AC,BV,BW,RCL",164,167,4,4,43
8,1,"AC,BW,RCL",168,173,6,3,97
8,1,"AC,BV,BW,HC,RCL",174,176,3,5,31
8,1,"AC,HC,RCL",177,180,4,3,133
8,1,"AC,HC,HV,RCL",181,181,1,4,127
8,1,"AC,HC,RCL",182,183,2,3,133
8,1,"AC,BW,HC,RCL",184,185,2,4,89
8,1,"AC,BV,BW,HC,RCL",186,187,2,5,31
8,1,"AC,BV,BW,HC,HV,RCA,RCL",188,188,1,7,24
8,1,"AC,BV,BW,HC,HV,RCL",189,198,10,6,26
8,1,"AC,BV,HC,RCL",199,199,1,4,61
8,1,"AC,HC,RCL",200,208,9,3,133
8,1,"AC,BW,HC,RCL",209,209,1,4,89
8,1,"AC,BV,HC,RCL",210,210,1,4,61
8,1,"AC,HC,RCL",211,211,1,3,133
8,1,none,212,218,7,0,336
8,1,"AC,HC,RCL",219,220,2,3,133
8,1,"AC,RCL",221,253,33,2,150
8,1,none,254,288,35,0,336
8,1,RS,289,297,9,1,368
8,1,none,298,302,5,0,336
8,1,RS,303,303,1,1,368
8,1,none,304,329,26,0,336
8,1,RS,330,330,1,1,368
8,2,PT,55,56,2,1,350
8,2,RS,57,57,1,1,368
8,2,none,58,63,6,0,336
8,2,PT,64,67,4,1,350
8,2,none,68,75,8,0,336
8,2,RS,76,76,1,1,368
8,2,"PT,RS",77,79,3,2,357
8,2,RS,80,82,3,1,368
8,2,none,83,86,4,0,336
8,2,"PC,RS",87,87,1,2,349
8,2,none,88,91,4,0,336
8,2,PC,92,92,1,1,337
8,2,"PC,RS",93,99,7,2,349
8,2,PC,100,103,4,1,337
8,2,none,104,109,6,0,336
8,2,PC,110,110,1,1,337
8,2,none,111,113,3,0,336
8,2,RCL,114,114,1,1,362
8,2,"BW,RCL",115,118,4,2,267
8,2,"BW,RCL,RS",119,119,1,3,269
8,2,RCL,120,124,5,1,362
8,2,"BW,RCL",125,127,3,2,267
8,2,"AC,BW,RCL",128,129,2,3,97
8,2,"AC,RCL",130,130,1,2,150
8,2,"AC,RCA,RCL",131,140,10,3,149
8,2,none,141,147,7,0,336
8,2,"AC,BV,BW,RCA,RCL",148,148,1,5,41
8,2,"AC,BW,RCA,RCL",149,152,4,4,96
8,2,"AC,BW,HC,RCA,RCL",153,154,2,5,88
8,2,none,155,175,21,0,336
8,2,"AC,BV,BW,HC,RCL",176,176,1,5,31
8,2,"AC,BV,BW,HC,RCA,RCL",177,178,2,6,30
8,2,"AC,BV,HC,RCA,RCL",179,181,3,5,60
8,2,"AC,HC,RCA,RCL",182,189,8,4,131
8,2,"AC,HC,RCL",190,190,1,3,133
8,2,"AC,RCL",191,194,4,2,150
8,2,"AC,BV,RCL",195,195,1,3,67
8,2,"AC,BV,BW,RCL",196,196,1,4,43
8,2,"AC,BV,BW,HC,RCL",197,197,1,5,31
8,2,"AC,HC,RCL",198,200,3,3,133
8,2,"AC,RCL",201,205,5,2,150
8,2,"AC,HC,RCL",206,206,1,3,133
8,2,"AC,BW,RCL",207,209,3,3,97
8,2,"AC,RCL",210,211,2,2,150
8,2,"AC,HC,RCL",212,212,1,3,133
8,2,"AC,HC,RCA,RCL",213,215,3,4,131
8,2,"AC,HC,RCL",216,217,2,3,133
8,2,none,218,224,7,0,336
8,2,"AC,HC,RCL",225,225,1,3,133
8,2,"AC,HC,HV,RCA,RCL",226,226,1,5,124
8,2,"AC,HC,RCA,RCL",227,231,5,4,131
8,2,"AC,HC,RCL",232,232,1,3,133
8,2,"AC,RCL",233,237,5,2,150
8,2,"AC,HC,RCA,RCL",238,238,1,4,131
8,2,"AC,RCL",239,244,6,2,150
8,2,"AC,RCA,RCL",245,245,1,3,149
8,2,"AC,RCL,RS",246,246,1,3,151
8,2,"AC,RCL",247,247,1,2,150
8,2,RCL,248,275,28,1,362
8,2,none,276,299,24,0,336
8,2,RS,300,300,1,1,368
8,2,none,301,321,21,0,336
8,2,RCA,322,322,1,1,358
8,3,PT,11,12,2,1,350
8,3,none,13,67,55,0,336
8,3,PT,68,73,6,1,350
8,3,none,74,104,31,0,336
8,3,PT,105,105,1,1,350
8,3,none,106,109,4,0,336
8,3,RCL,110,112,3,1,362
8,3,RCA,113,113,1,1,358
8,3,none,114,117,4,0,336
8,3,RCL,118,120,3,1,362
8,3,"BW,RCL",121,123,3,2,267
8,3,RCL,124,128,5,1,362
8,3,"RCA,RCL",129,132,4,2,359
8,3,none,133,139,7,0,336
8,3,"AC,RCA,RCL",140,140,1,3,149
8,3,"AC,BW,HC,RCA,RCL",141,141,1,5,88
8,3,"AC,BW,RCA,RCL",142,150,9,4,96
8,3,"AC,BW,HC,RCA,RCL",151,151,1,5,88
8,3,"AC,BW,RCA,RCL",152,154,3,4,96
8,3,none,155,167,13,0,336
8,3,"AC,RCA,RCL",168,170,3,3,149
8,3,"AC,RCL",171,195,25,2,150
8,3,"AC,HC,RCL",196,197,2,3,133
8,3,"AC,BW,HC,HV,RCL",198,198,1,5,86
8,3,"AC,HC,HV,RCL",199,200,2,4,127
8,3,"AC,HC,HV,RCA,RCL",201,202,2,5,124
8,3,"AC,BW,HV,RCA,RCL",203,203,1,5,91
8,3,"AC,HV,RCA,RCL",204,207,4,4,139
8,3,"AC,RCL",208,208,1,2,150
8,3,"AC,BW,HC,RCL",209,209,1,4,89
8,3,"AC,BV,BW,HC,RCL",210,210,1,5,31
8,3,"AC,BW,RCL",211,214,4,3,97
8,3,"AC,BW,RCA,RCL",215,216,2,4,96
8,3,"AC,BW,HV,RCL",217,217,1,4,93
8,3,"AC,BW,HC,HV,RCL",218,218,1,5,86
8,3,"AC,HC,HV,RCL",219,219,1,4,127
8,3,"AC,HC,RCL",220,220,1,3,133
8,3,"AC,HC,RCA,RCL",221,222,2,4,131
8,3,"AC,RCA,RCL",223,226,4,3,149
8,3,"AC,HC,RCA,RCL",227,227,1,4,131
8,3,"AC,RCA,RCL",228,230,3,3,149
8,3,"AC,HV,RCA,RCL",231,231,1,4,139
8,3,"AC,RCA,RCL",232,233,2,3,149
8,3,"AC,BW,RCA,RCL",234,235,2,4,96
8,3,"AC,RCL",236,254,19,2,150
8,3,"AC,RCA,RCL",255,255,1,3,149
8,3,RCL,256,279,24,1,362
8,3,none,280,314,35,0,336
8,3,RCL,315,315,1,1,362
8,4,PT,52,52,1,1,350
8,4,none,53,73,21,0,336
8,4,PT,74,96,23,1,350
8,4,none,97,103,7,0,336
8,4,RCL,104,104,1,1,362
8,4,"BW,RCL",105,105,1,2,267
8,4,"BW,RCA,RCL",106,106,1,3,265
8,4,"BW,RCL",107,107,1,2,267
8,4,RCL,108,112,5,1,362
8,4,"RCA,RCL",113,113,1,2,359
8,4,RCL,114,114,1,1,362
8,4,"BW,RCL",115,115,1,2,267
8,4,RCL,116,117,2,1,362
8,4,"RCA,RCL",118,120,3,2,359
8,4,"BW,RCA,RCL",121,122,2,3,265
8,4,"RCA,RCL",123,127,5,2,359
8,4,RCL,128,130,3,1,362
8,4,"PT,RCL",131,131,1,2,352
8,4,RCL,132,132,1,1,362
8,4,"RCA,RCL",133,133,1,2,359
8,4,"BW,RCA,RCL",134,136,3,3,265
8,4,"RCA,RCL",137,139,3,2,359
8,4,"AC,RCA,RCL",140,140,1,3,149
8,4,"RCA,RCL",141,142,2,2,359
8,4,"BV,BW,HV,RCA,RCL",143,143,1,5,177
8,4,"BV,BW,RCA,RCL",144,144,1,4,184
8,4,"AC,BV,BW,RCA,RCL",145,147,3,5,41
8,4,"AC,BV,BW,HC,RCA,RCL",148,148,1,6,30
8,4,"AC,BV,RCA,RCL",149,150,2,4,66
8,4,"AC,BV,HV,RCA,RCL",151,152,2,5,63
8,4,"AC,BV,BW,HV,RCA,RCL",153,156,4,6,36
8,4,"AC,BW,HV,RCA,RCL",157,159,3,5,91
8,4,"AC,BW,HC,HV,RCA,RCL",160,163,4,6,85
8,4,"AC,BV,BW,HC,HV,RCA,RCL",164,164,1,7,24
8,4,"AC,BW,HC,HV,RCA,RCL",165,165,1,6,85
8,4,"AC,BW,HC,RCA,RCL",166,166,1,5,88
8,4,"AC,BW,RCA,RCL",167,171,5,4,96
8,4,"AC,BV,BW,RCA,RCL",172,172,1,5,41
8,4,"AC,BV,BW,HC,HV,RCA,RCL",173,173,1,7,24
8,4,"AC,BW,HV,RCA,RCL",174,178,5,5,91
8,4,"AC,BW,RCA,RCL",179,179,1,4,96
8,4,"AC,BV,BW,GC,HC,RCA,RCL",180,180,1,7,10
8,4,"AC,BV,BW,HC,RCA,RCL",181,182,2,6,30
8,4,"AC,HC,RCA,RCL",183,183,1,4,131
8,4,"AC,RCA,RCL",184,186,3,3,149
8,4,"AC,BW,HV,RCA,RCL",187,187,1,5,91
8,4,"AC,BV,BW,HV,RCA,RCL",188,188,1,6,36
8,4,"AC,BV,BW,HC,HV,RCA,RCL",189,189,1,7,24
8,4,"AC,BV,BW,HC,RCA,RCL",190,190,1,6,30
8,4,"AC,BW,HC,RCA,RCL",191,197,7,5,88
8,4,"AC,BW,GC,HC,RCL",198,198,1,5,76
8,4,"AC,BW,RCL",199,201,3,3,97
8,4,"AC,BW,HV,RCL",202,208,7,4,93
8,4,"AC,BV,BW,HV,RCL",209,209,1,5,38
8,4,"AC,RCL",210,215,6,2,150
8,4,"AC,HC,RCL",216,237,22,3,133
8,4,"AC,RCL",238,250,13,2,150
8,4,"AC,RCA,RCL",251,251,1,3,149
8,4,"RCA,RCL",252,252,1,2,359
8,4,RCL,253,253,1,1,362
8,4,none,254,282,29,0,336
8,4,RS,283,284,2,1,368
8,4,none,285,289,5,0,336
8,4,RS,290,290,1,1,368
8,4,none,291,298,8,0,336
8,4,RS,299,299,1,1,368
8,5,PC,82,104,23,1,337
8,5,none,105,105,1,0,336
8,5,RCL,106,107,2,1,362
8,5,"PT,RCL",108,108,1,2,352
8,5,RCL,109,116,8,1,362
8,5,"BW,RCL",117,121,5,2,267
8,5,RCL,122,124,3,1,362
8,5,"RCA,RCL",125,125,1,2,359
8,5,"BW,RCA,RCL",126,127,2,3,265
8,5,"RCA,RCL",128,133,6,2,359
8,5,"AC,RCA,RCL",134,134,1,3,149
8,5,"RCA,RCL",135,135,1,2,359
8,5,"BW,RCA,RCL",136,136,1,3,265
8,5,"BV,BW,RCA,RCL",137,138,2,4,184
8,5,"AC,RCA,RCL",139,155,17,3,149
8,5,"AC,BV,BW,RCA,RCL",156,158,3,5,41
8,5,"AC,BV,RCA,RCL",159,159,1,4,66
8,5,"AC,RCA,RCL",160,166,7,3,149
8,5,"AC,HC,RCA,RCL",167,168,2,4,131
8,5,"AC,BW,HC,RCA,RCL",169,169,1,5,88
8,5,"AC,BV,BW,HC,RCA,RCL",170,170,1,6,30
8,5,"AC,BW,HC,RCA,RCL",171,171,1,5,88
8,5,"AC,BW,RCA,RCL",172,176,5,4,96
8,5,"AC,BV,BW,RCA,RCL",177,177,1,5,41
8,5,"AC,BV,BW,HC,RCA,RCL",178,178,1,6,30
8,5,"AC,BV,HC,RCA,RCL",179,179,1,5,60
8,5,"AC,HC,RCA,RCL",180,181,2,4,131
8,5,"AC,RCL",182,185,4,2,150
8,5,"AC,BV,RCL",186,186,1,3,67
8,5,"AC,BV,BW,HC,HV,RCA,RCL",187,187,1,7,24
8,5,"AC,BV,HC,RCA,RCL",188,188,1,5,60
8,5,"AC,HC,RCL",189,192,4,3,133
8,5,"AC,BV,HC,RCA,RCL",193,194,2,5,60
8,5,"AC,HC,RCA,RCL",195,195,1,4,131
8,5,"AC,BW,RCA,RCL",196,196,1,4,96
8,5,"AC,RCA,RCL",197,199,3,3,149
8,5,"AC,RCL",200,201,2,2,150
8,5,"AC,HC,RCL",202,208,7,3,133
8,5,"AC,HC,RCA,RCL",209,209,1,4,131
8,5,"AC,HC,RCL",210,235,26,3,133
8,5,"AC,RCL",236,247,12,2,150
8,5,"AC,HV,RCL",248,248,1,3,141
8,5,"AC,RCL",249,256,8,2,150
8,5,RCL,257,264,8,1,362
8,5,none,265,280,16,0,336
8,5,RS,281,281,1,1,368
8,5,none,282,283,2,0,336
8,5,RCA,284,284,1,1,358
8,5,none,285,293,9,0,336
8,5,RS,294,294,1,1,368
8,6,RS,54,63,10,1,368
8,6,none,64,71,8,0,336
8,6,RS,72,73,2,1,368
8,6,"PC,RS",74,74,1,2,349
8,6,none,75,79,5,0,336
8,6,PC,80,81,2,1,337
8,6,"PC,RS",82,86,5,2,349
8,6,PC,87,96,10,1,337
8,6,none,97,105,9,0,336
8,6,PC,106,106,1,1,337
8,6,none,107,113,7,0,336
8,6,PC,114,114,1,1,337
8,6,"BW,PC",115,115,1,2,254
8,6,"BW,HV,RS",116,116,1,3,253
8,6,"BV,BW,HV,RS",117,117,1,4,181
8,6,"BV,BW,HV",118,118,1,3,175
8,6,RCA,119,124,6,1,358
8,6,"AC,RCA",125,133,9,2,148
8,6,"AC,BV,BW,HC,RCA",134,138,5,5,29
8,6,"AC,BV,BW,HC,HV,RCA",139,139,1,6,23
8,6,"AC,BV,BW,HC,HV,RCA,RCL",140,141,2,7,24
8,6,"AC,RCA,RCL",142,147,6,3,149
8,6,"AC,BW,HV,RCA,RCL",148,148,1,5,91
8,6,"AC,BV,BW,HC,HV,RCA,RCL",149,150,2,7,24
8,6,"AC,BW,RCA,RCL",151,154,4,4,96
8,6,"AC,BV,BW,HC,HV,RCA,RCL",155,156,2,7,24
8,6,"AC,RCA,RCL",157,165,9,3,149
8,6,"AC,BW,RCA,RCL",166,166,1,4,96
8,6,"AC,RCA,RCL",167,168,2,3,149
8,6,"AC,HC,RCA,RCL",169,169,1,4,131
8,6,"AC,RCA,RCL",170,171,2,3,149
8,6,"AC,BW,RCA,RCL",172,172,1,4,96
8,6,"AC,BV,BW,RCA,RCL",173,173,1,5,41
8,6,"AC,BV,BW,HC,RCA,RCL",174,176,3,6,30
8,6,"AC,BV,BW,RCA,RCL",177,180,4,5,41
8,6,"AC,BV,BW,HC,RCA,RCL",181,182,2,6,30
8,6,"AC,HC,RCA,RCL",183,183,1,4,131
8,6,"AC,HC,RCA",184,192,9,3,130
8,6,"AC,HC",193,193,1,2,121
8,6,AC,194,194,1,1,1
8,6,"AC,BW",195,195,1,2,69
8,6,"AC,BV,BW",196,196,1,3,3
8,6,"AC,BV,BW,RCL",197,197,1,4,43
8,6,"AC,HC,RCA,RCL",198,199,2,4,131
8,6,"AC,RCA,RCL",200,202,3,3,149
8,6,"AC,RCL",203,206,4,2,150
8,6,"AC,RCA,RCL",207,207,1,3,149
8,6,"AC,RCL",208,208,1,2,150
8,6,AC,209,213,5,1,1
8,6,"AC,RCA,RCL",214,214,1,3,149
8,6,"AC,RCL",215,218,4,2,150
8,6,"AC,HC,RCL",219,220,2,3,133
8,6,"AC,RCL",221,233,13,2,150
8,6,"AC,BW,RCL",234,234,1,3,97
8,6,"AC,BV,BW,GC,HV,RCL",235,235,1,6,15
8,6,"AC,BV,GC,HC,HV,RCL",236,236,1,6,47
8,6,"AC,HC,HV,RCL",237,237,1,4,127
8,6,"AC,HC,RCL",238,245,8,3,133
8,6,"AC,GC,HC,HV,RCL",246,246,1,5,104
8,6,"AC,GC,HC,RCL",247,248,2,4,108
8,6,"AC,HC,RCL",249,253,5,3,133
8,6,"AC,RCL",254,266,13,2,150
8,6,AC,267,268,2,1,1
8,7,RS,82,82,1,1,368
8,7,none,83,93,11,0,336
8,7,PC,94,94,1,1,337
8,7,none,95,95,1,0,336
8,7,BW,96,97,2,1,216
8,7,RS,98,101,4,1,368
8,7,none,102,105,4,0,336
8,7,BW,106,106,1,1,216
8,7,"BW,RS",107,107,1,2,272
8,7,BW,108,108,1,1,216
8,7,none,109,110,2,0,336
8,7,RCL,111,112,2,1,362
8,7,"RCL,RS",113,113,1,2,365
8,7,"BW,RCL",114,114,1,2,267
8,7,RCL,115,120,6,1,362
8,7,none,121,217,97,0,336
8,7,"AC,RCL",218,218,1,2,150
8,7,"AC,HC,RCL",219,219,1,3,133
8,7,"AC,HC,HV,RCL",220,222,3,4,127
8,7,"AC,BW,HC,HV,RCL",223,223,1,5,86
8,7,"AC,HC,HV,RCL",224,228,5,4,127
8,7,"AC,HC,RCL",229,233,5,3,133
8,7,"AC,RCL",234,237,4,2,150
8,7,"AC,BW,HC,RCL",238,238,1,4,89
8,7,"AC,HC,RCL",239,251,13,3,133
8,7,"HC,RCL",252,252,1,2,310
8,7,RCL,253,305,53,1,362
8,8,"PC,RS",74,80,7,2,349
8,8,"PC,PT,RP,RS",81,81,1,4,340
8,8,"PC,RP,RS",82,83,2,3,348
8,8,"PC,RP",84,87,4,2,347
8,8,none,88,94,7,0,336
8,8,PC,95,95,1,1,337
8,8,"PC,PT",96,99,4,2,338
8,8,none,100,112,13,0,336
8,8,RCL,113,113,1,1,362
8,8,"BW,RCL",114,115,2,2,267
8,8,RCL,116,121,6,1,362
8,8,"PT,RCL",122,124,3,2,352
8,8,"AC,RCL",125,125,1,2,150
8,8,"AC,BW,RCL",126,127,2,3,97
8,8,RCL,128,133,6,1,362
8,8,"AC,RCA,RCL",134,134,1,3,149
8,8,"AC,RCL",135,137,3,2,150
8,8,"AC,BW,RCL",138,138,1,3,97
8,8,"AC,BV,BW,HC,RCL",139,139,1,5,31
8,8,"AC,BV,BW,HC,HV,RCL",140,140,1,6,26
8,8,"AC,BV,HC,RCA,RCL",141,141,1,5,60
8,8,"AC,RCA,RCL",142,152,11,3,149
8,8,"AC,RCL",153,154,2,2,150
8,8,"AC,BW,RCL",155,156,2,3,97
8,8,"AC,BV,BW,RCA,RCL",157,157,1,5,41
8,8,"AC,BV,BW,HC,RCA,RCL",158,158,1,6,30
8,8,"AC,RCL",159,163,5,2,150
8,8,"AC,RCA,RCL",164,165,2,3,149
8,8,"AC,BW,RCA,RCL",166,166,1,4,96
8,8,"AC,BV,BW,RCA,RCL",167,168,2,5,41
8,8,"AC,BV,BW,HV,RCA,RCL",169,169,1,6,36
8,8,"AC,RCA,RCL",170,175,6,3,149
8,8,"AC,BW,RCA,RCL",176,176,1,4,96
8,8,"AC,BW,GC,RCA,RCL",177,177,1,5,81
8,8,"AC,BW,RCA,RCL",178,181,4,4,96
8,8,"AC,BW,RCL",182,183,2,3,97
8,8,"AC,BV,BW,RCL",184,186,3,4,43
8,8,"AC,BW,RCL",187,188,2,3,97
8,8,"AC,BW,HV,RCL",189,190,2,4,93
8,8,"AC,BV,BW,HV,RCL",191,192,2,5,38
8,8,"AC,BW,HV,RCL",193,193,1,4,93
8,8,"AC,RCL",194,201,8,2,150
8,8,"AC,BW,RCL",202,202,1,3,97
8,8,"AC,RCL",203,211,9,2,150
8,8,"AC,BV,RCL",212,220,9,3,67
8,8,"AC,BV,HC,RCL",221,222,2,4,61
8,8,"AC,HC,RCL",223,229,7,3,133
8,8,"AC,BV,HC,RCL",230,230,1,4,61
8,8,"AC,HC,RCL",231,231,1,3,133
8,8,"AC,RCL",232,235,4,2,150
8,8,"AC,HC,RCL",236,237,2,3,133
8,8,"AC,RCL",238,238,1,2,150
8,8,"AC,BV,RCL",239,240,2,3,67
8,8,"AC,RCL",241,242,2,2,150
8,8,"AC,BW,RCL",243,243,1,3,97
8,8,"AC,RCL",244,248,5,2,150
8,8,"AC,BV,RCL",249,249,1,3,67
8,8,"AC,RCL",250,257,8,2,150
8,8,AC,258,258,1,1,1
8,8,RS,259,261,3,1,368
8,8,none,262,262,1,0,336
8,8,GC,263,263,1,1,273
8,8,"GC,RCL",264,264,1,2,295
8,8,RCL,265,265,1,1,362
8,8,"RCL,RS",266,266,1,2,365
8,8,RS,267,278,12,1,368
8,8,none,279,283,5,0,336
8,8,RS,284,286,3,1,368
8,9,RS,67,83,17,1,368
8,9,"BW,RS",84,84,1,2,272
8,9,RS,85,100,16,1,368
8,9,"PC,RS",101,102,2,2,349
8,9,"RP,RS",103,112,10,2,367
8,9,RP,113,113,1,1,366
8,9,none,114,120,7,0,336
8,9,BW,121,121,1,1,216
8,9,none,122,125,4,0,336
8,9,"AC,BW",126,126,1,2,69
8,9,RCL,127,127,1,1,362
8,9,none,128,131,4,0,336
8,9,"RCL,RS",132,133,2,2,365
8,9,"HV,RCL,RS",134,134,1,3,332
8,9,"HC,RCL,RS",135,135,1,3,311
8,9,"AC,HC,RCL",136,137,2,3,133
8,9,"AC,BW,HC,RCL",138,152,15,4,89
8,9,"AC,BW,HC,HV,RCL",153,153,1,5,86
8,9,"AC,BW,HC,RCL",154,160,7,4,89
8,9,"AC,BW,HC",161,167,7,3,84
8,9,"AC,BV,BW,HC",168,170,3,4,20
8,9,"AC,BV,HC",171,171,1,3,56
8,9,"AC,HC",172,173,2,2,121
8,9,"AC,HC,RCL",174,187,14,3,133
8,9,"AC,HC,HV,RCL",188,188,1,4,127
8,9,"AC,HC,RCL",189,219,31,3,133
8,9,"AC,HC",220,220,1,2,121
8,9,AC,221,224,4,1,1
8,9,"AC,RCL",225,225,1,2,150
8,9,AC,226,228,3,1,1
8,9,"AC,BV",229,229,1,2,2
8,9,"AC,RCL",230,233,4,2,150
8,9,AC,234,239,6,1,1
8,9,"AC,RCL",240,255,16,2,150
8,9,RCL,256,268,13,1,362
8,9,"RCL,RS",269,270,2,2,365
8,9,RS,271,278,8,1,368
8,9,"HV,RS",279,279,1,2,335
8,9,RS,280,281,2,1,368
8,9,none,282,285,4,0,336
8,9,"HV,RS",286,286,1,2,335
8,9,none,287,296,10,0,336
8,9,HV,297,297,1,1,313
8,9,none,298,361,64,0,336
8,9,PT,362,362,1,1,350
8,10,PT,3,4,2,1,350
8,10,none,5,8,4,0,336
8,10,PT,9,11,3,1,350
8,10,none,12,18,7,0,336
8,10,PT,19,19,1,1,350
8,10,none,20,27,8,0,336
8,10,PT,28,30,3,1,350
8,10,none,31,43,13,0,336
8,10,PT,44,48,5,1,350
8,10,none,49,55,7,0,336
8,10,PT,56,77,22,1,350
8,10,"PT,RP",78,78,1,2,355
8,10,"PT,RP,RS",79,79,1,3,356
8,10,"PT,RP",80,92,13,2,355
8,10,"PC,PT,RP",93,93,1,3,339
8,10,"PC,PT",94,94,1,2,338
8,10,PT,95,101,7,1,350
8,10,none,102,103,2,0,336
8,10,PC,104,108,5,1,337
8,10,none,109,109,1,0,336
8,10,PT,110,112,3,1,350
8,10,PC,113,116,4,1,337
8,10,"BW,PC",117,120,4,2,254
8,10,"BW,RS",121,121,1,2,272
8,10,BW,122,123,2,1,216
8,10,none,124,127,4,0,336
8,10,RS,128,128,1,1,368
8,10,none,129,131,3,0,336
8,10,RCL,132,137,6,1,362
8,10,"BW,RCL,RS",138,138,1,3,269
8,10,"BV,BW,RCL,RS",139,139,1,4,186
8,10,"BV,BW,HV,RCL,RS",140,140,1,5,180
8,10,"RCL,RS",141,142,2,2,365
8,10,"HC,RCL,RS",143,145,3,3,311
8,10,"BV,BW,HC,RCL,RS",146,147,2,5,174
8,10,"AC,BV,HC,RCL,RS",148,148,1,5,62
8,10,"AC,HC,RCL,RS",149,152,4,4,134
8,10,"AC,BV,BW,HC,RCL,RS",153,159,7,6,32
8,10,"AC,BV,BW,HC,HV,RCL,RS",160,160,1,7,28
8,10,"AC,BW,HC,HV,RCL,RS",161,164,4,6,87
8,10,"AC,BV,BW,HC,HV,RCL,RS",165,166,2,7,28
8,10,"AC,BV,GC,HC,HV,RCL,RS",167,168,2,7,48
8,10,"AC,BV,HC,RCL,RS",169,171,3,5,62
8,10,"AC,BV,BW,HC,RCL,RS",172,173,2,6,32
8,10,"AC,BV,BW,HC,RCL",174,174,1,5,31
8,10,"AC,BV,BW,GC,HC,RCL",175,175,1,6,11
8,10,"AC,HC,RCL",176,180,5,3,133
8,10,"AC,HC,RCL,RS",181,181,1,4,134
8,10,"AC,BW,HC,RCL",182,182,1,4,89
8,10,"AC,BV,BW,HC,RCL",183,188,6,5,31
8,10,"AC,BV,GC,HC,RCL",189,189,1,5,49
8,10,"AC,HC,RCL",190,205,16,3,133
8,10,"AC,RCL",206,209,4,2,150
8,10,"AC,BV,BW,GC,HV,RCL",210,211,2,6,15
8,10,"AC,BV,BW,HC,HV,RCL",212,213,2,6,26
8,10,"AC,BW,HC,HV,RCL",214,215,2,5,86
8,10,"AC,HC,HV,RCL",216,216,1,4,127
8,10,"AC,HC,RCL",217,232,16,3,133
8,10,"AC,RCL",233,233,1,2,150
8,10,"AC,BW,HV,RCL",234,234,1,4,93
8,10,"AC,BV,RCL",235,236,2,3,67
8,10,"AC,BV,HC,RCL",237,237,1,4,61
8,10,"AC,HC,RCL",238,245,8,3,133
8,10,"HC,RCL",246,250,5,2,310
8,10,"AC,HC,RCL",251,251,1,3,133
8,10,"HC,RCL",252,253,2,2,310
8,10,RCL,254,254,1,1,362
8,10,"HV,RCL",255,255,1,2,330
8,10,RCL,256,281,26,1,362
8,10,none,282,331,50,0,336
8,10,RS,332,332,1,1,368
8,11,PT,44,47,4,1,350
8,11,none,48,51,4,0,336
8,11,PT,52,64,13,1,350
8,11,none,65,71,7,0,336
8,11,PT,72,72,1,1,350
8,11,none,73,76,4,0,336
8,11,RS,77,77,1,1,368
8,11,PT,78,78,1,1,350
8,11,none,79,85,7,0,336
8,11,RS,86,98,13,1,368
8,11,none,99,103,5,0,336
8,11,RS,104,104,1,1,368
8,11,none,105,118,14,0,336
8,11,"BW,RCL",119,119,1,2,267
8,11,AC,120,120,1,1,1
8,11,none,121,123,3,0,336
8,11,RCL,124,124,1,1,362
8,11,"AC,BW,RCL",125,135,11,3,97
8,11,"AC,BV,BW,HC,RCL",136,137,2,5,31
8,11,"AC,HC,RCL",138,141,4,3,133
8,11,"AC,RCL",142,142,1,2,150
8,11,"AC,BV,BW,RCL",143,148,6,4,43
8,11,"AC,RCL",149,153,5,2,150
8,11,"AC,BW,HC,RCL",154,154,1,4,89
8,11,"AC,BV,BW,HC,RCL",155,155,1,5,31
8,11,"AC,BV,BW,RCL",156,156,1,4,43
8,11,"AC,BV,RCL",157,157,1,3,67
8,11,"AC,RCL",158,164,7,2,150
8,11,"AC,BV,RCL",165,165,1,3,67
8,11,"AC,BV,BW,HC,RCL",166,168,3,5,31
8,11,"AC,BV,BW,GC,HC,RCL",169,169,1,6,11
8,11,"AC,BV,GC,HC,RCL",170,170,1,5,49
8,11,"AC,GC,HC,RCL",171,171,1,4,108
8,11,"AC,HC,RCL",172,180,9,3,133
8,11,"AC,BV,HC,RCL",181,182,2,4,61
8,11,"AC,RCL",183,184,2,2,150
8,11,AC,185,191,7,1,1
8,11,"AC,HC",192,200,9,2,121
8,11,"AC,HC,RCL",201,203,3,3,133
8,11,"AC,RCL",204,205,2,2,150
8,11,"AC,GC,RCL",206,206,1,3,119
8,11,"AC,RCL",207,207,1,2,150
8,11,RCL,208,210,3,1,362
8,11,none,211,212,2,0,336
8,11,AC,213,217,5,1,1
8,11,"AC,HC",218,218,1,2,121
8,11,AC,219,238,20,1,1
8,11,none,239,262,24,0,336
8,11,RCL,263,263,1,1,362
8,12,RS,60,69,10,1,368
8,12,none,70,74,5,0,336
8,12,RS,75,81,7,1,368
8,12,none,82,94,13,0,336
8,12,PT,95,99,5,1,350
8,12,"BW,PT",100,100,1,2,261
8,12,PT,101,108,8,1,350
8,12,none,109,111,3,0,336
8,12,RS,112,112,1,1,368
8,12,BW,113,113,1,1,216
8,12,"BV,BW",114,115,2,2,155
8,12,"BV,BW,PT",116,116,1,3,182
8,12,"BV,BW,HV,PT",117,117,1,4,176
8,12,"BV,BW,PT,RCL",118,122,5,4,183
8,12,"BV,BW,RCL",123,127,5,3,185
8,12,"BV,BW,HV,RCL",128,128,1,4,179
8,12,"AC,BV,BW,GC,HV,RCL",129,129,1,6,15
8,12,"AC,BV,GC,RCL",130,130,1,4,55
8,12,"AC,BV,GC,HC,RCL",131,131,1,5,49
8,12,"GC,RCL",132,132,1,2,295
8,12,RCL,133,135,3,1,362
8,12,none,136,136,1,0,336
8,12,AC,137,141,5,1,1
8,12,"AC,HC",142,142,1,2,121
8,12,"AC,BV,BW,HC",143,143,1,4,20
8,12,"AC,BV,BW,HC,HV",144,144,1,5,21
8,12,"AC,BV,BW,HC",145,147,3,4,20
8,12,"AC,BV,BW,GC,HC",148,153,6,5,4
8,12,"AC,GC,HC",154,155,2,3,100
8,12,AC,156,159,4,1,1
8,12,"AC,BW",160,160,1,2,69
8,12,"AC,BV,BW,GC,HC,HV",161,161,1,6,5
8,12,"AC,BV,BW,GC,HC",162,162,1,5,4
8,12,"AC,GC,HC,RCL",163,164,2,4,108
8,12,"AC,HC,RCL",165,166,2,3,133
8,12,"AC,HC",167,168,2,2,121
8,12,"AC,GC,HC",169,174,6,3,100
8,12,"AC,BW,GC,HC",175,176,2,4,70
8,12,"AC,BV,BW,GC,HC",177,179,3,5,4
8,12,"AC,BV,BW,HC",180,180,1,4,20
8,12,"AC,BV,BW,HC,RCL",181,182,2,5,31
8,12,"AC,BV,HC,RCL",183,183,1,4,61
8,12,"AC,HC,RCL",184,187,4,3,133
8,12,"AC,GC,HC,RCL",188,192,5,4,108
8,12,"AC,BV,BW,GC,HC,RCL",193,194,2,6,11
8,12,"AC,BV,GC,HC,RCL",195,197,3,5,49
8,12,"AC,GC,HC,RCL",198,206,9,4,108
8,12,"AC,HC,RCL",207,210,4,3,133
8,12,"AC,BV,HC,RCL",211,211,1,4,61
8,12,"AC,HC,RCL",212,216,5,3,133
8,12,"AC,BV,GC,HC,RCL",217,220,4,5,49
8,12,"AC,GC,HC,RCL",221,230,10,4,108
8,12,"AC,BW,GC,HC,RCL",231,231,1,5,76
8,12,"AC,GC,HC,RCL",232,237,6,4,108
8,12,"AC,HC,RCL",238,238,1,3,133
8,12,"AC,BV,HC,RCL",239,240,2,4,61
8,12,"AC,HC,RCL",241,260,20,3,133
8,12,"AC,RCL",261,272,12,2,150
8,12,RCL,273,280,8,1,362
8,12,none,281,300,20,0,336
8,12,RS,301,302,2,1,368
8,13,PT,35,39,5,1,350
8,13,none,40,47,8,0,336
8,13,PT,48,48,1,1,350
8,13,none,49,49,1,0,336
8,13,RS,50,50,1,1,368
8,13,none,51,56,6,0,336
8,13,PT,57,57,1,1,350
8,13,none,58,61,4,0,336
8,13,PT,62,63,2,1,350
8,13,none,64,64,1,0,336
8,13,RS,65,67,3,1,368
8,13,none,68,102,35,0,336
8,13,"RCL,RS",103,103,1,2,365
8,13,RS,104,104,1,1,368
8,13,none,105,105,1,0,336
8,13,PC,106,106,1,1,337
8,13,none,107,124,18,0,336
8,13,RCL,125,125,1,1,362
8,13,BW,126,126,1,1,216
8,13,none,127,130,4,0,336
8,13,AC,131,131,1,1,1
8,13,"AC,BW,RCL",132,132,1,3,97
8,13,"AC,BV,BW,RCA",133,133,1,4,40
8,13,AC,134,140,7,1,1
8,13,"AC,RCL",141,142,2,2,150
8,13,"AC,HC,RCL",143,143,1,3,133
8,13,"AC,HC,RCL,RS",144,144,1,4,134
8,13,"AC,BW,HC,RCL",145,145,1,4,89
8,13,"AC,HC,RCL",146,148,3,3,133
8,13,"AC,RCL",149,153,5,2,150
8,13,"AC,BW,RCL",154,154,1,3,97
8,13,"AC,BV,BW,HC,RCL",155,158,4,5,31
8,13,"AC,RCL",159,162,4,2,150
8,13,"AC,BV,HC,RCL",163,163,1,4,61
8,13,"AC,BV,BW,HC,RCL",164,166,3,5,31
8,13,"AC,BW,HC,RCL",167,169,3,4,89
8,13,"AC,HC,RCL",170,172,3,3,133
8,13,"AC,BV,HC,RCL",173,173,1,4,61
8,13,"AC,HC,RCL",174,177,4,3,133
8,13,"AC,BV,BW,HC,RCL",178,179,2,5,31
8,13,"AC,BV,BW,GC,HC,RCL",180,180,1,6,11
8,13,"AC,BV,BW,GC,HC,HV,RCL",181,181,1,7,8
8,13,"AC,BV,GC,HC,RCL",182,182,1,5,49
8,13,"AC,GC,HC,RCL",183,185,3,4,108
8,13,"AC,HC,RCL",186,193,8,3,133
8,13,"AC,GC,HC,RCL",194,198,5,4,108
8,13,"AC,HC,RCL",199,240,42,3,133
8,13,"HC,RCL",241,241,1,2,310
8,13,RCL,242,244,3,1,362
8,13,"AC,RCL",245,247,3,2,150
8,13,AC,248,251,4,1,1
8,13,none,252,262,11,0,336
8,13,RCL,263,268,6,1,362
8,13,none,269,272,4,0,336
8,13,RCL,273,273,1,1,362
8,14,PT,37,41,5,1,350
8,14,none,42,106,65,0,336
8,14,BW,107,108,2,1,216
8,14,none,109,117,9,0,336
8,14,BW,118,119,2,1,216
8,14,none,120,126,7,0,336
8,14,BW,127,129,3,1,216
8,14,RCL,130,130,1,1,362
8,14,none,131,134,4,0,336
8,14,"AC,RCL",135,139,5,2,150
8,14,"AC,HC,RCL",140,143,4,3,133
8,14,"AC,BV,BW,HC,RCL",144,144,1,5,31
8,14,"AC,BW,HC,RCL",145,145,1,4,89
8,14,"AC,BW,RCL",146,150,5,3,97
8,14,"AC,BW,HC,RCL",151,151,1,4,89
8,14,"AC,BV,BW,HC,HV,RCL",152,158,7,6,26
8,14,"AC,BW,RCL",159,162,4,3,97
8,14,"AC,BV,BW,GC,RCL",163,163,1,5,18
8,14,"AC,BV,BW,GC,HC,RCL",164,168,5,6,11
8,14,"AC,BW,GC,HC,RCL",169,174,6,5,76
8,14,"AC,BV,BW,GC,HC,RCL",175,178,4,6,11
8,14,"AC,BV,BW,GC,HC,HV,RCL",179,179,1,7,8
8,14,"AC,BV,BW,GC,HC,RCL",180,186,7,6,11
8,14,"AC,BV,BW,GC,HC,HV,RCL",187,189,3,7,8
8,14,"AC,BV,GC,HC,HV,RCL",190,190,1,6,47
8,14,"AC,GC,HC,HV,RCA,RCL",191,191,1,6,102
8,14,"AC,GC,HC,RCA,RCL",192,194,3,5,107
8,14,"AC,BW,GC,HC,RCA,RCL",195,195,1,6,75
8,14,"AC,BW,GC,HC,HV,RCA,RCL",196,197,2,7,71
8,14,"AC,BW,GC,HC,RCA,RCL",198,199,2,6,75
8,14,"AC,BW,RCL",200,203,4,3,97
8,14,"AC,BW,HC,RCL",204,204,1,4,89
8,14,"AC,BV,BW,HC,RCL",205,206,2,5,31
8,14,"AC,BV,HC,RCL",207,207,1,4,61
8,14,"AC,HC,RCL",208,211,4,3,133
8,14,"AC,BV,BW,GC,HC,HV,RCL",212,212,1,7,8
8,14,"AC,GC,HC,RCL",213,215,3,4,108
8,14,"AC,HC,RCL",216,222,7,3,133
8,14,"AC,RCL",223,225,3,2,150
8,14,"AC,GC,HV,RCL",226,226,1,4,114
8,14,"AC,GC,RCL",227,227,1,3,119
8,14,"AC,BV,GC,RCL",228,228,1,4,55
8,14,"AC,GC,RCL",229,230,2,3,119
8,14,"AC,RCL",231,255,25,2,150
8,14,RCL,256,267,12,1,362
8,14,none,268,279,12,0,336
8,14,RS,280,280,1,1,368
8,15,RS,65,67,3,1,368
8,15,none,68,78,11,0,336
8,15,RS,79,80,2,1,368
8,15,none,81,86,6,0,336
8,15,RS,87,94,8,1,368
8,15,none,95,97,3,0,336
8,15,RP,98,98,1,1,366
8,15,"RP,RS",99,99,1,2,367
8,15,RS,100,103,4,1,368
8,15,none,104,118,15,0,336
8,15,RCL,119,123,5,1,362
8,15,"BW,RCL",124,124,1,2,267
8,15,RCL,125,125,1,1,362
8,15,"AC,RCL",126,133,8,2,150
8,15,"AC,BV,BW,RCL",134,134,1,4,43
8,15,"AC,BV,BW,HV,RCL",135,135,1,5,38
8,15,"AC,RCL",136,148,13,2,150
8,15,"AC,BW,RCL",149,149,1,3,97
8,15,"AC,BV,BW,RCL",150,150,1,4,43
8,15,"AC,BV,BW,HV,RCL",151,152,2,5,38
8,15,"AC,HV,RCL",153,153,1,3,141
8,15,"AC,RCL",154,160,7,2,150
8,15,"AC,BV,BW,RCL",161,161,1,4,43
8,15,"AC,BV,BW,HV,RCL",162,162,1,5,38
8,15,"AC,BV,BW,GC,HC,RCA,RCL",163,164,2,7,10
8,15,"AC,BV,BW,GC,HC,RCL,RS",165,165,1,7,12
8,15,"AC,BV,BW,GC,HC,RCL",166,166,1,6,11
8,15,"AC,BV,GC,HC,HV,RCL",167,168,2,6,47
8,15,"AC,BV,GC,HC,HV,RCA,RCL",169,170,2,7,45
8,15,"AC,BV,BW,GC,HC,HV,RCA,RCL",171,175,5,8,6
8,15,"AC,BV,GC,HC,HV,RCA,RCL",176,176,1,7,45
8,15,"AC,HC,HV,RCA,RCL",177,177,1,5,124
8,15,"AC,HC,RCA,RCL",178,180,3,4,131
8,15,"AC,HC,RCL",181,189,9,3,133
8,15,"AC,RCL",190,263,74,2,150
8,15,RCL,264,264,1,1,362
8,15,"RCL,RS",265,265,1,2,365
8,15,RCL,266,274,9,1,362
8,15,none,275,295,21,0,336
8,15,RCL,296,299,4,1,362
8,16,RP,82,88,7,1,366
8,16,none,89,94,6,0,336
8,16,"RP,RS",95,95,1,2,367
8,16,RS,96,98,3,1,368
8,16,none,99,116,18,0,336
8,16,AC,117,135,19,1,1
8,16,"AC,BV,BW,HV,PT",136,136,1,5,34
8,16,"AC,BV,BW,HV",137,137,1,4,33
8,16,"AC,BV",138,139,2,2,2
8,16,"AC,BV,RCL",140,142,3,3,67
8,16,"AC,BV,BW,HV,RCL",143,143,1,5,38
8,16,"AC,BV,BW,RCL",144,147,4,4,43
8,16,"AC,BV,BW,GC,HV,RCL",148,148,1,6,15
8,16,"AC,GC,RCL",149,149,1,3,119
8,16,"AC,RCL",150,173,24,2,150
8,16,"AC,BW,HV,RCL",174,174,1,4,93
8,16,"AC,HV,RCL",175,175,1,3,141
8,16,"AC,BV,GC,HV,RCL",176,178,3,5,52
8,16,"AC,GC,HV,RCL",179,179,1,4,114
8,16,"AC,HV,RCL",180,186,7,3,141
8,16,"AC,RCL",187,226,40,2,150
8,16,AC,227,254,28,1,1
8,16,none,255,262,8,0,336
8,16,RCL,263,273,11,1,362
8,16,none,274,281,8,0,336
8,16,RCL,282,283,2,1,362
8,16,none,284,299,16,0,336
8,16,RCL,300,301,2,1,362
8,17,PT,45,47,3,1,350
8,17,none,48,61,14,0,336
8,17,RS,62,64,3,1,368
8,17,none,65,69,5,0,336
8,17,RS,70,70,1,1,368
8,17,none,71,74,4,0,336
8,17,RS,75,77,3,1,368
8,17,"PT,RS",78,79,2,2,357
8,17,RS,80,86,7,1,368
8,17,none,87,134,48,0,336
8,17,"AC,RCL",135,144,10,2,150
8,17,"AC,BW,RCL",145,145,1,3,97
8,17,"AC,RCL",146,172,27,2,150
8,17,"AC,GC,RCL",173,175,3,3,119
8,17,"AC,BV,GC,RCL",176,177,2,4,55
8,17,"AC,GC,RCL",178,179,2,3,119
8,17,"AC,RCL",180,183,4,2,150
8,17,"AC,GC,RCL",184,184,1,3,119
8,17,"GC,RCL",185,185,1,2,295
8,17,RCL,186,190,5,1,362
8,17,"AC,GC,RCL",191,191,1,3,119
8,17,"AC,RCL",192,244,53,2,150
8,17,RCL,245,264,20,1,362
8,17,none,265,268,4,0,336
8,17,"RCA,RS",269,269,1,2,361
8,17,RCL,270,272,3,1,362
8,18,RS,37,37,1,1,368
8,18,none,38,46,9,0,336
8,18,RS,47,48,2,1,368
8,18,none,49,53,5,0,336
8,18,RS,54,54,1,1,368
8,18,none,55,62,8,0,336
8,18,RS,63,80,18,1,368
8,18,"RP,RS",81,86,6,2,367
8,18,RP,87,90,4,1,366
8,18,none,91,102,12,0,336
8,18,BW,103,103,1,1,216
8,18,"BW,PT,RS",104,104,1,3,264
8,18,RS,105,105,1,1,368
8,18,none,106,113,8,0,336
8,18,PT,114,115,2,1,350
8,18,none,116,117,2,0,336
8,18,BW,118,118,1,1,216
8,18,"BV,BW",119,119,1,2,155
8,18,none,120,128,9,0,336
8,18,RCL,129,158,30,1,362
8,18,"AC,BW,RCL",159,159,1,3,97
8,18,"AC,BV,BW,RCL",160,162,3,4,43
8,18,"AC,RCL",163,168,6,2,150
8,18,"AC,BW,RCL",169,169,1,3,97
8,18,"AC,BV,BW,RCL",170,171,2,4,43
8,18,"AC,RCL",172,194,23,2,150
8,18,AC,195,198,4,1,1
8,18,"AC,RCL",199,228,30,2,150
8,18,RCL,229,236,8,1,362
8,18,"AC,RCL",237,259,23,2,150
8,18,AC,260,265,6,1,1
8,18,"AC,RCL",266,267,2,2,150
8,18,RCL,268,269,2,1,362
8,18,none,270,293,24,0,336
8,18,RS,294,294,1,1,368
8,19,BW,110,115,6,1,216
8,19,none,116,120,5,0,336
8,19,BW,121,122,2,1,216
8,19,none,123,126,4,0,336
8,19,BW,127,127,1,1,216
8,19,none,128,131,4,0,336
8,19,RCL,132,132,1,1,362
8,19,"BW,RCL",133,137,5,2,267
8,19,"AC,BW,HV,RCL",138,142,5,4,93
8,19,"AC,BW,RCL",143,145,3,3,97
8,19,"AC,BV,BW,RCL",146,147,2,4,43
8,19,"AC,BV,BW,HC,RCL",148,149,2,5,31
8,19,"AC,BV,BW,HC,HV,RCL",150,153,4,6,26
8,19,"AC,HC,HV,RCL",154,156,3,4,127
8,19,"AC,HV,RCL",157,160,4,3,141
8,19,"AC,HC,HV,RCL",161,161,1,4,127
8,19,"AC,BV,HC,HV,RCL",162,162,1,5,59
8,19,"AC,BW,HC,HV,RCL",163,163,1,5,86
8,19,"AC,HC,HV,RCL",164,166,3,4,127
8,19,"AC,HC,RCL",167,167,1,3,133
8,19,"AC,BV,HC,RCL",168,168,1,4,61
8,19,"AC,BV,BW,HC,RCL",169,169,1,5,31
8,19,"AC,BW,HC,RCL",170,170,1,4,89
8,19,"AC,GC,HC,RCL",171,173,3,4,108
8,19,"AC,BV,GC,HC,RCL",174,176,3,5,49
8,19,"AC,GC,RCL",177,184,8,3,119
8,19,"AC,RCL",185,193,9,2,150
8,19,"AC,HC,RCL",194,194,1,3,133
8,19,"AC,BV,BW,GC,HC,RCL",195,195,1,6,11
8,19,"AC,BV,GC,HC,HV,RCL",196,196,1,6,47
8,19,"AC,BV,GC,RCL",197,197,1,4,55
8,19,"AC,GC,RCL",198,200,3,3,119
8,19,"AC,GC,HV,RCL",201,201,1,4,114
8,19,"AC,RCL",202,205,4,2,150
8,19,"AC,GC,RCL",206,210,5,3,119
8,19,"AC,RCL",211,266,56,2,150
8,19,RCL,267,276,10,1,362
8,19,none,277,293,17,0,336
8,19,RCL,294,294,1,1,362
8,19,none,295,299,5,0,336
8,19,RS,300,300,1,1,368
8,20,RS,61,62,2,1,368
8,20,none,63,67,5,0,336
8,20,RS,68,96,29,1,368
8,20,none,97,110,14,0,336
8,20,RCL,111,123,13,1,362
8,20,"AC,RCL",124,137,14,2,150
8,20,"AC,BW,RCL",138,139,2,3,97
8,20,"AC,BV,RCL",140,140,1,3,67
8,20,"AC,RCL",141,145,5,2,150
8,20,"AC,HC,RCL",146,146,1,3,133
8,20,"AC,RCL",147,148,2,2,150
8,20,"AC,HV,RCL",149,149,1,3,141
8,20,"AC,BW,RCL",150,150,1,3,97
8,20,"AC,RCL",151,180,30,2,150
8,20,"AC,BV,RCL",181,181,1,3,67
8,20,"AC,BV,GC,RCL",182,182,1,4,55
8,20,"AC,BV,RCL",183,183,1,3,67
8,20,"AC,RCL",184,202,19,2,150
8,20,"AC,BV,RCL",203,205,3,3,67
8,20,"AC,RCL",206,209,4,2,150
8,20,"AC,HC,RCL",210,210,1,3,133
8,20,"AC,RCL",211,213,3,2,150
8,20,"AC,RCL,RS",214,214,1,3,151
8,20,"AC,RCL",215,248,34,2,150
8,20,RCL,249,270,22,1,362
8,21,RS,47,52,6,1,368
8,21,none,53,56,4,0,336
8,21,RS,57,68,12,1,368
8,21,none,69,78,10,0,336
8,21,RS,79,83,5,1,368
8,21,"RP,RS",84,93,10,2,367
8,21,RS,94,96,3,1,368
8,21,none,97,97,1,0,336
8,21,RP,98,102,5,1,366
8,21,none,103,122,20,0,336
8,21,BW,123,123,1,1,216
8,21,none,124,128,5,0,336
8,21,AC,129,129,1,1,1
8,21,none,130,140,11,0,336
8,21,"BV,BW",141,141,1,2,155
8,21,"AC,BV,BW",142,143,2,3,3
8,21,"AC,BV,BW,HV",144,149,6,4,33
8,21,"AC,BV,BW,GC,HC,HV,RCL",150,150,1,7,8
8,21,"AC,BW,RCL",151,156,6,3,97
8,21,"AC,BV,BW,RCL",157,160,4,4,43
8,21,"AC,BV,BW,HV,RCL",161,161,1,5,38
8,21,"AC,BV,BW,GC,HC,HV,RCL",162,162,1,7,8
8,21,"AC,BW,GC,HC,HV,RCL",163,163,1,6,73
8,21,"AC,GC,HV,RCL",164,164,1,4,114
8,21,"AC,HV,RCL",165,167,3,3,141
8,21,"AC,RCL",168,170,3,2,150
8,21,"AC,BW,RCL",171,172,2,3,97
8,21,"AC,BV,BW,GC,HC,RCL",173,173,1,6,11
8,21,"AC,BV,BW,GC,HC,HV,RCL",174,174,1,7,8
8,21,"AC,GC,RCL",175,179,5,3,119
8,21,"AC,BV,BW,GC,RCL",180,180,1,5,18
8,21,"AC,GC,RCL",181,184,4,3,119
8,21,"AC,GC,RCL,RS",185,186,2,4,120
8,21,"AC,GC,RCL",187,190,4,3,119
8,21,"AC,RCL",191,199,9,2,150
8,21,"AC,GC,RCL",200,208,9,3,119
8,21,"AC,RCL",209,213,5,2,150
8,21,"AC,HV,RCL",214,215,2,3,141
8,21,"AC,RCL",216,218,3,2,150
8,21,"AC,GC,RCL",219,219,1,3,119
8,21,"AC,RCL",220,235,16,2,150
8,21,"AC,HV,RCL",236,241,6,3,141
8,21,"AC,RCL",242,259,18,2,150
8,21,RCL,260,263,4,1,362
8,21,none,264,269,6,0,336
8,21,RCL,270,270,1,1,362
8,21,none,271,271,1,0,336
8,21,RS,272,272,1,1,368
8,21,none,273,294,22,0,336
8,21,RS,295,299,5,1,368
8,21,none,300,313,14,0,336
8,21,RCL,314,314,1,1,362
8,21,none,315,315,1,0,336
8,21,RS,316,316,1,1,368
8,22,RS,13,13,1,1,368
8,22,none,14,68,55,0,336
8,22,RS,69,74,6,1,368
8,22,"PC,RS",75,75,1,2,349
8,22,RS,76,80,5,1,368
8,22,none,81,87,7,0,336
8,22,RS,88,88,1,1,368
8,22,"RP,RS",89,93,5,2,367
8,22,RS,94,100,7,1,368
8,22,"RP,RS",101,113,13,2,367
8,22,"BW,RP",114,114,1,2,270
8,22,BW,115,115,1,1,216
8,22,none,116,120,5,0,336
8,22,AC,121,121,1,1,1
8,22,BW,122,122,1,1,216
8,22,none,123,126,4,0,336
8,22,RCL,127,127,1,1,362
8,22,"BW,RCL",128,128,1,2,267
8,22,"AC,RCL",129,138,10,2,150
8,22,"AC,RCA,RCL",139,140,2,3,149
8,22,"AC,RCL",141,144,4,2,150
8,22,"AC,HC,RCA,RCL",145,145,1,4,131
8,22,"AC,BW,RCA,RCL",146,147,2,4,96
8,22,"AC,RCA,RCL",148,150,3,3,149
8,22,"AC,GC,RCA,RCL",151,153,3,4,117
8,22,"AC,BV,GC,RCL",154,154,1,4,55
8,22,"AC,HC,RCL",155,157,3,3,133
8,22,"AC,RCL",158,158,1,2,150
8,22,"AC,BW,RCL",159,159,1,3,97
8,22,"AC,RCL",160,175,16,2,150
8,22,"AC,GC,RCL",176,178,3,3,119
8,22,"AC,RCL",179,194,16,2,150
8,22,"AC,HC,RCL",195,195,1,3,133
8,22,"AC,RCL",196,199,4,2,150
8,22,"AC,HC,RCL",200,204,5,3,133
8,22,"AC,RCL",205,209,5,2,150
8,22,"AC,HC,RCL",210,210,1,3,133
8,22,"AC,RCL",211,265,55,2,150
8,22,RCL,266,272,7,1,362
8,22,"RCL,RS",273,273,1,2,365
8,22,none,274,277,4,0,336
8,22,RCL,278,278,1,1,362
8,22,none,279,280,2,0,336
8,22,RS,281,281,1,1,368
8,22,none,282,290,9,0,336
8,22,RS,291,291,1,1,368
8,22,none,292,306,15,0,336
8,22,RS,307,307,1,1,368
8,23,RS,10,10,1,1,368
8,23,none,11,23,13,0,336
8,23,RS,24,24,1,1,368
8,23,none,25,95,71,0,336
8,23,RCL,96,98,3,1,362
8,23,none,99,110,12,0,336
8,23,"AC,RCL",111,111,1,2,150
8,23,RCL,112,118,7,1,362
8,23,"AC,RCL",119,119,1,2,150
8,23,"AC,BW,RCL",120,121,2,3,97
8,23,none,122,125,4,0,336
8,23,RCL,126,127,2,1,362
8,23,"AC,RCL",128,130,3,2,150
8,23,"AC,BW,RCL",131,132,2,3,97
8,23,"AC,RCL",133,136,4,2,150
8,23,"AC,BW,RCL",137,137,1,3,97
8,23,"AC,RCL",138,144,7,2,150
8,23,"AC,BW,RCL",145,145,1,3,97
8,23,"AC,BW,RCL,RS",146,149,4,4,98
8,23,"AC,BV,BW,GC,RCL,RS",150,150,1,6,19
8,23,"AC,BV,BW,GC,HV,RCL,RS",151,151,1,7,16
8,23,"AC,BV,BW,GC,HC,HV,RCL",152,152,1,7,8
8,23,"AC,BV,GC,HV,RCL",153,153,1,5,52
8,23,"AC,GC,RCL",154,157,4,3,119
8,23,"AC,BV,BW,GC,RCA,RCL",158,158,1,6,17
8,23,"AC,GC,RCA,RCL",159,163,5,4,117
8,23,"AC,BV,GC,RCA,RCL",164,164,1,5,54
8,23,"AC,BV,BW,GC,RCA,RCL",165,166,2,6,17
8,23,"AC,GC,RCA,RCL",167,167,1,4,117
8,23,"AC,RCA,RCL",168,171,4,3,149
8,23,"AC,GC,RCA,RCL",172,180,9,4,117
8,23,"AC,RCA,RCL",181,183,3,3,149
8,23,"AC,BW,RCA,RCL",184,184,1,4,96
8,23,"AC,RCA,RCL",185,189,5,3,149
8,23,"AC,RCL",190,191,2,2,150
8,23,"AC,RCL,RS",192,192,1,3,151
8,23,"AC,RCL",193,215,23,2,150
8,23,"AC,RCA,RCL",216,216,1,3,149
8,23,"AC,RCL",217,240,24,2,150
8,23,RCL,241,245,5,1,362
8,23,"AC,RCL",246,250,5,2,150
8,23,RCL,251,278,28,1,362
8,23,none,279,279,1,0,336
8,23,RS,280,280,1,1,368
8,23,none,281,284,4,0,336
8,23,RCL,285,285,1,1,362
8,24,RCL,97,104,8,1,362
8,24,none,105,108,4,0,336
8,24,RCL,109,117,9,1,362
8,24,"AC,RCL",118,125,8,2,150
8,24,"AC,HC,RCL",126,126,1,3,133
8,24,RCL,127,129,3,1,362
8,24,"BW,RCL",130,130,1,2,267
8,24,"AC,BW,RCL",131,131,1,3,97
8,24,"AC,BV,BW,HV,RCL",132,134,3,5,38
8,24,"AC,BV,BW,RCL",135,136,2,4,43
8,24,"AC,RCL",137,141,5,2,150
8,24,"AC,BV,RCA,RCL",142,142,1,4,66
8,24,"AC,BV,BW,RCA,RCL",143,145,3,5,41
8,24,"AC,BV,BW,RCA,RCL,RS",146,147,2,6,42
8,24,"AC,BV,BW,GC,HV,RCA,RCL",148,148,1,7,13
8,24,"AC,BV,BW,HV,RCA,RCL",149,149,1,6,36
8,24,"AC,BV,BW,RCA,RCL",150,152,3,5,41
8,24,"AC,BV,BW,GC,RCA,RCL",153,154,2,6,17
8,24,"AC,BV,BW,GC,HC,RCA,RCL",155,155,1,7,10
8,24,"AC,BV,GC,RCA,RCL",156,156,1,5,54
8,24,"AC,GC,RCA,RCL,RS",157,157,1,5,118
8,24,"AC,GC,RCA,RCL",158,160,3,4,117
8,24,"AC,BW,GC,RCA,RCL",161,161,1,5,81
8,24,"AC,BV,BW,GC,RCA,RCL",162,162,1,6,17
8,24,"AC,BV,BW,GC,HC,RCA,RCL",163,166,4,7,10
8,24,"AC,BV,GC,RCA,RCL",167,168,2,5,54
8,24,"AC,GC,RCA,RCL",169,175,7,4,117
8,24,"AC,RCA,RCL",176,176,1,3,149
8,24,"AC,BW,RCA,RCL",177,177,1,4,96
8,24,"AC,RCA,RCL",178,191,14,3,149
8,24,"AC,RCL",192,201,10,2,150
8,24,"AC,RCA,RCL",202,202,1,3,149
8,24,"AC,RCL",203,217,15,2,150
8,24,"AC,BV,RCL",218,220,3,3,67
8,24,"AC,RCL",221,259,39,2,150
8,24,RCL,260,275,16,1,362
8,24,"RCA,RS",276,276,1,2,361
8,24,RS,277,277,1,1,368
8,24,none,278,284,7,0,336
8,24,RCL,285,289,5,1,362
8,24,none,290,292,3,0,336
8,24,RS,293,293,1,1,368
8,24,none,294,299,6,0,336
8,24,RS,300,300,1,1,368
8,24,none,301,307,7,0,336
8,24,RS,308,308,1,1,368
8,24,none,309,312,4,0,336
8,24,RS,313,313,1,1,368
