pond,cycle,starting_state,end_state,weight
1,1,"BW,HV","BW,HV,RS",1
1,1,"BW,HV","HV,RS",1
1,1,"BW,HV,RS","BW,HV",1
1,1,"GC,HV",HV,1
1,1,"GC,HV,RS","HV,RS",2
1,1,"HC,HV,RS","HV,RS",3
1,1,HV,"BW,HV",1
1,1,HV,"HV,RS",1
1,1,HV,RS,1
1,1,HV,none,3
1,1,"HV,RCA,RS",HV,1
1,1,"HV,RS","GC,HV",1
1,1,"HV,RS","GC,HV,RS",2
1,1,"HV,RS","HC,HV,RS",3
1,1,"HV,RS",HV,1
1,1,"HV,RS","HV,RCA,RS",1
1,1,"HV,RS",RS,1
1,1,"HV,RS",none,1
1,1,"PC,RS",RS,2
1,1,RS,HV,1
1,1,RS,"HV,RS",2
1,1,RS,"PC,RS",1
1,1,RS,none,4
1,1,none,HV,2
1,1,none,"HV,RS",1
1,1,none,RS,5
1,2,HC,"HC,HV",2
1,2,HC,none,1
1,2,"HC,HV",HC,1
1,2,"HC,HV","HC,RCA",1
1,2,"HC,RCA",HC,1
1,2,"HV,RS",RS,1
1,2,"HV,RS",none,1
1,2,PC,none,1
1,2,RCA,none,1
1,2,RS,"HV,RS",1
1,2,RS,none,11
1,2,none,HC,1
1,2,none,"HV,RS",1
1,2,none,PC,1
1,2,none,RCA,1
1,2,none,RS,11
1,3,"HC,HV",HV,1
1,3,HV,"HC,HV",1
1,3,HV,"HV,RS",1
1,3,HV,none,3
1,3,"HV,RS","PC,RS",1
1,3,"HV,RS",RS,1
1,3,PC,"PC,RS",2
1,3,PC,none,5
1,3,"PC,RS",PC,3
1,3,"PC,RS",RS,1
1,3,"PC,RS",none,1
1,3,RS,"HV,RS",1
1,3,RS,none,6
1,3,none,HV,4
1,3,none,PC,4
1,3,none,"PC,RS",2
1,3,none,RS,5
1,4,"GC,HC,HV","GC,HC,HV,RCL",1
1,4,"GC,HC,HV","HC,HV",1
1,4,"GC,HC,HV,RCL","HC,HV,RCL",1
1,4,"GC,HC,HV,RCL,RS","HC,HV,RCA,RCL,RS",1
1,4,HC,none,1
1,4,"HC,HV","GC,HC,HV",2
1,4,"HC,HV",HC,1
1,4,"HC,HV",HV,1
1,4,"HC,HV,RCA,RCL,RS","HC,HV,RCL,RS",1
1,4,"HC,HV,RCL","HC,HV",1
1,4,"HC,HV,RCL,RS","GC,HC,HV,RCL,RS",1
1,4,"HC,HV,RCL,RS","HC,HV",1
1,4,HV,"HC,HV",1
1,4,HV,"HV,PC",1
1,4,HV,"HV,RS",1
1,4,HV,none,2
1,4,"HV,PC","HV,RS",1
1,4,"HV,PC",PC,1
1,4,"HV,PC,RS","HV,RS",1
1,4,"HV,PC,RS","PC,RS",1
1,4,"HV,RCL","HV,RCL,RS",2
1,4,"HV,RCL,RS","HC,HV,RCL,RS",1
1,4,"HV,RCL,RS","HV,RCL",1
1,4,"HV,RS","HV,PC,RS",1
1,4,"HV,RS",RS,2
1,4,PC,"HV,PC",1
1,4,PC,"PC,RS",1
1,4,PC,RS,1
1,4,PC,none,5
1,4,"PC,RS","HV,PC,RS",1
1,4,"PC,RS",PC,1
1,4,RCL,"HV,RCL",1
1,4,"RCL,RS",RCL,1
1,4,RS,"RCL,RS",1
1,4,RS,none,10
1,4,none,HV,4
1,4,none,PC,5
1,4,none,RS,9
1,5,BV,none,1
1,5,HC,none,3
1,5,"HC,HV",HC,1
1,5,HV,none,9
1,5,"HV,RCL",none,1
1,5,PC,"PC,RS",5
1,5,PC,none,3
1,5,"PC,RS",PC,5
1,5,"PC,RS",RS,1
1,5,RCL,"HV,RCL",1
1,5,RCL,none,1
1,5,RS,none,3
1,5,none,BV,1
1,5,none,HC,2
1,5,none,"HC,HV",1
1,5,none,HV,9
1,5,none,PC,2
1,5,none,"PC,RS",1
1,5,none,RCL,2
1,5,none,RS,3
1,6,"BV,HC,HV",HC,1
1,6,"BV,HC,HV","HC,HV",1
1,6,"BV,HV",none,1
1,6,HC,"BV,HC,HV",1
1,6,HC,"HC,HV",1
1,6,HC,none,3
1,6,"HC,HV",HC,2
1,6,HV,"BV,HC,HV",1
1,6,HV,"BV,HV",1
1,6,HV,"HV,PC",1
1,6,HV,none,3
1,6,"HV,PC",HV,2
1,6,"HV,PC,RS","HV,PC",1
1,6,"HV,RCL",RCL,1
1,6,PC,"PC,RS",3
1,6,PC,none,1
1,6,"PC,RS","HV,PC,RS",1
1,6,"PC,RS",PC,1
1,6,"PC,RS",none,1
1,6,RCL,"HV,RCL",1
1,6,RCL,none,1
1,6,RS,none,3
1,6,none,HC,2
1,6,none,HV,4
1,6,none,PC,2
1,6,none,RCL,1
1,6,none,RS,4
1,7,"BV,HV",HV,3
1,7,"BV,HV,RCL","BV,HV",1
1,7,"BV,HV,RS",HV,1
1,7,"BW,HV",HV,2
1,7,HC,none,1
1,7,HV,"BV,HV",2
1,7,HV,"BV,HV,RCL",1
1,7,HV,"BW,HV",2
1,7,HV,"HV,RCL",1
1,7,HV,"HV,RS",1
1,7,HV,none,3
1,7,"HV,PC","HV,PC,RS",1
1,7,"HV,PC,RS","BV,HV,RS",1
1,7,"HV,PC,RS","HV,PC",1
1,7,"HV,RCL",RCL,1
1,7,"HV,RS",RS,1
1,7,PC,"PC,RS",1
1,7,PC,none,3
1,7,"PC,RS","HV,PC,RS",1
1,7,RCL,none,1
1,7,RS,none,3
1,7,none,HC,1
1,7,none,HV,4
1,7,none,PC,3
1,7,none,RS,3
1,8,BV,none,1
1,8,"BV,HC",BV,1
1,8,"BV,HC",HC,1
1,8,"BV,HC,HV","BV,HV",2
1,8,"BV,HC,HV,RCL","BV,HC,HV",1
1,8,"BV,HC,HV,RCL","BV,HV,RCL",1
1,8,"BV,HV","BV,HC,HV,RCL",1
1,8,"BV,HV","BV,HV,RCL",1
1,8,"BV,HV",HV,1
1,8,"BV,HV",none,2
1,8,"BV,HV,RCL","BV,HC,HV,RCL",1
1,8,"BV,HV,RCL","HV,RCL",1
1,8,HC,"BV,HC",2
1,8,"HC,RCL",HC,1
1,8,HV,"BV,HC,HV",1
1,8,HV,"BV,HV",2
1,8,HV,"HV,RCL",1
1,8,HV,none,2
1,8,"HV,PC",PC,1
1,8,"HV,RCL",HV,1
1,8,"HV,RCL",RCL,1
1,8,PC,"HV,PC",1
1,8,PC,none,2
1,8,RCL,"HC,RCL",1
1,8,none,"BV,HV",1
1,8,none,HV,4
1,8,none,PC,1
1,8,none,RS,1
1,9,BV,"BV,HV",1
1,9,BV,none,1
1,9,"BV,HC,HV","BV,HV",1
1,9,"BV,HV",HV,3
1,9,"BV,HV",none,2
1,9,"BV,HV,PC","BV,HV",1
1,9,HV,"BV,HC,HV",1
1,9,HV,none,5
1,9,"HV,PC","BV,HV,PC",1
1,9,"HV,PC,RS","HV,PC",1
1,9,"HV,RS",RS,1
1,9,PC,"PC,RS",4
1,9,PC,none,4
1,9,"PC,RS","HV,PC,RS",1
1,9,"PC,RS",PC,3
1,9,RS,HV,1
1,9,RS,"HV,RS",1
1,9,RS,none,3
1,9,none,BV,2
1,9,none,"BV,HV",2
1,9,none,HV,2
1,9,none,PC,4
1,9,none,RS,5
1,10,BV,none,3
1,10,"BV,BW,HV","BW,HV",1
1,10,"BV,HV",BV,1
1,10,"BV,HV",HV,2
1,10,"BV,RS",RS,1
1,10,BW,"BV,HV",1
1,10,"BW,HV",HV,1
1,10,"BW,HV,PC","BV,BW,HV",1
1,10,HV,"BV,HV",1
1,10,HV,"BW,HV,PC",1
1,10,HV,none,3
1,10,PC,"PC,RS",1
1,10,PC,none,4
1,10,"PC,RS",PC,2
1,10,RS,"BV,RS",1
1,10,RS,none,3
1,10,none,BV,2
1,10,none,"BV,HV",1
1,10,none,BW,1
1,10,none,HV,2
1,10,none,PC,2
1,10,none,"PC,RS",1
1,10,none,RS,4
1,11,HV,"HV,RS",1
1,11,HV,none,2
1,11,"HV,RCL,RS","HV,RS",1
1,11,"HV,RS",HV,1
1,11,"HV,RS","HV,RCL,RS",1
1,11,"HV,RS",RS,1
1,11,"HV,RS",none,1
1,11,PC,"PC,RS",3
1,11,"PC,RS",PC,2
1,11,"PC,RS",RS,2
1,11,RS,"HV,RS",1
1,11,RS,"PC,RS",1
1,11,RS,none,5
1,11,none,BV,1
1,11,none,HV,2
1,11,none,"HV,RS",1
1,11,none,PC,1
1,11,none,RS,3
1,12,HV,"HV,RCL",2
1,12,HV,none,4
1,12,"HV,RCL",HV,1
1,12,"HV,RCL","HV,RCL,RS",2
1,12,"HV,RCL,RS","HV,RCL",1
1,12,"HV,RCL,RS","RCL,RS",1
1,12,"HV,RS",HV,1
1,12,"HV,RS",RS,1
1,12,"PC,RS",RS,1
1,12,RCL,"RCL,RS",1
1,12,RCL,none,1
1,12,"RCL,RS",RCL,1
1,12,"RCL,RS",RS,1
1,12,RS,"HV,RS",2
1,12,RS,none,7
1,12,none,HV,4
1,12,none,"PC,RS",1
1,12,none,RCL,1
1,12,none,RS,6
1,13,"BV,BW,HC,HV,RCL","BV,HV,RCL,RS",1
1,13,"BV,BW,HV,RCL","BV,HV,RCL",2
1,13,"BV,BW,HV,RCL,RS","BV,BW,HV,RCL",1
1,13,"BV,BW,HV,RCL,RS","BW,HV,RCL,RS",1
1,13,"BV,HC,HV,RCL","BV,BW,HC,HV,RCL",1
1,13,"BV,HV,PC,RCL","HV,PC,RCL",1
1,13,"BV,HV,RCL","BV,BW,HV,RCL,RS",1
1,13,"BV,HV,RCL","BV,HC,HV,RCL",1
1,13,"BV,HV,RCL","BV,HV,RCL,RS",1
1,13,"BV,HV,RCL","HV,RCL",4
1,13,"BV,HV,RCL",RCL,1
1,13,"BV,HV,RCL,RS","BV,HV,RCL",1
1,13,"BV,HV,RCL,RS","HV,RCL,RS",1
1,13,"BW,HV,RCL","HV,RCL,RS",1
1,13,"BW,HV,RCL,RS","HV,RCL,RS",1
1,13,"HC,HV,RCL","HV,RCL",1
1,13,"HV,PC","BV,HV,PC,RCL",1
1,13,"HV,PC,RCL","HV,RCL",1
1,13,"HV,RCL","BV,BW,HV,RCL",1
1,13,"HV,RCL","BV,HV,RCL",3
1,13,"HV,RCL","BW,HV,RCL",1
1,13,"HV,RCL","HC,HV,RCL",1
1,13,"HV,RCL","HV,RCL,RS",1
1,13,"HV,RCL",RCL,1
1,13,"HV,RCL","RCL,RS",1
1,13,"HV,RCL,RS","BV,BW,HV,RCL,RS",1
1,13,"HV,RCL,RS","HV,RCL",1
1,13,"HV,RCL,RS","RCL,RS",2
1,13,PC,none,2
1,13,RCL,"BV,HV,RCL",2
1,13,RCL,"HV,RCL",2
1,13,RCL,"RCL,RS",2
1,13,RCL,none,1
1,13,"RCL,RS",RCL,5
1,13,RS,none,5
1,13,none,"HV,PC",1
1,13,none,PC,2
1,13,none,RS,5
1,14,"AC,GC,HC,HV,RS","AC,HC,HV,RS",1
1,14,"AC,GC,HV,RS","AC,HV,RS",1
1,14,"AC,HC,HV","AC,GC,HC,HV,RS",1
1,14,"AC,HC,HV","AC,HV",1
1,14,"AC,HC,HV,RCA,RS","AC,HV,RS",1
1,14,"AC,HC,HV,RS","AC,HV,RS",1
1,14,"AC,HC,HV,RS","HC,HV,RS",1
1,14,"AC,HV","AC,HC,HV",2
1,14,"AC,HV","AC,HV,RS",1
1,14,"AC,HV",HV,1
1,14,"AC,HV",none,1
1,14,"AC,HV,RS","AC,GC,HV,RS",1
1,14,"AC,HV,RS","AC,HC,HV,RCA,RS",1
1,14,"AC,HV,RS","AC,HC,HV,RS",1
1,14,"AC,HV,RS","AC,HV",2
1,14,"AC,HV,RS","HV,RS",1
1,14,"BV,BW,HV","BV,BW,HV,RS",1
1,14,"BV,BW,HV,RS","BV,GC,HV,RS",1
1,14,"BV,GC,HV,RS","BV,HV,RS",1
1,14,"BV,HV,RS","AC,HV,RS",1
1,14,"HC,HV,RS","HV,RS",2
1,14,HV,"AC,HV",2
1,14,HV,"BV,BW,HV",1
1,14,HV,"HV,RS",2
1,14,HV,none,3
1,14,"HV,RS","AC,HV,RS",1
1,14,"HV,RS","HC,HV,RS",1
1,14,"HV,RS",HV,3
1,14,"HV,RS",RS,2
1,14,PC,"PC,RS",2
1,14,PC,none,4
1,14,"PC,RS",PC,2
1,14,"PT,RS",RS,1
1,14,RS,"HV,RS",2
1,14,RS,none,4
1,14,none,HV,4
1,14,none,PC,4
1,14,none,"PT,RS",1
1,14,none,RS,3
1,15,"AC,GC,HV,RCL,RS","GC,HV,RCL,RS",1
1,15,"BV,GC,HV,RCL,RS","BV,HV,RCL,RS",1
1,15,"BV,HV,RCL,RS","HV,RCL,RS",1
1,15,"GC,HV,RCL,RS","AC,GC,HV,RCL,RS",1
1,15,"GC,HV,RCL,RS","HV,RCL,RS",1
1,15,HC,RCL,1
1,15,HV,"HV,RS",1
1,15,"HV,PC,PT,RP,RS","HV,PC,RP,RS",1
1,15,"HV,PC,RP,RS","HV,RP,RS",1
1,15,"HV,RCL","BV,GC,HV,RCL,RS",1
1,15,"HV,RCL",RCL,3
1,15,"HV,RCL,RS","GC,HV,RCL,RS",1
1,15,"HV,RCL,RS","HV,RCL",3
1,15,"HV,RP,RS","HV,RS",1
1,15,"HV,RS",HV,1
1,15,"HV,RS","HV,RCL,RS",1
1,15,PC,"PC,RS",4
1,15,"PC,PT,RP,RS","HV,PC,PT,RP,RS",1
1,15,"PC,RP,RS","PC,PT,RP,RS",1
1,15,"PC,RS",PC,2
1,15,"PC,RS","PC,RP,RS",1
1,15,"PC,RS",RS,1
1,15,RCL,"HV,RCL",1
1,15,RCL,"HV,RCL,RS",1
1,15,RCL,none,3
1,15,RS,none,4
1,15,none,HC,1
1,15,none,PC,2
1,15,none,RCL,2
1,15,none,RS,2
1,16,"AC,HV,RCL","HV,RCL",1
1,16,"BV,HV,RS","HV,RS",1
1,16,HV,"HV,RCL",1
1,16,HV,"HV,RS",2
1,16,HV,none,3
1,16,"HV,PC,PT,RS","HV,PC,RS",1
1,16,"HV,PC,RS",PC,1
1,16,"HV,RCL","AC,HV,RCL",1
1,16,"HV,RCL",HV,1
1,16,"HV,RCL","HV,RCL,RS",1
1,16,"HV,RCL,RS","HV,RCL",1
1,16,"HV,RS","BV,HV,RS",1
1,16,"HV,RS",HV,3
1,16,"HV,RS",RS,1
1,16,PC,none,2
1,16,"PC,PT","HV,PC,PT,RS",1
1,16,PT,none,2
1,16,RP,PT,1
1,16,RS,none,2
1,16,none,HV,2
1,16,none,"HV,RS",2
1,16,none,"PC,PT",1
1,16,none,PT,1
1,16,none,RP,1
1,16,none,RS,2
1,17,"AC,RCL,RS",RS,1
1,17,"BV,RCL",RCL,1
1,17,"GC,HC,HV,RCL","GC,HV,RCL",1
1,17,"GC,HV,RCL","GC,HC,HV,RCL",1
1,17,"GC,HV,RCL","HV,RCL",1
1,17,HV,"HV,RCL,RS",1
1,17,"HV,PC",none,1
1,17,"HV,RCL","GC,HV,RCL",1
1,17,"HV,RCL","HV,RCL,RS",1
1,17,"HV,RCL",RCL,7
1,17,"HV,RCL,RS","HV,RCL",1
1,17,"HV,RCL,RS","RCL,RS",1
1,17,PC,none,4
1,17,"RCA,RCL",RCL,1
1,17,RCL,"HV,RCL",7
1,17,RCL,"RCA,RCL",1
1,17,RCL,none,2
1,17,"RCL,RS","AC,RCL,RS",1
1,17,RS,none,3
1,17,none,"BV,RCL",1
1,17,none,HV,1
1,17,none,"HV,PC",1
1,17,none,PC,3
1,17,none,RCL,1
1,17,none,RS,3
1,18,"AC,RCL",RCL,2
1,18,"BV,HV",none,1
1,18,"BV,HV,RCL","AC,RCL",1
1,18,"BV,HV,RCL","BV,RCL",1
1,18,"BV,HV,RCL","HV,RCL",3
1,18,"BV,RCL","BV,HV,RCL",1
1,18,"HC,RCL",RCL,1
1,18,HV,"BV,HV",1
1,18,HV,"HV,RS",1
1,18,HV,RCL,1
1,18,HV,none,3
1,18,"HV,PC",PC,1
1,18,"HV,PC,RS","HV,RS",1
1,18,"HV,RCL","BV,HV,RCL",4
1,18,"HV,RCL",HV,1
1,18,"HV,RCL","HV,RCL,RS",2
1,18,"HV,RCL",RCL,1
1,18,"HV,RCL,RS","HV,RCL",1
1,18,"HV,RCL,RS","RCL,RS",1
1,18,"HV,RS",HV,1
1,18,"HV,RS",RS,2
1,18,PC,"HV,PC",1
1,18,PC,"HV,PC,RS",1
1,18,PC,none,3
1,18,RCL,"AC,RCL",1
1,18,RCL,"HC,RCL",1
1,18,RCL,"HV,RCL",3
1,18,RCL,none,2
1,18,"RCL,RS",RCL,1
1,18,RS,HV,1
1,18,RS,none,2
1,18,none,HV,3
1,18,none,"HV,RCL",1
1,18,none,"HV,RS",1
1,18,none,PC,3
1,18,none,RCL,1
1,18,none,RS,2
1,19,"AC,BV,HV,RCL,RS","AC,HV,RCL,RS",1
1,19,"AC,BW,HV,RCL,RS","HV,RCL,RS",1
1,19,"AC,HV,RCL","HV,RCL",2
1,19,"AC,HV,RCL,RS","AC,BV,HV,RCL,RS",1
1,19,"AC,HV,RCL,RS","AC,BW,HV,RCL,RS",1
1,19,"AC,HV,RCL,RS","AC,HV,RCL",1
1,19,"BV,HV,RCL","HV,RCL,RS",1
1,19,"BV,HV,RCL,RS","AC,HV,RCL,RS",1
1,19,"HC,HV,RCL","HC,RCL",1
1,19,"HC,RCL",RCL,1
1,19,HV,"HV,RCL",1
1,19,HV,"HV,RS",1
1,19,HV,none,2
1,19,"HV,PC","HV,RS",1
1,19,"HV,RCL","AC,HV,RCL",1
1,19,"HV,RCL","BV,HV,RCL",1
1,19,"HV,RCL","HC,HV,RCL",1
1,19,"HV,RCL",HV,2
1,19,"HV,RCL","HV,RCL,RS",1
1,19,"HV,RCL",RCL,1
1,19,"HV,RCL,RS","AC,HV,RCL,RS",1
1,19,"HV,RCL,RS","BV,HV,RCL,RS",1
1,19,"HV,RCL,RS","HV,RCL",2
1,19,"HV,RS",HV,1
1,19,"HV,RS","HV,RCL,RS",1
1,19,PC,"PC,RS",1
1,19,PC,none,4
1,19,"PC,RS",PC,1
1,19,RCL,"HV,RCL",2
1,19,RCL,none,1
1,19,RS,none,2
1,19,none,HV,1
1,19,none,"HV,PC",1
1,19,none,PC,3
1,19,none,RCL,1
1,19,none,RS,3
1,20,"BV,GC,HV,RCL","HV,RCL",1
1,20,"BV,HV,RCL",RCL,1
1,20,"BV,RCL",RCL,1
1,20,HC,none,1
1,20,HV,"HV,RCL",2
1,20,HV,RCL,1
1,20,HV,none,2
1,20,"HV,PC","HV,RS",1
1,20,"HV,RCL","BV,GC,HV,RCL",1
1,20,"HV,RCL",HV,1
1,20,"HV,RCL",RCL,2
1,20,"HV,RS",RS,2
1,20,"HV,RS",none,1
1,20,PC,"HV,PC",1
1,20,PC,none,2
1,20,"RCA,RCL",RCL,1
1,20,RCL,"BV,HV,RCL",1
1,20,RCL,"BV,RCL",1
1,20,RCL,"RCA,RCL",1
1,20,RCL,none,4
1,20,RS,"HV,RS",2
1,20,RS,none,5
1,20,none,HC,1
1,20,none,HV,4
1,20,none,"HV,RCL",1
1,20,none,PC,3
1,20,none,RCL,1
1,20,none,RS,5
1,21,"AC,GC,HV,RCL,RS","AC,GC,HV,RS",1
1,21,"AC,GC,HV,RCL,RS","GC,RCL,RS",1
1,21,"AC,GC,HV,RS","AC,GC,HV,RCL,RS",2
1,21,"AC,HV,RCL,RS","AC,HV,RS",1
1,21,"AC,HV,RS","AC,GC,HV,RS",1
1,21,"AC,HV,RS","AC,HV,RCL,RS",1
1,21,"GC,RCL",RCL,1
1,21,"GC,RCL,RS","RCL,RS",1
1,21,"HC,RCL",RCL,1
1,21,"HV,PC,RS","AC,HV,RS",1
1,21,"HV,RCL",RCL,2
1,21,PC,"PC,RS",3
1,21,PC,none,3
1,21,"PC,RS","HV,PC,RS",1
1,21,"PC,RS",PC,3
1,21,"PC,RS",RS,2
1,21,RCL,"GC,RCL",1
1,21,RCL,"HC,RCL",1
1,21,RCL,"HV,RCL",2
1,21,RCL,"RCL,RS",3
1,21,"RCL,RS",RCL,3
1,21,"RCL,RS",RS,1
1,21,RS,"PC,RS",3
1,21,RS,none,3
1,21,none,PC,3
1,21,none,RS,3
1,22,AC,"AC,HV,PC",1
1,22,AC,"AC,RCL",1
1,22,"AC,BW,HC,RCL","AC,HC,RCL",1
1,22,"AC,HC,RCL","AC,BW,HC,RCL",1
1,22,"AC,HC,RCL","AC,RCL",1
1,22,"AC,HV",AC,1
1,22,"AC,HV,PC","AC,HV",1
1,22,"AC,HV,RCL","AC,RCL",1
1,22,"AC,RCL","AC,HC,RCL",1
1,22,"AC,RCL",RCL,2
1,22,BV,none,1
1,22,"GC,HV","HV,RS",1
1,22,"GC,HV,RS","HV,RS",1
1,22,HV,"GC,HV",1
1,22,HV,none,1
1,22,"HV,PC,RS","PC,RS",1
1,22,"HV,RCL","AC,HV,RCL",1
1,22,"HV,RS","GC,HV,RS",1
1,22,"HV,RS",RS,1
1,22,PC,"PC,RS",2
1,22,PC,none,4
1,22,"PC,RS","HV,PC,RS",1
1,22,"PC,RS",PC,2
1,22,RCL,"HV,RCL",1
1,22,RCL,none,1
1,22,RS,none,4
1,22,none,AC,1
1,22,none,BV,1
1,22,none,HV,2
1,22,none,PC,4
1,22,none,RS,3
2,1,"BW,GC,HC,HV","BW,GC,HC,HV,RS",1
2,1,"BW,GC,HC,HV,RS","BW,HV",1
2,1,"BW,HV",none,1
2,1,"GC,HV",HV,2
2,1,"HC,HV","BW,GC,HC,HV",1
2,1,"HC,HV",HV,2
2,1,HV,"GC,HV",2
2,1,HV,"HC,HV",3
2,1,HV,none,3
2,1,"HV,RS",HV,1
2,1,"HV,RS",RS,3
2,1,"PC,RS",RS,1
2,1,"PC,RS",none,1
2,1,"RCA,RS","HV,RS",1
2,1,RS,"HV,RS",3
2,1,RS,"PC,RS",1
2,1,RS,"RCA,RS",1
2,1,RS,none,4
2,1,none,HV,2
2,1,none,"PC,RS",1
2,1,none,RS,6
2,2,"BV,BW,GC,HV,RCL",none,1
2,2,"BW,HV,PC",HV,1
2,2,"BW,HV,PC",PC,1
2,2,"BW,HV,PC,RS","BW,HV,PC",1
2,2,"GC,HV,RCL","HV,RCL",1
2,2,HV,RCL,1
2,2,HV,none,1
2,2,"HV,PC","BW,HV,PC",1
2,2,"HV,PC","HV,PC,RS",1
2,2,"HV,PC,RS","BW,HV,PC,RS",1
2,2,"HV,PC,RS","HV,PC",1
2,2,"HV,RCL","GC,HV,RCL",1
2,2,"HV,RCL",none,6
2,2,"HV,RCL,RS",none,1
2,2,PC,"HV,PC",1
2,2,PC,"PC,RP",1
2,2,PC,"PC,RS",3
2,2,PC,RS,1
2,2,PC,none,1
2,2,"PC,PT,RS","PC,RS",1
2,2,"PC,RP",PC,1
2,2,"PC,RP","PC,RP,RS",1
2,2,"PC,RP,RS","PC,RP",1
2,2,"PC,RP,RS","PC,RS",1
2,2,"PC,RS",PC,4
2,2,"PC,RS","PC,PT,RS",1
2,2,"PC,RS","PC,RP,RS",1
2,2,"PC,RS",RS,2
2,2,RCL,"RCL,RS",1
2,2,RCL,none,2
2,2,"RCL,RS",RS,1
2,2,RS,"PC,RS",2
2,2,RS,none,5
2,2,none,"BV,BW,GC,HV,RCL",1
2,2,none,HV,1
2,2,none,"HV,PC,RS",1
2,2,none,"HV,RCL",6
2,2,none,"HV,RCL,RS",1
2,2,none,PC,1
2,2,none,"PC,RS",1
2,2,none,RCL,2
2,2,none,RS,3
2,3,"BV,HV,RCL","HV,RCL",1
2,3,"BW,HV",HV,1
2,3,"GC,HV,RCA,RCL","HV,RCL",1
2,3,HV,"BW,HV",1
2,3,HV,"HV,RCL",1
2,3,HV,"HV,RCL,RS",1
2,3,"HV,PC","HV,RCL",1
2,3,"HV,RCA,RCL","GC,HV,RCA,RCL",1
2,3,"HV,RCL","BV,HV,RCL",1
2,3,"HV,RCL",HV,1
2,3,"HV,RCL","HV,RCA,RCL",1
2,3,"HV,RCL",RCL,4
2,3,"HV,RCL,RS","HV,RS",1
2,3,"HV,RS",none,1
2,3,PC,"HV,PC",1
2,3,PC,"PC,RS",2
2,3,PC,none,1
2,3,"PC,RS",PC,2
2,3,RCL,"HV,RCL",3
2,3,RCL,none,1
2,3,RS,none,1
2,3,none,HV,1
2,3,none,PC,2
2,3,none,RS,1
2,4,"BW,RCL",RCL,1
2,4,"GC,HC,HV,RCA,RCL","GC,HC,HV,RCL",1
2,4,"GC,HC,HV,RCA,RCL","HC,HV,RCL",1
2,4,"GC,HC,HV,RCL","GC,HC,HV,RCA,RCL",2
2,4,"GC,HC,HV,RCL","GC,HV,RCL",1
2,4,"GC,HC,HV,RCL","HC,HV,RCL",2
2,4,"GC,HV,RCL","GC,HC,HV,RCL",1
2,4,"HC,HV,RCL","GC,HC,HV,RCL",2
2,4,"HC,HV,RCL","HC,RCL",1
2,4,"HC,HV,RCL","HV,RCL",1
2,4,"HC,RCL","GC,HC,HV,RCL",1
2,4,"HV,RCL","HC,HV,RCL",1
2,4,"HV,RCL",RCL,1
2,4,"HV,RCL","RCL,RS",1
2,4,PC,"PC,RP,RS",1
2,4,PC,"PC,RS",4
2,4,PC,none,4
2,4,"PC,RP,RS","PC,RS",2
2,4,"PC,RS",PC,4
2,4,"PC,RS","PC,RP,RS",1
2,4,"PC,RS",RS,1
2,4,RCA,none,1
2,4,RCL,"BW,RCL",1
2,4,RCL,"HV,RCL",2
2,4,RCL,"RCL,RS",1
2,4,RCL,none,2
2,4,"RCL,RS",RCL,3
2,4,RS,"RCL,RS",1
2,4,RS,none,3
2,4,none,PC,4
2,4,none,RCA,1
2,4,none,RCL,1
2,4,none,RS,4
2,5,"BV,HC","HC,RCL",1
2,5,"GC,HC,HV,RCL","HC,HV,RCL",1
2,5,HC,"BV,HC",1
2,5,HC,"HC,HV",1
2,5,"HC,HV",HC,1
2,5,"HC,HV,RCL","HC,RCL",3
2,5,"HC,RCA,RCL","HC,RCL",1
2,5,"HC,RCL",HC,1
2,5,"HC,RCL","HC,HV,RCL",2
2,5,"HC,RCL","HC,RCA,RCL",1
2,5,"HC,RCL",none,1
2,5,HV,none,1
2,5,"HV,PC",PC,1
2,5,"HV,RCA,RCL","HV,RCL",1
2,5,"HV,RCL","GC,HC,HV,RCL",1
2,5,"HV,RCL",RCL,1
2,5,PC,"HV,PC",1
2,5,PC,"PC,RCL",1
2,5,PC,none,2
2,5,"PC,RCL",PC,1
2,5,"RCA,RCL","HV,RCA,RCL",1
2,5,RCL,"RCA,RCL",1
2,5,RCL,none,2
2,5,RS,none,1
2,5,none,HV,1
2,5,none,"HV,RCL",1
2,5,none,PC,1
2,5,none,RCA,1
2,5,none,RCL,2
2,5,none,RS,1
2,6,"BV,HC,HV","HC,HV",1
2,6,HC,"HC,HV",2
2,6,HC,RCL,1
2,6,HC,none,3
2,6,"HC,HV","BV,HC,HV",1
2,6,"HC,HV",HC,4
2,6,"HC,RCL",RCL,1
2,6,HV,"HC,HV",2
2,6,HV,"HV,RCL",1
2,6,HV,none,1
2,6,"HV,PC",PC,2
2,6,"HV,RCA",HV,2
2,6,"HV,RCL",RCL,1
2,6,PC,"HV,PC",1
2,6,PC,"PC,RCA",1
2,6,PC,"PC,RP",1
2,6,PC,"PC,RS",1
2,6,PC,none,1
2,6,"PC,RCA","HV,PC",1
2,6,"PC,RP",PC,1
2,6,"PC,RS",none,1
2,6,RCL,"HC,RCL",1
2,6,RCL,HV,1
2,6,RCL,"RCL,RS",1
2,6,RCL,none,2
2,6,"RCL,RS",RCL,1
2,6,RS,none,1
2,6,none,HC,2
2,6,none,HV,1
2,6,none,"HV,RCA",2
2,6,none,PC,1
2,6,none,RCL,1
2,6,none,RS,2
2,7,"BV,RCL","HV,RCL",1
2,7,"GC,HC,HV","HC,HV",1
2,7,"GC,HC,HV,RCL","GC,HC,HV",1
2,7,"GC,HC,HV,RCL","HC,HV,RCL",1
2,7,"GC,HV,RCL","HV,RCL",1
2,7,"HC,HV","GC,HC,HV,RCL",1
2,7,"HC,HV","HC,HV,RCL",2
2,7,"HC,HV",HV,3
2,7,"HC,HV,RCL","GC,HC,HV,RCL",1
2,7,"HC,HV,RCL","GC,HV,RCL",1
2,7,"HC,HV,RCL","HC,HV",3
2,7,"HC,HV,RCL",HV,1
2,7,HV,"HC,HV",1
2,7,HV,"HC,HV,RCL",1
2,7,HV,"HV,RCL",2
2,7,HV,none,1
2,7,"HV,PC",PC,1
2,7,"HV,PC,RCL","HV,RCL",1
2,7,"HV,RCL","HC,HV",1
2,7,"HV,RCL","HC,HV,RCL",2
2,7,"HV,RCL",RCL,3
2,7,PC,"HV,PC",1
2,7,PC,"PC,PT",1
2,7,PC,"PC,RS",3
2,7,"PC,PT",PC,1
2,7,"PC,RS","HV,PC,RCL",1
2,7,"PC,RS",PC,2
2,7,RCL,"BV,RCL",1
2,7,RCL,"HV,RCL",1
2,7,RCL,none,1
2,7,none,HV,2
2,8,"BW,HC,HV,RCL","GC,HC,HV,RCL",1
2,8,"GC,HC,HV,RCL","HC,HV,RCL",1
2,8,"GC,HV,RCL","HV,RCL",1
2,8,HC,"HC,HV",1
2,8,HC,"HC,RCL",1
2,8,HC,none,1
2,8,"HC,HV","HC,HV,RS",1
2,8,"HC,HV,RCL","BW,HC,HV,RCL",1
2,8,"HC,HV,RCL","HC,RCL",1
2,8,"HC,HV,RCL,RS",none,1
2,8,"HC,HV,RS","HC,HV,RCL,RS",1
2,8,"HC,RCL",HC,2
2,8,HV,"GC,HV,RCL",1
2,8,"HV,RCL","HC,HV,RCL",1
2,8,PC,"PC,PT",1
2,8,PC,"PC,RS",2
2,8,"PC,PT","PC,PT,RS",1
2,8,"PC,PT,RS","PC,RS",1
2,8,"PC,RS",PC,2
2,8,"PC,RS",RS,1
2,8,"PC,RS",none,1
2,8,RCL,HC,1
2,8,RCL,none,1
2,8,"RCL,RS",RS,1
2,8,RS,"PC,RS",1
2,8,RS,none,1
2,8,none,HV,1
2,8,none,RCL,2
2,8,none,"RCL,RS",1
2,8,none,RS,1
2,9,HC,none,1
2,9,"HC,HV",none,1
2,9,"HC,HV,RCL","HV,RCL",1
2,9,HV,"HC,HV",1
2,9,HV,"HV,RCL",1
2,9,HV,none,4
2,9,"HV,PC",HV,1
2,9,"HV,PC",PC,2
2,9,"HV,RCL","HC,HV,RCL",1
2,9,"HV,RCL",RCL,1
2,9,PC,"HV,PC",3
2,9,PC,"PC,PT",2
2,9,PC,none,2
2,9,"PC,PT",PC,2
2,9,RCL,HV,1
2,9,RCL,none,2
2,9,RS,HV,1
2,9,RS,none,1
2,9,none,HC,1
2,9,none,HV,3
2,9,none,PC,2
2,9,none,RCL,2
2,9,none,RS,3
2,10,HC,none,2
2,10,HV,none,3
2,10,"HV,PC,RP,RS","PC,RP,RS",1
2,10,"HV,RCL",RCL,1
2,10,PC,"PC,RS",4
2,10,PC,none,1
2,10,"PC,PT,RP,RS","PC,RP,RS",1
2,10,"PC,PT,RS","PC,PT,RP,RS",1
2,10,"PC,RP,RS","HV,PC,RP,RS",1
2,10,"PC,RP,RS","PC,RS",1
2,10,"PC,RS",PC,4
2,10,"PC,RS","PC,PT,RS",1
2,10,RCL,"HV,RCL",1
2,10,RCL,none,1
2,10,RS,none,6
2,10,none,HC,2
2,10,none,HV,3
2,10,none,PC,1
2,10,none,RCL,1
2,10,none,RS,6
2,11,"GC,PC",PC,1
2,11,HV,none,3
2,11,PC,"GC,PC",1
2,11,PC,none,1
2,11,"PC,RS",PC,1
2,11,RS,"PC,RS",1
2,11,RS,none,3
2,11,none,HV,3
2,11,none,RS,4
2,12,AC,"AC,HV",1
2,12,AC,none,1
2,12,"AC,HC",HC,1
2,12,"AC,HC,HV","AC,HC",1
2,12,"AC,HV","AC,HC,HV",1
2,12,HC,"HC,RS",1
2,12,"HC,RS",RS,1
2,12,HV,"HV,RS",1
2,12,HV,none,5
2,12,"HV,RS",HV,1
2,12,RS,none,3
2,12,none,AC,2
2,12,none,HV,4
2,12,none,RS,3
2,13,AC,"AC,HC,HV",1
2,13,AC,"AC,HV",3
2,13,AC,"AC,PT",1
2,13,AC,none,1
2,13,"AC,HC",AC,1
2,13,"AC,HC","AC,HC,HV",1
2,13,"AC,HC,HV","AC,HC",1
2,13,"AC,HC,HV","AC,HC,RCL",1
2,13,"AC,HC,HV,RCL","AC,HC,RCL",1
2,13,"AC,HC,RCL","AC,HC,HV,RCL",1
2,13,"AC,HC,RCL","AC,RCL",1
2,13,"AC,HV",AC,3
2,13,"AC,HV","AC,HV,RCL",1
2,13,"AC,HV","AC,HV,RS",1
2,13,"AC,HV,RCL","AC,RCL",1
2,13,"AC,HV,RS","AC,HV",1
2,13,"AC,PT",AC,1
2,13,"AC,RCL",AC,1
2,13,"AC,RCL","AC,HC",1
2,13,HV,"AC,HV",1
2,13,HV,none,3
2,13,PC,"PC,RS",2
2,13,PC,none,5
2,13,"PC,RS",PC,1
2,13,"PC,RS",RS,1
2,13,RCL,none,2
2,13,RS,none,1
2,13,none,HV,4
2,13,none,PC,5
2,13,none,RCL,3
2,14,AC,"AC,HV",1
2,14,AC,none,1
2,14,"AC,GC,HC,HV","AC,HC,HV",1
2,14,"AC,GC,HV","AC,GC,HC,HV",1
2,14,"AC,GC,HV","AC,HV",1
2,14,"AC,HC,HV","AC,HV",2
2,14,"AC,HV","AC,GC,HV",2
2,14,"AC,HV","AC,HC,HV",1
2,14,"AC,HV","AC,RCL",1
2,14,"AC,HV,RCL","HV,RCL,RS",1
2,14,"AC,HV,RCL,RS","AC,HV,RCL",1
2,14,"AC,RCL","AC,RCL,RS",1
2,14,"AC,RCL,RS","AC,HV,RCL,RS",1
2,14,HV,"HV,RS",1
2,14,HV,none,2
2,14,"HV,RCL,RS","HV,RS",1
2,14,"HV,RS",HV,1
2,14,"HV,RS",none,1
2,14,PC,"PC,RS",1
2,14,PC,none,3
2,14,"PC,RS",PC,1
2,14,RS,none,4
2,14,none,AC,2
2,14,none,HV,2
2,14,none,PC,3
2,14,none,RS,4
2,15,"AC,BV,GC,HC,HV,RCA,RCL,RS","AC,GC,HC,HV,RCA,RCL,RS",1
2,15,"AC,BV,GC,HC,HV,RCL","AC,BV,HC,HV,RCL",1
2,15,"AC,BV,GC,HC,HV,RCL,RS","AC,HC,HV,RCL,RS",1
2,15,"AC,BV,HC,HV,RCA,RCL","AC,BV,HC,HV,RCL",1
2,15,"AC,BV,HC,HV,RCL","AC,BV,GC,HC,HV,RCL",1
2,15,"AC,BV,HC,HV,RCL","AC,BV,GC,HC,HV,RCL,RS",1
2,15,"AC,GC,HC,HV,RCA,RCL,RS","AC,HC,HV,RCA,RCL",1
2,15,"AC,GC,HC,HV,RCL,RS","AC,BV,GC,HC,HV,RCA,RCL,RS",1
2,15,"AC,HC,HV,RCA,RCL","AC,BV,HC,HV,RCA,RCL",1
2,15,"AC,HC,HV,RCL","AC,HV,RCL",1
2,15,"AC,HC,HV,RCL,RS","AC,HC,HV,RCL",1
2,15,"AC,HC,HV,RCL,RS","AC,HV,RCL,RS",1
2,15,"AC,HV","AC,HV,RCL",1
2,15,"AC,HV,RCA,RCL,RS","AC,HV,RCL,RS",1
2,15,"AC,HV,RCL","HV,RCL",1
2,15,"AC,HV,RCL","HV,RCL,RS",1
2,15,"AC,HV,RCL,RS","AC,GC,HC,HV,RCL,RS",1
2,15,"AC,HV,RCL,RS","AC,HC,HV,RCL,RS",1
2,15,"AC,HV,RCL,RS","AC,HV,RCA,RCL,RS",1
2,15,"AC,HV,RS","AC,HV",1
2,15,HV,"HV,RS",1
2,15,HV,none,1
2,15,"HV,PC,PT",HV,1
2,15,"HV,PC,RS","HV,PC,PT",1
2,15,"HV,RCL",HV,1
2,15,"HV,RCL,RS","AC,HV,RCL,RS",1
2,15,"HV,RS","AC,HV,RS",1
2,15,PC,"PC,PT",1
2,15,PC,none,2
2,15,"PC,PT","PC,RS",1
2,15,"PC,RS","HV,PC,RS",1
2,15,RS,none,1
2,15,none,HV,1
2,15,none,PC,3
2,16,AC,"AC,RCL",1
2,16,AC,none,2
2,16,"AC,GC,HV,RCL","AC,HV,RCL",1
2,16,"AC,GC,HV,RCL,RS","AC,GC,HV,RCL",1
2,16,"AC,HC,HV,RCL","AC,HC,RCL",1
2,16,"AC,HC,HV,RCL","AC,RCL",1
2,16,"AC,HC,RCL","AC,HC,HV,RCL",1
2,16,"AC,HC,RCL","AC,RCL",1
2,16,"AC,HV","AC,HV,RS",1
2,16,"AC,HV,RCL","AC,HC,HV,RCL",1
2,16,"AC,HV,RCL","AC,HV",1
2,16,"AC,HV,RCL","AC,HV,RCL,RS",1
2,16,"AC,HV,RCL","AC,RCL",1
2,16,"AC,HV,RCL","HV,RCL",1
2,16,"AC,HV,RCL,RS","AC,HV,RCL",1
2,16,"AC,HV,RS","AC,GC,HV,RCL,RS",1
2,16,"AC,RCL",AC,1
2,16,"AC,RCL","AC,HC,RCL",1
2,16,"AC,RCL","AC,HV,RCL",2
2,16,"BV,HV,RCL","HV,RCL",1
2,16,GC,RS,1
2,16,"GC,HV,PC","GC,PC",1
2,16,"GC,HV,PC,PT","GC,HV,PC",1
2,16,"GC,PC",GC,1
2,16,HV,"HV,RCL",1
2,16,HV,none,2
2,16,"HV,RCL","AC,HV,RCL",1
2,16,"HV,RCL","BV,HV,RCL",1
2,16,"HV,RCL","HV,RCL,RS",1
2,16,"HV,RCL,RS","RCL,RS",1
2,16,PC,"PC,PT,RS",1
2,16,PC,none,1
2,16,"PC,PT,RS","GC,HV,PC,PT",1
2,16,"PC,RS",RS,1
2,16,"PC,RS",none,1
2,16,"RCL,RS",RS,2
2,16,RS,"PC,RS",1
2,16,RS,"RCL,RS",1
2,16,RS,none,3
2,16,none,AC,2
2,16,none,HV,3
2,16,none,PC,1
2,16,none,"PC,RS",1
2,16,none,RS,2
2,17,"AC,HV,RCL",RCL,1
2,17,"AC,HV,RCL",none,1
2,17,"AC,HV,RCL,RS","AC,HV,RCL",1
2,17,"AC,RCL","AC,HV,RCL",1
2,17,"AC,RCL,RS","AC,HV,RCL,RS",1
2,17,HV,"HV,RCL",1
2,17,HV,none,1
2,17,"HV,PC,RCL","HV,PC,RCL,RS",1
2,17,"HV,PC,RCL","HV,RCL",1
2,17,"HV,PC,RCL,RS","RCL,RS",1
2,17,"HV,RCL","HV,PC,RCL",1
2,17,"HV,RCL","HV,RCL,RS",1
2,17,"HV,RCL",RCL,2
2,17,"HV,RCL,RP,RS","AC,RCL,RS",1
2,17,"HV,RCL,RS","HV,RCL",1
2,17,"HV,RCL,RS","RCL,RS",1
2,17,PC,"PC,RCL,RS",1
2,17,PC,"PC,RS",1
2,17,PC,none,4
2,17,"PC,RCL","HV,PC,RCL",1
2,17,"PC,RCL,RP,RS","PC,RP,RS",1
2,17,"PC,RCL,RS","PC,RCL",1
2,17,"PC,RCL,RS","PC,RCL,RP,RS",1
2,17,"PC,RP",PC,1
2,17,"PC,RP,RS","PC,RP",1
2,17,"PC,RP,RS","PC,RS",1
2,17,"PC,RS",PC,1
2,17,"PC,RS","PC,RP,RS",1
2,17,"PC,RS",RS,1
2,17,RCL,"HV,RCL",1
2,17,RCL,"HV,RCL,RS",1
2,17,RCL,none,1
2,17,"RCL,RP,RS","HV,RCL,RP,RS",1
2,17,"RCL,RS","RCL,RP,RS",1
2,17,"RCL,RS",RS,1
2,17,RS,"PC,RCL,RS",1
2,17,RS,"PC,RS",1
2,17,RS,none,1
2,17,none,"AC,RCL",1
2,17,none,HV,2
2,17,none,PC,3
2,17,none,RS,2
2,18,"AC,BV,BW,HV,RCL","AC,BV,HV,RCL",1
2,18,"AC,BV,HC,HV,RCL","AC,BV,BW,HV,RCL",1
2,18,"AC,BV,HC,HV,RCL","AC,BV,HC,RCL",1
2,18,"AC,BV,HC,HV,RCL","AC,BV,HV,RCL",1
2,18,"AC,BV,HC,RCL","AC,HC,RCL",1
2,18,"AC,BV,HV,RCL","AC,BV,HC,HV,RCL",1
2,18,"AC,BV,HV,RCL","AC,HV,RCL",1
2,18,"AC,BV,HV,RCL","AC,RCL",1
2,18,"AC,HC,HV,RCL","AC,BV,HC,HV,RCL",1
2,18,"AC,HC,RCL","AC,BV,HC,HV,RCL",1
2,18,"AC,HC,RCL","AC,RCL",1
2,18,"AC,HV,RCL","AC,BV,HV,RCL",1
2,18,"AC,HV,RCL","AC,HC,HV,RCL",1
2,18,"AC,HV,RCL","AC,RCL",1
2,18,"AC,RCL","AC,HC,RCL",1
2,18,"AC,RCL","AC,HV,RCL",2
2,18,"AC,RCL",RCL,1
2,18,"BV,HV,RCL","HV,RCL",2
2,18,"BV,HV,RCL",RCL,1
2,18,"GC,HV,RCL","HV,RCL",1
2,18,"HV,PC","HV,PC,RS",1
2,18,"HV,PC",PC,2
2,18,"HV,PC",none,1
2,18,"HV,PC,RS","PC,RS",1
2,18,"HV,RCL","BV,HV,RCL",1
2,18,"HV,RCL","HV,RCL,RS",2
2,18,"HV,RCL",RCL,4
2,18,"HV,RCL,RS","HV,RCL",1
2,18,"HV,RCL,RS","RCL,RS",2
2,18,PC,"HV,PC",4
2,18,PC,none,2
2,18,"PC,RS",PC,1
2,18,RCL,"AC,RCL",1
2,18,RCL,"BV,HV,RCL",2
2,18,RCL,"GC,HV,RCL",1
2,18,RCL,"HV,RCL",2
2,18,RCL,none,2
2,18,"RCL,RS","HV,RCL,RS",1
2,18,"RCL,RS",RCL,1
2,18,RS,none,2
2,18,none,"HV,RCL",1
2,18,none,PC,2
2,18,none,RCL,1
2,18,none,RS,3
2,19,"AC,BV,GC,HV,RCL","AC,GC,HV,RCL",1
2,19,"AC,GC,HC,HV,RCL","AC,BV,GC,HV,RCL",1
2,19,"AC,GC,HV,RCL","AC,HV,RCL",1
2,19,"AC,HC,HV,RCL","AC,GC,HC,HV,RCL",1
2,19,"AC,HV,RCL","HC,HV,RCL",1
2,19,"BV,GC,HV,RCL","GC,HV,RCL",1
2,19,"BV,HV,RCL","BV,GC,HV,RCL",1
2,19,"BV,HV,RCL","HV,RCL",1
2,19,"GC,HC,HV,RCL","HC,HV,RCL",1
2,19,"GC,HV,RCL","HV,RCL",1
2,19,"HC,HV,RCL","AC,HC,HV,RCL",1
2,19,"HC,HV,RCL","GC,HC,HV,RCL",1
2,19,"HC,HV,RCL","HV,RCL",2
2,19,HV,none,1
2,19,"HV,RCL","BV,HV,RCL",1
2,19,"HV,RCL","HC,HV,RCL",2
2,19,"HV,RCL",HV,1
2,19,"HV,RCL",RCL,2
2,19,PC,"PC,RP",2
2,19,PC,none,3
2,19,"PC,RP",PC,2
2,19,"PC,RP","PC,RP,RS",1
2,19,"PC,RP,RS","PC,RP",1
2,19,"PC,RP,RS","PC,RS",1
2,19,"PC,RS","PC,RP,RS",1
2,19,RCL,"BV,HV,RCL",1
2,19,RCL,"HV,RCL",2
2,19,RCL,"RCL,RS",1
2,19,"RCL,RS",RCL,1
2,19,"RCL,RS",none,1
2,19,RS,none,3
2,19,none,PC,3
2,19,none,RCL,1
2,19,none,"RCL,RS",1
2,19,none,RS,3
2,20,"BV,HV,RCL","HV,RCL",2
2,20,"GC,HV,RCL","HV,RCL",1
2,20,HV,none,1
2,20,"HV,PC",PC,1
2,20,"HV,PC,RS","HV,RS",1
2,20,"HV,PC,RS","PC,RS",1
2,20,"HV,RCL","BV,HV,RCL",1
2,20,"HV,RCL","GC,HV,RCL",1
2,20,"HV,RCL","HV,RCL,RS",1
2,20,"HV,RCL",RCL,7
2,20,"HV,RCL,RS","HV,RCL",1
2,20,"HV,RCL,RS","RCL,RS",2
2,20,"HV,RS","HV,RCL,RS",1
2,20,PC,"BV,HV,RCL",1
2,20,PC,"HV,PC",1
2,20,PC,"PC,RS",2
2,20,"PC,RS","HV,PC,RS",2
2,20,"PC,RS",PC,1
2,20,RCL,"HV,RCL",6
2,20,RCL,"RCL,RS",1
2,20,RCL,none,2
2,20,"RCL,RS","HV,RCL,RS",1
2,20,"RCL,RS",RCL,1
2,20,"RCL,RS",RS,2
2,20,RS,"RCL,RS",1
2,20,RS,none,2
2,20,none,HV,1
2,20,none,PC,1
2,20,none,RCL,1
2,20,none,RS,2
2,21,"AC,BW,GC,HC,HV,RCL,RS","AC,GC,HC,HV,RCL,RS",1
2,21,"AC,GC,HC,HV,RCL","AC,GC,HV,RCL",1
2,21,"AC,GC,HC,HV,RCL,RS","AC,BW,GC,HC,HV,RCL,RS",1
2,21,"AC,GC,HC,HV,RCL,RS","AC,GC,HC,HV,RCL",1
2,21,"AC,GC,HC,RCL","AC,GC,RCL",1
2,21,"AC,GC,HV,RCL","AC,GC,RCL",1
2,21,"AC,GC,HV,RCL","AC,HV,RCL",1
2,21,"AC,GC,HV,RCL,RS","AC,GC,HC,HV,RCL,RS",1
2,21,"AC,GC,RCL","AC,GC,HC,RCL",1
2,21,"AC,GC,RCL","AC,HV,RCL",1
2,21,"AC,HC,HV,RCL","AC,HV,RCL",1
2,21,"AC,HV,RCL","AC,GC,HV,RCL",1
2,21,"AC,HV,RCL","AC,HC,HV,RCL",1
2,21,"AC,HV,RCL",RCL,1
2,21,"BV,GC,HV,RCL,RS","GC,HV,RCL,RS",1
2,21,"BV,HV,RCL","HV,RCL",1
2,21,"BV,HV,RCL","HV,RCL,RS",1
2,21,"GC,HV,RCL","HV,RCL",1
2,21,"GC,HV,RCL,RS","AC,GC,HV,RCL,RS",1
2,21,"GC,HV,RCL,RS","BV,GC,HV,RCL,RS",1
2,21,"HV,PC,RCL","HV,PC,RCL,RS",1
2,21,"HV,PC,RCL","HV,RCL",1
2,21,"HV,PC,RCL","PC,RCL",1
2,21,"HV,PC,RCL,RS","HV,PC,RCL",1
2,21,"HV,RCL","BV,HV,RCL",2
2,21,"HV,RCL","GC,HV,RCL",1
2,21,"HV,RCL","HV,RCL,RS",2
2,21,"HV,RCL,RS","GC,HV,RCL,RS",1
2,21,"HV,RCL,RS","HV,RCL",1
2,21,"HV,RCL,RS","RCL,RS",2
2,21,PC,"PC,RS",1
2,21,PC,none,2
2,21,"PC,RCL","HV,PC,RCL",1
2,21,"PC,RS",RS,1
2,21,RCL,"HV,PC,RCL",1
2,21,RCL,"HV,RCL",1
2,21,RCL,none,1
2,21,"RCL,RS","HV,RCL,RS",1
2,21,"RCL,RS",RS,1
2,21,RS,none,2
2,21,none,PC,2
2,21,none,RCL,2
2,21,none,RS,1
2,22,AC,"AC,RCL",1
2,22,"AC,HC,HV,RCL","AC,HV,RCL",1
2,22,"AC,HV,RCL","AC,HC,HV,RCL",1
2,22,"AC,HV,RCL","AC,HV,RCL,RS",1
2,22,"AC,HV,RCL",RCL,1
2,22,"AC,HV,RCL,RS","AC,HV,RCL",1
2,22,"AC,RCL","AC,HV,RCL",1
2,22,"BV,HV,RCL,RS","HV,RCL,RS",1
2,22,"BV,HV,RS","BV,HV,RCL,RS",1
2,22,HV,AC,1
2,22,HV,"HV,RS",1
2,22,"HV,RCL",RCL,1
2,22,"HV,RCL,RS","HV,RS",1
2,22,"HV,RS","BV,HV,RS",1
2,22,"HV,RS",RS,1
2,22,PC,"PC,RS",3
2,22,PC,none,4
2,22,"PC,PT,RS","PC,RS",1
2,22,"PC,RCL",none,1
2,22,"PC,RP,RS","PC,RS",1
2,22,"PC,RS",PC,2
2,22,"PC,RS","PC,PT,RS",1
2,22,"PC,RS","PC,RP,RS",1
2,22,"PC,RS",none,2
2,22,RCL,"HV,RCL",1
2,22,RCL,none,1
2,22,"RCL,RS",RS,1
2,22,RS,"RCL,RS",1
2,22,RS,none,3
2,22,none,HV,2
2,22,none,PC,5
2,22,none,"PC,RCL",1
2,22,none,"PC,RS",1
2,22,none,RCL,1
2,22,none,RS,1
3,1,"BW,GC,HV,RS","GC,HV,RS",1
3,1,"BW,HC,HV","BW,HC,HV,RS",1
3,1,"BW,HC,HV,RS","BW,GC,HV,RS",1
3,1,"BW,HV","BW,HC,HV",1
3,1,"BW,HV",HV,4
3,1,"GC,HV",HV,1
3,1,"GC,HV,RS","HV,RS",1
3,1,HV,"BW,HV",5
3,1,HV,"GC,HV",1
3,1,HV,"HV,PC,RS",1
3,1,HV,none,5
3,1,"HV,PC,RS","HV,RS",1
3,1,"HV,RS",HV,2
3,1,"HV,RS",RS,1
3,1,PC,none,1
3,1,"PC,RS",RS,1
3,1,"PC,RS",none,2
3,1,RS,"HV,RS",1
3,1,RS,PC,1
3,1,RS,none,4
3,1,none,HV,5
3,1,none,"PC,RS",3
3,1,none,RS,4
3,2,"BV,HV",none,1
3,2,HV,"BV,HV",1
3,2,HV,none,8
3,2,"HV,PC,RS",RS,1
3,2,PC,"HV,PC,RS",1
3,2,RS,none,7
3,2,none,HV,9
3,2,none,PC,1
3,2,none,RS,6
3,3,HV,"HV,RS",1
3,3,HV,none,8
3,3,"HV,RS",RS,1
3,3,PT,none,1
3,3,RS,none,3
3,3,none,HV,9
3,3,none,RS,3
3,4,"BW,HV,RS","HV,RS",1
3,4,"GC,HV,RCL,RS","HV,RS",1
3,4,HV,"HV,RCL",2
3,4,HV,none,2
3,4,"HV,RCA,RS","HV,RS",1
3,4,"HV,RCL",HV,2
3,4,"HV,RCL,RS","HV,RS",1
3,4,"HV,RS","BW,HV,RS",1
3,4,"HV,RS","GC,HV,RCL,RS",1
3,4,"HV,RS","HV,RCA,RS",1
3,4,"HV,RS","HV,RCL,RS",1
3,4,"HV,RS",RS,1
3,4,PT,none,1
3,4,RCA,none,1
3,4,"RCA,RS",RS,1
3,4,RCL,none,1
3,4,RS,"RCA,RS",1
3,4,RS,none,6
3,4,none,HV,2
3,4,none,"HV,RS",1
3,4,none,RCA,1
3,4,none,RCL,1
3,4,none,RS,6
3,5,"BV,BW,HV","BV,HV",1
3,5,"BV,HV","BV,BW,HV",1
3,5,"BV,HV",HV,1
3,5,"BV,RCL",RCL,1
3,5,HV,none,2
3,5,"HV,RCL",RCL,1
3,5,PC,none,2
3,5,RCL,"BV,RCL",1
3,5,RCL,"HV,RCL",1
3,5,RCL,none,1
3,5,RS,none,4
3,5,none,"BV,HV",1
3,5,none,HV,1
3,5,none,PC,2
3,5,none,RCL,1
3,5,none,RS,4
3,6,HV,none,1
3,6,RS,none,2
3,6,none,RS,3
3,7,"BV,GC,HC,HV,RS","BV,HC,HV,RS",1
3,7,"BV,HC,HV,RS","HC,HV,RS",1
3,7,"GC,HV","BV,GC,HC,HV,RS",1
3,7,"HC,HV,RS","HV,RS",1
3,7,HV,"HV,RS",2
3,7,HV,none,2
3,7,"HV,RS",HV,3
3,7,RS,none,5
3,7,none,"GC,HV",1
3,7,none,HV,1
3,7,none,RS,5
3,8,"BV,HV",HC,1
3,8,"BV,HV",none,1
3,8,HC,none,2
3,8,HV,"HV,RCL",1
3,8,"HV,RCL","HV,RCL,RS",1
3,8,"HV,RCL",RCL,2
3,8,"HV,RCL,RS","HV,RCL",1
3,8,"HV,RCL,RS","RCL,RS",1
3,8,PT,"PT,RS",1
3,8,PT,none,6
3,8,"PT,RS",PT,2
3,8,"PT,RS",RS,1
3,8,RCL,"HV,RCL",1
3,8,RCL,"RCL,RS",1
3,8,RCL,none,3
3,8,"RCL,RS","HV,RCL,RS",1
3,8,"RCL,RS",RCL,1
3,8,RS,"PT,RS",2
3,8,RS,none,1
3,8,none,"BV,HV",2
3,8,none,HC,1
3,8,none,HV,1
3,8,none,PT,4
3,8,none,RCL,2
3,8,none,RS,3
3,9,BV,none,2
3,9,"BV,HV",HV,1
3,9,HC,none,4
3,9,"HC,HV",HV,1
3,9,HV,BV,1
3,9,HV,HC,1
3,9,HV,"HC,HV",1
3,9,HV,RS,1
3,9,HV,none,3
3,9,"HV,RCL",RCL,2
3,9,"HV,RS",RS,1
3,9,PT,none,4
3,9,RCL,"HV,RCL",1
3,9,RCL,"RCL,RS",1
3,9,"RCL,RS","HV,RCL",1
3,9,"RCL,RS",RS,1
3,9,RS,"RCL,RS",1
3,9,RS,none,4
3,9,none,BV,1
3,9,none,"BV,HV",1
3,9,none,HC,3
3,9,none,HV,5
3,9,none,"HV,RS",1
3,9,none,PT,3
3,9,none,RS,3
3,10,"BV,HV",HV,2
3,10,HV,none,3
3,10,PT,"PT,RS",1
3,10,PT,none,5
3,10,"PT,RP,RS","PT,RS",1
3,10,"PT,RS",PT,2
3,10,"PT,RS","PT,RP,RS",1
3,10,RCL,"RCL,RS",1
3,10,RCL,none,3
3,10,"RCL,RS",RCL,1
3,10,RS,none,2
3,10,none,"BV,HV",2
3,10,none,HV,1
3,10,none,PT,3
3,10,none,"PT,RS",1
3,10,none,RCL,3
3,10,none,RS,3
3,11,BW,none,1
3,11,"BW,HV",BW,1
3,11,"BW,HV",none,1
3,11,HV,"BW,HV",1
3,11,"HV,RS",RS,1
3,11,PC,none,1
3,11,"RCL,RS",RS,1
3,11,RS,"HV,RS",1
3,11,RS,none,1
3,11,none,"BW,HV",1
3,11,none,HV,1
3,11,none,"RCL,RS",1
3,11,none,RS,1
3,12,"AC,PC,RS",RS,1
3,12,"AC,RS","AC,PC,RS",1
3,12,HC,none,1
3,12,HV,none,2
3,12,"PC,RS",RS,1
3,12,RCL,none,1
3,12,"RCL,RS",RS,1
3,12,RS,"AC,RS",1
3,12,RS,"PC,RS",1
3,12,RS,"RCL,RS",1
3,12,RS,none,4
3,12,none,HC,1
3,12,none,HV,2
3,12,none,RCL,1
3,12,none,RS,4
3,13,"BV,HV",HV,2
3,13,HV,"BV,HV",2
3,13,HV,none,1
3,13,PC,none,1
3,13,"PC,RS",PC,1
3,13,PT,"PT,RS",2
3,13,PT,none,5
3,13,"PT,RS",PT,2
3,13,"PT,RS",RS,2
3,13,RCL,none,1
3,13,RS,HV,1
3,13,RS,PT,1
3,13,RS,"PT,RS",2
3,13,RS,none,4
3,13,none,PT,4
3,13,none,RCL,1
3,13,none,RS,7
3,14,"BV,HV,RCL","HV,RCL",1
3,14,"GC,HV,RCL","HV,RCL",1
3,14,HV,"HV,RS",1
3,14,"HV,RCL","BV,HV,RCL",1
3,14,"HV,RCL",HV,1
3,14,"HV,RCL","HV,RCL,RS",1
3,14,"HV,RCL",RCL,2
3,14,"HV,RCL,RS","GC,HV,RCL",1
3,14,"HV,RCL,RS","HV,RCL",1
3,14,"HV,RS","HV,RCL,RS",1
3,14,"HV,RS",RS,1
3,14,RCL,"HV,RCL",1
3,14,RCL,"RCL,RS",1
3,14,"RCL,RS","HV,RCL",1
3,14,RS,none,3
3,14,none,"HV,RS",1
3,14,none,RS,2
3,15,"BV,GC,HV,RCL,RS","GC,HV,RCL,RS",1
3,15,"BV,HV,RCL,RS","HV,RCL,RS",1
3,15,"GC,HV,RCL",RCL,1
3,15,"GC,HV,RCL,RS","BV,GC,HV,RCL,RS",1
3,15,"GC,HV,RCL,RS","HV,RCL,RS",2
3,15,HV,RS,1
3,15,"HV,PC,PT,RS","HV,PC,RS",1
3,15,"HV,PC,RS","HV,RS",1
3,15,"HV,RCA,RCL,RS","HV,RCL,RS",1
3,15,"HV,RCL","GC,HV,RCL",1
3,15,"HV,RCL","GC,HV,RCL,RS",1
3,15,"HV,RCL",RCL,1
3,15,"HV,RCL,RS","BV,HV,RCL,RS",1
3,15,"HV,RCL,RS","GC,HV,RCL,RS",1
3,15,"HV,RCL,RS","HV,RCA,RCL,RS",1
3,15,"HV,RCL,RS","HV,RCL",2
3,15,"HV,RCL,RS",RCL,1
3,15,"HV,RS",RS,1
3,15,"HV,RS",none,1
3,15,"PC,PT,RS","HV,PC,PT,RS",1
3,15,PT,"PT,RS",2
3,15,PT,none,1
3,15,"PT,RS","HV,RS",1
3,15,"PT,RS","PC,PT,RS",1
3,15,"PT,RS",PT,1
3,15,"PT,RS",none,1
3,15,RCA,none,1
3,15,RCL,"HV,RCL",1
3,15,RCL,"HV,RCL,RS",1
3,15,RCL,"RCL,RS",2
3,15,RCL,none,1
3,15,"RCL,RS",RCL,2
3,15,RS,"HV,RCL,RS",1
3,15,RS,"PT,RS",2
3,15,RS,none,4
3,15,none,HV,1
3,15,none,PT,1
3,15,none,RCA,1
3,15,none,RS,6
3,16,"GC,HV,RCL","HV,RCL",1
3,16,"GC,HV,RCL,RS","GC,HV,RCL",1
3,16,"GC,HV,RCL,RS","HV,RCL,RS",1
3,16,HV,"HV,RCL",1
3,16,HV,none,1
3,16,"HV,PT,RS","HV,RS",1
3,16,"HV,RCL","GC,HV,RCL,RS",2
3,16,"HV,RCL",RCL,3
3,16,"HV,RCL,RS","HV,RCL",1
3,16,"HV,RS",RS,2
3,16,PT,"HV,PT,RS",1
3,16,PT,"PT,RS",1
3,16,PT,none,5
3,16,"PT,RS",PT,1
3,16,"PT,RS",none,1
3,16,RCL,"HV,RCL",2
3,16,RCL,none,2
3,16,RS,"HV,RS",1
3,16,RS,none,2
3,16,none,HV,2
3,16,none,PT,5
3,16,none,"PT,RS",1
3,16,none,RCL,1
3,16,none,RS,2
3,17,"BV,HV,RCA,RCL,RS","HV,RCA,RCL",1
3,17,"BV,HV,RCL,RS","BV,HV,RCA,RCL,RS",1
3,17,"GC,HV,RCL,RS","HV,RCA,RCL,RS",1
3,17,"HV,PT,RCL,RS","PT,RCL,RS",1
3,17,"HV,RCA,RCL","HV,RCL",3
3,17,"HV,RCA,RCL,RS","HV,RCL,RS",2
3,17,"HV,RCL","BV,HV,RCL,RS",1
3,17,"HV,RCL","HV,RCA,RCL",2
3,17,"HV,RCL","HV,RCL,RS",2
3,17,"HV,RCL",RCL,3
3,17,"HV,RCL,RS","GC,HV,RCL,RS",1
3,17,"HV,RCL,RS","HV,RCA,RCL,RS",1
3,17,"HV,RCL,RS","HV,RCL",2
3,17,"HV,RCL,RS",RCL,1
3,17,"HV,RCL,RS","RCL,RS",2
3,17,"HV,RS",RS,2
3,17,"PT,RCL,RS","RCL,RS",1
3,17,RCL,"HV,RCL",3
3,17,RCL,"RCL,RS",1
3,17,RCL,none,1
3,17,"RCL,RS","HV,PT,RCL,RS",1
3,17,"RCL,RS","HV,RCL,RS",3
3,17,"RCL,RS",RCL,1
3,17,"RCL,RS",RS,3
3,17,RS,"HV,RS",2
3,17,RS,"RCL,RS",3
3,17,RS,none,2
3,17,none,"RCL,RS",1
3,17,none,RS,2
3,18,HV,none,1
3,18,"HV,RCL",RCL,4
3,18,RCL,"HV,RCL",4
3,18,RCL,"RCL,RS",2
3,18,RCL,none,3
3,18,"RCL,RS",RCL,4
3,18,"RCL,RS",RS,1
3,18,RS,"RCL,RS",2
3,18,RS,none,1
3,18,none,HV,1
3,18,none,RCL,1
3,18,none,"RCL,RS",1
3,18,none,RS,2
3,19,"BV,BW,GC,HV,RCL","GC,HV,RCL",1
3,19,"BW,HV,RCL","HV,RCL",1
3,19,"GC,HV,RCL","HV,RCL",2
3,19,"GC,HV,RCL",RCL,1
3,19,"HV,RCL","BV,BW,GC,HV,RCL",1
3,19,"HV,RCL","BW,HV,RCL",1
3,19,"HV,RCL","GC,HV,RCL",1
3,19,"HV,RCL",RCL,1
3,19,RCL,"GC,HV,RCL",1
3,19,RCL,"HV,RCL",1
3,19,RCL,"RCL,RS",3
3,19,RCL,none,1
3,19,"RCL,RS",RCL,2
3,19,"RCL,RS",none,2
3,19,RS,none,3
3,19,none,RCL,2
3,19,none,"RCL,RS",1
3,19,none,RS,3
3,20,HV,none,1
3,20,"HV,RCL",RCL,5
3,20,RCL,"HV,RCL",5
3,20,RCL,"RCL,RS",3
3,20,RCL,none,1
3,20,"RCL,RS",RCL,2
3,20,"RCL,RS",RS,2
3,20,RS,none,4
3,20,none,HV,1
3,20,none,RCL,2
3,20,none,"RCL,RS",1
3,20,none,RS,2
3,21,"GC,HV,RCL","GC,RCL",1
3,21,"GC,HV,RCL,RS","GC,HV,RCL",1
3,21,"GC,HV,RCL,RS","HV,RCL,RS",1
3,21,"GC,RCL",RCL,2
3,21,"HV,RCL","GC,HV,RCL,RS",1
3,21,"HV,RCL",RCL,2
3,21,"HV,RCL,RS","GC,HV,RCL,RS",1
3,21,"HV,RCL,RS","RCL,RS",1
3,21,PT,"PT,RS",1
3,21,"PT,RS",RS,1
3,21,RCL,"GC,RCL",1
3,21,RCL,"HV,RCL",3
3,21,RCL,"HV,RCL,RS",1
3,21,RCL,"RCL,RS",1
3,21,"RCL,RS",RCL,1
3,21,"RCL,RS",RS,1
3,21,RS,none,7
3,21,none,PT,1
3,21,none,RCL,1
3,21,none,RS,5
3,22,"GC,RCL",RCL,1
3,22,PT,none,2
3,22,"PT,RP,RS","RP,RS",1
3,22,"PT,RS","PT,RP,RS",1
3,22,RCL,"GC,RCL",1
3,22,RCL,none,5
3,22,RP,none,1
3,22,"RP,RS",RP,1
3,22,RS,none,4
3,22,none,PT,2
3,22,none,"PT,RS",1
3,22,none,RCL,6
3,22,none,RS,3
4,1,"BW,HC,HV,RS","HC,HV,RS",1
4,1,"BW,HV",none,1
4,1,"HC,HV","BW,HC,HV,RS",1
4,1,"HC,HV",none,1
4,1,"HC,HV,RS","HV,RS",1
4,1,HV,"BW,HV",1
4,1,HV,"HC,HV",1
4,1,HV,"HV,RS",1
4,1,HV,none,7
4,1,"HV,RS",HV,2
4,1,"HV,RS",RS,1
4,1,PC,"PC,RS",1
4,1,PC,RS,1
4,1,PC,none,1
4,1,"PC,PT,RS","PC,RS",1
4,1,"PC,PT,RS",RS,1
4,1,"PC,RS",PC,1
4,1,"PC,RS","PC,PT,RS",2
4,1,"PT,RS",none,1
4,1,RS,"HV,RS",1
4,1,RS,"PC,RS",1
4,1,RS,"PT,RS",1
4,1,RS,none,3
4,1,none,"HC,HV",1
4,1,none,HV,8
4,1,none,PC,1
4,1,none,RS,4
4,2,"BV,BW,HV","BW,HV",1
4,2,"BV,BW,HV",HV,1
4,2,BW,none,1
4,2,"BW,HV","BV,BW,HV",1
4,2,"BW,HV","BW,HV,RS",1
4,2,"BW,HV",HV,1
4,2,"BW,HV,RS","BW,HV",1
4,2,"BW,HV,RS",none,1
4,2,HV,"HV,RCL",1
4,2,HV,none,5
4,2,"HV,RCL",RCL,1
4,2,"HV,RS","BW,HV,RS",1
4,2,PC,"PC,RS",1
4,2,PC,none,1
4,2,"PC,RS",none,1
4,2,RCL,none,1
4,2,RS,"HV,RS",1
4,2,RS,none,5
4,2,none,"BV,BW,HV",1
4,2,none,BW,1
4,2,none,"BW,HV",1
4,2,none,HV,4
4,2,none,PC,1
4,2,none,RS,7
4,3,"BV,BW,HV","BW,HV",1
4,3,"BV,BW,HV","BW,HV,RCL",1
4,3,"BV,BW,HV,RCL","BW,HV,RCL",1
4,3,"BV,HV","BV,BW,HV",1
4,3,"BV,HV","BV,BW,HV,RCL",1
4,3,"BW,HV","BV,BW,HV",1
4,3,"BW,HV",HV,1
4,3,"BW,HV",none,1
4,3,"BW,HV,RCL","BW,HV",1
4,3,"BW,HV,RCL","HV,RCL",1
4,3,GC,none,2
4,3,HV,"BV,HV",2
4,3,HV,"HV,RCL",1
4,3,HV,none,5
4,3,"HV,RCL",HV,2
4,3,PC,"PC,RS",1
4,3,PC,none,1
4,3,"PC,RS",PC,1
4,3,"PC,RS",RS,1
4,3,RS,"PC,RS",1
4,3,RS,none,8
4,3,none,"BW,HV",1
4,3,none,GC,2
4,3,none,HV,5
4,3,none,PC,1
4,3,none,RS,8
4,4,"BV,GC,HV,RS","BV,HV,RS",1
4,4,"BV,HV,RS","HV,RS",1
4,4,"BW,HV","BW,HV,RS",1
4,4,"BW,HV,RS","HV,RS",1
4,4,"HC,HV,RS",HV,1
4,4,HV,"BW,HV",1
4,4,HV,"HV,RCL",1
4,4,HV,"HV,RS",1
4,4,HV,none,3
4,4,"HV,RCL",HV,1
4,4,"HV,RCL","HV,RCL,RS",1
4,4,"HV,RCL",none,1
4,4,"HV,RCL,RS","HV,RCL",1
4,4,"HV,RS","BV,GC,HV,RS",1
4,4,"HV,RS","HC,HV,RS",1
4,4,"HV,RS",HV,2
4,4,"HV,RS",RS,1
4,4,PC,"PC,RS",1
4,4,"PC,RP,RS","PC,RS",1
4,4,"PC,RS",PC,1
4,4,"PC,RS","PC,RP,RS",1
4,4,"PC,RS",RS,2
4,4,RS,HV,1
4,4,RS,"HV,RS",2
4,4,RS,"PC,RS",1
4,4,RS,none,5
4,4,none,HV,1
4,4,none,"HV,RCL",1
4,4,none,"PC,RS",1
4,4,none,RS,6
4,5,HV,"HV,RCL",1
4,5,HV,none,2
4,5,"HV,RCL",RCL,4
4,5,PC,"PC,RS",1
4,5,PC,none,2
4,5,"PC,RS",PC,1
4,5,"PC,RS",none,1
4,5,RCL,"HV,RCL",3
4,5,RCL,none,5
4,5,RS,"PC,RS",1
4,5,RS,none,1
4,5,none,HV,3
4,5,none,PC,1
4,5,none,RCL,4
4,5,none,RS,3
4,6,"HC,HV",HV,1
4,6,HV,"HC,HV",1
4,6,HV,RS,1
4,6,HV,none,6
4,6,"HV,PC",HV,1
4,6,"HV,RCL",RCL,5
4,6,PC,"HV,PC",1
4,6,PC,none,3
4,6,RCA,none,2
4,6,RCL,"HV,RCL",3
4,6,RCL,none,3
4,6,RS,none,3
4,6,none,HV,6
4,6,none,"HV,RCL",2
4,6,none,PC,3
4,6,none,RCA,2
4,6,none,RCL,1
4,6,none,RS,3
4,7,"BV,HV","BV,HV,RCL",1
4,7,"BV,HV",HV,1
4,7,"BV,HV,RCL","BV,HV",1
4,7,"BV,HV,RCL","HV,RCL",1
4,7,"BV,HV,RCL",RCL,1
4,7,"BV,HV,RS","HV,RS",1
4,7,HV,"BV,HV",1
4,7,HV,"HV,RS",1
4,7,HV,none,1
4,7,"HV,RCL","BV,HV,RCL",2
4,7,"HV,RCL",HV,1
4,7,"HV,RCL",RCL,3
4,7,"HV,RCL",none,1
4,7,"HV,RS","BV,HV,RS",1
4,7,"HV,RS",HV,1
4,7,PC,"PC,RCL",1
4,7,PC,"PC,RS",3
4,7,PC,none,3
4,7,"PC,RCL",RCL,1
4,7,"PC,RS",PC,3
4,7,RCL,"HV,RCL",6
4,7,RS,none,2
4,7,none,PC,3
4,7,none,RCL,1
4,7,none,RS,3
4,8,"BV,HV",HV,1
4,8,"BV,HV,RCL",RCL,1
4,8,"BV,RCL","HV,RCL",1
4,8,HC,none,1
4,8,"HC,HV","HC,RCL",1
4,8,"HC,HV,RCL","HC,RCL",1
4,8,"HC,RCL",HC,1
4,8,"HC,RCL",RCL,1
4,8,"HC,RCL",none,1
4,8,HV,"HV,RCL",2
4,8,HV,none,3
4,8,"HV,RCL","BV,HV,RCL",1
4,8,"HV,RCL",HV,1
4,8,"HV,RCL","HV,RCL,RS",1
4,8,"HV,RCL",RCL,2
4,8,"HV,RCL",none,1
4,8,"HV,RCL,RS","RCL,RS",1
4,8,PC,"PC,PT",1
4,8,PC,none,4
4,8,"PC,PT",PC,1
4,8,RCL,"BV,RCL",1
4,8,RCL,"HC,HV,RCL",1
4,8,RCL,"HC,RCL",1
4,8,RCL,"HV,RCL",1
4,8,RCL,none,2
4,8,"RCL,RS",RS,1
4,8,RS,none,2
4,8,none,"BV,HV",1
4,8,none,"HC,HV",1
4,8,none,HV,3
4,8,none,"HV,RCL",2
4,8,none,PC,3
4,8,none,RCL,2
4,8,none,RS,2
4,9,"HC,HV,RCL","HV,RCL",1
4,9,"HC,PC",PC,1
4,9,HV,"HC,HV,RCL",1
4,9,HV,RCL,1
4,9,HV,none,3
4,9,"HV,PC","HV,RCL",1
4,9,"HV,RCL",HV,2
4,9,"HV,RCL",RCL,2
4,9,"HV,RCL,RS","RCL,RS",2
4,9,PC,"HC,PC",1
4,9,PC,"HV,PC",1
4,9,PC,"PC,PT",2
4,9,PC,none,4
4,9,"PC,PT",PC,2
4,9,RCL,HV,1
4,9,RCL,"HV,RCL",1
4,9,RCL,"RCL,RS",1
4,9,RCL,none,3
4,9,"RCL,RS","HV,RCL,RS",2
4,9,"RCL,RS",RCL,1
4,9,RS,none,2
4,9,none,HV,2
4,9,none,"HV,RCL",1
4,9,none,PC,5
4,9,none,RCL,2
4,9,none,RS,2
4,10,"BV,HC,RCL","HC,RCL",1
4,10,"BV,HV","BV,HV,RCL",1
4,10,"BV,HV",HV,1
4,10,"BV,HV,RCL","HV,RCL",1
4,10,"BV,HV,RCL",RCL,1
4,10,"BW,HC,HV,RCL","HC,RCL",1
4,10,"GC,HV","GC,RCL",1
4,10,"GC,RCL",RCL,1
4,10,"HC,HV,RCL",HV,1
4,10,"HC,RCL","BV,HC,RCL",1
4,10,"HC,RCL","HC,HV,RCL",1
4,10,"HC,RCL,RS","RCL,RS",1
4,10,HV,"BV,HV",2
4,10,HV,"GC,HV",1
4,10,HV,"HV,RCL",3
4,10,HV,none,1
4,10,"HV,RCL","BW,HC,HV,RCL",1
4,10,"HV,RCL",HV,2
4,10,"HV,RCL",RCL,3
4,10,"HV,RCL,RS","RCL,RS",1
4,10,PC,none,3
4,10,PT,none,2
4,10,RCL,"BV,HV,RCL",1
4,10,RCL,"HC,RCL,RS",1
4,10,RCL,"HV,RCL",1
4,10,RCL,"HV,RCL,RS",1
4,10,RCL,none,2
4,10,"RCL,RS",RCL,1
4,10,"RCL,RS",RS,1
4,10,RS,PC,1
4,10,RS,none,1
4,10,none,HV,3
4,10,none,"HV,RCL",1
4,10,none,PC,2
4,10,none,PT,1
4,10,none,RS,2
4,11,"BV,HC,RCL","HC,RCL",1
4,11,"BV,HV","BV,HV,RS",1
4,11,"BV,HV",none,1
4,11,"BV,HV,RCL","BV,RCL",1
4,11,"BV,HV,RCL",RCL,1
4,11,"BV,HV,RCL,RS",RCL,1
4,11,"BV,HV,RS","BV,HV",1
4,11,"BV,RCL","BV,HC,RCL",1
4,11,"BV,RCL",RCL,1
4,11,"HC,RCL",RCL,1
4,11,HV,"BV,HV",1
4,11,"HV,RCL","BV,HV,RCL,RS",1
4,11,PC,none,1
4,11,RCL,"BV,HV,RCL",2
4,11,RCL,"BV,RCL",1
4,11,RCL,"HV,RCL",1
4,11,RCL,"RCL,RS",1
4,11,RCL,none,2
4,11,"RCL,RS",RS,1
4,11,RS,none,2
4,11,none,HV,1
4,11,none,PC,1
4,11,none,RCL,3
4,11,none,RS,1
4,12,"AC,RCL",RCL,3
4,12,"AC,RCL,RS","RCL,RS",1
4,12,"HV,RCL",RCL,2
4,12,"HV,RS",RS,1
4,12,RCL,"AC,RCL",2
4,12,RCL,"HV,RCL",2
4,12,RCL,"RCL,RS",5
4,12,RCL,RS,1
4,12,RCL,none,1
4,12,"RCL,RS","AC,RCL,RS",1
4,12,"RCL,RS",RCL,4
4,12,"RCL,RS",RS,1
4,12,RS,"AC,RCL",1
4,12,RS,"HV,RS",1
4,12,RS,RCL,1
4,12,RS,none,6
4,12,none,PC,1
4,12,none,RCL,1
4,12,none,RS,5
4,13,AC,"AC,HV",1
4,13,AC,"AC,RCL",2
4,13,AC,"AC,RS",2
4,13,"AC,BV,BW,HV,RCL","AC,BV,HV,RCL",2
4,13,"AC,BV,BW,HV,RCL","AC,BV,RCL",1
4,13,"AC,BV,BW,HV,RCL","AC,BW,HV,RCL",1
4,13,"AC,BV,BW,HV,RCL,RS","AC,BV,BW,HV,RCL",1
4,13,"AC,BV,HV,RCA,RCL","AC,BV,HV,RCL",1
4,13,"AC,BV,HV,RCL","AC,BV,HV,RCA,RCL",1
4,13,"AC,BV,HV,RCL","AC,BV,RCL",1
4,13,"AC,BV,HV,RCL","AC,HC,HV,RCL",1
4,13,"AC,BV,RCL","AC,BV,BW,HV,RCL",1
4,13,"AC,BV,RCL","AC,RCL",1
4,13,"AC,BW,HV,RCL","AC,BW,HV,RCL,RS",1
4,13,"AC,BW,HV,RCL","AC,HV,RCL",1
4,13,"AC,BW,HV,RCL","AC,RCL",1
4,13,"AC,BW,HV,RCL,RS","AC,RCL",1
4,13,"AC,BW,HV,RS","HV,RS",1
4,13,"AC,BW,RCL","AC,BV,BW,HV,RCL",1
4,13,"AC,HC,HV,RCL","AC,RCL",1
4,13,"AC,HV",AC,1
4,13,"AC,HV","AC,HV,RS",1
4,13,"AC,HV,RCA,RCL","AC,HV,RCL",1
4,13,"AC,HV,RCL",AC,1
4,13,"AC,HV,RCL","AC,BW,HV,RCL",1
4,13,"AC,HV,RCL","AC,HV,RCA,RCL",1
4,13,"AC,HV,RCL","AC,RCL",1
4,13,"AC,HV,RS","AC,BV,BW,HV,RCL,RS",1
4,13,"AC,HV,RS","AC,RS",1
4,13,"AC,RCL",AC,2
4,13,"AC,RCL","AC,BW,HV,RCL",1
4,13,"AC,RCL","AC,BW,RCL",1
4,13,"AC,RCL","AC,HV,RCL",2
4,13,"AC,RCL","AC,RCL,RS",2
4,13,"AC,RCL",RCL,1
4,13,"AC,RCL,RS","AC,BV,BW,HV,RCL",1
4,13,"AC,RCL,RS","AC,RCL",1
4,13,"AC,RS",AC,1
4,13,"AC,RS","AC,HV,RS",1
4,13,"AC,RS","AC,RCL",1
4,13,"BW,HV,PC,RS","AC,BW,HV,RS",1
4,13,"BW,HV,RS","BW,HV,PC,RS",1
4,13,HV,"AC,HV",1
4,13,"HV,RS",HV,1
4,13,PC,"PC,RS",4
4,13,PC,none,5
4,13,"PC,RS",PC,4
4,13,RCL,"RCL,RS",1
4,13,RCL,none,1
4,13,"RCL,RS",RCL,1
4,13,RS,"BW,HV,RS",1
4,13,RS,none,4
4,13,none,PC,5
4,13,none,RS,5
4,14,"AC,BW,HV,RCL","AC,HV,RCL",3
4,14,"AC,BW,HV,RCL,RS","AC,HV,RCL,RS",1
4,14,"AC,HV,RCL","AC,BW,HV,RCL",3
4,14,"AC,HV,RCL","AC,HV,RCL,RS",3
4,14,"AC,HV,RCL","AC,RCL",2
4,14,"AC,HV,RCL",RCL,1
4,14,"AC,HV,RCL,RS","AC,BW,HV,RCL,RS",1
4,14,"AC,HV,RCL,RS","AC,HV,RCL",2
4,14,"AC,HV,RCL,RS","HV,RCL,RS",1
4,14,"AC,RCL","AC,HV,RCL",2
4,14,HV,"HV,RCL",1
4,14,"HV,RCL","AC,HV,RCL",1
4,14,"HV,RCL",none,1
4,14,"HV,RCL,RS","RCL,RS",2
4,14,PC,"PC,RS",1
4,14,PC,none,2
4,14,"PC,RS",none,1
4,14,RCL,"AC,HV,RCL",1
4,14,RCL,"RCL,RS",1
4,14,RCL,none,1
4,14,"RCL,RS","HV,RCL,RS",1
4,14,"RCL,RS",RCL,1
4,14,"RCL,RS",RS,2
4,14,RS,"RCL,RS",1
4,14,none,HV,1
4,14,none,"HV,RCL",1
4,14,none,PC,2
4,14,none,RCL,1
4,15,"AC,BV,BW,GC,HV,RCL,RS","AC,BW,GC,HV,RCL,RS",1
4,15,"AC,BV,BW,GC,HV,RCL,RS","AC,GC,HV,RCL,RS",1
4,15,"AC,BV,BW,HV,RCL,RS","AC,BV,BW,GC,HV,RCL,RS",1
4,15,"AC,BV,GC,HV,RCL,RS","AC,GC,HV,RCL,RS",1
4,15,"AC,BV,HV,RCL","AC,BV,GC,HV,RCL,RS",1
4,15,"AC,BW,GC,HV,RCL,RS","AC,GC,HV,RCL,RS",1
4,15,"AC,GC,HV,RCL","AC,HV,RCL",1
4,15,"AC,GC,HV,RCL,RS","AC,BV,BW,GC,HV,RCL,RS",1
4,15,"AC,GC,HV,RCL,RS","AC,GC,HV,RCL",1
4,15,"AC,GC,HV,RCL,RS","AC,HV,RCL",1
4,15,"AC,HV,RCL","AC,BV,HV,RCL",1
4,15,"AC,HV,RCL","AC,RCL",1
4,15,"AC,RCL",RCL,1
4,15,"BV,BW,HV,RCL,RS","AC,BV,BW,HV,RCL,RS",1
4,15,"BV,HV,RCL,RS","HV,RCL,RS",2
4,15,"GC,HV,RCL,RS","HV,RCL,RS",1
4,15,HV,"HV,RCL",1
4,15,HV,RCL,1
4,15,"HV,PC,RCL,RS","HV,RS",1
4,15,"HV,PC,RS","HV,PC,RCL,RS",1
4,15,"HV,RCL","BV,HV,RCL,RS",1
4,15,"HV,RCL","HV,RCL,RS",1
4,15,"HV,RCL,RS","BV,BW,HV,RCL,RS",1
4,15,"HV,RCL,RS","BV,HV,RCL,RS",1
4,15,"HV,RCL,RS","GC,HV,RCL,RS",1
4,15,"HV,RCL,RS","HV,RCL",1
4,15,"HV,RS",HV,1
4,15,PC,"HV,PC,RS",1
4,15,PC,"PC,PT",1
4,15,PC,"PC,RS",1
4,15,PC,none,2
4,15,"PC,PT",PC,1
4,15,"PC,RS",PC,1
4,15,RCL,"RCL,RS",2
4,15,RCL,none,4
4,15,"RCL,RS",RCL,2
4,15,RS,none,4
4,15,none,HV,1
4,15,none,PC,2
4,15,none,RCL,2
4,15,none,RS,5
4,16,AC,"AC,HV",1
4,16,AC,"AC,HV,RCL",1
4,16,AC,none,1
4,16,"AC,BV,GC,HV,RCL,RS","AC,HV,RCL,RS",1
4,16,"AC,BV,HV,RCL,RS","AC,BV,GC,HV,RCL,RS",1
4,16,"AC,GC,HV,RCL","AC,HV,RCL",2
4,16,"AC,GC,HV,RCL","AC,RCL",1
4,16,"AC,GC,HV,RCL,RS","AC,GC,HV,RCL",1
4,16,"AC,GC,HV,RS","HV,RCL,RS",1
4,16,"AC,HV","AC,HV,RS",1
4,16,"AC,HV",HV,1
4,16,"AC,HV,RCL","AC,GC,HV,RCL",2
4,16,"AC,HV,RCL","AC,GC,HV,RCL,RS",1
4,16,"AC,HV,RCL","AC,HV,RCL,RS",1
4,16,"AC,HV,RCL","HV,RCL",1
4,16,"AC,HV,RCL,RS","AC,BV,HV,RCL,RS",1
4,16,"AC,HV,RCL,RS","HV,RCL,RS",1
4,16,"AC,HV,RS","AC,GC,HV,RS",1
4,16,"AC,RCL",AC,1
4,16,HV,"AC,HV",1
4,16,HV,none,3
4,16,"HV,PC,RS","HV,RS",1
4,16,"HV,RCL","AC,HV,RCL",2
4,16,"HV,RCL,RS","HV,RCL",1
4,16,"HV,RCL,RS","HV,RS",1
4,16,"HV,RS",HV,1
4,16,"HV,RS",RS,1
4,16,PC,"HV,PC,RS",1
4,16,PC,none,7
4,16,"PC,RS",PC,1
4,16,RCL,AC,1
4,16,RCL,none,1
4,16,RS,none,3
4,16,none,AC,1
4,16,none,HV,2
4,16,none,PC,6
4,16,none,"PC,RS",1
4,16,none,RCL,2
4,16,none,RS,3
4,17,AC,"AC,HV",1
4,17,AC,none,1
4,17,"AC,BV,BW,GC,HV,RCL","AC,BV,BW,GC,HV,RCL,RS",1
4,17,"AC,BV,BW,GC,HV,RCL","AC,BV,GC,HV,RCL",1
4,17,"AC,BV,BW,GC,HV,RCL,RS","AC,BV,BW,GC,HV,RCL",1
4,17,"AC,BV,GC,HV,RCL","AC,BV,BW,GC,HV,RCL",1
4,17,"AC,BV,GC,HV,RCL","AC,BV,HV,RCL",1
4,17,"AC,BV,GC,HV,RCL","HV,RCL",1
4,17,"AC,BV,HV,RCL","AC,BV,GC,HV,RCL",1
4,17,"AC,BV,HV,RCL","AC,BV,RCL",1
4,17,"AC,BV,HV,RCL","AC,HV,RCL",1
4,17,"AC,BV,RCL","AC,BV,HV,RCL",1
4,17,"AC,BV,RCL","AC,RCL",2
4,17,"AC,HV","AC,HV,RCL",1
4,17,"AC,HV,RCL",AC,1
4,17,"AC,HV,RCL","AC,BV,GC,HV,RCL",1
4,17,"AC,HV,RCL","AC,BV,RCL",2
4,17,"AC,HV,RCL","AC,HV,RCL,RS",1
4,17,"AC,HV,RCL","AC,RCL",2
4,17,"AC,HV,RCL",RCL,1
4,17,"AC,HV,RCL,RS","AC,HV,RCL",1
4,17,"AC,RCL","AC,BV,HV,RCL",1
4,17,"AC,RCL","AC,HV,RCL",4
4,17,"GC,HV,RCL","GC,HV,RCL,RS",1
4,17,"GC,HV,RCL","HV,RCL",1
4,17,"GC,HV,RCL,RS","RCL,RS",1
4,17,"GC,HV,RS",HV,2
4,17,HV,"GC,HV,RS",2
4,17,HV,"HV,RCL",1
4,17,HV,none,1
4,17,"HV,PC",PC,1
4,17,"HV,PC,RCL",RCL,1
4,17,"HV,RCL","GC,HV,RCL",2
4,17,"HV,RCL",HV,1
4,17,"HV,RCL",RCL,1
4,17,PC,"HV,PC",1
4,17,PC,"PC,RS",3
4,17,PC,none,6
4,17,"PC,RS",PC,2
4,17,"PC,RS",RS,1
4,17,RCL,"AC,HV,RCL",1
4,17,RCL,"AC,RCL",1
4,17,RCL,"HV,PC,RCL",1
4,17,RCL,"HV,RCL",1
4,17,RCL,none,1
4,17,"RCL,RS",RS,1
4,17,RS,none,7
4,17,none,AC,1
4,17,none,HV,1
4,17,none,PC,7
4,17,none,RCL,2
4,17,none,RS,5
4,18,"BV,HV,RCL",RCL,1
4,18,"BV,RCL",RCL,1
4,18,"BW,GC,HV,RCL","HV,RCL",1
4,18,HV,"HV,PC",1
4,18,"HV,PC","HV,PC,RS",1
4,18,"HV,PC,RCL,RS","HV,RCL,RS",1
4,18,"HV,PC,RS","HV,PC,RCL,RS",1
4,18,"HV,PC,RS","HV,RS",1
4,18,"HV,RCL","BW,GC,HV,RCL",1
4,18,"HV,RCL","HV,RCL,RS",1
4,18,"HV,RCL",RCL,8
4,18,"HV,RCL,RS","HV,RCL",1
4,18,"HV,RCL,RS","RCL,RS",1
4,18,"HV,RS",HV,1
4,18,PC,"HV,PC,RS",1
4,18,PC,"PC,RS",4
4,18,PC,none,1
4,18,"PC,RS",PC,5
4,18,RCL,"BV,HV,RCL",1
4,18,RCL,"BV,RCL",1
4,18,RCL,"HV,RCL",7
4,18,RCL,none,1
4,18,"RCL,RS",RS,1
4,18,RS,"HV,RCL",1
4,18,RS,none,2
4,18,none,PC,1
4,18,none,RS,3
4,19,"BW,GC,HV,RCL","GC,HV,RCL",1
4,19,"GC,HV,RCL","BW,GC,HV,RCL",1
4,19,"GC,HV,RCL","GC,RCL",2
4,19,"GC,HV,RCL","HV,RCL",2
4,19,"GC,RCL",RCL,3
4,19,"HV,PC",PC,1
4,19,"HV,PC,RCL",RCL,1
4,19,"HV,RCL","GC,HV,RCL",4
4,19,"HV,RCL",RCL,4
4,19,PC,"HV,PC,RCL",1
4,19,PC,"PC,RS",2
4,19,PC,none,3
4,19,"PC,RS",PC,1
4,19,"PC,RS",RS,1
4,19,RCL,"GC,RCL",1
4,19,RCL,"HV,RCL",6
4,19,RCL,"RCL,RS",1
4,19,RCL,none,2
4,19,"RCL,RS",PC,1
4,19,"RCL,RS",RCL,1
4,19,RS,none,3
4,19,none,"HV,PC",1
4,19,none,PC,2
4,19,none,RCL,1
4,19,none,"RCL,RS",1
4,19,none,RS,3
4,20,"GC,HV,RCL","HV,RCL",1
4,20,"GC,HV,RCL",RCL,2
4,20,HV,"HV,RCL",1
4,20,HV,none,1
4,20,"HV,RCL","GC,HV,RCL",3
4,20,"HV,RCL",HV,1
4,20,"HV,RCL",RCL,4
4,20,PC,none,8
4,20,RCL,"HV,RCL",6
4,20,RCL,none,3
4,20,RS,none,1
4,20,none,HV,1
4,20,none,PC,8
4,20,none,RCL,3
4,20,none,RS,1
4,21,"GC,HV,PC,RCL,RS","GC,HV,RCL,RS",1
4,21,"GC,HV,RCL","GC,HV,PC,RCL,RS",1
4,21,"GC,HV,RCL","HV,RCL",4
4,21,"GC,HV,RCL,RS","GC,HV,RCL",1
4,21,"GC,HV,RCL,RS","HV,RCL,RS",1
4,21,"HV,RCL","GC,HV,RCL",3
4,21,"HV,RCL","HV,RCL,RS",1
4,21,"HV,RCL",RCL,4
4,21,"HV,RCL,RS","GC,HV,RCL,RS",1
4,21,"HV,RCL,RS","HV,RCL",1
4,21,PC,"PC,RS",1
4,21,PC,none,5
4,21,"PC,RCL",RCL,1
4,21,"PC,RS",PC,1
4,21,RCL,"GC,HV,RCL",1
4,21,RCL,"HV,RCL",3
4,21,RCL,"PC,RCL",1
4,21,RCL,none,1
4,21,none,PC,4
4,21,none,RCL,2
4,22,GC,none,1
4,22,"HV,RCL",RCL,2
4,22,PC,"PC,RS",1
4,22,PC,none,3
4,22,"PC,RS","RP,RS",1
4,22,RCL,"HV,RCL",2
4,22,RCL,"RCL,RS",1
4,22,RCL,none,4
4,22,"RCL,RS",RS,1
4,22,"RP,RS",none,1
4,22,none,GC,1
4,22,none,PC,3
4,22,none,RCL,5
5,1,"AC,RCL",RCL,1
5,1,BW,none,1
5,1,"BW,GC,HV,RCL","BW,GC,HV,RCL,RS",1
5,1,"BW,GC,HV,RCL",none,1
5,1,"BW,GC,HV,RCL,RS","GC,HV,RCL",1
5,1,"BW,GC,HV,RCL,RS","GC,HV,RCL,RS",1
5,1,"BW,HC,RCL","HV,RCL",1
5,1,"BW,HV,RCL","BW,GC,HV,RCL",1
5,1,"BW,RCL","BW,HC,RCL",1
5,1,"BW,RCL,RS","RCL,RS",1
5,1,"GC,HV,RCL",none,1
5,1,"GC,HV,RCL,RS","BW,GC,HV,RCL,RS",1
5,1,"HV,RCA,RCL",none,2
5,1,"HV,RCL","BW,HV,RCL",1
5,1,"HV,RCL",none,1
5,1,"RCA,RCL",RCL,1
5,1,"RCA,RCL,RS","RCL,RS",2
5,1,RCL,"BW,RCL",1
5,1,RCL,none,4
5,1,"RCL,RS","BW,RCL,RS",1
5,1,"RCL,RS","RCA,RCL,RS",1
5,1,"RCL,RS",RS,1
5,1,RP,none,3
5,1,RS,none,1
5,1,none,"AC,RCL",1
5,1,none,BW,1
5,1,none,"BW,GC,HV,RCL",1
5,1,none,"HV,RCA,RCL",2
5,1,none,"HV,RCL",1
5,1,none,"RCA,RCL",1
5,1,none,"RCA,RCL,RS",1
5,1,none,RCL,3
5,1,none,RP,2
5,1,none,RS,1
5,2,"BW,HC,HV,RCL","HV,RCL",1
5,2,"BW,HV,RCA,RCL","HC,HV,RCA,RCL",1
5,2,"BW,HV,RCL","BW,HC,HV,RCL",1
5,2,"BW,HV,RCL","BW,HV,RCL,RS",1
5,2,"BW,HV,RCL",none,1
5,2,"BW,HV,RCL,RS","HV,RCL,RS",1
5,2,"BW,RCL","BW,HV,RCL",1
5,2,"BW,RCL,RS","RCL,RS",1
5,2,"GC,HV,RCA,RCL","BW,HV,RCA,RCL",1
5,2,"HC,HV,RCA,RCL","HC,HV,RCL",1
5,2,"HC,HV,RCA,RCL","HV,RCA,RCL",1
5,2,"HC,HV,RCL","HC,HV,RCA,RCL",1
5,2,"HC,HV,RCL",none,1
5,2,"HC,HV,RCL,RS","HC,HV,RCL",1
5,2,"HC,RCL,RS",RCL,1
5,2,"HV,RCA,RCL","HV,RCL",1
5,2,"HV,RCA,RCL","RCA,RCL",1
5,2,"HV,RCA,RCL",none,1
5,2,"HV,RCL","BW,HV,RCL",1
5,2,"HV,RCL","HV,RCA,RCL",2
5,2,"HV,RCL","HV,RCL,RS",1
5,2,"HV,RCL,RS","HC,HV,RCL,RS",1
5,2,"HV,RCL,RS","RCL,RS",2
5,2,"PC,PT","PC,PT,RS",1
5,2,"PC,PT,RS","PT,RS",1
5,2,"PT,RP,RS","RP,RS",1
5,2,"PT,RS",none,1
5,2,"RCA,RCL",RCL,2
5,2,RCL,"BW,RCL",1
5,2,RCL,"GC,HV,RCA,RCL",1
5,2,RCL,"HV,RCL",1
5,2,RCL,"RCA,RCL",1
5,2,RCL,none,1
5,2,"RCL,RP,RS",none,1
5,2,"RCL,RS","BW,RCL,RS",1
5,2,"RCL,RS","HC,RCL,RS",1
5,2,"RCL,RS",RCL,1
5,2,"RCL,RS",RS,1
5,2,"RP,RS","PT,RP,RS",1
5,2,"RP,RS","RCL,RP,RS",1
5,2,RS,"RP,RS",1
5,2,RS,none,6
5,2,none,"BW,HV,RCL",1
5,2,none,"HV,RCL",1
5,2,none,"HV,RCL,RS",1
5,2,none,"PC,PT",1
5,2,none,RCL,1
5,2,none,"RCL,RS",1
5,2,none,RS,6
5,3,"BW,HC,HV,RCL","HC,HV,RCL",1
5,3,"BW,HC,RCL",none,1
5,3,"BW,HV,RCL","BW,HV,RCL,RS",1
5,3,"BW,HV,RCL,RS","HV,RCL",1
5,3,"BW,RCL","BW,HC,RCL",1
5,3,"HC,HV,RCL","BW,HC,HV,RCL",1
5,3,"HC,HV,RCL","HC,RCL",1
5,3,"HC,RCL",RCL,1
5,3,"HV,RCL","HC,HV,RCL",1
5,3,RCL,"BW,HV,RCL",1
5,3,RCL,"BW,RCL",1
5,3,RCL,"RCL,RS",1
5,3,RCL,none,1
5,3,"RCL,RS",RS,1
5,3,RP,none,1
5,3,none,RCL,3
5,4,"BV,BW,GC,HV,RCL","BW,GC,HV,RCL",1
5,4,"BW,GC,HV,RCA,RCL","GC,HV,RCA,RCL",1
5,4,"BW,GC,HV,RCA,RCL","GC,HV,RCL",1
5,4,"BW,GC,HV,RCL","BV,BW,GC,HV,RCL",1
5,4,"BW,GC,HV,RCL","BW,GC,HV,RCA,RCL",1
5,4,"BW,GC,HV,RCL","GC,HV,RCL",1
5,4,"BW,GC,HV,RCL,RS","BW,GC,RCL,RS",1
5,4,"BW,GC,HV,RCL,RS","GC,HV,RCA,RCL,RS",1
5,4,"BW,GC,RCL,RS","BW,RCL,RS",1
5,4,"BW,HV,RCL","BW,HV,RCL,RS",1
5,4,"BW,HV,RCL","HV,RCL",1
5,4,"BW,HV,RCL",RCL,1
5,4,"BW,HV,RCL,RS","BW,GC,HV,RCL,RS",1
5,4,"BW,HV,RCL,RS","GC,RCL,RS",1
5,4,"BW,HV,RCL,RS","HV,RCL,RS",1
5,4,"BW,RCA,RCL","BW,GC,HV,RCA,RCL",1
5,4,"BW,RCL","RCL,RP",1
5,4,"BW,RCL,RS","BW,HV,RCL,RS",1
5,4,"GC,HV,RCA,RCL","HV,RCA,RCL",1
5,4,"GC,HV,RCA,RCL,RS","GC,HV,RCL,RS",1
5,4,"GC,HV,RCL","BW,GC,HV,RCL",2
5,4,"GC,HV,RCL","HV,RCL",1
5,4,"GC,HV,RCL",RCL,1
5,4,"GC,HV,RCL,RS","BW,GC,HV,RCL,RS",1
5,4,"GC,HV,RCL,RS","HV,RCL,RS",1
5,4,"GC,RCL","GC,HV,RCL",1
5,4,"GC,RCL,RS","GC,RCL",1
5,4,"HC,HV,RCL,RS","HV,RCL,RS",1
5,4,"HV,RCA,RCL","BW,HV,RCL",1
5,4,"HV,RCL","GC,HV,RCL",1
5,4,"HV,RCL","HV,RCL,RS",1
5,4,"HV,RCL,RS","BW,HV,RCL,RS",1
5,4,"HV,RCL,RS","GC,HV,RCL,RS",1
5,4,"HV,RCL,RS","HC,HV,RCL,RS",1
5,4,"HV,RCL,RS","RCL,RS",1
5,4,PC,none,1
5,4,RCL,"BW,HV,RCL",2
5,4,RCL,"BW,RCA,RCL",1
5,4,RCL,"BW,RCL",1
5,4,RCL,"RCL,RP",1
5,4,RCL,RP,1
5,4,RCL,none,1
5,4,"RCL,RP",RCL,3
5,4,"RCL,RS",RS,1
5,4,RP,"RCL,RP",1
5,4,RP,none,3
5,4,RS,PC,1
5,4,RS,none,4
5,4,none,RCL,2
5,4,none,RP,2
5,4,none,RS,5
5,5,"BV,BW,GC,HV,RCL","BW,GC,HV,RCL",1
5,5,"BV,BW,HC,RCL","HC,RCL",1
5,5,"BV,BW,RCL","BW,RCL",1
5,5,"BV,BW,RCL","RCA,RCL",1
5,5,"BW,GC,HV,RCL","GC,HC,HV,RCA,RCL",1
5,5,"BW,HC,RCL","BV,BW,HC,RCL",1
5,5,"BW,HV,RCL","BW,RCL",1
5,5,"BW,RCL","BV,BW,RCL",2
5,5,"BW,RCL",RCL,4
5,5,"GC,HC,HV,RCA,RCL","HV,RCA,RCL",1
5,5,"HC,HV,RCL","HC,RCL",1
5,5,"HC,RCA,RCL",RCL,1
5,5,"HC,RCL","BW,HC,RCL",1
5,5,"HC,RCL","BW,RCL",1
5,5,"HC,RCL","HC,HV,RCL",1
5,5,"HC,RCL",RCL,1
5,5,"HV,RCA,RCL","RCA,RCL",1
5,5,PC,none,1
5,5,"RCA,RCL","HC,RCA,RCL",1
5,5,"RCA,RCL",RCL,1
5,5,RCL,"BV,BW,GC,HV,RCL",1
5,5,RCL,"BW,HV,RCL",1
5,5,RCL,"BW,RCL",3
5,5,RCL,"HC,RCL",2
5,5,RCL,"RCL,RS",1
5,5,RCL,none,1
5,5,"RCL,RS",RCL,2
5,5,RP,RS,1
5,5,"RP,RS",RP,1
5,5,RS,"RCL,RS",1
5,5,RS,none,1
5,5,none,"RP,RS",1
5,5,none,RS,2
5,6,"AC,HV,RCL",RCL,1
5,6,"BV,BW,HV,RCL","AC,HV,RCL",1
5,6,"BV,BW,HV,RCL","HV,RCL",1
5,6,"BW,HV",HV,1
5,6,"BW,RCL","BV,BW,HV,RCL",2
5,6,"BW,RCL",RCL,3
5,6,HV,"HV,RCL",1
5,6,"HV,RCL",RCL,3
5,6,"RCA,RCL","BW,RCL",1
5,6,"RCA,RCL",RCL,3
5,6,RCL,"BW,RCL",4
5,6,RCL,"HV,RCL",1
5,6,RCL,"RCA,RCL",4
5,6,RCL,"RCL,RS",1
5,6,RCL,none,2
5,6,"RCL,RS",RS,1
5,6,RP,none,1
5,6,"RP,RS",RP,1
5,6,RS,"RP,RS",1
5,6,RS,none,6
5,6,none,"BW,HV",1
5,6,none,RCL,2
5,6,none,RS,6
5,7,"AC,BW,HV,RCL,RS","BW,HV,RCL,RS",1
5,7,"BV,BW,GC,HV,RCA,RCL,RS","GC,HV,RCA,RCL,RS",1
5,7,"BV,BW,GC,HV,RCL,RS","BV,BW,GC,HV,RCA,RCL,RS",1
5,7,"BW,GC,HV,RCA,RCL","BW,GC,HV,RCA,RCL,RS",1
5,7,"BW,GC,HV,RCA,RCL,RS","BW,GC,HV,RCL,RS",1
5,7,"BW,GC,HV,RCA,RCL,RS","BW,HV,RCA,RCL,RS",1
5,7,"BW,GC,HV,RCA,RCL,RS","GC,HV,RCA,RCL,RS",1
5,7,"BW,GC,HV,RCL,RS","BW,HV,RCL,RS",1
5,7,"BW,GC,RCA,RCL","BW,GC,HV,RCA,RCL",1
5,7,"BW,GC,RCA,RCL,RS","GC,RCA,RCL,RS",1
5,7,"BW,GC,RCA,RCL,RS","RCA,RCL,RS",1
5,7,"BW,HV,RCA,RCL,RS","BW,HV,RCL,RS",1
5,7,"BW,HV,RCA,RCL,RS","BW,RCA,RCL,RS",1
5,7,"BW,HV,RCA,RCL,RS","GC,HV,RCA,RCL,RS",1
5,7,"BW,HV,RCL,RS","AC,BW,HV,RCL,RS",1
5,7,"BW,HV,RCL,RS","BV,BW,GC,HV,RCL,RS",1
5,7,"BW,HV,RCL,RS","BW,GC,HV,RCA,RCL,RS",1
5,7,"BW,HV,RCL,RS","BW,HV,RCA,RCL,RS",1
5,7,"BW,RCA,RCL,RS","BW,GC,RCA,RCL,RS",2
5,7,"BW,RCA,RCL,RS","RCA,RCL,RS",1
5,7,"BW,RCL,RS","BW,HV,RCL,RS",1
5,7,"BW,RCL,RS","RCL,RS",2
5,7,"GC,HV,RCA,RCL,RS","BW,GC,HV,RCA,RCL,RS",1
5,7,"GC,HV,RCA,RCL,RS","GC,RCA,RCL,RS",1
5,7,"GC,HV,RCA,RCL,RS","HV,RCA,RCL,RS",2
5,7,"GC,RCA,RCL","BW,GC,RCA,RCL",1
5,7,"GC,RCA,RCL,RS","GC,RCA,RCL",1
5,7,"GC,RCA,RCL,RS","GC,RCL,RS",1
5,7,"GC,RCL,RS","RCL,RS",1
5,7,"HV,RCA,RCL,RS","BW,HV,RCA,RCL,RS",1
5,7,"HV,RCA,RCL,RS","GC,HV,RCA,RCL,RS",1
5,7,"HV,RCA,RCL,RS","RCA,RCL,RS",1
5,7,"PC,RCL,RP,RS","RCL,RP,RS",1
5,7,"PC,RS",RS,1
5,7,RCA,none,1
5,7,"RCA,RCL",RCL,1
5,7,"RCA,RCL,RS","BW,RCA,RCL,RS",2
5,7,"RCA,RCL,RS","HV,RCA,RCL,RS",1
5,7,"RCA,RCL,RS","RCA,RCL",1
5,7,"RCA,RS",RS,1
5,7,RCL,"RCL,RS",2
5,7,RCL,none,1
5,7,"RCL,RP,RS","BW,RCL,RS",1
5,7,"RCL,RS","BW,RCL,RS",2
5,7,"RCL,RS","RCA,RCL,RS",1
5,7,"RCL,RS",RCL,2
5,7,"RP,RS","PC,RCL,RP,RS",1
5,7,RS,"PC,RS",1
5,7,RS,"RCA,RS",1
5,7,RS,"RP,RS",1
5,7,RS,none,4
5,7,none,RCA,1
5,7,none,RS,5
5,8,"BV,BW,GC,HC,HV,RCA,RCL","BW,HC,RCA,RCL",1
5,8,"BV,BW,HC,HV,RCA,RCL","BV,BW,GC,HC,HV,RCA,RCL",1
5,8,"BV,BW,HC,HV,RCL","BV,BW,HC,HV,RCA,RCL",1
5,8,"BW,HC,RCA,RCL","HC,RCA,RCL",1
5,8,"BW,HV,RCL","BV,BW,HC,HV,RCL",1
5,8,"BW,HV,RCL,RS","RCL,RS",1
5,8,"BW,RCL","BW,HV,RCL",1
5,8,"BW,RCL,RS","BW,HV,RCL,RS",1
5,8,"BW,RCL,RS","RCL,RS",1
5,8,"HC,RCA,RCL","HC,RCL",2
5,8,"HC,RCA,RCL","RCA,RCL",1
5,8,"HC,RCL","HC,RCA,RCL",1
5,8,"HC,RCL",RCL,3
5,8,"RCA,RCL","HC,RCA,RCL",1
5,8,"RCA,RCL",RCL,1
5,8,RCL,"BW,RCL",1
5,8,RCL,"HC,RCL",2
5,8,RCL,"RCA,RCL",1
5,8,RCL,"RCL,RS",5
5,8,"RCL,RS","BW,RCL,RS",2
5,8,"RCL,RS",RCL,4
5,8,"RCL,RS",RS,2
5,8,RP,"RP,RS",1
5,8,RP,none,2
5,8,"RP,RS",RP,2
5,8,RS,"RCL,RS",1
5,8,RS,"RP,RS",1
5,8,RS,none,1
5,8,none,RCL,1
5,8,none,RP,1
5,8,none,RS,1
5,9,"BV,BW,GC,HV,RCA,RCL","BW,GC,HC,RCA,RCL",1
5,9,"BV,BW,GC,RCA,RCL","BV,BW,GC,HV,RCA,RCL",1
5,9,"BV,BW,HC,HV,RCA,RCL,RS","BV,BW,HV,RCL,RS",1
5,9,"BV,BW,HC,HV,RCL","HC,HV,RCL",1
5,9,"BV,BW,HV,RCL",RCL,1
5,9,"BV,BW,HV,RCL,RS","RCL,RS",1
5,9,"BV,BW,RCA,RCL","BV,BW,GC,RCA,RCL",1
5,9,BW,"BW,HV",1
5,9,BW,none,1
5,9,"BW,GC,HC,RCA,RCL","GC,HC,RCA,RCL",1
5,9,"BW,HC,RCA,RCL","BV,BW,HC,HV,RCA,RCL,RS",1
5,9,"BW,HV","HV,RCL",1
5,9,"BW,HV,RCL","BV,BW,HC,HV,RCL",1
5,9,"BW,HV,RCL","BV,BW,HV,RCL",1
5,9,"BW,RCA,RCL","BV,BW,RCA,RCL",1
5,9,"BW,RCA,RCL","RCA,RCL",1
5,9,"BW,RCL",RCL,2
5,9,"BW,RS",RP,1
5,9,"GC,HC,RCA,RCL","HC,RCA,RCL",1
5,9,"GC,RCA,RCL","RCA,RCL",1
5,9,"HC,HV,RCA,RCL","HV,RCL",1
5,9,"HC,HV,RCL","HC,HV,RCA,RCL",1
5,9,"HC,RCA,RCL","RCA,RCL",4
5,9,HV,none,2
5,9,"HV,RCL","BW,HV,RCL",2
5,9,"HV,RCL",RCL,1
5,9,"HV,RS",RS,1
5,9,"HV,RS",none,1
5,9,PC,RS,1
5,9,"RCA,RCL","BW,RCA,RCL",2
5,9,"RCA,RCL","HC,RCA,RCL",3
5,9,"RCA,RCL",RCL,2
5,9,RCL,"BW,HC,RCA,RCL",1
5,9,RCL,"BW,RCL",2
5,9,RCL,"GC,RCA,RCL",1
5,9,RCL,"HV,RCL",1
5,9,RCL,"RCA,RCL",1
5,9,RCL,"RCL,RS",1
5,9,"RCL,RS",RCL,1
5,9,"RCL,RS",RS,1
5,9,RP,none,1
5,9,RS,"BW,RS",1
5,9,RS,"HV,RS",2
5,9,RS,none,4
5,9,none,BW,2
5,9,none,HV,2
5,9,none,PC,1
5,9,none,RS,4
5,10,"BV,BW,GC,HC,HV,RCL","BW,GC,HC,HV,RCL",1
5,10,"BV,BW,RCL","BW,RCL",1
5,10,"BV,HC,HV,RCA,RCL","HC,HV,RCA,RCL",1
5,10,"BW,GC,HC,HV,RCA,RCL","BW,HC,HV,RCA,RCL,RS",1
5,10,"BW,GC,HC,HV,RCA,RCL","GC,HC,HV,RCA,RCL",1
5,10,"BW,GC,HC,HV,RCL","BW,GC,HC,HV,RCA,RCL",1
5,10,"BW,GC,HC,HV,RCL","HC,HV,RCA,RCL",1
5,10,"BW,HC,HV,RCA,RCL","BW,GC,HC,HV,RCA,RCL",1
5,10,"BW,HC,HV,RCA,RCL","BW,HC,RCA,RCL",1
5,10,"BW,HC,HV,RCA,RCL,RS","BW,HC,HV,RCL,RS",1
5,10,"BW,HC,HV,RCL,RS","GC,HC,RCL,RS",1
5,10,"BW,HC,RCA,RCL","HC,RCA,RCL",1
5,10,"BW,HC,RCA,RCL","RCA,RCL",1
5,10,"BW,HV,RCA,RCL","BW,HC,HV,RCA,RCL",1
5,10,"BW,RCA,RCL","BW,HV,RCA,RCL",1
5,10,"BW,RCA,RCL","BW,RCL",1
5,10,"BW,RCA,RCL","RCA,RCL",1
5,10,"BW,RCL","BW,HC,RCA,RCL",1
5,10,"BW,RCL","BW,RCA,RCL",1
5,10,"BW,RCL","HC,RCL",1
5,10,"GC,HC,HV,RCA,RCL","HC,HV,RCA,RCL",1
5,10,"GC,HC,HV,RCL","BW,GC,HC,HV,RCL",1
5,10,"GC,HC,RCA,RCL","HC,RCA,RCL",1
5,10,"GC,HC,RCL,RS","HC,RCL,RS",1
5,10,"HC,HV,RCA,RCL","BV,HC,HV,RCA,RCL",1
5,10,"HC,HV,RCA,RCL","HC,HV,RCL",1
5,10,"HC,HV,RCA,RCL","HC,RCA,RCL",1
5,10,"HC,HV,RCL","HC,RCL",1
5,10,"HC,RCA,RCL","BW,HC,HV,RCA,RCL",1
5,10,"HC,RCA,RCL","GC,HC,RCA,RCL",1
5,10,"HC,RCA,RCL","HC,RCL",1
5,10,"HC,RCA,RCL","RCA,RCL",4
5,10,"HC,RCL","BV,BW,GC,HC,HV,RCL",1
5,10,"HC,RCL","GC,HC,HV,RCL",1
5,10,"HC,RCL","HC,RCA,RCL",1
5,10,"HC,RCL,RS","RCL,RS",1
5,10,"PT,RP,RS",RS,1
5,10,"RCA,RCL","BW,RCA,RCL",2
5,10,"RCA,RCL","HC,RCA,RCL",3
5,10,"RCA,RCL","RCA,RCL,RS",1
5,10,"RCA,RCL",RCL,2
5,10,"RCA,RCL,RS","RCA,RCL",1
5,10,RCL,"BV,BW,RCL",1
5,10,RCL,"BW,RCL",1
5,10,RCL,"RCA,RCL",1
5,10,"RCL,RS",RS,1
5,10,RP,"RP,RS",1
5,10,RP,none,3
5,10,"RP,RS","PT,RP,RS",1
5,10,RS,RP,1
5,10,none,RCL,1
5,10,none,RP,2
5,11,"AC,HC,RCL","AC,RCL",1
5,11,"AC,RCL",RCL,1
5,11,"BV,BW,GC,HC,HV,RCA,RCL","GC,HC,HV,RCL",1
5,11,"BV,BW,GC,HC,HV,RCL","BV,BW,GC,HC,HV,RCA,RCL",1
5,11,"BV,BW,GC,RCA,RCL","BV,BW,HC,RCL",1
5,11,"BV,BW,HC,RCL","BV,HC,RCA,RCL",1
5,11,"BV,BW,HC,RCL","HC,RCL",1
5,11,"BV,BW,HV,RCL,RS","BW,HV,RCL,RS",1
5,11,"BV,HC,RCA,RCL","HC,RCL",1
5,11,"BW,HC,HV,RCL,RS",RCL,1
5,11,"BW,HC,RCL","BV,BW,HC,RCL",1
5,11,"BW,HV,RCL,RS","BW,HC,HV,RCL,RS",1
5,11,"BW,RCL","BW,RCL,RS",1
5,11,"BW,RCL",RCL,1
5,11,"BW,RCL,RS","BV,BW,HV,RCL,RS",1
5,11,"BW,RCL,RS",RCL,1
5,11,"BW,RCL,RS","RCL,RS",1
5,11,"GC,HC,HV,RCL","GC,HC,RCL",1
5,11,"GC,HC,RCL","HC,RCL",1
5,11,"HC,RCA,RCL","HC,RCL",1
5,11,"HC,RCL","AC,HC,RCL",1
5,11,"HC,RCL","BV,BW,GC,HC,HV,RCL",1
5,11,"HC,RCL","BW,HC,RCL",1
5,11,"HC,RCL","HC,RCA,RCL",1
5,11,"HC,RCL",RCL,3
5,11,"HV,RCL",RCL,1
5,11,"RCA,RCL",RCL,2
5,11,RCL,"BV,BW,GC,RCA,RCL",1
5,11,RCL,"BW,RCL",2
5,11,RCL,"BW,RCL,RS",1
5,11,RCL,"HC,RCL",3
5,11,RCL,"HV,RCL",1
5,11,RCL,"RCA,RCL",1
5,11,RCL,"RCL,RS",1
5,11,"RCL,RS","RCA,RCL",1
5,11,"RCL,RS",RCL,1
5,11,"RCL,RS",RS,1
5,11,RP,none,1
5,11,"RP,RS",RS,1
5,11,RS,"BW,RCL,RS",1
5,11,RS,"RCL,RS",1
5,11,RS,"RP,RS",1
5,11,none,RS,1
5,12,"AC,HC,RCA,RCL","RCA,RCL",1
5,12,"BV,BW,GC,HV,RCA,RCL","BW,GC,HV,RCA,RCL",1
5,12,"BW,GC,HC,HV,RCA,RCL","BW,GC,HC,HV,RCL",1
5,12,"BW,GC,HC,HV,RCA,RCL","BW,GC,HV,RCA,RCL",1
5,12,"BW,GC,HC,HV,RCL","GC,HC,HV,RCL",1
5,12,"BW,GC,HC,RCA,RCL","BW,GC,RCA,RCL",1
5,12,"BW,GC,HV,RCA,RCL","BV,BW,GC,HV,RCA,RCL",1
5,12,"BW,GC,HV,RCA,RCL","BW,GC,HC,HV,RCA,RCL",1
5,12,"BW,GC,HV,RCA,RCL","BW,GC,RCA,RCL",1
5,12,"BW,GC,HV,RCA,RCL","BW,HV,RCA,RCL",2
5,12,"BW,GC,HV,RCA,RCL","RCA,RCL",1
5,12,"BW,GC,RCA,RCL","BW,GC,HV,RCA,RCL",4
5,12,"BW,GC,RCA,RCL","GC,RCA,RCL",2
5,12,"BW,HC,HV,RCA,RCL","BW,HC,RCA,RCL",1
5,12,"BW,HC,HV,RCL","BW,HV,RCL",1
5,12,"BW,HC,RCA,RCL","BW,GC,HC,RCA,RCL",1
5,12,"BW,HC,RCA,RCL","HC,RCA,RCL",1
5,12,"BW,HV,RCA,RCL","BW,HC,HV,RCA,RCL",1
5,12,"BW,HV,RCA,RCL","HV,RCA,RCL",1
5,12,"BW,HV,RCL","RCA,RCL",1
5,12,"BW,RCA,RCL","BW,GC,RCA,RCL",2
5,12,"BW,RCA,RCL","BW,HC,RCA,RCL",1
5,12,"BW,RCL","BW,HC,HV,RCL",1
5,12,"GC,HC,HV,RCL","HC,HV,RCL",1
5,12,"GC,HV,RCA,RCL","GC,RCA,RCL",1
5,12,"GC,RCA,RCL","BW,GC,RCA,RCL",1
5,12,"GC,RCA,RCL","GC,HV,RCA,RCL",1
5,12,"GC,RCA,RCL","RCA,RCL",2
5,12,"HC,HV,RCA,RCL","BW,GC,HC,HV,RCA,RCL",1
5,12,"HC,HV,RCL","HC,HV,RCA,RCL",1
5,12,"HC,HV,RCL",RCL,1
5,12,"HC,RCA,RCL","RCA,RCL",2
5,12,"HC,RCL",RCL,1
5,12,"HV,RCA,RCL","HC,HV,RCL",1
5,12,"RCA,RCL","AC,HC,RCA,RCL",1
5,12,"RCA,RCL","BW,GC,RCA,RCL",1
5,12,"RCA,RCL","BW,RCA,RCL",3
5,12,"RCA,RCL","GC,RCA,RCL",1
5,12,"RCA,RCL","HC,RCA,RCL",1
5,12,"RCA,RCL",RCL,2
5,12,RCL,"BW,RCL",1
5,12,RCL,"HC,RCL",1
5,12,RCL,"RCA,RCL",2
5,12,RCL,"RCL,RS",1
5,12,"RCL,RS",RS,1
5,12,RP,none,2
5,12,RS,none,5
5,12,none,RCL,1
5,12,none,RP,2
5,12,none,RS,4
5,13,"AC,BV,BW,GC,HC,HV,RCA,RCL,RS","AC,GC,HC,HV,RCA,RCL,RS",1
5,13,"AC,GC,HC,HV,RCA,RCL,RS","GC,HC,HV,RCL,RS",1
5,13,"AC,HC,RCA,RCL,RS","HC,RCA,RCL,RS",1
5,13,"BV,BW,GC,HC,HV,RCA,RCL,RS","AC,BV,BW,GC,HC,HV,RCA,RCL,RS",1
5,13,"BV,BW,GC,HC,HV,RCA,RCL,RS","BW,GC,HC,HV,RCA,RCL,RS",1
5,13,"BV,BW,GC,HC,RCA,RCL","BV,BW,GC,HC,HV,RCA,RCL,RS",1
5,13,"BV,BW,HV,RCA,RCL","GC,HV,RCA,RCL",1
5,13,"BW,GC,HC,HV,RCA,RCL","BW,HC,HV,RCA,RCL",1
5,13,"BW,GC,HC,HV,RCA,RCL,RS","HC,RCA,RCL,RS",1
5,13,"BW,HC,HV,RCA,RCL","HC,HV,RCA,RCL",1
5,13,"BW,RCA,RCL","BV,BW,GC,HC,RCA,RCL",1
5,13,"BW,RCA,RCL","BV,BW,HV,RCA,RCL",1
5,13,"BW,RCA,RCL","RCA,RCL",1
5,13,"GC,HC,HV,RCA,RCL","BW,GC,HC,HV,RCA,RCL",1
5,13,"GC,HC,HV,RCL","GC,HC,HV,RCA,RCL",1
5,13,"GC,HC,HV,RCL,RS","GC,HC,HV,RCL",1
5,13,"GC,HV,RCA,RCL","RCA,RCL",1
5,13,"HC,HV,RCA,RCL","HC,RCA,RCL",1
5,13,"HC,RCA,RCL","HC,RCA,RCL,RS",1
5,13,"HC,RCA,RCL","HC,RCL",1
5,13,"HC,RCA,RCL","RCA,RCL",1
5,13,"HC,RCA,RCL,RS","AC,HC,RCA,RCL,RS",1
5,13,"HC,RCA,RCL,RS","BV,BW,GC,HC,HV,RCA,RCL,RS",1
5,13,"HC,RCA,RCL,RS","HC,RCA,RCL",1
5,13,"HC,RCA,RCL,RS","RCA,RCL,RS",1
5,13,"HC,RCL","HC,RCA,RCL,RS",1
5,13,"HC,RCL",RCL,1
5,13,"RCA,RCL","BW,RCA,RCL",2
5,13,"RCA,RCL","HC,RCA,RCL",1
5,13,"RCA,RCL",RCL,2
5,13,"RCA,RCL,RS","RCL,RS",1
5,13,RCL,"BW,RCA,RCL",1
5,13,RCL,"HC,RCL",1
5,13,RCL,"RCA,RCL",2
5,13,"RCL,RS",RS,1
5,13,RS,none,4
5,13,none,RCL,1
5,13,none,RS,3
5,14,"AC,BW,GC,HC,HV,RCA,RCL","BW,GC,HC,HV,RCA,RCL",1
5,14,"AC,HC,HV,RCA,RCL,RS","HC,HV,RCA,RCL,RS",1
5,14,"BV,BW,GC,HC,HV,RCA,RCL","BW,GC,HC,HV,RCA,RCL",1
5,14,"BV,BW,HC,RCL","BW,HC,RCL",1
5,14,"BV,GC,HC,HV,RCA,RCL","GC,HC,HV,RCA,RCL",1
5,14,"BW,GC,HC,HV,RCA,RCL","BV,BW,GC,HC,HV,RCA,RCL",1
5,14,"BW,GC,HC,HV,RCA,RCL","BW,GC,HC,RCA,RCL",1
5,14,"BW,GC,HC,HV,RCA,RCL","GC,HC,HV,RCA,RCL",2
5,14,"BW,GC,HC,HV,RCA,RCL","GC,HV,RCA,RCL",1
5,14,"BW,GC,HC,HV,RCA,RCL,RS","GC,HC,HV,RCA,RCL,RS",1
5,14,"BW,GC,HC,RCA,RCL","GC,HC,RCA,RCL",1
5,14,"BW,GC,HC,RCA,RCL","HC,RCA,RCL",1
5,14,"BW,HC,HV,RCA,RCL","BW,GC,HC,HV,RCA,RCL",1
5,14,"BW,HC,HV,RCA,RCL","BW,GC,HC,HV,RCA,RCL,RS",1
5,14,"BW,HC,RCA,RCL","BW,GC,HC,RCA,RCL",1
5,14,"BW,HC,RCL","HC,HV,RCL",1
5,14,"BW,HC,RCL",RCL,1
5,14,"BW,HV,RCA,RCL","BW,HC,HV,RCA,RCL",1
5,14,"BW,RCA,RCL","BV,BW,HC,RCL",1
5,14,"GC,HC,HV,RCA,RCL","AC,BW,GC,HC,HV,RCA,RCL",1
5,14,"GC,HC,HV,RCA,RCL","BV,GC,HC,HV,RCA,RCL",1
5,14,"GC,HC,HV,RCA,RCL","BW,GC,HC,HV,RCA,RCL",2
5,14,"GC,HC,HV,RCA,RCL","HC,HV,RCA,RCL",1
5,14,"GC,HC,HV,RCA,RCL,RS","AC,HC,HV,RCA,RCL,RS",1
5,14,"GC,HC,RCA,RCL","HC,RCA,RCL",1
5,14,"GC,HV,RCA,RCL","GC,HC,HV,RCA,RCL",1
5,14,"HC,HV,RCA,RCL","HC,RCA,RCL",1
5,14,"HC,HV,RCA,RCL","HV,RCA,RCL",1
5,14,"HC,HV,RCA,RCL,RS","HC,HV,RCA,RCL",1
5,14,"HC,HV,RCL",RCL,1
5,14,"HC,RCA,RCL","BW,HC,HV,RCA,RCL",1
5,14,"HC,RCA,RCL","BW,HC,RCA,RCL",1
5,14,"HC,RCA,RCL","HC,RCA,RCL,RS",1
5,14,"HC,RCA,RCL,RS","HC,RCL,RS",1
5,14,"HC,RCL,RS",RCL,1
5,14,"HV,RCA,RCL","BW,HV,RCA,RCL",1
5,14,"HV,RCL","GC,HC,HV,RCA,RCL",1
5,14,"RCA,RCL","HV,RCL",1
5,14,RCL,"BW,HC,RCL",1
5,14,RCL,"BW,RCA,RCL",1
5,14,RCL,"RCA,RCL",1
5,14,RCL,"RCL,RS",1
5,14,RCL,none,2
5,14,"RCL,RP",RCL,1
5,14,"RCL,RS",RS,1
5,14,RP,"RCL,RP",1
5,14,RP,none,2
5,14,none,RCL,2
5,14,none,RP,2
5,15,"AC,BW,GC,HV,RCA,RCL,RS","BW,GC,HV,RCA,RCL",1
5,15,"BV,BW,GC,HC,HV,RCA,RCL,RS","BW,GC,HC,HV,RCA,RCL,RS",1
5,15,"BW,GC,HC,HV,RCA,RCL","BW,GC,HC,HV,RCA,RCL,RS",1
5,15,"BW,GC,HC,HV,RCA,RCL,RS","AC,BW,GC,HV,RCA,RCL,RS",1
5,15,"BW,GC,HC,HV,RCA,RCL,RS","BV,BW,GC,HC,HV,RCA,RCL,RS",1
5,15,"BW,GC,HC,HV,RCA,RCL,RS","BW,GC,HV,RCA,RCL,RS",2
5,15,"BW,GC,HC,HV,RCA,RCL,RS","GC,HV,RCA,RCL,RS",1
5,15,"BW,GC,HV,RCA,RCL","BW,HV,RCA,RCL",1
5,15,"BW,GC,HV,RCA,RCL,RS","BW,GC,HC,HV,RCA,RCL,RS",3
5,15,"BW,GC,HV,RCA,RCL,RS","BW,HV,RCA,RCL,RS",1
5,15,"BW,GC,HV,RCL","BW,HV,RCA,RCL",1
5,15,"BW,GC,RCL,RS","BW,GC,HV,RCL",1
5,15,"BW,HC,RCA,RCL","BW,RCA,RCL",1
5,15,"BW,HV,RCA,RCL","BW,GC,HC,HV,RCA,RCL",1
5,15,"BW,HV,RCA,RCL","BW,GC,HV,RCA,RCL,RS",1
5,15,"BW,HV,RCA,RCL","BW,HC,RCA,RCL",1
5,15,"BW,HV,RCA,RCL","HV,RCA,RCL",1
5,15,"BW,HV,RCA,RCL","RCA,RCL",1
5,15,"BW,HV,RCA,RCL,RS","BW,HV,RCA,RCL",1
5,15,"BW,HV,RCL",RCL,1
5,15,"BW,RCA,RCL","BW,HV,RCA,RCL",2
5,15,"BW,RCA,RCL","RCA,RCL",1
5,15,"GC,HV,RCA,RCL,RS","BW,GC,HV,RCA,RCL,RS",1
5,15,"GC,RCL,RS","BW,GC,RCL,RS",1
5,15,"HV,RCA,RCL","RCA,RCL",1
5,15,"PC,PT,RS","PT,RS",1
5,15,"PC,RS","PC,PT,RS",1
5,15,"PC,RS",RS,1
5,15,PT,none,1
5,15,"PT,RS",PT,1
5,15,"PT,RS",RS,1
5,15,"RCA,RCL","BW,RCA,RCL",2
5,15,"RCA,RCL","RCA,RCL,RS",1
5,15,"RCA,RCL",RCL,3
5,15,"RCA,RCL,RS","RCA,RCL",1
5,15,RCL,"BW,HV,RCL",1
5,15,RCL,"GC,RCL,RS",1
5,15,RCL,"RCA,RCL",1
5,15,RCL,"RCL,RS",2
5,15,RCL,none,1
5,15,"RCL,RS","RCA,RCL",1
5,15,"RCL,RS",RCL,1
5,15,RS,"PC,RS",2
5,15,RS,"PT,RS",1
5,15,RS,none,5
5,15,none,RCL,1
5,15,none,RS,6
5,16,"AC,HC,HV,RCA,RCL,RS","AC,HC,HV,RCL",1
5,16,"AC,HC,HV,RCL","HC,HV,RCL",1
5,16,"BW,GC,HC,HV,RCL","GC,HC,HV,RCL,RS",1
5,16,"BW,GC,HV,RCL","BW,HV,RCL",1
5,16,"BW,GC,HV,RCL,RS","GC,HV,RCL,RS",1
5,16,"BW,GC,HV,RCL,RS","HV,RCL,RS",1
5,16,"BW,HC,HV,RCL,RS","BW,GC,HV,RCL,RS",1
5,16,"BW,HC,RCL","HC,RCL",1
5,16,"BW,HV,RCL","BW,HV,RCL,RS",2
5,16,"BW,HV,RCL,RS","BW,HC,HV,RCL,RS",1
5,16,"BW,HV,RCL,RS","HV,RCL,RS",2
5,16,"BW,HV,RCL,RS","RCL,RS",1
5,16,"BW,RCL","BW,GC,HV,RCL",1
5,16,"BW,RCL,RS","RCL,RS",2
5,16,"GC,HC,HV,RCL,RS","AC,HC,HV,RCA,RCL,RS",1
5,16,"GC,HV,RCA,RCL","GC,HV,RCL",1
5,16,"GC,HV,RCL","BW,GC,HC,HV,RCL",1
5,16,"GC,HV,RCL,RS","RCL,RS",1
5,16,"GC,RCA,RCL","GC,HV,RCA,RCL",1
5,16,"GC,RCL","GC,RCA,RCL",1
5,16,"GC,RCL,RS","BW,GC,HV,RCL,RS",1
5,16,"GC,RCL,RS",RCL,1
5,16,"GC,RCL,RS","RCL,RS",1
5,16,"HC,HV,RCL","HC,RCL",1
5,16,"HC,RCL","BW,HC,RCL",1
5,16,"HC,RCL",RCL,1
5,16,"HC,RCL","RCL,RS",1
5,16,"HC,RCL,RS","RCL,RS",1
5,16,"HV,RCL,RS","BW,HV,RCL,RS",1
5,16,"HV,RCL,RS","GC,RCL,RS",2
5,16,"HV,RCL,RS","RCL,RS",2
5,16,RCL,"BW,HV,RCL",1
5,16,RCL,"BW,RCL",1
5,16,RCL,"HC,RCL",1
5,16,"RCL,RS","BW,HV,RCL,RS",1
5,16,"RCL,RS","BW,RCL,RS",2
5,16,"RCL,RS","GC,RCL",1
5,16,"RCL,RS","GC,RCL,RS",1
5,16,"RCL,RS","HC,RCL,RS",1
5,16,"RCL,RS","HV,RCL,RS",2
5,16,"RCL,RS",RS,1
5,16,RS,none,3
5,16,none,RCL,1
5,16,none,RS,2
5,17,"AC,BV,BW,GC,HC,HV,RCL","AC,BV,BW,HC,HV,RCL",1
5,17,"AC,BV,BW,GC,HV,RCL","AC,BV,BW,GC,HC,HV,RCL",1
5,17,"AC,BV,BW,HC,HV,RCL","AC,BV,BW,HV,RCL",1
5,17,"AC,BV,BW,HV,RCL","AC,HV,RCL",1
5,17,"AC,BW,GC,HV,RCL","AC,BW,HV,RCL",1
5,17,"AC,BW,GC,HV,RCL,RS","AC,BW,HV,RCL,RS",2
5,17,"AC,BW,HV,RCL","AC,BV,BW,GC,HV,RCL",1
5,17,"AC,BW,HV,RCL,RS","AC,BW,GC,HV,RCL,RS",1
5,17,"AC,BW,HV,RCL,RS","BW,HV,RCL,RS",1
5,17,"AC,HV,RCL","HV,RCL",2
5,17,"BV,BW,GC,HV,RCL,RS","AC,BW,GC,HV,RCL,RS",1
5,17,"BV,BW,HV,RCL","HV,RCL",1
5,17,"BV,BW,RCL","BW,HC,HV,RCL",1
5,17,"BW,GC,HC,HV,RCL,RS","BW,GC,HV,RCL,RS",1
5,17,"BW,GC,HV,RCL","BW,GC,HV,RCL,RS",1
5,17,"BW,GC,HV,RCL,RS","BW,GC,HC,HV,RCL,RS",1
5,17,"BW,GC,HV,RCL,RS","GC,HV,RCL",1
5,17,"BW,GC,HV,RCL,RS","GC,HV,RCL,RS",1
5,17,"BW,GC,RCL,RS","RCL,RS",1
5,17,"BW,HC,HV,RCL","HC,RCL",1
5,17,"BW,HV,RCL","AC,BW,GC,HV,RCL",1
5,17,"BW,HV,RCL","BV,BW,HV,RCL",1
5,17,"BW,HV,RCL","BW,HV,RCL,RS",1
5,17,"BW,HV,RCL,RP,RS","BW,GC,HV,RCL,RS",1
5,17,"BW,HV,RCL,RS","BW,HV,RCL,RP,RS",1
5,17,"BW,HV,RCL,RS","BW,RCL,RS",1
5,17,"BW,HV,RCL,RS","HV,RCL,RS",1
5,17,"BW,RCL","BV,BW,RCL",1
5,17,"BW,RCL",RCL,1
5,17,"BW,RCL,RS","BW,GC,RCL,RS",1
5,17,"BW,RCL,RS","RCL,RS",1
5,17,"GC,HV,RCL","BW,GC,HV,RCL",1
5,17,"GC,HV,RCL","HV,RCL",1
5,17,"GC,HV,RCL,RS","GC,HV,RCL",1
5,17,"HC,HV,RCL","BW,HV,RCL",1
5,17,"HC,RCL","HC,HV,RCL",1
5,17,"HC,RCL",RCL,1
5,17,"HV,RCL","AC,HV,RCL",1
5,17,"HV,RCL","BV,BW,GC,HV,RCL,RS",1
5,17,"HV,RCL","BW,HV,RCL",2
5,17,"HV,RCL,RS","BW,HV,RCL,RS",1
5,17,"PT,RCL,RP,RS","RCL,RP,RS",1
5,17,RCL,"BW,RCL",2
5,17,RCL,"HC,RCL",1
5,17,RCL,"RCL,RS",1
5,17,"RCL,RP,RS",RCL,1
5,17,"RCL,RP,RS","RCL,RS",3
5,17,"RCL,RS","BW,RCL,RS",1
5,17,"RCL,RS",RCL,1
5,17,"RCL,RS","RCL,RP,RS",3
5,17,"RCL,RS",RS,3
5,17,"RP,RS",RS,1
5,17,RS,"PT,RCL,RP,RS",1
5,17,RS,"RCL,RS",2
5,17,RS,"RP,RS",1
5,17,RS,none,5
5,17,none,RS,5
5,18,"AC,BV,BW,GC,RCA,RCL","AC,BV,GC,RCA,RCL",1
5,18,"AC,BV,BW,GC,RCA,RCL","AC,RCA,RCL",1
5,18,"AC,BV,BW,GC,RCL","AC,BV,BW,RCA,RCL",1
5,18,"AC,BV,BW,RCA,RCL","AC,BV,BW,GC,RCA,RCL",2
5,18,"AC,BV,BW,RCL","AC,BV,BW,GC,RCL",1
5,18,"AC,BV,GC,RCA,RCL","GC,RCA,RCL",1
5,18,"AC,RCA,RCL","RCA,RCL",2
5,18,"AC,RCL","AC,BV,BW,RCL",1
5,18,"AC,RCL","AC,RCL,RS",1
5,18,"AC,RCL,RS","AC,RCL",1
5,18,"BV,BW,GC,HV,RCA,RCL","BW,GC,RCA,RCL",1
5,18,"BV,BW,HV,RCL,RS","RCL,RS",1
5,18,"BV,BW,RCL","AC,RCL",1
5,18,"BW,GC,RCA,RCL","RCA,RCL",1
5,18,"BW,HV,RCL,RS","BV,BW,HV,RCL,RS",1
5,18,"BW,RCA,RCL","RCA,RCL",1
5,18,"BW,RCL","BV,BW,RCL",1
5,18,"BW,RCL",RCL,1
5,18,"GC,RCA,RCL","RCA,RCL",1
5,18,"PC,PT,RS","PT,RS",1
5,18,"PT,RCL,RS","RCL,RS",1
5,18,"PT,RS",RS,1
5,18,"RCA,RCL","AC,BV,BW,RCA,RCL",1
5,18,"RCA,RCL","AC,RCA,RCL",1
5,18,"RCA,RCL","BV,BW,GC,HV,RCA,RCL",1
5,18,"RCA,RCL","BW,RCA,RCL",1
5,18,"RCA,RCL","RCA,RCL,RS",1
5,18,"RCA,RCL",RCL,1
5,18,"RCA,RCL,RS","RCA,RCL",1
5,18,RCL,"BW,RCL",2
5,18,RCL,"RCL,RP,RS",1
5,18,RCL,"RCL,RS",1
5,18,"RCL,RP,RS","RCL,RS",1
5,18,"RCL,RS","BW,HV,RCL,RS",1
5,18,"RCL,RS","PT,RCL,RS",1
5,18,"RCL,RS",RCL,1
5,18,"RCL,RS",RS,1
5,18,RP,none,1
5,18,RS,"PC,PT,RS",1
5,18,RS,RP,1
5,18,RS,none,4
5,18,none,RCL,1
5,18,none,RS,4
5,19,"AC,BW,GC,HC,HV,RCA,RCL,RS","AC,BW,GC,HC,HV,RCL,RS",1
5,19,"AC,BW,GC,HC,HV,RCL","AC,BW,GC,HC,HV,RCA,RCL,RS",1
5,19,"AC,BW,GC,HC,HV,RCL","AC,BW,GC,HV,RCL",1
5,19,"AC,BW,GC,HC,HV,RCL","AC,GC,HC,HV,RCL",1
5,19,"AC,BW,GC,HC,HV,RCL,RS","BW,GC,HC,HV,RCL,RS",1
5,19,"AC,BW,GC,HV,RCL","BW,GC,HV,RCL",1
5,19,"AC,BW,HC,RCL","AC,BW,RCL",1
5,19,"AC,BW,HC,RCL",RCL,1
5,19,"AC,BW,HV,RCL","AC,BW,RCL",1
5,19,"AC,BW,RCL","AC,BW,HC,RCL",1
5,19,"AC,BW,RCL","AC,BW,HV,RCL",1
5,19,"AC,GC,HC,HV,RCL","AC,BW,GC,HC,HV,RCL",1
5,19,"AC,GC,HV,RCL","GC,HV,RCL",1
5,19,"BV,BW,RCL,RS","RCL,RS",1
5,19,"BW,GC,HC,HV,RCA,RCL","BW,GC,HC,HV,RCA,RCL,RS",1
5,19,"BW,GC,HC,HV,RCA,RCL","BW,GC,HC,HV,RCL",1
5,19,"BW,GC,HC,HV,RCA,RCL,RS","BW,HC,RCA,RCL,RS",1
5,19,"BW,GC,HC,HV,RCL","AC,BW,GC,HC,HV,RCL",1
5,19,"BW,GC,HC,HV,RCL","BW,GC,HC,HV,RCA,RCL",1
5,19,"BW,GC,HC,HV,RCL","GC,HC,HV,RCL",2
5,19,"BW,GC,HC,HV,RCL,RS","BW,GC,HC,HV,RCL",1
5,19,"BW,GC,HV,RCL","AC,BW,GC,HC,HV,RCL",1
5,19,"BW,GC,HV,RCL","BW,GC,HC,HV,RCL",1
5,19,"BW,GC,HV,RCL,RS","GC,HV,RCL,RS",1
5,19,"BW,HC,HV,RCA,RCL,RS","BW,GC,HC,HV,RCA,RCL",1
5,19,"BW,HC,HV,RCL","BW,GC,HC,HV,RCL",1
5,19,"BW,HC,HV,RCL","BW,HC,RCL",1
5,19,"BW,HC,RCA,RCL,RS","BW,HC,RCL",1
5,19,"BW,HC,RCL","BW,HC,HV,RCL",1
5,19,"BW,HC,RCL","RCA,RCL",1
5,19,"BW,HV,RCA,RCL","BW,HC,HV,RCA,RCL,RS",1
5,19,"BW,HV,RCL,RS","BW,GC,HV,RCL,RS",1
5,19,"BW,HV,RCL,RS","BW,RCL,RS",1
5,19,"BW,HV,RCL,RS","HV,RCL",1
5,19,"BW,RCA,RCL","BW,HV,RCA,RCL",1
5,19,"BW,RCL,RP,RS","BV,BW,RCL,RS",1
5,19,"BW,RCL,RS","RCL,RS",2
5,19,"GC,HC,HV,RCL","HC,HV,RCL",2
5,19,"GC,HV,RCL","AC,GC,HV,RCL",1
5,19,"GC,HV,RCL","BW,GC,HV,RCL",1
5,19,"GC,HV,RCL","HV,RCL",1
5,19,"GC,HV,RCL,RS","GC,HV,RCL",1
5,19,"HC,HV,RCL","BW,HC,HV,RCL",1
5,19,"HC,HV,RCL","HC,RCA,RCL",1
5,19,"HC,RCA,RCL","AC,BW,HC,RCL",1
5,19,"HV,RCL","BW,HV,RCL,RS",1
5,19,"HV,RCL","GC,HV,RCL",1
5,19,"RCA,RCL","BW,RCA,RCL",1
5,19,RCL,"RCL,RS",3
5,19,"RCL,RP,RS",RCL,1
5,19,"RCL,RP,RS","RCL,RS",1
5,19,"RCL,RP,RS","RP,RS",2
5,19,"RCL,RS","BW,HV,RCL,RS",2
5,19,"RCL,RS","BW,RCL,RP,RS",1
5,19,"RCL,RS","BW,RCL,RS",1
5,19,"RCL,RS",RCL,1
5,19,"RCL,RS","RCL,RP,RS",2
5,19,"RCL,RS",RS,2
5,19,RP,"RP,RS",1
5,19,RP,none,1
5,19,"RP,RS","RCL,RP,RS",2
5,19,"RP,RS",RP,2
5,19,"RP,RS",RS,1
5,19,RS,"RCL,RS",1
5,19,RS,"RP,RS",1
5,19,RS,none,3
5,19,none,"RCL,RS",1
5,19,none,"RP,RS",1
5,19,none,RS,2
5,20,"AC,BV,BW,GC,RCL","AC,BW,GC,RCL",1
5,20,"AC,BW,GC,RCL","BW,GC,RCL",1
5,20,"BV,BW,GC,HC,HV,RCL","BW,GC,HC,HV,RCL",1
5,20,"BV,BW,GC,HV,RCL","GC,HV,RCL",1
5,20,"BV,BW,GC,RCL","BV,BW,GC,HV,RCL",1
5,20,"BV,BW,HV,RCL,RS","HV,RCL,RS",1
5,20,"BW,GC,HC,HV,RCL","GC,HC,HV,RCL",2
5,20,"BW,GC,HV,RCL","BW,GC,HC,HV,RCL",1
5,20,"BW,GC,HV,RCL","GC,HV,RCL",1
5,20,"BW,GC,RCL","BV,BW,GC,RCL",1
5,20,"BW,GC,RCL","BW,GC,HV,RCL",1
5,20,"BW,HC,HV,RCL","BV,BW,GC,HC,HV,RCL",1
5,20,"BW,HV,RCL","HV,RCL",1
5,20,"BW,HV,RCL,RS","BV,BW,HV,RCL,RS",1
5,20,"BW,RCL","AC,BV,BW,GC,RCL",1
5,20,"BW,RCL","BW,HV,RCL",1
5,20,"BW,RCL","BW,HV,RCL,RS",1
5,20,"GC,HC,HV,RCL","GC,HV,RCL",2
5,20,"GC,HC,HV,RCL","HC,RCL",1
5,20,"GC,HC,RCL","GC,HC,HV,RCL",1
5,20,"GC,HV,RCL","BW,GC,HV,RCL",1
5,20,"GC,HV,RCL","GC,RCL",3
5,20,"GC,HV,RCL","HV,RCL",1
5,20,"GC,HV,RCL",RCL,1
5,20,"GC,RCL","BW,GC,RCL",1
5,20,"GC,RCL","GC,HV,RCL",1
5,20,"GC,RCL",RCL,1
5,20,"HC,RCL","GC,HC,RCL",1
5,20,"HC,RCL","HC,RCL,RS",1
5,20,"HC,RCL",RCL,1
5,20,"HC,RCL,RS",RCL,1
5,20,"HV,PT,RCL",RCL,1
5,20,"HV,RCL","GC,HV,RCL",1
5,20,"HV,RCL","HV,RCL,RS",1
5,20,"HV,RCL",RCL,1
5,20,"HV,RCL,RS","HV,PT,RCL",1
5,20,"HV,RCL,RS","RCL,RS",1
5,20,"PT,RCL,RS","RCL,RS",1
5,20,RCL,"BW,HC,HV,RCL",1
5,20,RCL,"BW,RCL",3
5,20,RCL,"HC,RCL",2
5,20,RCL,"HV,RCL",1
5,20,RCL,"RCL,RS",3
5,20,"RCL,RP,RS","RCL,RS",1
5,20,"RCL,RS","PT,RCL,RS",1
5,20,"RCL,RS",RCL,4
5,20,"RCL,RS",RS,1
5,20,"RP,RS","RCL,RP,RS",1
5,20,"RP,RS",RS,1
5,20,RS,"RP,RS",2
5,20,RS,none,2
5,20,none,RS,2
5,21,"BW,GC,HV,RCL","BW,GC,RCL,RS",1
5,21,"BW,GC,HV,RCL,RS","BW,GC,RCL",1
5,21,"BW,GC,HV,RCL,RS","BW,HV,RCL,RS",1
5,21,"BW,GC,HV,RCL,RS","GC,HV,RCL,RS",2
5,21,"BW,GC,RCL","BW,GC,HV,RCL",1
5,21,"BW,GC,RCL","BW,GC,RCL,RS",1
5,21,"BW,GC,RCL","BW,RCL",1
5,21,"BW,GC,RCL","GC,RCL",1
5,21,"BW,GC,RCL,RS","BW,GC,RCL",1
5,21,"BW,GC,RCL,RS","BW,RCL,RS",1
5,21,"BW,HC,HV,RCL,RS","GC,HV,RCL,RS",1
5,21,"BW,HC,HV,RCL,RS","HC,HV,RCL,RS",1
5,21,"BW,HV,RCL,RS","BW,GC,HV,RCL,RS",1
5,21,"BW,HV,RCL,RS","BW,HC,HV,RCL,RS",2
5,21,"BW,RCL",RCL,1
5,21,"BW,RCL,RS","BW,HV,RCL,RS",1
5,21,"GC,HV,RCL,RS","BW,GC,HV,RCL,RS",3
5,21,"GC,HV,RCL,RS","GC,RCL,RS",1
5,21,"GC,RCL","BW,GC,RCL",1
5,21,"GC,RCL,RS","GC,HV,RCL,RS",1
5,21,"HC,HV,RCL,RS","HV,RCL,RS",1
5,21,"HV,RCL,RS","RCL,RS",1
5,21,PT,"PT,RS",1
5,21,"PT,RP,RS",RP,1
5,21,"PT,RS","PT,RP,RS",1
5,21,"PT,RS",none,1
5,21,RCL,"RCL,RP",1
5,21,RCL,"RCL,RP,RS",1
5,21,RCL,"RCL,RS",1
5,21,RCL,none,1
5,21,"RCL,RP",RCL,1
5,21,"RCL,RP,RS","RCL,RS",1
5,21,"RCL,RS","BW,GC,RCL",1
5,21,"RCL,RS","BW,HV,RCL,RS",1
5,21,"RCL,RS",RS,2
5,21,RP,"RP,RS",2
5,21,"RP,RS",RP,1
5,21,"RP,RS",RS,1
5,21,"RP,RS",none,1
5,21,RS,"PT,RS",1
5,21,RS,"RCL,RS",1
5,21,RS,"RP,RS",1
5,21,RS,none,2
5,21,none,PT,1
5,21,none,RCL,2
5,21,none,RS,2
5,22,"BV,BW,GC,HV,RCL,RS","GC,HV,RCL,RS",1
5,22,"BV,BW,GC,RCL,RS","BV,BW,GC,HV,RCL,RS",1
5,22,"BV,BW,RCL","BV,RCL",1
5,22,"BV,RCL",RCL,1
5,22,"BV,RCL,RS","BV,BW,GC,RCL,RS",1
5,22,"BW,GC,HC,HV,RCL","GC,HC,HV,RCL",1
5,22,"BW,HV,RCL","BW,GC,HC,HV,RCL",1
5,22,"BW,HV,RCL","HC,HV,RCL",1
5,22,"BW,HV,RCL","HV,RCL",2
5,22,"GC,HC,HV,RCL",RCL,1
5,22,"GC,HV,RCL","HV,RCL",1
5,22,"GC,HV,RCL,RS","HV,RCL,RS",1
5,22,"HC,HV,RCL","GC,HV,RCL",1
5,22,"HV,RCL","BW,HV,RCL",4
5,22,"HV,RCL",RCL,2
5,22,"HV,RCL,RS","RCL,RS",1
5,22,"PT,RS",RS,1
5,22,RCL,"BV,BW,RCL",1
5,22,RCL,"HV,RCL",3
5,22,RCL,"RCL,RS",2
5,22,"RCL,RS","BV,RCL,RS",1
5,22,"RCL,RS",RCL,1
5,22,"RCL,RS",RS,1
5,22,"RP,RS",RS,1
5,22,"RP,RS",none,1
5,22,RS,"RP,RS",2
5,22,RS,none,4
5,22,none,"PT,RS",1
5,22,none,RCL,2
5,22,none,RS,2
6,1,"AC,BW,GC,HV,RCL,RS","AC,GC,HV,RCL,RS",3
6,1,"AC,BW,HV,RCL","AC,BW,HV,RCL,RS",1
6,1,"AC,BW,HV,RCL,RS","AC,BW,GC,HV,RCL,RS",2
6,1,"AC,GC,HV,RCL,RS","AC,BW,GC,HV,RCL,RS",1
6,1,"AC,GC,HV,RCL,RS","AC,HV,RCL,RS",2
6,1,"AC,HV,RCL","AC,BW,HV,RCL",1
6,1,"AC,HV,RCL,RS","AC,BW,HV,RCL,RS",1
6,1,"AC,HV,RCL,RS","AC,RCL",1
6,1,"AC,RCL","AC,HV,RCL",1
6,1,"AC,RCL","AC,RCL,RS",1
6,1,"AC,RCL,RS","RCL,RS",3
6,1,"BV,BW,RCL,RS","BW,RCL,RS",1
6,1,"BW,PC,PT,RP,RS",PC,1
6,1,"BW,PC,RP,RS","BW,PC,PT,RP,RS",1
6,1,"BW,RCL","BV,BW,RCL,RS",1
6,1,"BW,RCL,RS","RCL,RS",2
6,1,"BW,RP,RS","BW,RS",1
6,1,"BW,RS",RS,1
6,1,"GC,RCL,RS","RCL,RS",1
6,1,"HV,RCL,RS","AC,RCL,RS",1
6,1,"HV,RCL,RS",RCL,1
6,1,"HV,RCL,RS","RCL,RS",1
6,1,PC,"PC,PT",1
6,1,"PC,PT","PC,RP,RS",1
6,1,"PC,PT,RP,RS","PC,PT,RS",1
6,1,"PC,PT,RP,RS","PC,RP,RS",1
6,1,"PC,PT,RS","PC,PT,RP,RS",1
6,1,"PC,PT,RS","PT,RS",2
6,1,"PC,RP","BW,PC,RP,RS",1
6,1,"PC,RP,RS","BW,RP,RS",1
6,1,"PC,RP,RS","PC,RP",1
6,1,PT,none,1
6,1,"PT,RS","PC,PT,RP,RS",1
6,1,"PT,RS","PC,PT,RS",1
6,1,"PT,RS",RS,1
6,1,RCL,"AC,RCL",1
6,1,RCL,"BW,RCL",1
6,1,"RCL,RS","AC,RCL,RS",1
6,1,"RCL,RS","GC,RCL,RS",1
6,1,"RCL,RS","HV,RCL,RS",3
6,1,"RCL,RS",RS,1
6,1,"RCL,RS",none,1
6,1,RS,"BW,RCL,RS",1
6,1,RS,"PT,RS",1
6,1,RS,none,2
6,1,none,"PC,PT,RS",1
6,1,none,RCL,1
6,1,none,RS,2
6,2,"AC,BV,BW,GC,HC,HV,RCL","AC,BW,GC,HC,HV,RCL",1
6,2,"AC,BV,BW,GC,HC,HV,RCL","AC,GC,HC,RCL",1
6,2,"AC,BV,BW,HC,HV,RCL","AC,BV,BW,GC,HC,HV,RCL",2
6,2,"AC,BW,GC,HC,HV,RCL","AC,GC,HC,HV,RCL",1
6,2,"AC,BW,GC,HC,HV,RCL","AC,HC,RCL",1
6,2,"AC,BW,GC,HC,RCL","AC,BW,GC,HC,HV,RCL",1
6,2,"AC,BW,GC,HC,RCL","AC,BW,GC,RCL",1
6,2,"AC,BW,GC,RCL","AC,BW,GC,HC,RCL",1
6,2,"AC,BW,GC,RCL","AC,BW,RCL",1
6,2,"AC,BW,HV,RCL","AC,BV,BW,HC,HV,RCL",1
6,2,"AC,BW,HV,RCL","AC,RCL",1
6,2,"AC,BW,RCL","AC,BW,GC,RCL",1
6,2,"AC,BW,RCL","AC,RCL",1
6,2,"AC,GC,HC,HV,RCL","AC,HC,RCL",1
6,2,"AC,GC,HC,RCL","AC,HC,RCL",1
6,2,"AC,GC,HV,RCL",none,1
6,2,"AC,HC,RCL","AC,RCL",3
6,2,"AC,HC,RCL",none,1
6,2,"AC,HV,RCA,RCL","AC,BW,HV,RCL",1
6,2,"AC,HV,RCL","AC,GC,HV,RCL",1
6,2,"AC,RCA,RCL","AC,HV,RCA,RCL",1
6,2,"AC,RCL","AC,BV,BW,HC,HV,RCL",1
6,2,"AC,RCL","AC,BW,HV,RCL",1
6,2,"AC,RCL","AC,BW,RCL",1
6,2,"AC,RCL","AC,HC,RCL",1
6,2,"AC,RCL","AC,HV,RCL",1
6,2,"AC,RCL","AC,RCA,RCL",1
6,2,"AC,RCL",RCL,1
6,2,"BV,BW,GC,HC,RCL","AC,BW,GC,HC,RCL",1
6,2,"BV,BW,HV,RCL,RS","HV,RCL,RS",1
6,2,"BW,GC,RCL","BV,BW,GC,HC,RCL",1
6,2,"BW,HV,RCL","BW,RCL",1
6,2,"BW,HV,RCL,RS","BV,BW,HV,RCL,RS",1
6,2,"BW,PC,RP,RS","RCL,RP",1
6,2,"BW,RCL","BW,GC,RCL",1
6,2,"BW,RCL,RS","RCL,RS",1
6,2,"HV,RCL","BW,HV,RCL",1
6,2,"HV,RCL,RS","HV,RCL",1
6,2,PC,none,1
6,2,"PC,PT,RS","PT,RS",1
6,2,"PC,RP,RS","BW,PC,RP,RS",1
6,2,"PC,RP,RS",PC,1
6,2,"PC,RS","PC,PT,RS",1
6,2,PT,none,1
6,2,"PT,RP,RS","RP,RS",1
6,2,"PT,RS","PT,RP,RS",1
6,2,RCL,"BW,HV,RCL,RS",1
6,2,RCL,"RCL,RS",1
6,2,RCL,none,1
6,2,"RCL,RP","BW,RCL,RS",1
6,2,"RCL,RP",RP,1
6,2,"RCL,RP",none,1
6,2,"RCL,RS",RCL,2
6,2,RP,"RCL,RP",1
6,2,"RP,RS","PC,RP,RS",1
6,2,RS,"PC,RS",1
6,2,none,"AC,RCL",2
6,2,none,"PC,RP,RS",1
6,2,none,"RCL,RP",1
6,2,none,RS,2
6,3,"AC,BV,BW,GC,HV,RCL","AC,BV,RCL",1
6,3,"AC,BV,BW,HV,RCL","AC,BV,BW,GC,HV,RCL",1
6,3,"AC,BV,BW,HV,RCL","AC,BV,GC,HC,HV,RCL",1
6,3,"AC,BV,BW,RCL","AC,BV,BW,HV,RCL",1
6,3,"AC,BV,BW,RCL","AC,BW,RCL",1
6,3,"AC,BV,GC,HC,HV,RCL","AC,GC,HV,RCL",1
6,3,"AC,BV,HC,RCL","AC,HC,RCL",1
6,3,"AC,BV,RCL","AC,BV,BW,HV,RCL",1
6,3,"AC,BV,RCL","AC,RCL",1
6,3,"AC,BW,GC,RCL","AC,RCL",1
6,3,"AC,BW,RCL","AC,BV,BW,RCL",2
6,3,"AC,BW,RCL","AC,BW,GC,RCL",1
6,3,"AC,BW,RCL","BW,RCL",1
6,3,"AC,GC,HV,RCL","AC,GC,RCL",1
6,3,"AC,GC,RCL","AC,HC,RCL",1
6,3,"AC,HC,RCL","AC,BV,HC,RCL",1
6,3,"AC,HC,RCL","AC,RCL",2
6,3,"AC,HV,RCL","AC,RCL",1
6,3,"AC,RCL","AC,BV,RCL",1
6,3,"AC,RCL","AC,BW,RCL",3
6,3,"AC,RCL","AC,HC,RCL",1
6,3,"AC,RCL","AC,HV,RCL",1
6,3,"AC,RCL",RCL,1
6,3,"BW,HV,RCL","BW,HV,RCL,RP",1
6,3,"BW,HV,RCL,RP",RCL,1
6,3,"BW,RCL","BW,HV,RCL",1
6,3,"BW,RCL",RCL,4
6,3,"GC,HV,RCL,RS","GC,RCL,RS",1
6,3,"GC,RCL,RS","RCL,RS",1
6,3,"HV,RCL,RS","GC,HV,RCL,RS",1
6,3,"PC,RP,RS","PC,RS",1
6,3,"PC,RP,RS","RP,RS",1
6,3,"PC,RS","PC,RP,RS",1
6,3,"PT,RP,RS","RP,RS",1
6,3,RCL,"AC,RCL",2
6,3,RCL,"BW,RCL",4
6,3,RCL,"RCL,RS",1
6,3,RCL,none,1
6,3,"RCL,RS","HV,RCL,RS",1
6,3,"RCL,RS",RCL,1
6,3,"RP,RS","PC,RP,RS",1
6,3,"RP,RS",none,1
6,3,RS,"PT,RP,RS",1
6,3,none,RCL,1
6,3,none,RS,1
6,4,"AC,BV,BW,GC,HV,RCL","AC,BV,BW,GC,HV,RCL,RS",1
6,4,"AC,BV,BW,GC,HV,RCL","AC,BV,GC,HV,RCL",1
6,4,"AC,BV,BW,GC,HV,RCL","AC,BW,GC,HV,RCL",2
6,4,"AC,BV,BW,GC,HV,RCL","AC,BW,GC,RCL",1
6,4,"AC,BV,BW,GC,HV,RCL,RS","AC,BV,BW,GC,HV,RCL",1
6,4,"AC,BV,BW,GC,RCL","AC,BV,BW,GC,HV,RCL",1
6,4,"AC,BV,BW,HV,RCL","AC,BV,BW,GC,HV,RCL",1
6,4,"AC,BV,GC,HV,RCL","AC,BV,HV,RCL",1
6,4,"AC,BV,HV,RCL","AC,BV,BW,HV,RCL",1
6,4,"AC,BW,GC,HV,RCL","AC,BV,BW,GC,HV,RCL",1
6,4,"AC,BW,GC,HV,RCL","AC,BW,GC,RCL",1
6,4,"AC,BW,GC,RCL","AC,BV,BW,GC,RCL",1
6,4,"AC,BW,GC,RCL",RCL,1
6,4,"AC,GC,HV,RCL","BW,GC,HV,RCL",1
6,4,"BV,BW,GC,HV,RCL","AC,BV,BW,GC,HV,RCL",1
6,4,"BV,BW,GC,HV,RCL","BW,HV,RCL",1
6,4,"BW,GC,HV,RCL","BV,BW,GC,HV,RCL",1
6,4,"BW,HV,RCL","BV,BW,GC,HV,RCL",1
6,4,"BW,HV,RCL","GC,HV,RCL",1
6,4,"BW,PT,RCL","BW,HV,RCL",1
6,4,"BW,RCL","BW,PT,RCL",1
6,4,"BW,RCL","PT,RCL",1
6,4,"BW,RCL",RCL,1
6,4,"GC,HV,RCL","AC,GC,HV,RCL",1
6,4,PC,"PC,PT",1
6,4,PC,"PC,RCL",1
6,4,"PC,PT",PC,1
6,4,"PC,PT","PC,PT,RP",1
6,4,"PC,PT,RP","PC,PT",1
6,4,"PC,RCL",RCL,1
6,4,PT,none,1
6,4,"PT,RCL",RCL,1
6,4,RCL,"BW,RCL",3
6,4,RCL,"RCL,RS",1
6,4,RCL,none,1
6,4,"RCL,RS",RCL,1
6,4,"RP,RS",none,1
6,4,RS,"RP,RS",1
6,4,RS,none,1
6,4,none,PC,1
6,4,none,PT,1
6,4,none,RS,2
6,5,"BV,BW,HC,HV,RCA,RCL","BW,RCA,RCL",1
6,5,"BV,BW,RCA,RCL","BV,BW,HC,HV,RCA,RCL",1
6,5,"BV,BW,RCL","BW,RCL",1
6,5,"BV,RCL",RCL,1
6,5,"BW,PC,RCL,RP",RCL,1
6,5,"BW,PC,RCL,RP,RS","BW,PC,RCL,RP",1
6,5,"BW,RCA,RCL","BV,BW,RCL",1
6,5,"BW,RCA,RCL","RCA,RCL",1
6,5,"BW,RCA,RCL",RCL,1
6,5,"BW,RCL",RCL,1
6,5,"HC,RCL",RCL,1
6,5,PC,"PC,PT",1
6,5,PC,"PC,RS",1
6,5,PC,none,1
6,5,"PC,PT",PC,1
6,5,"PC,RCL","PC,RCL,RS",1
6,5,"PC,RCL,RS","RCL,RS",1
6,5,"PC,RS",RS,1
6,5,"PC,RS",none,1
6,5,PT,PC,1
6,5,"RCA,RCL","BV,BW,RCA,RCL",1
6,5,"RCA,RCL","BW,RCA,RCL",1
6,5,"RCA,RCL",RCL,1
6,5,RCL,"BV,RCL",1
6,5,RCL,"BW,RCA,RCL",1
6,5,RCL,"HC,RCL",1
6,5,RCL,"PC,RCL",1
6,5,RCL,"RCA,RCL",2
6,5,RCL,"RCL,RP",1
6,5,"RCL,RP",RCL,1
6,5,"RCL,RS",RCL,1
6,5,"RP,RS","BW,PC,RCL,RP,RS",1
6,5,RS,PC,1
6,5,RS,"PC,RS",1
6,5,none,"RP,RS",1
6,5,none,RS,1
6,6,"AC,BW,RCL",RCL,1
6,6,"AC,RCL","AC,BW,RCL",1
6,6,"AC,RCL",RCL,3
6,6,BV,none,1
6,6,"BV,BW,RCL",RCL,1
6,6,"BW,HV,PC,RP,RS",PC,1
6,6,"BW,HV,RCL",RCL,1
6,6,"BW,RCL","BW,HV,RCL",1
6,6,"BW,RCL",RCL,3
6,6,PC,none,1
6,6,"PC,RP,RS","BW,HV,PC,RP,RS",1
6,6,"PC,RP,RS","RP,RS",1
6,6,"PC,RS","PC,RP,RS",1
6,6,"PC,RS",RS,1
6,6,"RCA,RCL","AC,RCL",1
6,6,RCL,"AC,RCL",3
6,6,RCL,"BV,BW,RCL",1
6,6,RCL,"BW,RCL",4
6,6,RCL,"RCA,RCL",1
6,6,RCL,none,2
6,6,RP,none,1
6,6,"RP,RS",RP,1
6,6,RS,"PC,RS",1
6,6,RS,none,7
6,6,none,BV,1
6,6,none,"PC,RP,RS",1
6,6,none,"PC,RS",1
6,6,none,RCL,2
6,6,none,RS,7
6,7,"AC,BV,BW,GC,RCL,RS","RCL,RS",1
6,7,"AC,BV,HV,RCL,RS","AC,HV,RCL,RS",1
6,7,"AC,BV,RCL,RS","AC,RCL",1
6,7,"AC,BW,GC,HV,RCL","GC,HV,RCL",1
6,7,"AC,BW,GC,HV,RCL,RS","AC,BV,HV,RCL,RS",1
6,7,"AC,BW,GC,HV,RCL,RS","BW,RCL,RS",1
6,7,"AC,BW,HV,RCL","BV,BW,RCL,RS",1
6,7,"AC,BW,HV,RCL,RS","AC,BW,HV,RCL",1
6,7,"AC,GC,HV,RCL","AC,BW,GC,HV,RCL",1
6,7,"AC,GC,HV,RCL","AC,HV,RCL",1
6,7,"AC,HV,RCA,RCL","AC,HV,RCL",1
6,7,"AC,HV,RCL","AC,GC,HV,RCL",1
6,7,"AC,HV,RCL","AC,HV,RCA,RCL",1
6,7,"AC,HV,RCL","HV,RCL",1
6,7,"AC,HV,RCL,RS","AC,BW,HV,RCL,RS",1
6,7,"AC,HV,RCL,RS","HV,RCL,RS",1
6,7,"AC,RCL",RCL,1
6,7,"BV,BW,GC,HV,RCL","BV,BW,GC,HV,RCL,RS",1
6,7,"BV,BW,GC,HV,RCL,RS","BW,GC,HV,RCL,RS",1
6,7,"BV,BW,HV,RCL","BV,BW,HV,RCL,RS",1
6,7,"BV,BW,HV,RCL",RCL,1
6,7,"BV,BW,HV,RCL,RS","AC,BV,BW,GC,RCL,RS",1
6,7,"BV,BW,HV,RCL,RS","BW,HV,RCL,RS",1
6,7,"BV,BW,RCL,RS","BV,RCL,RS",1
6,7,"BV,RCL,RS","AC,BV,RCL,RS",1
6,7,"BW,GC,HV,RCL","AC,GC,HV,RCL",1
6,7,"BW,GC,HV,RCL,RS","AC,BW,GC,HV,RCL,RS",2
6,7,"BW,GC,HV,RCL,RS","GC,HV,RCL,RS",1
6,7,"BW,HV,RCL","BW,GC,HV,RCL",1
6,7,"BW,HV,RCL","GC,HV,RCL",1
6,7,"BW,HV,RCL,RS","BV,BW,HV,RCL",1
6,7,"BW,HV,RCL,RS","BW,GC,HV,RCL,RS",1
6,7,"BW,HV,RCL,RS","BW,RCL,RS",1
6,7,"BW,PC,RCL,RS","BW,HV,RCL,RS",1
6,7,"BW,RCA,RCL,RS","RCL,RS",1
6,7,"BW,RCL","BV,BW,HV,RCL",1
6,7,"BW,RCL","BW,HV,RCL",1
6,7,"BW,RCL,RS","BV,BW,HV,RCL,RS",1
6,7,"BW,RCL,RS","BW,GC,HV,RCL,RS",1
6,7,"BW,RCL,RS","BW,RCA,RCL,RS",1
6,7,"BW,RCL,RS","RCL,RS",1
6,7,"BW,RS","BW,PC,RCL,RS",1
6,7,"GC,HV,RCL","AC,HV,RCL",1
6,7,"GC,HV,RCL","GC,RCL",1
6,7,"GC,HV,RCL,RS","AC,HV,RCL,RS",1
6,7,"GC,RCL",RCL,1
6,7,"HV,RCL","BV,BW,GC,HV,RCL",1
6,7,"HV,RCL,RS","BW,HV,RCL,RS",1
6,7,"PC,RP,RS","PC,RS",1
6,7,"PC,RP,RS","RP,RS",1
6,7,"PC,RP,RS",RS,1
6,7,"PC,RS","PC,RP,RS",2
6,7,"PC,RS",RS,2
6,7,"PC,RS",none,2
6,7,RCL,"BW,HV,RCL",1
6,7,RCL,"BW,RCL",2
6,7,RCL,"RCL,RS",1
6,7,"RCL,RS","BW,RCL,RS",1
6,7,"RCL,RS",RCL,1
6,7,"RCL,RS",RS,2
6,7,"RCL,RS",none,1
6,7,"RP,RS","PC,RP,RS",1
6,7,RS,"BW,RCL,RS",1
6,7,RS,"PC,RS",2
6,7,RS,"RCL,RS",1
6,7,RS,none,4
6,7,none,"BW,RS",1
6,7,none,"PC,RS",2
6,7,none,RS,4
6,8,"AC,BV,BW,GC,HC,HV,RCL","AC,GC,HC,RCL",1
6,8,"AC,BV,BW,GC,HC,RCL","AC,GC,HC,RCL",2
6,8,"AC,BV,BW,GC,HV,RCL","AC,BV,BW,GC,HC,HV,RCL",1
6,8,"AC,BV,BW,HC,HV,RCL","AC,BW,HC,HV,RCL",1
6,8,"AC,BV,BW,HV,RCL","AC,BV,BW,GC,HV,RCL",1
6,8,"AC,BV,BW,HV,RCL","AC,BV,BW,HC,HV,RCL",1
6,8,"AC,BV,BW,HV,RCL,RS","AC,BW,HV,RCL,RS",1
6,8,"AC,BV,BW,RCL,RS","AC,RCL,RS",1
6,8,"AC,BW,GC,HC,RCL","AC,BV,BW,GC,HC,RCL",1
6,8,"AC,BW,HC,HV,RCL","AC,BW,HV,RCL",1
6,8,"AC,BW,HV,RCL","AC,BV,BW,HV,RCL",1
6,8,"AC,BW,HV,RCL","AC,BW,HV,RCL,RS",1
6,8,"AC,BW,HV,RCL,RS","AC,BV,BW,HV,RCL",1
6,8,"AC,BW,HV,RCL,RS","AC,BV,BW,HV,RCL,RS",1
6,8,"AC,BW,HV,RCL,RS","AC,RCL,RS",1
6,8,"AC,BW,RCL","AC,BW,HV,RCL",1
6,8,"AC,GC,HC,RCL","AC,BV,BW,GC,HC,RCL",1
6,8,"AC,GC,HC,RCL","AC,BW,GC,HC,RCL",1
6,8,"AC,GC,HC,RCL","AC,HC,RCL",2
6,8,"AC,HC,RCL","AC,GC,HC,RCL",1
6,8,"AC,HC,RCL","AC,RCL",3
6,8,"AC,HV,RCL","AC,RCL,RS",1
6,8,"AC,RCL","AC,BV,BW,RCL,RS",1
6,8,"AC,RCL","AC,BW,RCL",1
6,8,"AC,RCL","AC,HC,RCL",2
6,8,"AC,RCL","AC,HV,RCL",1
6,8,"AC,RCL",none,1
6,8,"AC,RCL,RS","AC,BW,HV,RCL,RS",1
6,8,"AC,RCL,RS","AC,RCL",2
6,8,"AC,RCL,RS","RCL,RS",1
6,8,"BV,BW,RCL,RS","RCL,RS",1
6,8,"BW,HV,RCL",RCL,1
6,8,"BW,PC",PC,1
6,8,"BW,RCL","BW,HV,RCL",1
6,8,PC,"BW,PC",1
6,8,PC,"PC,RP,RS",1
6,8,PC,none,1
6,8,"PC,RP,RS",PC,1
6,8,"PC,RP,RS","PC,RS",1
6,8,"PC,RS",PC,1
6,8,"PC,RS","PC,RP,RS",1
6,8,RCL,"RCL,RS",3
6,8,"RCL,RS","AC,RCL,RS",1
6,8,"RCL,RS","BV,BW,RCL,RS",1
6,8,"RCL,RS",RCL,3
6,8,RS,"PC,RS",1
6,8,RS,none,1
6,8,none,"AC,RCL",1
6,8,none,"BW,RCL",1
6,8,none,RS,1
6,9,"AC,BV,BW,GC,HC,RCL","AC,HC,RCL",1
6,9,"AC,BV,BW,GC,HV,RCL","AC,BW,GC,HV,RCL",1
6,9,"AC,BV,BW,HV,RCL","AC,BV,BW,GC,HV,RCL",1
6,9,"AC,BV,BW,HV,RCL","AC,BV,HV,RCL",1
6,9,"AC,BV,BW,HV,RCL","AC,HC,HV,RCL",1
6,9,"AC,BV,GC,HC,HV,RCL","AC,BV,BW,GC,HC,RCL",1
6,9,"AC,BV,HV,RCL","AC,BV,RCL",1
6,9,"AC,BV,RCL","AC,RCL",1
6,9,"AC,BW,GC,HV,RCL","AC,BW,HV,RCL",1
6,9,"AC,BW,HV,RCL","AC,BV,BW,HV,RCL",1
6,9,"AC,BW,HV,RCL","AC,HV,RCL",1
6,9,"AC,BW,RCL","AC,RCL",2
6,9,"AC,GC,HC,HV,RCL","AC,HC,HV,RCL",1
6,9,"AC,GC,HC,HV,RCL","AC,RCL",1
6,9,"AC,HC,HV,RCL","AC,GC,HC,HV,RCL",1
6,9,"AC,HC,HV,RCL","AC,HC,RCL",1
6,9,"AC,HC,RCL","AC,BW,RCL",1
6,9,"AC,HC,RCL","AC,GC,HC,HV,RCL",1
6,9,"AC,HC,RCL","AC,RCL",1
6,9,"AC,HV,RCL","AC,BV,BW,HV,RCL",1
6,9,"AC,HV,RCL","AC,BV,GC,HC,HV,RCL",1
6,9,"AC,HV,RCL","AC,RCL",1
6,9,"AC,RCL","AC,BV,BW,HV,RCL",1
6,9,"AC,RCL","AC,BW,RCL",1
6,9,"AC,RCL","AC,HC,RCL",1
6,9,"AC,RCL","AC,HV,RCL",2
6,9,"AC,RCL",RCL,1
6,9,"BV,BW,RCL","BV,RCL",1
6,9,"BV,BW,RCL","GC,HV,RCL,RS",1
6,9,"BV,RCL",RCL,1
6,9,"BW,HV","AC,BW,HV,RCL",1
6,9,"BW,HV,RP","BW,HV",1
6,9,"BW,PT,RP,RS",none,1
6,9,"BW,RCL","BV,BW,RCL",1
6,9,"BW,RP","BW,HV,RP",1
6,9,"BW,RP","RCL,RP",1
6,9,"BW,RP",RP,1
6,9,"BW,RP,RS","BW,PT,RP,RS",1
6,9,"GC,HV,RCL,RS","RCL,RS",1
6,9,HV,none,2
6,9,PC,"PC,PT,RS",1
6,9,"PC,PT,RS","PC,RS",1
6,9,"PC,RP,RS","BW,RP,RS",1
6,9,"PC,RP,RS","RP,RS",1
6,9,"PC,RS","PC,RP,RS",1
6,9,"PC,RS",RS,1
6,9,RCL,"BV,BW,RCL",1
6,9,RCL,"BW,RCL",1
6,9,RCL,none,2
6,9,"RCL,RP",RP,1
6,9,"RCL,RS",RCL,1
6,9,RP,"BW,RP",3
6,9,"RP,RS","PC,RP,RS",1
6,9,RS,"PC,RS",1
6,9,RS,none,3
6,9,none,HV,2
6,9,none,PC,1
6,9,none,RCL,1
6,9,none,RP,1
6,9,none,RS,3
6,10,"AC,BV,BW,GC,HC,HV,RCL","AC,BV,GC,HC,HV,RCL",1
6,10,"AC,BV,BW,HC,HV,RCL","AC,HC,HV,RCL",1
6,10,"AC,BV,GC,HC,HV,RCL","AC,BV,GC,HC,RCL",1
6,10,"AC,BV,GC,HC,HV,RCL","AC,BV,HC,HV,RCL",1
6,10,"AC,BV,GC,HC,HV,RCL","AC,GC,HC,HV,RCL",1
6,10,"AC,BV,GC,HC,HV,RCL","AC,HC,HV,RCL",1
6,10,"AC,BV,GC,HC,RCL","AC,HC,RCL",1
6,10,"AC,BV,HC,HV,RCL","AC,HC,RCL",1
6,10,"AC,BW,GC,HC,HV,RCL","AC,BV,BW,GC,HC,HV,RCL",1
6,10,"AC,BW,GC,HC,HV,RCL","AC,GC,HC,RCL",1
6,10,"AC,BW,HV","AC,BW,RCL",1
6,10,"AC,BW,HV,RCL","AC,BV,BW,HC,HV,RCL",1
6,10,"AC,BW,RCL","AC,BW,HV,RCL",1
6,10,"AC,BW,RCL","AC,RCL",2
6,10,"AC,GC,HC,HV,RCL","AC,BV,GC,HC,HV,RCL",1
6,10,"AC,GC,HC,HV,RCL","AC,BW,GC,HC,HV,RCL",1
6,10,"AC,GC,HC,HV,RCL","AC,GC,HC,RCL",1
6,10,"AC,GC,HC,HV,RCL","AC,GC,HV,RCL",1
6,10,"AC,GC,HC,RCL","AC,HC,RCL",3
6,10,"AC,GC,HV,RCL","AC,RCL",1
6,10,"AC,HC,HV,RCL","AC,BV,GC,HC,HV,RCL",1
6,10,"AC,HC,HV,RCL","AC,GC,HC,HV,RCL",1
6,10,"AC,HC,HV,RCL","AC,HC,RCL",1
6,10,"AC,HC,RCL","AC,BV,GC,HC,HV,RCL",1
6,10,"AC,HC,RCL","AC,BW,GC,HC,HV,RCL",1
6,10,"AC,HC,RCL","AC,GC,HC,HV,RCL",2
6,10,"AC,HC,RCL","AC,GC,HC,RCL",1
6,10,"AC,HC,RCL","AC,HC,HV,RCL",1
6,10,"AC,HC,RCL","AC,RCL",1
6,10,"AC,HV,RCL","AC,HV,RCL,RS",1
6,10,"AC,HV,RCL,RS","AC,RCL,RS",1
6,10,"AC,RCL","AC,BW,RCL",1
6,10,"AC,RCL","AC,HC,RCL",1
6,10,"AC,RCL","AC,HV,RCL",1
6,10,"AC,RCL",RCL,2
6,10,"AC,RCL,RS","AC,BW,RCL",1
6,10,BW,"AC,BW,HV",1
6,10,PC,"PC,PT",1
6,10,PC,PT,1
6,10,PC,none,1
6,10,"PC,PT",none,1
6,10,PT,none,2
6,10,RCL,"AC,RCL",1
6,10,RCL,"RCL,RS",1
6,10,RCL,none,2
6,10,"RCL,RS",RCL,1
6,10,RS,BW,1
6,10,RS,none,2
6,10,none,PC,3
6,10,none,RCL,1
6,10,none,RS,4
6,11,"AC,BV,BW,GC,HC,HV,RCL","AC,GC,HC,HV,RCL",1
6,11,"AC,BV,BW,GC,HC,HV,RCL,RS","AC,GC,HV,RCL,RS",1
6,11,"AC,BV,BW,GC,HC,RCL","AC,BV,BW,GC,HC,HV,RCL",1
6,11,"AC,BV,BW,GC,HC,RCL","AC,GC,HC,RCL",2
6,11,"AC,BV,BW,HC,HV,RCL","AC,BV,BW,HC,HV,RCL,RS",1
6,11,"AC,BV,BW,HC,HV,RCL,RP,RS","AC,BV,BW,GC,HC,HV,RCL,RS",1
6,11,"AC,BV,BW,HC,HV,RCL,RS","AC,BV,BW,HC,HV,RCL,RP,RS",1
6,11,"AC,BV,BW,RCL","AC,BW,GC,HC,HV,RCL",1
6,11,"AC,BV,GC,HC,RCL","AC,BV,BW,GC,HC,RCL",1
6,11,"AC,BW,GC,HC,HV,RCL","AC,HC,HV,RCL",1
6,11,"AC,BW,GC,HC,RCL","AC,BV,BW,GC,HC,RCL",1
6,11,"AC,BW,RCL","AC,BV,BW,GC,HC,RCL",1
6,11,"AC,BW,RCL","AC,BV,BW,RCL",1
6,11,"AC,GC,HC,HV,RCL","AC,GC,HC,RCL",1
6,11,"AC,GC,HC,RCL","AC,BV,GC,HC,RCL",1
6,11,"AC,GC,HC,RCL","AC,BW,GC,HC,RCL",1
6,11,"AC,GC,HC,RCL","AC,GC,RCL",2
6,11,"AC,GC,HC,RCL","AC,HC,RCL",3
6,11,"AC,GC,HC,RCL","AC,RCL",1
6,11,"AC,GC,HC,RCL,RS","AC,GC,HC,RCL",1
6,11,"AC,GC,HV,RCL","AC,GC,RCL",1
6,11,"AC,GC,HV,RCL,RS","AC,GC,HC,RCL,RS",1
6,11,"AC,GC,HV,RCL,RS","AC,RCL,RS",1
6,11,"AC,GC,RCL","AC,GC,HC,RCL",1
6,11,"AC,GC,RCL","AC,GC,HV,RCL",1
6,11,"AC,GC,RCL","AC,RCL",1
6,11,"AC,HC,HV,RCL","AC,BV,BW,HC,HV,RCL",1
6,11,"AC,HC,RCL","AC,GC,HC,RCL",3
6,11,"AC,RCL","AC,BW,RCL",2
6,11,"AC,RCL",RCL,1
6,11,"AC,RCL,RS","AC,GC,HV,RCL,RS",1
6,11,"AC,RCL,RS","AC,RCL",1
6,11,"BW,PC,RS","PC,RP,RS",1
6,11,"PC,RP,RS","RP,RS",1
6,11,"PC,RP,RS",RS,1
6,11,"PC,RS","BW,PC,RS",1
6,11,"PC,RS","PC,RP,RS",1
6,11,"PC,RS",none,1
6,11,"RCL,RS","AC,RCL,RS",1
6,11,"RP,RS",RS,1
6,11,RS,"PC,RS",3
6,11,RS,"RCL,RS",1
6,11,RS,none,1
6,11,none,RS,2
6,12,"AC,BV,BW,GC,HC,HV,RCL","AC,BW,GC,HC,RCL",1
6,12,"AC,BV,BW,GC,HC,HV,RCL","AC,GC,HC,HV,RCL",1
6,12,"AC,BV,BW,GC,HC,RCL","AC,BW,GC,HC,RCL",1
6,12,"AC,BV,BW,GC,HV,RCL","AC,BV,BW,GC,RCL",1
6,12,"AC,BV,BW,GC,HV,RCL","AC,BW,GC,HV,RCL",1
6,12,"AC,BV,BW,GC,RCL","AC,BV,BW,GC,HC,RCL",1
6,12,"AC,BV,BW,GC,RCL","AC,BV,GC,RCL",1
6,12,"AC,BV,BW,RCL,RS","AC,BW,RCL,RS",1
6,12,"AC,BV,GC,HV,RCL","AC,BV,BW,GC,HV,RCL",1
6,12,"AC,BV,GC,RCL","AC,GC,RCL",1
6,12,"AC,BV,RCL",RCL,1
6,12,"AC,BW,GC,HC,HV,RCL","AC,BV,BW,GC,HC,HV,RCL",1
6,12,"AC,BW,GC,HC,HV,RCL","AC,BW,GC,HC,RCL",1
6,12,"AC,BW,GC,HC,HV,RCL","AC,BW,GC,HV,RCL",1
6,12,"AC,BW,GC,HC,HV,RCL","AC,GC,HC,HV,RCL",1
6,12,"AC,BW,GC,HC,RCL","AC,BV,BW,GC,HC,HV,RCL",1
6,12,"AC,BW,GC,HC,RCL","AC,BW,GC,HC,HV,RCL",2
6,12,"AC,BW,GC,HC,RCL","AC,GC,HC,RCL",1
6,12,"AC,BW,GC,HC,RCL","AC,HC,RCL",1
6,12,"AC,BW,GC,HV,RCL","AC,BV,BW,GC,HV,RCL",1
6,12,"AC,BW,GC,HV,RCL","AC,GC,HV,RCL",1
6,12,"AC,BW,GC,RCL","AC,BV,BW,GC,RCL",1
6,12,"AC,BW,GC,RCL","AC,BW,GC,RCL,RS",1
6,12,"AC,BW,GC,RCL,RS","AC,RCL",1
6,12,"AC,BW,RCL","AC,BW,GC,RCL",1
6,12,"AC,BW,RCL,RS","AC,BW,RCL",1
6,12,"AC,BW,RCL,RS","AC,RCL,RS",1
6,12,"AC,GC,HC,HV,RCL","AC,BW,GC,HC,HV,RCL",2
6,12,"AC,GC,HC,HV,RCL","AC,GC,RCL",1
6,12,"AC,GC,HC,RCL","AC,BW,GC,HC,RCL",2
6,12,"AC,GC,HV,RCL","AC,GC,HC,HV,RCL",1
6,12,"AC,GC,RCL","AC,BV,GC,HV,RCL",1
6,12,"AC,GC,RCL","AC,GC,HC,RCL",1
6,12,"AC,GC,RCL","AC,RCL",1
6,12,"AC,HC,RCL","AC,RCL",2
6,12,"AC,RCL","AC,BW,GC,RCL",1
6,12,"AC,RCL","AC,GC,RCL",1
6,12,"AC,RCL","AC,RCL,RS",3
6,12,"AC,RCL,RS","AC,BV,BW,RCL,RS",1
6,12,"AC,RCL,RS","AC,BW,RCL,RS",1
6,12,"AC,RCL,RS","AC,HC,RCL",1
6,12,"AC,RCL,RS","AC,RCL",1
6,12,"AC,RCL,RS","RCL,RS",1
6,12,"BV,BW","BV,RCL",1
6,12,"BV,RCL","AC,BV,RCL",1
6,12,BW,"BV,BW",1
6,12,"HV,RCL,RS",RS,1
6,12,RCL,"RCL,RS",1
6,12,"RCL,RS","AC,RCL,RS",1
6,12,"RCL,RS","HV,RCL,RS",1
6,12,RP,none,1
6,12,RS,none,1
6,12,none,BW,1
6,12,none,RS,1
6,13,"AC,BV,BW,GC,HC,HV,RCL","AC,BV,BW,GC,HC,HV,RCL,RS",1
6,13,"AC,BV,BW,GC,HC,HV,RCL","AC,BV,BW,GC,HC,RCL",1
6,13,"AC,BV,BW,GC,HC,HV,RCL","AC,BV,GC,HC,HV,RCL",1
6,13,"AC,BV,BW,GC,HC,HV,RCL,RS","AC,BV,BW,GC,HC,HV,RCL",1
6,13,"AC,BV,BW,GC,HC,RCL","AC,GC,HC,RCL",1
6,13,"AC,BV,GC,HC,HV,RCL","AC,GC,HC,HV,RCL",1
6,13,"AC,BV,HC,HV,RCL","AC,HC,HV,RCL",1
6,13,"AC,BV,HV,RCL","AC,RCL",1
6,13,"AC,BW,GC,HC,HV,RCL","AC,BV,BW,GC,HC,HV,RCL",1
6,13,"AC,BW,HC,HV,RCL","AC,BW,GC,HC,HV,RCL",1
6,13,"AC,BW,HV,RCL","AC,BV,HV,RCL",1
6,13,"AC,BW,HV,RCL,RS","AC,HV,RCL,RS",1
6,13,"AC,BW,HV,RCL,RS","AC,RCL,RS",1
6,13,"AC,BW,RCL","AC,BW,HV,RCL",1
6,13,"AC,BW,RCL,RS","BW,RCL,RS",1
6,13,"AC,GC,HC,HV,RCL","AC,GC,HC,RCL",2
6,13,"AC,GC,HC,RCL","AC,BV,BW,GC,HC,HV,RCL",1
6,13,"AC,GC,HC,RCL","AC,GC,HC,RCL,RS",1
6,13,"AC,GC,HC,RCL","AC,HC,RCL",2
6,13,"AC,GC,HC,RCL,RS","AC,HC,RCL",1
6,13,"AC,HC,HV,RCL","AC,BV,HC,HV,RCL",1
6,13,"AC,HC,HV,RCL","AC,BW,HC,HV,RCL",1
6,13,"AC,HC,HV,RCL","AC,GC,HC,HV,RCL",1
6,13,"AC,HC,HV,RCL,RS","AC,HC,HV,RCL",1
6,13,"AC,HC,RCL","AC,GC,HC,RCL",1
6,13,"AC,HC,RCL","AC,HC,HV,RCL",1
6,13,"AC,HV,RCL,RS","AC,BW,HV,RCL,RS",2
6,13,"AC,HV,RCL,RS","AC,HC,HV,RCL,RS",1
6,13,"AC,RCL","AC,BW,RCL",1
6,13,"AC,RCL","AC,HV,RCL,RS",1
6,13,"AC,RCL,RS","AC,RCL",1
6,13,BW,"AC,BW,RCL,RS",1
6,13,"BW,RCL,RS","RCL,RS",1
6,13,"BW,RS",RS,1
6,13,"HV,RCL,RS","AC,HV,RCL,RS",1
6,13,PC,none,1
6,13,PT,none,1
6,13,"RCL,RS","HV,RCL,RS",1
6,13,RS,"BW,RS",1
6,13,RS,none,2
6,13,none,BW,1
6,13,none,PT,1
6,13,none,RS,2
6,14,AC,none,1
6,14,"AC,BV,BW,GC,HC,HV,RCA,RCL","AC,BV,BW,GC,HV,RCA,RCL",1
6,14,"AC,BV,BW,GC,HC,HV,RCA,RCL","AC,BW,HV,RCL",1
6,14,"AC,BV,BW,GC,HC,HV,RCA,RCL","AC,GC,HC,HV,RCA,RCL",1
6,14,"AC,BV,BW,GC,HC,HV,RCA,RCL,RS","AC,BV,BW,GC,HC,HV,RCA,RCL",1
6,14,"AC,BV,BW,GC,HC,HV,RCA,RCL,RS","AC,BV,HC,HV,RCA,RCL,RS",1
6,14,"AC,BV,BW,GC,HC,HV,RCL,RS","AC,BV,BW,GC,HC,HV,RCA,RCL,RS",1
6,14,"AC,BV,BW,GC,HV,RCA,RCL","AC,GC,HC,HV,RCA,RCL",1
6,14,"AC,BV,BW,GC,HV,RCA,RCL","AC,GC,HV,RCA,RCL",1
6,14,"AC,BV,BW,HC,HV","AC,BV,HC",1
6,14,"AC,BV,BW,HC,HV,RCL,RS","AC,BV,BW,GC,HC,HV,RCA,RCL,RS",1
6,14,"AC,BV,BW,HC,RCL","AC,BV,BW,GC,HC,HV,RCL,RS",1
6,14,"AC,BV,BW,HC,RCL","AC,BW,HC,RCL",1
6,14,"AC,BV,BW,HV,RCA,RCL","AC,BV,BW,GC,HC,HV,RCA,RCL",1
6,14,"AC,BV,HC","AC,HC",1
6,14,"AC,BV,HC,HV,RCA,RCL,RS","AC,HC,RCA,RCL",1
6,14,"AC,BW,GC,HC,HV,RCA,RCL","AC,BV,BW,GC,HC,HV,RCA,RCL",1
6,14,"AC,BW,GC,HC,HV,RCA,RCL","AC,GC,HC,HV,RCA,RCL",1
6,14,"AC,BW,GC,HC,HV,RCL","AC,BW,GC,HC,HV,RCA,RCL",1
6,14,"AC,BW,GC,HC,RCA,RCL","AC,HC,HV",1
6,14,"AC,BW,GC,HV,RCA,RCL","AC,BV,BW,GC,HV,RCA,RCL",1
6,14,"AC,BW,HC","AC,BV,BW,HC,HV",1
6,14,"AC,BW,HC,HV,RCL","AC,BV,BW,HC,HV,RCL,RS",1
6,14,"AC,BW,HC,RCL","AC,BV,BW,HC,RCL",1
6,14,"AC,BW,HC,RCL","AC,HC,RCL",1
6,14,"AC,BW,HV,RCL","AC,BV,BW,HV,RCA,RCL",1
6,14,"AC,BW,RCL",RCL,1
6,14,"AC,GC,HC,HV,RCA,RCL","AC,BW,GC,HC,HV,RCA,RCL",1
6,14,"AC,GC,HC,HV,RCA,RCL","AC,BW,GC,HC,HV,RCL",1
6,14,"AC,GC,HC,HV,RCA,RCL","AC,GC,HC,RCA,RCL",1
6,14,"AC,GC,HC,RCA,RCL","AC,BW,GC,HC,RCA,RCL",1
6,14,"AC,GC,HC,RCA,RCL","AC,GC,RCA,RCL",1
6,14,"AC,GC,HV,RCA,RCL","AC,GC,RCA,RCL",1
6,14,"AC,GC,RCA,RCL","AC,BW,GC,HV,RCA,RCL",1
6,14,"AC,GC,RCA,RCL","AC,GC,HC,RCA,RCL",1
6,14,"AC,HC","AC,BW,HC",1
6,14,"AC,HC","AC,HC,RCL",1
6,14,"AC,HC,HV","AC,HC",1
6,14,"AC,HC,RCA,RCL","AC,HC,RCL",1
6,14,"AC,HC,RCL","AC,BW,HC,HV,RCL",1
6,14,"AC,HC,RCL","AC,RCL",1
6,14,"AC,HC,RCL",none,1
6,14,"AC,RCL","AC,BW,HC,RCL",1
6,14,"AC,RCL","AC,RCL,RS",1
6,14,"AC,RCL",RCL,1
6,14,"AC,RCL,RS","AC,RCL",1
6,14,BW,none,1
6,14,"BW,RCL","AC,BV,BW,HC,RCL",1
6,14,"BW,RCL","AC,BW,RCL",1
6,14,"BW,RCL",RCL,1
6,14,RCL,"BW,RCL",2
6,14,RCL,none,3
6,14,"RCL,RS",RS,2
6,14,RP,BW,1
6,14,"RP,RS",RP,1
6,14,RS,"RP,RS",1
6,14,RS,none,4
6,14,none,AC,1
6,14,none,"AC,RCL",1
6,14,none,"BW,RCL",1
6,14,none,RCL,2
6,14,none,"RCL,RS",2
6,14,none,RS,3
6,15,"AC,BV,BW,GC,HC,HV,RCA,RCL","AC,BV,BW,HC,HV,RCA,RCL",1
6,15,"AC,BV,BW,GC,HC,HV,RCA,RCL,RS","AC,BW,GC,HC,HV,RCA,RCL,RS",3
6,15,"AC,BV,BW,HC,HV,RCA,RCL","AC,BV,BW,GC,HC,HV,RCA,RCL",1
6,15,"AC,BV,BW,HC,HV,RCA,RCL","AC,BV,BW,HC,HV,RCA,RCL,RS",1
6,15,"AC,BV,BW,HC,HV,RCA,RCL","AC,HV,RCA,RCL",1
6,15,"AC,BV,BW,HC,HV,RCA,RCL,RS","AC,BV,BW,GC,HC,HV,RCA,RCL,RS",1
6,15,"AC,BV,BW,HV,RCA,RCL","AC,BV,BW,HC,HV,RCA,RCL",1
6,15,"AC,BV,BW,HV,RCA,RCL,RS","AC,BV,BW,HV,RCA,RCL",1
6,15,"AC,BW,GC,HC,HV,RCA,RCL","AC,BW,GC,HC,HV,RCA,RCL,RS",1
6,15,"AC,BW,GC,HC,HV,RCA,RCL","AC,BW,HC,RCA,RCL",1
6,15,"AC,BW,GC,HC,HV,RCA,RCL,RS","AC,BV,BW,GC,HC,HV,RCA,RCL,RS",2
6,15,"AC,BW,GC,HC,HV,RCA,RCL,RS","AC,BW,GC,HC,HV,RCA,RCL",2
6,15,"AC,BW,GC,HC,RCA,RCL","AC,GC,HC,RCA,RCL",1
6,15,"AC,BW,HC,HV,RCA,RCL","AC,BV,BW,HC,HV,RCA,RCL",1
6,15,"AC,BW,HC,RCA,RCL","AC,BW,GC,HC,RCA,RCL",1
6,15,"AC,BW,HV,RCA,RCL","AC,BV,BW,HV,RCA,RCL,RS",1
6,15,"AC,BW,RCA,RCL","AC,BW,HV,RCA,RCL",1
6,15,"AC,BW,RCL","BW,RCL,RS",1
6,15,"AC,GC,HC,RCA,RCL","AC,HC,RCA,RCL",2
6,15,"AC,HC,RCA,RCL","AC,GC,HC,RCA,RCL",1
6,15,"AC,HC,RCA,RCL","AC,HC,RCL",1
6,15,"AC,HC,RCL","AC,RCL",1
6,15,"AC,HV,RCA,RCL","AC,BW,HC,HV,RCA,RCL",1
6,15,"AC,RCL",RCL,1
6,15,"BW,RCL",RCL,1
6,15,"BW,RCL,RS","AC,BW,RCA,RCL",1
6,15,"HV,RCL",RCL,1
6,15,RCL,"AC,BW,RCL",1
6,15,RCL,"HV,RCL",1
6,15,RCL,"RCL,RS",1
6,15,"RCL,RS",RS,2
6,15,"RP,RS",RS,1
6,15,RS,"RCL,RS",1
6,15,RS,"RP,RS",1
6,15,RS,none,5
6,15,none,"BW,RCL",1
6,15,none,RS,4
6,16,AC,"AC,HV",1
6,16,AC,"AC,RCL",1
6,16,AC,none,1
6,16,"AC,BV,BW,GC,HC,HV,RCL","AC,BV,GC,HC,HV,RCA,RCL",1
6,16,"AC,BV,BW,HV,PT,RCL","AC,BV,BW,HV,RCL",1
6,16,"AC,BV,BW,HV,RCL","AC,RCL",1
6,16,"AC,BV,GC,HC,HV,RCA,RCL","AC,HV,RCA,RCL",1
6,16,"AC,BV,GC,RCL","AC,GC,RCA,RCL",1
6,16,"AC,BW,GC,HC,HV,RCA,RCL","AC,BW,GC,HC,HV,RCL",1
6,16,"AC,BW,GC,HC,HV,RCA,RCL","AC,GC,RCA,RCL",1
6,16,"AC,BW,GC,HC,HV,RCL","AC,BV,BW,GC,HC,HV,RCL",1
6,16,"AC,BW,GC,HC,HV,RCL","AC,BW,GC,HC,HV,RCA,RCL",1
6,16,"AC,BW,GC,HC,RCL","AC,BW,GC,HC,HV,RCL",1
6,16,"AC,BW,GC,HV,RCA,RCL","AC,GC,HV,RCA,RCL",2
6,16,"AC,BW,GC,RCA,RCL","AC,RCL",1
6,16,"AC,BW,HV,RCL","AC,BW,GC,HV,RCA,RCL",1
6,16,"AC,BW,HV,RCL","AC,RCL",1
6,16,"AC,BW,RCL","AC,BV,BW,HV,PT,RCL",1
6,16,"AC,BW,RCL","AC,BW,GC,HC,RCL",1
6,16,"AC,BW,RCL","AC,BW,HV,RCL",1
6,16,"AC,GC,HV,RCA,RCL","AC,BW,GC,HC,HV,RCA,RCL",1
6,16,"AC,GC,HV,RCA,RCL","AC,BW,GC,HV,RCA,RCL",1
6,16,"AC,GC,HV,RCA,RCL","AC,HC,HV,RCL",1
6,16,"AC,GC,RCA,RCL","AC,BW,GC,RCA,RCL",1
6,16,"AC,GC,RCA,RCL","AC,GC,HV,RCA,RCL",1
6,16,"AC,GC,RCA,RCL","AC,RCA,RCL",1
6,16,"AC,GC,RCL","AC,RCL",1
6,16,"AC,HC,HV,RCL","AC,HC,RCL",1
6,16,"AC,HC,RCL","AC,RCL",1
6,16,"AC,HV","AC,GC,RCL",1
6,16,"AC,HV,RCA,RCL","AC,HV,RCL",1
6,16,"AC,HV,RCL","AC,BW,HV,RCL",1
6,16,"AC,RCA,RCL","AC,GC,RCA,RCL",1
6,16,"AC,RCL",AC,3
6,16,"AC,RCL","AC,BV,GC,RCL",1
6,16,"AC,RCL","AC,BW,RCL",2
6,16,"GC,HV,RCL,RS","HV,RCL,RS",1
6,16,HV,"HV,RCL",1
6,16,"HV,RCL","GC,HV,RCL,RS",1
6,16,"HV,RCL,RS","RCL,RS",1
6,16,PC,"PC,RS",1
6,16,"PC,RS","PT,RP,RS",1
6,16,"PC,RS",RS,2
6,16,PT,none,3
6,16,"PT,RP,RS",none,1
6,16,RCL,"AC,BW,RCL",1
6,16,RCL,none,2
6,16,"RCL,RS",RCL,1
6,16,RS,"PC,RS",2
6,16,RS,none,4
6,16,none,HV,1
6,16,none,PC,1
6,16,none,PT,2
6,16,none,RCL,2
6,16,none,RS,5
6,17,"AC,BV,BW,GC,HV,RCA,RCL","AC,BW,GC,HV,RCA,RCL",1
6,17,"AC,BV,GC,HV,RCL","AC,BV,GC,RCL",1
6,17,"AC,BV,GC,RCL","AC,GC,HC,RCL",1
6,17,"AC,BW,GC,HV,RCA,RCL","AC,BV,BW,GC,HV,RCA,RCL",1
6,17,"AC,BW,GC,HV,RCA,RCL","AC,BW,GC,HV,RCA,RCL,RS",1
6,17,"AC,BW,GC,HV,RCA,RCL,RS","AC,GC,HV,RCA,RCL",1
6,17,"AC,BW,HV,RCA,RCL","AC,BW,GC,HV,RCA,RCL",1
6,17,"AC,BW,HV,RCA,RCL","AC,BW,HV,RCA,RCL,RS",1
6,17,"AC,BW,HV,RCA,RCL","AC,BW,RCA,RCL",1
6,17,"AC,BW,HV,RCA,RCL","AC,HV,RCA,RCL",1
6,17,"AC,BW,HV,RCA,RCL","AC,RCA,RCL",1
6,17,"AC,BW,HV,RCA,RCL,RS","AC,BW,HV,RCA,RCL",1
6,17,"AC,BW,RCA,RCL","AC,BW,HV,RCA,RCL",2
6,17,"AC,BW,RCA,RCL","AC,RCA,RCL",2
6,17,"AC,BW,RCL","AC,BW,RCA,RCL",1
6,17,"AC,GC,HC,RCL","AC,RCL",1
6,17,"AC,GC,HV,RCA,RCL","AC,GC,HV,RCL",1
6,17,"AC,GC,HV,RCL","AC,GC,RCL",2
6,17,"AC,GC,RCL","AC,RCL",3
6,17,"AC,HV,RCA,RCL","AC,BW,HV,RCA,RCL",1
6,17,"AC,HV,RCA,RCL","AC,RCA,RCL",1
6,17,"AC,HV,RCL","AC,BV,GC,HV,RCL",1
6,17,"AC,HV,RCL","AC,GC,HV,RCL",1
6,17,"AC,HV,RCL","AC,GC,RCL",1
6,17,"AC,RCA,RCL","AC,BW,HV,RCA,RCL",1
6,17,"AC,RCA,RCL","AC,BW,RCA,RCL",2
6,17,"AC,RCA,RCL","AC,HV,RCA,RCL",1
6,17,"AC,RCA,RCL","RCA,RCL",1
6,17,"AC,RCL","AC,HV,RCL",3
6,17,"AC,RCL","AC,RCA,RCL",1
6,17,"AC,RCL","AC,RCL,RS",1
6,17,"AC,RCL,RS","AC,BW,RCL",1
6,17,"BW,RCL","RCL,RS",1
6,17,"HV,RCL",RCL,1
6,17,"HV,RCL,RS","RCL,RS",1
6,17,"RCA,RCL","HV,RCL",1
6,17,"RCA,RCL",RCL,1
6,17,RCL,"AC,RCL",1
6,17,RCL,"BW,RCL",1
6,17,RCL,"HV,RCL,RS",1
6,17,RCL,"RCA,RCL",1
6,17,RCL,none,2
6,17,"RCL,RS",RCL,2
6,17,"RCL,RS",none,1
6,17,RS,none,4
6,17,none,RCL,2
6,17,none,"RCL,RS",1
6,17,none,RS,4
6,18,AC,"AC,BV,BW,GC,HV,RCL",1
6,18,AC,none,1
6,18,"AC,BV,BW,GC,HC,HV,RCL","AC,GC,HC,HV,RCL",1
6,18,"AC,BV,BW,GC,HV,RCL","AC,BV,BW,GC,HC,HV,RCL",1
6,18,"AC,BV,BW,GC,HV,RCL","AC,BV,GC,RCL",2
6,18,"AC,BV,BW,GC,RCL","AC,BV,BW,GC,HV,RCL",1
6,18,"AC,BV,BW,HC,RCL","AC,BV,BW,HV,RCL",1
6,18,"AC,BV,BW,HV,RCL","AC,BW,RCL",1
6,18,"AC,BV,BW,HV,RCL","AC,RCL",1
6,18,"AC,BV,GC,RCL","AC,BV,BW,GC,HV,RCL",1
6,18,"AC,BV,GC,RCL","AC,GC,RCL",1
6,18,"AC,BW,HC,RCL","AC,BV,BW,HC,RCL",1
6,18,"AC,BW,RCL","AC,BV,BW,HV,RCL",1
6,18,"AC,BW,RCL","AC,BW,HC,RCL",1
6,18,"AC,BW,RCL","AC,RCL",2
6,18,"AC,GC,HC,HV,RCL","AC,GC,HC,RCL",1
6,18,"AC,GC,HC,RCL","AC,HC,RCL",1
6,18,"AC,GC,RCL","AC,HC,RCL",1
6,18,"AC,GC,RCL","AC,RCL",1
6,18,"AC,HC,RCL","AC,GC,RCL",1
6,18,"AC,HC,RCL","AC,RCL",1
6,18,"AC,HC,RCL",RCL,1
6,18,"AC,HV,RCL","AC,RCL",1
6,18,"AC,RCL",AC,1
6,18,"AC,RCL","AC,BV,BW,GC,RCL",1
6,18,"AC,RCL","AC,BW,RCL",3
6,18,"AC,RCL","AC,HC,RCL",1
6,18,"AC,RCL","AC,HV,RCL",1
6,18,"AC,RCL",RCL,2
6,18,"BV,BW,GC,HC,HV,RCL","GC,RCL",1
6,18,"BV,BW,HV,RCL","AC,RCL",1
6,18,"BV,BW,HV,RCL,RS","BV,BW,HV,RCL",1
6,18,"BW,HV,RCL,RS","BV,BW,HV,RCL,RS",1
6,18,"GC,HV,RCL","GC,RCL,RS",1
6,18,"GC,RCL","AC,RCL",1
6,18,"GC,RCL,RS","RCL,RS",1
6,18,"HC,RCL",RCL,1
6,18,HV,"BV,BW,GC,HC,HV,RCL",1
6,18,"HV,RCL,RS","RCL,RS",1
6,18,RCL,"AC,RCL",1
6,18,RCL,"HC,RCL",1
6,18,RCL,"RCL,RS",2
6,18,RCL,none,4
6,18,"RCL,RS","HV,RCL,RS",1
6,18,"RCL,RS",RCL,3
6,18,RS,none,5
6,18,none,AC,1
6,18,none,"BW,HV,RCL,RS",1
6,18,none,"GC,HV,RCL",1
6,18,none,HV,1
6,18,none,RCL,1
6,18,none,RS,5
6,19,AC,none,1
6,19,"AC,BV,BW,GC,HC,HV,RCL","AC,BV,BW,GC,HV,RCL",1
6,19,"AC,BV,BW,GC,HC,HV,RCL,RS","AC,BW,GC,HC,HV,RCL,RS",1
6,19,"AC,BV,BW,GC,HV,RCL","AC,BV,BW,GC,HV,RCL,RS",1
6,19,"AC,BV,BW,GC,HV,RCL","AC,BW,GC,HV,RCL",1
6,19,"AC,BV,BW,GC,HV,RCL,RS","AC,BW,GC,HV,RCL,RS",2
6,19,"AC,BV,BW,HV,PT,RCL","AC,BV,BW,HV,RCL",1
6,19,"AC,BV,BW,HV,RCL","AC,BV,BW,HV,PT,RCL",1
6,19,"AC,BV,BW,HV,RCL","AC,BV,HV,RCL",1
6,19,"AC,BV,GC,HV,RCL,RS","AC,BV,BW,GC,HV,RCL,RS",1
6,19,"AC,BV,HV,RCL","AC,BV,HV,RCL,RS",1
6,19,"AC,BV,HV,RCL,RS","AC,BV,GC,HV,RCL,RS",1
6,19,"AC,BW,GC,HC,HV,RCL","AC,BV,BW,GC,HC,HV,RCL,RS",1
6,19,"AC,BW,GC,HC,HV,RCL","AC,BW,GC,HV,RCL",2
6,19,"AC,BW,GC,HC,HV,RCL,RS","AC,BW,GC,HV,RCL",1
6,19,"AC,BW,GC,HC,HV,RCL,RS","AC,GC,HC,HV,RCL",1
6,19,"AC,BW,GC,HV,RCL","AC,BV,BW,GC,HC,HV,RCL",1
6,19,"AC,BW,GC,HV,RCL","AC,BV,BW,GC,HV,RCL",1
6,19,"AC,BW,GC,HV,RCL","AC,BW,GC,HC,HV,RCL",1
6,19,"AC,BW,GC,HV,RCL","AC,BW,HV,RCL",1
6,19,"AC,BW,GC,HV,RCL","AC,GC,HV,RCL",1
6,19,"AC,BW,GC,HV,RCL,RS","AC,BW,GC,HC,HV,RCL,RS",1
6,19,"AC,BW,GC,HV,RCL,RS","AC,BW,GC,HV,RCL",1
6,19,"AC,BW,HC,HV,RCL","AC,BW,GC,HC,HV,RCL",1
6,19,"AC,BW,HV,RCL","AC,BV,BW,HV,RCL",1
6,19,"AC,BW,HV,RCL","AC,BW,HC,HV,RCL",1
6,19,"AC,GC,HC,HV,RCA,RCL","AC,HC,RCL",1
6,19,"AC,GC,HC,HV,RCL","AC,BW,GC,HC,HV,RCL",1
6,19,"AC,GC,HC,HV,RCL","AC,GC,HC,HV,RCA,RCL",1
6,19,"AC,GC,HV,RCL","AC,GC,HC,HV,RCL",1
6,19,"AC,HC,HV","AC,HV,RS",1
6,19,"AC,HC,HV,RCL","AC,HC,HV",1
6,19,"AC,HC,RCL","AC,RCL",2
6,19,"AC,HV,RCL","AC,BW,HV,RCL",1
6,19,"AC,HV,RCL","AC,RCL",1
6,19,"AC,HV,RS",AC,1
6,19,"AC,RCL","AC,HC,HV,RCL",1
6,19,"AC,RCL","AC,HC,RCL",1
6,19,"AC,RCL","AC,HV,RCL",1
6,19,"AC,RCL","AC,RCL,RS",1
6,19,"AC,RCL",RCL,1
6,19,"AC,RCL,RS","AC,RCL",1
6,19,"BV,GC,HV,RCL,RS","GC,HV,RCL,RS",1
6,19,"GC,HV,RCL,RS","HV,RCL,RS",1
6,19,HV,none,2
6,19,"HV,RCL,RS","RCL,RS",1
6,19,"PC,RCL,RP,RS","RCL,RS",1
6,19,"PT,RP,RS","RP,RS",1
6,19,RCL,"AC,HV,RCL",1
6,19,RCL,"AC,RCL",1
6,19,RCL,"RCL,RS",1
6,19,"RCL,RP",RCL,1
6,19,"RCL,RP,RS","PC,RCL,RP,RS",1
6,19,"RCL,RP,RS","RCL,RP",1
6,19,"RCL,RP,RS","RP,RS",2
6,19,"RCL,RS",RCL,1
6,19,"RCL,RS",RS,2
6,19,RP,"RCL,RP,RS",1
6,19,"RP,RS","PT,RP,RS",1
6,19,"RP,RS","RCL,RP,RS",3
6,19,"RP,RS",RP,1
6,19,RS,"BV,GC,HV,RCL,RS",1
6,19,RS,"RP,RS",2
6,19,RS,none,2
6,19,none,HV,2
6,19,none,RS,3
6,20,AC,"AC,RCL",3
6,20,"AC,BV,BW,GC,HC,HV,RCL","AC,BV,GC,HV,RCL",1
6,20,"AC,BV,BW,GC,HV,RCL","AC,BV,BW,GC,HC,HV,RCL",1
6,20,"AC,BV,BW,HC,HV,PT,RCL,RS","AC,HC,HV,RCL",1
6,20,"AC,BV,GC,HC,HV,RCL","AC,BV,GC,HC,RCL,RS",1
6,20,"AC,BV,GC,HC,RCL,RS","AC,GC,HC,RCL",1
6,20,"AC,BV,GC,HV,RCL","AC,GC,HV,RCL",1
6,20,"AC,BW,GC,HC,HV,RCL","AC,BV,GC,HC,HV,RCL",1
6,20,"AC,BW,GC,HV,RCL","AC,GC,HV,RCL",1
6,20,"AC,BW,HC,HV,RCL","AC,GC,HC,HV,RCL",1
6,20,"AC,GC,HC,HV,RCL","AC,HC,HV,RCL",1
6,20,"AC,GC,HC,HV,RCL","AC,RCL",1
6,20,"AC,GC,HC,RCL","AC,RCL",1
6,20,"AC,GC,HV,RCL","AC,BW,GC,HV,RCL",1
6,20,"AC,GC,HV,RCL","AC,GC,HC,HV,RCL",1
6,20,"AC,GC,HV,RCL","AC,HV",1
6,20,"AC,GC,RCL","AC,RCL",1
6,20,"AC,HC,HV,PT,RCL,RS","AC,HC,RCL,RS",1
6,20,"AC,HC,HV,RCL","AC,BW,HC,HV,RCL",1
6,20,"AC,HC,HV,RCL","AC,HV,RCL",1
6,20,"AC,HC,HV,RCL,RS","AC,HC,HV,PT,RCL,RS",1
6,20,"AC,HC,RCL,RS",RCL,1
6,20,"AC,HV",AC,1
6,20,"AC,HV","AC,HV,RS",1
6,20,"AC,HV,PT,RCL,RS","AC,BV,BW,HC,HV,PT,RCL,RS",1
6,20,"AC,HV,RCL","AC,BV,BW,GC,HV,RCL",1
6,20,"AC,HV,RCL","AC,GC,HV,RCL",1
6,20,"AC,HV,RCL","AC,GC,RCL",1
6,20,"AC,HV,RCL","AC,RCL",1
6,20,"AC,HV,RCL,RS","AC,HC,HV,RCL,RS",1
6,20,"AC,HV,RS","AC,HV",1
6,20,"AC,HV,RS","AC,HV,RCL,RS",1
6,20,"AC,PT,RCL","AC,HV,PT,RCL,RS",1
6,20,"AC,RCL",AC,1
6,20,"AC,RCL","AC,HV,RCL",3
6,20,"AC,RCL",RCL,3
6,20,"AC,RP,RS","RP,RS",1
6,20,"BV,GC,HV,RCL",RCL,1
6,20,HV,"BV,GC,HV,RCL",1
6,20,HV,"HV,RCL",1
6,20,HV,"HV,RS",2
6,20,"HV,PT,RS",RS,1
6,20,"HV,RCL","AC,BW,GC,HC,HV,RCL",1
6,20,"HV,RCL,RS","RCL,RS",1
6,20,"HV,RS",HV,1
6,20,"HV,RS",RS,1
6,20,"PT,RCL","AC,PT,RCL",1
6,20,"PT,RP",RP,1
6,20,"PT,RP,RS","RP,RS",1
6,20,"PT,RS","HV,PT,RS",1
6,20,"PT,RS","RP,RS",1
6,20,RCL,HV,1
6,20,RCL,"PT,RCL",1
6,20,RCL,none,4
6,20,"RCL,RS",RS,1
6,20,RP,"AC,RP,RS",1
6,20,RP,"PT,RP",1
6,20,RP,"RP,RS",2
6,20,"RP,RS","PT,RP,RS",1
6,20,"RP,RS",RP,3
6,20,"RP,RS",RS,1
6,20,RS,AC,1
6,20,RS,"HV,RCL,RS",1
6,20,RS,"HV,RS",1
6,20,RS,"PT,RS",2
6,20,RS,none,5
6,20,none,"AC,HV,RS",1
6,20,none,HV,2
6,20,none,RCL,1
6,20,none,RS,5
6,21,"AC,BV,BW,GC,HV,RCL","AC,BW,GC,HV,RCL",1
6,21,"AC,BV,RCL","AC,HV,PT,RCL",1
6,21,"AC,BW,GC,HV,RCL","AC,BW,HV,RCL",1
6,21,"AC,BW,GC,HV,RCL,RS","AC,BV,BW,GC,HV,RCL",1
6,21,"AC,BW,HV,RCL","AC,BW,GC,HV,RCL,RS",1
6,21,"AC,BW,HV,RCL","AC,HV,RCL",1
6,21,"AC,BW,HV,RCL","AC,RCL",1
6,21,"AC,BW,RCL","AC,RCL",1
6,21,"AC,GC,HV,PT,RCL","AC,GC,HV,RCL",1
6,21,"AC,GC,HV,PT,RCL","AC,HV,RCL",1
6,21,"AC,GC,HV,RCL","AC,GC,HV,PT,RCL",1
6,21,"AC,GC,HV,RCL","AC,GC,HV,RCL,RS",2
6,21,"AC,GC,HV,RCL","AC,GC,RCL",1
6,21,"AC,GC,HV,RCL,RS","AC,GC,HV,RCL",2
6,21,"AC,GC,HV,RCL,RS","AC,HV,RCL,RS",1
6,21,"AC,GC,RCL","AC,RCL",4
6,21,"AC,HV,PT,RCL","AC,GC,HV,PT,RCL",1
6,21,"AC,HV,RCL","AC,BW,HV,RCL",1
6,21,"AC,HV,RCL","AC,GC,HV,RCL",1
6,21,"AC,HV,RCL","AC,HV,RCL,RS",1
6,21,"AC,HV,RCL","AC,RCL",1
6,21,"AC,HV,RCL,RS","AC,GC,HV,RCL,RS",1
6,21,"AC,HV,RCL,RS","AC,HV,RCL",1
6,21,"AC,RCL","AC,BV,RCL",1
6,21,"AC,RCL","AC,BW,HV,RCL",1
6,21,"AC,RCL","AC,BW,RCL",1
6,21,"AC,RCL","AC,GC,RCL",2
6,21,"AC,RCL","AC,HV,RCL",1
6,21,"AC,RCL","AC,RCL,RS",1
6,21,"AC,RCL",RCL,1
6,21,"AC,RCL,RS","AC,RCL",1
6,21,"BV,BW,HV,RCL,RS","GC,HC,HV,RCL",1
6,21,"GC,HC,HV,RCL","GC,RCL",1
6,21,"GC,RCL","AC,GC,RCL",1
6,21,HV,"HV,RCL",1
6,21,"HV,PT,RCL,RS","BV,BW,HV,RCL,RS",1
6,21,"HV,RCL","HV,PT,RCL,RS",1
6,21,"HV,RCL",RCL,1
6,21,"HV,RCL",none,1
6,21,"HV,RCL,RS","HV,RCL",1
6,21,PT,"PT,RS",1
6,21,PT,RS,1
6,21,PT,none,1
6,21,"PT,RCL",RCL,1
6,21,"PT,RP",RP,2
6,21,"PT,RP,RS","PT,RP",1
6,21,"PT,RS","PT,RP,RS",1
6,21,"PT,RS",RS,1
6,21,"PT,RS",none,1
6,21,RCL,"HV,RCL",1
6,21,RCL,"HV,RCL,RS",1
6,21,RCL,"PT,RCL",1
6,21,RCL,none,1
6,21,RP,"PT,RP",1
6,21,RP,none,1
6,21,RS,"PT,RS",2
6,21,RS,none,12
6,21,none,HV,1
6,21,none,PT,3
6,21,none,RCL,1
6,21,none,RS,12
6,22,AC,none,1
6,22,"AC,GC",AC,1
6,22,GC,"AC,GC",1
6,22,HV,none,4
6,22,"HV,PT",RS,1
6,22,"PC,PT","PC,PT,RS",1
6,22,"PC,PT,RP,RS","PT,RP,RS",1
6,22,"PC,PT,RS","PC,PT,RP,RS",1
6,22,PT,"HV,PT",1
6,22,PT,"PC,PT",1
6,22,PT,"PT,RS",3
6,22,PT,none,2
6,22,"PT,RP",PT,1
6,22,"PT,RP,RS",PT,1
6,22,"PT,RP,RS","PT,RP",1
6,22,"PT,RS",PT,1
6,22,"PT,RS","PT,RP,RS",1
6,22,"PT,RS",none,2
6,22,RCA,none,1
6,22,RS,"PT,RS",1
6,22,RS,none,2
6,22,none,GC,1
6,22,none,HV,5
6,22,none,PT,4
6,22,none,RCA,1
6,22,none,RS,1
7,1,"BW,RCL",RCL,4
7,1,"GC,HV,RCL","HV,RCL",1
7,1,"GC,HV,RCL",RCL,1
7,1,"HC,HV,PC,RCL","HV,PC,RCL",1
7,1,"HV,PC,RCL","PC,RCL",1
7,1,"HV,RCL","GC,HV,RCL",2
7,1,"HV,RCL","HC,HV,PC,RCL",1
7,1,PC,none,6
7,1,"PC,RCL",RCL,1
7,1,PT,PC,1
7,1,"RCA,RCL",RCL,1
7,1,RCL,"BW,RCL",4
7,1,RCL,"HV,RCL",2
7,1,RCL,"RCA,RCL",1
7,1,RCL,none,6
7,1,RS,PC,1
7,1,none,PC,3
7,1,none,PT,1
7,1,none,RCL,6
7,1,none,RS,2
7,2,"BV,BW,HV,RCA,RCL","BW,RCA,RCL",1
7,2,"BV,BW,RCL",RCL,1
7,2,"BW,RCA,RCL","BV,BW,HV,RCA,RCL",1
7,2,"BW,RCA,RCL","BV,BW,RCL",1
7,2,"BW,RCA,RCL","RCA,RCL",1
7,2,"BW,RCL","BW,RCA,RCL",1
7,2,"BW,RCL",RCL,3
7,2,"GC,HV,RCL","GC,RCL",1
7,2,"GC,RCA,RCL","RCA,RCL",1
7,2,"GC,RCL",RCL,1
7,2,"HV,RCL","GC,HV,RCL",1
7,2,PC,none,1
7,2,"PC,RS",none,3
7,2,"RCA,RCL","BW,RCA,RCL",1
7,2,"RCA,RCL","BW,RCL",1
7,2,"RCA,RCL","GC,RCA,RCL",1
7,2,"RCA,RCL",RCL,3
7,2,RCL,"BW,RCL",3
7,2,RCL,"HV,RCL",1
7,2,RCL,"RCA,RCL",4
7,2,RCL,none,1
7,2,RS,none,1
7,2,none,PC,1
7,2,none,"PC,RS",2
7,2,none,RCL,2
7,2,none,RS,1
7,3,"BW,HV,RCA,RCL","HV,RCA,RCL",1
7,3,"BW,RCA,RCL","BW,HV,RCA,RCL",1
7,3,"BW,RCA,RCL","RCA,RCL",2
7,3,"BW,RCA,RCL,RS","RCA,RCL,RS",1
7,3,"BW,RCL","BW,RCA,RCL",1
7,3,"BW,RCL",RCL,1
7,3,"GC,RCA,RCL","RCA,RCL",1
7,3,"GC,RCL",RCL,1
7,3,"HV,RCA,RCL","RCA,RCL",1
7,3,"HV,RCL",RCL,1
7,3,"HV,RCL,RS","RCL,RS",1
7,3,PC,"PC,RS",1
7,3,PC,none,2
7,3,"PC,RS",PC,1
7,3,RCA,RS,1
7,3,"RCA,RCL","BW,RCA,RCL",2
7,3,"RCA,RCL","GC,RCA,RCL",1
7,3,"RCA,RCL",RCL,4
7,3,"RCA,RCL,RS","BW,RCA,RCL,RS",1
7,3,"RCA,RCL,RS","RCA,RCL",1
7,3,"RCA,RCL,RS","RCL,RS",1
7,3,RCL,"BW,RCL",2
7,3,RCL,"HV,RCL",1
7,3,RCL,"RCA,RCL",2
7,3,RCL,"RCA,RCL,RS",1
7,3,RCL,RS,1
7,3,RCL,none,1
7,3,"RCL,RS","HV,RCL,RS",1
7,3,"RCL,RS","RCA,RCL,RS",1
7,3,RS,PC,1
7,3,RS,none,3
7,3,none,"GC,RCL",1
7,3,none,PC,1
7,3,none,RCA,1
7,3,none,RCL,1
7,3,none,RS,2
7,4,"GC,HV,RCL",RCL,1
7,4,"GC,RCL","GC,HV,RCL",1
7,4,"GC,RCL",RCL,1
7,4,PC,RCL,1
7,4,PC,none,2
7,4,"PC,RS",RS,1
7,4,RCA,RS,1
7,4,"RCA,RCL",RCL,2
7,4,RCL,"GC,RCL",2
7,4,RCL,"RCA,RCL",2
7,4,RCL,"RCL,RS",1
7,4,RCL,none,1
7,4,"RCL,RS",RCL,1
7,4,RS,PC,1
7,4,RS,"PC,RS",1
7,4,RS,none,6
7,4,none,PC,2
7,4,none,RCA,1
7,4,none,RS,6
7,5,"HV,RCL",RCL,1
7,5,PC,"PC,RS",2
7,5,PC,none,5
7,5,"PC,PT,RS",PC,1
7,5,"PC,RCL,RS","PC,RS",1
7,5,"PC,RS",PC,2
7,5,"PC,RS","PC,PT,RS",1
7,5,"PC,RS","PC,RCL,RS",1
7,5,"RCA,RCL",RCL,3
7,5,RCL,"HV,RCL",1
7,5,RCL,PC,1
7,5,RCL,"RCA,RCL",3
7,5,RCL,"RCL,RS",1
7,5,RCL,none,1
7,5,"RCL,RS",RCL,1
7,5,RS,"PC,RS",1
7,5,RS,none,3
7,5,none,PC,2
7,5,none,RCL,2
7,5,none,RS,5
7,6,"AC,GC,RCL","AC,RCL",1
7,6,"AC,PC,RCL","AC,GC,RCL",1
7,6,"AC,RCA,RCL","AC,RCL",7
7,6,"AC,RCL","AC,PC,RCL",1
7,6,"AC,RCL","AC,RCA,RCL",7
7,6,"AC,RCL",RCL,1
7,6,PC,"PC,RS",1
7,6,"PC,RS",none,1
7,6,RCL,"AC,RCL",1
7,6,RCL,none,3
7,6,RS,none,4
7,6,none,PC,1
7,6,none,RCL,4
7,6,none,RS,3
7,7,"AC,BW,GC,RCL","AC,GC,RCL",1
7,7,"AC,BW,RCL","AC,BW,GC,RCL",1
7,7,"AC,GC,HV,RCL","AC,GC,RCL",1
7,7,"AC,GC,RCL","AC,RCL",3
7,7,"AC,HC,RCL",RCL,1
7,7,"AC,HV,RCL","AC,GC,HV,RCL",1
7,7,"AC,RCL","AC,BW,RCL",1
7,7,"AC,RCL","AC,GC,RCL",1
7,7,"AC,RCL","AC,HC,RCL",1
7,7,"AC,RCL","AC,HV,RCL",1
7,7,"AC,RCL",RCL,1
7,7,PC,"PC,RCL",1
7,7,PC,"PC,RS",1
7,7,"PC,RCL",RCL,1
7,7,"PC,RS",PC,1
7,7,RCL,"AC,RCL",2
7,7,RCL,none,1
7,7,RS,none,2
7,7,none,RS,3
7,8,"AC,BW,RCL","AC,RCL",2
7,8,"AC,BW,RCL",RCL,1
7,8,"AC,RCL","AC,BW,RCL",2
7,8,"AC,RCL",RCL,3
7,8,"BV,BW,HV,RCL","AC,RCL",1
7,8,"BV,BW,RCL","BV,BW,HV,RCL",1
7,8,"BV,BW,RCL",RCL,1
7,8,"BW,RCL","BV,BW,RCL",2
7,8,"HV,RCL","RCL,RS",1
7,8,PC,"PC,RCL",1
7,8,PC,none,1
7,8,"PC,RCL",PC,1
7,8,"PC,RS",PC,1
7,8,"PC,RS","RCL,RS",1
7,8,"PC,RS",RS,2
7,8,RCL,"AC,BW,RCL",1
7,8,RCL,"AC,RCL",1
7,8,RCL,"BW,RCL",2
7,8,RCL,"HV,RCL",1
7,8,"RCL,RS","AC,RCL",1
7,8,"RCL,RS",RS,1
7,8,RS,"PC,RS",4
7,8,RS,none,1
7,8,none,RCL,1
7,8,none,RS,1
7,9,"AC,BW,HV,RCL","AC,GC,RCL",1
7,9,"AC,BW,RCL","AC,GC,RCL",1
7,9,"AC,BW,RCL","AC,HV,RCL",1
7,9,"AC,BW,RCL","AC,RCL",1
7,9,"AC,GC,RCL","AC,RCL",3
7,9,"AC,HV,RCL","AC,BW,HV,RCL",1
7,9,"AC,HV,RCL","AC,RCL",1
7,9,"AC,RCL","AC,BW,RCL",3
7,9,"AC,RCL","AC,GC,RCL",1
7,9,"AC,RCL","AC,HV,RCL",1
7,9,"AC,RCL",RCL,2
7,9,"BW,RCL",RCL,1
7,9,"BW,RS",RS,1
7,9,"HV,RCL",RCL,1
7,9,PC,"PC,RCL,RS",1
7,9,"PC,RCL,RS",RCL,1
7,9,"PC,RS","RP,RS",1
7,9,RCL,"AC,RCL",2
7,9,RCL,"BW,RCL",1
7,9,RCL,"HV,RCL",1
7,9,RCL,"RCL,RS",1
7,9,RCL,none,1
7,9,"RCL,RS",RS,1
7,9,"RP,RS",RS,1
7,9,RS,"BW,RS",1
7,9,RS,"PC,RS",1
7,9,RS,none,1
7,9,none,PC,1
7,9,none,RCL,1
7,10,"AC,BV,BW,RCL","AC,BW,RCL",1
7,10,"AC,BW,RCL","AC,BV,BW,RCL",1
7,10,"AC,BW,RCL","AC,RCL",1
7,10,"AC,GC,HC,RCL","AC,GC,RCL",1
7,10,"AC,GC,HV,RCL","AC,GC,RCL",1
7,10,"AC,GC,RCL","AC,RCL",4
7,10,"AC,RCL","AC,GC,HC,RCL",1
7,10,"AC,RCL","AC,GC,HV,RCL",1
7,10,"AC,RCL","AC,GC,RCL",1
7,10,"AC,RCL",RCL,5
7,10,"BW,GC,RCL","GC,RCL",1
7,10,"BW,HV,RCL","BW,RCL",1
7,10,"BW,RCL","AC,BW,RCL",1
7,10,"BW,RCL","BW,GC,RCL",1
7,10,"BW,RCL","BW,HV,RCL",1
7,10,"BW,RCL",RCL,3
7,10,"GC,RCL","AC,GC,RCL",1
7,10,PC,none,1
7,10,"PC,RS",PC,1
7,10,RCL,"AC,RCL",3
7,10,RCL,"BW,RCL",5
7,10,RCL,none,2
7,10,RS,"PC,RS",1
7,10,none,RCL,2
7,10,none,"RCL,RS",1
7,11,"AC,BV,BW,GC,RCL","AC,BV,GC,RCL",1
7,11,"AC,BV,BW,HV,RCL",RCL,1
7,11,"AC,BV,BW,RCL","AC,RCL",1
7,11,"AC,BV,GC,RCL","AC,RCL",1
7,11,"AC,BW,RCL","AC,BV,BW,RCL",1
7,11,"AC,BW,RCL","AC,RCL",2
7,11,"AC,BW,RCL","BW,RCL",1
7,11,"AC,RCL","AC,BW,RCL",2
7,11,"AC,RCL",RCL,5
7,11,"BV,BW,HV,RCL","AC,BV,BW,HV,RCL",1
7,11,"BV,BW,RCL","BV,BW,HV,RCL",1
7,11,"BW,RCL","AC,BV,BW,GC,RCL",1
7,11,"BW,RCL","AC,BW,RCL",2
7,11,"BW,RCL",RCL,3
7,11,"HV,RCL",RCL,1
7,11,RCL,"AC,RCL",3
7,11,RCL,"BV,BW,RCL",1
7,11,RCL,"BW,RCL",5
7,11,RCL,"HV,RCL",1
7,11,RCL,"RCL,RS",1
7,11,RCL,none,3
7,11,"RCL,RS",RCL,1
7,11,RS,none,3
7,11,none,RCL,4
7,11,none,RS,2
7,12,"AC,BV,BW,GC,RCL","AC,BV,RCL",1
7,12,"AC,BV,RCL","AC,RCL",1
7,12,"AC,GC,RCL","AC,RCL",3
7,12,"AC,RCL","AC,BV,BW,GC,RCL",1
7,12,"AC,RCL","AC,GC,RCL",3
7,12,"AC,RCL",RCL,6
7,12,"BV,BW,GC,RCL","GC,RCL",1
7,12,"BV,BW,RCL","AC,RCL",1
7,12,"BV,BW,RCL","BV,BW,GC,RCL",1
7,12,"BV,BW,RCL",RCL,2
7,12,"BW,GC,RCL","BV,BW,RCL",1
7,12,"BW,GC,RCL",RCL,1
7,12,"BW,HV,RCL",RCL,1
7,12,"BW,RCL","BV,BW,RCL",2
7,12,"BW,RCL",RCL,2
7,12,"GC,RCL","BW,GC,RCL",1
7,12,"GC,RCL","BW,HV,RCL",1
7,12,"GC,RCL",RCL,1
7,12,RCL,"AC,RCL",5
7,12,RCL,"BV,BW,RCL",1
7,12,RCL,"BW,GC,RCL",1
7,12,RCL,"BW,RCL",3
7,12,RCL,"GC,RCL",2
7,12,RCL,none,3
7,12,none,RCL,2
7,12,none,RS,1
7,13,"AC,BV,BW,GC,HV,RCL","AC,BV,GC,RCL",1
7,13,"AC,BV,BW,GC,RCL","AC,GC,RCL",1
7,13,"AC,BV,BW,HV,RCL","AC,RCL",1
7,13,"AC,BV,BW,RCL,RS","AC,BV,RCL,RS",1
7,13,"AC,BV,GC,RCL","AC,RCL",1
7,13,"AC,BV,RCL,RS",RS,1
7,13,"AC,GC,RCL","AC,RCL",2
7,13,"AC,RCL","AC,BV,BW,GC,HV,RCL",1
7,13,"AC,RCL","AC,GC,RCL",1
7,13,"AC,RCL",RCL,4
7,13,"BV,BW,RCL","AC,BV,BW,HV,RCL",1
7,13,"BW,RCL","AC,BV,BW,RCL,RS",1
7,13,"BW,RCL",RCL,1
7,13,"BW,RCL,RS","RCL,RS",1
7,13,"BW,RCL,RS",none,1
7,13,"GC,RCL","AC,BV,BW,GC,RCL",1
7,13,RCL,"AC,RCL",2
7,13,RCL,"BV,BW,RCL",1
7,13,RCL,"BW,RCL",1
7,13,RCL,"GC,RCL",1
7,13,RCL,"RCL,RS",2
7,13,RCL,none,2
7,13,"RCL,RS","BW,RCL,RS",2
7,13,"RCL,RS",RCL,2
7,13,RS,"RCL,RS",1
7,13,RS,none,5
7,13,none,"BW,RCL",1
7,13,none,RCL,3
7,13,none,RS,4
7,14,"AC,BV,BW,GC,RCL","BV,BW,GC,RCL",1
7,14,"AC,BV,BW,RCL","AC,BW,GC,RCL",1
7,14,"AC,BW,GC,RCL","AC,BV,BW,GC,RCL",1
7,14,"AC,BW,GC,RCL","AC,GC,RCL",1
7,14,"AC,BW,RCL","AC,BV,BW,RCL",1
7,14,"AC,BW,RCL",RCL,1
7,14,"AC,GC,HV,RCL","AC,GC,RCL",1
7,14,"AC,GC,RCL","AC,BW,GC,RCL",1
7,14,"AC,GC,RCL","AC,GC,HV,RCL",1
7,14,"AC,GC,RCL","AC,RCL",2
7,14,"AC,GC,RCL","BV,BW,GC,RCL",1
7,14,"AC,GC,RCL,RS","AC,GC,RCL",1
7,14,"AC,RCL","AC,BW,RCL",1
7,14,"AC,RCL",RCL,2
7,14,"BV,BW,GC,HC,RCL","GC,RCL",1
7,14,"BV,BW,GC,RCL","BV,BW,GC,HC,RCL",1
7,14,"BV,BW,GC,RCL","GC,RCL",1
7,14,"BW,RCL",RCL,1
7,14,"GC,RCL","AC,GC,RCL",2
7,14,"GC,RCL","AC,GC,RCL,RS",1
7,14,"GC,RCL",RCL,1
7,14,RCL,"AC,BW,RCL",1
7,14,RCL,"AC,RCL",1
7,14,RCL,"BW,RCL",1
7,14,RCL,"GC,RCL",1
7,14,RCL,"RCL,RS",2
7,14,RCL,none,3
7,14,"RCL,RS","GC,RCL",1
7,14,"RCL,RS",RCL,1
7,14,RS,none,2
7,14,none,RCL,2
7,14,none,RS,3
7,15,"AC,BV,BW,GC,HV,RCL","AC,BV,BW,GC,RCL",1
7,15,"AC,BV,BW,GC,RCL","AC,BW,GC,RCL",1
7,15,"AC,BV,BW,GC,RCL","AC,BW,RCL",1
7,15,"AC,BW,GC,HV,RCL","AC,BV,BW,GC,HV,RCL",1
7,15,"AC,BW,GC,RCL","AC,GC,RCL,RS",1
7,15,"AC,BW,HV,RCL","AC,BW,GC,HV,RCL",1
7,15,"AC,BW,HV,RCL,RS","AC,BW,HV,RCL",1
7,15,"AC,BW,RCL","BW,RCL",1
7,15,"AC,GC,HV,RCL","AC,HV,RCL",1
7,15,"AC,GC,RCL","GC,RCL",1
7,15,"AC,GC,RCL,RS","AC,GC,RCL",1
7,15,"AC,HV,RCL","AC,BW,HV,RCL,RS",1
7,15,"AC,HV,RCL","AC,GC,HV,RCL",1
7,15,"AC,RCL","AC,HV,RCL",1
7,15,"AC,RCL,RS","AC,RCL",1
7,15,"BV,BW,GC,HC,HV,RCL","BV,BW,GC,HV,RCL",1
7,15,"BV,BW,GC,HV,RCL","BV,BW,GC,HC,HV,RCL",1
7,15,"BV,BW,GC,HV,RCL","BW,GC,HV,RCL",1
7,15,"BW,GC,HV,RCL","BW,GC,RCL",1
7,15,"BW,GC,RCL","BW,RCL",2
7,15,"BW,HV,RCL","BV,BW,GC,HV,RCL",1
7,15,"BW,HV,RCL","BW,RCL",1
7,15,"BW,HV,RCL,RS",none,1
7,15,"BW,RCL","BW,HV,RCL",1
7,15,"BW,RCL","BW,HV,RCL,RS",1
7,15,"BW,RCL","HV,RCL",1
7,15,"BW,RCL",RCL,3
7,15,"GC,RCL","BW,GC,RCL",1
7,15,"HV,RCL",RCL,2
7,15,"PC,RS",RS,1
7,15,RCL,"BW,HV,RCL",1
7,15,RCL,"BW,RCL",2
7,15,RCL,"HV,RCL",1
7,15,RCL,"RCL,RS",1
7,15,RCL,none,4
7,15,"RCL,RS",RCL,1
7,15,RS,"PC,RS",1
7,15,RS,none,4
7,15,none,"AC,BV,BW,GC,RCL",1
7,15,none,"AC,RCL,RS",1
7,15,none,RCL,3
7,15,none,RS,4
7,16,"AC,BV,BW,GC,HV,RCL","AC,BV,BW,GC,RCL",1
7,16,"AC,BV,BW,GC,RCL","AC,BV,GC,RCL",1
7,16,"AC,BV,GC,RCL","AC,GC,RCL",1
7,16,"AC,BV,RCL","AC,RCL",1
7,16,"AC,BW,GC,HV,RCL","AC,BW,GC,RCL",1
7,16,"AC,BW,GC,RCL","AC,BW,GC,HV,RCL",1
7,16,"AC,BW,GC,RCL","AC,BW,RCL",1
7,16,"AC,BW,GC,RCL","AC,RCL",1
7,16,"AC,BW,HV,RCL","AC,RCL,RS",1
7,16,"AC,BW,RCL","AC,BV,RCL",1
7,16,"AC,BW,RCL","AC,BW,GC,RCL",1
7,16,"AC,BW,RCL","AC,RCL",1
7,16,"AC,BW,RCL","BW,RCL",1
7,16,"AC,GC,HV,RCL","AC,BW,GC,RCL",1
7,16,"AC,GC,RCL","AC,GC,HV,RCL",1
7,16,"AC,HV,RCL","AC,BV,BW,GC,HV,RCL",1
7,16,"AC,RCL","AC,BW,HV,RCL",1
7,16,"AC,RCL","AC,BW,RCL",3
7,16,"AC,RCL","AC,HV,RCL",1
7,16,"AC,RCL,RS","AC,RCL",1
7,16,"BV,BW,RCL","BW,RCL",1
7,16,"BW,RCL",RCL,3
7,16,"GC,RCL,RS","RCL,RS",1
7,16,"HV,RS",RS,1
7,16,"PC,RS","HV,RS",1
7,16,"PC,RS",RS,1
7,16,RCL,"AC,RCL",1
7,16,RCL,"BV,BW,RCL",1
7,16,RCL,"BW,RCL",1
7,16,RCL,"GC,RCL,RS",1
7,16,RCL,"RCL,RS",2
7,16,RCL,none,3
7,16,"RCL,RS",RCL,4
7,16,RS,"PC,RS",2
7,16,RS,"RCL,RS",1
7,16,RS,none,2
7,16,none,RCL,2
7,16,none,RS,3
7,17,RCL,"RCL,RS",3
7,17,RCL,RP,1
7,17,RCL,none,2
7,17,"RCL,RS",RCL,4
7,17,RP,none,1
7,17,RS,"RCL,RS",1
7,17,RS,none,3
7,17,none,RCL,2
7,17,none,RS,4
7,18,"AC,RCL",RCL,1
7,18,"BV,BW,GC,HV,RCL","BV,RCL",1
7,18,"BV,BW,HV,RCL,RS","RCL,RS",1
7,18,"BV,BW,RCL",RCL,1
7,18,"BV,RCL",RCL,1
7,18,"BW,HV,RCL","BV,BW,GC,HV,RCL",1
7,18,"BW,HV,RCL,RS","BV,BW,HV,RCL,RS",1
7,18,"BW,RCL","BV,BW,RCL",1
7,18,"BW,RCL","RCA,RCL",1
7,18,"BW,RCL",RCL,2
7,18,"PC,RCL","PC,RCL,RS",1
7,18,"PC,RCL,RS","RCL,RS",1
7,18,"PC,RP,RS","RP,RS",1
7,18,"PC,RP,RS",RS,1
7,18,"RCA,RCL",RCL,3
7,18,RCL,"AC,RCL",1
7,18,RCL,"BW,HV,RCL",1
7,18,RCL,"BW,RCL",4
7,18,RCL,"PC,RCL",1
7,18,RCL,"RCA,RCL",2
7,18,RCL,"RCL,RS",3
7,18,RCL,none,1
7,18,"RCL,RS","BW,HV,RCL,RS",1
7,18,"RCL,RS",RCL,5
7,18,"RP,RS","PC,RP,RS",2
7,18,RS,"RCL,RS",1
7,18,RS,"RP,RS",1
7,18,RS,none,1
7,18,none,RCL,1
7,18,none,RS,1
7,19,"BV,GC,HV,RCA,RCL","GC,HV,RCA,RCL",1
7,19,"BW,GC,RCL","GC,RCL",1
7,19,"BW,HV,RCA,RCL","HV,RCA,RCL",1
7,19,"BW,HV,RCL","BW,HV,RCA,RCL",1
7,19,"BW,HV,RCL","HV,RCL",1
7,19,"BW,RCL","BW,HV,RCL",1
7,19,"BW,RCL",RCL,2
7,19,"GC,HV,RCA,RCL","GC,RCA,RCL",1
7,19,"GC,RCA,RCL","BV,GC,HV,RCA,RCL",1
7,19,"GC,RCA,RCL","GC,RCL",1
7,19,"GC,RCA,RCL","PT,RCA,RCL",1
7,19,"GC,RCL","GC,RCA,RCL",1
7,19,"GC,RCL",RCL,2
7,19,"HV,RCA,RCL","HV,RCL",1
7,19,"HV,RCL","BW,HV,RCL",1
7,19,"HV,RCL",RCL,1
7,19,"PT,RCA,RCL",RCL,1
7,19,"RCA,RCL","GC,RCA,RCL",1
7,19,"RCA,RCL",RCL,2
7,19,RCL,"BW,GC,RCL",1
7,19,RCL,"BW,RCL",3
7,19,RCL,"GC,RCL",1
7,19,RCL,"RCA,RCL",3
7,19,RCL,"RCL,RS",1
7,19,RCL,none,4
7,19,"RCL,RS",RCL,1
7,19,RS,none,3
7,19,none,RCL,4
7,19,none,RS,3
7,20,"GC,RCL",RCL,2
7,20,"PC,RS",RS,1
7,20,"RCA,RCL","GC,RCL",1
7,20,"RCA,RCL",RCL,1
7,20,RCL,"GC,RCL",1
7,20,RCL,"RCA,RCL",2
7,20,RCL,"RCL,RS",4
7,20,RCL,none,2
7,20,"RCL,RS",RCL,5
7,20,RS,"PC,RS",1
7,20,RS,RCL,1
7,20,RS,"RCL,RS",1
7,20,RS,none,2
7,20,none,RS,4
7,21,"AC,RCL",RCL,1
7,21,"BV,BW,GC,HV,RCA,RCL","BW,GC,HV,RCA,RCL",1
7,21,"BV,BW,GC,HV,RCL","BW,GC,RCL",1
7,21,"BV,BW,GC,RCA,RCL","BV,BW,RCA,RCL",1
7,21,"BV,BW,GC,RCA,RCL","BW,GC,HV,RCA,RCL",1
7,21,"BV,BW,RCA,RCL","BW,RCL",1
7,21,"BW,GC,HV,RCA,RCL","BV,BW,GC,HV,RCA,RCL",1
7,21,"BW,GC,HV,RCA,RCL","BV,BW,GC,RCA,RCL",1
7,21,"BW,GC,HV,RCA,RCL","BW,GC,RCA,RCL",1
7,21,"BW,GC,HV,RCL","BW,GC,RCL",1
7,21,"BW,GC,RCA,RCL","BV,BW,GC,RCA,RCL",1
7,21,"BW,GC,RCA,RCL","GC,RCA,RCL",1
7,21,"BW,GC,RCL","BW,GC,RCA,RCL",1
7,21,"BW,GC,RCL","BW,RCL",1
7,21,"BW,HC,HV,RCL","BW,HV,RCL",1
7,21,"BW,HV,RCL","HV,RCL,RS",1
7,21,"BW,HV,RCL",RCL,1
7,21,"BW,RCA,RCL","BW,GC,HV,RCA,RCL",1
7,21,"BW,RCL","BV,BW,GC,HV,RCL",1
7,21,"BW,RCL","BW,GC,HV,RCL",1
7,21,"BW,RCL","BW,RCA,RCL",1
7,21,"GC,RCA,RCL","GC,RCL",1
7,21,"GC,RCL",RCL,1
7,21,"HV,RCL","BW,HV,RCL",1
7,21,"HV,RCL,RS","HV,RCL",1
7,21,PC,"PC,RS",1
7,21,"PC,RS",RS,3
7,21,RCL,"AC,RCL",1
7,21,RCL,"BW,HC,HV,RCL",1
7,21,RCL,"BW,RCL",1
7,21,RCL,"RCL,RS",3
7,21,RCL,RS,2
7,21,RCL,none,1
7,21,"RCL,RS",RCL,3
7,21,RS,"PC,RS",2
7,21,RS,none,12
7,21,none,PC,1
7,21,none,RCL,3
7,21,none,RS,9
7,22,"BV,RCA,RCL","RCA,RCL",1
7,22,"BV,RCL","RCA,RCL",1
7,22,"BW,GC,RCA,RCL","RCA,RCL",1
7,22,"BW,RCA,RCL","BW,GC,RCA,RCL",1
7,22,"BW,RCA,RCL","RCA,RCL",1
7,22,"BW,RCL",RCL,1
7,22,"GC,RCL",RCL,1
7,22,PC,none,1
7,22,"PC,RS",RS,2
7,22,"RCA,RCL","BV,RCA,RCL",1
7,22,"RCA,RCL","BW,RCA,RCL",2
7,22,"RCA,RCL",RCL,4
7,22,RCL,"BV,RCL",1
7,22,RCL,"BW,RCL",1
7,22,RCL,"GC,RCL",1
7,22,RCL,"RCA,RCL",3
7,22,RCL,"RCL,RS",1
7,22,RCL,none,2
7,22,"RCL,RS",RCL,2
7,22,"RCL,RS",none,1
7,22,RS,"PC,RS",2
7,22,RS,"RCL,RS",2
7,22,RS,none,3
7,22,none,PC,1
7,22,none,RCL,1
7,22,none,RS,5
8,1,"AC,BV,BW,HC,HV,RCA,RCL","AC,BV,BW,HC,HV,RCL",1
8,1,"AC,BV,BW,HC,HV,RCL","AC,BV,HC,RCL",1
8,1,"AC,BV,BW,HC,RCL","AC,BV,BW,HC,HV,RCA,RCL",1
8,1,"AC,BV,BW,HC,RCL","AC,BV,BW,RCL",1
8,1,"AC,BV,BW,HC,RCL","AC,HC,RCL",1
8,1,"AC,BV,BW,HV,RCL","AC,BV,BW,RCL",1
8,1,"AC,BV,BW,RCL","AC,BV,BW,HC,RCL",1
8,1,"AC,BV,BW,RCL","AC,BV,BW,HV,RCL",1
8,1,"AC,BV,BW,RCL","AC,BW,RCL",1
8,1,"AC,BV,BW,RCL","AC,RCL",1
8,1,"AC,BV,HC,RCL","AC,HC,RCL",2
8,1,"AC,BW,HC,RCL","AC,BV,BW,HC,RCL",1
8,1,"AC,BW,HC,RCL","AC,BV,HC,RCL",1
8,1,"AC,BW,HV,RCL","AC,BW,RCL",1
8,1,"AC,BW,RCL","AC,BV,BW,HC,RCL",1
8,1,"AC,BW,RCL","AC,BV,BW,RCL",2
8,1,"AC,BW,RCL","AC,RCL",2
8,1,"AC,HC,HV,RCL","AC,HC,RCL",1
8,1,"AC,HC,RCL","AC,BW,HC,RCL",2
8,1,"AC,HC,RCL","AC,HC,HV,RCL",1
8,1,"AC,HC,RCL","AC,RCL",1
8,1,"AC,HC,RCL",none,1
8,1,"AC,RCL","AC,BW,HV,RCL",1
8,1,"AC,RCL","AC,BW,RCL",3
8,1,"AC,RCL",none,1
8,1,BW,none,2
8,1,PC,none,1
8,1,"PC,PT",PC,1
8,1,PT,"PC,PT",1
8,1,PT,"PT,RS",2
8,1,PT,none,2
8,1,"PT,RS",PT,2
8,1,RCL,"AC,RCL",1
8,1,RS,none,2
8,1,none,"AC,HC,RCL",1
8,1,none,BW,2
8,1,none,PT,2
8,1,none,RCL,1
8,1,none,RS,3
8,2,"AC,BV,BW,HC,RCA,RCL","AC,BV,HC,RCA,RCL",1
8,2,"AC,BV,BW,HC,RCL","AC,BV,BW,HC,RCA,RCL",1
8,2,"AC,BV,BW,HC,RCL","AC,HC,RCL",1
8,2,"AC,BV,BW,RCA,RCL","AC,BW,RCA,RCL",1
8,2,"AC,BV,BW,RCL","AC,BV,BW,HC,RCL",1
8,2,"AC,BV,HC,RCA,RCL","AC,HC,RCA,RCL",1
8,2,"AC,BV,RCL","AC,BV,BW,RCL",1
8,2,"AC,BW,HC,RCA,RCL",none,1
8,2,"AC,BW,RCA,RCL","AC,BW,HC,RCA,RCL",1
8,2,"AC,BW,RCL","AC,RCL",2
8,2,"AC,HC,HV,RCA,RCL","AC,HC,RCA,RCL",1
8,2,"AC,HC,RCA,RCL","AC,HC,RCL",3
8,2,"AC,HC,RCA,RCL","AC,RCL",1
8,2,"AC,HC,RCL","AC,BW,RCL",1
8,2,"AC,HC,RCL","AC,HC,HV,RCA,RCL",1
8,2,"AC,HC,RCL","AC,HC,RCA,RCL",1
8,2,"AC,HC,RCL","AC,RCL",3
8,2,"AC,HC,RCL",none,1
8,2,"AC,RCA,RCL","AC,RCL,RS",1
8,2,"AC,RCA,RCL",none,1
8,2,"AC,RCL","AC,BV,RCL",1
8,2,"AC,RCL","AC,HC,RCA,RCL",1
8,2,"AC,RCL","AC,HC,RCL",2
8,2,"AC,RCL","AC,RCA,RCL",2
8,2,"AC,RCL",RCL,1
8,2,"AC,RCL,RS","AC,RCL",1
8,2,"BW,RCL","AC,BW,RCL",1
8,2,"BW,RCL","BW,RCL,RS",1
8,2,"BW,RCL,RS",RCL,1
8,2,PC,"PC,RS",1
8,2,PC,none,2
8,2,"PC,RS",PC,1
8,2,"PC,RS",none,1
8,2,PT,RS,1
8,2,PT,none,1
8,2,"PT,RS",RS,1
8,2,RCL,"BW,RCL",2
8,2,RCL,none,1
8,2,RS,"PT,RS",1
8,2,RS,none,3
8,2,none,"AC,BV,BW,HC,RCL",1
8,2,none,"AC,BV,BW,RCA,RCL",1
8,2,none,"AC,HC,RCL",1
8,2,none,PC,2
8,2,none,"PC,RS",1
8,2,none,PT,1
8,2,none,RCA,1
8,2,none,RCL,1
8,2,none,RS,2
8,3,"AC,BV,BW,HC,RCL","AC,BW,RCL",1
8,3,"AC,BW,HC,HV,RCL","AC,HC,HV,RCL",2
8,3,"AC,BW,HC,RCA,RCL","AC,BW,RCA,RCL",2
8,3,"AC,BW,HC,RCL","AC,BV,BW,HC,RCL",1
8,3,"AC,BW,HV,RCA,RCL","AC,HV,RCA,RCL",1
8,3,"AC,BW,HV,RCL","AC,BW,HC,HV,RCL",1
8,3,"AC,BW,RCA,RCL","AC,BW,HC,RCA,RCL",1
8,3,"AC,BW,RCA,RCL","AC,BW,HV,RCL",1
8,3,"AC,BW,RCA,RCL","AC,RCL",1
8,3,"AC,BW,RCA,RCL",none,1
8,3,"AC,BW,RCL","AC,BW,RCA,RCL",1
8,3,"AC,HC,HV,RCA,RCL","AC,BW,HV,RCA,RCL",1
8,3,"AC,HC,HV,RCL","AC,HC,HV,RCA,RCL",1
8,3,"AC,HC,HV,RCL","AC,HC,RCL",1
8,3,"AC,HC,RCA,RCL","AC,RCA,RCL",2
8,3,"AC,HC,RCL","AC,BW,HC,HV,RCL",1
8,3,"AC,HC,RCL","AC,HC,RCA,RCL",1
8,3,"AC,HV,RCA,RCL","AC,RCA,RCL",1
8,3,"AC,HV,RCA,RCL","AC,RCL",1
8,3,"AC,RCA,RCL","AC,BW,HC,RCA,RCL",1
8,3,"AC,RCA,RCL","AC,BW,RCA,RCL",1
8,3,"AC,RCA,RCL","AC,HC,RCA,RCL",1
8,3,"AC,RCA,RCL","AC,HV,RCA,RCL",1
8,3,"AC,RCA,RCL","AC,RCL",1
8,3,"AC,RCA,RCL",RCL,1
8,3,"AC,RCL","AC,BW,HC,RCL",1
8,3,"AC,RCL","AC,HC,RCL",1
8,3,"AC,RCL","AC,RCA,RCL",1
8,3,"BW,RCL",RCL,1
8,3,PT,none,3
8,3,RCA,none,1
8,3,"RCA,RCL",none,1
8,3,RCL,"BW,RCL",1
8,3,RCL,RCA,1
8,3,RCL,"RCA,RCL",1
8,3,RCL,none,1
8,3,none,"AC,RCA,RCL",2
8,3,none,PT,2
8,3,none,RCL,3
8,4,"AC,BV,BW,GC,HC,RCA,RCL","AC,BV,BW,HC,RCA,RCL",1
8,4,"AC,BV,BW,HC,HV,RCA,RCL","AC,BV,BW,HC,RCA,RCL",1
8,4,"AC,BV,BW,HC,HV,RCA,RCL","AC,BW,HC,HV,RCA,RCL",1
8,4,"AC,BV,BW,HC,HV,RCA,RCL","AC,BW,HV,RCA,RCL",1
8,4,"AC,BV,BW,HC,RCA,RCL","AC,BV,RCA,RCL",1
8,4,"AC,BV,BW,HC,RCA,RCL","AC,BW,HC,RCA,RCL",1
8,4,"AC,BV,BW,HC,RCA,RCL","AC,HC,RCA,RCL",1
8,4,"AC,BV,BW,HV,RCA,RCL","AC,BV,BW,HC,HV,RCA,RCL",1
8,4,"AC,BV,BW,HV,RCA,RCL","AC,BW,HV,RCA,RCL",1
8,4,"AC,BV,BW,HV,RCL","AC,RCL",1
8,4,"AC,BV,BW,RCA,RCL","AC,BV,BW,HC,HV,RCA,RCL",1
8,4,"AC,BV,BW,RCA,RCL","AC,BV,BW,HC,RCA,RCL",1
8,4,"AC,BV,HV,RCA,RCL","AC,BV,BW,HV,RCA,RCL",1
8,4,"AC,BV,RCA,RCL","AC,BV,HV,RCA,RCL",1
8,4,"AC,BW,GC,HC,RCL","AC,BW,RCL",1
8,4,"AC,BW,HC,HV,RCA,RCL","AC,BV,BW,HC,HV,RCA,RCL",1
8,4,"AC,BW,HC,HV,RCA,RCL","AC,BW,HC,RCA,RCL",1
8,4,"AC,BW,HC,RCA,RCL","AC,BW,GC,HC,RCL",1
8,4,"AC,BW,HC,RCA,RCL","AC,BW,RCA,RCL",1
8,4,"AC,BW,HV,RCA,RCL","AC,BV,BW,HV,RCA,RCL",1
8,4,"AC,BW,HV,RCA,RCL","AC,BW,HC,HV,RCA,RCL",1
8,4,"AC,BW,HV,RCA,RCL","AC,BW,RCA,RCL",1
8,4,"AC,BW,HV,RCL","AC,BV,BW,HV,RCL",1
8,4,"AC,BW,RCA,RCL","AC,BV,BW,GC,HC,RCA,RCL",1
8,4,"AC,BW,RCA,RCL","AC,BV,BW,RCA,RCL",1
8,4,"AC,BW,RCL","AC,BW,HV,RCL",1
8,4,"AC,HC,RCA,RCL","AC,RCA,RCL",1
8,4,"AC,HC,RCL","AC,RCL",1
8,4,"AC,RCA,RCL","AC,BW,HV,RCA,RCL",1
8,4,"AC,RCA,RCL","RCA,RCL",2
8,4,"AC,RCL","AC,HC,RCL",1
8,4,"AC,RCL","AC,RCA,RCL",1
8,4,"BV,BW,HV,RCA,RCL","BV,BW,RCA,RCL",1
8,4,"BV,BW,RCA,RCL","AC,BV,BW,RCA,RCL",1
8,4,"BW,RCA,RCL","BW,RCL",1
8,4,"BW,RCA,RCL","RCA,RCL",2
8,4,"BW,RCL","BW,RCA,RCL",1
8,4,"BW,RCL",RCL,2
8,4,PT,none,2
8,4,"PT,RCL",RCL,1
8,4,"RCA,RCL","AC,RCA,RCL",1
8,4,"RCA,RCL","BV,BW,HV,RCA,RCL",1
8,4,"RCA,RCL","BW,RCA,RCL",2
8,4,"RCA,RCL",RCL,3
8,4,RCL,"BW,RCL",2
8,4,RCL,"PT,RCL",1
8,4,RCL,"RCA,RCL",3
8,4,RCL,none,1
8,4,RS,none,2
8,4,none,PT,1
8,4,none,RCL,1
8,4,none,RS,3
8,5,"AC,BV,BW,HC,HV,RCA,RCL","AC,BV,HC,RCA,RCL",1
8,5,"AC,BV,BW,HC,RCA,RCL","AC,BV,HC,RCA,RCL",1
8,5,"AC,BV,BW,HC,RCA,RCL","AC,BW,HC,RCA,RCL",1
8,5,"AC,BV,BW,RCA,RCL","AC,BV,BW,HC,RCA,RCL",1
8,5,"AC,BV,BW,RCA,RCL","AC,BV,RCA,RCL",1
8,5,"AC,BV,HC,RCA,RCL","AC,HC,RCA,RCL",2
8,5,"AC,BV,HC,RCA,RCL","AC,HC,RCL",1
8,5,"AC,BV,RCA,RCL","AC,RCA,RCL",1
8,5,"AC,BV,RCL","AC,BV,BW,HC,HV,RCA,RCL",1
8,5,"AC,BW,HC,RCA,RCL","AC,BV,BW,HC,RCA,RCL",1
8,5,"AC,BW,HC,RCA,RCL","AC,BW,RCA,RCL",1
8,5,"AC,BW,RCA,RCL","AC,BV,BW,RCA,RCL",1
8,5,"AC,BW,RCA,RCL","AC,RCA,RCL",1
8,5,"AC,HC,RCA,RCL","AC,BW,HC,RCA,RCL",1
8,5,"AC,HC,RCA,RCL","AC,BW,RCA,RCL",1
8,5,"AC,HC,RCA,RCL","AC,HC,RCL",1
8,5,"AC,HC,RCA,RCL","AC,RCL",1
8,5,"AC,HC,RCL","AC,BV,HC,RCA,RCL",1
8,5,"AC,HC,RCL","AC,HC,RCA,RCL",1
8,5,"AC,HC,RCL","AC,RCL",1
8,5,"AC,HV,RCL","AC,RCL",1
8,5,"AC,RCA,RCL","AC,BV,BW,RCA,RCL",1
8,5,"AC,RCA,RCL","AC,HC,RCA,RCL",1
8,5,"AC,RCA,RCL","AC,RCL",1
8,5,"AC,RCA,RCL","RCA,RCL",1
8,5,"AC,RCL","AC,BV,RCL",1
8,5,"AC,RCL","AC,HC,RCL",1
8,5,"AC,RCL","AC,HV,RCL",1
8,5,"AC,RCL",RCL,1
8,5,"BV,BW,RCA,RCL","AC,RCA,RCL",1
8,5,"BW,RCA,RCL","BV,BW,RCA,RCL",1
8,5,"BW,RCA,RCL","RCA,RCL",1
8,5,"BW,RCL",RCL,1
8,5,PC,none,1
8,5,"PT,RCL",RCL,1
8,5,RCA,none,1
8,5,"RCA,RCL","AC,RCA,RCL",1
8,5,"RCA,RCL","BW,RCA,RCL",2
8,5,RCL,"BW,RCL",1
8,5,RCL,"PT,RCL",1
8,5,RCL,"RCA,RCL",1
8,5,RCL,none,1
8,5,RS,none,1
8,5,none,RCA,1
8,5,none,RCL,1
8,5,none,RS,2
8,6,AC,"AC,BW",1
8,6,AC,"AC,RCA,RCL",1
8,6,"AC,BV,BW","AC,BV,BW,RCL",1
8,6,"AC,BV,BW,GC,HV,RCL","AC,BV,GC,HC,HV,RCL",1
8,6,"AC,BV,BW,HC,HV,RCA","AC,BV,BW,HC,HV,RCA,RCL",1
8,6,"AC,BV,BW,HC,HV,RCA,RCL","AC,BW,RCA,RCL",1
8,6,"AC,BV,BW,HC,HV,RCA,RCL","AC,RCA,RCL",2
8,6,"AC,BV,BW,HC,RCA","AC,BV,BW,HC,HV,RCA",1
8,6,"AC,BV,BW,HC,RCA,RCL","AC,BV,BW,RCA,RCL",1
8,6,"AC,BV,BW,HC,RCA,RCL","AC,HC,RCA,RCL",1
8,6,"AC,BV,BW,RCA,RCL","AC,BV,BW,HC,RCA,RCL",2
8,6,"AC,BV,BW,RCL","AC,HC,RCA,RCL",1
8,6,"AC,BV,GC,HC,HV,RCL","AC,HC,HV,RCL",1
8,6,"AC,BW","AC,BV,BW",1
8,6,"AC,BW,HV,RCA,RCL","AC,BV,BW,HC,HV,RCA,RCL",1
8,6,"AC,BW,RCA,RCL","AC,BV,BW,HC,HV,RCA,RCL",1
8,6,"AC,BW,RCA,RCL","AC,BV,BW,RCA,RCL",1
8,6,"AC,BW,RCA,RCL","AC,RCA,RCL",1
8,6,"AC,BW,RCL","AC,BV,BW,GC,HV,RCL",1
8,6,"AC,GC,HC,HV,RCL","AC,GC,HC,RCL",1
8,6,"AC,GC,HC,RCL","AC,HC,RCL",1
8,6,"AC,HC",AC,1
8,6,"AC,HC,HV,RCL","AC,HC,RCL",1
8,6,"AC,HC,RCA","AC,HC",1
8,6,"AC,HC,RCA,RCL","AC,HC,RCA",1
8,6,"AC,HC,RCA,RCL","AC,RCA,RCL",2
8,6,"AC,HC,RCL","AC,GC,HC,HV,RCL",1
8,6,"AC,HC,RCL","AC,RCL",2
8,6,"AC,RCA","AC,BV,BW,HC,RCA",1
8,6,"AC,RCA,RCL","AC,BW,HV,RCA,RCL",1
8,6,"AC,RCA,RCL","AC,BW,RCA,RCL",2
8,6,"AC,RCA,RCL","AC,HC,RCA,RCL",1
8,6,"AC,RCA,RCL","AC,RCL",3
8,6,"AC,RCL",AC,2
8,6,"AC,RCL","AC,BW,RCL",1
8,6,"AC,RCL","AC,HC,RCL",1
8,6,"AC,RCL","AC,RCA,RCL",1
8,6,"BV,BW,HV",RCA,1
8,6,"BV,BW,HV,RS","BV,BW,HV",1
8,6,"BW,HV,RS","BV,BW,HV,RS",1
8,6,"BW,PC","BW,HV,RS",1
8,6,PC,"BW,PC",1
8,6,PC,"PC,RS",1
8,6,PC,none,2
8,6,"PC,RS",PC,1
8,6,"PC,RS",none,1
8,6,RCA,"AC,RCA",1
8,6,RS,"PC,RS",1
8,6,RS,none,1
8,6,none,PC,3
8,6,none,RS,1
8,7,"AC,BW,HC,HV,RCL","AC,HC,HV,RCL",1
8,7,"AC,BW,HC,RCL","AC,HC,RCL",1
8,7,"AC,HC,HV,RCL","AC,BW,HC,HV,RCL",1
8,7,"AC,HC,HV,RCL","AC,HC,RCL",1
8,7,"AC,HC,RCL","AC,HC,HV,RCL",1
8,7,"AC,HC,RCL","AC,RCL",1
8,7,"AC,HC,RCL","HC,RCL",1
8,7,"AC,RCL","AC,BW,HC,RCL",1
8,7,"AC,RCL","AC,HC,RCL",1
8,7,BW,"BW,RS",1
8,7,BW,RS,1
8,7,BW,none,1
8,7,"BW,RCL",RCL,1
8,7,"BW,RS",BW,1
8,7,"HC,RCL",RCL,1
8,7,PC,none,1
8,7,RCL,"RCL,RS",1
8,7,RCL,none,1
8,7,"RCL,RS","BW,RCL",1
8,7,RS,none,2
8,7,none,"AC,RCL",1
8,7,none,BW,2
8,7,none,PC,1
8,7,none,RCL,1
8,8,AC,RS,1
8,8,"AC,BV,BW,HC,HV,RCL","AC,BV,HC,RCA,RCL",1
8,8,"AC,BV,BW,HC,RCA,RCL","AC,RCL",1
8,8,"AC,BV,BW,HC,RCL","AC,BV,BW,HC,HV,RCL",1
8,8,"AC,BV,BW,HV,RCA,RCL","AC,RCA,RCL",1
8,8,"AC,BV,BW,HV,RCL","AC,BW,HV,RCL",1
8,8,"AC,BV,BW,RCA,RCL","AC,BV,BW,HC,RCA,RCL",1
8,8,"AC,BV,BW,RCA,RCL","AC,BV,BW,HV,RCA,RCL",1
8,8,"AC,BV,BW,RCL","AC,BW,RCL",1
8,8,"AC,BV,HC,RCA,RCL","AC,RCA,RCL",1
8,8,"AC,BV,HC,RCL","AC,HC,RCL",2
8,8,"AC,BV,RCL","AC,BV,HC,RCL",1
8,8,"AC,BV,RCL","AC,RCL",2
8,8,"AC,BW,GC,RCA,RCL","AC,BW,RCA,RCL",1
8,8,"AC,BW,HV,RCL","AC,BV,BW,HV,RCL",1
8,8,"AC,BW,HV,RCL","AC,RCL",1
8,8,"AC,BW,RCA,RCL","AC,BV,BW,RCA,RCL",1
8,8,"AC,BW,RCA,RCL","AC,BW,GC,RCA,RCL",1
8,8,"AC,BW,RCA,RCL","AC,BW,RCL",1
8,8,"AC,BW,RCL","AC,BV,BW,HC,RCL",1
8,8,"AC,BW,RCL","AC,BV,BW,RCA,RCL",1
8,8,"AC,BW,RCL","AC,BV,BW,RCL",1
8,8,"AC,BW,RCL","AC,BW,HV,RCL",1
8,8,"AC,BW,RCL","AC,RCL",2
8,8,"AC,BW,RCL",RCL,1
8,8,"AC,HC,RCL","AC,BV,HC,RCL",1
8,8,"AC,HC,RCL","AC,RCL",2
8,8,"AC,RCA,RCL","AC,BW,RCA,RCL",2
8,8,"AC,RCA,RCL","AC,RCL",2
8,8,"AC,RCL",AC,1
8,8,"AC,RCL","AC,BV,RCL",3
8,8,"AC,RCL","AC,BW,RCL",5
8,8,"AC,RCL","AC,HC,RCL",1
8,8,"AC,RCL","AC,RCA,RCL",1
8,8,"BW,RCL",RCL,1
8,8,GC,"GC,RCL",1
8,8,"GC,RCL",RCL,1
8,8,PC,"PC,PT",1
8,8,"PC,PT",none,1
8,8,"PC,PT,RP,RS","PC,RP,RS",1
8,8,"PC,RP",none,1
8,8,"PC,RP,RS","PC,RP",1
8,8,"PC,RS","PC,PT,RP,RS",1
8,8,"PT,RCL","AC,RCL",1
8,8,RCL,"AC,RCA,RCL",1
8,8,RCL,"BW,RCL",1
8,8,RCL,"PT,RCL",1
8,8,RCL,"RCL,RS",1
8,8,"RCL,RS",RS,1
8,8,RS,none,2
8,8,none,GC,1
8,8,none,PC,1
8,8,none,RCL,1
8,8,none,RS,1
8,9,AC,"AC,BV",1
8,9,AC,"AC,RCL",2
8,9,"AC,BV","AC,RCL",1
8,9,"AC,BV,BW,HC","AC,BV,HC",1
8,9,"AC,BV,HC","AC,HC",1
8,9,"AC,BW",RCL,1
8,9,"AC,BW,HC","AC,BV,BW,HC",1
8,9,"AC,BW,HC,HV,RCL","AC,BW,HC,RCL",1
8,9,"AC,BW,HC,RCL","AC,BW,HC",1
8,9,"AC,BW,HC,RCL","AC,BW,HC,HV,RCL",1
8,9,"AC,HC",AC,1
8,9,"AC,HC","AC,HC,RCL",1
8,9,"AC,HC,HV,RCL","AC,HC,RCL",1
8,9,"AC,HC,RCL","AC,BW,HC,RCL",1
8,9,"AC,HC,RCL","AC,HC",1
8,9,"AC,HC,RCL","AC,HC,HV,RCL",1
8,9,"AC,RCL",AC,2
8,9,"AC,RCL",RCL,1
8,9,BW,none,1
8,9,"BW,RS",RS,1
8,9,"HC,RCL,RS","AC,HC,RCL",1
8,9,HV,none,1
8,9,"HV,RCL,RS","HC,RCL,RS",1
8,9,"HV,RS",RS,1
8,9,"HV,RS",none,1
8,9,"PC,RS","RP,RS",1
8,9,RCL,"RCL,RS",1
8,9,RCL,none,1
8,9,"RCL,RS","HV,RCL,RS",1
8,9,"RCL,RS",RS,1
8,9,RP,none,1
8,9,"RP,RS",RP,1
8,9,RS,"BW,RS",1
8,9,RS,"HV,RS",1
8,9,RS,"PC,RS",1
8,9,RS,none,1
8,9,none,"AC,BW",1
8,9,none,BW,1
8,9,none,HV,1
8,9,none,"HV,RS",1
8,9,none,PT,1
8,9,none,"RCL,RS",1
8,10,"AC,BV,BW,GC,HC,RCL","AC,HC,RCL",1
8,10,"AC,BV,BW,GC,HV,RCL","AC,BV,BW,HC,HV,RCL",1
8,10,"AC,BV,BW,HC,HV,RCL","AC,BW,HC,HV,RCL",1
8,10,"AC,BV,BW,HC,HV,RCL,RS","AC,BV,GC,HC,HV,RCL,RS",1
8,10,"AC,BV,BW,HC,HV,RCL,RS","AC,BW,HC,HV,RCL,RS",1
8,10,"AC,BV,BW,HC,RCL","AC,BV,BW,GC,HC,RCL",1
8,10,"AC,BV,BW,HC,RCL","AC,BV,GC,HC,RCL",1
8,10,"AC,BV,BW,HC,RCL,RS","AC,BV,BW,HC,HV,RCL,RS",1
8,10,"AC,BV,BW,HC,RCL,RS","AC,BV,BW,HC,RCL",1
8,10,"AC,BV,GC,HC,HV,RCL,RS","AC,BV,HC,RCL,RS",1
8,10,"AC,BV,GC,HC,RCL","AC,HC,RCL",1
8,10,"AC,BV,HC,RCL","AC,HC,RCL",1
8,10,"AC,BV,HC,RCL,RS","AC,BV,BW,HC,RCL,RS",1
8,10,"AC,BV,HC,RCL,RS","AC,HC,RCL,RS",1
8,10,"AC,BV,RCL","AC,BV,HC,RCL",1
8,10,"AC,BW,HC,HV,RCL","AC,HC,HV,RCL",1
8,10,"AC,BW,HC,HV,RCL,RS","AC,BV,BW,HC,HV,RCL,RS",1
8,10,"AC,BW,HC,RCL","AC,BV,BW,HC,RCL",1
8,10,"AC,BW,HV,RCL","AC,BV,RCL",1
8,10,"AC,HC,HV,RCL","AC,HC,RCL",1
8,10,"AC,HC,RCL","AC,HC,RCL,RS",1
8,10,"AC,HC,RCL","AC,RCL",2
8,10,"AC,HC,RCL","HC,RCL",2
8,10,"AC,HC,RCL,RS","AC,BV,BW,HC,RCL,RS",1
8,10,"AC,HC,RCL,RS","AC,BW,HC,RCL",1
8,10,"AC,RCL","AC,BV,BW,GC,HV,RCL",1
8,10,"AC,RCL","AC,BW,HV,RCL",1
8,10,"BV,BW,HC,RCL,RS","AC,BV,HC,RCL,RS",1
8,10,"BV,BW,HV,RCL,RS","RCL,RS",1
8,10,"BV,BW,RCL,RS","BV,BW,HV,RCL,RS",1
8,10,BW,none,1
8,10,"BW,PC","BW,RS",1
8,10,"BW,RCL,RS","BV,BW,RCL,RS",1
8,10,"BW,RS",BW,1
8,10,"HC,RCL","AC,HC,RCL",1
8,10,"HC,RCL",RCL,1
8,10,"HC,RCL,RS","BV,BW,HC,RCL,RS",1
8,10,"HV,RCL",RCL,1
8,10,PC,"BW,PC",1
8,10,PC,none,1
8,10,"PC,PT",PT,1
8,10,"PC,PT,RP","PC,PT",1
8,10,PT,PC,1
8,10,PT,"PT,RP",1
8,10,PT,none,6
8,10,"PT,RP","PC,PT,RP",1
8,10,"PT,RP","PT,RP,RS",1
8,10,"PT,RP,RS","PT,RP",1
8,10,RCL,"BW,RCL,RS",1
8,10,RCL,"HV,RCL",1
8,10,RCL,none,1
8,10,"RCL,RS","HC,RCL,RS",1
8,10,RS,none,1
8,10,none,PC,1
8,10,none,PT,6
8,10,none,RCL,1
8,10,none,RS,2
8,11,AC,"AC,HC",2
8,11,AC,none,2
8,11,"AC,BV,BW,GC,HC,RCL","AC,BV,GC,HC,RCL",1
8,11,"AC,BV,BW,HC,RCL","AC,BV,BW,GC,HC,RCL",1
8,11,"AC,BV,BW,HC,RCL","AC,BV,BW,RCL",1
8,11,"AC,BV,BW,HC,RCL","AC,HC,RCL",1
8,11,"AC,BV,BW,RCL","AC,BV,RCL",1
8,11,"AC,BV,BW,RCL","AC,RCL",1
8,11,"AC,BV,GC,HC,RCL","AC,GC,HC,RCL",1
8,11,"AC,BV,HC,RCL","AC,RCL",1
8,11,"AC,BV,RCL","AC,BV,BW,HC,RCL",1
8,11,"AC,BV,RCL","AC,RCL",1
8,11,"AC,BW,HC,RCL","AC,BV,BW,HC,RCL",1
8,11,"AC,BW,RCL","AC,BV,BW,HC,RCL",1
8,11,"AC,GC,HC,RCL","AC,HC,RCL",1
8,11,"AC,GC,RCL","AC,RCL",1
8,11,"AC,HC",AC,1
8,11,"AC,HC","AC,HC,RCL",1
8,11,"AC,HC,RCL","AC,BV,HC,RCL",1
8,11,"AC,HC,RCL","AC,RCL",2
8,11,"AC,RCL",AC,1
8,11,"AC,RCL","AC,BV,BW,RCL",1
8,11,"AC,RCL","AC,BV,RCL",1
8,11,"AC,RCL","AC,BW,HC,RCL",1
8,11,"AC,RCL","AC,GC,RCL",1
8,11,"AC,RCL",RCL,1
8,11,"BW,RCL",AC,1
8,11,PT,none,4
8,11,RCL,"AC,BW,RCL",1
8,11,RCL,none,1
8,11,RS,PT,1
8,11,RS,none,2
8,11,none,AC,1
8,11,none,"BW,RCL",1
8,11,none,PT,2
8,11,none,RCL,2
8,11,none,RS,3
8,12,AC,"AC,BW",1
8,12,AC,"AC,HC",1
8,12,"AC,BV,BW,GC,HC","AC,BV,BW,HC",1
8,12,"AC,BV,BW,GC,HC","AC,GC,HC",1
8,12,"AC,BV,BW,GC,HC","AC,GC,HC,RCL",1
8,12,"AC,BV,BW,GC,HC,HV","AC,BV,BW,GC,HC",1
8,12,"AC,BV,BW,GC,HC,RCL","AC,BV,GC,HC,RCL",1
8,12,"AC,BV,BW,GC,HV,RCL","AC,BV,GC,RCL",1
8,12,"AC,BV,BW,HC","AC,BV,BW,GC,HC",1
8,12,"AC,BV,BW,HC","AC,BV,BW,HC,HV",1
8,12,"AC,BV,BW,HC","AC,BV,BW,HC,RCL",1
8,12,"AC,BV,BW,HC,HV","AC,BV,BW,HC",1
8,12,"AC,BV,BW,HC,RCL","AC,BV,HC,RCL",1
8,12,"AC,BV,GC,HC,RCL","AC,GC,HC,RCL",2
8,12,"AC,BV,GC,HC,RCL","GC,RCL",1
8,12,"AC,BV,GC,RCL","AC,BV,GC,HC,RCL",1
8,12,"AC,BV,HC,RCL","AC,HC,RCL",3
8,12,"AC,BW","AC,BV,BW,GC,HC,HV",1
8,12,"AC,BW,GC,HC","AC,BV,BW,GC,HC",1
8,12,"AC,BW,GC,HC,RCL","AC,GC,HC,RCL",1
8,12,"AC,GC,HC",AC,1
8,12,"AC,GC,HC","AC,BW,GC,HC",1
8,12,"AC,GC,HC,RCL","AC,BV,BW,GC,HC,RCL",1
8,12,"AC,GC,HC,RCL","AC,BW,GC,HC,RCL",1
8,12,"AC,GC,HC,RCL","AC,HC,RCL",3
8,12,"AC,HC","AC,BV,BW,HC",1
8,12,"AC,HC","AC,GC,HC",1
8,12,"AC,HC,RCL","AC,BV,GC,HC,RCL",1
8,12,"AC,HC,RCL","AC,BV,HC,RCL",2
8,12,"AC,HC,RCL","AC,GC,HC,RCL",1
8,12,"AC,HC,RCL","AC,HC",1
8,12,"AC,HC,RCL","AC,RCL",1
8,12,"AC,RCL",RCL,1
8,12,"BV,BW","BV,BW,PT",1
8,12,"BV,BW,HV,PT","BV,BW,PT,RCL",1
8,12,"BV,BW,HV,RCL","AC,BV,BW,GC,HV,RCL",1
8,12,"BV,BW,PT","BV,BW,HV,PT",1
8,12,"BV,BW,PT,RCL","BV,BW,RCL",1
8,12,"BV,BW,RCL","BV,BW,HV,RCL",1
8,12,BW,"BV,BW",1
8,12,"BW,PT",PT,1
8,12,"GC,RCL",RCL,1
8,12,PT,"BW,PT",1
8,12,PT,none,1
8,12,RCL,none,2
8,12,RS,BW,1
8,12,RS,none,2
8,12,none,AC,1
8,12,none,PT,1
8,12,none,RS,3
8,13,AC,"AC,BW,RCL",1
8,13,AC,"AC,RCL",1
8,13,AC,none,1
8,13,"AC,BV,BW,GC,HC,HV,RCL","AC,BV,GC,HC,RCL",1
8,13,"AC,BV,BW,GC,HC,RCL","AC,BV,BW,GC,HC,HV,RCL",1
8,13,"AC,BV,BW,HC,RCL","AC,BV,BW,GC,HC,RCL",1
8,13,"AC,BV,BW,HC,RCL","AC,BW,HC,RCL",1
8,13,"AC,BV,BW,HC,RCL","AC,RCL",1
8,13,"AC,BV,BW,RCA",AC,1
8,13,"AC,BV,GC,HC,RCL","AC,GC,HC,RCL",1
8,13,"AC,BV,HC,RCL","AC,BV,BW,HC,RCL",1
8,13,"AC,BV,HC,RCL","AC,HC,RCL",1
8,13,"AC,BW,HC,RCL","AC,HC,RCL",2
8,13,"AC,BW,RCL","AC,BV,BW,HC,RCL",1
8,13,"AC,BW,RCL","AC,BV,BW,RCA",1
8,13,"AC,GC,HC,RCL","AC,HC,RCL",2
8,13,"AC,HC,RCL","AC,BV,BW,HC,RCL",1
8,13,"AC,HC,RCL","AC,BV,HC,RCL",1
8,13,"AC,HC,RCL","AC,GC,HC,RCL",1
8,13,"AC,HC,RCL","AC,HC,RCL,RS",1
8,13,"AC,HC,RCL","AC,RCL",1
8,13,"AC,HC,RCL","HC,RCL",1
8,13,"AC,HC,RCL,RS","AC,BW,HC,RCL",1
8,13,"AC,RCL",AC,1
8,13,"AC,RCL","AC,BV,HC,RCL",1
8,13,"AC,RCL","AC,BW,RCL",1
8,13,"AC,RCL","AC,HC,RCL",1
8,13,BW,none,1
8,13,"HC,RCL",RCL,1
8,13,PC,none,1
8,13,PT,none,4
8,13,RCL,"AC,RCL",1
8,13,RCL,BW,1
8,13,RCL,none,1
8,13,"RCL,RS",RS,1
8,13,RS,none,3
8,13,none,AC,1
8,13,none,PC,1
8,13,none,PT,3
8,13,none,RCL,3
8,13,none,"RCL,RS",1
8,13,none,RS,2
8,14,"AC,BV,BW,GC,HC,HV,RCL","AC,BV,BW,GC,HC,RCL",1
8,14,"AC,BV,BW,GC,HC,HV,RCL","AC,BV,GC,HC,HV,RCL",1
8,14,"AC,BV,BW,GC,HC,HV,RCL","AC,GC,HC,RCL",1
8,14,"AC,BV,BW,GC,HC,RCL","AC,BV,BW,GC,HC,HV,RCL",2
8,14,"AC,BV,BW,GC,HC,RCL","AC,BW,GC,HC,RCL",1
8,14,"AC,BV,BW,GC,RCL","AC,BV,BW,GC,HC,RCL",1
8,14,"AC,BV,BW,HC,HV,RCL","AC,BW,RCL",1
8,14,"AC,BV,BW,HC,RCL","AC,BV,HC,RCL",1
8,14,"AC,BV,BW,HC,RCL","AC,BW,HC,RCL",1
8,14,"AC,BV,GC,HC,HV,RCL","AC,GC,HC,HV,RCA,RCL",1
8,14,"AC,BV,GC,RCL","AC,GC,RCL",1
8,14,"AC,BV,HC,RCL","AC,HC,RCL",1
8,14,"AC,BW,GC,HC,HV,RCA,RCL","AC,BW,GC,HC,RCA,RCL",1
8,14,"AC,BW,GC,HC,RCA,RCL","AC,BW,GC,HC,HV,RCA,RCL",1
8,14,"AC,BW,GC,HC,RCA,RCL","AC,BW,RCL",1
8,14,"AC,BW,GC,HC,RCL","AC,BV,BW,GC,HC,RCL",1
8,14,"AC,BW,HC,RCL","AC,BV,BW,HC,HV,RCL",1
8,14,"AC,BW,HC,RCL","AC,BV,BW,HC,RCL",1
8,14,"AC,BW,HC,RCL","AC,BW,RCL",1
8,14,"AC,BW,RCL","AC,BV,BW,GC,RCL",1
8,14,"AC,BW,RCL","AC,BW,HC,RCL",2
8,14,"AC,GC,HC,HV,RCA,RCL","AC,GC,HC,RCA,RCL",1
8,14,"AC,GC,HC,RCA,RCL","AC,BW,GC,HC,RCA,RCL",1
8,14,"AC,GC,HC,RCL","AC,HC,RCL",1
8,14,"AC,GC,HV,RCL","AC,GC,RCL",1
8,14,"AC,GC,RCL","AC,BV,GC,RCL",1
8,14,"AC,GC,RCL","AC,RCL",1
8,14,"AC,HC,RCL","AC,BV,BW,GC,HC,HV,RCL",1
8,14,"AC,HC,RCL","AC,BV,BW,HC,RCL",1
8,14,"AC,HC,RCL","AC,RCL",1
8,14,"AC,RCL","AC,GC,HV,RCL",1
8,14,"AC,RCL","AC,HC,RCL",1
8,14,"AC,RCL",RCL,1
8,14,BW,RCL,1
8,14,BW,none,2
8,14,PT,none,1
8,14,RCL,none,2
8,14,none,"AC,RCL",1
8,14,none,BW,3
8,14,none,RS,1
8,15,"AC,BV,BW,GC,HC,HV,RCA,RCL","AC,BV,GC,HC,HV,RCA,RCL",1
8,15,"AC,BV,BW,GC,HC,RCA,RCL","AC,BV,BW,GC,HC,RCL,RS",1
8,15,"AC,BV,BW,GC,HC,RCL","AC,BV,GC,HC,HV,RCL",1
8,15,"AC,BV,BW,GC,HC,RCL,RS","AC,BV,BW,GC,HC,RCL",1
8,15,"AC,BV,BW,HV,RCL","AC,BV,BW,GC,HC,RCA,RCL",1
8,15,"AC,BV,BW,HV,RCL","AC,HV,RCL",1
8,15,"AC,BV,BW,HV,RCL","AC,RCL",1
8,15,"AC,BV,BW,RCL","AC,BV,BW,HV,RCL",3
8,15,"AC,BV,GC,HC,HV,RCA,RCL","AC,BV,BW,GC,HC,HV,RCA,RCL",1
8,15,"AC,BV,GC,HC,HV,RCA,RCL","AC,HC,HV,RCA,RCL",1
8,15,"AC,BV,GC,HC,HV,RCL","AC,BV,GC,HC,HV,RCA,RCL",1
8,15,"AC,BW,RCL","AC,BV,BW,RCL",1
8,15,"AC,HC,HV,RCA,RCL","AC,HC,RCA,RCL",1
8,15,"AC,HC,RCA,RCL","AC,HC,RCL",1
8,15,"AC,HC,RCL","AC,RCL",1
8,15,"AC,HV,RCL","AC,RCL",1
8,15,"AC,RCL","AC,BV,BW,RCL",2
8,15,"AC,RCL","AC,BW,RCL",1
8,15,"AC,RCL",RCL,1
8,15,"BW,RCL",RCL,1
8,15,RCL,"AC,RCL",1
8,15,RCL,"BW,RCL",1
8,15,RCL,"RCL,RS",1
8,15,RCL,none,1
8,15,"RCL,RS",RCL,1
8,15,RP,"RP,RS",1
8,15,"RP,RS",RS,1
8,15,RS,none,4
8,15,none,RCL,2
8,15,none,RP,1
8,15,none,RS,2
8,16,AC,"AC,BV,BW,HV,PT",1
8,16,AC,none,1
8,16,"AC,BV","AC,BV,RCL",1
8,16,"AC,BV,BW,GC,HV,RCL","AC,GC,RCL",1
8,16,"AC,BV,BW,HV","AC,BV",1
8,16,"AC,BV,BW,HV,PT","AC,BV,BW,HV",1
8,16,"AC,BV,BW,HV,RCL","AC,BV,BW,RCL",1
8,16,"AC,BV,BW,RCL","AC,BV,BW,GC,HV,RCL",1
8,16,"AC,BV,GC,HV,RCL","AC,GC,HV,RCL",1
8,16,"AC,BV,RCL","AC,BV,BW,HV,RCL",1
8,16,"AC,BW,HV,RCL","AC,HV,RCL",1
8,16,"AC,GC,HV,RCL","AC,HV,RCL",1
8,16,"AC,GC,RCL","AC,RCL",1
8,16,"AC,HV,RCL","AC,BV,GC,HV,RCL",1
8,16,"AC,HV,RCL","AC,RCL",1
8,16,"AC,RCL",AC,1
8,16,"AC,RCL","AC,BW,HV,RCL",1
8,16,RCL,none,2
8,16,RP,none,1
8,16,"RP,RS",RS,1
8,16,RS,none,1
8,16,none,AC,1
8,16,none,RCL,3
8,16,none,"RP,RS",1
8,17,"AC,BV,GC,RCL","AC,GC,RCL",1
8,17,"AC,BW,RCL","AC,RCL",1
8,17,"AC,GC,RCL","AC,BV,GC,RCL",1
8,17,"AC,GC,RCL","AC,RCL",2
8,17,"AC,GC,RCL","GC,RCL",1
8,17,"AC,RCL","AC,BW,RCL",1
8,17,"AC,RCL","AC,GC,RCL",2
8,17,"GC,RCL",RCL,1
8,17,PT,none,1
8,17,"PT,RS",RS,1
8,17,RCL,"AC,GC,RCL",1
8,17,RS,"PT,RS",1
8,17,RS,none,3
8,17,none,"AC,RCL",1
8,17,none,RS,3
8,18,AC,"AC,RCL",2
8,18,"AC,BV,BW,RCL","AC,RCL",2
8,18,"AC,BW,RCL","AC,BV,BW,RCL",2
8,18,"AC,RCL",AC,2
8,18,"AC,RCL","AC,BW,RCL",1
8,18,"AC,RCL",RCL,2
8,18,"BV,BW",none,1
8,18,BW,"BV,BW",1
8,18,BW,"BW,PT,RS",1
8,18,"BW,PT,RS",RS,1
8,18,PT,none,1
8,18,RCL,"AC,BW,RCL",1
8,18,RCL,"AC,RCL",1
8,18,RCL,none,2
8,18,RP,none,1
8,18,"RP,RS",RP,1
8,18,RS,"RP,RS",1
8,18,RS,none,4
8,18,none,BW,2
8,18,none,PT,1
8,18,none,RCL,2
8,18,none,RS,4
8,19,"AC,BV,BW,GC,HC,RCL","AC,BV,GC,HC,HV,RCL",1
8,19,"AC,BV,BW,HC,HV,RCL","AC,HC,HV,RCL",1
8,19,"AC,BV,BW,HC,RCL","AC,BV,BW,HC,HV,RCL",1
8,19,"AC,BV,BW,HC,RCL","AC,BW,HC,RCL",1
8,19,"AC,BV,BW,RCL","AC,BV,BW,HC,RCL",1
8,19,"AC,BV,GC,HC,HV,RCL","AC,BV,GC,RCL",1
8,19,"AC,BV,GC,HC,RCL","AC,GC,RCL",1
8,19,"AC,BV,GC,RCL","AC,GC,RCL",1
8,19,"AC,BV,HC,HV,RCL","AC,BW,HC,HV,RCL",1
8,19,"AC,BV,HC,RCL","AC,BV,BW,HC,RCL",1
8,19,"AC,BW,HC,HV,RCL","AC,HC,HV,RCL",1
8,19,"AC,BW,HC,RCL","AC,GC,HC,RCL",1
8,19,"AC,BW,HV,RCL","AC,BW,RCL",1
8,19,"AC,BW,RCL","AC,BV,BW,RCL",1
8,19,"AC,GC,HC,RCL","AC,BV,GC,HC,RCL",1
8,19,"AC,GC,HV,RCL","AC,RCL",1
8,19,"AC,GC,RCL","AC,GC,HV,RCL",1
8,19,"AC,GC,RCL","AC,RCL",2
8,19,"AC,HC,HV,RCL","AC,BV,HC,HV,RCL",1
8,19,"AC,HC,HV,RCL","AC,HC,RCL",1
8,19,"AC,HC,HV,RCL","AC,HV,RCL",1
8,19,"AC,HC,RCL","AC,BV,BW,GC,HC,RCL",1
8,19,"AC,HC,RCL","AC,BV,HC,RCL",1
8,19,"AC,HV,RCL","AC,HC,HV,RCL",1
8,19,"AC,RCL","AC,GC,RCL",1
8,19,"AC,RCL","AC,HC,RCL",1
8,19,"AC,RCL",RCL,1
8,19,BW,none,3
8,19,"BW,RCL","AC,BW,HV,RCL",1
8,19,RCL,"BW,RCL",1
8,19,RCL,none,2
8,19,none,BW,2
8,19,none,RCL,2
8,19,none,RS,1
8,20,"AC,BV,GC,RCL","AC,BV,RCL",1
8,20,"AC,BV,RCL","AC,BV,GC,RCL",1
8,20,"AC,BV,RCL","AC,RCL",3
8,20,"AC,BW,RCL","AC,BV,RCL",1
8,20,"AC,BW,RCL","AC,RCL",1
8,20,"AC,HC,RCL","AC,RCL",2
8,20,"AC,HV,RCL","AC,BW,RCL",1
8,20,"AC,RCL","AC,BV,RCL",2
8,20,"AC,RCL","AC,BW,RCL",1
8,20,"AC,RCL","AC,HC,RCL",2
8,20,"AC,RCL","AC,HV,RCL",1
8,20,"AC,RCL","AC,RCL,RS",1
8,20,"AC,RCL",RCL,1
8,20,"AC,RCL,RS","AC,RCL",1
8,20,RCL,"AC,RCL",1
8,20,RS,none,2
8,20,none,RCL,1
8,20,none,RS,1
8,21,AC,none,1
8,21,"AC,BV,BW","AC,BV,BW,HV",1
8,21,"AC,BV,BW,GC,HC,HV,RCL","AC,BW,GC,HC,HV,RCL",1
8,21,"AC,BV,BW,GC,HC,HV,RCL","AC,BW,RCL",1
8,21,"AC,BV,BW,GC,HC,HV,RCL","AC,GC,RCL",1
8,21,"AC,BV,BW,GC,HC,RCL","AC,BV,BW,GC,HC,HV,RCL",1
8,21,"AC,BV,BW,GC,RCL","AC,GC,RCL",1
8,21,"AC,BV,BW,HV","AC,BV,BW,GC,HC,HV,RCL",1
8,21,"AC,BV,BW,HV,RCL","AC,BV,BW,GC,HC,HV,RCL",1
8,21,"AC,BV,BW,RCL","AC,BV,BW,HV,RCL",1
8,21,"AC,BW,GC,HC,HV,RCL","AC,GC,HV,RCL",1
8,21,"AC,BW,RCL","AC,BV,BW,GC,HC,RCL",1
8,21,"AC,BW,RCL","AC,BV,BW,RCL",1
8,21,"AC,GC,HV,RCL","AC,HV,RCL",1
8,21,"AC,GC,RCL","AC,BV,BW,GC,RCL",1
8,21,"AC,GC,RCL","AC,GC,RCL,RS",1
8,21,"AC,GC,RCL","AC,RCL",3
8,21,"AC,GC,RCL,RS","AC,GC,RCL",1
8,21,"AC,HV,RCL","AC,RCL",3
8,21,"AC,RCL","AC,BW,RCL",1
8,21,"AC,RCL","AC,GC,RCL",2
8,21,"AC,RCL","AC,HV,RCL",2
8,21,"AC,RCL",RCL,1
8,21,"BV,BW","AC,BV,BW",1
8,21,BW,none,1
8,21,RCL,none,3
8,21,RP,none,1
8,21,"RP,RS",RS,1
8,21,RS,"RP,RS",1
8,21,RS,none,5
8,21,none,AC,1
8,21,none,"BV,BW",1
8,21,none,BW,1
8,21,none,RCL,2
8,21,none,RP,1
8,21,none,RS,5
8,22,AC,BW,1
8,22,"AC,BV,GC,RCL","AC,HC,RCL",1
8,22,"AC,BW,RCA,RCL","AC,RCA,RCL",1
8,22,"AC,BW,RCL","AC,RCL",1
8,22,"AC,GC,RCA,RCL","AC,BV,GC,RCL",1
8,22,"AC,GC,RCL","AC,RCL",1
8,22,"AC,HC,RCA,RCL","AC,BW,RCA,RCL",1
8,22,"AC,HC,RCL","AC,RCL",4
8,22,"AC,RCA,RCL","AC,GC,RCA,RCL",1
8,22,"AC,RCA,RCL","AC,RCL",1
8,22,"AC,RCL","AC,BW,RCL",1
8,22,"AC,RCL","AC,GC,RCL",1
8,22,"AC,RCL","AC,HC,RCA,RCL",1
8,22,"AC,RCL","AC,HC,RCL",3
8,22,"AC,RCL","AC,RCA,RCL",1
8,22,"AC,RCL",RCL,1
8,22,BW,none,2
8,22,"BW,RCL","AC,RCL",1
8,22,"BW,RP",BW,1
8,22,"PC,RS",RS,1
8,22,RCL,"BW,RCL",1
8,22,RCL,"RCL,RS",1
8,22,RCL,none,1
8,22,"RCL,RS",none,1
8,22,"RP,RS","BW,RP",1
8,22,"RP,RS",RS,1
8,22,RS,"PC,RS",1
8,22,RS,"RP,RS",2
8,22,RS,none,4
8,22,none,AC,1
8,22,none,RCL,2
8,22,none,RS,5
