STATION,NAME,LATITUDE,LONGITUDE,ELEVATION,DATE,PRCP,TAVG,TMAX,TMIN
USW00093987,"LUFKIN ANGELINA CO AIRPORT, TX US",31.23593,-94.75468,87.1,1/1/2001,0,-1.1,0.6,-3.3
USW00093987,"LUFKIN ANGELINA CO AIRPORT, TX US",31.23593,-94.75468,87.1,1/2/2001,0,-1.7,2.2,-5.6
USW00093987,"LUFKIN ANGELINA CO AIRPORT, TX US",31.23593,-94.75468,87.1,1/3/2001,0,0,6.1,-6.7
USW00093987,"LUFKIN ANGELINA CO AIRPORT, TX US",31.23593,-94.75468,87.1,1/4/2001,0,6.1,16.7,-4.4
USW00093987,"LUFKIN ANGELINA CO AIRPORT, TX US",31.23593,-94.75468,87.1,1/5/2001,0,10.6,22.2,-1.7
USW00093987,"LUFKIN ANGELINA CO AIRPORT, TX US",31.23593,-94.75468,87.1,1/6/2001,0,11.1,21.7,0
USW00093987,"LUFKIN ANGELINA CO AIRPORT, TX US",31.23593,-94.75468,87.1,1/7/2001,0,15,20.6,8.9
USW00093987,"LUFKIN ANGELINA CO AIRPORT, TX US",31.23593,-94.75468,87.1,1/8/2001,0,7.2,14.4,0
USW00093987,"LUFKIN ANGELINA CO AIRPORT, TX US",31.23593,-94.75468,87.1,1/9/2001,0,6.1,15,-2.8
USW00093987,"LUFKIN ANGELINA CO AIRPORT, TX US",31.23593,-94.75468,87.1,1/10/2001,20.8,5,6.7,2.8
USW00093987,"LUFKIN ANGELINA CO AIRPORT, TX US",31.23593,-94.75468,87.1,1/11/2001,0,5.6,6.1,4.4
USW00093987,"LUFKIN ANGELINA CO AIRPORT, TX US",31.23593,-94.75468,87.1,1/12/2001,0,6.1,6.7,5
USW00093987,"LUFKIN ANGELINA CO AIRPORT, TX US",31.23593,-94.75468,87.1,1/13/2001,4.1,8.3,11.1,5
USW00093987,"LUFKIN ANGELINA CO AIRPORT, TX US",31.23593,-94.75468,87.1,1/14/2001,0,11.1,17.2,4.4
USW00093987,"LUFKIN ANGELINA CO AIRPORT, TX US",31.23593,-94.75468,87.1,1/15/2001,3.6,10.6,16.7,3.9
USW00093987,"LUFKIN ANGELINA CO AIRPORT, TX US",31.23593,-94.75468,87.1,1/16/2001,14,7.2,7.8,6.7
USW00093987,"LUFKIN ANGELINA CO AIRPORT, TX US",31.23593,-94.75468,87.1,1/17/2001,11.4,5.6,6.7,4.4
USW00093987,"LUFKIN ANGELINA CO AIRPORT, TX US",31.23593,-94.75468,87.1,1/18/2001,37.3,4.4,5,3.3
USW00093987,"LUFKIN ANGELINA CO AIRPORT, TX US",31.23593,-94.75468,87.1,1/19/2001,4.1,5,9.4,0
USW00093987,"LUFKIN ANGELINA CO AIRPORT, TX US",31.23593,-94.75468,87.1,1/20/2001,0,1.7,7.8,-5
USW00093987,"LUFKIN ANGELINA CO AIRPORT, TX US",31.23593,-94.75468,87.1,1/21/2001,0,1.1,3.9,-2.2
USW00093987,"LUFKIN ANGELINA CO AIRPORT, TX US",31.23593,-94.75468,87.1,1/22/2001,0,5,10.6,-1.1
USW00093987,"LUFKIN ANGELINA CO AIRPORT, TX US",31.23593,-94.75468,87.1,1/23/2001,0,6.1,12.8,-1.1
USW00093987,"LUFKIN ANGELINA CO AIRPORT, TX US",31.23593,-94.75468,87.1,1/24/2001,0,8.3,17.2,-0.6
USW00093987,"LUFKIN ANGELINA CO AIRPORT, TX US",31.23593,-94.75468,87.1,1/25/2001,0,8.3,16.1,0
USW00093987,"LUFKIN ANGELINA CO AIRPORT, TX US",31.23593,-94.75468,87.1,1/26/2001,0,15.6,20.6,10
USW00093987,"LUFKIN ANGELINA CO AIRPORT, TX US",31.23593,-94.75468,87.1,1/27/2001,7.1,11.7,14.4,8.9
USW00093987,"LUFKIN ANGELINA CO AIRPORT, TX US",31.23593,-94.75468,87.1,1/28/2001,1,14.4,20,8.3
USW00093987,"LUFKIN ANGELINA CO AIRPORT, TX US",31.23593,-94.75468,87.1,1/29/2001,34,13.9,20,7.2
USW00093987,"LUFKIN ANGELINA CO AIRPORT, TX US",31.23593,-94.75468,87.1,1/30/2001,0,14.4,21.1,7.2
USW00093987,"LUFKIN ANGELINA CO AIRPORT, TX US",31.23593,-94.75468,87.1,1/31/2001,0,9.4,15.6,2.8
USW00093987,"LUFKIN ANGELINA CO AIRPORT, TX US",31.23593,-94.75468,87.1,2/1/2001,0,8.3,15.6,1.1
USW00093987,"LUFKIN ANGELINA CO AIRPORT, TX US",31.23593,-94.75468,87.1,2/2/2001,0,5.6,11.1,-0.6
USW00093987,"LUFKIN ANGELINA CO AIRPORT, TX US",31.23593,-94.75468,87.1,2/3/2001,0,6.1,14.4,-2.8
USW00093987,"LUFKIN ANGELINA CO AIRPORT, TX US",31.23593,-94.75468,87.1,2/4/2001,0,10,20,0
USW00093987,"LUFKIN ANGELINA CO AIRPORT, TX US",31.23593,-94.75468,87.1,2/5/2001,0,8.9,18.9,-1.7
USW00093987,"LUFKIN ANGELINA CO AIRPORT, TX US",31.23593,-94.75468,87.1,2/6/2001,0,13.3,23.3,2.8
USW00093987,"LUFKIN ANGELINA CO AIRPORT, TX US",31.23593,-94.75468,87.1,2/7/2001,0,17.2,22.8,11.7
USW00093987,"LUFKIN ANGELINA CO AIRPORT, TX US",31.23593,-94.75468,87.1,2/8/2001,0.5,21.1,23.9,18.3
USW00093987,"LUFKIN ANGELINA CO AIRPORT, TX US",31.23593,-94.75468,87.1,2/9/2001,5.8,11.1,20.6,1.7
USW00093987,"LUFKIN ANGELINA CO AIRPORT, TX US",31.23593,-94.75468,87.1,2/10/2001,0,4.4,10.6,-2.2
USW00093987,"LUFKIN ANGELINA CO AIRPORT, TX US",31.23593,-94.75468,87.1,2/11/2001,6.4,6.1,6.7,5
USW00093987,"LUFKIN ANGELINA CO AIRPORT, TX US",31.23593,-94.75468,87.1,2/12/2001,0,9.4,12.8,5.6
USW00093987,"LUFKIN ANGELINA CO AIRPORT, TX US",31.23593,-94.75468,87.1,2/13/2001,0,17.2,22.2,11.7
USW00093987,"LUFKIN ANGELINA CO AIRPORT, TX US",31.23593,-94.75468,87.1,2/14/2001,0.3,21.1,25,17.2
USW00093987,"LUFKIN ANGELINA CO AIRPORT, TX US",31.23593,-94.75468,87.1,2/15/2001,0,22.2,26.1,18.3
USW00093987,"LUFKIN ANGELINA CO AIRPORT, TX US",31.23593,-94.75468,87.1,2/16/2001,18.3,12.8,21.1,4.4
USW00093987,"LUFKIN ANGELINA CO AIRPORT, TX US",31.23593,-94.75468,87.1,2/17/2001,0,7.2,11.7,2.2
USW00093987,"LUFKIN ANGELINA CO AIRPORT, TX US",31.23593,-94.75468,87.1,2/18/2001,0,7.8,16.7,-1.1
USW00093987,"LUFKIN ANGELINA CO AIRPORT, TX US",31.23593,-94.75468,87.1,2/19/2001,0,11.1,20.6,1.1
USW00093987,"LUFKIN ANGELINA CO AIRPORT, TX US",31.23593,-94.75468,87.1,2/20/2001,0,18.9,22.8,14.4
USW00093987,"LUFKIN ANGELINA CO AIRPORT, TX US",31.23593,-94.75468,87.1,2/21/2001,4.1,18.9,22.8,14.4
USW00093987,"LUFKIN ANGELINA CO AIRPORT, TX US",31.23593,-94.75468,87.1,2/22/2001,0,14.4,19.4,9.4
USW00093987,"LUFKIN ANGELINA CO AIRPORT, TX US",31.23593,-94.75468,87.1,2/23/2001,0,13.9,18.9,8.3
USW00093987,"LUFKIN ANGELINA CO AIRPORT, TX US",31.23593,-94.75468,87.1,2/24/2001,0.8,20.6,25.6,15.6
USW00093987,"LUFKIN ANGELINA CO AIRPORT, TX US",31.23593,-94.75468,87.1,2/25/2001,0,19.4,26.1,12.2
USW00093987,"LUFKIN ANGELINA CO AIRPORT, TX US",31.23593,-94.75468,87.1,2/26/2001,25.4,15.6,18.3,12.2
USW00093987,"LUFKIN ANGELINA CO AIRPORT, TX US",31.23593,-94.75468,87.1,2/27/2001,0,20,26.7,12.8
USW00093987,"LUFKIN ANGELINA CO AIRPORT, TX US",31.23593,-94.75468,87.1,2/28/2001,1.5,12.8,16.1,9.4
USW00093987,"LUFKIN ANGELINA CO AIRPORT, TX US",31.23593,-94.75468,87.1,3/1/2001,20.1,10,10.6,9.4
USW00093987,"LUFKIN ANGELINA CO AIRPORT, TX US",31.23593,-94.75468,87.1,3/2/2001,38.1,10.6,11.7,9.4
USW00093987,"LUFKIN ANGELINA CO AIRPORT, TX US",31.23593,-94.75468,87.1,3/3/2001,11.2,10,11.1,8.3
USW00093987,"LUFKIN ANGELINA CO AIRPORT, TX US",31.23593,-94.75468,87.1,3/4/2001,0,11.7,19.4,3.3
USW00093987,"LUFKIN ANGELINA CO AIRPORT, TX US",31.23593,-94.75468,87.1,3/5/2001,0,10.6,18.9,2.2
USW00093987,"LUFKIN ANGELINA CO AIRPORT, TX US",31.23593,-94.75468,87.1,3/6/2001,0,10.6,19.4,1.7
USW00093987,"LUFKIN ANGELINA CO AIRPORT, TX US",31.23593,-94.75468,87.1,3/7/2001,0,12.8,22.2,2.8
USW00093987,"LUFKIN ANGELINA CO AIRPORT, TX US",31.23593,-94.75468,87.1,3/8/2001,40.6,12.2,18.9,5.6
USW00093987,"LUFKIN ANGELINA CO AIRPORT, TX US",31.23593,-94.75468,87.1,3/9/2001,0.5,12.2,18.3,5.6
USW00093987,"LUFKIN ANGELINA CO AIRPORT, TX US",31.23593,-94.75468,87.1,3/10/2001,0,11.1,18.9,3.3
USW00093987,"LUFKIN ANGELINA CO AIRPORT, TX US",31.23593,-94.75468,87.1,3/11/2001,0,16.1,20,12.2
USW00093987,"LUFKIN ANGELINA CO AIRPORT, TX US",31.23593,-94.75468,87.1,3/12/2001,6.4,17.8,25.6,10
USW00093987,"LUFKIN ANGELINA CO AIRPORT, TX US",31.23593,-94.75468,87.1,3/13/2001,0,15,22.8,6.7
USW00093987,"LUFKIN ANGELINA CO AIRPORT, TX US",31.23593,-94.75468,87.1,3/14/2001,38.6,12.8,15.6,9.4
USW00093987,"LUFKIN ANGELINA CO AIRPORT, TX US",31.23593,-94.75468,87.1,3/15/2001,0,14.4,20,8.9
USW00093987,"LUFKIN ANGELINA CO AIRPORT, TX US",31.23593,-94.75468,87.1,3/16/2001,0,12.2,18.9,5
USW00093987,"LUFKIN ANGELINA CO AIRPORT, TX US",31.23593,-94.75468,87.1,3/17/2001,0,11.1,14.4,7.2
USW00093987,"LUFKIN ANGELINA CO AIRPORT, TX US",31.23593,-94.75468,87.1,3/18/2001,0,10.6,15.6,5
USW00093987,"LUFKIN ANGELINA CO AIRPORT, TX US",31.23593,-94.75468,87.1,3/19/2001,0,11.1,15.6,6.7
USW00093987,"LUFKIN ANGELINA CO AIRPORT, TX US",31.23593,-94.75468,87.1,3/20/2001,0,10.6,18.3,2.2
USW00093987,"LUFKIN ANGELINA CO AIRPORT, TX US",31.23593,-94.75468,87.1,3/21/2001,0,12.8,23.3,2.2
USW00093987,"LUFKIN ANGELINA CO AIRPORT, TX US",31.23593,-94.75468,87.1,3/22/2001,0,15,25.6,4.4
USW00093987,"LUFKIN ANGELINA CO AIRPORT, TX US",31.23593,-94.75468,87.1,3/23/2001,0,16.7,25.6,7.8
USW00093987,"LUFKIN ANGELINA CO AIRPORT, TX US",31.23593,-94.75468,87.1,3/24/2001,9.4,16.1,20.6,11.1
USW00093987,"LUFKIN ANGELINA CO AIRPORT, TX US",31.23593,-94.75468,87.1,3/25/2001,0,12.2,17.2,7.2
USW00093987,"LUFKIN ANGELINA CO AIRPORT, TX US",31.23593,-94.75468,87.1,3/26/2001,0,11.1,15.6,6.1
USW00093987,"LUFKIN ANGELINA CO AIRPORT, TX US",31.23593,-94.75468,87.1,3/27/2001,6.1,7.2,8.3,5.6
USW00093987,"LUFKIN ANGELINA CO AIRPORT, TX US",31.23593,-94.75468,87.1,3/28/2001,34,9.4,12.2,6.7
USW00093987,"LUFKIN ANGELINA CO AIRPORT, TX US",31.23593,-94.75468,87.1,3/29/2001,6.6,12.2,13.9,10.6
USW00093987,"LUFKIN ANGELINA CO AIRPORT, TX US",31.23593,-94.75468,87.1,3/30/2001,0.3,10.6,14.4,6.7
USW00093987,"LUFKIN ANGELINA CO AIRPORT, TX US",31.23593,-94.75468,87.1,3/31/2001,0,13.9,22.2,5.6
USW00093987,"LUFKIN ANGELINA CO AIRPORT, TX US",31.23593,-94.75468,87.1,4/1/2001,0,16.7,25.6,7.8
USW00093987,"LUFKIN ANGELINA CO AIRPORT, TX US",31.23593,-94.75468,87.1,4/2/2001,0.3,18.9,22.8,15
USW00093987,"LUFKIN ANGELINA CO AIRPORT, TX US",31.23593,-94.75468,87.1,4/3/2001,0.8,25,28.3,21.7
USW00093987,"LUFKIN ANGELINA CO AIRPORT, TX US",31.23593,-94.75468,87.1,4/4/2001,0.5,23.3,26.7,20
USW00093987,"LUFKIN ANGELINA CO AIRPORT, TX US",31.23593,-94.75468,87.1,4/5/2001,0,25,29.4,20.6
USW00093987,"LUFKIN ANGELINA CO AIRPORT, TX US",31.23593,-94.75468,87.1,4/6/2001,0,24.4,28.9,20
USW00093987,"LUFKIN ANGELINA CO AIRPORT, TX US",31.23593,-94.75468,87.1,4/7/2001,0,23.3,28.9,17.8
USW00093987,"LUFKIN ANGELINA CO AIRPORT, TX US",31.23593,-94.75468,87.1,4/8/2001,0,25.6,30,20.6
USW00093987,"LUFKIN ANGELINA CO AIRPORT, TX US",31.23593,-94.75468,87.1,4/9/2001,0,25,29.4,20.6
USW00093987,"LUFKIN ANGELINA CO AIRPORT, TX US",31.23593,-94.75468,87.1,4/10/2001,0,26.1,30,22.2
USW00093987,"LUFKIN ANGELINA CO AIRPORT, TX US",31.23593,-94.75468,87.1,4/11/2001,0.5,-17.8,22.2,13.3
USW00093987,"LUFKIN ANGELINA CO AIRPORT, TX US",31.23593,-94.75468,87.1,4/12/2001,33,23.3,27.8,18.3
USW00093987,"LUFKIN ANGELINA CO AIRPORT, TX US",31.23593,-94.75468,87.1,4/13/2001,0,23.9,29.4,18.3
USW00093987,"LUFKIN ANGELINA CO AIRPORT, TX US",31.23593,-94.75468,87.1,4/14/2001,0,25.6,30,21.1
USW00093987,"LUFKIN ANGELINA CO AIRPORT, TX US",31.23593,-94.75468,87.1,4/15/2001,0.5,25,31.1,18.3
USW00093987,"LUFKIN ANGELINA CO AIRPORT, TX US",31.23593,-94.75468,87.1,4/16/2001,0,22.2,27.8,16.7
USW00093987,"LUFKIN ANGELINA CO AIRPORT, TX US",31.23593,-94.75468,87.1,4/17/2001,0,15,20,9.4
USW00093987,"LUFKIN ANGELINA CO AIRPORT, TX US",31.23593,-94.75468,87.1,4/18/2001,0,13.9,21.1,6.1
USW00093987,"LUFKIN ANGELINA CO AIRPORT, TX US",31.23593,-94.75468,87.1,4/19/2001,0,16.7,25,8.3
USW00093987,"LUFKIN ANGELINA CO AIRPORT, TX US",31.23593,-94.75468,87.1,4/20/2001,0,21.7,27.2,15.6
USW00093987,"LUFKIN ANGELINA CO AIRPORT, TX US",31.23593,-94.75468,87.1,4/21/2001,0,22.8,29.4,16.1
USW00093987,"LUFKIN ANGELINA CO AIRPORT, TX US",31.23593,-94.75468,87.1,4/22/2001,0,24.4,26.7,21.7
USW00093987,"LUFKIN ANGELINA CO AIRPORT, TX US",31.23593,-94.75468,87.1,4/23/2001,0.5,22.2,27.2,16.7
USW00093987,"LUFKIN ANGELINA CO AIRPORT, TX US",31.23593,-94.75468,87.1,4/24/2001,0.5,17.2,23.3,10.6
USW00093987,"LUFKIN ANGELINA CO AIRPORT, TX US",31.23593,-94.75468,87.1,4/25/2001,0,16.7,26.1,6.7
USW00093987,"LUFKIN ANGELINA CO AIRPORT, TX US",31.23593,-94.75468,87.1,4/26/2001,0,18.3,27.8,8.9
USW00093987,"LUFKIN ANGELINA CO AIRPORT, TX US",31.23593,-94.75468,87.1,4/27/2001,0,18.9,27.8,10
USW00093987,"LUFKIN ANGELINA CO AIRPORT, TX US",31.23593,-94.75468,87.1,4/28/2001,0,20.6,28.3,12.2
USW00093987,"LUFKIN ANGELINA CO AIRPORT, TX US",31.23593,-94.75468,87.1,4/29/2001,0,20,29.4,10.6
USW00093987,"LUFKIN ANGELINA CO AIRPORT, TX US",31.23593,-94.75468,87.1,4/30/2001,0,20,28.3,11.7
USW00093987,"LUFKIN ANGELINA CO AIRPORT, TX US",31.23593,-94.75468,87.1,5/1/2001,0,22.8,29.4,16.1
USW00093987,"LUFKIN ANGELINA CO AIRPORT, TX US",31.23593,-94.75468,87.1,5/2/2001,0,25,30,19.4
USW00093987,"LUFKIN ANGELINA CO AIRPORT, TX US",31.23593,-94.75468,87.1,5/3/2001,0,24.4,30,18.9
USW00093987,"LUFKIN ANGELINA CO AIRPORT, TX US",31.23593,-94.75468,87.1,5/4/2001,0.3,23.9,29.4,18.3
USW00093987,"LUFKIN ANGELINA CO AIRPORT, TX US",31.23593,-94.75468,87.1,5/5/2001,16.5,23.3,29.4,17.2
USW00093987,"LUFKIN ANGELINA CO AIRPORT, TX US",31.23593,-94.75468,87.1,5/6/2001,11.9,23.9,30,17.2
USW00093987,"LUFKIN ANGELINA CO AIRPORT, TX US",31.23593,-94.75468,87.1,5/7/2001,16.3,23.3,28.9,17.2
USW00093987,"LUFKIN ANGELINA CO AIRPORT, TX US",31.23593,-94.75468,87.1,5/8/2001,0.8,22.2,28.3,16.1
USW00093987,"LUFKIN ANGELINA CO AIRPORT, TX US",31.23593,-94.75468,87.1,5/9/2001,0,22.8,29.4,16.1
USW00093987,"LUFKIN ANGELINA CO AIRPORT, TX US",31.23593,-94.75468,87.1,5/10/2001,0,22.8,29.4,15.6
USW00093987,"LUFKIN ANGELINA CO AIRPORT, TX US",31.23593,-94.75468,87.1,5/11/2001,0,23.3,29.4,17.2
USW00093987,"LUFKIN ANGELINA CO AIRPORT, TX US",31.23593,-94.75468,87.1,5/12/2001,0,23.3,28.9,17.2
USW00093987,"LUFKIN ANGELINA CO AIRPORT, TX US",31.23593,-94.75468,87.1,5/13/2001,0,22.8,30,15.6
USW00093987,"LUFKIN ANGELINA CO AIRPORT, TX US",31.23593,-94.75468,87.1,5/14/2001,0,23.9,31.1,16.1
USW00093987,"LUFKIN ANGELINA CO AIRPORT, TX US",31.23593,-94.75468,87.1,5/15/2001,0,23.3,30.6,16.1
USW00093987,"LUFKIN ANGELINA CO AIRPORT, TX US",31.23593,-94.75468,87.1,5/16/2001,0,23.9,30.6,17.2
USW00093987,"LUFKIN ANGELINA CO AIRPORT, TX US",31.23593,-94.75468,87.1,5/17/2001,0,25.6,31.1,19.4
USW00093987,"LUFKIN ANGELINA CO AIRPORT, TX US",31.23593,-94.75468,87.1,5/18/2001,0,25.6,31.7,19.4
USW00093987,"LUFKIN ANGELINA CO AIRPORT, TX US",31.23593,-94.75468,87.1,5/19/2001,0,25,30.6,19.4
USW00093987,"LUFKIN ANGELINA CO AIRPORT, TX US",31.23593,-94.75468,87.1,5/20/2001,0,27.2,32.2,21.7
USW00093987,"LUFKIN ANGELINA CO AIRPORT, TX US",31.23593,-94.75468,87.1,5/21/2001,1,23.9,31.1,16.1
USW00093987,"LUFKIN ANGELINA CO AIRPORT, TX US",31.23593,-94.75468,87.1,5/22/2001,0,18.3,26.7,10
USW00093987,"LUFKIN ANGELINA CO AIRPORT, TX US",31.23593,-94.75468,87.1,5/23/2001,0,21.1,31.7,10
USW00093987,"LUFKIN ANGELINA CO AIRPORT, TX US",31.23593,-94.75468,87.1,5/24/2001,0,23.3,30,16.1
USW00093987,"LUFKIN ANGELINA CO AIRPORT, TX US",31.23593,-94.75468,87.1,5/25/2001,0,22.8,30,15
USW00093987,"LUFKIN ANGELINA CO AIRPORT, TX US",31.23593,-94.75468,87.1,5/26/2001,0,22.8,26.7,18.3
USW00093987,"LUFKIN ANGELINA CO AIRPORT, TX US",31.23593,-94.75468,87.1,5/27/2001,0,25,31.1,18.3
USW00093987,"LUFKIN ANGELINA CO AIRPORT, TX US",31.23593,-94.75468,87.1,5/28/2001,18,25.6,31.7,18.9
USW00093987,"LUFKIN ANGELINA CO AIRPORT, TX US",31.23593,-94.75468,87.1,5/29/2001,0,27.8,33.3,22.2
USW00093987,"LUFKIN ANGELINA CO AIRPORT, TX US",31.23593,-94.75468,87.1,5/30/2001,0,28.3,33.9,22.8
USW00093987,"LUFKIN ANGELINA CO AIRPORT, TX US",31.23593,-94.75468,87.1,5/31/2001,16,23.3,27.2,18.9
USW00093987,"LUFKIN ANGELINA CO AIRPORT, TX US",31.23593,-94.75468,87.1,6/1/2001,0,23.9,30,17.8
USW00093987,"LUFKIN ANGELINA CO AIRPORT, TX US",31.23593,-94.75468,87.1,6/2/2001,0,26.7,33.9,18.9
USW00093987,"LUFKIN ANGELINA CO AIRPORT, TX US",31.23593,-94.75468,87.1,6/3/2001,0,28.9,33.9,23.3
USW00093987,"LUFKIN ANGELINA CO AIRPORT, TX US",31.23593,-94.75468,87.1,6/4/2001,14,27.2,31.7,22.8
USW00093987,"LUFKIN ANGELINA CO AIRPORT, TX US",31.23593,-94.75468,87.1,6/5/2001,33.3,23.9,25.6,21.7
USW00093987,"LUFKIN ANGELINA CO AIRPORT, TX US",31.23593,-94.75468,87.1,6/6/2001,57.2,23.3,24.4,21.7
USW00093987,"LUFKIN ANGELINA CO AIRPORT, TX US",31.23593,-94.75468,87.1,6/7/2001,67.6,24.4,26.1,22.2
USW00093987,"LUFKIN ANGELINA CO AIRPORT, TX US",31.23593,-94.75468,87.1,6/8/2001,86.9,25,28.3,21.7
USW00093987,"LUFKIN ANGELINA CO AIRPORT, TX US",31.23593,-94.75468,87.1,6/9/2001,1,26.1,30,21.7
USW00093987,"LUFKIN ANGELINA CO AIRPORT, TX US",31.23593,-94.75468,87.1,6/10/2001,0,26.7,31.1,21.7
USW00093987,"LUFKIN ANGELINA CO AIRPORT, TX US",31.23593,-94.75468,87.1,6/11/2001,0,26.7,32.2,20.6
USW00093987,"LUFKIN ANGELINA CO AIRPORT, TX US",31.23593,-94.75468,87.1,6/12/2001,0,26.7,32.8,20.6
USW00093987,"LUFKIN ANGELINA CO AIRPORT, TX US",31.23593,-94.75468,87.1,6/13/2001,0,28.9,33.9,23.3
USW00093987,"LUFKIN ANGELINA CO AIRPORT, TX US",31.23593,-94.75468,87.1,6/14/2001,1,26.7,33.3,20
USW00093987,"LUFKIN ANGELINA CO AIRPORT, TX US",31.23593,-94.75468,87.1,6/15/2001,41.7,24.4,30,18.9
USW00093987,"LUFKIN ANGELINA CO AIRPORT, TX US",31.23593,-94.75468,87.1,6/16/2001,0,26.7,32.8,20
USW00093987,"LUFKIN ANGELINA CO AIRPORT, TX US",31.23593,-94.75468,87.1,6/17/2001,0,25.6,32.2,18.3
USW00093987,"LUFKIN ANGELINA CO AIRPORT, TX US",31.23593,-94.75468,87.1,6/18/2001,0,25.6,32.2,18.9
USW00093987,"LUFKIN ANGELINA CO AIRPORT, TX US",31.23593,-94.75468,87.1,6/19/2001,0,26.7,32.2,21.1
USW00093987,"LUFKIN ANGELINA CO AIRPORT, TX US",31.23593,-94.75468,87.1,6/20/2001,0,26.7,31.7,21.7
USW00093987,"LUFKIN ANGELINA CO AIRPORT, TX US",31.23593,-94.75468,87.1,6/21/2001,15,26.7,32.8,20.6
USW00093987,"LUFKIN ANGELINA CO AIRPORT, TX US",31.23593,-94.75468,87.1,6/22/2001,0,25.6,30.6,20
USW00093987,"LUFKIN ANGELINA CO AIRPORT, TX US",31.23593,-94.75468,87.1,6/23/2001,0,23.9,30,17.2
USW00093987,"LUFKIN ANGELINA CO AIRPORT, TX US",31.23593,-94.75468,87.1,6/24/2001,0,23.9,31.1,16.7
USW00093987,"LUFKIN ANGELINA CO AIRPORT, TX US",31.23593,-94.75468,87.1,6/25/2001,0,24.4,30.6,17.8
USW00093987,"LUFKIN ANGELINA CO AIRPORT, TX US",31.23593,-94.75468,87.1,6/26/2001,0,25.6,31.7,19.4
USW00093987,"LUFKIN ANGELINA CO AIRPORT, TX US",31.23593,-94.75468,87.1,6/27/2001,0,26.7,32.2,20.6
USW00093987,"LUFKIN ANGELINA CO AIRPORT, TX US",31.23593,-94.75468,87.1,6/28/2001,0,-17.8,31.7,22.2
USW00093987,"LUFKIN ANGELINA CO AIRPORT, TX US",31.23593,-94.75468,87.1,6/29/2001,8.9,26.7,32.8,20.6
USW00093987,"LUFKIN ANGELINA CO AIRPORT, TX US",31.23593,-94.75468,87.1,6/30/2001,0.3,25.6,30.6,20.6
USW00093987,"LUFKIN ANGELINA CO AIRPORT, TX US",31.23593,-94.75468,87.1,7/1/2001,12.2,25.6,31.1,19.4
USW00093987,"LUFKIN ANGELINA CO AIRPORT, TX US",31.23593,-94.75468,87.1,7/2/2001,0,25,31.7,18.3
USW00093987,"LUFKIN ANGELINA CO AIRPORT, TX US",31.23593,-94.75468,87.1,7/3/2001,1.8,27.8,32.8,22.2
USW00093987,"LUFKIN ANGELINA CO AIRPORT, TX US",31.23593,-94.75468,87.1,7/4/2001,0,27.2,33.3,20.6
USW00093987,"LUFKIN ANGELINA CO AIRPORT, TX US",31.23593,-94.75468,87.1,7/5/2001,0,28.3,34.4,22.2
USW00093987,"LUFKIN ANGELINA CO AIRPORT, TX US",31.23593,-94.75468,87.1,7/6/2001,0,29.4,34.4,23.9
USW00093987,"LUFKIN ANGELINA CO AIRPORT, TX US",31.23593,-94.75468,87.1,7/7/2001,0,-17.8,33.9,22.2
USW00093987,"LUFKIN ANGELINA CO AIRPORT, TX US",31.23593,-94.75468,87.1,7/8/2001,0,28.3,33.3,22.8
USW00093987,"LUFKIN ANGELINA CO AIRPORT, TX US",31.23593,-94.75468,87.1,7/9/2001,0,28.9,33.9,23.3
USW00093987,"LUFKIN ANGELINA CO AIRPORT, TX US",31.23593,-94.75468,87.1,7/10/2001,0,28.9,34.4,23.3
USW00093987,"LUFKIN ANGELINA CO AIRPORT, TX US",31.23593,-94.75468,87.1,7/11/2001,0,29.4,34.4,23.9
USW00093987,"LUFKIN ANGELINA CO AIRPORT, TX US",31.23593,-94.75468,87.1,7/12/2001,0,28.9,34.4,23.3
USW00093987,"LUFKIN ANGELINA CO AIRPORT, TX US",31.23593,-94.75468,87.1,7/13/2001,0,29.4,35,23.9
USW00093987,"LUFKIN ANGELINA CO AIRPORT, TX US",31.23593,-94.75468,87.1,7/14/2001,1,28.9,32.2,25
USW00093987,"LUFKIN ANGELINA CO AIRPORT, TX US",31.23593,-94.75468,87.1,7/15/2001,0,28.9,32.8,25
USW00093987,"LUFKIN ANGELINA CO AIRPORT, TX US",31.23593,-94.75468,87.1,7/16/2001,0,29.4,34.4,23.9
USW00093987,"LUFKIN ANGELINA CO AIRPORT, TX US",31.23593,-94.75468,87.1,7/17/2001,0,29.4,35,23.9
USW00093987,"LUFKIN ANGELINA CO AIRPORT, TX US",31.23593,-94.75468,87.1,7/18/2001,0,29.4,35,23.9
USW00093987,"LUFKIN ANGELINA CO AIRPORT, TX US",31.23593,-94.75468,87.1,7/19/2001,0,28.3,34.4,22.2
USW00093987,"LUFKIN ANGELINA CO AIRPORT, TX US",31.23593,-94.75468,87.1,7/20/2001,0,28.9,35,22.8
USW00093987,"LUFKIN ANGELINA CO AIRPORT, TX US",31.23593,-94.75468,87.1,7/21/2001,0,30,36.1,23.3
USW00093987,"LUFKIN ANGELINA CO AIRPORT, TX US",31.23593,-94.75468,87.1,7/22/2001,0,30,36.7,22.8
USW00093987,"LUFKIN ANGELINA CO AIRPORT, TX US",31.23593,-94.75468,87.1,7/23/2001,0,30.6,36.7,23.9
USW00093987,"LUFKIN ANGELINA CO AIRPORT, TX US",31.23593,-94.75468,87.1,7/24/2001,0,30,35.6,24.4
USW00093987,"LUFKIN ANGELINA CO AIRPORT, TX US",31.23593,-94.75468,87.1,7/25/2001,0,29.4,35.6,22.8
USW00093987,"LUFKIN ANGELINA CO AIRPORT, TX US",31.23593,-94.75468,87.1,7/26/2001,0,29.4,35,23.3
USW00093987,"LUFKIN ANGELINA CO AIRPORT, TX US",31.23593,-94.75468,87.1,7/27/2001,0,27.8,31.1,23.9
USW00093987,"LUFKIN ANGELINA CO AIRPORT, TX US",31.23593,-94.75468,87.1,7/28/2001,0,28.3,34.4,22.2
USW00093987,"LUFKIN ANGELINA CO AIRPORT, TX US",31.23593,-94.75468,87.1,7/29/2001,0,29.4,35.6,23.3
USW00093987,"LUFKIN ANGELINA CO AIRPORT, TX US",31.23593,-94.75468,87.1,7/30/2001,0,29.4,35,23.3
USW00093987,"LUFKIN ANGELINA CO AIRPORT, TX US",31.23593,-94.75468,87.1,7/31/2001,0,29.4,36.7,22.2
USW00093987,"LUFKIN ANGELINA CO AIRPORT, TX US",31.23593,-94.75468,87.1,8/1/2001,4.3,29.4,36.1,22.2
USW00093987,"LUFKIN ANGELINA CO AIRPORT, TX US",31.23593,-94.75468,87.1,8/2/2001,0,28.9,34.4,23.3
USW00093987,"LUFKIN ANGELINA CO AIRPORT, TX US",31.23593,-94.75468,87.1,8/3/2001,0,28.3,36.1,20.6
USW00093987,"LUFKIN ANGELINA CO AIRPORT, TX US",31.23593,-94.75468,87.1,8/4/2001,0,28.3,36.7,20
USW00093987,"LUFKIN ANGELINA CO AIRPORT, TX US",31.23593,-94.75468,87.1,8/5/2001,0,31.1,37.8,23.9
USW00093987,"LUFKIN ANGELINA CO AIRPORT, TX US",31.23593,-94.75468,87.1,8/6/2001,61.5,24.4,32.8,15.6
USW00093987,"LUFKIN ANGELINA CO AIRPORT, TX US",31.23593,-94.75468,87.1,8/7/2001,6.6,-17.8,33.9,23.3
USW00093987,"LUFKIN ANGELINA CO AIRPORT, TX US",31.23593,-94.75468,87.1,8/8/2001,0.8,28.9,34.4,23.3
USW00093987,"LUFKIN ANGELINA CO AIRPORT, TX US",31.23593,-94.75468,87.1,8/9/2001,0,28.9,35,22.8
USW00093987,"LUFKIN ANGELINA CO AIRPORT, TX US",31.23593,-94.75468,87.1,8/10/2001,0,29.4,35.6,23.3
USW00093987,"LUFKIN ANGELINA CO AIRPORT, TX US",31.23593,-94.75468,87.1,8/11/2001,0,29.4,35,23.9
USW00093987,"LUFKIN ANGELINA CO AIRPORT, TX US",31.23593,-94.75468,87.1,8/12/2001,0,30.6,36.1,25
USW00093987,"LUFKIN ANGELINA CO AIRPORT, TX US",31.23593,-94.75468,87.1,8/13/2001,0.8,27.2,30,23.9
USW00093987,"LUFKIN ANGELINA CO AIRPORT, TX US",31.23593,-94.75468,87.1,8/14/2001,0,28.3,33.9,22.2
USW00093987,"LUFKIN ANGELINA CO AIRPORT, TX US",31.23593,-94.75468,87.1,8/15/2001,0,28.3,35,21.1
USW00093987,"LUFKIN ANGELINA CO AIRPORT, TX US",31.23593,-94.75468,87.1,8/16/2001,0,30,36.1,23.9
USW00093987,"LUFKIN ANGELINA CO AIRPORT, TX US",31.23593,-94.75468,87.1,8/17/2001,0.3,29.4,35,23.3
USW00093987,"LUFKIN ANGELINA CO AIRPORT, TX US",31.23593,-94.75468,87.1,8/18/2001,0.5,28.9,32.8,24.4
USW00093987,"LUFKIN ANGELINA CO AIRPORT, TX US",31.23593,-94.75468,87.1,8/19/2001,10.2,27.2,31.1,22.8
USW00093987,"LUFKIN ANGELINA CO AIRPORT, TX US",31.23593,-94.75468,87.1,8/20/2001,0,28.3,35.6,20.6
USW00093987,"LUFKIN ANGELINA CO AIRPORT, TX US",31.23593,-94.75468,87.1,8/21/2001,0,28.9,35.6,21.7
USW00093987,"LUFKIN ANGELINA CO AIRPORT, TX US",31.23593,-94.75468,87.1,8/22/2001,0,28.3,35.6,21.1
USW00093987,"LUFKIN ANGELINA CO AIRPORT, TX US",31.23593,-94.75468,87.1,8/23/2001,0,28.3,35.6,21.1
USW00093987,"LUFKIN ANGELINA CO AIRPORT, TX US",31.23593,-94.75468,87.1,8/24/2001,0,28.9,34.4,22.8
USW00093987,"LUFKIN ANGELINA CO AIRPORT, TX US",31.23593,-94.75468,87.1,8/25/2001,0,28.3,35.6,21.1
USW00093987,"LUFKIN ANGELINA CO AIRPORT, TX US",31.23593,-94.75468,87.1,8/26/2001,6.9,28.9,35.6,22.2
USW00093987,"LUFKIN ANGELINA CO AIRPORT, TX US",31.23593,-94.75468,87.1,8/27/2001,2,26.7,31.1,21.7
USW00093987,"LUFKIN ANGELINA CO AIRPORT, TX US",31.23593,-94.75468,87.1,8/28/2001,26.7,25,28.3,21.1
USW00093987,"LUFKIN ANGELINA CO AIRPORT, TX US",31.23593,-94.75468,87.1,8/29/2001,0.5,23.3,25.6,21.1
USW00093987,"LUFKIN ANGELINA CO AIRPORT, TX US",31.23593,-94.75468,87.1,8/30/2001,18.8,22.8,23.9,21.1
USW00093987,"LUFKIN ANGELINA CO AIRPORT, TX US",31.23593,-94.75468,87.1,8/31/2001,17.5,24.4,26.1,22.8
USW00093987,"LUFKIN ANGELINA CO AIRPORT, TX US",31.23593,-94.75468,87.1,9/1/2001,8.6,24.4,26.7,22.2
USW00093987,"LUFKIN ANGELINA CO AIRPORT, TX US",31.23593,-94.75468,87.1,9/2/2001,0.3,27.2,31.1,23.3
USW00093987,"LUFKIN ANGELINA CO AIRPORT, TX US",31.23593,-94.75468,87.1,9/3/2001,21.6,27.8,31.7,23.3
USW00093987,"LUFKIN ANGELINA CO AIRPORT, TX US",31.23593,-94.75468,87.1,9/4/2001,6.6,26.1,29.4,22.8
USW00093987,"LUFKIN ANGELINA CO AIRPORT, TX US",31.23593,-94.75468,87.1,9/5/2001,14.2,26.7,31.1,21.7
USW00093987,"LUFKIN ANGELINA CO AIRPORT, TX US",31.23593,-94.75468,87.1,9/6/2001,0.5,27.2,32.8,21.7
USW00093987,"LUFKIN ANGELINA CO AIRPORT, TX US",31.23593,-94.75468,87.1,9/7/2001,0,28.3,33.3,23.3
USW00093987,"LUFKIN ANGELINA CO AIRPORT, TX US",31.23593,-94.75468,87.1,9/8/2001,0,28.9,33.3,24.4
USW00093987,"LUFKIN ANGELINA CO AIRPORT, TX US",31.23593,-94.75468,87.1,9/9/2001,38.6,22.8,25.6,19.4
USW00093987,"LUFKIN ANGELINA CO AIRPORT, TX US",31.23593,-94.75468,87.1,9/10/2001,0,24.4,30,18.9
USW00093987,"LUFKIN ANGELINA CO AIRPORT, TX US",31.23593,-94.75468,87.1,9/11/2001,0,23.9,29.4,18.3
USW00093987,"LUFKIN ANGELINA CO AIRPORT, TX US",31.23593,-94.75468,87.1,9/12/2001,0,24.4,31.7,16.7
USW00093987,"LUFKIN ANGELINA CO AIRPORT, TX US",31.23593,-94.75468,87.1,9/13/2001,0,26.7,33.3,19.4
USW00093987,"LUFKIN ANGELINA CO AIRPORT, TX US",31.23593,-94.75468,87.1,9/14/2001,0,26.7,32.8,20
USW00093987,"LUFKIN ANGELINA CO AIRPORT, TX US",31.23593,-94.75468,87.1,9/15/2001,0,26.7,31.7,21.1
USW00093987,"LUFKIN ANGELINA CO AIRPORT, TX US",31.23593,-94.75468,87.1,9/16/2001,0.5,26.1,30.6,21.7
USW00093987,"LUFKIN ANGELINA CO AIRPORT, TX US",31.23593,-94.75468,87.1,9/17/2001,0,26.1,31.7,20
USW00093987,"LUFKIN ANGELINA CO AIRPORT, TX US",31.23593,-94.75468,87.1,9/18/2001,0,26.7,32.8,20
USW00093987,"LUFKIN ANGELINA CO AIRPORT, TX US",31.23593,-94.75468,87.1,9/19/2001,12.2,26.7,32.8,20.6
USW00093987,"LUFKIN ANGELINA CO AIRPORT, TX US",31.23593,-94.75468,87.1,9/20/2001,0.3,27.2,33.3,20.6
USW00093987,"LUFKIN ANGELINA CO AIRPORT, TX US",31.23593,-94.75468,87.1,9/21/2001,6.9,25.6,31.1,19.4
USW00093987,"LUFKIN ANGELINA CO AIRPORT, TX US",31.23593,-94.75468,87.1,9/22/2001,0,24.4,30,18.3
USW00093987,"LUFKIN ANGELINA CO AIRPORT, TX US",31.23593,-94.75468,87.1,9/23/2001,13.7,21.7,25,18.3
USW00093987,"LUFKIN ANGELINA CO AIRPORT, TX US",31.23593,-94.75468,87.1,9/24/2001,0.3,18.3,22.2,14.4
USW00093987,"LUFKIN ANGELINA CO AIRPORT, TX US",31.23593,-94.75468,87.1,9/25/2001,0,17.2,23.3,10.6
USW00093987,"LUFKIN ANGELINA CO AIRPORT, TX US",31.23593,-94.75468,87.1,9/26/2001,0,17.2,24.4,9.4
USW00093987,"LUFKIN ANGELINA CO AIRPORT, TX US",31.23593,-94.75468,87.1,9/27/2001,0,17.2,25.6,8.9
USW00093987,"LUFKIN ANGELINA CO AIRPORT, TX US",31.23593,-94.75468,87.1,9/28/2001,0,18.3,26.7,9.4
USW00093987,"LUFKIN ANGELINA CO AIRPORT, TX US",31.23593,-94.75468,87.1,9/29/2001,0,20,26.1,13.3
USW00093987,"LUFKIN ANGELINA CO AIRPORT, TX US",31.23593,-94.75468,87.1,9/30/2001,0,18.9,25.6,11.7
USW00093987,"LUFKIN ANGELINA CO AIRPORT, TX US",31.23593,-94.75468,87.1,10/1/2001,0,18.3,27.2,9.4
USW00093987,"LUFKIN ANGELINA CO AIRPORT, TX US",31.23593,-94.75468,87.1,10/2/2001,0,18.3,27.2,9.4
USW00093987,"LUFKIN ANGELINA CO AIRPORT, TX US",31.23593,-94.75468,87.1,10/3/2001,0,20,28.3,11.1
USW00093987,"LUFKIN ANGELINA CO AIRPORT, TX US",31.23593,-94.75468,87.1,10/4/2001,0,22.2,28.3,15.6
USW00093987,"LUFKIN ANGELINA CO AIRPORT, TX US",31.23593,-94.75468,87.1,10/5/2001,20.6,21.1,27.8,13.9
USW00093987,"LUFKIN ANGELINA CO AIRPORT, TX US",31.23593,-94.75468,87.1,10/6/2001,0,14.4,20,8.9
USW00093987,"LUFKIN ANGELINA CO AIRPORT, TX US",31.23593,-94.75468,87.1,10/7/2001,0,14.4,21.7,7.2
USW00093987,"LUFKIN ANGELINA CO AIRPORT, TX US",31.23593,-94.75468,87.1,10/8/2001,0,17.8,26.1,8.9
USW00093987,"LUFKIN ANGELINA CO AIRPORT, TX US",31.23593,-94.75468,87.1,10/9/2001,0,22.2,28.3,16.1
USW00093987,"LUFKIN ANGELINA CO AIRPORT, TX US",31.23593,-94.75468,87.1,10/10/2001,2.3,26.1,30,22.2
USW00093987,"LUFKIN ANGELINA CO AIRPORT, TX US",31.23593,-94.75468,87.1,10/11/2001,21.6,20.6,23.9,16.7
USW00093987,"LUFKIN ANGELINA CO AIRPORT, TX US",31.23593,-94.75468,87.1,10/12/2001,0.5,20.6,24.4,16.7
USW00093987,"LUFKIN ANGELINA CO AIRPORT, TX US",31.23593,-94.75468,87.1,10/13/2001,55.9,17.2,22.2,11.7
USW00093987,"LUFKIN ANGELINA CO AIRPORT, TX US",31.23593,-94.75468,87.1,10/14/2001,0,17.8,26.1,8.9
USW00093987,"LUFKIN ANGELINA CO AIRPORT, TX US",31.23593,-94.75468,87.1,10/15/2001,0,18.9,27.8,9.4
USW00093987,"LUFKIN ANGELINA CO AIRPORT, TX US",31.23593,-94.75468,87.1,10/16/2001,0,13.3,19.4,7.2
USW00093987,"LUFKIN ANGELINA CO AIRPORT, TX US",31.23593,-94.75468,87.1,10/17/2001,0,12.2,20.6,3.3
USW00093987,"LUFKIN ANGELINA CO AIRPORT, TX US",31.23593,-94.75468,87.1,10/18/2001,0,13.9,22.8,4.4
USW00093987,"LUFKIN ANGELINA CO AIRPORT, TX US",31.23593,-94.75468,87.1,10/19/2001,0,17.8,25,10
USW00093987,"LUFKIN ANGELINA CO AIRPORT, TX US",31.23593,-94.75468,87.1,10/20/2001,0,19.4,25.6,12.8
USW00093987,"LUFKIN ANGELINA CO AIRPORT, TX US",31.23593,-94.75468,87.1,10/21/2001,0,19.4,27.2,11.1
USW00093987,"LUFKIN ANGELINA CO AIRPORT, TX US",31.23593,-94.75468,87.1,10/22/2001,0,22.2,28.3,16.1
USW00093987,"LUFKIN ANGELINA CO AIRPORT, TX US",31.23593,-94.75468,87.1,10/23/2001,0,25.6,29.4,21.7
USW00093987,"LUFKIN ANGELINA CO AIRPORT, TX US",31.23593,-94.75468,87.1,10/24/2001,0,23.3,30.6,15.6
USW00093987,"LUFKIN ANGELINA CO AIRPORT, TX US",31.23593,-94.75468,87.1,10/25/2001,0,16.7,25,8.3
USW00093987,"LUFKIN ANGELINA CO AIRPORT, TX US",31.23593,-94.75468,87.1,10/26/2001,0,15,22.8,7.2
USW00093987,"LUFKIN ANGELINA CO AIRPORT, TX US",31.23593,-94.75468,87.1,10/27/2001,0,13.3,21.1,5.6
USW00093987,"LUFKIN ANGELINA CO AIRPORT, TX US",31.23593,-94.75468,87.1,10/28/2001,0,11.7,19.4,3.9
USW00093987,"LUFKIN ANGELINA CO AIRPORT, TX US",31.23593,-94.75468,87.1,10/29/2001,0,12.2,21.1,3.3
USW00093987,"LUFKIN ANGELINA CO AIRPORT, TX US",31.23593,-94.75468,87.1,10/30/2001,0,13.3,22.2,3.9
USW00093987,"LUFKIN ANGELINA CO AIRPORT, TX US",31.23593,-94.75468,87.1,10/31/2001,0,16.7,26.1,6.7
USW00093987,"LUFKIN ANGELINA CO AIRPORT, TX US",31.23593,-94.75468,87.1,11/1/2001,0,22.8,27.8,17.2
USW00093987,"LUFKIN ANGELINA CO AIRPORT, TX US",31.23593,-94.75468,87.1,11/2/2001,0,21.7,27.8,15.6
USW00093987,"LUFKIN ANGELINA CO AIRPORT, TX US",31.23593,-94.75468,87.1,11/3/2001,0,21.1,28.9,13.3
USW00093987,"LUFKIN ANGELINA CO AIRPORT, TX US",31.23593,-94.75468,87.1,11/4/2001,0,21.1,27.2,14.4
USW00093987,"LUFKIN ANGELINA CO AIRPORT, TX US",31.23593,-94.75468,87.1,11/5/2001,0,17.2,26.1,8.3
USW00093987,"LUFKIN ANGELINA CO AIRPORT, TX US",31.23593,-94.75468,87.1,11/6/2001,0,16.7,26.1,6.7
USW00093987,"LUFKIN ANGELINA CO AIRPORT, TX US",31.23593,-94.75468,87.1,11/7/2001,0,16.1,24.4,7.8
USW00093987,"LUFKIN ANGELINA CO AIRPORT, TX US",31.23593,-94.75468,87.1,11/8/2001,0,18.9,26.7,10.6
USW00093987,"LUFKIN ANGELINA CO AIRPORT, TX US",31.23593,-94.75468,87.1,11/9/2001,0,18.9,25.6,11.7
USW00093987,"LUFKIN ANGELINA CO AIRPORT, TX US",31.23593,-94.75468,87.1,11/10/2001,0,17.2,22.2,12.2
USW00093987,"LUFKIN ANGELINA CO AIRPORT, TX US",31.23593,-94.75468,87.1,11/11/2001,0,18.9,24.4,12.8
USW00093987,"LUFKIN ANGELINA CO AIRPORT, TX US",31.23593,-94.75468,87.1,11/12/2001,0,18.3,23.9,12.8
USW00093987,"LUFKIN ANGELINA CO AIRPORT, TX US",31.23593,-94.75468,87.1,11/13/2001,0,19.4,25,13.3
USW00093987,"LUFKIN ANGELINA CO AIRPORT, TX US",31.23593,-94.75468,87.1,11/14/2001,0,18.3,25,11.7
USW00093987,"LUFKIN ANGELINA CO AIRPORT, TX US",31.23593,-94.75468,87.1,11/15/2001,0,18.9,23.9,13.9
USW00093987,"LUFKIN ANGELINA CO AIRPORT, TX US",31.23593,-94.75468,87.1,11/16/2001,0.3,18.3,22.8,13.3
USW00093987,"LUFKIN ANGELINA CO AIRPORT, TX US",31.23593,-94.75468,87.1,11/17/2001,0,16.7,23.3,9.4
USW00093987,"LUFKIN ANGELINA CO AIRPORT, TX US",31.23593,-94.75468,87.1,11/18/2001,0,16.7,25.6,7.8
USW00093987,"LUFKIN ANGELINA CO AIRPORT, TX US",31.23593,-94.75468,87.1,11/19/2001,1,17.8,23.3,11.7
USW00093987,"LUFKIN ANGELINA CO AIRPORT, TX US",31.23593,-94.75468,87.1,11/20/2001,0,8.9,16.7,1.1
USW00093987,"LUFKIN ANGELINA CO AIRPORT, TX US",31.23593,-94.75468,87.1,11/21/2001,0,7.8,17.2,-1.7
USW00093987,"LUFKIN ANGELINA CO AIRPORT, TX US",31.23593,-94.75468,87.1,11/22/2001,0,17.2,23.3,11.1
USW00093987,"LUFKIN ANGELINA CO AIRPORT, TX US",31.23593,-94.75468,87.1,11/23/2001,0,22.2,27.8,16.7
USW00093987,"LUFKIN ANGELINA CO AIRPORT, TX US",31.23593,-94.75468,87.1,11/24/2001,2.5,14.4,22.8,5.6
USW00093987,"LUFKIN ANGELINA CO AIRPORT, TX US",31.23593,-94.75468,87.1,11/25/2001,0,13.9,24.4,2.8
USW00093987,"LUFKIN ANGELINA CO AIRPORT, TX US",31.23593,-94.75468,87.1,11/26/2001,36.6,20.6,28.3,12.8
USW00093987,"LUFKIN ANGELINA CO AIRPORT, TX US",31.23593,-94.75468,87.1,11/27/2001,9.1,11.7,16.1,6.7
USW00093987,"LUFKIN ANGELINA CO AIRPORT, TX US",31.23593,-94.75468,87.1,11/28/2001,27.7,5,6.7,2.8
USW00093987,"LUFKIN ANGELINA CO AIRPORT, TX US",31.23593,-94.75468,87.1,11/29/2001,10.7,1.1,2.8,-0.6
USW00093987,"LUFKIN ANGELINA CO AIRPORT, TX US",31.23593,-94.75468,87.1,11/30/2001,0,7.8,16.7,-1.1
USW00093987,"LUFKIN ANGELINA CO AIRPORT, TX US",31.23593,-94.75468,87.1,12/1/2001,0,11.7,19.4,3.3
USW00093987,"LUFKIN ANGELINA CO AIRPORT, TX US",31.23593,-94.75468,87.1,12/2/2001,0.3,13.3,17.8,8.9
USW00093987,"LUFKIN ANGELINA CO AIRPORT, TX US",31.23593,-94.75468,87.1,12/3/2001,0,15.6,20.6,10
USW00093987,"LUFKIN ANGELINA CO AIRPORT, TX US",31.23593,-94.75468,87.1,12/4/2001,0,17.2,25,9.4
USW00093987,"LUFKIN ANGELINA CO AIRPORT, TX US",31.23593,-94.75468,87.1,12/5/2001,0,21.7,25.6,17.8
USW00093987,"LUFKIN ANGELINA CO AIRPORT, TX US",31.23593,-94.75468,87.1,12/6/2001,0.3,22.8,26.7,18.9
USW00093987,"LUFKIN ANGELINA CO AIRPORT, TX US",31.23593,-94.75468,87.1,12/7/2001,0,22.2,24.4,19.4
USW00093987,"LUFKIN ANGELINA CO AIRPORT, TX US",31.23593,-94.75468,87.1,12/8/2001,15.7,14.4,20,8.3
USW00093987,"LUFKIN ANGELINA CO AIRPORT, TX US",31.23593,-94.75468,87.1,12/9/2001,0,9.4,13.3,5
USW00093987,"LUFKIN ANGELINA CO AIRPORT, TX US",31.23593,-94.75468,87.1,12/10/2001,0,8.3,15,1.1
USW00093987,"LUFKIN ANGELINA CO AIRPORT, TX US",31.23593,-94.75468,87.1,12/11/2001,46,8.9,14.4,2.8
USW00093987,"LUFKIN ANGELINA CO AIRPORT, TX US",31.23593,-94.75468,87.1,12/12/2001,34.8,18.3,22.8,13.9
USW00093987,"LUFKIN ANGELINA CO AIRPORT, TX US",31.23593,-94.75468,87.1,12/13/2001,7.1,12.2,17.2,7.2
USW00093987,"LUFKIN ANGELINA CO AIRPORT, TX US",31.23593,-94.75468,87.1,12/14/2001,0,8.9,16.1,1.1
USW00093987,"LUFKIN ANGELINA CO AIRPORT, TX US",31.23593,-94.75468,87.1,12/15/2001,0.3,12.8,19.4,5.6
USW00093987,"LUFKIN ANGELINA CO AIRPORT, TX US",31.23593,-94.75468,87.1,12/16/2001,36.3,20.6,25,15.6
USW00093987,"LUFKIN ANGELINA CO AIRPORT, TX US",31.23593,-94.75468,87.1,12/17/2001,0,10.6,16.1,5
USW00093987,"LUFKIN ANGELINA CO AIRPORT, TX US",31.23593,-94.75468,87.1,12/18/2001,0,10,18.3,1.7
USW00093987,"LUFKIN ANGELINA CO AIRPORT, TX US",31.23593,-94.75468,87.1,12/19/2001,0,8.9,15.6,1.7
USW00093987,"LUFKIN ANGELINA CO AIRPORT, TX US",31.23593,-94.75468,87.1,12/20/2001,0,7.8,16.1,-0.6
USW00093987,"LUFKIN ANGELINA CO AIRPORT, TX US",31.23593,-94.75468,87.1,12/21/2001,0,8.9,18.3,-0.6
USW00093987,"LUFKIN ANGELINA CO AIRPORT, TX US",31.23593,-94.75468,87.1,12/22/2001,1.5,16.1,20.6,11.1
USW00093987,"LUFKIN ANGELINA CO AIRPORT, TX US",31.23593,-94.75468,87.1,12/23/2001,0,10,16.1,3.3
USW00093987,"LUFKIN ANGELINA CO AIRPORT, TX US",31.23593,-94.75468,87.1,12/24/2001,0,5,12.2,-2.8
USW00093987,"LUFKIN ANGELINA CO AIRPORT, TX US",31.23593,-94.75468,87.1,12/25/2001,0,4.4,10.6,-1.7
USW00093987,"LUFKIN ANGELINA CO AIRPORT, TX US",31.23593,-94.75468,87.1,12/26/2001,0,3.3,9.4,-2.8
USW00093987,"LUFKIN ANGELINA CO AIRPORT, TX US",31.23593,-94.75468,87.1,12/27/2001,0,7.2,17.8,-3.9
USW00093987,"LUFKIN ANGELINA CO AIRPORT, TX US",31.23593,-94.75468,87.1,12/28/2001,0,11.7,19.4,3.9
USW00093987,"LUFKIN ANGELINA CO AIRPORT, TX US",31.23593,-94.75468,87.1,12/29/2001,0,8.3,15,1.7
USW00093987,"LUFKIN ANGELINA CO AIRPORT, TX US",31.23593,-94.75468,87.1,12/30/2001,0,NA,4.4,1.1
USW00093987,"LUFKIN ANGELINA CO AIRPORT, TX US",31.23593,-94.75468,87.1,12/31/2001,0,-17.8,8.3,-1.1
USW00093987,"LUFKIN ANGELINA CO AIRPORT, TX US",31.23593,-94.75468,87.1,1/1/2002,0,3.9,7.2,0.6
USW00093987,"LUFKIN ANGELINA CO AIRPORT, TX US",31.23593,-94.75468,87.1,1/2/2002,0,1.7,6.7,-3.3
USW00093987,"LUFKIN ANGELINA CO AIRPORT, TX US",31.23593,-94.75468,87.1,1/3/2002,0,-1.1,5,-7.2
USW00093987,"LUFKIN ANGELINA CO AIRPORT, TX US",31.23593,-94.75468,87.1,1/4/2002,0,1.7,11.1,-7.8
USW00093987,"LUFKIN ANGELINA CO AIRPORT, TX US",31.23593,-94.75468,87.1,1/5/2002,25.9,7.8,10,5
USW00093987,"LUFKIN ANGELINA CO AIRPORT, TX US",31.23593,-94.75468,87.1,1/6/2002,0,8.9,15,2.8
USW00093987,"LUFKIN ANGELINA CO AIRPORT, TX US",31.23593,-94.75468,87.1,1/7/2002,0,3.9,10.6,-2.8
USW00093987,"LUFKIN ANGELINA CO AIRPORT, TX US",31.23593,-94.75468,87.1,1/8/2002,0,7.2,17.2,-3.3
USW00093987,"LUFKIN ANGELINA CO AIRPORT, TX US",31.23593,-94.75468,87.1,1/9/2002,0,12.8,22.2,3.3
USW00093987,"LUFKIN ANGELINA CO AIRPORT, TX US",31.23593,-94.75468,87.1,1/10/2002,0,17.8,22.2,13.3
USW00093987,"LUFKIN ANGELINA CO AIRPORT, TX US",31.23593,-94.75468,87.1,1/11/2002,0,14.4,16.7,11.7
USW00093987,"LUFKIN ANGELINA CO AIRPORT, TX US",31.23593,-94.75468,87.1,1/12/2002,0,10.6,18.3,2.2
USW00093987,"LUFKIN ANGELINA CO AIRPORT, TX US",31.23593,-94.75468,87.1,1/13/2002,0,8.3,18.3,-2.2
USW00093987,"LUFKIN ANGELINA CO AIRPORT, TX US",31.23593,-94.75468,87.1,1/14/2002,0,10.6,19.4,1.7
USW00093987,"LUFKIN ANGELINA CO AIRPORT, TX US",31.23593,-94.75468,87.1,1/15/2002,0,8.3,17.8,-1.7
USW00093987,"LUFKIN ANGELINA CO AIRPORT, TX US",31.23593,-94.75468,87.1,1/16/2002,0,11.7,21.7,1.1
USW00093987,"LUFKIN ANGELINA CO AIRPORT, TX US",31.23593,-94.75468,87.1,1/17/2002,0,17.2,23.3,11.1
USW00093987,"LUFKIN ANGELINA CO AIRPORT, TX US",31.23593,-94.75468,87.1,1/18/2002,0.5,8.9,11.1,6.7
USW00093987,"LUFKIN ANGELINA CO AIRPORT, TX US",31.23593,-94.75468,87.1,1/19/2002,9.9,5,11.1,-1.1
USW00093987,"LUFKIN ANGELINA CO AIRPORT, TX US",31.23593,-94.75468,87.1,1/20/2002,0,4.4,10.6,-1.7
USW00093987,"LUFKIN ANGELINA CO AIRPORT, TX US",31.23593,-94.75468,87.1,1/21/2002,0,13.3,20.6,5.6
USW00093987,"LUFKIN ANGELINA CO AIRPORT, TX US",31.23593,-94.75468,87.1,1/22/2002,0,13.9,20.6,6.7
USW00093987,"LUFKIN ANGELINA CO AIRPORT, TX US",31.23593,-94.75468,87.1,1/23/2002,0.8,22.8,25.6,20
USW00093987,"LUFKIN ANGELINA CO AIRPORT, TX US",31.23593,-94.75468,87.1,1/24/2002,57.9,15,22.2,7.2
USW00093987,"LUFKIN ANGELINA CO AIRPORT, TX US",31.23593,-94.75468,87.1,1/25/2002,0,8.3,15,1.1
USW00093987,"LUFKIN ANGELINA CO AIRPORT, TX US",31.23593,-94.75468,87.1,1/26/2002,0,7.2,15.6,-1.7
USW00093987,"LUFKIN ANGELINA CO AIRPORT, TX US",31.23593,-94.75468,87.1,1/27/2002,0,12.2,22.2,2.2
USW00093987,"LUFKIN ANGELINA CO AIRPORT, TX US",31.23593,-94.75468,87.1,1/28/2002,0,16.1,22.8,9.4
USW00093987,"LUFKIN ANGELINA CO AIRPORT, TX US",31.23593,-94.75468,87.1,1/29/2002,0,22.8,26.7,18.3
USW00093987,"LUFKIN ANGELINA CO AIRPORT, TX US",31.23593,-94.75468,87.1,1/30/2002,0,22.8,27.2,18.3
USW00093987,"LUFKIN ANGELINA CO AIRPORT, TX US",31.23593,-94.75468,87.1,1/31/2002,13.7,13.9,22.8,5
USW00093987,"LUFKIN ANGELINA CO AIRPORT, TX US",31.23593,-94.75468,87.1,2/1/2002,0,4.4,8.3,0
USW00093987,"LUFKIN ANGELINA CO AIRPORT, TX US",31.23593,-94.75468,87.1,2/2/2002,0,5,11.7,-2.2
USW00093987,"LUFKIN ANGELINA CO AIRPORT, TX US",31.23593,-94.75468,87.1,2/3/2002,0,10,12.8,7.2
USW00093987,"LUFKIN ANGELINA CO AIRPORT, TX US",31.23593,-94.75468,87.1,2/4/2002,1.5,11.1,13.9,7.8
USW00093987,"LUFKIN ANGELINA CO AIRPORT, TX US",31.23593,-94.75468,87.1,2/5/2002,34.5,5.6,7.8,2.8
USW00093987,"LUFKIN ANGELINA CO AIRPORT, TX US",31.23593,-94.75468,87.1,2/6/2002,0.5,2.8,3.9,1.7
USW00093987,"LUFKIN ANGELINA CO AIRPORT, TX US",31.23593,-94.75468,87.1,2/7/2002,0,4.4,10,-1.1
USW00093987,"LUFKIN ANGELINA CO AIRPORT, TX US",31.23593,-94.75468,87.1,2/8/2002,0,6.1,14.4,-2.2
USW00093987,"LUFKIN ANGELINA CO AIRPORT, TX US",31.23593,-94.75468,87.1,2/9/2002,0,12.2,21.1,2.8
USW00093987,"LUFKIN ANGELINA CO AIRPORT, TX US",31.23593,-94.75468,87.1,2/10/2002,0,7.2,10.6,3.9
USW00093987,"LUFKIN ANGELINA CO AIRPORT, TX US",31.23593,-94.75468,87.1,2/11/2002,0,6.1,12.8,-0.6
USW00093987,"LUFKIN ANGELINA CO AIRPORT, TX US",31.23593,-94.75468,87.1,2/12/2002,0,6.7,16.1,-3.3
USW00093987,"LUFKIN ANGELINA CO AIRPORT, TX US",31.23593,-94.75468,87.1,2/13/2002,0,10,18.9,1.1
USW00093987,"LUFKIN ANGELINA CO AIRPORT, TX US",31.23593,-94.75468,87.1,2/14/2002,0,10,17.8,1.7
USW00093987,"LUFKIN ANGELINA CO AIRPORT, TX US",31.23593,-94.75468,87.1,2/15/2002,0,12.8,21.1,4.4
USW00093987,"LUFKIN ANGELINA CO AIRPORT, TX US",31.23593,-94.75468,87.1,2/16/2002,0,8.9,18.3,-0.6
USW00093987,"LUFKIN ANGELINA CO AIRPORT, TX US",31.23593,-94.75468,87.1,2/17/2002,0,10,20.6,-1.1
USW00093987,"LUFKIN ANGELINA CO AIRPORT, TX US",31.23593,-94.75468,87.1,2/18/2002,0,12.8,21.1,3.9
USW00093987,"LUFKIN ANGELINA CO AIRPORT, TX US",31.23593,-94.75468,87.1,2/19/2002,18.8,15.6,19.4,11.1
USW00093987,"LUFKIN ANGELINA CO AIRPORT, TX US",31.23593,-94.75468,87.1,2/20/2002,0,13.9,21.7,6.1
USW00093987,"LUFKIN ANGELINA CO AIRPORT, TX US",31.23593,-94.75468,87.1,2/21/2002,0.3,15,23.9,5.6
USW00093987,"LUFKIN ANGELINA CO AIRPORT, TX US",31.23593,-94.75468,87.1,2/22/2002,0,10,17.8,2.2
USW00093987,"LUFKIN ANGELINA CO AIRPORT, TX US",31.23593,-94.75468,87.1,2/23/2002,0,9.4,20,-1.1
USW00093987,"LUFKIN ANGELINA CO AIRPORT, TX US",31.23593,-94.75468,87.1,2/24/2002,0,14.4,23.3,5.6
USW00093987,"LUFKIN ANGELINA CO AIRPORT, TX US",31.23593,-94.75468,87.1,2/25/2002,0,15,23.9,5.6
USW00093987,"LUFKIN ANGELINA CO AIRPORT, TX US",31.23593,-94.75468,87.1,2/26/2002,0,2.2,7.2,-2.8
USW00093987,"LUFKIN ANGELINA CO AIRPORT, TX US",31.23593,-94.75468,87.1,2/27/2002,0,0.6,8.3,-7.2
USW00093987,"LUFKIN ANGELINA CO AIRPORT, TX US",31.23593,-94.75468,87.1,2/28/2002,0,5.6,15,-4.4
USW00093987,"LUFKIN ANGELINA CO AIRPORT, TX US",31.23593,-94.75468,87.1,3/1/2002,20.8,11.1,12.8,8.9
USW00093987,"LUFKIN ANGELINA CO AIRPORT, TX US",31.23593,-94.75468,87.1,3/2/2002,0.3,5.6,13.3,-2.2
USW00093987,"LUFKIN ANGELINA CO AIRPORT, TX US",31.23593,-94.75468,87.1,3/3/2002,0,0.6,6.1,-5
USW00093987,"LUFKIN ANGELINA CO AIRPORT, TX US",31.23593,-94.75468,87.1,3/4/2002,0,2.8,13.3,-7.8
USW00093987,"LUFKIN ANGELINA CO AIRPORT, TX US",31.23593,-94.75468,87.1,3/5/2002,0,7.2,18.3,-3.9
USW00093987,"LUFKIN ANGELINA CO AIRPORT, TX US",31.23593,-94.75468,87.1,3/6/2002,0,15.6,22.8,7.8
USW00093987,"LUFKIN ANGELINA CO AIRPORT, TX US",31.23593,-94.75468,87.1,3/7/2002,0,19.4,25,13.9
USW00093987,"LUFKIN ANGELINA CO AIRPORT, TX US",31.23593,-94.75468,87.1,3/8/2002,6.1,20,24.4,15.6
USW00093987,"LUFKIN ANGELINA CO AIRPORT, TX US",31.23593,-94.75468,87.1,3/9/2002,4.6,13.9,20.6,6.7
USW00093987,"LUFKIN ANGELINA CO AIRPORT, TX US",31.23593,-94.75468,87.1,3/10/2002,0,9.4,16.7,2.2
USW00093987,"LUFKIN ANGELINA CO AIRPORT, TX US",31.23593,-94.75468,87.1,3/11/2002,1.8,13.9,18.9,8.3
USW00093987,"LUFKIN ANGELINA CO AIRPORT, TX US",31.23593,-94.75468,87.1,3/12/2002,0,12.2,18.3,6.1
USW00093987,"LUFKIN ANGELINA CO AIRPORT, TX US",31.23593,-94.75468,87.1,3/13/2002,0,14.4,26.1,2.8
USW00093987,"LUFKIN ANGELINA CO AIRPORT, TX US",31.23593,-94.75468,87.1,3/14/2002,0,21.7,28.3,14.4
USW00093987,"LUFKIN ANGELINA CO AIRPORT, TX US",31.23593,-94.75468,87.1,3/15/2002,0,21.7,28.3,15
USW00093987,"LUFKIN ANGELINA CO AIRPORT, TX US",31.23593,-94.75468,87.1,3/16/2002,0,15.6,17.2,13.3
USW00093987,"LUFKIN ANGELINA CO AIRPORT, TX US",31.23593,-94.75468,87.1,3/17/2002,0,20.6,27.2,13.9
USW00093987,"LUFKIN ANGELINA CO AIRPORT, TX US",31.23593,-94.75468,87.1,3/18/2002,0,23.3,28.3,17.8
USW00093987,"LUFKIN ANGELINA CO AIRPORT, TX US",31.23593,-94.75468,87.1,3/19/2002,0,23.9,28.3,19.4
USW00093987,"LUFKIN ANGELINA CO AIRPORT, TX US",31.23593,-94.75468,87.1,3/20/2002,28.4,17.8,22.2,12.8
USW00093987,"LUFKIN ANGELINA CO AIRPORT, TX US",31.23593,-94.75468,87.1,3/21/2002,0,15,21.1,8.9
USW00093987,"LUFKIN ANGELINA CO AIRPORT, TX US",31.23593,-94.75468,87.1,3/22/2002,0,8.3,13.3,3.3
USW00093987,"LUFKIN ANGELINA CO AIRPORT, TX US",31.23593,-94.75468,87.1,3/23/2002,0,11.7,21.1,2.2
USW00093987,"LUFKIN ANGELINA CO AIRPORT, TX US",31.23593,-94.75468,87.1,3/24/2002,0,17.8,24.4,10.6
USW00093987,"LUFKIN ANGELINA CO AIRPORT, TX US",31.23593,-94.75468,87.1,3/25/2002,42.9,15.6,22.8,7.8
USW00093987,"LUFKIN ANGELINA CO AIRPORT, TX US",31.23593,-94.75468,87.1,3/26/2002,0,11.1,16.1,5.6
USW00093987,"LUFKIN ANGELINA CO AIRPORT, TX US",31.23593,-94.75468,87.1,3/27/2002,0,12.2,21.1,3.3
USW00093987,"LUFKIN ANGELINA CO AIRPORT, TX US",31.23593,-94.75468,87.1,3/28/2002,0,16.7,25.6,7.8
USW00093987,"LUFKIN ANGELINA CO AIRPORT, TX US",31.23593,-94.75468,87.1,3/29/2002,0,23.3,26.1,20.6
USW00093987,"LUFKIN ANGELINA CO AIRPORT, TX US",31.23593,-94.75468,87.1,3/30/2002,56.4,20.6,25.6,15.6
USW00093987,"LUFKIN ANGELINA CO AIRPORT, TX US",31.23593,-94.75468,87.1,3/31/2002,28.4,17.8,22.8,12.8
USW00093987,"LUFKIN ANGELINA CO AIRPORT, TX US",31.23593,-94.75468,87.1,4/1/2002,0,17.2,26.1,8.3
USW00093987,"LUFKIN ANGELINA CO AIRPORT, TX US",31.23593,-94.75468,87.1,4/2/2002,0,20,26.1,13.3
USW00093987,"LUFKIN ANGELINA CO AIRPORT, TX US",31.23593,-94.75468,87.1,4/3/2002,0,15.6,19.4,11.1
USW00093987,"LUFKIN ANGELINA CO AIRPORT, TX US",31.23593,-94.75468,87.1,4/4/2002,0,13.3,16.7,10
USW00093987,"LUFKIN ANGELINA CO AIRPORT, TX US",31.23593,-94.75468,87.1,4/5/2002,0,16.1,21.7,10.6
USW00093987,"LUFKIN ANGELINA CO AIRPORT, TX US",31.23593,-94.75468,87.1,4/6/2002,0,15,20,10
USW00093987,"LUFKIN ANGELINA CO AIRPORT, TX US",31.23593,-94.75468,87.1,4/7/2002,21.8,18.3,23.9,12.2
USW00093987,"LUFKIN ANGELINA CO AIRPORT, TX US",31.23593,-94.75468,87.1,4/8/2002,49.3,17.8,21.1,14.4
USW00093987,"LUFKIN ANGELINA CO AIRPORT, TX US",31.23593,-94.75468,87.1,4/9/2002,0,18.3,22.8,13.3
USW00093987,"LUFKIN ANGELINA CO AIRPORT, TX US",31.23593,-94.75468,87.1,4/10/2002,0,20,26.1,13.9
USW00093987,"LUFKIN ANGELINA CO AIRPORT, TX US",31.23593,-94.75468,87.1,4/11/2002,0,20.6,27.8,12.8
USW00093987,"LUFKIN ANGELINA CO AIRPORT, TX US",31.23593,-94.75468,87.1,4/12/2002,0,21.7,28.9,14.4
USW00093987,"LUFKIN ANGELINA CO AIRPORT, TX US",31.23593,-94.75468,87.1,4/13/2002,0,21.7,28.9,14.4
USW00093987,"LUFKIN ANGELINA CO AIRPORT, TX US",31.23593,-94.75468,87.1,4/14/2002,0,22.2,28.3,15.6
USW00093987,"LUFKIN ANGELINA CO AIRPORT, TX US",31.23593,-94.75468,87.1,4/15/2002,0,23.3,29.4,17.2
USW00093987,"LUFKIN ANGELINA CO AIRPORT, TX US",31.23593,-94.75468,87.1,4/16/2002,0,23.9,26.7,21.1
USW00093987,"LUFKIN ANGELINA CO AIRPORT, TX US",31.23593,-94.75468,87.1,4/17/2002,0,26.1,31.1,20.6
USW00093987,"LUFKIN ANGELINA CO AIRPORT, TX US",31.23593,-94.75468,87.1,4/18/2002,0,25.6,30.6,20
USW00093987,"LUFKIN ANGELINA CO AIRPORT, TX US",31.23593,-94.75468,87.1,4/19/2002,0,25.6,30,20.6
USW00093987,"LUFKIN ANGELINA CO AIRPORT, TX US",31.23593,-94.75468,87.1,4/20/2002,0,25.6,30.6,20
USW00093987,"LUFKIN ANGELINA CO AIRPORT, TX US",31.23593,-94.75468,87.1,4/21/2002,1.3,25.6,30.6,20.6
USW00093987,"LUFKIN ANGELINA CO AIRPORT, TX US",31.23593,-94.75468,87.1,4/22/2002,5.1,20,23.3,16.1
USW00093987,"LUFKIN ANGELINA CO AIRPORT, TX US",31.23593,-94.75468,87.1,4/23/2002,0,23.3,30.6,16.1
USW00093987,"LUFKIN ANGELINA CO AIRPORT, TX US",31.23593,-94.75468,87.1,4/24/2002,0,25.6,31.1,20
USW00093987,"LUFKIN ANGELINA CO AIRPORT, TX US",31.23593,-94.75468,87.1,4/25/2002,0,19.4,22.2,16.1
USW00093987,"LUFKIN ANGELINA CO AIRPORT, TX US",31.23593,-94.75468,87.1,4/26/2002,0,21.1,26.7,15.6
USW00093987,"LUFKIN ANGELINA CO AIRPORT, TX US",31.23593,-94.75468,87.1,4/27/2002,0,25,30.6,19.4
USW00093987,"LUFKIN ANGELINA CO AIRPORT, TX US",31.23593,-94.75468,87.1,4/28/2002,0,27.8,32.2,23.3
USW00093987,"LUFKIN ANGELINA CO AIRPORT, TX US",31.23593,-94.75468,87.1,4/29/2002,0,27.2,32.2,21.7
USW00093987,"LUFKIN ANGELINA CO AIRPORT, TX US",31.23593,-94.75468,87.1,4/30/2002,0,27.2,32.2,22.2
USW00093987,"LUFKIN ANGELINA CO AIRPORT, TX US",31.23593,-94.75468,87.1,5/1/2002,0,27.8,33.3,22.2
USW00093987,"LUFKIN ANGELINA CO AIRPORT, TX US",31.23593,-94.75468,87.1,5/2/2002,0,27.8,32.8,22.8
USW00093987,"LUFKIN ANGELINA CO AIRPORT, TX US",31.23593,-94.75468,87.1,5/3/2002,0.5,25.6,30.6,20
USW00093987,"LUFKIN ANGELINA CO AIRPORT, TX US",31.23593,-94.75468,87.1,5/4/2002,0,24.4,29.4,19.4
USW00093987,"LUFKIN ANGELINA CO AIRPORT, TX US",31.23593,-94.75468,87.1,5/5/2002,0,27.2,32.2,22.2
USW00093987,"LUFKIN ANGELINA CO AIRPORT, TX US",31.23593,-94.75468,87.1,5/6/2002,0,27.2,32.2,21.7
USW00093987,"LUFKIN ANGELINA CO AIRPORT, TX US",31.23593,-94.75468,87.1,5/7/2002,0,27.8,32.2,23.3
USW00093987,"LUFKIN ANGELINA CO AIRPORT, TX US",31.23593,-94.75468,87.1,5/8/2002,0,27.8,32.2,22.8
USW00093987,"LUFKIN ANGELINA CO AIRPORT, TX US",31.23593,-94.75468,87.1,5/9/2002,0,27.8,32.2,22.8
USW00093987,"LUFKIN ANGELINA CO AIRPORT, TX US",31.23593,-94.75468,87.1,5/10/2002,0,27.8,32.8,22.2
USW00093987,"LUFKIN ANGELINA CO AIRPORT, TX US",31.23593,-94.75468,87.1,5/11/2002,0,27.2,32.8,21.7
USW00093987,"LUFKIN ANGELINA CO AIRPORT, TX US",31.23593,-94.75468,87.1,5/12/2002,0,27.8,33.9,21.7
USW00093987,"LUFKIN ANGELINA CO AIRPORT, TX US",31.23593,-94.75468,87.1,5/13/2002,5.1,18.9,24.4,12.8
USW00093987,"LUFKIN ANGELINA CO AIRPORT, TX US",31.23593,-94.75468,87.1,5/14/2002,0,18.3,26.1,10
USW00093987,"LUFKIN ANGELINA CO AIRPORT, TX US",31.23593,-94.75468,87.1,5/15/2002,0,20,29.4,10.6
USW00093987,"LUFKIN ANGELINA CO AIRPORT, TX US",31.23593,-94.75468,87.1,5/16/2002,0,25.6,33.3,17.2
USW00093987,"LUFKIN ANGELINA CO AIRPORT, TX US",31.23593,-94.75468,87.1,5/17/2002,8.6,21.7,26.7,16.7
USW00093987,"LUFKIN ANGELINA CO AIRPORT, TX US",31.23593,-94.75468,87.1,5/18/2002,0,17.8,23.3,12.2
USW00093987,"LUFKIN ANGELINA CO AIRPORT, TX US",31.23593,-94.75468,87.1,5/19/2002,0,16.7,23.9,8.9
USW00093987,"LUFKIN ANGELINA CO AIRPORT, TX US",31.23593,-94.75468,87.1,5/20/2002,0,18.3,26.1,10
USW00093987,"LUFKIN ANGELINA CO AIRPORT, TX US",31.23593,-94.75468,87.1,5/21/2002,0,20.6,28.9,12.2
USW00093987,"LUFKIN ANGELINA CO AIRPORT, TX US",31.23593,-94.75468,87.1,5/22/2002,0,20,27.2,12.8
USW00093987,"LUFKIN ANGELINA CO AIRPORT, TX US",31.23593,-94.75468,87.1,5/23/2002,0,21.1,27.8,14.4
USW00093987,"LUFKIN ANGELINA CO AIRPORT, TX US",31.23593,-94.75468,87.1,5/24/2002,0,22.2,28.3,15.6
USW00093987,"LUFKIN ANGELINA CO AIRPORT, TX US",31.23593,-94.75468,87.1,5/25/2002,0,25,31.7,17.8
USW00093987,"LUFKIN ANGELINA CO AIRPORT, TX US",31.23593,-94.75468,87.1,5/26/2002,0,26.7,32.2,21.1
USW00093987,"LUFKIN ANGELINA CO AIRPORT, TX US",31.23593,-94.75468,87.1,5/27/2002,1.3,26.7,32.2,21.1
USW00093987,"LUFKIN ANGELINA CO AIRPORT, TX US",31.23593,-94.75468,87.1,5/28/2002,3.8,25.6,30.6,20
USW00093987,"LUFKIN ANGELINA CO AIRPORT, TX US",31.23593,-94.75468,87.1,5/29/2002,21.3,22.8,27.8,17.2
USW00093987,"LUFKIN ANGELINA CO AIRPORT, TX US",31.23593,-94.75468,87.1,5/30/2002,1.5,23.3,28.3,18.3
USW00093987,"LUFKIN ANGELINA CO AIRPORT, TX US",31.23593,-94.75468,87.1,5/31/2002,0,24.4,29.4,18.9
USW00093987,"LUFKIN ANGELINA CO AIRPORT, TX US",31.23593,-94.75468,87.1,6/1/2002,0,25.6,32.2,18.3
USW00093987,"LUFKIN ANGELINA CO AIRPORT, TX US",31.23593,-94.75468,87.1,6/2/2002,0,26.1,33.3,18.9
USW00093987,"LUFKIN ANGELINA CO AIRPORT, TX US",31.23593,-94.75468,87.1,6/3/2002,0,26.7,32.8,20
USW00093987,"LUFKIN ANGELINA CO AIRPORT, TX US",31.23593,-94.75468,87.1,6/4/2002,0,28.3,33.9,22.2
USW00093987,"LUFKIN ANGELINA CO AIRPORT, TX US",31.23593,-94.75468,87.1,6/5/2002,0,26.7,32.8,20
USW00093987,"LUFKIN ANGELINA CO AIRPORT, TX US",31.23593,-94.75468,87.1,6/6/2002,0,27.2,33.9,20.6
USW00093987,"LUFKIN ANGELINA CO AIRPORT, TX US",31.23593,-94.75468,87.1,6/7/2002,0,28.3,34.4,21.7
USW00093987,"LUFKIN ANGELINA CO AIRPORT, TX US",31.23593,-94.75468,87.1,6/8/2002,32.3,27.2,31.7,22.8
USW00093987,"LUFKIN ANGELINA CO AIRPORT, TX US",31.23593,-94.75468,87.1,6/9/2002,0.5,28.3,33.3,23.3
USW00093987,"LUFKIN ANGELINA CO AIRPORT, TX US",31.23593,-94.75468,87.1,6/10/2002,3,28.9,33.9,23.3
USW00093987,"LUFKIN ANGELINA CO AIRPORT, TX US",31.23593,-94.75468,87.1,6/11/2002,6.4,28.3,32.2,23.9
USW00093987,"LUFKIN ANGELINA CO AIRPORT, TX US",31.23593,-94.75468,87.1,6/12/2002,0,27.8,33.9,21.7
USW00093987,"LUFKIN ANGELINA CO AIRPORT, TX US",31.23593,-94.75468,87.1,6/13/2002,0,27.2,33.9,20
USW00093987,"LUFKIN ANGELINA CO AIRPORT, TX US",31.23593,-94.75468,87.1,6/14/2002,0,26.1,32.8,19.4
USW00093987,"LUFKIN ANGELINA CO AIRPORT, TX US",31.23593,-94.75468,87.1,6/15/2002,0,23.3,31.1,15
USW00093987,"LUFKIN ANGELINA CO AIRPORT, TX US",31.23593,-94.75468,87.1,6/16/2002,31.8,24.4,29.4,18.9
USW00093987,"LUFKIN ANGELINA CO AIRPORT, TX US",31.23593,-94.75468,87.1,6/17/2002,0,24.4,30,18.3
USW00093987,"LUFKIN ANGELINA CO AIRPORT, TX US",31.23593,-94.75468,87.1,6/18/2002,0,25.6,32.2,18.9
USW00093987,"LUFKIN ANGELINA CO AIRPORT, TX US",31.23593,-94.75468,87.1,6/19/2002,0,27.2,33.9,20.6
USW00093987,"LUFKIN ANGELINA CO AIRPORT, TX US",31.23593,-94.75468,87.1,6/20/2002,4.3,26.7,31.7,21.1
USW00093987,"LUFKIN ANGELINA CO AIRPORT, TX US",31.23593,-94.75468,87.1,6/21/2002,0,27.2,33.9,20.6
USW00093987,"LUFKIN ANGELINA CO AIRPORT, TX US",31.23593,-94.75468,87.1,6/22/2002,0,25.6,32.8,17.8
USW00093987,"LUFKIN ANGELINA CO AIRPORT, TX US",31.23593,-94.75468,87.1,6/23/2002,0,25.6,31.1,20
USW00093987,"LUFKIN ANGELINA CO AIRPORT, TX US",31.23593,-94.75468,87.1,6/24/2002,9.7,25,29.4,20.6
USW00093987,"LUFKIN ANGELINA CO AIRPORT, TX US",31.23593,-94.75468,87.1,6/25/2002,0,25.6,30.6,20
USW00093987,"LUFKIN ANGELINA CO AIRPORT, TX US",31.23593,-94.75468,87.1,6/26/2002,34,26.1,31.7,20.6
USW00093987,"LUFKIN ANGELINA CO AIRPORT, TX US",31.23593,-94.75468,87.1,6/27/2002,5.8,25,29.4,20.6
USW00093987,"LUFKIN ANGELINA CO AIRPORT, TX US",31.23593,-94.75468,87.1,6/28/2002,5.1,26.7,31.1,22.2
USW00093987,"LUFKIN ANGELINA CO AIRPORT, TX US",31.23593,-94.75468,87.1,6/29/2002,4.8,25,27.8,22.2
USW00093987,"LUFKIN ANGELINA CO AIRPORT, TX US",31.23593,-94.75468,87.1,6/30/2002,8.1,26.7,31.1,22.2
USW00093987,"LUFKIN ANGELINA CO AIRPORT, TX US",31.23593,-94.75468,87.1,7/1/2002,0.8,27.8,32.8,22.2
USW00093987,"LUFKIN ANGELINA CO AIRPORT, TX US",31.23593,-94.75468,87.1,7/2/2002,20.3,27.2,30.6,23.3
USW00093987,"LUFKIN ANGELINA CO AIRPORT, TX US",31.23593,-94.75468,87.1,7/3/2002,1.8,26.7,30.6,22.2
USW00093987,"LUFKIN ANGELINA CO AIRPORT, TX US",31.23593,-94.75468,87.1,7/4/2002,0,26.7,33.3,20
USW00093987,"LUFKIN ANGELINA CO AIRPORT, TX US",31.23593,-94.75468,87.1,7/5/2002,0,27.2,33.3,20.6
USW00093987,"LUFKIN ANGELINA CO AIRPORT, TX US",31.23593,-94.75468,87.1,7/6/2002,0,28.3,35,21.7
USW00093987,"LUFKIN ANGELINA CO AIRPORT, TX US",31.23593,-94.75468,87.1,7/7/2002,41.4,28.9,35.6,22.2
USW00093987,"LUFKIN ANGELINA CO AIRPORT, TX US",31.23593,-94.75468,87.1,7/8/2002,6.9,28.3,34.4,22.2
USW00093987,"LUFKIN ANGELINA CO AIRPORT, TX US",31.23593,-94.75468,87.1,7/9/2002,1.3,27.8,33.9,21.7
USW00093987,"LUFKIN ANGELINA CO AIRPORT, TX US",31.23593,-94.75468,87.1,7/10/2002,0,28.3,33.9,22.2
USW00093987,"LUFKIN ANGELINA CO AIRPORT, TX US",31.23593,-94.75468,87.1,7/11/2002,2.5,29.4,35.6,23.3
USW00093987,"LUFKIN ANGELINA CO AIRPORT, TX US",31.23593,-94.75468,87.1,7/12/2002,0.5,28.9,34.4,23.3
USW00093987,"LUFKIN ANGELINA CO AIRPORT, TX US",31.23593,-94.75468,87.1,7/13/2002,22.1,NA,30.6,22.2
USW00093987,"LUFKIN ANGELINA CO AIRPORT, TX US",31.23593,-94.75468,87.1,7/14/2002,0,25.6,30.6,20.6
USW00093987,"LUFKIN ANGELINA CO AIRPORT, TX US",31.23593,-94.75468,87.1,7/15/2002,27.9,23.9,26.7,21.1
USW00093987,"LUFKIN ANGELINA CO AIRPORT, TX US",31.23593,-94.75468,87.1,7/16/2002,11.7,24.4,26.1,22.2
USW00093987,"LUFKIN ANGELINA CO AIRPORT, TX US",31.23593,-94.75468,87.1,7/17/2002,0,27.8,33.3,22.2
USW00093987,"LUFKIN ANGELINA CO AIRPORT, TX US",31.23593,-94.75468,87.1,7/18/2002,0,27.8,33.9,21.1
USW00093987,"LUFKIN ANGELINA CO AIRPORT, TX US",31.23593,-94.75468,87.1,7/19/2002,0,28.3,33.9,22.8
USW00093987,"LUFKIN ANGELINA CO AIRPORT, TX US",31.23593,-94.75468,87.1,7/20/2002,0,28.9,33.9,23.9
USW00093987,"LUFKIN ANGELINA CO AIRPORT, TX US",31.23593,-94.75468,87.1,7/21/2002,0,28.9,34.4,23.3
USW00093987,"LUFKIN ANGELINA CO AIRPORT, TX US",31.23593,-94.75468,87.1,7/22/2002,0,29.4,35,23.3
USW00093987,"LUFKIN ANGELINA CO AIRPORT, TX US",31.23593,-94.75468,87.1,7/23/2002,0,29.4,35.6,23.3
USW00093987,"LUFKIN ANGELINA CO AIRPORT, TX US",31.23593,-94.75468,87.1,7/24/2002,0,30.6,36.1,24.4
USW00093987,"LUFKIN ANGELINA CO AIRPORT, TX US",31.23593,-94.75468,87.1,7/25/2002,0,28.9,34.4,23.3
USW00093987,"LUFKIN ANGELINA CO AIRPORT, TX US",31.23593,-94.75468,87.1,7/26/2002,6.1,28.9,34.4,23.3
USW00093987,"LUFKIN ANGELINA CO AIRPORT, TX US",31.23593,-94.75468,87.1,7/27/2002,0,28.9,34.4,23.3
USW00093987,"LUFKIN ANGELINA CO AIRPORT, TX US",31.23593,-94.75468,87.1,7/28/2002,4.8,29.4,35,23.9
USW00093987,"LUFKIN ANGELINA CO AIRPORT, TX US",31.23593,-94.75468,87.1,7/29/2002,0,29.4,35,23.9
USW00093987,"LUFKIN ANGELINA CO AIRPORT, TX US",31.23593,-94.75468,87.1,7/30/2002,0,28.9,35,22.8
USW00093987,"LUFKIN ANGELINA CO AIRPORT, TX US",31.23593,-94.75468,87.1,7/31/2002,0,29.4,35.6,22.8
USW00093987,"LUFKIN ANGELINA CO AIRPORT, TX US",31.23593,-94.75468,87.1,8/1/2002,0,29.4,36.1,22.2
USW00093987,"LUFKIN ANGELINA CO AIRPORT, TX US",31.23593,-94.75468,87.1,8/2/2002,0,30,37.2,22.2
USW00093987,"LUFKIN ANGELINA CO AIRPORT, TX US",31.23593,-94.75468,87.1,8/3/2002,0.3,30,37.2,22.8
USW00093987,"LUFKIN ANGELINA CO AIRPORT, TX US",31.23593,-94.75468,87.1,8/4/2002,7.4,28.9,35.6,21.7
USW00093987,"LUFKIN ANGELINA CO AIRPORT, TX US",31.23593,-94.75468,87.1,8/5/2002,0,28.3,34.4,21.7
USW00093987,"LUFKIN ANGELINA CO AIRPORT, TX US",31.23593,-94.75468,87.1,8/6/2002,0,28.9,35,22.8
USW00093987,"LUFKIN ANGELINA CO AIRPORT, TX US",31.23593,-94.75468,87.1,8/7/2002,0,29.4,36.1,22.8
USW00093987,"LUFKIN ANGELINA CO AIRPORT, TX US",31.23593,-94.75468,87.1,8/8/2002,0,29.4,35,23.9
USW00093987,"LUFKIN ANGELINA CO AIRPORT, TX US",31.23593,-94.75468,87.1,8/9/2002,1,29.4,35.6,22.8
USW00093987,"LUFKIN ANGELINA CO AIRPORT, TX US",31.23593,-94.75468,87.1,8/10/2002,0,28.3,35,21.7
USW00093987,"LUFKIN ANGELINA CO AIRPORT, TX US",31.23593,-94.75468,87.1,8/11/2002,0,28.3,35,21.1
USW00093987,"LUFKIN ANGELINA CO AIRPORT, TX US",31.23593,-94.75468,87.1,8/12/2002,1,28.3,32.8,23.9
USW00093987,"LUFKIN ANGELINA CO AIRPORT, TX US",31.23593,-94.75468,87.1,8/13/2002,17,27.2,31.1,22.8
USW00093987,"LUFKIN ANGELINA CO AIRPORT, TX US",31.23593,-94.75468,87.1,8/14/2002,0.3,27.2,31.7,22.2
USW00093987,"LUFKIN ANGELINA CO AIRPORT, TX US",31.23593,-94.75468,87.1,8/15/2002,1.3,23.9,25.6,22.2
USW00093987,"LUFKIN ANGELINA CO AIRPORT, TX US",31.23593,-94.75468,87.1,8/16/2002,0,28.3,34.4,21.7
USW00093987,"LUFKIN ANGELINA CO AIRPORT, TX US",31.23593,-94.75468,87.1,8/17/2002,0,30.6,35.6,25
USW00093987,"LUFKIN ANGELINA CO AIRPORT, TX US",31.23593,-94.75468,87.1,8/18/2002,0,30,35,24.4
USW00093987,"LUFKIN ANGELINA CO AIRPORT, TX US",31.23593,-94.75468,87.1,8/19/2002,0,29.4,35.6,22.8
USW00093987,"LUFKIN ANGELINA CO AIRPORT, TX US",31.23593,-94.75468,87.1,8/20/2002,0,28.9,35,22.8
USW00093987,"LUFKIN ANGELINA CO AIRPORT, TX US",31.23593,-94.75468,87.1,8/21/2002,20.3,28.9,35.6,22.2
USW00093987,"LUFKIN ANGELINA CO AIRPORT, TX US",31.23593,-94.75468,87.1,8/22/2002,0,27.8,33.3,22.2
USW00093987,"LUFKIN ANGELINA CO AIRPORT, TX US",31.23593,-94.75468,87.1,8/23/2002,0,28.9,34.4,22.8
USW00093987,"LUFKIN ANGELINA CO AIRPORT, TX US",31.23593,-94.75468,87.1,8/24/2002,0,29.4,36.1,22.2
USW00093987,"LUFKIN ANGELINA CO AIRPORT, TX US",31.23593,-94.75468,87.1,8/25/2002,0,29.4,36.1,22.2
USW00093987,"LUFKIN ANGELINA CO AIRPORT, TX US",31.23593,-94.75468,87.1,8/26/2002,0,29.4,36.7,21.7
USW00093987,"LUFKIN ANGELINA CO AIRPORT, TX US",31.23593,-94.75468,87.1,8/27/2002,24.9,25,28.9,20.6
USW00093987,"LUFKIN ANGELINA CO AIRPORT, TX US",31.23593,-94.75468,87.1,8/28/2002,0,26.7,32.8,20.6
USW00093987,"LUFKIN ANGELINA CO AIRPORT, TX US",31.23593,-94.75468,87.1,8/29/2002,0,26.1,32.2,19.4
USW00093987,"LUFKIN ANGELINA CO AIRPORT, TX US",31.23593,-94.75468,87.1,8/30/2002,0,27.2,33.3,21.1
USW00093987,"LUFKIN ANGELINA CO AIRPORT, TX US",31.23593,-94.75468,87.1,8/31/2002,0,28.3,34.4,22.2
USW00093987,"LUFKIN ANGELINA CO AIRPORT, TX US",31.23593,-94.75468,87.1,9/1/2002,0,28.3,34.4,22.2
USW00093987,"LUFKIN ANGELINA CO AIRPORT, TX US",31.23593,-94.75468,87.1,9/2/2002,0,27.2,32.8,21.7
USW00093987,"LUFKIN ANGELINA CO AIRPORT, TX US",31.23593,-94.75468,87.1,9/3/2002,0,27.2,32.8,21.1
USW00093987,"LUFKIN ANGELINA CO AIRPORT, TX US",31.23593,-94.75468,87.1,9/4/2002,0,26.7,31.1,21.7
USW00093987,"LUFKIN ANGELINA CO AIRPORT, TX US",31.23593,-94.75468,87.1,9/5/2002,0,28.3,34.4,21.7
USW00093987,"LUFKIN ANGELINA CO AIRPORT, TX US",31.23593,-94.75468,87.1,9/6/2002,0,27.2,32.8,21.1
USW00093987,"LUFKIN ANGELINA CO AIRPORT, TX US",31.23593,-94.75468,87.1,9/7/2002,1.3,26.7,30,23.3
USW00093987,"LUFKIN ANGELINA CO AIRPORT, TX US",31.23593,-94.75468,87.1,9/8/2002,2,26.7,29.4,23.3
USW00093987,"LUFKIN ANGELINA CO AIRPORT, TX US",31.23593,-94.75468,87.1,9/9/2002,0,27.8,33.3,22.2
USW00093987,"LUFKIN ANGELINA CO AIRPORT, TX US",31.23593,-94.75468,87.1,9/10/2002,0,28.3,34.4,21.7
USW00093987,"LUFKIN ANGELINA CO AIRPORT, TX US",31.23593,-94.75468,87.1,9/11/2002,0,27.8,36.1,19.4
USW00093987,"LUFKIN ANGELINA CO AIRPORT, TX US",31.23593,-94.75468,87.1,9/12/2002,0,27.2,34.4,19.4
USW00093987,"LUFKIN ANGELINA CO AIRPORT, TX US",31.23593,-94.75468,87.1,9/13/2002,0,28.3,35.6,20.6
USW00093987,"LUFKIN ANGELINA CO AIRPORT, TX US",31.23593,-94.75468,87.1,9/14/2002,0,27.8,35.6,19.4
USW00093987,"LUFKIN ANGELINA CO AIRPORT, TX US",31.23593,-94.75468,87.1,9/15/2002,0,25.6,31.1,19.4
USW00093987,"LUFKIN ANGELINA CO AIRPORT, TX US",31.23593,-94.75468,87.1,9/16/2002,2,24.4,28.3,20.6
USW00093987,"LUFKIN ANGELINA CO AIRPORT, TX US",31.23593,-94.75468,87.1,9/17/2002,65.8,25,28.3,21.7
USW00093987,"LUFKIN ANGELINA CO AIRPORT, TX US",31.23593,-94.75468,87.1,9/18/2002,0,28.3,32.2,23.9
USW00093987,"LUFKIN ANGELINA CO AIRPORT, TX US",31.23593,-94.75468,87.1,9/19/2002,20.8,25,27.8,22.2
USW00093987,"LUFKIN ANGELINA CO AIRPORT, TX US",31.23593,-94.75468,87.1,9/20/2002,0,22.8,28.3,17.2
USW00093987,"LUFKIN ANGELINA CO AIRPORT, TX US",31.23593,-94.75468,87.1,9/21/2002,0,22.8,30.6,14.4
USW00093987,"LUFKIN ANGELINA CO AIRPORT, TX US",31.23593,-94.75468,87.1,9/22/2002,0,25,30.6,19.4
USW00093987,"LUFKIN ANGELINA CO AIRPORT, TX US",31.23593,-94.75468,87.1,9/23/2002,0,23.3,29.4,17.2
USW00093987,"LUFKIN ANGELINA CO AIRPORT, TX US",31.23593,-94.75468,87.1,9/24/2002,0,22.8,28.9,16.7
USW00093987,"LUFKIN ANGELINA CO AIRPORT, TX US",31.23593,-94.75468,87.1,9/25/2002,0,23.9,28.9,18.9
USW00093987,"LUFKIN ANGELINA CO AIRPORT, TX US",31.23593,-94.75468,87.1,9/26/2002,0,23.9,29.4,17.8
USW00093987,"LUFKIN ANGELINA CO AIRPORT, TX US",31.23593,-94.75468,87.1,9/27/2002,0,23.9,33.9,13.9
USW00093987,"LUFKIN ANGELINA CO AIRPORT, TX US",31.23593,-94.75468,87.1,9/28/2002,0,23.9,31.7,15.6
USW00093987,"LUFKIN ANGELINA CO AIRPORT, TX US",31.23593,-94.75468,87.1,9/29/2002,0,24.4,31.1,17.2
USW00093987,"LUFKIN ANGELINA CO AIRPORT, TX US",31.23593,-94.75468,87.1,9/30/2002,0,23.3,31.1,15.6
USW00093987,"LUFKIN ANGELINA CO AIRPORT, TX US",31.23593,-94.75468,87.1,10/1/2002,0,25.6,32.2,18.3
USW00093987,"LUFKIN ANGELINA CO AIRPORT, TX US",31.23593,-94.75468,87.1,10/2/2002,0,26.1,30.6,21.1
USW00093987,"LUFKIN ANGELINA CO AIRPORT, TX US",31.23593,-94.75468,87.1,10/3/2002,0,25,28.9,20.6
USW00093987,"LUFKIN ANGELINA CO AIRPORT, TX US",31.23593,-94.75468,87.1,10/4/2002,0,27.8,34.4,20.6
USW00093987,"LUFKIN ANGELINA CO AIRPORT, TX US",31.23593,-94.75468,87.1,10/5/2002,0,26.7,31.7,21.7
USW00093987,"LUFKIN ANGELINA CO AIRPORT, TX US",31.23593,-94.75468,87.1,10/6/2002,0,26.7,32.2,21.1
USW00093987,"LUFKIN ANGELINA CO AIRPORT, TX US",31.23593,-94.75468,87.1,10/7/2002,4.1,22.8,26.1,19.4
USW00093987,"LUFKIN ANGELINA CO AIRPORT, TX US",31.23593,-94.75468,87.1,10/8/2002,0,21.7,23.9,18.9
USW00093987,"LUFKIN ANGELINA CO AIRPORT, TX US",31.23593,-94.75468,87.1,10/9/2002,9.1,21.7,23.9,18.9
USW00093987,"LUFKIN ANGELINA CO AIRPORT, TX US",31.23593,-94.75468,87.1,10/10/2002,6.6,18.3,19.4,16.7
USW00093987,"LUFKIN ANGELINA CO AIRPORT, TX US",31.23593,-94.75468,87.1,10/11/2002,0,18.3,21.7,14.4
USW00093987,"LUFKIN ANGELINA CO AIRPORT, TX US",31.23593,-94.75468,87.1,10/12/2002,0,18.9,26.1,11.7
USW00093987,"LUFKIN ANGELINA CO AIRPORT, TX US",31.23593,-94.75468,87.1,10/13/2002,0,17.2,19.4,14.4
USW00093987,"LUFKIN ANGELINA CO AIRPORT, TX US",31.23593,-94.75468,87.1,10/14/2002,0.3,15,18.9,11.1
USW00093987,"LUFKIN ANGELINA CO AIRPORT, TX US",31.23593,-94.75468,87.1,10/15/2002,0,15,22.2,7.8
USW00093987,"LUFKIN ANGELINA CO AIRPORT, TX US",31.23593,-94.75468,87.1,10/16/2002,0,13.9,22.8,4.4
USW00093987,"LUFKIN ANGELINA CO AIRPORT, TX US",31.23593,-94.75468,87.1,10/17/2002,0,16.1,25.6,6.7
USW00093987,"LUFKIN ANGELINA CO AIRPORT, TX US",31.23593,-94.75468,87.1,10/18/2002,0,19.4,27.2,11.1
USW00093987,"LUFKIN ANGELINA CO AIRPORT, TX US",31.23593,-94.75468,87.1,10/19/2002,42.9,20,22.2,17.2
USW00093987,"LUFKIN ANGELINA CO AIRPORT, TX US",31.23593,-94.75468,87.1,10/20/2002,6.6,19.4,25,13.9
USW00093987,"LUFKIN ANGELINA CO AIRPORT, TX US",31.23593,-94.75468,87.1,10/21/2002,11.4,17.2,20.6,13.9
USW00093987,"LUFKIN ANGELINA CO AIRPORT, TX US",31.23593,-94.75468,87.1,10/22/2002,19.8,17.8,18.9,16.7
USW00093987,"LUFKIN ANGELINA CO AIRPORT, TX US",31.23593,-94.75468,87.1,10/23/2002,0,20,22.2,17.2
USW00093987,"LUFKIN ANGELINA CO AIRPORT, TX US",31.23593,-94.75468,87.1,10/24/2002,5.8,18.9,20,17.2
USW00093987,"LUFKIN ANGELINA CO AIRPORT, TX US",31.23593,-94.75468,87.1,10/25/2002,32.8,19.4,20.6,18.3
USW00093987,"LUFKIN ANGELINA CO AIRPORT, TX US",31.23593,-94.75468,87.1,10/26/2002,16.8,17.2,18.3,16.1
USW00093987,"LUFKIN ANGELINA CO AIRPORT, TX US",31.23593,-94.75468,87.1,10/27/2002,1.8,18.3,20,16.7
USW00093987,"LUFKIN ANGELINA CO AIRPORT, TX US",31.23593,-94.75468,87.1,10/28/2002,56.6,19.4,21.7,17.2
USW00093987,"LUFKIN ANGELINA CO AIRPORT, TX US",31.23593,-94.75468,87.1,10/29/2002,0,17.8,23.3,12.2
USW00093987,"LUFKIN ANGELINA CO AIRPORT, TX US",31.23593,-94.75468,87.1,10/30/2002,0,18.9,26.1,11.1
USW00093987,"LUFKIN ANGELINA CO AIRPORT, TX US",31.23593,-94.75468,87.1,10/31/2002,0,16.1,18.9,13.3
USW00093987,"LUFKIN ANGELINA CO AIRPORT, TX US",31.23593,-94.75468,87.1,11/1/2002,0,12.8,15.6,10
USW00093987,"LUFKIN ANGELINA CO AIRPORT, TX US",31.23593,-94.75468,87.1,11/2/2002,16,11.7,13.9,9.4
USW00093987,"LUFKIN ANGELINA CO AIRPORT, TX US",31.23593,-94.75468,87.1,11/3/2002,42.2,12.2,12.8,11.7
USW00093987,"LUFKIN ANGELINA CO AIRPORT, TX US",31.23593,-94.75468,87.1,11/4/2002,130.6,11.1,11.7,10
USW00093987,"LUFKIN ANGELINA CO AIRPORT, TX US",31.23593,-94.75468,87.1,11/5/2002,5.3,13.9,17.2,10
USW00093987,"LUFKIN ANGELINA CO AIRPORT, TX US",31.23593,-94.75468,87.1,11/6/2002,0,11.1,18.9,3.3
USW00093987,"LUFKIN ANGELINA CO AIRPORT, TX US",31.23593,-94.75468,87.1,11/7/2002,0,11.7,20.6,2.2
USW00093987,"LUFKIN ANGELINA CO AIRPORT, TX US",31.23593,-94.75468,87.1,11/8/2002,0,14.4,23.9,5
USW00093987,"LUFKIN ANGELINA CO AIRPORT, TX US",31.23593,-94.75468,87.1,11/9/2002,0,21.7,27.8,15
USW00093987,"LUFKIN ANGELINA CO AIRPORT, TX US",31.23593,-94.75468,87.1,11/10/2002,0,21.7,29.4,13.9
USW00093987,"LUFKIN ANGELINA CO AIRPORT, TX US",31.23593,-94.75468,87.1,11/11/2002,0,15.6,21.1,9.4
USW00093987,"LUFKIN ANGELINA CO AIRPORT, TX US",31.23593,-94.75468,87.1,11/12/2002,0,12.2,18.9,5.6
USW00093987,"LUFKIN ANGELINA CO AIRPORT, TX US",31.23593,-94.75468,87.1,11/13/2002,0,10.6,18.9,2.2
USW00093987,"LUFKIN ANGELINA CO AIRPORT, TX US",31.23593,-94.75468,87.1,11/14/2002,3,13.3,21.7,5
USW00093987,"LUFKIN ANGELINA CO AIRPORT, TX US",31.23593,-94.75468,87.1,11/15/2002,0,12.2,16.1,8.3
USW00093987,"LUFKIN ANGELINA CO AIRPORT, TX US",31.23593,-94.75468,87.1,11/16/2002,0,8.9,15,2.8
USW00093987,"LUFKIN ANGELINA CO AIRPORT, TX US",31.23593,-94.75468,87.1,11/17/2002,0,10,19.4,0.6
USW00093987,"LUFKIN ANGELINA CO AIRPORT, TX US",31.23593,-94.75468,87.1,11/18/2002,0,15,24.4,5
USW00093987,"LUFKIN ANGELINA CO AIRPORT, TX US",31.23593,-94.75468,87.1,11/19/2002,0,14.4,22.2,6.7
USW00093987,"LUFKIN ANGELINA CO AIRPORT, TX US",31.23593,-94.75468,87.1,11/20/2002,0,12.8,22.8,2.8
USW00093987,"LUFKIN ANGELINA CO AIRPORT, TX US",31.23593,-94.75468,87.1,11/21/2002,0,13.3,22.8,3.9
USW00093987,"LUFKIN ANGELINA CO AIRPORT, TX US",31.23593,-94.75468,87.1,11/22/2002,0,10,17.2,2.8
USW00093987,"LUFKIN ANGELINA CO AIRPORT, TX US",31.23593,-94.75468,87.1,11/23/2002,0,10,19.4,0.6
USW00093987,"LUFKIN ANGELINA CO AIRPORT, TX US",31.23593,-94.75468,87.1,11/24/2002,0,13.9,22.8,5
USW00093987,"LUFKIN ANGELINA CO AIRPORT, TX US",31.23593,-94.75468,87.1,11/25/2002,0,13.9,18.9,8.9
USW00093987,"LUFKIN ANGELINA CO AIRPORT, TX US",31.23593,-94.75468,87.1,11/26/2002,16.3,7.2,8.9,5.6
USW00093987,"LUFKIN ANGELINA CO AIRPORT, TX US",31.23593,-94.75468,87.1,11/27/2002,0,6.7,11.1,1.7
USW00093987,"LUFKIN ANGELINA CO AIRPORT, TX US",31.23593,-94.75468,87.1,11/28/2002,0,6.7,13.9,-1.1
USW00093987,"LUFKIN ANGELINA CO AIRPORT, TX US",31.23593,-94.75468,87.1,11/29/2002,0,8.3,17.8,-1.1
USW00093987,"LUFKIN ANGELINA CO AIRPORT, TX US",31.23593,-94.75468,87.1,11/30/2002,0,14.4,21.1,7.2
USW00093987,"LUFKIN ANGELINA CO AIRPORT, TX US",31.23593,-94.75468,87.1,12/1/2002,0,8.3,13.9,2.8
USW00093987,"LUFKIN ANGELINA CO AIRPORT, TX US",31.23593,-94.75468,87.1,12/2/2002,0,11.1,20.6,1.1
USW00093987,"LUFKIN ANGELINA CO AIRPORT, TX US",31.23593,-94.75468,87.1,12/3/2002,30.5,14.4,18.3,10
USW00093987,"LUFKIN ANGELINA CO AIRPORT, TX US",31.23593,-94.75468,87.1,12/4/2002,36.6,12.8,20.6,4.4
USW00093987,"LUFKIN ANGELINA CO AIRPORT, TX US",31.23593,-94.75468,87.1,12/5/2002,0,1.7,4.4,-1.1
USW00093987,"LUFKIN ANGELINA CO AIRPORT, TX US",31.23593,-94.75468,87.1,12/6/2002,0,4.4,11.1,-2.2
USW00093987,"LUFKIN ANGELINA CO AIRPORT, TX US",31.23593,-94.75468,87.1,12/7/2002,0,6.1,13.3,-1.1
USW00093987,"LUFKIN ANGELINA CO AIRPORT, TX US",31.23593,-94.75468,87.1,12/8/2002,0,10.6,12.2,8.3
USW00093987,"LUFKIN ANGELINA CO AIRPORT, TX US",31.23593,-94.75468,87.1,12/9/2002,7.6,7.8,8.9,6.7
USW00093987,"LUFKIN ANGELINA CO AIRPORT, TX US",31.23593,-94.75468,87.1,12/10/2002,0,7.2,12.2,1.7
USW00093987,"LUFKIN ANGELINA CO AIRPORT, TX US",31.23593,-94.75468,87.1,12/11/2002,0,7.2,13.9,0
USW00093987,"LUFKIN ANGELINA CO AIRPORT, TX US",31.23593,-94.75468,87.1,12/12/2002,46,9.4,10,8.9
USW00093987,"LUFKIN ANGELINA CO AIRPORT, TX US",31.23593,-94.75468,87.1,12/13/2002,0,6.1,10.6,1.1
USW00093987,"LUFKIN ANGELINA CO AIRPORT, TX US",31.23593,-94.75468,87.1,12/14/2002,0,8.3,17.2,-1.1
USW00093987,"LUFKIN ANGELINA CO AIRPORT, TX US",31.23593,-94.75468,87.1,12/15/2002,0,11.1,21.1,1.1
USW00093987,"LUFKIN ANGELINA CO AIRPORT, TX US",31.23593,-94.75468,87.1,12/16/2002,0,16.7,22.8,10.6
USW00093987,"LUFKIN ANGELINA CO AIRPORT, TX US",31.23593,-94.75468,87.1,12/17/2002,0,20.6,23.9,17.2
USW00093987,"LUFKIN ANGELINA CO AIRPORT, TX US",31.23593,-94.75468,87.1,12/18/2002,0,21.7,23.9,19.4
USW00093987,"LUFKIN ANGELINA CO AIRPORT, TX US",31.23593,-94.75468,87.1,12/19/2002,3.6,15.6,22.2,8.9
USW00093987,"LUFKIN ANGELINA CO AIRPORT, TX US",31.23593,-94.75468,87.1,12/20/2002,0,9.4,17.2,1.7
USW00093987,"LUFKIN ANGELINA CO AIRPORT, TX US",31.23593,-94.75468,87.1,12/21/2002,0,11.1,20.6,1.7
USW00093987,"LUFKIN ANGELINA CO AIRPORT, TX US",31.23593,-94.75468,87.1,12/22/2002,0,12.8,20,5
USW00093987,"LUFKIN ANGELINA CO AIRPORT, TX US",31.23593,-94.75468,87.1,12/23/2002,26.2,14.4,20.6,7.8
USW00093987,"LUFKIN ANGELINA CO AIRPORT, TX US",31.23593,-94.75468,87.1,12/24/2002,19.6,5.6,7.8,2.8
USW00093987,"LUFKIN ANGELINA CO AIRPORT, TX US",31.23593,-94.75468,87.1,12/25/2002,0,3.9,8.9,-1.7
USW00093987,"LUFKIN ANGELINA CO AIRPORT, TX US",31.23593,-94.75468,87.1,12/26/2002,0,3.9,8.3,-1.1
USW00093987,"LUFKIN ANGELINA CO AIRPORT, TX US",31.23593,-94.75468,87.1,12/27/2002,0,7.8,16.7,-1.1
USW00093987,"LUFKIN ANGELINA CO AIRPORT, TX US",31.23593,-94.75468,87.1,12/28/2002,0,8.9,19.4,-1.7
USW00093987,"LUFKIN ANGELINA CO AIRPORT, TX US",31.23593,-94.75468,87.1,12/29/2002,0.3,11.1,20.6,1.7
USW00093987,"LUFKIN ANGELINA CO AIRPORT, TX US",31.23593,-94.75468,87.1,12/30/2002,58.7,16.1,19.4,12.2
USW00093987,"LUFKIN ANGELINA CO AIRPORT, TX US",31.23593,-94.75468,87.1,12/31/2002,6.6,9.4,13.3,5
USW00093987,"LUFKIN ANGELINA CO AIRPORT, TX US",31.23593,-94.75468,87.1,1/1/2003,0,9.4,19.4,-1.1
USW00093987,"LUFKIN ANGELINA CO AIRPORT, TX US",31.23593,-94.75468,87.1,1/2/2003,0,5.6,11.7,-0.6
USW00093987,"LUFKIN ANGELINA CO AIRPORT, TX US",31.23593,-94.75468,87.1,1/3/2003,0,6.7,15,-2.2
USW00093987,"LUFKIN ANGELINA CO AIRPORT, TX US",31.23593,-94.75468,87.1,1/4/2003,0,10,19.4,0
USW00093987,"LUFKIN ANGELINA CO AIRPORT, TX US",31.23593,-94.75468,87.1,1/5/2003,0,12.2,21.1,2.8
USW00093987,"LUFKIN ANGELINA CO AIRPORT, TX US",31.23593,-94.75468,87.1,1/6/2003,0,11.1,18.3,3.9
USW00093987,"LUFKIN ANGELINA CO AIRPORT, TX US",31.23593,-94.75468,87.1,1/7/2003,0,7.2,13.3,0.6
USW00093987,"LUFKIN ANGELINA CO AIRPORT, TX US",31.23593,-94.75468,87.1,1/8/2003,0,10.6,21.7,-0.6
USW00093987,"LUFKIN ANGELINA CO AIRPORT, TX US",31.23593,-94.75468,87.1,1/9/2003,0,16.7,24.4,8.9
USW00093987,"LUFKIN ANGELINA CO AIRPORT, TX US",31.23593,-94.75468,87.1,1/10/2003,0,8.9,13.9,3.9
USW00093987,"LUFKIN ANGELINA CO AIRPORT, TX US",31.23593,-94.75468,87.1,1/11/2003,0,5.6,7.8,2.8
USW00093987,"LUFKIN ANGELINA CO AIRPORT, TX US",31.23593,-94.75468,87.1,1/12/2003,5.8,2.8,5,0.6
USW00093987,"LUFKIN ANGELINA CO AIRPORT, TX US",31.23593,-94.75468,87.1,1/13/2003,0,4.4,8.3,0
USW00093987,"LUFKIN ANGELINA CO AIRPORT, TX US",31.23593,-94.75468,87.1,1/14/2003,0,3.9,7.8,-0.6
USW00093987,"LUFKIN ANGELINA CO AIRPORT, TX US",31.23593,-94.75468,87.1,1/15/2003,0,3.9,7.8,0
USW00093987,"LUFKIN ANGELINA CO AIRPORT, TX US",31.23593,-94.75468,87.1,1/16/2003,0,5,11.1,-1.1
USW00093987,"LUFKIN ANGELINA CO AIRPORT, TX US",31.23593,-94.75468,87.1,1/17/2003,0,1.1,7.2,-5
USW00093987,"LUFKIN ANGELINA CO AIRPORT, TX US",31.23593,-94.75468,87.1,1/18/2003,0,3.9,12.8,-5.6
USW00093987,"LUFKIN ANGELINA CO AIRPORT, TX US",31.23593,-94.75468,87.1,1/19/2003,0,7.2,17.8,-3.3
USW00093987,"LUFKIN ANGELINA CO AIRPORT, TX US",31.23593,-94.75468,87.1,1/20/2003,0,16.1,23.3,8.9
USW00093987,"LUFKIN ANGELINA CO AIRPORT, TX US",31.23593,-94.75468,87.1,1/21/2003,0,17.8,26.1,8.9
USW00093987,"LUFKIN ANGELINA CO AIRPORT, TX US",31.23593,-94.75468,87.1,1/22/2003,0,8.3,11.1,5
USW00093987,"LUFKIN ANGELINA CO AIRPORT, TX US",31.23593,-94.75468,87.1,1/23/2003,0,1.7,5.6,-2.2
USW00093987,"LUFKIN ANGELINA CO AIRPORT, TX US",31.23593,-94.75468,87.1,1/24/2003,0,1.1,7.2,-5.6
USW00093987,"LUFKIN ANGELINA CO AIRPORT, TX US",31.23593,-94.75468,87.1,1/25/2003,0.5,3.3,6.1,0
USW00093987,"LUFKIN ANGELINA CO AIRPORT, TX US",31.23593,-94.75468,87.1,1/26/2003,9.4,4.4,7.2,1.1
USW00093987,"LUFKIN ANGELINA CO AIRPORT, TX US",31.23593,-94.75468,87.1,1/27/2003,0,6.1,13.3,-1.1
USW00093987,"LUFKIN ANGELINA CO AIRPORT, TX US",31.23593,-94.75468,87.1,1/28/2003,0.8,13.9,20,7.8
USW00093987,"LUFKIN ANGELINA CO AIRPORT, TX US",31.23593,-94.75468,87.1,1/29/2003,0,15.6,20,10.6
USW00093987,"LUFKIN ANGELINA CO AIRPORT, TX US",31.23593,-94.75468,87.1,1/30/2003,0,9.4,11.1,7.8
USW00093987,"LUFKIN ANGELINA CO AIRPORT, TX US",31.23593,-94.75468,87.1,1/31/2003,0,11.7,17.8,5
USW00093987,"LUFKIN ANGELINA CO AIRPORT, TX US",31.23593,-94.75468,87.1,2/1/2003,0,11.1,21.1,1.1
USW00093987,"LUFKIN ANGELINA CO AIRPORT, TX US",31.23593,-94.75468,87.1,2/2/2003,0,15.6,23.9,7.2
USW00093987,"LUFKIN ANGELINA CO AIRPORT, TX US",31.23593,-94.75468,87.1,2/3/2003,0.3,15.6,22.2,8.9
USW00093987,"LUFKIN ANGELINA CO AIRPORT, TX US",31.23593,-94.75468,87.1,2/4/2003,0,8.3,14.4,1.7
USW00093987,"LUFKIN ANGELINA CO AIRPORT, TX US",31.23593,-94.75468,87.1,2/5/2003,1.8,6.7,9.4,3.3
USW00093987,"LUFKIN ANGELINA CO AIRPORT, TX US",31.23593,-94.75468,87.1,2/6/2003,16.8,5.6,6.7,4.4
USW00093987,"LUFKIN ANGELINA CO AIRPORT, TX US",31.23593,-94.75468,87.1,2/7/2003,0,3.3,6.1,0.6
USW00093987,"LUFKIN ANGELINA CO AIRPORT, TX US",31.23593,-94.75468,87.1,2/8/2003,0,3.9,7.2,0
USW00093987,"LUFKIN ANGELINA CO AIRPORT, TX US",31.23593,-94.75468,87.1,2/9/2003,4.6,5.6,7.2,3.9
USW00093987,"LUFKIN ANGELINA CO AIRPORT, TX US",31.23593,-94.75468,87.1,2/10/2003,0,8.3,14.4,2.2
USW00093987,"LUFKIN ANGELINA CO AIRPORT, TX US",31.23593,-94.75468,87.1,2/11/2003,0,10.6,20.6,0.6
USW00093987,"LUFKIN ANGELINA CO AIRPORT, TX US",31.23593,-94.75468,87.1,2/12/2003,0,15.6,22.2,8.9
USW00093987,"LUFKIN ANGELINA CO AIRPORT, TX US",31.23593,-94.75468,87.1,2/13/2003,0,16.1,18.9,13.3
USW00093987,"LUFKIN ANGELINA CO AIRPORT, TX US",31.23593,-94.75468,87.1,2/14/2003,0.5,20,23.3,16.7
USW00093987,"LUFKIN ANGELINA CO AIRPORT, TX US",31.23593,-94.75468,87.1,2/15/2003,0.3,15,21.1,8.9
USW00093987,"LUFKIN ANGELINA CO AIRPORT, TX US",31.23593,-94.75468,87.1,2/16/2003,0,5.6,8.9,2.2
USW00093987,"LUFKIN ANGELINA CO AIRPORT, TX US",31.23593,-94.75468,87.1,2/17/2003,0,6.7,15.6,-2.2
USW00093987,"LUFKIN ANGELINA CO AIRPORT, TX US",31.23593,-94.75468,87.1,2/18/2003,0,12.2,22.2,1.7
USW00093987,"LUFKIN ANGELINA CO AIRPORT, TX US",31.23593,-94.75468,87.1,2/19/2003,2.5,17.2,22.2,12.2
USW00093987,"LUFKIN ANGELINA CO AIRPORT, TX US",31.23593,-94.75468,87.1,2/20/2003,77.7,12.8,13.9,11.1
USW00093987,"LUFKIN ANGELINA CO AIRPORT, TX US",31.23593,-94.75468,87.1,2/21/2003,29.7,12.8,14.4,10.6
USW00093987,"LUFKIN ANGELINA CO AIRPORT, TX US",31.23593,-94.75468,87.1,2/22/2003,0,11.7,18.3,5
USW00093987,"LUFKIN ANGELINA CO AIRPORT, TX US",31.23593,-94.75468,87.1,2/23/2003,0,13.9,23.3,4.4
USW00093987,"LUFKIN ANGELINA CO AIRPORT, TX US",31.23593,-94.75468,87.1,2/24/2003,7.9,6.7,9.4,3.3
USW00093987,"LUFKIN ANGELINA CO AIRPORT, TX US",31.23593,-94.75468,87.1,2/25/2003,1,2.8,3.9,1.7
USW00093987,"LUFKIN ANGELINA CO AIRPORT, TX US",31.23593,-94.75468,87.1,2/26/2003,3.8,2.8,4.4,1.1
USW00093987,"LUFKIN ANGELINA CO AIRPORT, TX US",31.23593,-94.75468,87.1,2/27/2003,0,5.6,8.3,2.2
USW00093987,"LUFKIN ANGELINA CO AIRPORT, TX US",31.23593,-94.75468,87.1,2/28/2003,0,6.7,7.8,5
USW00093987,"LUFKIN ANGELINA CO AIRPORT, TX US",31.23593,-94.75468,87.1,3/1/2003,0.3,10,14.4,5.6
USW00093987,"LUFKIN ANGELINA CO AIRPORT, TX US",31.23593,-94.75468,87.1,3/2/2003,1.5,13.3,17.8,8.3
USW00093987,"LUFKIN ANGELINA CO AIRPORT, TX US",31.23593,-94.75468,87.1,3/3/2003,25.9,7.8,9.4,6.1
USW00093987,"LUFKIN ANGELINA CO AIRPORT, TX US",31.23593,-94.75468,87.1,3/4/2003,0,11.1,14.4,7.8
USW00093987,"LUFKIN ANGELINA CO AIRPORT, TX US",31.23593,-94.75468,87.1,3/5/2003,22.9,10,15,5
USW00093987,"LUFKIN ANGELINA CO AIRPORT, TX US",31.23593,-94.75468,87.1,3/6/2003,0,8.9,14.4,2.8
USW00093987,"LUFKIN ANGELINA CO AIRPORT, TX US",31.23593,-94.75468,87.1,3/7/2003,0,12.8,22.8,2.2
USW00093987,"LUFKIN ANGELINA CO AIRPORT, TX US",31.23593,-94.75468,87.1,3/8/2003,0,13.9,21.7,6.1
USW00093987,"LUFKIN ANGELINA CO AIRPORT, TX US",31.23593,-94.75468,87.1,3/9/2003,0,17.2,26.7,7.2
USW00093987,"LUFKIN ANGELINA CO AIRPORT, TX US",31.23593,-94.75468,87.1,3/10/2003,0,15.6,23.3,7.8
USW00093987,"LUFKIN ANGELINA CO AIRPORT, TX US",31.23593,-94.75468,87.1,3/11/2003,0,17.2,25.6,8.9
USW00093987,"LUFKIN ANGELINA CO AIRPORT, TX US",31.23593,-94.75468,87.1,3/12/2003,0.3,18.3,23.9,12.8
USW00093987,"LUFKIN ANGELINA CO AIRPORT, TX US",31.23593,-94.75468,87.1,3/13/2003,10.7,17.8,23.3,12.2
USW00093987,"LUFKIN ANGELINA CO AIRPORT, TX US",31.23593,-94.75468,87.1,3/14/2003,0,18.3,26.1,10.6
USW00093987,"LUFKIN ANGELINA CO AIRPORT, TX US",31.23593,-94.75468,87.1,3/15/2003,0,18.9,25.6,11.7
USW00093987,"LUFKIN ANGELINA CO AIRPORT, TX US",31.23593,-94.75468,87.1,3/16/2003,0,16.7,22.2,11.1
USW00093987,"LUFKIN ANGELINA CO AIRPORT, TX US",31.23593,-94.75468,87.1,3/17/2003,0,17.8,25,10
USW00093987,"LUFKIN ANGELINA CO AIRPORT, TX US",31.23593,-94.75468,87.1,3/18/2003,14.5,13.9,18.9,8.3
USW00093987,"LUFKIN ANGELINA CO AIRPORT, TX US",31.23593,-94.75468,87.1,3/19/2003,0,16.1,25,7.2
USW00093987,"LUFKIN ANGELINA CO AIRPORT, TX US",31.23593,-94.75468,87.1,3/20/2003,0,15,18.9,11.1
USW00093987,"LUFKIN ANGELINA CO AIRPORT, TX US",31.23593,-94.75468,87.1,3/21/2003,0,12.8,18.9,6.7
USW00093987,"LUFKIN ANGELINA CO AIRPORT, TX US",31.23593,-94.75468,87.1,3/22/2003,0,12.2,18.9,5.6
USW00093987,"LUFKIN ANGELINA CO AIRPORT, TX US",31.23593,-94.75468,87.1,3/23/2003,0,15.6,23.3,7.2
USW00093987,"LUFKIN ANGELINA CO AIRPORT, TX US",31.23593,-94.75468,87.1,3/24/2003,0,17.2,26.7,7.8
USW00093987,"LUFKIN ANGELINA CO AIRPORT, TX US",31.23593,-94.75468,87.1,3/25/2003,0,19.4,25,13.9
USW00093987,"LUFKIN ANGELINA CO AIRPORT, TX US",31.23593,-94.75468,87.1,3/26/2003,10.9,16.7,18.9,13.9
USW00093987,"LUFKIN ANGELINA CO AIRPORT, TX US",31.23593,-94.75468,87.1,3/27/2003,0,18.9,25.6,12.2
USW00093987,"LUFKIN ANGELINA CO AIRPORT, TX US",31.23593,-94.75468,87.1,3/28/2003,0.5,13.3,18.3,8.3
USW00093987,"LUFKIN ANGELINA CO AIRPORT, TX US",31.23593,-94.75468,87.1,3/29/2003,0,10,15,4.4
USW00093987,"LUFKIN ANGELINA CO AIRPORT, TX US",31.23593,-94.75468,87.1,3/30/2003,0,8.3,17.2,-1.1
USW00093987,"LUFKIN ANGELINA CO AIRPORT, TX US",31.23593,-94.75468,87.1,3/31/2003,0,12.8,23.3,1.7
USW00093987,"LUFKIN ANGELINA CO AIRPORT, TX US",31.23593,-94.75468,87.1,4/1/2003,0,16.7,24.4,8.3
USW00093987,"LUFKIN ANGELINA CO AIRPORT, TX US",31.23593,-94.75468,87.1,4/2/2003,0,18.3,25.6,10.6
USW00093987,"LUFKIN ANGELINA CO AIRPORT, TX US",31.23593,-94.75468,87.1,4/3/2003,0,19.4,26.1,12.8
USW00093987,"LUFKIN ANGELINA CO AIRPORT, TX US",31.23593,-94.75468,87.1,4/4/2003,1.5,21.7,25.6,17.8
USW00093987,"LUFKIN ANGELINA CO AIRPORT, TX US",31.23593,-94.75468,87.1,4/5/2003,0,23.3,28.9,17.8
USW00093987,"LUFKIN ANGELINA CO AIRPORT, TX US",31.23593,-94.75468,87.1,4/6/2003,1.5,22.8,24.4,20.6
USW00093987,"LUFKIN ANGELINA CO AIRPORT, TX US",31.23593,-94.75468,87.1,4/7/2003,0,23.9,29.4,18.3
USW00093987,"LUFKIN ANGELINA CO AIRPORT, TX US",31.23593,-94.75468,87.1,4/8/2003,0,12.2,18.9,5.6
USW00093987,"LUFKIN ANGELINA CO AIRPORT, TX US",31.23593,-94.75468,87.1,4/9/2003,0,9.4,16.7,1.7
USW00093987,"LUFKIN ANGELINA CO AIRPORT, TX US",31.23593,-94.75468,87.1,4/10/2003,0,12.8,23.9,1.7
USW00093987,"LUFKIN ANGELINA CO AIRPORT, TX US",31.23593,-94.75468,87.1,4/11/2003,0,15.6,25.6,5.6
USW00093987,"LUFKIN ANGELINA CO AIRPORT, TX US",31.23593,-94.75468,87.1,4/12/2003,0,17.8,27.8,7.8
USW00093987,"LUFKIN ANGELINA CO AIRPORT, TX US",31.23593,-94.75468,87.1,4/13/2003,0,19.4,28.9,10
USW00093987,"LUFKIN ANGELINA CO AIRPORT, TX US",31.23593,-94.75468,87.1,4/14/2003,0,21.1,28.9,13.3
USW00093987,"LUFKIN ANGELINA CO AIRPORT, TX US",31.23593,-94.75468,87.1,4/15/2003,0,22.2,28.3,15.6
USW00093987,"LUFKIN ANGELINA CO AIRPORT, TX US",31.23593,-94.75468,87.1,4/16/2003,0,23.3,28.9,17.8
USW00093987,"LUFKIN ANGELINA CO AIRPORT, TX US",31.23593,-94.75468,87.1,4/17/2003,0,22.2,29.4,15
USW00093987,"LUFKIN ANGELINA CO AIRPORT, TX US",31.23593,-94.75468,87.1,4/18/2003,0,23.3,30.6,15.6
USW00093987,"LUFKIN ANGELINA CO AIRPORT, TX US",31.23593,-94.75468,87.1,4/19/2003,0,21.7,25.6,17.8
USW00093987,"LUFKIN ANGELINA CO AIRPORT, TX US",31.23593,-94.75468,87.1,4/20/2003,50,20.6,22.8,18.3
USW00093987,"LUFKIN ANGELINA CO AIRPORT, TX US",31.23593,-94.75468,87.1,4/21/2003,0,20,26.1,13.3
USW00093987,"LUFKIN ANGELINA CO AIRPORT, TX US",31.23593,-94.75468,87.1,4/22/2003,6.9,18.3,23.9,12.2
USW00093987,"LUFKIN ANGELINA CO AIRPORT, TX US",31.23593,-94.75468,87.1,4/23/2003,0,19.4,23.9,14.4
USW00093987,"LUFKIN ANGELINA CO AIRPORT, TX US",31.23593,-94.75468,87.1,4/24/2003,1,25,29.4,20.6
USW00093987,"LUFKIN ANGELINA CO AIRPORT, TX US",31.23593,-94.75468,87.1,4/25/2003,0,21.1,27.8,13.9
USW00093987,"LUFKIN ANGELINA CO AIRPORT, TX US",31.23593,-94.75468,87.1,4/26/2003,0,20,27.8,11.7
USW00093987,"LUFKIN ANGELINA CO AIRPORT, TX US",31.23593,-94.75468,87.1,4/27/2003,0,21.7,29.4,13.3
USW00093987,"LUFKIN ANGELINA CO AIRPORT, TX US",31.23593,-94.75468,87.1,4/28/2003,0,21.1,27.2,14.4
USW00093987,"LUFKIN ANGELINA CO AIRPORT, TX US",31.23593,-94.75468,87.1,4/29/2003,0,21.7,28.9,14.4
USW00093987,"LUFKIN ANGELINA CO AIRPORT, TX US",31.23593,-94.75468,87.1,4/30/2003,0.3,24.4,30,18.3
USW00093987,"LUFKIN ANGELINA CO AIRPORT, TX US",31.23593,-94.75468,87.1,5/1/2003,4.1,23.9,27.8,19.4
USW00093987,"LUFKIN ANGELINA CO AIRPORT, TX US",31.23593,-94.75468,87.1,5/2/2003,2.8,23.3,29.4,16.7
USW00093987,"LUFKIN ANGELINA CO AIRPORT, TX US",31.23593,-94.75468,87.1,5/3/2003,0,26.1,31.1,21.1
USW00093987,"LUFKIN ANGELINA CO AIRPORT, TX US",31.23593,-94.75468,87.1,5/4/2003,0,24.4,27.8,21.1
USW00093987,"LUFKIN ANGELINA CO AIRPORT, TX US",31.23593,-94.75468,87.1,5/5/2003,0,27.8,30.6,24.4
USW00093987,"LUFKIN ANGELINA CO AIRPORT, TX US",31.23593,-94.75468,87.1,5/6/2003,0,27.2,30.6,23.9
USW00093987,"LUFKIN ANGELINA CO AIRPORT, TX US",31.23593,-94.75468,87.1,5/7/2003,0,28.3,32.2,23.9
USW00093987,"LUFKIN ANGELINA CO AIRPORT, TX US",31.23593,-94.75468,87.1,5/8/2003,0,28.3,33.3,22.8
USW00093987,"LUFKIN ANGELINA CO AIRPORT, TX US",31.23593,-94.75468,87.1,5/9/2003,0,27.2,32.8,21.7
USW00093987,"LUFKIN ANGELINA CO AIRPORT, TX US",31.23593,-94.75468,87.1,5/10/2003,0,27.2,31.7,22.8
USW00093987,"LUFKIN ANGELINA CO AIRPORT, TX US",31.23593,-94.75468,87.1,5/11/2003,0,24.4,28.3,20.6
USW00093987,"LUFKIN ANGELINA CO AIRPORT, TX US",31.23593,-94.75468,87.1,5/12/2003,0.8,22.2,27.2,17.2
USW00093987,"LUFKIN ANGELINA CO AIRPORT, TX US",31.23593,-94.75468,87.1,5/13/2003,0.8,24.4,31.1,17.8
USW00093987,"LUFKIN ANGELINA CO AIRPORT, TX US",31.23593,-94.75468,87.1,5/14/2003,0,27.2,32.2,21.7
USW00093987,"LUFKIN ANGELINA CO AIRPORT, TX US",31.23593,-94.75468,87.1,5/15/2003,0,27.2,31.1,22.8
USW00093987,"LUFKIN ANGELINA CO AIRPORT, TX US",31.23593,-94.75468,87.1,5/16/2003,0,28.3,32.8,23.3
USW00093987,"LUFKIN ANGELINA CO AIRPORT, TX US",31.23593,-94.75468,87.1,5/17/2003,0,22.2,27.2,16.7
USW00093987,"LUFKIN ANGELINA CO AIRPORT, TX US",31.23593,-94.75468,87.1,5/18/2003,0,23.3,31.1,15
USW00093987,"LUFKIN ANGELINA CO AIRPORT, TX US",31.23593,-94.75468,87.1,5/19/2003,0,25.6,32.8,17.8
USW00093987,"LUFKIN ANGELINA CO AIRPORT, TX US",31.23593,-94.75468,87.1,5/20/2003,0,26.1,31.7,20
USW00093987,"LUFKIN ANGELINA CO AIRPORT, TX US",31.23593,-94.75468,87.1,5/21/2003,0,22.2,25.6,18.3
USW00093987,"LUFKIN ANGELINA CO AIRPORT, TX US",31.23593,-94.75468,87.1,5/22/2003,0,23.3,28.9,17.2
USW00093987,"LUFKIN ANGELINA CO AIRPORT, TX US",31.23593,-94.75468,87.1,5/23/2003,0,22.2,29.4,15
USW00093987,"LUFKIN ANGELINA CO AIRPORT, TX US",31.23593,-94.75468,87.1,5/24/2003,0,22.8,29.4,16.1
USW00093987,"LUFKIN ANGELINA CO AIRPORT, TX US",31.23593,-94.75468,87.1,5/25/2003,0.3,25.6,30.6,20.6
USW00093987,"LUFKIN ANGELINA CO AIRPORT, TX US",31.23593,-94.75468,87.1,5/26/2003,3.3,22.8,24.4,20.6
USW00093987,"LUFKIN ANGELINA CO AIRPORT, TX US",31.23593,-94.75468,87.1,5/27/2003,0,21.7,27.8,15
USW00093987,"LUFKIN ANGELINA CO AIRPORT, TX US",31.23593,-94.75468,87.1,5/28/2003,0,20.6,28.9,12.2
USW00093987,"LUFKIN ANGELINA CO AIRPORT, TX US",31.23593,-94.75468,87.1,5/29/2003,0,23.3,33.3,13.3
USW00093987,"LUFKIN ANGELINA CO AIRPORT, TX US",31.23593,-94.75468,87.1,5/30/2003,0,26.7,36.1,17.2
USW00093987,"LUFKIN ANGELINA CO AIRPORT, TX US",31.23593,-94.75468,87.1,5/31/2003,0,28.3,36.1,20.6
USW00093987,"LUFKIN ANGELINA CO AIRPORT, TX US",31.23593,-94.75468,87.1,6/1/2003,0,27.2,34.4,19.4
USW00093987,"LUFKIN ANGELINA CO AIRPORT, TX US",31.23593,-94.75468,87.1,6/2/2003,0,27.2,32.2,21.7
USW00093987,"LUFKIN ANGELINA CO AIRPORT, TX US",31.23593,-94.75468,87.1,6/3/2003,0,27.2,35,19.4
USW00093987,"LUFKIN ANGELINA CO AIRPORT, TX US",31.23593,-94.75468,87.1,6/4/2003,1.3,25,27.8,21.7
USW00093987,"LUFKIN ANGELINA CO AIRPORT, TX US",31.23593,-94.75468,87.1,6/5/2003,8.9,24.4,28.3,20.6
USW00093987,"LUFKIN ANGELINA CO AIRPORT, TX US",31.23593,-94.75468,87.1,6/6/2003,0,24.4,30,18.9
USW00093987,"LUFKIN ANGELINA CO AIRPORT, TX US",31.23593,-94.75468,87.1,6/7/2003,0,24.4,31.7,17.2
USW00093987,"LUFKIN ANGELINA CO AIRPORT, TX US",31.23593,-94.75468,87.1,6/8/2003,0,25,32.8,16.7
USW00093987,"LUFKIN ANGELINA CO AIRPORT, TX US",31.23593,-94.75468,87.1,6/9/2003,0,26.1,35,17.2
USW00093987,"LUFKIN ANGELINA CO AIRPORT, TX US",31.23593,-94.75468,87.1,6/10/2003,0.3,28.3,33.3,22.8
USW00093987,"LUFKIN ANGELINA CO AIRPORT, TX US",31.23593,-94.75468,87.1,6/11/2003,0,NA,35.6,22.8
USW00093987,"LUFKIN ANGELINA CO AIRPORT, TX US",31.23593,-94.75468,87.1,6/12/2003,57.9,25,30,19.4
USW00093987,"LUFKIN ANGELINA CO AIRPORT, TX US",31.23593,-94.75468,87.1,6/13/2003,24.1,23.9,28.3,18.9
USW00093987,"LUFKIN ANGELINA CO AIRPORT, TX US",31.23593,-94.75468,87.1,6/14/2003,0.8,26.1,31.7,20
USW00093987,"LUFKIN ANGELINA CO AIRPORT, TX US",31.23593,-94.75468,87.1,6/15/2003,13,23.9,27.2,20
USW00093987,"LUFKIN ANGELINA CO AIRPORT, TX US",31.23593,-94.75468,87.1,6/16/2003,32,25.6,30,20.6
USW00093987,"LUFKIN ANGELINA CO AIRPORT, TX US",31.23593,-94.75468,87.1,6/17/2003,12.2,25.6,29.4,21.7
USW00093987,"LUFKIN ANGELINA CO AIRPORT, TX US",31.23593,-94.75468,87.1,6/18/2003,0,26.1,31.1,20.6
USW00093987,"LUFKIN ANGELINA CO AIRPORT, TX US",31.23593,-94.75468,87.1,6/19/2003,0,27.2,33.3,21.1
USW00093987,"LUFKIN ANGELINA CO AIRPORT, TX US",31.23593,-94.75468,87.1,6/20/2003,0.3,27.2,32.2,21.7
USW00093987,"LUFKIN ANGELINA CO AIRPORT, TX US",31.23593,-94.75468,87.1,6/21/2003,0,NA,32.8,23.3
USW00093987,"LUFKIN ANGELINA CO AIRPORT, TX US",31.23593,-94.75468,87.1,6/22/2003,0,29.4,34.4,23.9
USW00093987,"LUFKIN ANGELINA CO AIRPORT, TX US",31.23593,-94.75468,87.1,6/23/2003,0,29.4,35,23.9
USW00093987,"LUFKIN ANGELINA CO AIRPORT, TX US",31.23593,-94.75468,87.1,6/24/2003,4.1,29.4,33.9,24.4
USW00093987,"LUFKIN ANGELINA CO AIRPORT, TX US",31.23593,-94.75468,87.1,6/25/2003,0,29.4,34.4,23.9
USW00093987,"LUFKIN ANGELINA CO AIRPORT, TX US",31.23593,-94.75468,87.1,6/26/2003,13.5,28.9,32.8,24.4
USW00093987,"LUFKIN ANGELINA CO AIRPORT, TX US",31.23593,-94.75468,87.1,6/27/2003,0,26.1,30.6,21.1
USW00093987,"LUFKIN ANGELINA CO AIRPORT, TX US",31.23593,-94.75468,87.1,6/28/2003,0,25.6,31.7,18.9
USW00093987,"LUFKIN ANGELINA CO AIRPORT, TX US",31.23593,-94.75468,87.1,6/29/2003,0,26.7,32.8,20
USW00093987,"LUFKIN ANGELINA CO AIRPORT, TX US",31.23593,-94.75468,87.1,6/30/2003,6.4,27.2,31.7,22.8
USW00093987,"LUFKIN ANGELINA CO AIRPORT, TX US",31.23593,-94.75468,87.1,7/1/2003,0,27.2,33.3,21.1
USW00093987,"LUFKIN ANGELINA CO AIRPORT, TX US",31.23593,-94.75468,87.1,7/2/2003,0,28.3,34.4,22.2
USW00093987,"LUFKIN ANGELINA CO AIRPORT, TX US",31.23593,-94.75468,87.1,7/3/2003,0,27.8,33.9,21.7
USW00093987,"LUFKIN ANGELINA CO AIRPORT, TX US",31.23593,-94.75468,87.1,7/4/2003,41.7,27.2,32.2,22.2
USW00093987,"LUFKIN ANGELINA CO AIRPORT, TX US",31.23593,-94.75468,87.1,7/5/2003,3.6,25.6,28.9,22.2
USW00093987,"LUFKIN ANGELINA CO AIRPORT, TX US",31.23593,-94.75468,87.1,7/6/2003,0.3,27.8,32.8,22.2
USW00093987,"LUFKIN ANGELINA CO AIRPORT, TX US",31.23593,-94.75468,87.1,7/7/2003,0,27.8,32.8,22.2
USW00093987,"LUFKIN ANGELINA CO AIRPORT, TX US",31.23593,-94.75468,87.1,7/8/2003,2,27.2,33.3,21.1
USW00093987,"LUFKIN ANGELINA CO AIRPORT, TX US",31.23593,-94.75468,87.1,7/9/2003,11.4,27.2,32.2,22.2
USW00093987,"LUFKIN ANGELINA CO AIRPORT, TX US",31.23593,-94.75468,87.1,7/10/2003,13,27.2,31.7,22.8
USW00093987,"LUFKIN ANGELINA CO AIRPORT, TX US",31.23593,-94.75468,87.1,7/11/2003,48.3,24.4,27.2,21.1
USW00093987,"LUFKIN ANGELINA CO AIRPORT, TX US",31.23593,-94.75468,87.1,7/12/2003,0,27.2,33.3,20.6
USW00093987,"LUFKIN ANGELINA CO AIRPORT, TX US",31.23593,-94.75468,87.1,7/13/2003,0.8,27.8,33.9,21.7
USW00093987,"LUFKIN ANGELINA CO AIRPORT, TX US",31.23593,-94.75468,87.1,7/14/2003,0,27.2,32.8,21.1
USW00093987,"LUFKIN ANGELINA CO AIRPORT, TX US",31.23593,-94.75468,87.1,7/15/2003,0,27.8,32.2,22.8
USW00093987,"LUFKIN ANGELINA CO AIRPORT, TX US",31.23593,-94.75468,87.1,7/16/2003,1.5,28.9,33.3,23.9
USW00093987,"LUFKIN ANGELINA CO AIRPORT, TX US",31.23593,-94.75468,87.1,7/17/2003,0,28.3,33.9,22.2
USW00093987,"LUFKIN ANGELINA CO AIRPORT, TX US",31.23593,-94.75468,87.1,7/18/2003,0,28.9,35,22.8
USW00093987,"LUFKIN ANGELINA CO AIRPORT, TX US",31.23593,-94.75468,87.1,7/19/2003,0,28.3,32.8,23.3
USW00093987,"LUFKIN ANGELINA CO AIRPORT, TX US",31.23593,-94.75468,87.1,7/20/2003,0,29.4,34.4,23.9
USW00093987,"LUFKIN ANGELINA CO AIRPORT, TX US",31.23593,-94.75468,87.1,7/21/2003,0,29.4,35,23.9
USW00093987,"LUFKIN ANGELINA CO AIRPORT, TX US",31.23593,-94.75468,87.1,7/22/2003,0,-17.8,35,22.2
USW00093987,"LUFKIN ANGELINA CO AIRPORT, TX US",31.23593,-94.75468,87.1,7/23/2003,37.6,25.6,30.6,20.6
USW00093987,"LUFKIN ANGELINA CO AIRPORT, TX US",31.23593,-94.75468,87.1,7/24/2003,0,27.2,31.7,22.8
USW00093987,"LUFKIN ANGELINA CO AIRPORT, TX US",31.23593,-94.75468,87.1,7/25/2003,0,28.3,33.3,22.8
USW00093987,"LUFKIN ANGELINA CO AIRPORT, TX US",31.23593,-94.75468,87.1,7/26/2003,0,28.3,33.9,22.8
USW00093987,"LUFKIN ANGELINA CO AIRPORT, TX US",31.23593,-94.75468,87.1,7/27/2003,0,27.8,33.3,21.7
USW00093987,"LUFKIN ANGELINA CO AIRPORT, TX US",31.23593,-94.75468,87.1,7/28/2003,0,28.3,33.3,22.8
USW00093987,"LUFKIN ANGELINA CO AIRPORT, TX US",31.23593,-94.75468,87.1,7/29/2003,0,28.9,34.4,23.3
USW00093987,"LUFKIN ANGELINA CO AIRPORT, TX US",31.23593,-94.75468,87.1,7/30/2003,0,29.4,35,23.9
USW00093987,"LUFKIN ANGELINA CO AIRPORT, TX US",31.23593,-94.75468,87.1,7/31/2003,0,28.9,33.3,23.9
USW00093987,"LUFKIN ANGELINA CO AIRPORT, TX US",31.23593,-94.75468,87.1,8/1/2003,0,29.4,35,23.9
USW00093987,"LUFKIN ANGELINA CO AIRPORT, TX US",31.23593,-94.75468,87.1,8/2/2003,0,29.4,34.4,23.9
USW00093987,"LUFKIN ANGELINA CO AIRPORT, TX US",31.23593,-94.75468,87.1,8/3/2003,0,29.4,34.4,24.4
USW00093987,"LUFKIN ANGELINA CO AIRPORT, TX US",31.23593,-94.75468,87.1,8/4/2003,0,29.4,35,23.3
USW00093987,"LUFKIN ANGELINA CO AIRPORT, TX US",31.23593,-94.75468,87.1,8/5/2003,0,30,35.6,23.9
USW00093987,"LUFKIN ANGELINA CO AIRPORT, TX US",31.23593,-94.75468,87.1,8/6/2003,0,31.1,37.8,24.4
USW00093987,"LUFKIN ANGELINA CO AIRPORT, TX US",31.23593,-94.75468,87.1,8/7/2003,0,30,36.7,22.8
USW00093987,"LUFKIN ANGELINA CO AIRPORT, TX US",31.23593,-94.75468,87.1,8/8/2003,0,30,36.1,23.3
USW00093987,"LUFKIN ANGELINA CO AIRPORT, TX US",31.23593,-94.75468,87.1,8/9/2003,0,28.9,34.4,23.3
USW00093987,"LUFKIN ANGELINA CO AIRPORT, TX US",31.23593,-94.75468,87.1,8/10/2003,0,29.4,36.1,22.8
USW00093987,"LUFKIN ANGELINA CO AIRPORT, TX US",31.23593,-94.75468,87.1,8/11/2003,31,23.3,27.2,19.4
USW00093987,"LUFKIN ANGELINA CO AIRPORT, TX US",31.23593,-94.75468,87.1,8/12/2003,10.2,23.9,27.8,19.4
USW00093987,"LUFKIN ANGELINA CO AIRPORT, TX US",31.23593,-94.75468,87.1,8/13/2003,0,25,30,20
USW00093987,"LUFKIN ANGELINA CO AIRPORT, TX US",31.23593,-94.75468,87.1,8/14/2003,5.8,26.7,30.6,22.8
USW00093987,"LUFKIN ANGELINA CO AIRPORT, TX US",31.23593,-94.75468,87.1,8/15/2003,0,27.8,33.3,22.2
USW00093987,"LUFKIN ANGELINA CO AIRPORT, TX US",31.23593,-94.75468,87.1,8/16/2003,0,30,35.6,23.9
USW00093987,"LUFKIN ANGELINA CO AIRPORT, TX US",31.23593,-94.75468,87.1,8/17/2003,0,30,35.6,23.9
USW00093987,"LUFKIN ANGELINA CO AIRPORT, TX US",31.23593,-94.75468,87.1,8/18/2003,0,28.9,35.6,22.2
USW00093987,"LUFKIN ANGELINA CO AIRPORT, TX US",31.23593,-94.75468,87.1,8/19/2003,0,28.9,34.4,23.3
USW00093987,"LUFKIN ANGELINA CO AIRPORT, TX US",31.23593,-94.75468,87.1,8/20/2003,0,28.9,34.4,23.3
USW00093987,"LUFKIN ANGELINA CO AIRPORT, TX US",31.23593,-94.75468,87.1,8/21/2003,3.6,28.3,35,21.7
USW00093987,"LUFKIN ANGELINA CO AIRPORT, TX US",31.23593,-94.75468,87.1,8/22/2003,0,27.2,33.3,20.6
USW00093987,"LUFKIN ANGELINA CO AIRPORT, TX US",31.23593,-94.75468,87.1,8/23/2003,0,28.9,35,22.2
USW00093987,"LUFKIN ANGELINA CO AIRPORT, TX US",31.23593,-94.75468,87.1,8/24/2003,0,28.9,36.1,21.7
USW00093987,"LUFKIN ANGELINA CO AIRPORT, TX US",31.23593,-94.75468,87.1,8/25/2003,0,29.4,36.1,22.8
USW00093987,"LUFKIN ANGELINA CO AIRPORT, TX US",31.23593,-94.75468,87.1,8/26/2003,0,30,36.1,23.3
USW00093987,"LUFKIN ANGELINA CO AIRPORT, TX US",31.23593,-94.75468,87.1,8/27/2003,8.9,28.3,33.3,23.3
USW00093987,"LUFKIN ANGELINA CO AIRPORT, TX US",31.23593,-94.75468,87.1,8/28/2003,67.8,28.9,34.4,23.3
USW00093987,"LUFKIN ANGELINA CO AIRPORT, TX US",31.23593,-94.75468,87.1,8/29/2003,0,28.3,33.9,22.8
USW00093987,"LUFKIN ANGELINA CO AIRPORT, TX US",31.23593,-94.75468,87.1,8/30/2003,0,27.8,32.2,23.3
USW00093987,"LUFKIN ANGELINA CO AIRPORT, TX US",31.23593,-94.75468,87.1,8/31/2003,20.1,25.6,27.8,23.3
USW00093987,"LUFKIN ANGELINA CO AIRPORT, TX US",31.23593,-94.75468,87.1,9/1/2003,62.7,26.7,30,23.3
USW00093987,"LUFKIN ANGELINA CO AIRPORT, TX US",31.23593,-94.75468,87.1,9/2/2003,22.9,27.2,31.1,23.3
USW00093987,"LUFKIN ANGELINA CO AIRPORT, TX US",31.23593,-94.75468,87.1,9/3/2003,1.5,26.7,29.4,23.3
USW00093987,"LUFKIN ANGELINA CO AIRPORT, TX US",31.23593,-94.75468,87.1,9/4/2003,0,27.8,32.2,22.8
USW00093987,"LUFKIN ANGELINA CO AIRPORT, TX US",31.23593,-94.75468,87.1,9/5/2003,0,24.4,30.6,18.3
USW00093987,"LUFKIN ANGELINA CO AIRPORT, TX US",31.23593,-94.75468,87.1,9/6/2003,0,22.8,29.4,15.6
USW00093987,"LUFKIN ANGELINA CO AIRPORT, TX US",31.23593,-94.75468,87.1,9/7/2003,0,23.3,30.6,15.6
USW00093987,"LUFKIN ANGELINA CO AIRPORT, TX US",31.23593,-94.75468,87.1,9/8/2003,0,25.6,31.7,19.4
USW00093987,"LUFKIN ANGELINA CO AIRPORT, TX US",31.23593,-94.75468,87.1,9/9/2003,0,25.6,31.1,19.4
USW00093987,"LUFKIN ANGELINA CO AIRPORT, TX US",31.23593,-94.75468,87.1,9/10/2003,0.3,26.1,31.1,20.6
USW00093987,"LUFKIN ANGELINA CO AIRPORT, TX US",31.23593,-94.75468,87.1,9/11/2003,2.3,27.2,32.8,21.7
USW00093987,"LUFKIN ANGELINA CO AIRPORT, TX US",31.23593,-94.75468,87.1,9/12/2003,52.6,22.8,25,20.6
USW00093987,"LUFKIN ANGELINA CO AIRPORT, TX US",31.23593,-94.75468,87.1,9/13/2003,0,25.6,31.1,19.4
USW00093987,"LUFKIN ANGELINA CO AIRPORT, TX US",31.23593,-94.75468,87.1,9/14/2003,0,24.4,30,18.9
USW00093987,"LUFKIN ANGELINA CO AIRPORT, TX US",31.23593,-94.75468,87.1,9/15/2003,0,23.9,29.4,18.3
USW00093987,"LUFKIN ANGELINA CO AIRPORT, TX US",31.23593,-94.75468,87.1,9/16/2003,0,24.4,30,18.9
USW00093987,"LUFKIN ANGELINA CO AIRPORT, TX US",31.23593,-94.75468,87.1,9/17/2003,0,23.3,31.1,15.6
USW00093987,"LUFKIN ANGELINA CO AIRPORT, TX US",31.23593,-94.75468,87.1,9/18/2003,0,23.3,28.3,18.3
USW00093987,"LUFKIN ANGELINA CO AIRPORT, TX US",31.23593,-94.75468,87.1,9/19/2003,0,25,29.4,20
USW00093987,"LUFKIN ANGELINA CO AIRPORT, TX US",31.23593,-94.75468,87.1,9/20/2003,0,25,30,20
USW00093987,"LUFKIN ANGELINA CO AIRPORT, TX US",31.23593,-94.75468,87.1,9/21/2003,13.7,21.7,22.8,20.6
USW00093987,"LUFKIN ANGELINA CO AIRPORT, TX US",31.23593,-94.75468,87.1,9/22/2003,0,23.3,28.3,17.8
USW00093987,"LUFKIN ANGELINA CO AIRPORT, TX US",31.23593,-94.75468,87.1,9/23/2003,0,22.2,28.9,15.6
USW00093987,"LUFKIN ANGELINA CO AIRPORT, TX US",31.23593,-94.75468,87.1,9/24/2003,0,25,30,19.4
USW00093987,"LUFKIN ANGELINA CO AIRPORT, TX US",31.23593,-94.75468,87.1,9/25/2003,0,25,30.6,18.9
USW00093987,"LUFKIN ANGELINA CO AIRPORT, TX US",31.23593,-94.75468,87.1,9/26/2003,0,23.9,28.3,18.9
USW00093987,"LUFKIN ANGELINA CO AIRPORT, TX US",31.23593,-94.75468,87.1,9/27/2003,0,25.6,31.7,18.9
USW00093987,"LUFKIN ANGELINA CO AIRPORT, TX US",31.23593,-94.75468,87.1,9/28/2003,0,22.2,28.3,15.6
USW00093987,"LUFKIN ANGELINA CO AIRPORT, TX US",31.23593,-94.75468,87.1,9/29/2003,0,18.9,25,12.8
USW00093987,"LUFKIN ANGELINA CO AIRPORT, TX US",31.23593,-94.75468,87.1,9/30/2003,0,18.9,25,12.2
USW00093987,"LUFKIN ANGELINA CO AIRPORT, TX US",31.23593,-94.75468,87.1,10/1/2003,0,19.4,26.1,12.2
USW00093987,"LUFKIN ANGELINA CO AIRPORT, TX US",31.23593,-94.75468,87.1,10/2/2003,0,17.8,22.8,12.2
USW00093987,"LUFKIN ANGELINA CO AIRPORT, TX US",31.23593,-94.75468,87.1,10/3/2003,0,17.2,24.4,10
USW00093987,"LUFKIN ANGELINA CO AIRPORT, TX US",31.23593,-94.75468,87.1,10/4/2003,0,19.4,28.3,10.6
USW00093987,"LUFKIN ANGELINA CO AIRPORT, TX US",31.23593,-94.75468,87.1,10/5/2003,1,21.1,27.2,15
USW00093987,"LUFKIN ANGELINA CO AIRPORT, TX US",31.23593,-94.75468,87.1,10/6/2003,2,22.2,25.6,18.9
USW00093987,"LUFKIN ANGELINA CO AIRPORT, TX US",31.23593,-94.75468,87.1,10/7/2003,0,23.9,28.9,18.3
USW00093987,"LUFKIN ANGELINA CO AIRPORT, TX US",31.23593,-94.75468,87.1,10/8/2003,0,25,29.4,20
USW00093987,"LUFKIN ANGELINA CO AIRPORT, TX US",31.23593,-94.75468,87.1,10/9/2003,39.1,22.2,22.8,21.1
USW00093987,"LUFKIN ANGELINA CO AIRPORT, TX US",31.23593,-94.75468,87.1,10/10/2003,0.3,22.8,26.7,18.3
USW00093987,"LUFKIN ANGELINA CO AIRPORT, TX US",31.23593,-94.75468,87.1,10/11/2003,0,22.8,29.4,16.1
USW00093987,"LUFKIN ANGELINA CO AIRPORT, TX US",31.23593,-94.75468,87.1,10/12/2003,0,23.9,28.9,18.9
USW00093987,"LUFKIN ANGELINA CO AIRPORT, TX US",31.23593,-94.75468,87.1,10/13/2003,0,23.3,26.1,20.6
USW00093987,"LUFKIN ANGELINA CO AIRPORT, TX US",31.23593,-94.75468,87.1,10/14/2003,0.5,18.3,25.6,11.1
USW00093987,"LUFKIN ANGELINA CO AIRPORT, TX US",31.23593,-94.75468,87.1,10/15/2003,0,16.1,24.4,7.8
USW00093987,"LUFKIN ANGELINA CO AIRPORT, TX US",31.23593,-94.75468,87.1,10/16/2003,0,20,28.3,11.1
USW00093987,"LUFKIN ANGELINA CO AIRPORT, TX US",31.23593,-94.75468,87.1,10/17/2003,0,21.7,28.3,15
USW00093987,"LUFKIN ANGELINA CO AIRPORT, TX US",31.23593,-94.75468,87.1,10/18/2003,0,17.8,25,10.6
USW00093987,"LUFKIN ANGELINA CO AIRPORT, TX US",31.23593,-94.75468,87.1,10/19/2003,0,18.3,26.7,9.4
USW00093987,"LUFKIN ANGELINA CO AIRPORT, TX US",31.23593,-94.75468,87.1,10/20/2003,0,19.4,28.9,10
USW00093987,"LUFKIN ANGELINA CO AIRPORT, TX US",31.23593,-94.75468,87.1,10/21/2003,0,20.6,30,11.1
USW00093987,"LUFKIN ANGELINA CO AIRPORT, TX US",31.23593,-94.75468,87.1,10/22/2003,0,22.2,32.2,11.7
USW00093987,"LUFKIN ANGELINA CO AIRPORT, TX US",31.23593,-94.75468,87.1,10/23/2003,0,22.8,32.2,12.8
USW00093987,"LUFKIN ANGELINA CO AIRPORT, TX US",31.23593,-94.75468,87.1,10/24/2003,0,21.7,29.4,13.9
USW00093987,"LUFKIN ANGELINA CO AIRPORT, TX US",31.23593,-94.75468,87.1,10/25/2003,5.8,21.7,24.4,18.3
USW00093987,"LUFKIN ANGELINA CO AIRPORT, TX US",31.23593,-94.75468,87.1,10/26/2003,1.5,15,18.3,11.1
USW00093987,"LUFKIN ANGELINA CO AIRPORT, TX US",31.23593,-94.75468,87.1,10/27/2003,0,13.9,20,7.2
USW00093987,"LUFKIN ANGELINA CO AIRPORT, TX US",31.23593,-94.75468,87.1,10/28/2003,0,15.6,25.6,5.6
USW00093987,"LUFKIN ANGELINA CO AIRPORT, TX US",31.23593,-94.75468,87.1,10/29/2003,0,17.8,27.2,8.3
USW00093987,"LUFKIN ANGELINA CO AIRPORT, TX US",31.23593,-94.75468,87.1,10/30/2003,0,22.8,29.4,16.1
USW00093987,"LUFKIN ANGELINA CO AIRPORT, TX US",31.23593,-94.75468,87.1,10/31/2003,0,23.9,28.9,18.9
USW00093987,"LUFKIN ANGELINA CO AIRPORT, TX US",31.23593,-94.75468,87.1,11/1/2003,0,23.3,28.9,17.2
USW00093987,"LUFKIN ANGELINA CO AIRPORT, TX US",31.23593,-94.75468,87.1,11/2/2003,0,22.8,27.8,17.8
USW00093987,"LUFKIN ANGELINA CO AIRPORT, TX US",31.23593,-94.75468,87.1,11/3/2003,0,21.7,28.3,15
USW00093987,"LUFKIN ANGELINA CO AIRPORT, TX US",31.23593,-94.75468,87.1,11/4/2003,0,20,27.2,12.2
USW00093987,"LUFKIN ANGELINA CO AIRPORT, TX US",31.23593,-94.75468,87.1,11/5/2003,0,22.2,28.9,15
USW00093987,"LUFKIN ANGELINA CO AIRPORT, TX US",31.23593,-94.75468,87.1,11/6/2003,0,16.1,19.4,12.2
USW00093987,"LUFKIN ANGELINA CO AIRPORT, TX US",31.23593,-94.75468,87.1,11/7/2003,0,12.8,13.9,11.1
USW00093987,"LUFKIN ANGELINA CO AIRPORT, TX US",31.23593,-94.75468,87.1,11/8/2003,6.1,11.7,12.8,10
USW00093987,"LUFKIN ANGELINA CO AIRPORT, TX US",31.23593,-94.75468,87.1,11/9/2003,1,12.8,15,10.6
USW00093987,"LUFKIN ANGELINA CO AIRPORT, TX US",31.23593,-94.75468,87.1,11/10/2003,0,17.8,25,10
USW00093987,"LUFKIN ANGELINA CO AIRPORT, TX US",31.23593,-94.75468,87.1,11/11/2003,0,24.4,28.3,20.6
USW00093987,"LUFKIN ANGELINA CO AIRPORT, TX US",31.23593,-94.75468,87.1,11/12/2003,0,24.4,28.9,19.4
USW00093987,"LUFKIN ANGELINA CO AIRPORT, TX US",31.23593,-94.75468,87.1,11/13/2003,0,15.6,22.2,8.9
USW00093987,"LUFKIN ANGELINA CO AIRPORT, TX US",31.23593,-94.75468,87.1,11/14/2003,0,12.8,20.6,5
USW00093987,"LUFKIN ANGELINA CO AIRPORT, TX US",31.23593,-94.75468,87.1,11/15/2003,11.9,20,27.2,12.8
USW00093987,"LUFKIN ANGELINA CO AIRPORT, TX US",31.23593,-94.75468,87.1,11/16/2003,8.4,21.7,25,17.8
USW00093987,"LUFKIN ANGELINA CO AIRPORT, TX US",31.23593,-94.75468,87.1,11/17/2003,56.4,20.6,22.8,17.8
USW00093987,"LUFKIN ANGELINA CO AIRPORT, TX US",31.23593,-94.75468,87.1,11/18/2003,2,17.2,22.8,11.1
USW00093987,"LUFKIN ANGELINA CO AIRPORT, TX US",31.23593,-94.75468,87.1,11/19/2003,0,14.4,21.7,6.7
USW00093987,"LUFKIN ANGELINA CO AIRPORT, TX US",31.23593,-94.75468,87.1,11/20/2003,0,13.3,22.8,3.9
USW00093987,"LUFKIN ANGELINA CO AIRPORT, TX US",31.23593,-94.75468,87.1,11/21/2003,0,16.7,25,8.3
USW00093987,"LUFKIN ANGELINA CO AIRPORT, TX US",31.23593,-94.75468,87.1,11/22/2003,0,20.6,25.6,15
USW00093987,"LUFKIN ANGELINA CO AIRPORT, TX US",31.23593,-94.75468,87.1,11/23/2003,10.4,14.4,24.4,3.9
USW00093987,"LUFKIN ANGELINA CO AIRPORT, TX US",31.23593,-94.75468,87.1,11/24/2003,0,4.4,10.6,-1.7
USW00093987,"LUFKIN ANGELINA CO AIRPORT, TX US",31.23593,-94.75468,87.1,11/25/2003,0,7.2,16.1,-2.2
USW00093987,"LUFKIN ANGELINA CO AIRPORT, TX US",31.23593,-94.75468,87.1,11/26/2003,27.2,17.8,23.3,11.7
USW00093987,"LUFKIN ANGELINA CO AIRPORT, TX US",31.23593,-94.75468,87.1,11/27/2003,0,16.7,24.4,8.3
USW00093987,"LUFKIN ANGELINA CO AIRPORT, TX US",31.23593,-94.75468,87.1,11/28/2003,0,7.2,14.4,0
USW00093987,"LUFKIN ANGELINA CO AIRPORT, TX US",31.23593,-94.75468,87.1,11/29/2003,0,7.2,16.1,-1.7
USW00093987,"LUFKIN ANGELINA CO AIRPORT, TX US",31.23593,-94.75468,87.1,11/30/2003,0,11.1,20.6,1.1
USW00093987,"LUFKIN ANGELINA CO AIRPORT, TX US",31.23593,-94.75468,87.1,12/1/2003,0,15,22.8,7.2
USW00093987,"LUFKIN ANGELINA CO AIRPORT, TX US",31.23593,-94.75468,87.1,12/2/2003,0,11.7,17.8,5
USW00093987,"LUFKIN ANGELINA CO AIRPORT, TX US",31.23593,-94.75468,87.1,12/3/2003,1.3,13.9,21.7,5.6
USW00093987,"LUFKIN ANGELINA CO AIRPORT, TX US",31.23593,-94.75468,87.1,12/4/2003,0,10,16.7,2.8
USW00093987,"LUFKIN ANGELINA CO AIRPORT, TX US",31.23593,-94.75468,87.1,12/5/2003,0,7.8,12.8,2.2
USW00093987,"LUFKIN ANGELINA CO AIRPORT, TX US",31.23593,-94.75468,87.1,12/6/2003,0,4.4,11.7,-2.8
USW00093987,"LUFKIN ANGELINA CO AIRPORT, TX US",31.23593,-94.75468,87.1,12/7/2003,0,7.2,15.6,-1.7
USW00093987,"LUFKIN ANGELINA CO AIRPORT, TX US",31.23593,-94.75468,87.1,12/8/2003,0,14.4,22.2,6.7
USW00093987,"LUFKIN ANGELINA CO AIRPORT, TX US",31.23593,-94.75468,87.1,12/9/2003,16.5,12.8,18.9,6.7
USW00093987,"LUFKIN ANGELINA CO AIRPORT, TX US",31.23593,-94.75468,87.1,12/10/2003,0,6.1,12.8,-0.6
USW00093987,"LUFKIN ANGELINA CO AIRPORT, TX US",31.23593,-94.75468,87.1,12/11/2003,0,5.6,13.3,-2.8
USW00093987,"LUFKIN ANGELINA CO AIRPORT, TX US",31.23593,-94.75468,87.1,12/12/2003,24.1,8.3,12.2,3.9
USW00093987,"LUFKIN ANGELINA CO AIRPORT, TX US",31.23593,-94.75468,87.1,12/13/2003,0.3,6.7,8.9,4.4
USW00093987,"LUFKIN ANGELINA CO AIRPORT, TX US",31.23593,-94.75468,87.1,12/14/2003,0,6.7,14.4,-1.7
USW00093987,"LUFKIN ANGELINA CO AIRPORT, TX US",31.23593,-94.75468,87.1,12/15/2003,0,12.2,21.1,3.3
USW00093987,"LUFKIN ANGELINA CO AIRPORT, TX US",31.23593,-94.75468,87.1,12/16/2003,0,8.3,17.8,-1.1
USW00093987,"LUFKIN ANGELINA CO AIRPORT, TX US",31.23593,-94.75468,87.1,12/17/2003,0,5.6,15,-4.4
USW00093987,"LUFKIN ANGELINA CO AIRPORT, TX US",31.23593,-94.75468,87.1,12/18/2003,0,8.3,17.2,-1.1
USW00093987,"LUFKIN ANGELINA CO AIRPORT, TX US",31.23593,-94.75468,87.1,12/19/2003,0,7.2,16.7,-2.2
USW00093987,"LUFKIN ANGELINA CO AIRPORT, TX US",31.23593,-94.75468,87.1,12/20/2003,0,7.2,17.2,-3.3
USW00093987,"LUFKIN ANGELINA CO AIRPORT, TX US",31.23593,-94.75468,87.1,12/21/2003,0,11.7,21.1,2.2
USW00093987,"LUFKIN ANGELINA CO AIRPORT, TX US",31.23593,-94.75468,87.1,12/22/2003,0,17.2,23.3,11.1
USW00093987,"LUFKIN ANGELINA CO AIRPORT, TX US",31.23593,-94.75468,87.1,12/23/2003,9.4,10,18.9,0.6
USW00093987,"LUFKIN ANGELINA CO AIRPORT, TX US",31.23593,-94.75468,87.1,12/24/2003,0,7.2,15.6,-1.7
USW00093987,"LUFKIN ANGELINA CO AIRPORT, TX US",31.23593,-94.75468,87.1,12/25/2003,0,8.3,13.3,2.8
USW00093987,"LUFKIN ANGELINA CO AIRPORT, TX US",31.23593,-94.75468,87.1,12/26/2003,0,13.3,20.6,6.1
USW00093987,"LUFKIN ANGELINA CO AIRPORT, TX US",31.23593,-94.75468,87.1,12/27/2003,0.5,17.8,21.1,13.9
USW00093987,"LUFKIN ANGELINA CO AIRPORT, TX US",31.23593,-94.75468,87.1,12/28/2003,18.8,15,21.7,7.8
USW00093987,"LUFKIN ANGELINA CO AIRPORT, TX US",31.23593,-94.75468,87.1,12/29/2003,0,6.7,13.3,-0.6
USW00093987,"LUFKIN ANGELINA CO AIRPORT, TX US",31.23593,-94.75468,87.1,12/30/2003,0,6.1,15,-2.8
USW00093987,"LUFKIN ANGELINA CO AIRPORT, TX US",31.23593,-94.75468,87.1,12/31/2003,0,8.9,17.8,-0.6
USW00093987,"LUFKIN ANGELINA CO AIRPORT, TX US",31.23593,-94.75468,87.1,1/1/2004,0,17.8,21.1,13.9
USW00093987,"LUFKIN ANGELINA CO AIRPORT, TX US",31.23593,-94.75468,87.1,1/2/2004,0,21.1,23.9,17.8
USW00093987,"LUFKIN ANGELINA CO AIRPORT, TX US",31.23593,-94.75468,87.1,1/3/2004,0,22.2,24.4,19.4
USW00093987,"LUFKIN ANGELINA CO AIRPORT, TX US",31.23593,-94.75468,87.1,1/4/2004,14.5,15,21.7,7.8
USW00093987,"LUFKIN ANGELINA CO AIRPORT, TX US",31.23593,-94.75468,87.1,1/5/2004,0,5.6,8.9,1.7
USW00093987,"LUFKIN ANGELINA CO AIRPORT, TX US",31.23593,-94.75468,87.1,1/6/2004,0,3.3,7.8,-1.1
USW00093987,"LUFKIN ANGELINA CO AIRPORT, TX US",31.23593,-94.75468,87.1,1/7/2004,0,2.2,6.1,-1.7
USW00093987,"LUFKIN ANGELINA CO AIRPORT, TX US",31.23593,-94.75468,87.1,1/8/2004,6.1,7.8,10.6,4.4
USW00093987,"LUFKIN ANGELINA CO AIRPORT, TX US",31.23593,-94.75468,87.1,1/9/2004,0,7.2,13.9,0.6
USW00093987,"LUFKIN ANGELINA CO AIRPORT, TX US",31.23593,-94.75468,87.1,1/10/2004,0,5.6,12.2,-1.7
USW00093987,"LUFKIN ANGELINA CO AIRPORT, TX US",31.23593,-94.75468,87.1,1/11/2004,0,6.1,15,-2.8
USW00093987,"LUFKIN ANGELINA CO AIRPORT, TX US",31.23593,-94.75468,87.1,1/12/2004,0,8.9,16.1,1.1
USW00093987,"LUFKIN ANGELINA CO AIRPORT, TX US",31.23593,-94.75468,87.1,1/13/2004,0,14.4,20,8.3
USW00093987,"LUFKIN ANGELINA CO AIRPORT, TX US",31.23593,-94.75468,87.1,1/14/2004,0,15.6,21.1,10
USW00093987,"LUFKIN ANGELINA CO AIRPORT, TX US",31.23593,-94.75468,87.1,1/15/2004,0,15.6,18.9,11.7
USW00093987,"LUFKIN ANGELINA CO AIRPORT, TX US",31.23593,-94.75468,87.1,1/16/2004,9.9,15.6,17.2,13.3
USW00093987,"LUFKIN ANGELINA CO AIRPORT, TX US",31.23593,-94.75468,87.1,1/17/2004,52.3,16.7,20,13.3
USW00093987,"LUFKIN ANGELINA CO AIRPORT, TX US",31.23593,-94.75468,87.1,1/18/2004,2.3,9.4,13.9,4.4
USW00093987,"LUFKIN ANGELINA CO AIRPORT, TX US",31.23593,-94.75468,87.1,1/19/2004,0,4.4,9.4,-0.6
USW00093987,"LUFKIN ANGELINA CO AIRPORT, TX US",31.23593,-94.75468,87.1,1/20/2004,0,3.9,9.4,-2.2
USW00093987,"LUFKIN ANGELINA CO AIRPORT, TX US",31.23593,-94.75468,87.1,1/21/2004,0,6.7,13.9,-1.1
USW00093987,"LUFKIN ANGELINA CO AIRPORT, TX US",31.23593,-94.75468,87.1,1/22/2004,0,8.9,17.8,-0.6
USW00093987,"LUFKIN ANGELINA CO AIRPORT, TX US",31.23593,-94.75468,87.1,1/23/2004,0,11.1,20,2.2
USW00093987,"LUFKIN ANGELINA CO AIRPORT, TX US",31.23593,-94.75468,87.1,1/24/2004,36.3,16.1,20,12.2
USW00093987,"LUFKIN ANGELINA CO AIRPORT, TX US",31.23593,-94.75468,87.1,1/25/2004,0.5,15.6,21.7,8.9
USW00093987,"LUFKIN ANGELINA CO AIRPORT, TX US",31.23593,-94.75468,87.1,1/26/2004,0,11.7,21.1,2.2
USW00093987,"LUFKIN ANGELINA CO AIRPORT, TX US",31.23593,-94.75468,87.1,1/27/2004,0,3.3,8.9,-2.8
USW00093987,"LUFKIN ANGELINA CO AIRPORT, TX US",31.23593,-94.75468,87.1,1/28/2004,0,4.4,13.9,-5.6
USW00093987,"LUFKIN ANGELINA CO AIRPORT, TX US",31.23593,-94.75468,87.1,1/29/2004,13.5,6.7,11.7,1.1
USW00093987,"LUFKIN ANGELINA CO AIRPORT, TX US",31.23593,-94.75468,87.1,1/30/2004,0,8.3,10,6.1
USW00093987,"LUFKIN ANGELINA CO AIRPORT, TX US",31.23593,-94.75468,87.1,1/31/2004,0,7.8,10.6,4.4
USW00093987,"LUFKIN ANGELINA CO AIRPORT, TX US",31.23593,-94.75468,87.1,2/1/2004,15.7,10.6,17.8,2.8
USW00093987,"LUFKIN ANGELINA CO AIRPORT, TX US",31.23593,-94.75468,87.1,2/2/2004,1.8,7.8,12.8,2.8
USW00093987,"LUFKIN ANGELINA CO AIRPORT, TX US",31.23593,-94.75468,87.1,2/3/2004,0,6.1,13.3,-1.7
USW00093987,"LUFKIN ANGELINA CO AIRPORT, TX US",31.23593,-94.75468,87.1,2/4/2004,19.8,8.9,12.2,5.6
USW00093987,"LUFKIN ANGELINA CO AIRPORT, TX US",31.23593,-94.75468,87.1,2/5/2004,22.1,6.1,8.3,3.9
USW00093987,"LUFKIN ANGELINA CO AIRPORT, TX US",31.23593,-94.75468,87.1,2/6/2004,0,6.1,11.1,0.6
USW00093987,"LUFKIN ANGELINA CO AIRPORT, TX US",31.23593,-94.75468,87.1,2/7/2004,0,4.4,11.7,-3.3
USW00093987,"LUFKIN ANGELINA CO AIRPORT, TX US",31.23593,-94.75468,87.1,2/8/2004,0,4.4,10.6,-1.7
USW00093987,"LUFKIN ANGELINA CO AIRPORT, TX US",31.23593,-94.75468,87.1,2/9/2004,25.1,12.8,18.3,7.2
USW00093987,"LUFKIN ANGELINA CO AIRPORT, TX US",31.23593,-94.75468,87.1,2/10/2004,29.7,8.9,11.1,6.7
USW00093987,"LUFKIN ANGELINA CO AIRPORT, TX US",31.23593,-94.75468,87.1,2/11/2004,46.7,8.3,10,6.1
USW00093987,"LUFKIN ANGELINA CO AIRPORT, TX US",31.23593,-94.75468,87.1,2/12/2004,0.5,5.6,7.2,3.9
USW00093987,"LUFKIN ANGELINA CO AIRPORT, TX US",31.23593,-94.75468,87.1,2/13/2004,5.3,3.3,5,1.1
USW00093987,"LUFKIN ANGELINA CO AIRPORT, TX US",31.23593,-94.75468,87.1,2/14/2004,10.7,3.3,3.9,2.2
USW00093987,"LUFKIN ANGELINA CO AIRPORT, TX US",31.23593,-94.75468,87.1,2/15/2004,0,8.3,14.4,2.2
USW00093987,"LUFKIN ANGELINA CO AIRPORT, TX US",31.23593,-94.75468,87.1,2/16/2004,0,9.4,16.7,2.2
USW00093987,"LUFKIN ANGELINA CO AIRPORT, TX US",31.23593,-94.75468,87.1,2/17/2004,0,11.7,18.9,3.9
USW00093987,"LUFKIN ANGELINA CO AIRPORT, TX US",31.23593,-94.75468,87.1,2/18/2004,0,11.1,19.4,2.8
USW00093987,"LUFKIN ANGELINA CO AIRPORT, TX US",31.23593,-94.75468,87.1,2/19/2004,0,15,22.2,7.2
USW00093987,"LUFKIN ANGELINA CO AIRPORT, TX US",31.23593,-94.75468,87.1,2/20/2004,0,16.7,22.8,10.6
USW00093987,"LUFKIN ANGELINA CO AIRPORT, TX US",31.23593,-94.75468,87.1,2/21/2004,0,12.2,20.6,3.9
USW00093987,"LUFKIN ANGELINA CO AIRPORT, TX US",31.23593,-94.75468,87.1,2/22/2004,0.3,13.3,21.7,5
USW00093987,"LUFKIN ANGELINA CO AIRPORT, TX US",31.23593,-94.75468,87.1,2/23/2004,28.4,13.3,13.9,12.2
USW00093987,"LUFKIN ANGELINA CO AIRPORT, TX US",31.23593,-94.75468,87.1,2/24/2004,10.2,12.2,13.3,10.6
USW00093987,"LUFKIN ANGELINA CO AIRPORT, TX US",31.23593,-94.75468,87.1,2/25/2004,15.2,7.8,10.6,5
USW00093987,"LUFKIN ANGELINA CO AIRPORT, TX US",31.23593,-94.75468,87.1,2/26/2004,0,9.4,15.6,3.3
USW00093987,"LUFKIN ANGELINA CO AIRPORT, TX US",31.23593,-94.75468,87.1,2/27/2004,0,8.9,17.8,0
USW00093987,"LUFKIN ANGELINA CO AIRPORT, TX US",31.23593,-94.75468,87.1,2/28/2004,0,9.4,17.2,1.7
USW00093987,"LUFKIN ANGELINA CO AIRPORT, TX US",31.23593,-94.75468,87.1,2/29/2004,23.9,14.4,17.2,11.1
USW00093987,"LUFKIN ANGELINA CO AIRPORT, TX US",31.23593,-94.75468,87.1,3/1/2004,25.9,15.6,18.3,12.8
USW00093987,"LUFKIN ANGELINA CO AIRPORT, TX US",31.23593,-94.75468,87.1,3/2/2004,4.6,NA,18.3,13.3
USW00093987,"LUFKIN ANGELINA CO AIRPORT, TX US",31.23593,-94.75468,87.1,3/3/2004,0.5,NA,25,17.2
USW00093987,"LUFKIN ANGELINA CO AIRPORT, TX US",31.23593,-94.75468,87.1,3/4/2004,19.1,18.3,22.8,13.3
USW00093987,"LUFKIN ANGELINA CO AIRPORT, TX US",31.23593,-94.75468,87.1,3/5/2004,2.3,17.8,23.3,12.2
USW00093987,"LUFKIN ANGELINA CO AIRPORT, TX US",31.23593,-94.75468,87.1,3/6/2004,0,16.7,22.8,10.6
USW00093987,"LUFKIN ANGELINA CO AIRPORT, TX US",31.23593,-94.75468,87.1,3/7/2004,0,17.8,27.2,7.8
USW00093987,"LUFKIN ANGELINA CO AIRPORT, TX US",31.23593,-94.75468,87.1,3/8/2004,0,14.4,21.1,7.2
USW00093987,"LUFKIN ANGELINA CO AIRPORT, TX US",31.23593,-94.75468,87.1,3/9/2004,0,15.6,24.4,6.7
USW00093987,"LUFKIN ANGELINA CO AIRPORT, TX US",31.23593,-94.75468,87.1,3/10/2004,0,13.3,21.1,5
USW00093987,"LUFKIN ANGELINA CO AIRPORT, TX US",31.23593,-94.75468,87.1,3/11/2004,0,13.9,21.7,5.6
USW00093987,"LUFKIN ANGELINA CO AIRPORT, TX US",31.23593,-94.75468,87.1,3/12/2004,0,15,20.6,8.9
USW00093987,"LUFKIN ANGELINA CO AIRPORT, TX US",31.23593,-94.75468,87.1,3/13/2004,2,15,20.6,9.4
USW00093987,"LUFKIN ANGELINA CO AIRPORT, TX US",31.23593,-94.75468,87.1,3/14/2004,17.5,15.6,17.8,13.3
USW00093987,"LUFKIN ANGELINA CO AIRPORT, TX US",31.23593,-94.75468,87.1,3/15/2004,0.3,16.1,20,12.2
USW00093987,"LUFKIN ANGELINA CO AIRPORT, TX US",31.23593,-94.75468,87.1,3/16/2004,0,18.9,25,12.2
USW00093987,"LUFKIN ANGELINA CO AIRPORT, TX US",31.23593,-94.75468,87.1,3/17/2004,0,17.8,25.6,10
USW00093987,"LUFKIN ANGELINA CO AIRPORT, TX US",31.23593,-94.75468,87.1,3/18/2004,0,22.8,28.3,16.7
USW00093987,"LUFKIN ANGELINA CO AIRPORT, TX US",31.23593,-94.75468,87.1,3/19/2004,0,22.8,27.2,17.8
USW00093987,"LUFKIN ANGELINA CO AIRPORT, TX US",31.23593,-94.75468,87.1,3/20/2004,0,20.6,28.9,12.2
USW00093987,"LUFKIN ANGELINA CO AIRPORT, TX US",31.23593,-94.75468,87.1,3/21/2004,4.3,18.3,23.3,12.8
USW00093987,"LUFKIN ANGELINA CO AIRPORT, TX US",31.23593,-94.75468,87.1,3/22/2004,0,13.9,19.4,8.3
USW00093987,"LUFKIN ANGELINA CO AIRPORT, TX US",31.23593,-94.75468,87.1,3/23/2004,0,15.6,23.9,7.2
USW00093987,"LUFKIN ANGELINA CO AIRPORT, TX US",31.23593,-94.75468,87.1,3/24/2004,0,18.3,23.3,13.3
USW00093987,"LUFKIN ANGELINA CO AIRPORT, TX US",31.23593,-94.75468,87.1,3/25/2004,1,21.1,25.6,16.7
USW00093987,"LUFKIN ANGELINA CO AIRPORT, TX US",31.23593,-94.75468,87.1,3/26/2004,0,21.1,25,16.7
USW00093987,"LUFKIN ANGELINA CO AIRPORT, TX US",31.23593,-94.75468,87.1,3/27/2004,0,21.7,26.7,16.1
USW00093987,"LUFKIN ANGELINA CO AIRPORT, TX US",31.23593,-94.75468,87.1,3/28/2004,0.3,23.3,27.2,19.4
USW00093987,"LUFKIN ANGELINA CO AIRPORT, TX US",31.23593,-94.75468,87.1,3/29/2004,51.1,17.2,23.3,11.1
USW00093987,"LUFKIN ANGELINA CO AIRPORT, TX US",31.23593,-94.75468,87.1,3/30/2004,0,17.2,26.1,7.8
USW00093987,"LUFKIN ANGELINA CO AIRPORT, TX US",31.23593,-94.75468,87.1,3/31/2004,0,15,24.4,5.6
USW00093987,"LUFKIN ANGELINA CO AIRPORT, TX US",31.23593,-94.75468,87.1,4/1/2004,0,18.9,28.3,8.9
USW00093987,"LUFKIN ANGELINA CO AIRPORT, TX US",31.23593,-94.75468,87.1,4/2/2004,0,19.4,28.3,10.6
USW00093987,"LUFKIN ANGELINA CO AIRPORT, TX US",31.23593,-94.75468,87.1,4/3/2004,3,21.1,27.2,15
USW00093987,"LUFKIN ANGELINA CO AIRPORT, TX US",31.23593,-94.75468,87.1,4/4/2004,0,18.9,25.6,11.7
USW00093987,"LUFKIN ANGELINA CO AIRPORT, TX US",31.23593,-94.75468,87.1,4/5/2004,0,17.2,22.8,11.7
USW00093987,"LUFKIN ANGELINA CO AIRPORT, TX US",31.23593,-94.75468,87.1,4/6/2004,10.9,15.6,20,10.6
USW00093987,"LUFKIN ANGELINA CO AIRPORT, TX US",31.23593,-94.75468,87.1,4/7/2004,0,20,26.7,12.8
USW00093987,"LUFKIN ANGELINA CO AIRPORT, TX US",31.23593,-94.75468,87.1,4/8/2004,0,19.4,26.7,11.7
USW00093987,"LUFKIN ANGELINA CO AIRPORT, TX US",31.23593,-94.75468,87.1,4/9/2004,0,20.6,28.9,12.2
USW00093987,"LUFKIN ANGELINA CO AIRPORT, TX US",31.23593,-94.75468,87.1,4/10/2004,13.2,20,24.4,15
USW00093987,"LUFKIN ANGELINA CO AIRPORT, TX US",31.23593,-94.75468,87.1,4/11/2004,6.4,12.8,15,10.6
USW00093987,"LUFKIN ANGELINA CO AIRPORT, TX US",31.23593,-94.75468,87.1,4/12/2004,6.6,10,12.2,7.8
USW00093987,"LUFKIN ANGELINA CO AIRPORT, TX US",31.23593,-94.75468,87.1,4/13/2004,0,12.8,18.9,6.1
USW00093987,"LUFKIN ANGELINA CO AIRPORT, TX US",31.23593,-94.75468,87.1,4/14/2004,0,13.3,22.2,3.9
USW00093987,"LUFKIN ANGELINA CO AIRPORT, TX US",31.23593,-94.75468,87.1,4/15/2004,0,16.1,25,6.7
USW00093987,"LUFKIN ANGELINA CO AIRPORT, TX US",31.23593,-94.75468,87.1,4/16/2004,0,19.4,27.8,11.1
USW00093987,"LUFKIN ANGELINA CO AIRPORT, TX US",31.23593,-94.75468,87.1,4/17/2004,0,22.8,27.8,17.2
USW00093987,"LUFKIN ANGELINA CO AIRPORT, TX US",31.23593,-94.75468,87.1,4/18/2004,0,20.6,26.7,14.4
USW00093987,"LUFKIN ANGELINA CO AIRPORT, TX US",31.23593,-94.75468,87.1,4/19/2004,0,22.8,27.8,17.8
USW00093987,"LUFKIN ANGELINA CO AIRPORT, TX US",31.23593,-94.75468,87.1,4/20/2004,0,21.7,26.1,16.7
USW00093987,"LUFKIN ANGELINA CO AIRPORT, TX US",31.23593,-94.75468,87.1,4/21/2004,0,NA,28.3,18.9
USW00093987,"LUFKIN ANGELINA CO AIRPORT, TX US",31.23593,-94.75468,87.1,4/22/2004,0,26.7,30,22.8
USW00093987,"LUFKIN ANGELINA CO AIRPORT, TX US",31.23593,-94.75468,87.1,4/23/2004,0,26.1,30,21.7
USW00093987,"LUFKIN ANGELINA CO AIRPORT, TX US",31.23593,-94.75468,87.1,4/24/2004,4.6,22.2,25.6,18.3
USW00093987,"LUFKIN ANGELINA CO AIRPORT, TX US",31.23593,-94.75468,87.1,4/25/2004,15.7,18.9,20,17.8
USW00093987,"LUFKIN ANGELINA CO AIRPORT, TX US",31.23593,-94.75468,87.1,4/26/2004,0,20,26.1,13.9
USW00093987,"LUFKIN ANGELINA CO AIRPORT, TX US",31.23593,-94.75468,87.1,4/27/2004,0,20,27.8,11.7
USW00093987,"LUFKIN ANGELINA CO AIRPORT, TX US",31.23593,-94.75468,87.1,4/28/2004,0,18.9,26.1,11.7
USW00093987,"LUFKIN ANGELINA CO AIRPORT, TX US",31.23593,-94.75468,87.1,4/29/2004,2.5,22.2,28.9,15
USW00093987,"LUFKIN ANGELINA CO AIRPORT, TX US",31.23593,-94.75468,87.1,4/30/2004,0.5,25,30,19.4
USW00093987,"LUFKIN ANGELINA CO AIRPORT, TX US",31.23593,-94.75468,87.1,5/1/2004,56.4,17.2,21.1,13.3
USW00093987,"LUFKIN ANGELINA CO AIRPORT, TX US",31.23593,-94.75468,87.1,5/2/2004,0,17.2,22.8,11.1
USW00093987,"LUFKIN ANGELINA CO AIRPORT, TX US",31.23593,-94.75468,87.1,5/3/2004,0,18.3,27.2,9.4
USW00093987,"LUFKIN ANGELINA CO AIRPORT, TX US",31.23593,-94.75468,87.1,5/4/2004,0,20.6,28.9,12.2
USW00093987,"LUFKIN ANGELINA CO AIRPORT, TX US",31.23593,-94.75468,87.1,5/5/2004,0,20.6,28.3,12.8
USW00093987,"LUFKIN ANGELINA CO AIRPORT, TX US",31.23593,-94.75468,87.1,5/6/2004,0,21.1,28.9,12.8
USW00093987,"LUFKIN ANGELINA CO AIRPORT, TX US",31.23593,-94.75468,87.1,5/7/2004,0,21.7,29.4,13.9
USW00093987,"LUFKIN ANGELINA CO AIRPORT, TX US",31.23593,-94.75468,87.1,5/8/2004,0,22.8,28.3,17.2
USW00093987,"LUFKIN ANGELINA CO AIRPORT, TX US",31.23593,-94.75468,87.1,5/9/2004,0,23.9,29.4,18.3
USW00093987,"LUFKIN ANGELINA CO AIRPORT, TX US",31.23593,-94.75468,87.1,5/10/2004,0.3,22.8,28.9,16.1
USW00093987,"LUFKIN ANGELINA CO AIRPORT, TX US",31.23593,-94.75468,87.1,5/11/2004,18.8,24.4,29.4,18.9
USW00093987,"LUFKIN ANGELINA CO AIRPORT, TX US",31.23593,-94.75468,87.1,5/12/2004,0.8,25,30.6,18.9
USW00093987,"LUFKIN ANGELINA CO AIRPORT, TX US",31.23593,-94.75468,87.1,5/13/2004,76.7,21.1,24.4,17.8
USW00093987,"LUFKIN ANGELINA CO AIRPORT, TX US",31.23593,-94.75468,87.1,5/14/2004,2,21.1,25,17.2
USW00093987,"LUFKIN ANGELINA CO AIRPORT, TX US",31.23593,-94.75468,87.1,5/15/2004,0,21.7,26.7,16.1
USW00093987,"LUFKIN ANGELINA CO AIRPORT, TX US",31.23593,-94.75468,87.1,5/16/2004,0,23.3,28.9,17.2
USW00093987,"LUFKIN ANGELINA CO AIRPORT, TX US",31.23593,-94.75468,87.1,5/17/2004,0,26.1,31.7,20
USW00093987,"LUFKIN ANGELINA CO AIRPORT, TX US",31.23593,-94.75468,87.1,5/18/2004,0,25.6,31.1,20
USW00093987,"LUFKIN ANGELINA CO AIRPORT, TX US",31.23593,-94.75468,87.1,5/19/2004,0,26.1,31.7,20
USW00093987,"LUFKIN ANGELINA CO AIRPORT, TX US",31.23593,-94.75468,87.1,5/20/2004,0,27.2,31.7,22.2
USW00093987,"LUFKIN ANGELINA CO AIRPORT, TX US",31.23593,-94.75468,87.1,5/21/2004,0,26.1,31.7,20
USW00093987,"LUFKIN ANGELINA CO AIRPORT, TX US",31.23593,-94.75468,87.1,5/22/2004,0,26.1,31.7,20.6
USW00093987,"LUFKIN ANGELINA CO AIRPORT, TX US",31.23593,-94.75468,87.1,5/23/2004,0,25.6,31.1,20
USW00093987,"LUFKIN ANGELINA CO AIRPORT, TX US",31.23593,-94.75468,87.1,5/24/2004,0,26.1,32.2,19.4
USW00093987,"LUFKIN ANGELINA CO AIRPORT, TX US",31.23593,-94.75468,87.1,5/25/2004,0,27.2,32.2,21.7
USW00093987,"LUFKIN ANGELINA CO AIRPORT, TX US",31.23593,-94.75468,87.1,5/26/2004,0,26.1,30.6,21.1
USW00093987,"LUFKIN ANGELINA CO AIRPORT, TX US",31.23593,-94.75468,87.1,5/27/2004,0,26.7,32.2,21.1
USW00093987,"LUFKIN ANGELINA CO AIRPORT, TX US",31.23593,-94.75468,87.1,5/28/2004,0,27.2,31.7,22.8
USW00093987,"LUFKIN ANGELINA CO AIRPORT, TX US",31.23593,-94.75468,87.1,5/29/2004,0,28.3,32.8,23.3
USW00093987,"LUFKIN ANGELINA CO AIRPORT, TX US",31.23593,-94.75468,87.1,5/30/2004,0,28.9,32.2,25.6
USW00093987,"LUFKIN ANGELINA CO AIRPORT, TX US",31.23593,-94.75468,87.1,5/31/2004,0,28.9,32.8,24.4
USW00093987,"LUFKIN ANGELINA CO AIRPORT, TX US",31.23593,-94.75468,87.1,6/1/2004,0,26.7,33.9,21.1
USW00093987,"LUFKIN ANGELINA CO AIRPORT, TX US",31.23593,-94.75468,87.1,6/2/2004,7.4,26.1,33.3,18.3
USW00093987,"LUFKIN ANGELINA CO AIRPORT, TX US",31.23593,-94.75468,87.1,6/3/2004,0,NA,30.6,22.8
USW00093987,"LUFKIN ANGELINA CO AIRPORT, TX US",31.23593,-94.75468,87.1,6/4/2004,0,26.7,32.2,20.6
USW00093987,"LUFKIN ANGELINA CO AIRPORT, TX US",31.23593,-94.75468,87.1,6/5/2004,0,25.6,31.1,20
USW00093987,"LUFKIN ANGELINA CO AIRPORT, TX US",31.23593,-94.75468,87.1,6/6/2004,0,28.3,33.3,23.3
USW00093987,"LUFKIN ANGELINA CO AIRPORT, TX US",31.23593,-94.75468,87.1,6/7/2004,1.5,26.7,31.1,21.7
USW00093987,"LUFKIN ANGELINA CO AIRPORT, TX US",31.23593,-94.75468,87.1,6/8/2004,38.4,25,28.3,21.7
USW00093987,"LUFKIN ANGELINA CO AIRPORT, TX US",31.23593,-94.75468,87.1,6/9/2004,0,27.2,30.6,23.3
USW00093987,"LUFKIN ANGELINA CO AIRPORT, TX US",31.23593,-94.75468,87.1,6/10/2004,0,27.8,31.7,23.3
USW00093987,"LUFKIN ANGELINA CO AIRPORT, TX US",31.23593,-94.75468,87.1,6/11/2004,0,27.8,32.2,23.3
USW00093987,"LUFKIN ANGELINA CO AIRPORT, TX US",31.23593,-94.75468,87.1,6/12/2004,0,28.3,32.8,23.9
USW00093987,"LUFKIN ANGELINA CO AIRPORT, TX US",31.23593,-94.75468,87.1,6/13/2004,2.5,26.7,32.2,21.1
USW00093987,"LUFKIN ANGELINA CO AIRPORT, TX US",31.23593,-94.75468,87.1,6/14/2004,0.3,25.6,32.2,18.9
USW00093987,"LUFKIN ANGELINA CO AIRPORT, TX US",31.23593,-94.75468,87.1,6/15/2004,0,26.1,30.6,21.7
USW00093987,"LUFKIN ANGELINA CO AIRPORT, TX US",31.23593,-94.75468,87.1,6/16/2004,4.6,25,27.8,21.7
USW00093987,"LUFKIN ANGELINA CO AIRPORT, TX US",31.23593,-94.75468,87.1,6/17/2004,0,26.7,31.7,21.7
USW00093987,"LUFKIN ANGELINA CO AIRPORT, TX US",31.23593,-94.75468,87.1,6/18/2004,0,28.3,33.3,22.8
USW00093987,"LUFKIN ANGELINA CO AIRPORT, TX US",31.23593,-94.75468,87.1,6/19/2004,0,28.9,34.4,23.3
USW00093987,"LUFKIN ANGELINA CO AIRPORT, TX US",31.23593,-94.75468,87.1,6/20/2004,12.2,28.3,35,21.7
USW00093987,"LUFKIN ANGELINA CO AIRPORT, TX US",31.23593,-94.75468,87.1,6/21/2004,0,27.2,33.3,21.1
USW00093987,"LUFKIN ANGELINA CO AIRPORT, TX US",31.23593,-94.75468,87.1,6/22/2004,38.4,26.1,30.6,21.7
USW00093987,"LUFKIN ANGELINA CO AIRPORT, TX US",31.23593,-94.75468,87.1,6/23/2004,41.4,25,27.8,22.2
USW00093987,"LUFKIN ANGELINA CO AIRPORT, TX US",31.23593,-94.75468,87.1,6/24/2004,1,24.4,25.6,22.8
USW00093987,"LUFKIN ANGELINA CO AIRPORT, TX US",31.23593,-94.75468,87.1,6/25/2004,8.4,24.4,26.7,21.7
USW00093987,"LUFKIN ANGELINA CO AIRPORT, TX US",31.23593,-94.75468,87.1,6/26/2004,3,23.9,26.1,21.1
USW00093987,"LUFKIN ANGELINA CO AIRPORT, TX US",31.23593,-94.75468,87.1,6/27/2004,41.9,24.4,27.8,20.6
USW00093987,"LUFKIN ANGELINA CO AIRPORT, TX US",31.23593,-94.75468,87.1,6/28/2004,90.2,26.7,32.2,20.6
USW00093987,"LUFKIN ANGELINA CO AIRPORT, TX US",31.23593,-94.75468,87.1,6/29/2004,1.8,26.1,31.7,20.6
USW00093987,"LUFKIN ANGELINA CO AIRPORT, TX US",31.23593,-94.75468,87.1,6/30/2004,20.1,25.6,28.9,21.7
USW00093987,"LUFKIN ANGELINA CO AIRPORT, TX US",31.23593,-94.75468,87.1,7/1/2004,1.3,26.7,31.1,21.7
USW00093987,"LUFKIN ANGELINA CO AIRPORT, TX US",31.23593,-94.75468,87.1,7/2/2004,0,28.3,33.3,23.3
USW00093987,"LUFKIN ANGELINA CO AIRPORT, TX US",31.23593,-94.75468,87.1,7/3/2004,0,28.3,32.8,23.3
USW00093987,"LUFKIN ANGELINA CO AIRPORT, TX US",31.23593,-94.75468,87.1,7/4/2004,0,28.9,33.3,23.9
USW00093987,"LUFKIN ANGELINA CO AIRPORT, TX US",31.23593,-94.75468,87.1,7/5/2004,0,28.3,33.9,22.8
USW00093987,"LUFKIN ANGELINA CO AIRPORT, TX US",31.23593,-94.75468,87.1,7/6/2004,0,28.9,33.9,23.9
USW00093987,"LUFKIN ANGELINA CO AIRPORT, TX US",31.23593,-94.75468,87.1,7/7/2004,0,28.3,33.3,23.3
USW00093987,"LUFKIN ANGELINA CO AIRPORT, TX US",31.23593,-94.75468,87.1,7/8/2004,21.6,27.8,33.9,21.7
USW00093987,"LUFKIN ANGELINA CO AIRPORT, TX US",31.23593,-94.75468,87.1,7/9/2004,16,26.1,31.1,21.1
USW00093987,"LUFKIN ANGELINA CO AIRPORT, TX US",31.23593,-94.75468,87.1,7/10/2004,0,27.2,32.8,21.1
USW00093987,"LUFKIN ANGELINA CO AIRPORT, TX US",31.23593,-94.75468,87.1,7/11/2004,0.3,27.8,33.3,22.2
USW00093987,"LUFKIN ANGELINA CO AIRPORT, TX US",31.23593,-94.75468,87.1,7/12/2004,0,27.8,32.8,22.2
USW00093987,"LUFKIN ANGELINA CO AIRPORT, TX US",31.23593,-94.75468,87.1,7/13/2004,0,28.3,33.9,22.8
USW00093987,"LUFKIN ANGELINA CO AIRPORT, TX US",31.23593,-94.75468,87.1,7/14/2004,0,28.9,35.6,22.2
USW00093987,"LUFKIN ANGELINA CO AIRPORT, TX US",31.23593,-94.75468,87.1,7/15/2004,0,30,35.6,23.9
USW00093987,"LUFKIN ANGELINA CO AIRPORT, TX US",31.23593,-94.75468,87.1,7/16/2004,0,29.4,34.4,24.4
USW00093987,"LUFKIN ANGELINA CO AIRPORT, TX US",31.23593,-94.75468,87.1,7/17/2004,33.3,28.9,33.3,23.9
USW00093987,"LUFKIN ANGELINA CO AIRPORT, TX US",31.23593,-94.75468,87.1,7/18/2004,0,27.8,32.8,22.8
USW00093987,"LUFKIN ANGELINA CO AIRPORT, TX US",31.23593,-94.75468,87.1,7/19/2004,0,27.2,32.2,21.7
USW00093987,"LUFKIN ANGELINA CO AIRPORT, TX US",31.23593,-94.75468,87.1,7/20/2004,0,26.1,31.7,20.6
USW00093987,"LUFKIN ANGELINA CO AIRPORT, TX US",31.23593,-94.75468,87.1,7/21/2004,0,26.7,32.8,20.6
USW00093987,"LUFKIN ANGELINA CO AIRPORT, TX US",31.23593,-94.75468,87.1,7/22/2004,0,28.3,33.9,22.8
USW00093987,"LUFKIN ANGELINA CO AIRPORT, TX US",31.23593,-94.75468,87.1,7/23/2004,0,27.8,34.4,21.1
USW00093987,"LUFKIN ANGELINA CO AIRPORT, TX US",31.23593,-94.75468,87.1,7/24/2004,0,29.4,35.6,22.8
USW00093987,"LUFKIN ANGELINA CO AIRPORT, TX US",31.23593,-94.75468,87.1,7/25/2004,6.4,29.4,36.1,22.2
USW00093987,"LUFKIN ANGELINA CO AIRPORT, TX US",31.23593,-94.75468,87.1,7/26/2004,0,24.4,28.3,20
USW00093987,"LUFKIN ANGELINA CO AIRPORT, TX US",31.23593,-94.75468,87.1,7/27/2004,0,25,29.4,20
USW00093987,"LUFKIN ANGELINA CO AIRPORT, TX US",31.23593,-94.75468,87.1,7/28/2004,8.1,26.1,31.7,20
USW00093987,"LUFKIN ANGELINA CO AIRPORT, TX US",31.23593,-94.75468,87.1,7/29/2004,5.1,27.2,30.6,23.3
USW00093987,"LUFKIN ANGELINA CO AIRPORT, TX US",31.23593,-94.75468,87.1,7/30/2004,5.8,28.3,33.3,23.3
USW00093987,"LUFKIN ANGELINA CO AIRPORT, TX US",31.23593,-94.75468,87.1,7/31/2004,0,29.4,35,23.9
USW00093987,"LUFKIN ANGELINA CO AIRPORT, TX US",31.23593,-94.75468,87.1,8/1/2004,24.4,29.4,35.6,23.3
USW00093987,"LUFKIN ANGELINA CO AIRPORT, TX US",31.23593,-94.75468,87.1,8/2/2004,0,29.4,35,23.3
USW00093987,"LUFKIN ANGELINA CO AIRPORT, TX US",31.23593,-94.75468,87.1,8/3/2004,0,29.4,35.6,23.3
USW00093987,"LUFKIN ANGELINA CO AIRPORT, TX US",31.23593,-94.75468,87.1,8/4/2004,0,29.4,36.1,22.8
USW00093987,"LUFKIN ANGELINA CO AIRPORT, TX US",31.23593,-94.75468,87.1,8/5/2004,11.2,30,35.6,23.9
USW00093987,"LUFKIN ANGELINA CO AIRPORT, TX US",31.23593,-94.75468,87.1,8/6/2004,0,27.2,31.7,22.2
USW00093987,"LUFKIN ANGELINA CO AIRPORT, TX US",31.23593,-94.75468,87.1,8/7/2004,0,25,30.6,19.4
USW00093987,"LUFKIN ANGELINA CO AIRPORT, TX US",31.23593,-94.75468,87.1,8/8/2004,0,26.7,32.8,20
USW00093987,"LUFKIN ANGELINA CO AIRPORT, TX US",31.23593,-94.75468,87.1,8/9/2004,0,28.9,34.4,23.3
USW00093987,"LUFKIN ANGELINA CO AIRPORT, TX US",31.23593,-94.75468,87.1,8/10/2004,0,28.9,34.4,22.8
USW00093987,"LUFKIN ANGELINA CO AIRPORT, TX US",31.23593,-94.75468,87.1,8/11/2004,0.8,28.3,34.4,21.7
USW00093987,"LUFKIN ANGELINA CO AIRPORT, TX US",31.23593,-94.75468,87.1,8/12/2004,0,23.3,29.4,17.2
USW00093987,"LUFKIN ANGELINA CO AIRPORT, TX US",31.23593,-94.75468,87.1,8/13/2004,0,22.8,28.9,16.1
USW00093987,"LUFKIN ANGELINA CO AIRPORT, TX US",31.23593,-94.75468,87.1,8/14/2004,0,23.3,30,16.7
USW00093987,"LUFKIN ANGELINA CO AIRPORT, TX US",31.23593,-94.75468,87.1,8/15/2004,0,23.3,30.6,15.6
USW00093987,"LUFKIN ANGELINA CO AIRPORT, TX US",31.23593,-94.75468,87.1,8/16/2004,0,24.4,31.7,17.2
USW00093987,"LUFKIN ANGELINA CO AIRPORT, TX US",31.23593,-94.75468,87.1,8/17/2004,0,24.4,32.2,16.1
USW00093987,"LUFKIN ANGELINA CO AIRPORT, TX US",31.23593,-94.75468,87.1,8/18/2004,0,25.6,33.3,17.2
USW00093987,"LUFKIN ANGELINA CO AIRPORT, TX US",31.23593,-94.75468,87.1,8/19/2004,18.5,27.2,32.8,21.7
USW00093987,"LUFKIN ANGELINA CO AIRPORT, TX US",31.23593,-94.75468,87.1,8/20/2004,8.1,27.8,33.9,21.7
USW00093987,"LUFKIN ANGELINA CO AIRPORT, TX US",31.23593,-94.75468,87.1,8/21/2004,24.4,26.1,32.2,20
USW00093987,"LUFKIN ANGELINA CO AIRPORT, TX US",31.23593,-94.75468,87.1,8/22/2004,0,27.2,32.8,21.7
USW00093987,"LUFKIN ANGELINA CO AIRPORT, TX US",31.23593,-94.75468,87.1,8/23/2004,0,28.9,32.8,24.4
USW00093987,"LUFKIN ANGELINA CO AIRPORT, TX US",31.23593,-94.75468,87.1,8/24/2004,0,30.6,34.4,26.1
USW00093987,"LUFKIN ANGELINA CO AIRPORT, TX US",31.23593,-94.75468,87.1,8/25/2004,0,30,34.4,25.6
USW00093987,"LUFKIN ANGELINA CO AIRPORT, TX US",31.23593,-94.75468,87.1,8/26/2004,0,30,34.4,25.6
USW00093987,"LUFKIN ANGELINA CO AIRPORT, TX US",31.23593,-94.75468,87.1,8/27/2004,0,29.4,33.9,25
USW00093987,"LUFKIN ANGELINA CO AIRPORT, TX US",31.23593,-94.75468,87.1,8/28/2004,2.5,27.8,31.7,23.9
USW00093987,"LUFKIN ANGELINA CO AIRPORT, TX US",31.23593,-94.75468,87.1,8/29/2004,0,27.8,32.8,22.2
USW00093987,"LUFKIN ANGELINA CO AIRPORT, TX US",31.23593,-94.75468,87.1,8/30/2004,0,26.1,31.7,20.6
USW00093987,"LUFKIN ANGELINA CO AIRPORT, TX US",31.23593,-94.75468,87.1,8/31/2004,0,24.4,30,18.9
USW00093987,"LUFKIN ANGELINA CO AIRPORT, TX US",31.23593,-94.75468,87.1,9/1/2004,0,24.4,31.1,17.2
USW00093987,"LUFKIN ANGELINA CO AIRPORT, TX US",31.23593,-94.75468,87.1,9/2/2004,0,24.4,29.4,19.4
USW00093987,"LUFKIN ANGELINA CO AIRPORT, TX US",31.23593,-94.75468,87.1,9/3/2004,0.5,NA,30,22.8
USW00093987,"LUFKIN ANGELINA CO AIRPORT, TX US",31.23593,-94.75468,87.1,9/4/2004,15.7,27.8,32.2,23.3
USW00093987,"LUFKIN ANGELINA CO AIRPORT, TX US",31.23593,-94.75468,87.1,9/5/2004,0,27.8,33.9,21.7
USW00093987,"LUFKIN ANGELINA CO AIRPORT, TX US",31.23593,-94.75468,87.1,9/6/2004,0,28.3,33.3,22.8
USW00093987,"LUFKIN ANGELINA CO AIRPORT, TX US",31.23593,-94.75468,87.1,9/7/2004,1,25.6,30,20.6
USW00093987,"LUFKIN ANGELINA CO AIRPORT, TX US",31.23593,-94.75468,87.1,9/8/2004,0,23.3,30.6,16.1
USW00093987,"LUFKIN ANGELINA CO AIRPORT, TX US",31.23593,-94.75468,87.1,9/9/2004,0,23.3,31.1,15
USW00093987,"LUFKIN ANGELINA CO AIRPORT, TX US",31.23593,-94.75468,87.1,9/10/2004,0,25.6,32.8,17.8
USW00093987,"LUFKIN ANGELINA CO AIRPORT, TX US",31.23593,-94.75468,87.1,9/11/2004,0,26.7,33.3,20
USW00093987,"LUFKIN ANGELINA CO AIRPORT, TX US",31.23593,-94.75468,87.1,9/12/2004,0,27.8,33.9,21.1
USW00093987,"LUFKIN ANGELINA CO AIRPORT, TX US",31.23593,-94.75468,87.1,9/13/2004,0,27.2,33.3,20.6
USW00093987,"LUFKIN ANGELINA CO AIRPORT, TX US",31.23593,-94.75468,87.1,9/14/2004,2,27.8,32.8,22.8
USW00093987,"LUFKIN ANGELINA CO AIRPORT, TX US",31.23593,-94.75468,87.1,9/15/2004,3.6,28.9,34.4,22.8
USW00093987,"LUFKIN ANGELINA CO AIRPORT, TX US",31.23593,-94.75468,87.1,9/16/2004,0,27.8,34.4,20.6
USW00093987,"LUFKIN ANGELINA CO AIRPORT, TX US",31.23593,-94.75468,87.1,9/17/2004,0,28.9,36.1,21.7
USW00093987,"LUFKIN ANGELINA CO AIRPORT, TX US",31.23593,-94.75468,87.1,9/18/2004,0,28.9,35.6,21.7
USW00093987,"LUFKIN ANGELINA CO AIRPORT, TX US",31.23593,-94.75468,87.1,9/19/2004,0,27.2,33.3,20.6
USW00093987,"LUFKIN ANGELINA CO AIRPORT, TX US",31.23593,-94.75468,87.1,9/20/2004,0,23.9,31.7,15.6
USW00093987,"LUFKIN ANGELINA CO AIRPORT, TX US",31.23593,-94.75468,87.1,9/21/2004,0,25.6,31.7,19.4
USW00093987,"LUFKIN ANGELINA CO AIRPORT, TX US",31.23593,-94.75468,87.1,9/22/2004,0,25.6,31.7,18.9
USW00093987,"LUFKIN ANGELINA CO AIRPORT, TX US",31.23593,-94.75468,87.1,9/23/2004,0,25,31.7,17.8
USW00093987,"LUFKIN ANGELINA CO AIRPORT, TX US",31.23593,-94.75468,87.1,9/24/2004,85.6,22.8,23.9,21.1
USW00093987,"LUFKIN ANGELINA CO AIRPORT, TX US",31.23593,-94.75468,87.1,9/25/2004,0,25,28.9,21.1
USW00093987,"LUFKIN ANGELINA CO AIRPORT, TX US",31.23593,-94.75468,87.1,9/26/2004,0,25.6,30.6,20
USW00093987,"LUFKIN ANGELINA CO AIRPORT, TX US",31.23593,-94.75468,87.1,9/27/2004,0,23.9,30,17.2
USW00093987,"LUFKIN ANGELINA CO AIRPORT, TX US",31.23593,-94.75468,87.1,9/28/2004,0,24.4,30.6,17.8
USW00093987,"LUFKIN ANGELINA CO AIRPORT, TX US",31.23593,-94.75468,87.1,9/29/2004,0,22.2,30,13.9
USW00093987,"LUFKIN ANGELINA CO AIRPORT, TX US",31.23593,-94.75468,87.1,9/30/2004,0,22.8,30,15.6
USW00093987,"LUFKIN ANGELINA CO AIRPORT, TX US",31.23593,-94.75468,87.1,10/1/2004,0,24.4,31.7,16.7
USW00093987,"LUFKIN ANGELINA CO AIRPORT, TX US",31.23593,-94.75468,87.1,10/2/2004,37.3,24.4,28.3,20.6
USW00093987,"LUFKIN ANGELINA CO AIRPORT, TX US",31.23593,-94.75468,87.1,10/3/2004,0,25.6,30.6,20
USW00093987,"LUFKIN ANGELINA CO AIRPORT, TX US",31.23593,-94.75468,87.1,10/4/2004,21.3,22.8,26.7,18.9
USW00093987,"LUFKIN ANGELINA CO AIRPORT, TX US",31.23593,-94.75468,87.1,10/5/2004,0,23.3,28.3,17.8
USW00093987,"LUFKIN ANGELINA CO AIRPORT, TX US",31.23593,-94.75468,87.1,10/6/2004,0,24.4,30,18.9
USW00093987,"LUFKIN ANGELINA CO AIRPORT, TX US",31.23593,-94.75468,87.1,10/7/2004,9.1,24.4,27.8,20.6
USW00093987,"LUFKIN ANGELINA CO AIRPORT, TX US",31.23593,-94.75468,87.1,10/8/2004,7.4,22.8,26.1,18.9
USW00093987,"LUFKIN ANGELINA CO AIRPORT, TX US",31.23593,-94.75468,87.1,10/9/2004,9.9,20,20.6,19.4
USW00093987,"LUFKIN ANGELINA CO AIRPORT, TX US",31.23593,-94.75468,87.1,10/10/2004,1,20.6,22.2,18.9
USW00093987,"LUFKIN ANGELINA CO AIRPORT, TX US",31.23593,-94.75468,87.1,10/11/2004,0.3,20,23.3,16.7
USW00093987,"LUFKIN ANGELINA CO AIRPORT, TX US",31.23593,-94.75468,87.1,10/12/2004,0,18.9,24.4,13.3
USW00093987,"LUFKIN ANGELINA CO AIRPORT, TX US",31.23593,-94.75468,87.1,10/13/2004,0,20.6,28.9,11.7
USW00093987,"LUFKIN ANGELINA CO AIRPORT, TX US",31.23593,-94.75468,87.1,10/14/2004,0,14.4,20.6,8.3
USW00093987,"LUFKIN ANGELINA CO AIRPORT, TX US",31.23593,-94.75468,87.1,10/15/2004,0,17.8,27.2,8.3
USW00093987,"LUFKIN ANGELINA CO AIRPORT, TX US",31.23593,-94.75468,87.1,10/16/2004,0,20.6,28.9,11.7
USW00093987,"LUFKIN ANGELINA CO AIRPORT, TX US",31.23593,-94.75468,87.1,10/17/2004,0,25.6,31.1,19.4
USW00093987,"LUFKIN ANGELINA CO AIRPORT, TX US",31.23593,-94.75468,87.1,10/18/2004,0,28.9,32.2,25
USW00093987,"LUFKIN ANGELINA CO AIRPORT, TX US",31.23593,-94.75468,87.1,10/19/2004,0,28.3,33.3,23.3
USW00093987,"LUFKIN ANGELINA CO AIRPORT, TX US",31.23593,-94.75468,87.1,10/20/2004,0,27.8,31.7,23.3
USW00093987,"LUFKIN ANGELINA CO AIRPORT, TX US",31.23593,-94.75468,87.1,10/21/2004,0,27.8,31.7,23.3
USW00093987,"LUFKIN ANGELINA CO AIRPORT, TX US",31.23593,-94.75468,87.1,10/22/2004,0,27.8,32.2,23.3
USW00093987,"LUFKIN ANGELINA CO AIRPORT, TX US",31.23593,-94.75468,87.1,10/23/2004,1.8,23.9,27.2,20.6
USW00093987,"LUFKIN ANGELINA CO AIRPORT, TX US",31.23593,-94.75468,87.1,10/24/2004,40.4,25,29.4,20
USW00093987,"LUFKIN ANGELINA CO AIRPORT, TX US",31.23593,-94.75468,87.1,10/25/2004,0,25.6,30,20.6
USW00093987,"LUFKIN ANGELINA CO AIRPORT, TX US",31.23593,-94.75468,87.1,10/26/2004,0,25.6,30.6,20
USW00093987,"LUFKIN ANGELINA CO AIRPORT, TX US",31.23593,-94.75468,87.1,10/27/2004,0,26.1,30.6,21.1
USW00093987,"LUFKIN ANGELINA CO AIRPORT, TX US",31.23593,-94.75468,87.1,10/28/2004,0,26.1,30.6,21.1
USW00093987,"LUFKIN ANGELINA CO AIRPORT, TX US",31.23593,-94.75468,87.1,10/29/2004,3.6,26.7,30.6,22.2
USW00093987,"LUFKIN ANGELINA CO AIRPORT, TX US",31.23593,-94.75468,87.1,10/30/2004,3,26.1,29.4,22.2
USW00093987,"LUFKIN ANGELINA CO AIRPORT, TX US",31.23593,-94.75468,87.1,10/31/2004,0,25.6,30,21.1
USW00093987,"LUFKIN ANGELINA CO AIRPORT, TX US",31.23593,-94.75468,87.1,11/1/2004,85.1,21.7,24.4,18.3
USW00093987,"LUFKIN ANGELINA CO AIRPORT, TX US",31.23593,-94.75468,87.1,11/2/2004,23.1,18.9,20,17.2
USW00093987,"LUFKIN ANGELINA CO AIRPORT, TX US",31.23593,-94.75468,87.1,11/3/2004,1.5,13.3,17.2,8.9
USW00093987,"LUFKIN ANGELINA CO AIRPORT, TX US",31.23593,-94.75468,87.1,11/4/2004,0,12.8,19.4,6.1
USW00093987,"LUFKIN ANGELINA CO AIRPORT, TX US",31.23593,-94.75468,87.1,11/5/2004,0,15,21.1,6.7
USW00093987,"LUFKIN ANGELINA CO AIRPORT, TX US",31.23593,-94.75468,87.1,11/6/2004,0,15.6,25,5.6
USW00093987,"LUFKIN ANGELINA CO AIRPORT, TX US",31.23593,-94.75468,87.1,11/7/2004,0,-17.8,26.7,8.9
USW00093987,"LUFKIN ANGELINA CO AIRPORT, TX US",31.23593,-94.75468,87.1,11/8/2004,0,20,27.8,11.7
USW00093987,"LUFKIN ANGELINA CO AIRPORT, TX US",31.23593,-94.75468,87.1,11/9/2004,0,16.7,23.9,9.4
USW00093987,"LUFKIN ANGELINA CO AIRPORT, TX US",31.23593,-94.75468,87.1,11/10/2004,0,20,27.2,12.2
USW00093987,"LUFKIN ANGELINA CO AIRPORT, TX US",31.23593,-94.75468,87.1,11/11/2004,0.8,16.7,22.2,10.6
USW00093987,"LUFKIN ANGELINA CO AIRPORT, TX US",31.23593,-94.75468,87.1,11/12/2004,0,12.2,13.3,10.6
USW00093987,"LUFKIN ANGELINA CO AIRPORT, TX US",31.23593,-94.75468,87.1,11/13/2004,0,12.8,13.3,11.7
USW00093987,"LUFKIN ANGELINA CO AIRPORT, TX US",31.23593,-94.75468,87.1,11/14/2004,0,13.9,16.1,11.7
USW00093987,"LUFKIN ANGELINA CO AIRPORT, TX US",31.23593,-94.75468,87.1,11/15/2004,0,19.4,22.8,16.1
USW00093987,"LUFKIN ANGELINA CO AIRPORT, TX US",31.23593,-94.75468,87.1,11/16/2004,0,22.2,26.1,17.8
USW00093987,"LUFKIN ANGELINA CO AIRPORT, TX US",31.23593,-94.75468,87.1,11/17/2004,106.2,18.9,20.6,17.2
USW00093987,"LUFKIN ANGELINA CO AIRPORT, TX US",31.23593,-94.75468,87.1,11/18/2004,0.5,16.7,20.6,12.8
USW00093987,"LUFKIN ANGELINA CO AIRPORT, TX US",31.23593,-94.75468,87.1,11/19/2004,0,17.8,23.3,12.2
USW00093987,"LUFKIN ANGELINA CO AIRPORT, TX US",31.23593,-94.75468,87.1,11/20/2004,27.7,18.9,20,17.2
USW00093987,"LUFKIN ANGELINA CO AIRPORT, TX US",31.23593,-94.75468,87.1,11/21/2004,25.9,20.6,22.8,18.3
USW00093987,"LUFKIN ANGELINA CO AIRPORT, TX US",31.23593,-94.75468,87.1,11/22/2004,23.9,20,21.1,18.9
USW00093987,"LUFKIN ANGELINA CO AIRPORT, TX US",31.23593,-94.75468,87.1,11/23/2004,115.3,22.2,26.7,17.8
USW00093987,"LUFKIN ANGELINA CO AIRPORT, TX US",31.23593,-94.75468,87.1,11/24/2004,0,12.2,17.8,6.7
USW00093987,"LUFKIN ANGELINA CO AIRPORT, TX US",31.23593,-94.75468,87.1,11/25/2004,0,-17.8,17.8,2.8
USW00093987,"LUFKIN ANGELINA CO AIRPORT, TX US",31.23593,-94.75468,87.1,11/26/2004,2,-17.8,22.2,7.8
USW00093987,"LUFKIN ANGELINA CO AIRPORT, TX US",31.23593,-94.75468,87.1,11/27/2004,0,13.9,21.1,6.7
USW00093987,"LUFKIN ANGELINA CO AIRPORT, TX US",31.23593,-94.75468,87.1,11/28/2004,0,12.2,19.4,4.4
USW00093987,"LUFKIN ANGELINA CO AIRPORT, TX US",31.23593,-94.75468,87.1,11/29/2004,18.3,19.4,23.3,15
USW00093987,"LUFKIN ANGELINA CO AIRPORT, TX US",31.23593,-94.75468,87.1,11/30/2004,4.1,10,17.2,2.8
USW00093987,"LUFKIN ANGELINA CO AIRPORT, TX US",31.23593,-94.75468,87.1,12/1/2004,0,7.8,15,0.6
USW00093987,"LUFKIN ANGELINA CO AIRPORT, TX US",31.23593,-94.75468,87.1,12/2/2004,0,12.2,19.4,5
USW00093987,"LUFKIN ANGELINA CO AIRPORT, TX US",31.23593,-94.75468,87.1,12/3/2004,0,10.6,17.8,3.3
USW00093987,"LUFKIN ANGELINA CO AIRPORT, TX US",31.23593,-94.75468,87.1,12/4/2004,0,12.2,17.8,6.1
USW00093987,"LUFKIN ANGELINA CO AIRPORT, TX US",31.23593,-94.75468,87.1,12/5/2004,3.6,18.3,22.8,13.9
USW00093987,"LUFKIN ANGELINA CO AIRPORT, TX US",31.23593,-94.75468,87.1,12/6/2004,12.2,20,24.4,15
USW00093987,"LUFKIN ANGELINA CO AIRPORT, TX US",31.23593,-94.75468,87.1,12/7/2004,0,15,21.7,8.3
USW00093987,"LUFKIN ANGELINA CO AIRPORT, TX US",31.23593,-94.75468,87.1,12/8/2004,0.3,12.2,18.3,6.1
USW00093987,"LUFKIN ANGELINA CO AIRPORT, TX US",31.23593,-94.75468,87.1,12/9/2004,0,16.1,23.3,8.9
USW00093987,"LUFKIN ANGELINA CO AIRPORT, TX US",31.23593,-94.75468,87.1,12/10/2004,0,13.3,20.6,5.6
USW00093987,"LUFKIN ANGELINA CO AIRPORT, TX US",31.23593,-94.75468,87.1,12/11/2004,0,12.2,19.4,5
USW00093987,"LUFKIN ANGELINA CO AIRPORT, TX US",31.23593,-94.75468,87.1,12/12/2004,0,16.1,26.1,6.1
USW00093987,"LUFKIN ANGELINA CO AIRPORT, TX US",31.23593,-94.75468,87.1,12/13/2004,0,11.7,17.2,5.6
USW00093987,"LUFKIN ANGELINA CO AIRPORT, TX US",31.23593,-94.75468,87.1,12/14/2004,0,6.1,11.7,0
USW00093987,"LUFKIN ANGELINA CO AIRPORT, TX US",31.23593,-94.75468,87.1,12/15/2004,0,4.4,12.2,-3.3
USW00093987,"LUFKIN ANGELINA CO AIRPORT, TX US",31.23593,-94.75468,87.1,12/16/2004,33.3,8.3,11.1,5
USW00093987,"LUFKIN ANGELINA CO AIRPORT, TX US",31.23593,-94.75468,87.1,12/17/2004,0.3,10.6,16.7,3.9
USW00093987,"LUFKIN ANGELINA CO AIRPORT, TX US",31.23593,-94.75468,87.1,12/18/2004,0,11.1,21.1,1.1
USW00093987,"LUFKIN ANGELINA CO AIRPORT, TX US",31.23593,-94.75468,87.1,12/19/2004,0,10,17.2,2.2
USW00093987,"LUFKIN ANGELINA CO AIRPORT, TX US",31.23593,-94.75468,87.1,12/20/2004,0,11.7,21.7,1.1
USW00093987,"LUFKIN ANGELINA CO AIRPORT, TX US",31.23593,-94.75468,87.1,12/21/2004,0,15.6,22.2,8.9
USW00093987,"LUFKIN ANGELINA CO AIRPORT, TX US",31.23593,-94.75468,87.1,12/22/2004,38.1,10,18.3,1.7
USW00093987,"LUFKIN ANGELINA CO AIRPORT, TX US",31.23593,-94.75468,87.1,12/23/2004,0,2.8,6.7,-1.7
USW00093987,"LUFKIN ANGELINA CO AIRPORT, TX US",31.23593,-94.75468,87.1,12/24/2004,0,1.7,4.4,-1.7
USW00093987,"LUFKIN ANGELINA CO AIRPORT, TX US",31.23593,-94.75468,87.1,12/25/2004,0,5,10.6,-1.1
USW00093987,"LUFKIN ANGELINA CO AIRPORT, TX US",31.23593,-94.75468,87.1,12/26/2004,0,7.2,16.7,-2.8
USW00093987,"LUFKIN ANGELINA CO AIRPORT, TX US",31.23593,-94.75468,87.1,12/27/2004,0,8.3,17.8,-1.1
USW00093987,"LUFKIN ANGELINA CO AIRPORT, TX US",31.23593,-94.75468,87.1,12/28/2004,0,11.7,22.2,1.1
USW00093987,"LUFKIN ANGELINA CO AIRPORT, TX US",31.23593,-94.75468,87.1,12/29/2004,0,16.7,22.8,10
USW00093987,"LUFKIN ANGELINA CO AIRPORT, TX US",31.23593,-94.75468,87.1,12/30/2004,3.3,18.9,21.7,15.6
USW00093987,"LUFKIN ANGELINA CO AIRPORT, TX US",31.23593,-94.75468,87.1,12/31/2004,0,21.7,25.6,17.8
USW00093987,"LUFKIN ANGELINA CO AIRPORT, TX US",31.23593,-94.75468,87.1,1/1/2005,0.5,22.2,25.6,18.3
USW00093987,"LUFKIN ANGELINA CO AIRPORT, TX US",31.23593,-94.75468,87.1,1/2/2005,0,23.3,26.1,20.6
USW00093987,"LUFKIN ANGELINA CO AIRPORT, TX US",31.23593,-94.75468,87.1,1/3/2005,0,24.4,27.2,21.1
USW00093987,"LUFKIN ANGELINA CO AIRPORT, TX US",31.23593,-94.75468,87.1,1/4/2005,5.1,22.8,24.4,20.6
USW00093987,"LUFKIN ANGELINA CO AIRPORT, TX US",31.23593,-94.75468,87.1,1/5/2005,5.8,15,24.4,5.6
USW00093987,"LUFKIN ANGELINA CO AIRPORT, TX US",31.23593,-94.75468,87.1,1/6/2005,0,3.9,5.6,2.2
USW00093987,"LUFKIN ANGELINA CO AIRPORT, TX US",31.23593,-94.75468,87.1,1/7/2005,1.8,5.6,7.8,3.3
USW00093987,"LUFKIN ANGELINA CO AIRPORT, TX US",31.23593,-94.75468,87.1,1/8/2005,0,9.4,15.6,3.3
USW00093987,"LUFKIN ANGELINA CO AIRPORT, TX US",31.23593,-94.75468,87.1,1/9/2005,0,12.2,20,3.9
USW00093987,"LUFKIN ANGELINA CO AIRPORT, TX US",31.23593,-94.75468,87.1,1/10/2005,0,20,23.3,16.1
USW00093987,"LUFKIN ANGELINA CO AIRPORT, TX US",31.23593,-94.75468,87.1,1/11/2005,0,22.2,25.6,18.3
USW00093987,"LUFKIN ANGELINA CO AIRPORT, TX US",31.23593,-94.75468,87.1,1/12/2005,22.1,20,23.9,16.1
USW00093987,"LUFKIN ANGELINA CO AIRPORT, TX US",31.23593,-94.75468,87.1,1/13/2005,6.9,11.1,16.1,6.1
USW00093987,"LUFKIN ANGELINA CO AIRPORT, TX US",31.23593,-94.75468,87.1,1/14/2005,0,8.3,14.4,2.2
USW00093987,"LUFKIN ANGELINA CO AIRPORT, TX US",31.23593,-94.75468,87.1,1/15/2005,0,7.2,12.2,2.2
USW00093987,"LUFKIN ANGELINA CO AIRPORT, TX US",31.23593,-94.75468,87.1,1/16/2005,0,6.1,12.2,0
USW00093987,"LUFKIN ANGELINA CO AIRPORT, TX US",31.23593,-94.75468,87.1,1/17/2005,0,5,11.1,-1.1
USW00093987,"LUFKIN ANGELINA CO AIRPORT, TX US",31.23593,-94.75468,87.1,1/18/2005,0,5,10,-0.6
USW00093987,"LUFKIN ANGELINA CO AIRPORT, TX US",31.23593,-94.75468,87.1,1/19/2005,0,10.6,19.4,1.1
USW00093987,"LUFKIN ANGELINA CO AIRPORT, TX US",31.23593,-94.75468,87.1,1/20/2005,0,15,22.8,7.2
USW00093987,"LUFKIN ANGELINA CO AIRPORT, TX US",31.23593,-94.75468,87.1,1/21/2005,0,16.1,25,7.2
USW00093987,"LUFKIN ANGELINA CO AIRPORT, TX US",31.23593,-94.75468,87.1,1/22/2005,0,12.2,21.7,2.8
USW00093987,"LUFKIN ANGELINA CO AIRPORT, TX US",31.23593,-94.75468,87.1,1/23/2005,0,2.8,7.2,-1.7
USW00093987,"LUFKIN ANGELINA CO AIRPORT, TX US",31.23593,-94.75468,87.1,1/24/2005,0,6.7,15.6,-2.8
USW00093987,"LUFKIN ANGELINA CO AIRPORT, TX US",31.23593,-94.75468,87.1,1/25/2005,0,13.9,23.3,4.4
USW00093987,"LUFKIN ANGELINA CO AIRPORT, TX US",31.23593,-94.75468,87.1,1/26/2005,0,18.3,27.2,9.4
USW00093987,"LUFKIN ANGELINA CO AIRPORT, TX US",31.23593,-94.75468,87.1,1/27/2005,23.1,11.1,17.2,4.4
USW00093987,"LUFKIN ANGELINA CO AIRPORT, TX US",31.23593,-94.75468,87.1,1/28/2005,21.6,6.7,8.3,4.4
USW00093987,"LUFKIN ANGELINA CO AIRPORT, TX US",31.23593,-94.75468,87.1,1/29/2005,0,8.9,10.6,7.2
USW00093987,"LUFKIN ANGELINA CO AIRPORT, TX US",31.23593,-94.75468,87.1,1/30/2005,6.1,8.9,11.1,6.7
USW00093987,"LUFKIN ANGELINA CO AIRPORT, TX US",31.23593,-94.75468,87.1,1/31/2005,9.4,7.8,8.3,6.7
USW00093987,"LUFKIN ANGELINA CO AIRPORT, TX US",31.23593,-94.75468,87.1,2/1/2005,15.5,6.1,7.2,5
USW00093987,"LUFKIN ANGELINA CO AIRPORT, TX US",31.23593,-94.75468,87.1,2/2/2005,0,6.7,8.3,5
USW00093987,"LUFKIN ANGELINA CO AIRPORT, TX US",31.23593,-94.75468,87.1,2/3/2005,0,6.7,11.1,1.7
USW00093987,"LUFKIN ANGELINA CO AIRPORT, TX US",31.23593,-94.75468,87.1,2/4/2005,0,7.2,14.4,-0.6
USW00093987,"LUFKIN ANGELINA CO AIRPORT, TX US",31.23593,-94.75468,87.1,2/5/2005,0,10,16.7,2.8
USW00093987,"LUFKIN ANGELINA CO AIRPORT, TX US",31.23593,-94.75468,87.1,2/6/2005,0,15.6,20.6,10.6
USW00093987,"LUFKIN ANGELINA CO AIRPORT, TX US",31.23593,-94.75468,87.1,2/7/2005,48,14.4,18.3,10
USW00093987,"LUFKIN ANGELINA CO AIRPORT, TX US",31.23593,-94.75468,87.1,2/8/2005,24.9,13.3,16.7,10
USW00093987,"LUFKIN ANGELINA CO AIRPORT, TX US",31.23593,-94.75468,87.1,2/9/2005,0,10,15,5
USW00093987,"LUFKIN ANGELINA CO AIRPORT, TX US",31.23593,-94.75468,87.1,2/10/2005,0,8.3,15,1.1
USW00093987,"LUFKIN ANGELINA CO AIRPORT, TX US",31.23593,-94.75468,87.1,2/11/2005,0,10.6,17.2,3.9
USW00093987,"LUFKIN ANGELINA CO AIRPORT, TX US",31.23593,-94.75468,87.1,2/12/2005,0,13.9,19.4,7.8
USW00093987,"LUFKIN ANGELINA CO AIRPORT, TX US",31.23593,-94.75468,87.1,2/13/2005,13,18.3,23.9,12.8
USW00093987,"LUFKIN ANGELINA CO AIRPORT, TX US",31.23593,-94.75468,87.1,2/14/2005,0,17.2,25.6,8.3
USW00093987,"LUFKIN ANGELINA CO AIRPORT, TX US",31.23593,-94.75468,87.1,2/15/2005,0,18.9,27.8,10
USW00093987,"LUFKIN ANGELINA CO AIRPORT, TX US",31.23593,-94.75468,87.1,2/16/2005,0,18.3,21.1,15
USW00093987,"LUFKIN ANGELINA CO AIRPORT, TX US",31.23593,-94.75468,87.1,2/17/2005,0,13.3,17.2,9.4
USW00093987,"LUFKIN ANGELINA CO AIRPORT, TX US",31.23593,-94.75468,87.1,2/18/2005,0,12.8,16.7,8.9
USW00093987,"LUFKIN ANGELINA CO AIRPORT, TX US",31.23593,-94.75468,87.1,2/19/2005,0,14.4,19.4,8.9
USW00093987,"LUFKIN ANGELINA CO AIRPORT, TX US",31.23593,-94.75468,87.1,2/20/2005,0.3,21.7,26.1,17.2
USW00093987,"LUFKIN ANGELINA CO AIRPORT, TX US",31.23593,-94.75468,87.1,2/21/2005,0,21.7,26.7,16.1
USW00093987,"LUFKIN ANGELINA CO AIRPORT, TX US",31.23593,-94.75468,87.1,2/22/2005,0,20.6,25,16.1
USW00093987,"LUFKIN ANGELINA CO AIRPORT, TX US",31.23593,-94.75468,87.1,2/23/2005,14.5,18.3,24.4,12.2
USW00093987,"LUFKIN ANGELINA CO AIRPORT, TX US",31.23593,-94.75468,87.1,2/24/2005,16.5,10,12.2,7.8
USW00093987,"LUFKIN ANGELINA CO AIRPORT, TX US",31.23593,-94.75468,87.1,2/25/2005,0,10.6,16.1,4.4
USW00093987,"LUFKIN ANGELINA CO AIRPORT, TX US",31.23593,-94.75468,87.1,2/26/2005,2.8,10.6,13.9,6.7
USW00093987,"LUFKIN ANGELINA CO AIRPORT, TX US",31.23593,-94.75468,87.1,2/27/2005,6.4,10,12.2,7.2
USW00093987,"LUFKIN ANGELINA CO AIRPORT, TX US",31.23593,-94.75468,87.1,2/28/2005,0,12.2,18.3,5.6
USW00093987,"LUFKIN ANGELINA CO AIRPORT, TX US",31.23593,-94.75468,87.1,3/1/2005,0,11.1,17.2,4.4
USW00093987,"LUFKIN ANGELINA CO AIRPORT, TX US",31.23593,-94.75468,87.1,3/2/2005,23.6,8.3,10.6,5.6
USW00093987,"LUFKIN ANGELINA CO AIRPORT, TX US",31.23593,-94.75468,87.1,3/3/2005,0,11.7,16.7,6.7
USW00093987,"LUFKIN ANGELINA CO AIRPORT, TX US",31.23593,-94.75468,87.1,3/4/2005,0,11.7,18.9,4.4
USW00093987,"LUFKIN ANGELINA CO AIRPORT, TX US",31.23593,-94.75468,87.1,3/5/2005,0,15.6,21.1,10
USW00093987,"LUFKIN ANGELINA CO AIRPORT, TX US",31.23593,-94.75468,87.1,3/6/2005,0,17.8,22.8,12.8
USW00093987,"LUFKIN ANGELINA CO AIRPORT, TX US",31.23593,-94.75468,87.1,3/7/2005,6.4,17.8,22.8,12.2
USW00093987,"LUFKIN ANGELINA CO AIRPORT, TX US",31.23593,-94.75468,87.1,3/8/2005,0,12.2,19.4,5
USW00093987,"LUFKIN ANGELINA CO AIRPORT, TX US",31.23593,-94.75468,87.1,3/9/2005,0.5,13.9,20.6,7.2
USW00093987,"LUFKIN ANGELINA CO AIRPORT, TX US",31.23593,-94.75468,87.1,3/10/2005,0,13.3,24.4,2.2
USW00093987,"LUFKIN ANGELINA CO AIRPORT, TX US",31.23593,-94.75468,87.1,3/11/2005,0,15,22.2,7.2
USW00093987,"LUFKIN ANGELINA CO AIRPORT, TX US",31.23593,-94.75468,87.1,3/12/2005,0,17.2,28.3,5.6
USW00093987,"LUFKIN ANGELINA CO AIRPORT, TX US",31.23593,-94.75468,87.1,3/13/2005,0,21.1,30.6,11.1
USW00093987,"LUFKIN ANGELINA CO AIRPORT, TX US",31.23593,-94.75468,87.1,3/14/2005,0,13.9,19.4,8.3
USW00093987,"LUFKIN ANGELINA CO AIRPORT, TX US",31.23593,-94.75468,87.1,3/15/2005,0,10.6,11.7,8.9
USW00093987,"LUFKIN ANGELINA CO AIRPORT, TX US",31.23593,-94.75468,87.1,3/16/2005,1.3,6.7,8.9,4.4
USW00093987,"LUFKIN ANGELINA CO AIRPORT, TX US",31.23593,-94.75468,87.1,3/17/2005,0,10,17.2,2.2
USW00093987,"LUFKIN ANGELINA CO AIRPORT, TX US",31.23593,-94.75468,87.1,3/18/2005,0,12.2,22.2,2.2
USW00093987,"LUFKIN ANGELINA CO AIRPORT, TX US",31.23593,-94.75468,87.1,3/19/2005,22.1,20.6,26.1,14.4
USW00093987,"LUFKIN ANGELINA CO AIRPORT, TX US",31.23593,-94.75468,87.1,3/20/2005,1.3,17.8,23.3,12.2
USW00093987,"LUFKIN ANGELINA CO AIRPORT, TX US",31.23593,-94.75468,87.1,3/21/2005,14.5,17.2,20,14.4
USW00093987,"LUFKIN ANGELINA CO AIRPORT, TX US",31.23593,-94.75468,87.1,3/22/2005,9.4,17.8,23.9,11.7
USW00093987,"LUFKIN ANGELINA CO AIRPORT, TX US",31.23593,-94.75468,87.1,3/23/2005,0,15,22.2,7.2
USW00093987,"LUFKIN ANGELINA CO AIRPORT, TX US",31.23593,-94.75468,87.1,3/24/2005,0,17.8,26.1,9.4
USW00093987,"LUFKIN ANGELINA CO AIRPORT, TX US",31.23593,-94.75468,87.1,3/25/2005,0,21.7,27.2,16.1
USW00093987,"LUFKIN ANGELINA CO AIRPORT, TX US",31.23593,-94.75468,87.1,3/26/2005,0,17.8,21.7,13.3
USW00093987,"LUFKIN ANGELINA CO AIRPORT, TX US",31.23593,-94.75468,87.1,3/27/2005,10.4,10,13.3,6.1
USW00093987,"LUFKIN ANGELINA CO AIRPORT, TX US",31.23593,-94.75468,87.1,3/28/2005,0,13.9,24.4,3.3
USW00093987,"LUFKIN ANGELINA CO AIRPORT, TX US",31.23593,-94.75468,87.1,3/29/2005,0,18.3,25.6,10.6
USW00093987,"LUFKIN ANGELINA CO AIRPORT, TX US",31.23593,-94.75468,87.1,3/30/2005,0,24.4,31.1,17.8
USW00093987,"LUFKIN ANGELINA CO AIRPORT, TX US",31.23593,-94.75468,87.1,3/31/2005,7.6,NA,27.8,15.6
USW00093987,"LUFKIN ANGELINA CO AIRPORT, TX US",31.23593,-94.75468,87.1,4/1/2005,0,17.8,18.3,7.2
USW00093987,"LUFKIN ANGELINA CO AIRPORT, TX US",31.23593,-94.75468,87.1,4/2/2005,0,14.4,23.9,5
USW00093987,"LUFKIN ANGELINA CO AIRPORT, TX US",31.23593,-94.75468,87.1,4/3/2005,0,15.6,25.6,5.6
USW00093987,"LUFKIN ANGELINA CO AIRPORT, TX US",31.23593,-94.75468,87.1,4/4/2005,0,17.2,23.3,11.1
USW00093987,"LUFKIN ANGELINA CO AIRPORT, TX US",31.23593,-94.75468,87.1,4/5/2005,3,20,25,15
USW00093987,"LUFKIN ANGELINA CO AIRPORT, TX US",31.23593,-94.75468,87.1,4/6/2005,0,19.4,25,13.9
USW00093987,"LUFKIN ANGELINA CO AIRPORT, TX US",31.23593,-94.75468,87.1,4/7/2005,0,17.2,22.2,12.2
USW00093987,"LUFKIN ANGELINA CO AIRPORT, TX US",31.23593,-94.75468,87.1,4/8/2005,0,18.9,26.7,10.6
USW00093987,"LUFKIN ANGELINA CO AIRPORT, TX US",31.23593,-94.75468,87.1,4/9/2005,0,20,28.3,11.1
USW00093987,"LUFKIN ANGELINA CO AIRPORT, TX US",31.23593,-94.75468,87.1,4/10/2005,0.5,21.7,26.7,16.1
USW00093987,"LUFKIN ANGELINA CO AIRPORT, TX US",31.23593,-94.75468,87.1,4/11/2005,20.3,19.4,26.7,11.7
USW00093987,"LUFKIN ANGELINA CO AIRPORT, TX US",31.23593,-94.75468,87.1,4/12/2005,0,17.8,26.1,8.9
USW00093987,"LUFKIN ANGELINA CO AIRPORT, TX US",31.23593,-94.75468,87.1,4/13/2005,0,17.8,25.6,9.4
USW00093987,"LUFKIN ANGELINA CO AIRPORT, TX US",31.23593,-94.75468,87.1,4/14/2005,0,17.8,25,10
USW00093987,"LUFKIN ANGELINA CO AIRPORT, TX US",31.23593,-94.75468,87.1,4/15/2005,0,17.2,24.4,9.4
USW00093987,"LUFKIN ANGELINA CO AIRPORT, TX US",31.23593,-94.75468,87.1,4/16/2005,0,18.9,27.8,10
USW00093987,"LUFKIN ANGELINA CO AIRPORT, TX US",31.23593,-94.75468,87.1,4/17/2005,0,18.9,27.2,10
USW00093987,"LUFKIN ANGELINA CO AIRPORT, TX US",31.23593,-94.75468,87.1,4/18/2005,0,20.6,25.6,15
USW00093987,"LUFKIN ANGELINA CO AIRPORT, TX US",31.23593,-94.75468,87.1,4/19/2005,0,20,26.1,13.9
USW00093987,"LUFKIN ANGELINA CO AIRPORT, TX US",31.23593,-94.75468,87.1,4/20/2005,0,22.8,28.9,16.1
USW00093987,"LUFKIN ANGELINA CO AIRPORT, TX US",31.23593,-94.75468,87.1,4/21/2005,0,23.3,28.9,17.8
USW00093987,"LUFKIN ANGELINA CO AIRPORT, TX US",31.23593,-94.75468,87.1,4/22/2005,0,23.9,28.9,18.3
USW00093987,"LUFKIN ANGELINA CO AIRPORT, TX US",31.23593,-94.75468,87.1,4/23/2005,0,15,21.7,8.3
USW00093987,"LUFKIN ANGELINA CO AIRPORT, TX US",31.23593,-94.75468,87.1,4/24/2005,2.3,13.9,22.2,5
USW00093987,"LUFKIN ANGELINA CO AIRPORT, TX US",31.23593,-94.75468,87.1,4/25/2005,0,16.7,22.2,11.1
USW00093987,"LUFKIN ANGELINA CO AIRPORT, TX US",31.23593,-94.75468,87.1,4/26/2005,0,17.8,24.4,11.1
USW00093987,"LUFKIN ANGELINA CO AIRPORT, TX US",31.23593,-94.75468,87.1,4/27/2005,0,19.4,30,8.9
USW00093987,"LUFKIN ANGELINA CO AIRPORT, TX US",31.23593,-94.75468,87.1,4/28/2005,0,23.3,31.7,15
USW00093987,"LUFKIN ANGELINA CO AIRPORT, TX US",31.23593,-94.75468,87.1,4/29/2005,0,23.3,30,16.7
USW00093987,"LUFKIN ANGELINA CO AIRPORT, TX US",31.23593,-94.75468,87.1,4/30/2005,1.8,13.9,18.9,8.9
USW00093987,"LUFKIN ANGELINA CO AIRPORT, TX US",31.23593,-94.75468,87.1,5/1/2005,0,15,23.3,6.7
USW00093987,"LUFKIN ANGELINA CO AIRPORT, TX US",31.23593,-94.75468,87.1,5/2/2005,0,18.3,25.6,10.6
USW00093987,"LUFKIN ANGELINA CO AIRPORT, TX US",31.23593,-94.75468,87.1,5/3/2005,0,17.8,23.3,12.2
USW00093987,"LUFKIN ANGELINA CO AIRPORT, TX US",31.23593,-94.75468,87.1,5/4/2005,2.8,15.6,20.6,10.6
USW00093987,"LUFKIN ANGELINA CO AIRPORT, TX US",31.23593,-94.75468,87.1,5/5/2005,0,18.3,26.7,10
USW00093987,"LUFKIN ANGELINA CO AIRPORT, TX US",31.23593,-94.75468,87.1,5/6/2005,0,20,28.9,11.1
USW00093987,"LUFKIN ANGELINA CO AIRPORT, TX US",31.23593,-94.75468,87.1,5/7/2005,0,21.7,30,12.8
USW00093987,"LUFKIN ANGELINA CO AIRPORT, TX US",31.23593,-94.75468,87.1,5/8/2005,30.2,18.9,22.8,15
USW00093987,"LUFKIN ANGELINA CO AIRPORT, TX US",31.23593,-94.75468,87.1,5/9/2005,0.5,22.2,30.6,13.9
USW00093987,"LUFKIN ANGELINA CO AIRPORT, TX US",31.23593,-94.75468,87.1,5/10/2005,0,26.7,32.2,20.6
USW00093987,"LUFKIN ANGELINA CO AIRPORT, TX US",31.23593,-94.75468,87.1,5/11/2005,0,25.6,31.7,18.9
USW00093987,"LUFKIN ANGELINA CO AIRPORT, TX US",31.23593,-94.75468,87.1,5/12/2005,0,25.6,31.7,19.4
USW00093987,"LUFKIN ANGELINA CO AIRPORT, TX US",31.23593,-94.75468,87.1,5/13/2005,0,25,30.6,18.9
USW00093987,"LUFKIN ANGELINA CO AIRPORT, TX US",31.23593,-94.75468,87.1,5/14/2005,0,24.4,30,18.3
USW00093987,"LUFKIN ANGELINA CO AIRPORT, TX US",31.23593,-94.75468,87.1,5/15/2005,0,22.8,29.4,16.1
USW00093987,"LUFKIN ANGELINA CO AIRPORT, TX US",31.23593,-94.75468,87.1,5/16/2005,0,20.6,27.2,13.9
USW00093987,"LUFKIN ANGELINA CO AIRPORT, TX US",31.23593,-94.75468,87.1,5/17/2005,0,22.2,30,14.4
USW00093987,"LUFKIN ANGELINA CO AIRPORT, TX US",31.23593,-94.75468,87.1,5/18/2005,0,23.9,31.1,16.1
USW00093987,"LUFKIN ANGELINA CO AIRPORT, TX US",31.23593,-94.75468,87.1,5/19/2005,0,24.4,31.1,17.8
USW00093987,"LUFKIN ANGELINA CO AIRPORT, TX US",31.23593,-94.75468,87.1,5/20/2005,0,25.6,32.8,18.3
USW00093987,"LUFKIN ANGELINA CO AIRPORT, TX US",31.23593,-94.75468,87.1,5/21/2005,0,29.4,36.1,22.2
USW00093987,"LUFKIN ANGELINA CO AIRPORT, TX US",31.23593,-94.75468,87.1,5/22/2005,0,27.8,36.1,19.4
USW00093987,"LUFKIN ANGELINA CO AIRPORT, TX US",31.23593,-94.75468,87.1,5/23/2005,0,27.8,33.9,21.1
USW00093987,"LUFKIN ANGELINA CO AIRPORT, TX US",31.23593,-94.75468,87.1,5/24/2005,0,25.6,31.7,19.4
USW00093987,"LUFKIN ANGELINA CO AIRPORT, TX US",31.23593,-94.75468,87.1,5/25/2005,5.1,27.2,33.9,20
USW00093987,"LUFKIN ANGELINA CO AIRPORT, TX US",31.23593,-94.75468,87.1,5/26/2005,0,24.4,30,18.9
USW00093987,"LUFKIN ANGELINA CO AIRPORT, TX US",31.23593,-94.75468,87.1,5/27/2005,0,24.4,32.2,16.1
USW00093987,"LUFKIN ANGELINA CO AIRPORT, TX US",31.23593,-94.75468,87.1,5/28/2005,7.4,25,30,19.4
USW00093987,"LUFKIN ANGELINA CO AIRPORT, TX US",31.23593,-94.75468,87.1,5/29/2005,0.3,25,30.6,18.9
USW00093987,"LUFKIN ANGELINA CO AIRPORT, TX US",31.23593,-94.75468,87.1,5/30/2005,0,25,30.6,19.4
USW00093987,"LUFKIN ANGELINA CO AIRPORT, TX US",31.23593,-94.75468,87.1,5/31/2005,0,25.6,30.6,20.6
USW00093987,"LUFKIN ANGELINA CO AIRPORT, TX US",31.23593,-94.75468,87.1,6/1/2005,0.3,25.6,30.6,20
USW00093987,"LUFKIN ANGELINA CO AIRPORT, TX US",31.23593,-94.75468,87.1,6/2/2005,0,26.1,33.3,18.3
USW00093987,"LUFKIN ANGELINA CO AIRPORT, TX US",31.23593,-94.75468,87.1,6/3/2005,0,27.8,33.9,21.7
USW00093987,"LUFKIN ANGELINA CO AIRPORT, TX US",31.23593,-94.75468,87.1,6/4/2005,0,28.9,35,22.2
USW00093987,"LUFKIN ANGELINA CO AIRPORT, TX US",31.23593,-94.75468,87.1,6/5/2005,0,27.8,33.9,21.7
USW00093987,"LUFKIN ANGELINA CO AIRPORT, TX US",31.23593,-94.75468,87.1,6/6/2005,10.7,27.8,33.3,21.7
USW00093987,"LUFKIN ANGELINA CO AIRPORT, TX US",31.23593,-94.75468,87.1,6/7/2005,9.9,27.8,34.4,20.6
USW00093987,"LUFKIN ANGELINA CO AIRPORT, TX US",31.23593,-94.75468,87.1,6/8/2005,0,28.3,34.4,21.7
USW00093987,"LUFKIN ANGELINA CO AIRPORT, TX US",31.23593,-94.75468,87.1,6/9/2005,0,28.3,33.9,22.8
USW00093987,"LUFKIN ANGELINA CO AIRPORT, TX US",31.23593,-94.75468,87.1,6/10/2005,0,28.3,34.4,22.2
USW00093987,"LUFKIN ANGELINA CO AIRPORT, TX US",31.23593,-94.75468,87.1,6/11/2005,0,27.8,33.9,21.7
USW00093987,"LUFKIN ANGELINA CO AIRPORT, TX US",31.23593,-94.75468,87.1,6/12/2005,0,28.3,35,21.7
USW00093987,"LUFKIN ANGELINA CO AIRPORT, TX US",31.23593,-94.75468,87.1,6/13/2005,0,28.9,35,22.2
USW00093987,"LUFKIN ANGELINA CO AIRPORT, TX US",31.23593,-94.75468,87.1,6/14/2005,0.8,30,35.6,23.9
USW00093987,"LUFKIN ANGELINA CO AIRPORT, TX US",31.23593,-94.75468,87.1,6/15/2005,0,29.4,37.2,21.7
USW00093987,"LUFKIN ANGELINA CO AIRPORT, TX US",31.23593,-94.75468,87.1,6/16/2005,0,30,37.2,22.8
USW00093987,"LUFKIN ANGELINA CO AIRPORT, TX US",31.23593,-94.75468,87.1,6/17/2005,0,28.3,34.4,22.2
USW00093987,"LUFKIN ANGELINA CO AIRPORT, TX US",31.23593,-94.75468,87.1,6/18/2005,0,26.7,31.1,22.2
USW00093987,"LUFKIN ANGELINA CO AIRPORT, TX US",31.23593,-94.75468,87.1,6/19/2005,0,27.2,33.9,20.6
USW00093987,"LUFKIN ANGELINA CO AIRPORT, TX US",31.23593,-94.75468,87.1,6/20/2005,0,25,32.8,17.2
USW00093987,"LUFKIN ANGELINA CO AIRPORT, TX US",31.23593,-94.75468,87.1,6/21/2005,0,26.7,34.4,18.9
USW00093987,"LUFKIN ANGELINA CO AIRPORT, TX US",31.23593,-94.75468,87.1,6/22/2005,0,27.2,35,19.4
USW00093987,"LUFKIN ANGELINA CO AIRPORT, TX US",31.23593,-94.75468,87.1,6/23/2005,0,27.8,35,20.6
USW00093987,"LUFKIN ANGELINA CO AIRPORT, TX US",31.23593,-94.75468,87.1,6/24/2005,0,28.9,35.6,21.7
USW00093987,"LUFKIN ANGELINA CO AIRPORT, TX US",31.23593,-94.75468,87.1,6/25/2005,0,30,37.2,22.2
USW00093987,"LUFKIN ANGELINA CO AIRPORT, TX US",31.23593,-94.75468,87.1,6/26/2005,0,28.9,36.7,20.6
USW00093987,"LUFKIN ANGELINA CO AIRPORT, TX US",31.23593,-94.75468,87.1,6/27/2005,0,28.3,35.6,21.1
USW00093987,"LUFKIN ANGELINA CO AIRPORT, TX US",31.23593,-94.75468,87.1,6/28/2005,0,29.4,37.2,21.1
USW00093987,"LUFKIN ANGELINA CO AIRPORT, TX US",31.23593,-94.75468,87.1,6/29/2005,0,30,37.2,22.2
USW00093987,"LUFKIN ANGELINA CO AIRPORT, TX US",31.23593,-94.75468,87.1,6/30/2005,0,31.1,38.3,23.3
USW00093987,"LUFKIN ANGELINA CO AIRPORT, TX US",31.23593,-94.75468,87.1,7/1/2005,0,31.7,38.3,25
USW00093987,"LUFKIN ANGELINA CO AIRPORT, TX US",31.23593,-94.75468,87.1,7/2/2005,0,29.4,35,23.9
USW00093987,"LUFKIN ANGELINA CO AIRPORT, TX US",31.23593,-94.75468,87.1,7/3/2005,2,30,37.2,22.8
USW00093987,"LUFKIN ANGELINA CO AIRPORT, TX US",31.23593,-94.75468,87.1,7/4/2005,0,31.1,37.8,23.9
USW00093987,"LUFKIN ANGELINA CO AIRPORT, TX US",31.23593,-94.75468,87.1,7/5/2005,0,29.4,35.6,23.3
USW00093987,"LUFKIN ANGELINA CO AIRPORT, TX US",31.23593,-94.75468,87.1,7/6/2005,0,31.1,37.2,24.4
USW00093987,"LUFKIN ANGELINA CO AIRPORT, TX US",31.23593,-94.75468,87.1,7/7/2005,3,30,36.7,22.8
USW00093987,"LUFKIN ANGELINA CO AIRPORT, TX US",31.23593,-94.75468,87.1,7/8/2005,0,27.2,32.2,22.2
USW00093987,"LUFKIN ANGELINA CO AIRPORT, TX US",31.23593,-94.75468,87.1,7/9/2005,11.2,28.9,35.6,21.7
USW00093987,"LUFKIN ANGELINA CO AIRPORT, TX US",31.23593,-94.75468,87.1,7/10/2005,0,30,36.1,23.3
USW00093987,"LUFKIN ANGELINA CO AIRPORT, TX US",31.23593,-94.75468,87.1,7/11/2005,0,28.9,35,22.8
USW00093987,"LUFKIN ANGELINA CO AIRPORT, TX US",31.23593,-94.75468,87.1,7/12/2005,0,29.4,36.1,22.8
USW00093987,"LUFKIN ANGELINA CO AIRPORT, TX US",31.23593,-94.75468,87.1,7/13/2005,25.1,30,36.7,22.8
USW00093987,"LUFKIN ANGELINA CO AIRPORT, TX US",31.23593,-94.75468,87.1,7/14/2005,14.5,27.2,31.1,22.8
USW00093987,"LUFKIN ANGELINA CO AIRPORT, TX US",31.23593,-94.75468,87.1,7/15/2005,0,27.2,31.1,23.3
USW00093987,"LUFKIN ANGELINA CO AIRPORT, TX US",31.23593,-94.75468,87.1,7/16/2005,2.3,27.8,31.1,23.9
USW00093987,"LUFKIN ANGELINA CO AIRPORT, TX US",31.23593,-94.75468,87.1,7/17/2005,0.3,28.9,33.3,23.9
USW00093987,"LUFKIN ANGELINA CO AIRPORT, TX US",31.23593,-94.75468,87.1,7/18/2005,0,30,35,24.4
USW00093987,"LUFKIN ANGELINA CO AIRPORT, TX US",31.23593,-94.75468,87.1,7/19/2005,0,29.4,35,23.9
USW00093987,"LUFKIN ANGELINA CO AIRPORT, TX US",31.23593,-94.75468,87.1,7/20/2005,0,29.4,33.9,24.4
USW00093987,"LUFKIN ANGELINA CO AIRPORT, TX US",31.23593,-94.75468,87.1,7/21/2005,0,29.4,35,23.3
USW00093987,"LUFKIN ANGELINA CO AIRPORT, TX US",31.23593,-94.75468,87.1,7/22/2005,0.3,28.3,32.8,23.9
USW00093987,"LUFKIN ANGELINA CO AIRPORT, TX US",31.23593,-94.75468,87.1,7/23/2005,0,28.3,33.9,22.8
USW00093987,"LUFKIN ANGELINA CO AIRPORT, TX US",31.23593,-94.75468,87.1,7/24/2005,0,29.4,35.6,23.3
USW00093987,"LUFKIN ANGELINA CO AIRPORT, TX US",31.23593,-94.75468,87.1,7/25/2005,0,29.4,35,23.3
USW00093987,"LUFKIN ANGELINA CO AIRPORT, TX US",31.23593,-94.75468,87.1,7/26/2005,0,28.9,34.4,23.3
USW00093987,"LUFKIN ANGELINA CO AIRPORT, TX US",31.23593,-94.75468,87.1,7/27/2005,0,29.4,35.6,23.3
USW00093987,"LUFKIN ANGELINA CO AIRPORT, TX US",31.23593,-94.75468,87.1,7/28/2005,0,28.9,35,22.8
USW00093987,"LUFKIN ANGELINA CO AIRPORT, TX US",31.23593,-94.75468,87.1,7/29/2005,0,28.3,34.4,21.7
USW00093987,"LUFKIN ANGELINA CO AIRPORT, TX US",31.23593,-94.75468,87.1,7/30/2005,0,27.2,35.6,18.3
USW00093987,"LUFKIN ANGELINA CO AIRPORT, TX US",31.23593,-94.75468,87.1,7/31/2005,0,27.8,35.6,20
USW00093987,"LUFKIN ANGELINA CO AIRPORT, TX US",31.23593,-94.75468,87.1,8/1/2005,0,NA,36.7,23.3
USW00093987,"LUFKIN ANGELINA CO AIRPORT, TX US",31.23593,-94.75468,87.1,8/2/2005,0.5,NA,36.7,22.8
USW00093987,"LUFKIN ANGELINA CO AIRPORT, TX US",31.23593,-94.75468,87.1,8/3/2005,5.6,NA,36.1,22.8
USW00093987,"LUFKIN ANGELINA CO AIRPORT, TX US",31.23593,-94.75468,87.1,8/4/2005,3.3,NA,36.1,22.2
USW00093987,"LUFKIN ANGELINA CO AIRPORT, TX US",31.23593,-94.75468,87.1,8/5/2005,0,NA,35.6,21.7
USW00093987,"LUFKIN ANGELINA CO AIRPORT, TX US",31.23593,-94.75468,87.1,8/6/2005,0,NA,36.7,21.7
USW00093987,"LUFKIN ANGELINA CO AIRPORT, TX US",31.23593,-94.75468,87.1,8/7/2005,7.4,NA,35,22.8
USW00093987,"LUFKIN ANGELINA CO AIRPORT, TX US",31.23593,-94.75468,87.1,8/8/2005,7.4,NA,33.3,22.2
USW00093987,"LUFKIN ANGELINA CO AIRPORT, TX US",31.23593,-94.75468,87.1,8/9/2005,26.9,NA,30,21.1
USW00093987,"LUFKIN ANGELINA CO AIRPORT, TX US",31.23593,-94.75468,87.1,8/10/2005,0.3,NA,34.4,21.1
USW00093987,"LUFKIN ANGELINA CO AIRPORT, TX US",31.23593,-94.75468,87.1,8/11/2005,0,NA,35,21.7
USW00093987,"LUFKIN ANGELINA CO AIRPORT, TX US",31.23593,-94.75468,87.1,8/12/2005,0,NA,35,21.1
USW00093987,"LUFKIN ANGELINA CO AIRPORT, TX US",31.23593,-94.75468,87.1,8/13/2005,0,NA,36.1,23.9
USW00093987,"LUFKIN ANGELINA CO AIRPORT, TX US",31.23593,-94.75468,87.1,8/14/2005,13,NA,34.4,23.3
USW00093987,"LUFKIN ANGELINA CO AIRPORT, TX US",31.23593,-94.75468,87.1,8/15/2005,0,NA,33.9,22.8
USW00093987,"LUFKIN ANGELINA CO AIRPORT, TX US",31.23593,-94.75468,87.1,8/16/2005,0.5,NA,34.4,22.2
USW00093987,"LUFKIN ANGELINA CO AIRPORT, TX US",31.23593,-94.75468,87.1,8/17/2005,0,NA,34.4,22.2
USW00093987,"LUFKIN ANGELINA CO AIRPORT, TX US",31.23593,-94.75468,87.1,8/18/2005,0,NA,35.6,23.9
USW00093987,"LUFKIN ANGELINA CO AIRPORT, TX US",31.23593,-94.75468,87.1,8/19/2005,0,NA,35,22.8
USW00093987,"LUFKIN ANGELINA CO AIRPORT, TX US",31.23593,-94.75468,87.1,8/20/2005,0,NA,36.1,23.9
USW00093987,"LUFKIN ANGELINA CO AIRPORT, TX US",31.23593,-94.75468,87.1,8/21/2005,0,NA,37.2,24.4
USW00093987,"LUFKIN ANGELINA CO AIRPORT, TX US",31.23593,-94.75468,87.1,8/22/2005,0,NA,37.8,24.4
USW00093987,"LUFKIN ANGELINA CO AIRPORT, TX US",31.23593,-94.75468,87.1,8/23/2005,0,NA,37.2,23.3
USW00093987,"LUFKIN ANGELINA CO AIRPORT, TX US",31.23593,-94.75468,87.1,8/24/2005,0,NA,36.7,24.4
USW00093987,"LUFKIN ANGELINA CO AIRPORT, TX US",31.23593,-94.75468,87.1,8/25/2005,1.5,NA,36.1,24.4
USW00093987,"LUFKIN ANGELINA CO AIRPORT, TX US",31.23593,-94.75468,87.1,8/26/2005,0,NA,37.2,24.4
USW00093987,"LUFKIN ANGELINA CO AIRPORT, TX US",31.23593,-94.75468,87.1,8/27/2005,0,NA,37.2,23.9
USW00093987,"LUFKIN ANGELINA CO AIRPORT, TX US",31.23593,-94.75468,87.1,8/28/2005,0,NA,35,23.3
USW00093987,"LUFKIN ANGELINA CO AIRPORT, TX US",31.23593,-94.75468,87.1,8/29/2005,0.5,NA,35.6,23.3
USW00093987,"LUFKIN ANGELINA CO AIRPORT, TX US",31.23593,-94.75468,87.1,8/30/2005,0,NA,37.2,20.6
USW00093987,"LUFKIN ANGELINA CO AIRPORT, TX US",31.23593,-94.75468,87.1,8/31/2005,0,NA,36.7,20
USW00093987,"LUFKIN ANGELINA CO AIRPORT, TX US",31.23593,-94.75468,87.1,9/1/2005,0,NA,36.1,21.1
USW00093987,"LUFKIN ANGELINA CO AIRPORT, TX US",31.23593,-94.75468,87.1,9/2/2005,0,NA,35.6,21.1
USW00093987,"LUFKIN ANGELINA CO AIRPORT, TX US",31.23593,-94.75468,87.1,9/3/2005,0,NA,36.1,21.1
USW00093987,"LUFKIN ANGELINA CO AIRPORT, TX US",31.23593,-94.75468,87.1,9/4/2005,0,NA,36.7,19.4
USW00093987,"LUFKIN ANGELINA CO AIRPORT, TX US",31.23593,-94.75468,87.1,9/5/2005,0,NA,35.6,20
USW00093987,"LUFKIN ANGELINA CO AIRPORT, TX US",31.23593,-94.75468,87.1,9/6/2005,0,NA,35,20
USW00093987,"LUFKIN ANGELINA CO AIRPORT, TX US",31.23593,-94.75468,87.1,9/7/2005,0,NA,33.9,17.8
USW00093987,"LUFKIN ANGELINA CO AIRPORT, TX US",31.23593,-94.75468,87.1,9/8/2005,0,NA,35,18.9
USW00093987,"LUFKIN ANGELINA CO AIRPORT, TX US",31.23593,-94.75468,87.1,9/9/2005,0,NA,35.6,17.2
USW00093987,"LUFKIN ANGELINA CO AIRPORT, TX US",31.23593,-94.75468,87.1,9/10/2005,0,NA,35,19.4
USW00093987,"LUFKIN ANGELINA CO AIRPORT, TX US",31.23593,-94.75468,87.1,9/11/2005,0,NA,34.4,21.1
USW00093987,"LUFKIN ANGELINA CO AIRPORT, TX US",31.23593,-94.75468,87.1,9/12/2005,0,NA,33.9,20.6
USW00093987,"LUFKIN ANGELINA CO AIRPORT, TX US",31.23593,-94.75468,87.1,9/13/2005,0,NA,36.1,22.2
USW00093987,"LUFKIN ANGELINA CO AIRPORT, TX US",31.23593,-94.75468,87.1,9/14/2005,0,NA,36.7,23.3
USW00093987,"LUFKIN ANGELINA CO AIRPORT, TX US",31.23593,-94.75468,87.1,9/15/2005,0,NA,37.8,23.3
USW00093987,"LUFKIN ANGELINA CO AIRPORT, TX US",31.23593,-94.75468,87.1,9/16/2005,0,NA,36.1,25
USW00093987,"LUFKIN ANGELINA CO AIRPORT, TX US",31.23593,-94.75468,87.1,9/17/2005,0,NA,37.8,22.8
USW00093987,"LUFKIN ANGELINA CO AIRPORT, TX US",31.23593,-94.75468,87.1,9/18/2005,0,NA,37.2,23.3
USW00093987,"LUFKIN ANGELINA CO AIRPORT, TX US",31.23593,-94.75468,87.1,9/19/2005,0,NA,37.8,22.2
USW00093987,"LUFKIN ANGELINA CO AIRPORT, TX US",31.23593,-94.75468,87.1,9/20/2005,0,NA,38.9,20
USW00093987,"LUFKIN ANGELINA CO AIRPORT, TX US",31.23593,-94.75468,87.1,9/21/2005,0,NA,40,20.6
USW00093987,"LUFKIN ANGELINA CO AIRPORT, TX US",31.23593,-94.75468,87.1,9/22/2005,0,NA,39.4,21.7
USW00093987,"LUFKIN ANGELINA CO AIRPORT, TX US",31.23593,-94.75468,87.1,9/23/2005,5.3,NA,36.1,24.4
USW00093987,"LUFKIN ANGELINA CO AIRPORT, TX US",31.23593,-94.75468,87.1,9/24/2005,134.6,NA,29.4,24.4
USW00093987,"LUFKIN ANGELINA CO AIRPORT, TX US",31.23593,-94.75468,87.1,9/25/2005,0,NA,27.8,23.9
USW00093987,"LUFKIN ANGELINA CO AIRPORT, TX US",31.23593,-94.75468,87.1,9/26/2005,0,NA,37.8,26.1
USW00093987,"LUFKIN ANGELINA CO AIRPORT, TX US",31.23593,-94.75468,87.1,9/27/2005,0,NA,35.6,24.4
USW00093987,"LUFKIN ANGELINA CO AIRPORT, TX US",31.23593,-94.75468,87.1,9/28/2005,0,NA,35.6,25
USW00093987,"LUFKIN ANGELINA CO AIRPORT, TX US",31.23593,-94.75468,87.1,9/29/2005,0,NA,27.2,19.4
USW00093987,"LUFKIN ANGELINA CO AIRPORT, TX US",31.23593,-94.75468,87.1,9/30/2005,0,NA,28.3,16.7
USW00093987,"LUFKIN ANGELINA CO AIRPORT, TX US",31.23593,-94.75468,87.1,10/1/2005,0,NA,33.3,19.4
USW00093987,"LUFKIN ANGELINA CO AIRPORT, TX US",31.23593,-94.75468,87.1,10/2/2005,7.6,NA,33.3,21.7
USW00093987,"LUFKIN ANGELINA CO AIRPORT, TX US",31.23593,-94.75468,87.1,10/3/2005,0,NA,32.8,22.8
USW00093987,"LUFKIN ANGELINA CO AIRPORT, TX US",31.23593,-94.75468,87.1,10/4/2005,0,NA,32.8,22.8
USW00093987,"LUFKIN ANGELINA CO AIRPORT, TX US",31.23593,-94.75468,87.1,10/5/2005,0,NA,33.3,21.7
USW00093987,"LUFKIN ANGELINA CO AIRPORT, TX US",31.23593,-94.75468,87.1,10/6/2005,0,NA,32.8,17.2
USW00093987,"LUFKIN ANGELINA CO AIRPORT, TX US",31.23593,-94.75468,87.1,10/7/2005,0,NA,23.3,16.1
USW00093987,"LUFKIN ANGELINA CO AIRPORT, TX US",31.23593,-94.75468,87.1,10/8/2005,0,NA,21.1,10.6
USW00093987,"LUFKIN ANGELINA CO AIRPORT, TX US",31.23593,-94.75468,87.1,10/9/2005,0,NA,26.7,9.4
USW00093987,"LUFKIN ANGELINA CO AIRPORT, TX US",31.23593,-94.75468,87.1,10/10/2005,0,NA,25,11.7
USW00093987,"LUFKIN ANGELINA CO AIRPORT, TX US",31.23593,-94.75468,87.1,10/11/2005,0,NA,29.4,16.7
USW00093987,"LUFKIN ANGELINA CO AIRPORT, TX US",31.23593,-94.75468,87.1,10/12/2005,0,NA,30,17.8
USW00093987,"LUFKIN ANGELINA CO AIRPORT, TX US",31.23593,-94.75468,87.1,10/13/2005,0,NA,29.4,15.6
USW00093987,"LUFKIN ANGELINA CO AIRPORT, TX US",31.23593,-94.75468,87.1,10/14/2005,0,NA,30,15.6
USW00093987,"LUFKIN ANGELINA CO AIRPORT, TX US",31.23593,-94.75468,87.1,10/15/2005,0,NA,28.9,12.8
USW00093987,"LUFKIN ANGELINA CO AIRPORT, TX US",31.23593,-94.75468,87.1,10/16/2005,0,NA,30,11.7
USW00093987,"LUFKIN ANGELINA CO AIRPORT, TX US",31.23593,-94.75468,87.1,10/17/2005,0,NA,31.1,12.2
USW00093987,"LUFKIN ANGELINA CO AIRPORT, TX US",31.23593,-94.75468,87.1,10/18/2005,0,NA,31.7,13.9
USW00093987,"LUFKIN ANGELINA CO AIRPORT, TX US",31.23593,-94.75468,87.1,10/19/2005,0,NA,31.1,13.3
USW00093987,"LUFKIN ANGELINA CO AIRPORT, TX US",31.23593,-94.75468,87.1,10/20/2005,0,NA,31.7,14.4
USW00093987,"LUFKIN ANGELINA CO AIRPORT, TX US",31.23593,-94.75468,87.1,10/21/2005,0,NA,26.7,14.4
USW00093987,"LUFKIN ANGELINA CO AIRPORT, TX US",31.23593,-94.75468,87.1,10/22/2005,0,NA,26.1,10.6
USW00093987,"LUFKIN ANGELINA CO AIRPORT, TX US",31.23593,-94.75468,87.1,10/23/2005,0,NA,24.4,8.3
USW00093987,"LUFKIN ANGELINA CO AIRPORT, TX US",31.23593,-94.75468,87.1,10/24/2005,0,NA,18.9,3.9
USW00093987,"LUFKIN ANGELINA CO AIRPORT, TX US",31.23593,-94.75468,87.1,10/25/2005,0,NA,21.7,1.7
USW00093987,"LUFKIN ANGELINA CO AIRPORT, TX US",31.23593,-94.75468,87.1,10/26/2005,0,NA,22.8,3.9
USW00093987,"LUFKIN ANGELINA CO AIRPORT, TX US",31.23593,-94.75468,87.1,10/27/2005,0,NA,23.3,6.7
USW00093987,"LUFKIN ANGELINA CO AIRPORT, TX US",31.23593,-94.75468,87.1,10/28/2005,0,NA,22.2,6.1
USW00093987,"LUFKIN ANGELINA CO AIRPORT, TX US",31.23593,-94.75468,87.1,10/29/2005,0,NA,22.8,3.3
USW00093987,"LUFKIN ANGELINA CO AIRPORT, TX US",31.23593,-94.75468,87.1,10/30/2005,0,NA,26.7,7.2
USW00093987,"LUFKIN ANGELINA CO AIRPORT, TX US",31.23593,-94.75468,87.1,10/31/2005,35.8,NA,26.7,12.2
USW00093987,"LUFKIN ANGELINA CO AIRPORT, TX US",31.23593,-94.75468,87.1,11/1/2005,0,NA,21.7,6.1
USW00093987,"LUFKIN ANGELINA CO AIRPORT, TX US",31.23593,-94.75468,87.1,11/2/2005,0,NA,25,3.3
USW00093987,"LUFKIN ANGELINA CO AIRPORT, TX US",31.23593,-94.75468,87.1,11/3/2005,0,NA,26.1,5.6
USW00093987,"LUFKIN ANGELINA CO AIRPORT, TX US",31.23593,-94.75468,87.1,11/4/2005,0,NA,25,11.7
USW00093987,"LUFKIN ANGELINA CO AIRPORT, TX US",31.23593,-94.75468,87.1,11/5/2005,0,NA,30,16.7
USW00093987,"LUFKIN ANGELINA CO AIRPORT, TX US",31.23593,-94.75468,87.1,11/6/2005,0,NA,30,19.4
USW00093987,"LUFKIN ANGELINA CO AIRPORT, TX US",31.23593,-94.75468,87.1,11/7/2005,0,NA,29.4,18.9
USW00093987,"LUFKIN ANGELINA CO AIRPORT, TX US",31.23593,-94.75468,87.1,11/8/2005,0,NA,28.9,20.6
USW00093987,"LUFKIN ANGELINA CO AIRPORT, TX US",31.23593,-94.75468,87.1,11/9/2005,0,NA,29.4,19.4
USW00093987,"LUFKIN ANGELINA CO AIRPORT, TX US",31.23593,-94.75468,87.1,11/10/2005,0,NA,22.8,16.1
USW00093987,"LUFKIN ANGELINA CO AIRPORT, TX US",31.23593,-94.75468,87.1,11/11/2005,0,NA,25,13.3
USW00093987,"LUFKIN ANGELINA CO AIRPORT, TX US",31.23593,-94.75468,87.1,11/12/2005,0,NA,28.3,17.2
USW00093987,"LUFKIN ANGELINA CO AIRPORT, TX US",31.23593,-94.75468,87.1,11/13/2005,3.8,NA,29.4,21.1
USW00093987,"LUFKIN ANGELINA CO AIRPORT, TX US",31.23593,-94.75468,87.1,11/14/2005,0,NA,28.3,19.4
USW00093987,"LUFKIN ANGELINA CO AIRPORT, TX US",31.23593,-94.75468,87.1,11/15/2005,3.6,NA,28.3,11.1
USW00093987,"LUFKIN ANGELINA CO AIRPORT, TX US",31.23593,-94.75468,87.1,11/16/2005,0,NA,13.9,0.6
USW00093987,"LUFKIN ANGELINA CO AIRPORT, TX US",31.23593,-94.75468,87.1,11/17/2005,0,NA,15.6,-1.1
USW00093987,"LUFKIN ANGELINA CO AIRPORT, TX US",31.23593,-94.75468,87.1,11/18/2005,0,NA,13.9,1.1
USW00093987,"LUFKIN ANGELINA CO AIRPORT, TX US",31.23593,-94.75468,87.1,11/19/2005,0,NA,18.3,7.2
USW00093987,"LUFKIN ANGELINA CO AIRPORT, TX US",31.23593,-94.75468,87.1,11/20/2005,0,NA,17.2,3.3
USW00093987,"LUFKIN ANGELINA CO AIRPORT, TX US",31.23593,-94.75468,87.1,11/21/2005,0,NA,17.2,2.2
USW00093987,"LUFKIN ANGELINA CO AIRPORT, TX US",31.23593,-94.75468,87.1,11/22/2005,0,NA,22.8,1.7
USW00093987,"LUFKIN ANGELINA CO AIRPORT, TX US",31.23593,-94.75468,87.1,11/23/2005,0,NA,27.8,3.9
USW00093987,"LUFKIN ANGELINA CO AIRPORT, TX US",31.23593,-94.75468,87.1,11/24/2005,0,NA,23.3,5.6
USW00093987,"LUFKIN ANGELINA CO AIRPORT, TX US",31.23593,-94.75468,87.1,11/25/2005,0,NA,20.6,11.7
USW00093987,"LUFKIN ANGELINA CO AIRPORT, TX US",31.23593,-94.75468,87.1,11/26/2005,17.3,NA,17.8,12.2
USW00093987,"LUFKIN ANGELINA CO AIRPORT, TX US",31.23593,-94.75468,87.1,11/27/2005,3,NA,28.3,12.8
USW00093987,"LUFKIN ANGELINA CO AIRPORT, TX US",31.23593,-94.75468,87.1,11/28/2005,0,NA,18.3,5.6
USW00093987,"LUFKIN ANGELINA CO AIRPORT, TX US",31.23593,-94.75468,87.1,11/29/2005,0,NA,16.1,0.6
USW00093987,"LUFKIN ANGELINA CO AIRPORT, TX US",31.23593,-94.75468,87.1,11/30/2005,0,NA,17.8,-1.7
USW00093987,"LUFKIN ANGELINA CO AIRPORT, TX US",31.23593,-94.75468,87.1,12/1/2005,0,NA,19.4,7.8
USW00093987,"LUFKIN ANGELINA CO AIRPORT, TX US",31.23593,-94.75468,87.1,12/2/2005,0,NA,18.9,1.7
USW00093987,"LUFKIN ANGELINA CO AIRPORT, TX US",31.23593,-94.75468,87.1,12/3/2005,0,NA,27.8,17.2
USW00093987,"LUFKIN ANGELINA CO AIRPORT, TX US",31.23593,-94.75468,87.1,12/4/2005,0,NA,22.2,8.3
USW00093987,"LUFKIN ANGELINA CO AIRPORT, TX US",31.23593,-94.75468,87.1,12/5/2005,0,NA,13.3,-1.1
USW00093987,"LUFKIN ANGELINA CO AIRPORT, TX US",31.23593,-94.75468,87.1,12/6/2005,0,NA,15,-3.9
USW00093987,"LUFKIN ANGELINA CO AIRPORT, TX US",31.23593,-94.75468,87.1,12/7/2005,10.2,NA,11.1,2.8
USW00093987,"LUFKIN ANGELINA CO AIRPORT, TX US",31.23593,-94.75468,87.1,12/8/2005,5.6,NA,5,-1.1
USW00093987,"LUFKIN ANGELINA CO AIRPORT, TX US",31.23593,-94.75468,87.1,12/9/2005,0,NA,8.9,-2.8
USW00093987,"LUFKIN ANGELINA CO AIRPORT, TX US",31.23593,-94.75468,87.1,12/10/2005,0,NA,16.7,1.1
USW00093987,"LUFKIN ANGELINA CO AIRPORT, TX US",31.23593,-94.75468,87.1,12/11/2005,0,NA,18.3,-1.7
USW00093987,"LUFKIN ANGELINA CO AIRPORT, TX US",31.23593,-94.75468,87.1,12/12/2005,0,NA,21.7,2.2
USW00093987,"LUFKIN ANGELINA CO AIRPORT, TX US",31.23593,-94.75468,87.1,12/13/2005,0,NA,21.7,0.6
USW00093987,"LUFKIN ANGELINA CO AIRPORT, TX US",31.23593,-94.75468,87.1,12/14/2005,20.6,NA,18.9,6.7
USW00093987,"LUFKIN ANGELINA CO AIRPORT, TX US",31.23593,-94.75468,87.1,12/15/2005,0,NA,14.4,-1.1
USW00093987,"LUFKIN ANGELINA CO AIRPORT, TX US",31.23593,-94.75468,87.1,12/16/2005,1.8,NA,7.8,-0.6
USW00093987,"LUFKIN ANGELINA CO AIRPORT, TX US",31.23593,-94.75468,87.1,12/17/2005,3,NA,8.3,0.6
USW00093987,"LUFKIN ANGELINA CO AIRPORT, TX US",31.23593,-94.75468,87.1,12/18/2005,0,NA,12.2,0
USW00093987,"LUFKIN ANGELINA CO AIRPORT, TX US",31.23593,-94.75468,87.1,12/19/2005,0,NA,13.9,-0.6
USW00093987,"LUFKIN ANGELINA CO AIRPORT, TX US",31.23593,-94.75468,87.1,12/20/2005,0.8,NA,7.8,4.4
USW00093987,"LUFKIN ANGELINA CO AIRPORT, TX US",31.23593,-94.75468,87.1,12/21/2005,0,NA,9.4,-0.6
USW00093987,"LUFKIN ANGELINA CO AIRPORT, TX US",31.23593,-94.75468,87.1,12/22/2005,0,NA,14.4,-1.7
USW00093987,"LUFKIN ANGELINA CO AIRPORT, TX US",31.23593,-94.75468,87.1,12/23/2005,0,NA,21.1,1.7
USW00093987,"LUFKIN ANGELINA CO AIRPORT, TX US",31.23593,-94.75468,87.1,12/24/2005,0,NA,20.6,10
USW00093987,"LUFKIN ANGELINA CO AIRPORT, TX US",31.23593,-94.75468,87.1,12/25/2005,0,NA,19.4,3.9
USW00093987,"LUFKIN ANGELINA CO AIRPORT, TX US",31.23593,-94.75468,87.1,12/26/2005,0,NA,24.4,1.1
USW00093987,"LUFKIN ANGELINA CO AIRPORT, TX US",31.23593,-94.75468,87.1,12/27/2005,0,NA,25.6,13.3
USW00093987,"LUFKIN ANGELINA CO AIRPORT, TX US",31.23593,-94.75468,87.1,12/28/2005,0,NA,22.2,6.7
USW00093987,"LUFKIN ANGELINA CO AIRPORT, TX US",31.23593,-94.75468,87.1,12/29/2005,0,NA,22.2,2.2
USW00093987,"LUFKIN ANGELINA CO AIRPORT, TX US",31.23593,-94.75468,87.1,12/30/2005,0,NA,23.3,5.6
USW00093987,"LUFKIN ANGELINA CO AIRPORT, TX US",31.23593,-94.75468,87.1,12/31/2005,0,NA,23.9,2.2
USW00093987,"LUFKIN ANGELINA CO AIRPORT, TX US",31.23593,-94.75468,87.1,1/1/2006,0,NA,27.8,17.2
USW00093987,"LUFKIN ANGELINA CO AIRPORT, TX US",31.23593,-94.75468,87.1,1/2/2006,0,NA,26.7,7.2
USW00093987,"LUFKIN ANGELINA CO AIRPORT, TX US",31.23593,-94.75468,87.1,1/3/2006,0,NA,26.1,2.8
USW00093987,"LUFKIN ANGELINA CO AIRPORT, TX US",31.23593,-94.75468,87.1,1/4/2006,0,NA,26.7,7.2
USW00093987,"LUFKIN ANGELINA CO AIRPORT, TX US",31.23593,-94.75468,87.1,1/5/2006,0,NA,19.4,5.6
USW00093987,"LUFKIN ANGELINA CO AIRPORT, TX US",31.23593,-94.75468,87.1,1/6/2006,0,NA,15.6,0.6
USW00093987,"LUFKIN ANGELINA CO AIRPORT, TX US",31.23593,-94.75468,87.1,1/7/2006,0,NA,22.8,-1.1
USW00093987,"LUFKIN ANGELINA CO AIRPORT, TX US",31.23593,-94.75468,87.1,1/8/2006,0,NA,24.4,12.2
USW00093987,"LUFKIN ANGELINA CO AIRPORT, TX US",31.23593,-94.75468,87.1,1/9/2006,0,NA,25,12.8
USW00093987,"LUFKIN ANGELINA CO AIRPORT, TX US",31.23593,-94.75468,87.1,1/10/2006,2.8,NA,18.3,0.6
USW00093987,"LUFKIN ANGELINA CO AIRPORT, TX US",31.23593,-94.75468,87.1,1/11/2006,0,NA,18.9,-2.2
USW00093987,"LUFKIN ANGELINA CO AIRPORT, TX US",31.23593,-94.75468,87.1,1/12/2006,0,NA,22.8,7.2
USW00093987,"LUFKIN ANGELINA CO AIRPORT, TX US",31.23593,-94.75468,87.1,1/13/2006,2.5,NA,20,4.4
USW00093987,"LUFKIN ANGELINA CO AIRPORT, TX US",31.23593,-94.75468,87.1,1/14/2006,0,NA,18.9,-2.2
USW00093987,"LUFKIN ANGELINA CO AIRPORT, TX US",31.23593,-94.75468,87.1,1/15/2006,0,NA,19.4,6.7
USW00093987,"LUFKIN ANGELINA CO AIRPORT, TX US",31.23593,-94.75468,87.1,1/16/2006,36.3,NA,18.9,13.9
USW00093987,"LUFKIN ANGELINA CO AIRPORT, TX US",31.23593,-94.75468,87.1,1/17/2006,1,NA,13.9,-1.1
USW00093987,"LUFKIN ANGELINA CO AIRPORT, TX US",31.23593,-94.75468,87.1,1/18/2006,0,NA,21.1,-1.1
USW00093987,"LUFKIN ANGELINA CO AIRPORT, TX US",31.23593,-94.75468,87.1,1/19/2006,0,NA,21.1,10
USW00093987,"LUFKIN ANGELINA CO AIRPORT, TX US",31.23593,-94.75468,87.1,1/20/2006,5.8,NA,22.8,13.9
USW00093987,"LUFKIN ANGELINA CO AIRPORT, TX US",31.23593,-94.75468,87.1,1/21/2006,25.9,NA,16.7,6.7
USW00093987,"LUFKIN ANGELINA CO AIRPORT, TX US",31.23593,-94.75468,87.1,1/22/2006,31,NA,10,6.7
USW00093987,"LUFKIN ANGELINA CO AIRPORT, TX US",31.23593,-94.75468,87.1,1/23/2006,0,NA,12.2,7.8
USW00093987,"LUFKIN ANGELINA CO AIRPORT, TX US",31.23593,-94.75468,87.1,1/24/2006,0,NA,19.4,5
USW00093987,"LUFKIN ANGELINA CO AIRPORT, TX US",31.23593,-94.75468,87.1,1/25/2006,0,NA,20.6,1.1
USW00093987,"LUFKIN ANGELINA CO AIRPORT, TX US",31.23593,-94.75468,87.1,1/26/2006,0,NA,12.2,3.3
USW00093987,"LUFKIN ANGELINA CO AIRPORT, TX US",31.23593,-94.75468,87.1,1/27/2006,0,NA,21.1,5
USW00093987,"LUFKIN ANGELINA CO AIRPORT, TX US",31.23593,-94.75468,87.1,1/28/2006,21.8,NA,21.1,13.9
USW00093987,"LUFKIN ANGELINA CO AIRPORT, TX US",31.23593,-94.75468,87.1,1/29/2006,0,NA,23.9,5.6
USW00093987,"LUFKIN ANGELINA CO AIRPORT, TX US",31.23593,-94.75468,87.1,1/30/2006,0,NA,20.6,3.9
USW00093987,"LUFKIN ANGELINA CO AIRPORT, TX US",31.23593,-94.75468,87.1,1/31/2006,0,NA,20.6,-0.6
USW00093987,"LUFKIN ANGELINA CO AIRPORT, TX US",31.23593,-94.75468,87.1,2/1/2006,31.8,NA,23.3,7.2
USW00093987,"LUFKIN ANGELINA CO AIRPORT, TX US",31.23593,-94.75468,87.1,2/2/2006,3.6,NA,24.4,10
USW00093987,"LUFKIN ANGELINA CO AIRPORT, TX US",31.23593,-94.75468,87.1,2/3/2006,1.3,NA,15.6,4.4
USW00093987,"LUFKIN ANGELINA CO AIRPORT, TX US",31.23593,-94.75468,87.1,2/4/2006,0,NA,17.2,0
USW00093987,"LUFKIN ANGELINA CO AIRPORT, TX US",31.23593,-94.75468,87.1,2/5/2006,0,NA,19.4,-0.6
USW00093987,"LUFKIN ANGELINA CO AIRPORT, TX US",31.23593,-94.75468,87.1,2/6/2006,0,NA,17.2,6.7
USW00093987,"LUFKIN ANGELINA CO AIRPORT, TX US",31.23593,-94.75468,87.1,2/7/2006,0,NA,15.6,-0.6
USW00093987,"LUFKIN ANGELINA CO AIRPORT, TX US",31.23593,-94.75468,87.1,2/8/2006,0,NA,21.1,-1.7
USW00093987,"LUFKIN ANGELINA CO AIRPORT, TX US",31.23593,-94.75468,87.1,2/9/2006,0,NA,17.2,3.3
USW00093987,"LUFKIN ANGELINA CO AIRPORT, TX US",31.23593,-94.75468,87.1,2/10/2006,54.6,NA,15,5.6
USW00093987,"LUFKIN ANGELINA CO AIRPORT, TX US",31.23593,-94.75468,87.1,2/11/2006,0,NA,8.3,-1.7
USW00093987,"LUFKIN ANGELINA CO AIRPORT, TX US",31.23593,-94.75468,87.1,2/12/2006,0,NA,13.9,-3.3
USW00093987,"LUFKIN ANGELINA CO AIRPORT, TX US",31.23593,-94.75468,87.1,2/13/2006,0,NA,14.4,-4.4
USW00093987,"LUFKIN ANGELINA CO AIRPORT, TX US",31.23593,-94.75468,87.1,2/14/2006,0,NA,21.7,-1.1
USW00093987,"LUFKIN ANGELINA CO AIRPORT, TX US",31.23593,-94.75468,87.1,2/15/2006,0,NA,23.3,11.1
USW00093987,"LUFKIN ANGELINA CO AIRPORT, TX US",31.23593,-94.75468,87.1,2/16/2006,0,NA,24.4,17.8
USW00093987,"LUFKIN ANGELINA CO AIRPORT, TX US",31.23593,-94.75468,87.1,2/17/2006,3,NA,18.9,5.6
USW00093987,"LUFKIN ANGELINA CO AIRPORT, TX US",31.23593,-94.75468,87.1,2/18/2006,2.3,NA,5.6,0
USW00093987,"LUFKIN ANGELINA CO AIRPORT, TX US",31.23593,-94.75468,87.1,2/19/2006,0.5,NA,0,-1.7
USW00093987,"LUFKIN ANGELINA CO AIRPORT, TX US",31.23593,-94.75468,87.1,2/20/2006,0.3,NA,5.6,0
USW00093987,"LUFKIN ANGELINA CO AIRPORT, TX US",31.23593,-94.75468,87.1,2/21/2006,0,NA,13.3,4.4
USW00093987,"LUFKIN ANGELINA CO AIRPORT, TX US",31.23593,-94.75468,87.1,2/22/2006,5.8,NA,21.7,12.2
USW00093987,"LUFKIN ANGELINA CO AIRPORT, TX US",31.23593,-94.75468,87.1,2/23/2006,0,NA,19.4,8.9
USW00093987,"LUFKIN ANGELINA CO AIRPORT, TX US",31.23593,-94.75468,87.1,2/24/2006,1,NA,16.7,7.8
USW00093987,"LUFKIN ANGELINA CO AIRPORT, TX US",31.23593,-94.75468,87.1,2/25/2006,22.9,NA,13.9,10
USW00093987,"LUFKIN ANGELINA CO AIRPORT, TX US",31.23593,-94.75468,87.1,2/26/2006,0,NA,17.2,3.9
USW00093987,"LUFKIN ANGELINA CO AIRPORT, TX US",31.23593,-94.75468,87.1,2/27/2006,0,NA,21.7,1.7
USW00093987,"LUFKIN ANGELINA CO AIRPORT, TX US",31.23593,-94.75468,87.1,2/28/2006,0,NA,25.6,9.4
USW00093987,"LUFKIN ANGELINA CO AIRPORT, TX US",31.23593,-94.75468,87.1,3/1/2006,0,NA,27.2,12.8
USW00093987,"LUFKIN ANGELINA CO AIRPORT, TX US",31.23593,-94.75468,87.1,3/2/2006,0,NA,27.8,15
USW00093987,"LUFKIN ANGELINA CO AIRPORT, TX US",31.23593,-94.75468,87.1,3/3/2006,0,NA,25,13.3
USW00093987,"LUFKIN ANGELINA CO AIRPORT, TX US",31.23593,-94.75468,87.1,3/4/2006,0,NA,23.9,8.3
USW00093987,"LUFKIN ANGELINA CO AIRPORT, TX US",31.23593,-94.75468,87.1,3/5/2006,0,NA,25,12.2
USW00093987,"LUFKIN ANGELINA CO AIRPORT, TX US",31.23593,-94.75468,87.1,3/6/2006,0,NA,25.6,14.4
USW00093987,"LUFKIN ANGELINA CO AIRPORT, TX US",31.23593,-94.75468,87.1,3/7/2006,0,NA,26.7,13.9
USW00093987,"LUFKIN ANGELINA CO AIRPORT, TX US",31.23593,-94.75468,87.1,3/8/2006,0,NA,28.3,18.3
USW00093987,"LUFKIN ANGELINA CO AIRPORT, TX US",31.23593,-94.75468,87.1,3/9/2006,10.2,NA,25.6,10.6
USW00093987,"LUFKIN ANGELINA CO AIRPORT, TX US",31.23593,-94.75468,87.1,3/10/2006,0,NA,26.1,7.2
USW00093987,"LUFKIN ANGELINA CO AIRPORT, TX US",31.23593,-94.75468,87.1,3/11/2006,0,NA,30.6,21.7
USW00093987,"LUFKIN ANGELINA CO AIRPORT, TX US",31.23593,-94.75468,87.1,3/12/2006,0,NA,30,21.7
USW00093987,"LUFKIN ANGELINA CO AIRPORT, TX US",31.23593,-94.75468,87.1,3/13/2006,1.3,NA,24.4,11.1
USW00093987,"LUFKIN ANGELINA CO AIRPORT, TX US",31.23593,-94.75468,87.1,3/14/2006,0,NA,21.1,7.2
USW00093987,"LUFKIN ANGELINA CO AIRPORT, TX US",31.23593,-94.75468,87.1,3/15/2006,0,NA,20.6,3.9
USW00093987,"LUFKIN ANGELINA CO AIRPORT, TX US",31.23593,-94.75468,87.1,3/16/2006,0,NA,25,15
USW00093987,"LUFKIN ANGELINA CO AIRPORT, TX US",31.23593,-94.75468,87.1,3/17/2006,0,NA,25.6,15.6
USW00093987,"LUFKIN ANGELINA CO AIRPORT, TX US",31.23593,-94.75468,87.1,3/18/2006,0,NA,17.8,12.8
USW00093987,"LUFKIN ANGELINA CO AIRPORT, TX US",31.23593,-94.75468,87.1,3/19/2006,1.3,NA,13.9,12.2
USW00093987,"LUFKIN ANGELINA CO AIRPORT, TX US",31.23593,-94.75468,87.1,3/20/2006,33.8,NA,22.2,8.3
USW00093987,"LUFKIN ANGELINA CO AIRPORT, TX US",31.23593,-94.75468,87.1,3/21/2006,0,NA,18.3,6.7
USW00093987,"LUFKIN ANGELINA CO AIRPORT, TX US",31.23593,-94.75468,87.1,3/22/2006,0,NA,15,4.4
USW00093987,"LUFKIN ANGELINA CO AIRPORT, TX US",31.23593,-94.75468,87.1,3/23/2006,0.3,NA,9.4,5
USW00093987,"LUFKIN ANGELINA CO AIRPORT, TX US",31.23593,-94.75468,87.1,3/24/2006,0,NA,15.6,-1.1
USW00093987,"LUFKIN ANGELINA CO AIRPORT, TX US",31.23593,-94.75468,87.1,3/25/2006,0,NA,20,-0.6
USW00093987,"LUFKIN ANGELINA CO AIRPORT, TX US",31.23593,-94.75468,87.1,3/26/2006,0,NA,22.8,3.3
USW00093987,"LUFKIN ANGELINA CO AIRPORT, TX US",31.23593,-94.75468,87.1,3/27/2006,0,NA,22.8,10
USW00093987,"LUFKIN ANGELINA CO AIRPORT, TX US",31.23593,-94.75468,87.1,3/28/2006,15.2,NA,18.3,13.3
USW00093987,"LUFKIN ANGELINA CO AIRPORT, TX US",31.23593,-94.75468,87.1,3/29/2006,4.6,NA,23.9,13.9
USW00093987,"LUFKIN ANGELINA CO AIRPORT, TX US",31.23593,-94.75468,87.1,3/30/2006,0,NA,27.2,17.2
USW00093987,"LUFKIN ANGELINA CO AIRPORT, TX US",31.23593,-94.75468,87.1,3/31/2006,0,NA,28.9,18.9
USW00093987,"LUFKIN ANGELINA CO AIRPORT, TX US",31.23593,-94.75468,87.1,4/1/2006,0,NA,28.3,20.6
USW00093987,"LUFKIN ANGELINA CO AIRPORT, TX US",31.23593,-94.75468,87.1,4/2/2006,0,NA,30,20
USW00093987,"LUFKIN ANGELINA CO AIRPORT, TX US",31.23593,-94.75468,87.1,4/3/2006,0,NA,28.3,15
USW00093987,"LUFKIN ANGELINA CO AIRPORT, TX US",31.23593,-94.75468,87.1,4/4/2006,0,NA,28.9,12.2
USW00093987,"LUFKIN ANGELINA CO AIRPORT, TX US",31.23593,-94.75468,87.1,4/5/2006,0,NA,30,18.3
USW00093987,"LUFKIN ANGELINA CO AIRPORT, TX US",31.23593,-94.75468,87.1,4/6/2006,0,NA,26.7,19.4
USW00093987,"LUFKIN ANGELINA CO AIRPORT, TX US",31.23593,-94.75468,87.1,4/7/2006,0,NA,29.4,15.6
USW00093987,"LUFKIN ANGELINA CO AIRPORT, TX US",31.23593,-94.75468,87.1,4/8/2006,0,NA,23.3,10.6
USW00093987,"LUFKIN ANGELINA CO AIRPORT, TX US",31.23593,-94.75468,87.1,4/9/2006,0,NA,25,9.4
USW00093987,"LUFKIN ANGELINA CO AIRPORT, TX US",31.23593,-94.75468,87.1,4/10/2006,0,NA,27.2,7.2
USW00093987,"LUFKIN ANGELINA CO AIRPORT, TX US",31.23593,-94.75468,87.1,4/11/2006,0,NA,26.7,11.7
USW00093987,"LUFKIN ANGELINA CO AIRPORT, TX US",31.23593,-94.75468,87.1,4/12/2006,0,NA,25.6,15
USW00093987,"LUFKIN ANGELINA CO AIRPORT, TX US",31.23593,-94.75468,87.1,4/13/2006,0,NA,29.4,15.6
USW00093987,"LUFKIN ANGELINA CO AIRPORT, TX US",31.23593,-94.75468,87.1,4/14/2006,0,NA,29.4,17.2
USW00093987,"LUFKIN ANGELINA CO AIRPORT, TX US",31.23593,-94.75468,87.1,4/15/2006,0,NA,29.4,18.3
USW00093987,"LUFKIN ANGELINA CO AIRPORT, TX US",31.23593,-94.75468,87.1,4/16/2006,0,NA,31.7,20
USW00093987,"LUFKIN ANGELINA CO AIRPORT, TX US",31.23593,-94.75468,87.1,4/17/2006,0,NA,33.3,20.6
USW00093987,"LUFKIN ANGELINA CO AIRPORT, TX US",31.23593,-94.75468,87.1,4/18/2006,0,NA,33.9,20
USW00093987,"LUFKIN ANGELINA CO AIRPORT, TX US",31.23593,-94.75468,87.1,4/19/2006,0,NA,32.8,18.9
USW00093987,"LUFKIN ANGELINA CO AIRPORT, TX US",31.23593,-94.75468,87.1,4/20/2006,2.3,NA,29.4,18.9
USW00093987,"LUFKIN ANGELINA CO AIRPORT, TX US",31.23593,-94.75468,87.1,4/21/2006,10.7,NA,26.7,16.7
USW00093987,"LUFKIN ANGELINA CO AIRPORT, TX US",31.23593,-94.75468,87.1,4/22/2006,0,NA,30.6,13.3
USW00093987,"LUFKIN ANGELINA CO AIRPORT, TX US",31.23593,-94.75468,87.1,4/23/2006,0,NA,31.7,13.9
USW00093987,"LUFKIN ANGELINA CO AIRPORT, TX US",31.23593,-94.75468,87.1,4/24/2006,0,NA,31.1,18.9
USW00093987,"LUFKIN ANGELINA CO AIRPORT, TX US",31.23593,-94.75468,87.1,4/25/2006,0,NA,30.6,15
USW00093987,"LUFKIN ANGELINA CO AIRPORT, TX US",31.23593,-94.75468,87.1,4/26/2006,11.4,NA,22.8,11.1
USW00093987,"LUFKIN ANGELINA CO AIRPORT, TX US",31.23593,-94.75468,87.1,4/27/2006,0,NA,25.6,9.4
USW00093987,"LUFKIN ANGELINA CO AIRPORT, TX US",31.23593,-94.75468,87.1,4/28/2006,0,NA,26.7,16.1
USW00093987,"LUFKIN ANGELINA CO AIRPORT, TX US",31.23593,-94.75468,87.1,4/29/2006,10.2,NA,27.2,16.1
USW00093987,"LUFKIN ANGELINA CO AIRPORT, TX US",31.23593,-94.75468,87.1,4/30/2006,0,NA,29.4,11.7
USW00093987,"LUFKIN ANGELINA CO AIRPORT, TX US",31.23593,-94.75468,87.1,5/1/2006,0,NA,31.7,13.3
USW00093987,"LUFKIN ANGELINA CO AIRPORT, TX US",31.23593,-94.75468,87.1,5/2/2006,0,NA,31.1,20.6
USW00093987,"LUFKIN ANGELINA CO AIRPORT, TX US",31.23593,-94.75468,87.1,5/3/2006,0,NA,31.1,19.4
USW00093987,"LUFKIN ANGELINA CO AIRPORT, TX US",31.23593,-94.75468,87.1,5/4/2006,0.3,NA,29.4,20
USW00093987,"LUFKIN ANGELINA CO AIRPORT, TX US",31.23593,-94.75468,87.1,5/5/2006,0,NA,30.6,21.7
USW00093987,"LUFKIN ANGELINA CO AIRPORT, TX US",31.23593,-94.75468,87.1,5/6/2006,16.3,NA,27.2,19.4
USW00093987,"LUFKIN ANGELINA CO AIRPORT, TX US",31.23593,-94.75468,87.1,5/7/2006,0,NA,26.1,17.8
USW00093987,"LUFKIN ANGELINA CO AIRPORT, TX US",31.23593,-94.75468,87.1,5/8/2006,3,NA,31.1,18.3
USW00093987,"LUFKIN ANGELINA CO AIRPORT, TX US",31.23593,-94.75468,87.1,5/9/2006,0,NA,32.2,22.8
USW00093987,"LUFKIN ANGELINA CO AIRPORT, TX US",31.23593,-94.75468,87.1,5/10/2006,1.8,NA,31.1,17.8
USW00093987,"LUFKIN ANGELINA CO AIRPORT, TX US",31.23593,-94.75468,87.1,5/11/2006,0,NA,26.1,9.4
USW00093987,"LUFKIN ANGELINA CO AIRPORT, TX US",31.23593,-94.75468,87.1,5/12/2006,0,NA,28.9,8.9
USW00093987,"LUFKIN ANGELINA CO AIRPORT, TX US",31.23593,-94.75468,87.1,5/13/2006,0,NA,31.7,15
USW00093987,"LUFKIN ANGELINA CO AIRPORT, TX US",31.23593,-94.75468,87.1,5/14/2006,9.9,NA,22.2,16.7
USW00093987,"LUFKIN ANGELINA CO AIRPORT, TX US",31.23593,-94.75468,87.1,5/15/2006,0,NA,25,12.2
USW00093987,"LUFKIN ANGELINA CO AIRPORT, TX US",31.23593,-94.75468,87.1,5/16/2006,0,NA,26.7,10.6
USW00093987,"LUFKIN ANGELINA CO AIRPORT, TX US",31.23593,-94.75468,87.1,5/17/2006,0,NA,27.8,10.6
USW00093987,"LUFKIN ANGELINA CO AIRPORT, TX US",31.23593,-94.75468,87.1,5/18/2006,0,NA,31.7,11.7
USW00093987,"LUFKIN ANGELINA CO AIRPORT, TX US",31.23593,-94.75468,87.1,5/19/2006,0,NA,33.9,15.6
USW00093987,"LUFKIN ANGELINA CO AIRPORT, TX US",31.23593,-94.75468,87.1,5/20/2006,0,NA,32.2,17.8
USW00093987,"LUFKIN ANGELINA CO AIRPORT, TX US",31.23593,-94.75468,87.1,5/21/2006,0,NA,32.2,15.6
USW00093987,"LUFKIN ANGELINA CO AIRPORT, TX US",31.23593,-94.75468,87.1,5/22/2006,0,NA,33.3,22.2
USW00093987,"LUFKIN ANGELINA CO AIRPORT, TX US",31.23593,-94.75468,87.1,5/23/2006,0,NA,32.2,20.6
USW00093987,"LUFKIN ANGELINA CO AIRPORT, TX US",31.23593,-94.75468,87.1,5/24/2006,0,NA,33.9,19.4
USW00093987,"LUFKIN ANGELINA CO AIRPORT, TX US",31.23593,-94.75468,87.1,5/25/2006,0,NA,33.3,21.1
USW00093987,"LUFKIN ANGELINA CO AIRPORT, TX US",31.23593,-94.75468,87.1,5/26/2006,0,NA,33.9,22.8
USW00093987,"LUFKIN ANGELINA CO AIRPORT, TX US",31.23593,-94.75468,87.1,5/27/2006,0,NA,34.4,23.3
USW00093987,"LUFKIN ANGELINA CO AIRPORT, TX US",31.23593,-94.75468,87.1,5/28/2006,0,NA,32.2,23.9
USW00093987,"LUFKIN ANGELINA CO AIRPORT, TX US",31.23593,-94.75468,87.1,5/29/2006,0,NA,28.3,21.7
USW00093987,"LUFKIN ANGELINA CO AIRPORT, TX US",31.23593,-94.75468,87.1,5/30/2006,0,NA,28.9,20
USW00093987,"LUFKIN ANGELINA CO AIRPORT, TX US",31.23593,-94.75468,87.1,5/31/2006,0.5,NA,29.4,21.7
USW00093987,"LUFKIN ANGELINA CO AIRPORT, TX US",31.23593,-94.75468,87.1,6/1/2006,0,NA,32.8,20.6
USW00093987,"LUFKIN ANGELINA CO AIRPORT, TX US",31.23593,-94.75468,87.1,6/2/2006,8.1,NA,33.3,20
USW00093987,"LUFKIN ANGELINA CO AIRPORT, TX US",31.23593,-94.75468,87.1,6/3/2006,0,NA,33.3,20
USW00093987,"LUFKIN ANGELINA CO AIRPORT, TX US",31.23593,-94.75468,87.1,6/4/2006,0,NA,33.9,17.8
USW00093987,"LUFKIN ANGELINA CO AIRPORT, TX US",31.23593,-94.75468,87.1,6/5/2006,0.5,NA,33.3,20
USW00093987,"LUFKIN ANGELINA CO AIRPORT, TX US",31.23593,-94.75468,87.1,6/6/2006,0,NA,33.9,20
USW00093987,"LUFKIN ANGELINA CO AIRPORT, TX US",31.23593,-94.75468,87.1,6/7/2006,0,NA,34.4,21.1
USW00093987,"LUFKIN ANGELINA CO AIRPORT, TX US",31.23593,-94.75468,87.1,6/8/2006,0,NA,36.1,21.1
USW00093987,"LUFKIN ANGELINA CO AIRPORT, TX US",31.23593,-94.75468,87.1,6/9/2006,0,NA,36.1,20.6
USW00093987,"LUFKIN ANGELINA CO AIRPORT, TX US",31.23593,-94.75468,87.1,6/10/2006,0,NA,36.1,21.1
USW00093987,"LUFKIN ANGELINA CO AIRPORT, TX US",31.23593,-94.75468,87.1,6/11/2006,0,NA,35,19.4
USW00093987,"LUFKIN ANGELINA CO AIRPORT, TX US",31.23593,-94.75468,87.1,6/12/2006,0,NA,36.7,18.9
USW00093987,"LUFKIN ANGELINA CO AIRPORT, TX US",31.23593,-94.75468,87.1,6/13/2006,0,NA,33.9,21.7
USW00093987,"LUFKIN ANGELINA CO AIRPORT, TX US",31.23593,-94.75468,87.1,6/14/2006,0,NA,33.9,16.7
USW00093987,"LUFKIN ANGELINA CO AIRPORT, TX US",31.23593,-94.75468,87.1,6/15/2006,0,NA,35,19.4
USW00093987,"LUFKIN ANGELINA CO AIRPORT, TX US",31.23593,-94.75468,87.1,6/16/2006,0.5,NA,31.1,22.8
USW00093987,"LUFKIN ANGELINA CO AIRPORT, TX US",31.23593,-94.75468,87.1,6/17/2006,10.2,NA,27.8,21.7
USW00093987,"LUFKIN ANGELINA CO AIRPORT, TX US",31.23593,-94.75468,87.1,6/18/2006,19.8,NA,30.6,21.1
USW00093987,"LUFKIN ANGELINA CO AIRPORT, TX US",31.23593,-94.75468,87.1,6/19/2006,0,NA,30,21.7
USW00093987,"LUFKIN ANGELINA CO AIRPORT, TX US",31.23593,-94.75468,87.1,6/20/2006,0,NA,31.7,20.6
USW00093987,"LUFKIN ANGELINA CO AIRPORT, TX US",31.23593,-94.75468,87.1,6/21/2006,0.3,NA,33.9,21.7
USW00093987,"LUFKIN ANGELINA CO AIRPORT, TX US",31.23593,-94.75468,87.1,6/22/2006,1.3,NA,32.2,22.2
USW00093987,"LUFKIN ANGELINA CO AIRPORT, TX US",31.23593,-94.75468,87.1,6/23/2006,0,NA,34.4,20
USW00093987,"LUFKIN ANGELINA CO AIRPORT, TX US",31.23593,-94.75468,87.1,6/24/2006,0.3,NA,32.8,22.2
USW00093987,"LUFKIN ANGELINA CO AIRPORT, TX US",31.23593,-94.75468,87.1,6/25/2006,0,NA,35.6,20.6
USW00093987,"LUFKIN ANGELINA CO AIRPORT, TX US",31.23593,-94.75468,87.1,6/26/2006,0,NA,33.3,18.3
USW00093987,"LUFKIN ANGELINA CO AIRPORT, TX US",31.23593,-94.75468,87.1,6/27/2006,0,NA,32.8,15
USW00093987,"LUFKIN ANGELINA CO AIRPORT, TX US",31.23593,-94.75468,87.1,6/28/2006,0,NA,32.8,16.1
USW00093987,"LUFKIN ANGELINA CO AIRPORT, TX US",31.23593,-94.75468,87.1,6/29/2006,0,NA,34.4,16.7
USW00093987,"LUFKIN ANGELINA CO AIRPORT, TX US",31.23593,-94.75468,87.1,6/30/2006,0,NA,35,18.3
USW00093987,"LUFKIN ANGELINA CO AIRPORT, TX US",31.23593,-94.75468,87.1,7/1/2006,4.6,NA,33.9,21.1
USW00093987,"LUFKIN ANGELINA CO AIRPORT, TX US",31.23593,-94.75468,87.1,7/2/2006,1,NA,32.2,21.1
USW00093987,"LUFKIN ANGELINA CO AIRPORT, TX US",31.23593,-94.75468,87.1,7/3/2006,1.8,NA,27.2,21.7
USW00093987,"LUFKIN ANGELINA CO AIRPORT, TX US",31.23593,-94.75468,87.1,7/4/2006,1.5,NA,31.1,22.2
USW00093987,"LUFKIN ANGELINA CO AIRPORT, TX US",31.23593,-94.75468,87.1,7/5/2006,6.4,NA,29.4,22.8
USW00093987,"LUFKIN ANGELINA CO AIRPORT, TX US",31.23593,-94.75468,87.1,7/6/2006,0,NA,32.2,22.8
USW00093987,"LUFKIN ANGELINA CO AIRPORT, TX US",31.23593,-94.75468,87.1,7/7/2006,0,NA,31.1,22.2
USW00093987,"LUFKIN ANGELINA CO AIRPORT, TX US",31.23593,-94.75468,87.1,7/8/2006,0,NA,33.3,22.2
USW00093987,"LUFKIN ANGELINA CO AIRPORT, TX US",31.23593,-94.75468,87.1,7/9/2006,0,NA,35,22.2
USW00093987,"LUFKIN ANGELINA CO AIRPORT, TX US",31.23593,-94.75468,87.1,7/10/2006,0,NA,33.9,22.8
USW00093987,"LUFKIN ANGELINA CO AIRPORT, TX US",31.23593,-94.75468,87.1,7/11/2006,0,NA,35,23.3
USW00093987,"LUFKIN ANGELINA CO AIRPORT, TX US",31.23593,-94.75468,87.1,7/12/2006,0,NA,35.6,22.8
USW00093987,"LUFKIN ANGELINA CO AIRPORT, TX US",31.23593,-94.75468,87.1,7/13/2006,0,NA,36.1,22.2
USW00093987,"LUFKIN ANGELINA CO AIRPORT, TX US",31.23593,-94.75468,87.1,7/14/2006,0,NA,36.1,22.8
USW00093987,"LUFKIN ANGELINA CO AIRPORT, TX US",31.23593,-94.75468,87.1,7/15/2006,0,NA,36.7,22.8
USW00093987,"LUFKIN ANGELINA CO AIRPORT, TX US",31.23593,-94.75468,87.1,7/16/2006,0,NA,38.3,23.9
USW00093987,"LUFKIN ANGELINA CO AIRPORT, TX US",31.23593,-94.75468,87.1,7/17/2006,1.5,NA,38.3,24.4
USW00093987,"LUFKIN ANGELINA CO AIRPORT, TX US",31.23593,-94.75468,87.1,7/18/2006,0,NA,38.3,22.8
USW00093987,"LUFKIN ANGELINA CO AIRPORT, TX US",31.23593,-94.75468,87.1,7/19/2006,1.3,NA,37.2,21.7
USW00093987,"LUFKIN ANGELINA CO AIRPORT, TX US",31.23593,-94.75468,87.1,7/20/2006,0,NA,36.7,21.1
USW00093987,"LUFKIN ANGELINA CO AIRPORT, TX US",31.23593,-94.75468,87.1,7/21/2006,0,NA,37.2,22.2
USW00093987,"LUFKIN ANGELINA CO AIRPORT, TX US",31.23593,-94.75468,87.1,7/22/2006,0,NA,31.7,22.2
USW00093987,"LUFKIN ANGELINA CO AIRPORT, TX US",31.23593,-94.75468,87.1,7/23/2006,2,NA,32.8,22.2
USW00093987,"LUFKIN ANGELINA CO AIRPORT, TX US",31.23593,-94.75468,87.1,7/24/2006,0.3,NA,33.9,21.1
USW00093987,"LUFKIN ANGELINA CO AIRPORT, TX US",31.23593,-94.75468,87.1,7/25/2006,0,NA,33.3,22.2
USW00093987,"LUFKIN ANGELINA CO AIRPORT, TX US",31.23593,-94.75468,87.1,7/26/2006,22.1,NA,25.6,22.8
USW00093987,"LUFKIN ANGELINA CO AIRPORT, TX US",31.23593,-94.75468,87.1,7/27/2006,19.6,NA,32.8,24.4
USW00093987,"LUFKIN ANGELINA CO AIRPORT, TX US",31.23593,-94.75468,87.1,7/28/2006,0,NA,35.6,24.4
USW00093987,"LUFKIN ANGELINA CO AIRPORT, TX US",31.23593,-94.75468,87.1,7/29/2006,0,NA,35,23.9
USW00093987,"LUFKIN ANGELINA CO AIRPORT, TX US",31.23593,-94.75468,87.1,7/30/2006,0,NA,35,22.8
USW00093987,"LUFKIN ANGELINA CO AIRPORT, TX US",31.23593,-94.75468,87.1,7/31/2006,0,NA,35,22.8
USW00093987,"LUFKIN ANGELINA CO AIRPORT, TX US",31.23593,-94.75468,87.1,8/1/2006,0,NA,34.4,23.9
USW00093987,"LUFKIN ANGELINA CO AIRPORT, TX US",31.23593,-94.75468,87.1,8/2/2006,0,NA,35,22.2
USW00093987,"LUFKIN ANGELINA CO AIRPORT, TX US",31.23593,-94.75468,87.1,8/3/2006,0,NA,36.1,21.1
USW00093987,"LUFKIN ANGELINA CO AIRPORT, TX US",31.23593,-94.75468,87.1,8/4/2006,0,NA,36.1,22.2
USW00093987,"LUFKIN ANGELINA CO AIRPORT, TX US",31.23593,-94.75468,87.1,8/5/2006,0,NA,36.7,22.8
USW00093987,"LUFKIN ANGELINA CO AIRPORT, TX US",31.23593,-94.75468,87.1,8/6/2006,0,NA,35.6,22.8
USW00093987,"LUFKIN ANGELINA CO AIRPORT, TX US",31.23593,-94.75468,87.1,8/7/2006,0.8,NA,33.3,23.9
USW00093987,"LUFKIN ANGELINA CO AIRPORT, TX US",31.23593,-94.75468,87.1,8/8/2006,0,NA,35.6,22.2
USW00093987,"LUFKIN ANGELINA CO AIRPORT, TX US",31.23593,-94.75468,87.1,8/9/2006,0,NA,36.1,22.2
USW00093987,"LUFKIN ANGELINA CO AIRPORT, TX US",31.23593,-94.75468,87.1,8/10/2006,0,NA,36.7,22.8
USW00093987,"LUFKIN ANGELINA CO AIRPORT, TX US",31.23593,-94.75468,87.1,8/11/2006,0,NA,36.7,22.2
USW00093987,"LUFKIN ANGELINA CO AIRPORT, TX US",31.23593,-94.75468,87.1,8/12/2006,0,NA,36.1,23.3
USW00093987,"LUFKIN ANGELINA CO AIRPORT, TX US",31.23593,-94.75468,87.1,8/13/2006,0,NA,37.2,22.2
USW00093987,"LUFKIN ANGELINA CO AIRPORT, TX US",31.23593,-94.75468,87.1,8/14/2006,0,NA,37.8,21.7
USW00093987,"LUFKIN ANGELINA CO AIRPORT, TX US",31.23593,-94.75468,87.1,8/15/2006,0,NA,39.4,22.2
USW00093987,"LUFKIN ANGELINA CO AIRPORT, TX US",31.23593,-94.75468,87.1,8/16/2006,0,NA,38.9,22.8
USW00093987,"LUFKIN ANGELINA CO AIRPORT, TX US",31.23593,-94.75468,87.1,8/17/2006,0,NA,39.4,22.8
USW00093987,"LUFKIN ANGELINA CO AIRPORT, TX US",31.23593,-94.75468,87.1,8/18/2006,0,NA,37.8,23.9
USW00093987,"LUFKIN ANGELINA CO AIRPORT, TX US",31.23593,-94.75468,87.1,8/19/2006,0,NA,38.3,23.3
USW00093987,"LUFKIN ANGELINA CO AIRPORT, TX US",31.23593,-94.75468,87.1,8/20/2006,0,NA,38.9,22.8
USW00093987,"LUFKIN ANGELINA CO AIRPORT, TX US",31.23593,-94.75468,87.1,8/21/2006,0,NA,38.3,22.8
USW00093987,"LUFKIN ANGELINA CO AIRPORT, TX US",31.23593,-94.75468,87.1,8/22/2006,25.7,NA,36.1,23.9
USW00093987,"LUFKIN ANGELINA CO AIRPORT, TX US",31.23593,-94.75468,87.1,8/23/2006,0,NA,35,23.3
USW00093987,"LUFKIN ANGELINA CO AIRPORT, TX US",31.23593,-94.75468,87.1,8/24/2006,0,NA,36.1,23.3
USW00093987,"LUFKIN ANGELINA CO AIRPORT, TX US",31.23593,-94.75468,87.1,8/25/2006,0,NA,36.1,24.4
USW00093987,"LUFKIN ANGELINA CO AIRPORT, TX US",31.23593,-94.75468,87.1,8/26/2006,22.1,NA,35.6,24.4
USW00093987,"LUFKIN ANGELINA CO AIRPORT, TX US",31.23593,-94.75468,87.1,8/27/2006,1.3,NA,32.8,25
USW00093987,"LUFKIN ANGELINA CO AIRPORT, TX US",31.23593,-94.75468,87.1,8/28/2006,5.3,NA,34.4,23.3
USW00093987,"LUFKIN ANGELINA CO AIRPORT, TX US",31.23593,-94.75468,87.1,8/29/2006,0,NA,34.4,22.8
USW00093987,"LUFKIN ANGELINA CO AIRPORT, TX US",31.23593,-94.75468,87.1,8/30/2006,0,NA,32.8,20
USW00093987,"LUFKIN ANGELINA CO AIRPORT, TX US",31.23593,-94.75468,87.1,8/31/2006,0,NA,34.4,16.7
USW00093987,"LUFKIN ANGELINA CO AIRPORT, TX US",31.23593,-94.75468,87.1,9/1/2006,0,NA,33.9,18.3
USW00093987,"LUFKIN ANGELINA CO AIRPORT, TX US",31.23593,-94.75468,87.1,9/2/2006,0,NA,33.9,18.3
USW00093987,"LUFKIN ANGELINA CO AIRPORT, TX US",31.23593,-94.75468,87.1,9/3/2006,0,NA,33.3,20.6
USW00093987,"LUFKIN ANGELINA CO AIRPORT, TX US",31.23593,-94.75468,87.1,9/4/2006,0,NA,33.9,21.1
USW00093987,"LUFKIN ANGELINA CO AIRPORT, TX US",31.23593,-94.75468,87.1,9/5/2006,0,NA,28.3,20
USW00093987,"LUFKIN ANGELINA CO AIRPORT, TX US",31.23593,-94.75468,87.1,9/6/2006,0,NA,33.3,18.3
USW00093987,"LUFKIN ANGELINA CO AIRPORT, TX US",31.23593,-94.75468,87.1,9/7/2006,0,NA,32.8,20
USW00093987,"LUFKIN ANGELINA CO AIRPORT, TX US",31.23593,-94.75468,87.1,9/8/2006,0,NA,33.9,17.2
USW00093987,"LUFKIN ANGELINA CO AIRPORT, TX US",31.23593,-94.75468,87.1,9/9/2006,0,NA,32.2,21.7
USW00093987,"LUFKIN ANGELINA CO AIRPORT, TX US",31.23593,-94.75468,87.1,9/10/2006,0,NA,33.3,21.1
USW00093987,"LUFKIN ANGELINA CO AIRPORT, TX US",31.23593,-94.75468,87.1,9/11/2006,0.5,NA,36.1,21.7
USW00093987,"LUFKIN ANGELINA CO AIRPORT, TX US",31.23593,-94.75468,87.1,9/12/2006,0,NA,35.6,22.2
USW00093987,"LUFKIN ANGELINA CO AIRPORT, TX US",31.23593,-94.75468,87.1,9/13/2006,0,NA,32.8,19.4
USW00093987,"LUFKIN ANGELINA CO AIRPORT, TX US",31.23593,-94.75468,87.1,9/14/2006,0,NA,33.3,16.7
USW00093987,"LUFKIN ANGELINA CO AIRPORT, TX US",31.23593,-94.75468,87.1,9/15/2006,0,NA,33.9,18.9
USW00093987,"LUFKIN ANGELINA CO AIRPORT, TX US",31.23593,-94.75468,87.1,9/16/2006,0,NA,35.6,23.3
USW00093987,"LUFKIN ANGELINA CO AIRPORT, TX US",31.23593,-94.75468,87.1,9/17/2006,7.1,NA,34.4,23.3
USW00093987,"LUFKIN ANGELINA CO AIRPORT, TX US",31.23593,-94.75468,87.1,9/18/2006,37.6,NA,27.8,19.4
USW00093987,"LUFKIN ANGELINA CO AIRPORT, TX US",31.23593,-94.75468,87.1,9/19/2006,0,NA,31.1,15
USW00093987,"LUFKIN ANGELINA CO AIRPORT, TX US",31.23593,-94.75468,87.1,9/20/2006,0,NA,31.1,12.2
USW00093987,"LUFKIN ANGELINA CO AIRPORT, TX US",31.23593,-94.75468,87.1,9/21/2006,0,NA,31.1,13.3
USW00093987,"LUFKIN ANGELINA CO AIRPORT, TX US",31.23593,-94.75468,87.1,9/22/2006,0,NA,35.6,26.1
USW00093987,"LUFKIN ANGELINA CO AIRPORT, TX US",31.23593,-94.75468,87.1,9/23/2006,3.8,NA,34.4,22.2
USW00093987,"LUFKIN ANGELINA CO AIRPORT, TX US",31.23593,-94.75468,87.1,9/24/2006,0,NA,26.1,17.2
USW00093987,"LUFKIN ANGELINA CO AIRPORT, TX US",31.23593,-94.75468,87.1,9/25/2006,0,NA,27.2,12.2
USW00093987,"LUFKIN ANGELINA CO AIRPORT, TX US",31.23593,-94.75468,87.1,9/26/2006,0,NA,30,10
USW00093987,"LUFKIN ANGELINA CO AIRPORT, TX US",31.23593,-94.75468,87.1,9/27/2006,0,NA,30.6,11.1
USW00093987,"LUFKIN ANGELINA CO AIRPORT, TX US",31.23593,-94.75468,87.1,9/28/2006,0,NA,30.6,17.8
USW00093987,"LUFKIN ANGELINA CO AIRPORT, TX US",31.23593,-94.75468,87.1,9/29/2006,0,NA,28.9,12.8
USW00093987,"LUFKIN ANGELINA CO AIRPORT, TX US",31.23593,-94.75468,87.1,9/30/2006,0,NA,33.3,18.3
USW00093987,"LUFKIN ANGELINA CO AIRPORT, TX US",31.23593,-94.75468,87.1,10/1/2006,0,NA,33.3,18.3
USW00093987,"LUFKIN ANGELINA CO AIRPORT, TX US",31.23593,-94.75468,87.1,10/2/2006,0,NA,32.2,18.9
USW00093987,"LUFKIN ANGELINA CO AIRPORT, TX US",31.23593,-94.75468,87.1,10/3/2006,0,NA,33.3,17.8
USW00093987,"LUFKIN ANGELINA CO AIRPORT, TX US",31.23593,-94.75468,87.1,10/4/2006,0,NA,33.3,16.7
USW00093987,"LUFKIN ANGELINA CO AIRPORT, TX US",31.23593,-94.75468,87.1,10/5/2006,0,NA,35.6,17.2
USW00093987,"LUFKIN ANGELINA CO AIRPORT, TX US",31.23593,-94.75468,87.1,10/6/2006,0,NA,32.2,18.9
USW00093987,"LUFKIN ANGELINA CO AIRPORT, TX US",31.23593,-94.75468,87.1,10/7/2006,0,NA,30,11.1
USW00093987,"LUFKIN ANGELINA CO AIRPORT, TX US",31.23593,-94.75468,87.1,10/8/2006,0,NA,30,8.9
USW00093987,"LUFKIN ANGELINA CO AIRPORT, TX US",31.23593,-94.75468,87.1,10/9/2006,0,NA,31.7,11.7
USW00093987,"LUFKIN ANGELINA CO AIRPORT, TX US",31.23593,-94.75468,87.1,10/10/2006,58.7,NA,22.2,17.2
USW00093987,"LUFKIN ANGELINA CO AIRPORT, TX US",31.23593,-94.75468,87.1,10/11/2006,0,NA,28.3,16.1
USW00093987,"LUFKIN ANGELINA CO AIRPORT, TX US",31.23593,-94.75468,87.1,10/12/2006,14,NA,27.8,12.8
USW00093987,"LUFKIN ANGELINA CO AIRPORT, TX US",31.23593,-94.75468,87.1,10/13/2006,0,NA,24.4,10.6
USW00093987,"LUFKIN ANGELINA CO AIRPORT, TX US",31.23593,-94.75468,87.1,10/14/2006,0,NA,27.2,11.7
USW00093987,"LUFKIN ANGELINA CO AIRPORT, TX US",31.23593,-94.75468,87.1,10/15/2006,30.7,NA,23.9,17.8
USW00093987,"LUFKIN ANGELINA CO AIRPORT, TX US",31.23593,-94.75468,87.1,10/16/2006,108.2,NA,23.9,18.9
USW00093987,"LUFKIN ANGELINA CO AIRPORT, TX US",31.23593,-94.75468,87.1,10/17/2006,0,NA,31.1,18.9
USW00093987,"LUFKIN ANGELINA CO AIRPORT, TX US",31.23593,-94.75468,87.1,10/18/2006,0.8,NA,31.1,20
USW00093987,"LUFKIN ANGELINA CO AIRPORT, TX US",31.23593,-94.75468,87.1,10/19/2006,14.2,NA,21.1,8.3
USW00093987,"LUFKIN ANGELINA CO AIRPORT, TX US",31.23593,-94.75468,87.1,10/20/2006,0,NA,20.6,5
USW00093987,"LUFKIN ANGELINA CO AIRPORT, TX US",31.23593,-94.75468,87.1,10/21/2006,0.3,NA,19.4,10.6
USW00093987,"LUFKIN ANGELINA CO AIRPORT, TX US",31.23593,-94.75468,87.1,10/22/2006,0,NA,20,8.3
USW00093987,"LUFKIN ANGELINA CO AIRPORT, TX US",31.23593,-94.75468,87.1,10/23/2006,0,NA,21.7,5.6
USW00093987,"LUFKIN ANGELINA CO AIRPORT, TX US",31.23593,-94.75468,87.1,10/24/2006,0.3,NA,24.4,6.1
USW00093987,"LUFKIN ANGELINA CO AIRPORT, TX US",31.23593,-94.75468,87.1,10/25/2006,35.1,NA,20,16.7
USW00093987,"LUFKIN ANGELINA CO AIRPORT, TX US",31.23593,-94.75468,87.1,10/26/2006,74.2,NA,28.9,18.9
USW00093987,"LUFKIN ANGELINA CO AIRPORT, TX US",31.23593,-94.75468,87.1,10/27/2006,0,NA,20.6,11.1
USW00093987,"LUFKIN ANGELINA CO AIRPORT, TX US",31.23593,-94.75468,87.1,10/28/2006,0,NA,23.9,7.8
USW00093987,"LUFKIN ANGELINA CO AIRPORT, TX US",31.23593,-94.75468,87.1,10/29/2006,0,NA,25,6.7
USW00093987,"LUFKIN ANGELINA CO AIRPORT, TX US",31.23593,-94.75468,87.1,10/30/2006,0,NA,26.7,12.8
USW00093987,"LUFKIN ANGELINA CO AIRPORT, TX US",31.23593,-94.75468,87.1,10/31/2006,0,NA,28.3,15
USW00093987,"LUFKIN ANGELINA CO AIRPORT, TX US",31.23593,-94.75468,87.1,11/1/2006,0,NA,16.7,11.1
USW00093987,"LUFKIN ANGELINA CO AIRPORT, TX US",31.23593,-94.75468,87.1,11/2/2006,0,NA,16.7,6.1
USW00093987,"LUFKIN ANGELINA CO AIRPORT, TX US",31.23593,-94.75468,87.1,11/3/2006,0,NA,17.8,2.2
USW00093987,"LUFKIN ANGELINA CO AIRPORT, TX US",31.23593,-94.75468,87.1,11/4/2006,0,NA,21.7,2.8
USW00093987,"LUFKIN ANGELINA CO AIRPORT, TX US",31.23593,-94.75468,87.1,11/5/2006,0.3,NA,25,13.3
USW00093987,"LUFKIN ANGELINA CO AIRPORT, TX US",31.23593,-94.75468,87.1,11/6/2006,22.6,NA,20,13.9
USW00093987,"LUFKIN ANGELINA CO AIRPORT, TX US",31.23593,-94.75468,87.1,11/7/2006,0,NA,21.7,11.1
USW00093987,"LUFKIN ANGELINA CO AIRPORT, TX US",31.23593,-94.75468,87.1,11/8/2006,0,NA,26.7,9.4
USW00093987,"LUFKIN ANGELINA CO AIRPORT, TX US",31.23593,-94.75468,87.1,11/9/2006,0,NA,28.3,13.9
USW00093987,"LUFKIN ANGELINA CO AIRPORT, TX US",31.23593,-94.75468,87.1,11/10/2006,11.4,NA,30,14.4
USW00093987,"LUFKIN ANGELINA CO AIRPORT, TX US",31.23593,-94.75468,87.1,11/11/2006,0,NA,17.2,5
USW00093987,"LUFKIN ANGELINA CO AIRPORT, TX US",31.23593,-94.75468,87.1,11/12/2006,0,NA,18.3,2.8
USW00093987,"LUFKIN ANGELINA CO AIRPORT, TX US",31.23593,-94.75468,87.1,11/13/2006,0.3,NA,23.9,8.9
USW00093987,"LUFKIN ANGELINA CO AIRPORT, TX US",31.23593,-94.75468,87.1,11/14/2006,0,NA,27.8,17.2
USW00093987,"LUFKIN ANGELINA CO AIRPORT, TX US",31.23593,-94.75468,87.1,11/15/2006,0,NA,23.9,7.2
USW00093987,"LUFKIN ANGELINA CO AIRPORT, TX US",31.23593,-94.75468,87.1,11/16/2006,0,NA,15.6,1.7
USW00093987,"LUFKIN ANGELINA CO AIRPORT, TX US",31.23593,-94.75468,87.1,11/17/2006,0,NA,19.4,-0.6
USW00093987,"LUFKIN ANGELINA CO AIRPORT, TX US",31.23593,-94.75468,87.1,11/18/2006,0,NA,22.2,2.8
USW00093987,"LUFKIN ANGELINA CO AIRPORT, TX US",31.23593,-94.75468,87.1,11/19/2006,0,NA,17.8,2.8
USW00093987,"LUFKIN ANGELINA CO AIRPORT, TX US",31.23593,-94.75468,87.1,11/20/2006,0,NA,15.6,0
USW00093987,"LUFKIN ANGELINA CO AIRPORT, TX US",31.23593,-94.75468,87.1,11/21/2006,0,NA,17.8,-2.8
USW00093987,"LUFKIN ANGELINA CO AIRPORT, TX US",31.23593,-94.75468,87.1,11/22/2006,0,NA,22.2,0.6
USW00093987,"LUFKIN ANGELINA CO AIRPORT, TX US",31.23593,-94.75468,87.1,11/23/2006,0,NA,23.3,5.6
USW00093987,"LUFKIN ANGELINA CO AIRPORT, TX US",31.23593,-94.75468,87.1,11/24/2006,0,NA,22.8,8.3
USW00093987,"LUFKIN ANGELINA CO AIRPORT, TX US",31.23593,-94.75468,87.1,11/25/2006,0,NA,22.2,6.1
USW00093987,"LUFKIN ANGELINA CO AIRPORT, TX US",31.23593,-94.75468,87.1,11/26/2006,0,NA,24.4,10
USW00093987,"LUFKIN ANGELINA CO AIRPORT, TX US",31.23593,-94.75468,87.1,11/27/2006,1.8,NA,22.2,13.9
USW00093987,"LUFKIN ANGELINA CO AIRPORT, TX US",31.23593,-94.75468,87.1,11/28/2006,1.5,NA,26.7,17.8
USW00093987,"LUFKIN ANGELINA CO AIRPORT, TX US",31.23593,-94.75468,87.1,11/29/2006,0.3,NA,26.1,18.9
USW00093987,"LUFKIN ANGELINA CO AIRPORT, TX US",31.23593,-94.75468,87.1,11/30/2006,6.9,NA,21.7,-0.6
USW00093987,"LUFKIN ANGELINA CO AIRPORT, TX US",31.23593,-94.75468,87.1,12/1/2006,0,NA,11.7,-2.8
USW00093987,"LUFKIN ANGELINA CO AIRPORT, TX US",31.23593,-94.75468,87.1,12/2/2006,0,NA,11.7,0.6
USW00093987,"LUFKIN ANGELINA CO AIRPORT, TX US",31.23593,-94.75468,87.1,12/3/2006,0,NA,11.7,0.6
USW00093987,"LUFKIN ANGELINA CO AIRPORT, TX US",31.23593,-94.75468,87.1,12/4/2006,0,NA,11.1,-4.4
USW00093987,"LUFKIN ANGELINA CO AIRPORT, TX US",31.23593,-94.75468,87.1,12/5/2006,0,NA,14.4,-5
USW00093987,"LUFKIN ANGELINA CO AIRPORT, TX US",31.23593,-94.75468,87.1,12/6/2006,0,NA,15.6,3.3
USW00093987,"LUFKIN ANGELINA CO AIRPORT, TX US",31.23593,-94.75468,87.1,12/7/2006,0,NA,16.1,3.3
USW00093987,"LUFKIN ANGELINA CO AIRPORT, TX US",31.23593,-94.75468,87.1,12/8/2006,0,NA,7.8,-4.4
USW00093987,"LUFKIN ANGELINA CO AIRPORT, TX US",31.23593,-94.75468,87.1,12/9/2006,0,NA,8.3,-5.6
USW00093987,"LUFKIN ANGELINA CO AIRPORT, TX US",31.23593,-94.75468,87.1,12/10/2006,3,NA,13.9,2.2
USW00093987,"LUFKIN ANGELINA CO AIRPORT, TX US",31.23593,-94.75468,87.1,12/11/2006,22.4,NA,19.4,13.3
USW00093987,"LUFKIN ANGELINA CO AIRPORT, TX US",31.23593,-94.75468,87.1,12/12/2006,0,NA,23.3,5.6
USW00093987,"LUFKIN ANGELINA CO AIRPORT, TX US",31.23593,-94.75468,87.1,12/13/2006,0,NA,22.2,2.2
USW00093987,"LUFKIN ANGELINA CO AIRPORT, TX US",31.23593,-94.75468,87.1,12/14/2006,0,NA,22.8,2.8
USW00093987,"LUFKIN ANGELINA CO AIRPORT, TX US",31.23593,-94.75468,87.1,12/15/2006,0,NA,20.6,13.3
USW00093987,"LUFKIN ANGELINA CO AIRPORT, TX US",31.23593,-94.75468,87.1,12/16/2006,0,NA,25.6,15.6
USW00093987,"LUFKIN ANGELINA CO AIRPORT, TX US",31.23593,-94.75468,87.1,12/17/2006,0,NA,25,16.7
USW00093987,"LUFKIN ANGELINA CO AIRPORT, TX US",31.23593,-94.75468,87.1,12/18/2006,3,NA,19.4,17.2
USW00093987,"LUFKIN ANGELINA CO AIRPORT, TX US",31.23593,-94.75468,87.1,12/19/2006,0.3,NA,21.7,16.7
USW00093987,"LUFKIN ANGELINA CO AIRPORT, TX US",31.23593,-94.75468,87.1,12/20/2006,14.5,NA,22.2,13.3
USW00093987,"LUFKIN ANGELINA CO AIRPORT, TX US",31.23593,-94.75468,87.1,12/21/2006,1.3,NA,18.9,11.1
USW00093987,"LUFKIN ANGELINA CO AIRPORT, TX US",31.23593,-94.75468,87.1,12/22/2006,0,NA,15.6,2.8
USW00093987,"LUFKIN ANGELINA CO AIRPORT, TX US",31.23593,-94.75468,87.1,12/23/2006,0,NA,16.1,0.6
USW00093987,"LUFKIN ANGELINA CO AIRPORT, TX US",31.23593,-94.75468,87.1,12/24/2006,18.3,NA,10,6.7
USW00093987,"LUFKIN ANGELINA CO AIRPORT, TX US",31.23593,-94.75468,87.1,12/25/2006,1,NA,10,1.7
USW00093987,"LUFKIN ANGELINA CO AIRPORT, TX US",31.23593,-94.75468,87.1,12/26/2006,0,NA,12.2,-2.2
USW00093987,"LUFKIN ANGELINA CO AIRPORT, TX US",31.23593,-94.75468,87.1,12/27/2006,0,NA,16.1,-2.2
USW00093987,"LUFKIN ANGELINA CO AIRPORT, TX US",31.23593,-94.75468,87.1,12/28/2006,0,NA,21.1,6.1
USW00093987,"LUFKIN ANGELINA CO AIRPORT, TX US",31.23593,-94.75468,87.1,12/29/2006,38.9,NA,20.6,16.7
USW00093987,"LUFKIN ANGELINA CO AIRPORT, TX US",31.23593,-94.75468,87.1,12/30/2006,6.6,NA,19.4,7.8
USW00093987,"LUFKIN ANGELINA CO AIRPORT, TX US",31.23593,-94.75468,87.1,12/31/2006,0,NA,14.4,3.3
USW00093987,"LUFKIN ANGELINA CO AIRPORT, TX US",31.23593,-94.75468,87.1,1/1/2007,0,NA,11.1,-0.6
USW00093987,"LUFKIN ANGELINA CO AIRPORT, TX US",31.23593,-94.75468,87.1,1/2/2007,0,NA,12.8,-2.2
USW00093987,"LUFKIN ANGELINA CO AIRPORT, TX US",31.23593,-94.75468,87.1,1/3/2007,0,NA,13.9,0.6
USW00093987,"LUFKIN ANGELINA CO AIRPORT, TX US",31.23593,-94.75468,87.1,1/4/2007,29.2,NA,13.9,10
USW00093987,"LUFKIN ANGELINA CO AIRPORT, TX US",31.23593,-94.75468,87.1,1/5/2007,0,NA,18.9,7.2
USW00093987,"LUFKIN ANGELINA CO AIRPORT, TX US",31.23593,-94.75468,87.1,1/6/2007,0.3,NA,17.8,6.7
USW00093987,"LUFKIN ANGELINA CO AIRPORT, TX US",31.23593,-94.75468,87.1,1/7/2007,3.3,NA,17.2,5.6
USW00093987,"LUFKIN ANGELINA CO AIRPORT, TX US",31.23593,-94.75468,87.1,1/8/2007,0,NA,15.6,-0.6
USW00093987,"LUFKIN ANGELINA CO AIRPORT, TX US",31.23593,-94.75468,87.1,1/9/2007,0,NA,20,0
USW00093987,"LUFKIN ANGELINA CO AIRPORT, TX US",31.23593,-94.75468,87.1,1/10/2007,0,NA,18.3,-0.6
USW00093987,"LUFKIN ANGELINA CO AIRPORT, TX US",31.23593,-94.75468,87.1,1/11/2007,0.3,NA,21.7,7.2
USW00093987,"LUFKIN ANGELINA CO AIRPORT, TX US",31.23593,-94.75468,87.1,1/12/2007,0.3,NA,25,17.2
USW00093987,"LUFKIN ANGELINA CO AIRPORT, TX US",31.23593,-94.75468,87.1,1/13/2007,87.6,NA,25,11.1
USW00093987,"LUFKIN ANGELINA CO AIRPORT, TX US",31.23593,-94.75468,87.1,1/14/2007,53.6,NA,19.4,5
USW00093987,"LUFKIN ANGELINA CO AIRPORT, TX US",31.23593,-94.75468,87.1,1/15/2007,34.5,NA,5,-1.1
USW00093987,"LUFKIN ANGELINA CO AIRPORT, TX US",31.23593,-94.75468,87.1,1/16/2007,1.3,NA,0,-1.7
USW00093987,"LUFKIN ANGELINA CO AIRPORT, TX US",31.23593,-94.75468,87.1,1/17/2007,2.3,NA,1.1,-1.1
USW00093987,"LUFKIN ANGELINA CO AIRPORT, TX US",31.23593,-94.75468,87.1,1/18/2007,7.1,NA,5.6,1.1
USW00093987,"LUFKIN ANGELINA CO AIRPORT, TX US",31.23593,-94.75468,87.1,1/19/2007,0,NA,9.4,4.4
USW00093987,"LUFKIN ANGELINA CO AIRPORT, TX US",31.23593,-94.75468,87.1,1/20/2007,14.5,NA,9.4,5
USW00093987,"LUFKIN ANGELINA CO AIRPORT, TX US",31.23593,-94.75468,87.1,1/21/2007,3.6,NA,17.8,5
USW00093987,"LUFKIN ANGELINA CO AIRPORT, TX US",31.23593,-94.75468,87.1,1/22/2007,0,NA,10.6,3.9
USW00093987,"LUFKIN ANGELINA CO AIRPORT, TX US",31.23593,-94.75468,87.1,1/23/2007,0.5,NA,7.8,3.3
USW00093987,"LUFKIN ANGELINA CO AIRPORT, TX US",31.23593,-94.75468,87.1,1/24/2007,0.3,NA,10.6,3.9
USW00093987,"LUFKIN ANGELINA CO AIRPORT, TX US",31.23593,-94.75468,87.1,1/25/2007,0,NA,17.8,-0.6
USW00093987,"LUFKIN ANGELINA CO AIRPORT, TX US",31.23593,-94.75468,87.1,1/26/2007,0,NA,17.2,-1.1
USW00093987,"LUFKIN ANGELINA CO AIRPORT, TX US",31.23593,-94.75468,87.1,1/27/2007,2,NA,16.1,7.8
USW00093987,"LUFKIN ANGELINA CO AIRPORT, TX US",31.23593,-94.75468,87.1,1/28/2007,0,NA,10,-1.7
USW00093987,"LUFKIN ANGELINA CO AIRPORT, TX US",31.23593,-94.75468,87.1,1/29/2007,0,NA,12.8,-3.3
USW00093987,"LUFKIN ANGELINA CO AIRPORT, TX US",31.23593,-94.75468,87.1,1/30/2007,6.6,NA,11.7,1.7
USW00093987,"LUFKIN ANGELINA CO AIRPORT, TX US",31.23593,-94.75468,87.1,1/31/2007,5.6,NA,6.7,0.6
USW00093987,"LUFKIN ANGELINA CO AIRPORT, TX US",31.23593,-94.75468,87.1,2/1/2007,0.3,NA,8.9,3.9
USW00093987,"LUFKIN ANGELINA CO AIRPORT, TX US",31.23593,-94.75468,87.1,2/2/2007,0,NA,5.6,-1.7
USW00093987,"LUFKIN ANGELINA CO AIRPORT, TX US",31.23593,-94.75468,87.1,2/3/2007,0,NA,11.7,-5
USW00093987,"LUFKIN ANGELINA CO AIRPORT, TX US",31.23593,-94.75468,87.1,2/4/2007,0,NA,17.8,-1.1
USW00093987,"LUFKIN ANGELINA CO AIRPORT, TX US",31.23593,-94.75468,87.1,2/5/2007,0,NA,18.3,0
USW00093987,"LUFKIN ANGELINA CO AIRPORT, TX US",31.23593,-94.75468,87.1,2/6/2007,0,NA,20.6,-0.6
USW00093987,"LUFKIN ANGELINA CO AIRPORT, TX US",31.23593,-94.75468,87.1,2/7/2007,0,NA,23.3,9.4
USW00093987,"LUFKIN ANGELINA CO AIRPORT, TX US",31.23593,-94.75468,87.1,2/8/2007,0.5,NA,22.2,8.3
USW00093987,"LUFKIN ANGELINA CO AIRPORT, TX US",31.23593,-94.75468,87.1,2/9/2007,0,NA,8.9,4.4
USW00093987,"LUFKIN ANGELINA CO AIRPORT, TX US",31.23593,-94.75468,87.1,2/10/2007,0,NA,7.8,0.6
USW00093987,"LUFKIN ANGELINA CO AIRPORT, TX US",31.23593,-94.75468,87.1,2/11/2007,0,NA,12.2,1.1
USW00093987,"LUFKIN ANGELINA CO AIRPORT, TX US",31.23593,-94.75468,87.1,2/12/2007,43.4,NA,17.8,11.1
USW00093987,"LUFKIN ANGELINA CO AIRPORT, TX US",31.23593,-94.75468,87.1,2/13/2007,0,NA,15.6,2.8
USW00093987,"LUFKIN ANGELINA CO AIRPORT, TX US",31.23593,-94.75468,87.1,2/14/2007,0,NA,4.4,0
USW00093987,"LUFKIN ANGELINA CO AIRPORT, TX US",31.23593,-94.75468,87.1,2/15/2007,0,NA,3.9,-2.2
USW00093987,"LUFKIN ANGELINA CO AIRPORT, TX US",31.23593,-94.75468,87.1,2/16/2007,0,NA,8.3,-7.2
USW00093987,"LUFKIN ANGELINA CO AIRPORT, TX US",31.23593,-94.75468,87.1,2/17/2007,0,NA,16.1,-1.7
USW00093987,"LUFKIN ANGELINA CO AIRPORT, TX US",31.23593,-94.75468,87.1,2/18/2007,0,NA,15.6,-2.2
USW00093987,"LUFKIN ANGELINA CO AIRPORT, TX US",31.23593,-94.75468,87.1,2/19/2007,0,NA,19.4,0.6
USW00093987,"LUFKIN ANGELINA CO AIRPORT, TX US",31.23593,-94.75468,87.1,2/20/2007,0,NA,19.4,16.1
USW00093987,"LUFKIN ANGELINA CO AIRPORT, TX US",31.23593,-94.75468,87.1,2/21/2007,0,NA,27.8,11.1
USW00093987,"LUFKIN ANGELINA CO AIRPORT, TX US",31.23593,-94.75468,87.1,2/22/2007,0,NA,26.7,6.7
USW00093987,"LUFKIN ANGELINA CO AIRPORT, TX US",31.23593,-94.75468,87.1,2/23/2007,0.5,NA,22.8,11.1
USW00093987,"LUFKIN ANGELINA CO AIRPORT, TX US",31.23593,-94.75468,87.1,2/24/2007,13.2,NA,25,15
USW00093987,"LUFKIN ANGELINA CO AIRPORT, TX US",31.23593,-94.75468,87.1,2/25/2007,0,NA,20,4.4
USW00093987,"LUFKIN ANGELINA CO AIRPORT, TX US",31.23593,-94.75468,87.1,2/26/2007,0,NA,27.2,2.8
USW00093987,"LUFKIN ANGELINA CO AIRPORT, TX US",31.23593,-94.75468,87.1,2/27/2007,0,NA,27.2,6.7
USW00093987,"LUFKIN ANGELINA CO AIRPORT, TX US",31.23593,-94.75468,87.1,2/28/2007,0,NA,23.9,14.4
USW00093987,"LUFKIN ANGELINA CO AIRPORT, TX US",31.23593,-94.75468,87.1,3/1/2007,0,NA,22.2,6.7
USW00093987,"LUFKIN ANGELINA CO AIRPORT, TX US",31.23593,-94.75468,87.1,3/2/2007,0,NA,21.1,2.2
USW00093987,"LUFKIN ANGELINA CO AIRPORT, TX US",31.23593,-94.75468,87.1,3/3/2007,0,NA,17.2,1.7
USW00093987,"LUFKIN ANGELINA CO AIRPORT, TX US",31.23593,-94.75468,87.1,3/4/2007,0,NA,15,-2.2
USW00093987,"LUFKIN ANGELINA CO AIRPORT, TX US",31.23593,-94.75468,87.1,3/5/2007,0,NA,20,-2.8
USW00093987,"LUFKIN ANGELINA CO AIRPORT, TX US",31.23593,-94.75468,87.1,3/6/2007,0,NA,21.7,1.7
USW00093987,"LUFKIN ANGELINA CO AIRPORT, TX US",31.23593,-94.75468,87.1,3/7/2007,0,NA,22.2,2.8
USW00093987,"LUFKIN ANGELINA CO AIRPORT, TX US",31.23593,-94.75468,87.1,3/8/2007,0,NA,24.4,5.6
USW00093987,"LUFKIN ANGELINA CO AIRPORT, TX US",31.23593,-94.75468,87.1,3/9/2007,0,NA,25,7.2
USW00093987,"LUFKIN ANGELINA CO AIRPORT, TX US",31.23593,-94.75468,87.1,3/10/2007,0,NA,26.1,13.3
USW00093987,"LUFKIN ANGELINA CO AIRPORT, TX US",31.23593,-94.75468,87.1,3/11/2007,0,NA,27.2,11.7
USW00093987,"LUFKIN ANGELINA CO AIRPORT, TX US",31.23593,-94.75468,87.1,3/12/2007,6.9,NA,23.3,15
USW00093987,"LUFKIN ANGELINA CO AIRPORT, TX US",31.23593,-94.75468,87.1,3/13/2007,21.3,NA,26.1,13.9
USW00093987,"LUFKIN ANGELINA CO AIRPORT, TX US",31.23593,-94.75468,87.1,3/14/2007,17.5,NA,22.8,12.8
USW00093987,"LUFKIN ANGELINA CO AIRPORT, TX US",31.23593,-94.75468,87.1,3/15/2007,0,NA,26.7,11.7
USW00093987,"LUFKIN ANGELINA CO AIRPORT, TX US",31.23593,-94.75468,87.1,3/16/2007,0,NA,22.2,8.9
USW00093987,"LUFKIN ANGELINA CO AIRPORT, TX US",31.23593,-94.75468,87.1,3/17/2007,0,NA,22.2,5
USW00093987,"LUFKIN ANGELINA CO AIRPORT, TX US",31.23593,-94.75468,87.1,3/18/2007,0,NA,23.9,12.8
USW00093987,"LUFKIN ANGELINA CO AIRPORT, TX US",31.23593,-94.75468,87.1,3/19/2007,0,NA,26.1,15
USW00093987,"LUFKIN ANGELINA CO AIRPORT, TX US",31.23593,-94.75468,87.1,3/20/2007,0,NA,27.2,15.6
USW00093987,"LUFKIN ANGELINA CO AIRPORT, TX US",31.23593,-94.75468,87.1,3/21/2007,0,NA,27.8,16.1
USW00093987,"LUFKIN ANGELINA CO AIRPORT, TX US",31.23593,-94.75468,87.1,3/22/2007,0,NA,27.2,13.3
USW00093987,"LUFKIN ANGELINA CO AIRPORT, TX US",31.23593,-94.75468,87.1,3/23/2007,0,NA,27.2,16.1
USW00093987,"LUFKIN ANGELINA CO AIRPORT, TX US",31.23593,-94.75468,87.1,3/24/2007,0.5,NA,27.8,14.4
USW00093987,"LUFKIN ANGELINA CO AIRPORT, TX US",31.23593,-94.75468,87.1,3/25/2007,0,NA,26.1,17.2
USW00093987,"LUFKIN ANGELINA CO AIRPORT, TX US",31.23593,-94.75468,87.1,3/26/2007,10.2,NA,27.2,16.1
USW00093987,"LUFKIN ANGELINA CO AIRPORT, TX US",31.23593,-94.75468,87.1,3/27/2007,12.4,NA,28.3,15
USW00093987,"LUFKIN ANGELINA CO AIRPORT, TX US",31.23593,-94.75468,87.1,3/28/2007,0,NA,28.9,18.9
USW00093987,"LUFKIN ANGELINA CO AIRPORT, TX US",31.23593,-94.75468,87.1,3/29/2007,0,NA,29.4,18.9
USW00093987,"LUFKIN ANGELINA CO AIRPORT, TX US",31.23593,-94.75468,87.1,3/30/2007,0,NA,26.1,17.8
USW00093987,"LUFKIN ANGELINA CO AIRPORT, TX US",31.23593,-94.75468,87.1,3/31/2007,3.3,NA,22.2,17.8
USW00093987,"LUFKIN ANGELINA CO AIRPORT, TX US",31.23593,-94.75468,87.1,4/1/2007,0,NA,28.9,15
USW00093987,"LUFKIN ANGELINA CO AIRPORT, TX US",31.23593,-94.75468,87.1,4/2/2007,1.8,NA,28.9,14.4
USW00093987,"LUFKIN ANGELINA CO AIRPORT, TX US",31.23593,-94.75468,87.1,4/3/2007,0,NA,29.4,20
USW00093987,"LUFKIN ANGELINA CO AIRPORT, TX US",31.23593,-94.75468,87.1,4/4/2007,0,NA,22.2,12.8
USW00093987,"LUFKIN ANGELINA CO AIRPORT, TX US",31.23593,-94.75468,87.1,4/5/2007,0,NA,20.6,8.9
USW00093987,"LUFKIN ANGELINA CO AIRPORT, TX US",31.23593,-94.75468,87.1,4/6/2007,0,NA,18.9,8.3
USW00093987,"LUFKIN ANGELINA CO AIRPORT, TX US",31.23593,-94.75468,87.1,4/7/2007,7.1,NA,8.3,0.6
USW00093987,"LUFKIN ANGELINA CO AIRPORT, TX US",31.23593,-94.75468,87.1,4/8/2007,1,NA,12.2,0.6
USW00093987,"LUFKIN ANGELINA CO AIRPORT, TX US",31.23593,-94.75468,87.1,4/9/2007,0,NA,18.9,8.3
USW00093987,"LUFKIN ANGELINA CO AIRPORT, TX US",31.23593,-94.75468,87.1,4/10/2007,3.3,NA,27.2,12.2
USW00093987,"LUFKIN ANGELINA CO AIRPORT, TX US",31.23593,-94.75468,87.1,4/11/2007,0,NA,26.1,10
USW00093987,"LUFKIN ANGELINA CO AIRPORT, TX US",31.23593,-94.75468,87.1,4/12/2007,0,NA,26.7,7.2
USW00093987,"LUFKIN ANGELINA CO AIRPORT, TX US",31.23593,-94.75468,87.1,4/13/2007,28.7,NA,23.9,12.8
USW00093987,"LUFKIN ANGELINA CO AIRPORT, TX US",31.23593,-94.75468,87.1,4/14/2007,0,NA,17.8,6.1
USW00093987,"LUFKIN ANGELINA CO AIRPORT, TX US",31.23593,-94.75468,87.1,4/15/2007,0,NA,21.7,3.3
USW00093987,"LUFKIN ANGELINA CO AIRPORT, TX US",31.23593,-94.75468,87.1,4/16/2007,0,NA,23.9,5.6
USW00093987,"LUFKIN ANGELINA CO AIRPORT, TX US",31.23593,-94.75468,87.1,4/17/2007,11.4,NA,22.2,10
USW00093987,"LUFKIN ANGELINA CO AIRPORT, TX US",31.23593,-94.75468,87.1,4/18/2007,0,NA,20.6,10.6
USW00093987,"LUFKIN ANGELINA CO AIRPORT, TX US",31.23593,-94.75468,87.1,4/19/2007,0,NA,26.7,9.4
USW00093987,"LUFKIN ANGELINA CO AIRPORT, TX US",31.23593,-94.75468,87.1,4/20/2007,0,NA,27.2,13.9
USW00093987,"LUFKIN ANGELINA CO AIRPORT, TX US",31.23593,-94.75468,87.1,4/21/2007,0,NA,28.3,12.8
USW00093987,"LUFKIN ANGELINA CO AIRPORT, TX US",31.23593,-94.75468,87.1,4/22/2007,0,NA,27.8,15
USW00093987,"LUFKIN ANGELINA CO AIRPORT, TX US",31.23593,-94.75468,87.1,4/23/2007,0,NA,25.6,17.2
USW00093987,"LUFKIN ANGELINA CO AIRPORT, TX US",31.23593,-94.75468,87.1,4/24/2007,0.3,NA,25,21.7
USW00093987,"LUFKIN ANGELINA CO AIRPORT, TX US",31.23593,-94.75468,87.1,4/25/2007,33.5,NA,24.4,13.9
USW00093987,"LUFKIN ANGELINA CO AIRPORT, TX US",31.23593,-94.75468,87.1,4/26/2007,0,NA,24.4,10
USW00093987,"LUFKIN ANGELINA CO AIRPORT, TX US",31.23593,-94.75468,87.1,4/27/2007,0,NA,25,11.7
USW00093987,"LUFKIN ANGELINA CO AIRPORT, TX US",31.23593,-94.75468,87.1,4/28/2007,0,NA,30.6,13.3
USW00093987,"LUFKIN ANGELINA CO AIRPORT, TX US",31.23593,-94.75468,87.1,4/29/2007,0,NA,30.6,13.9
USW00093987,"LUFKIN ANGELINA CO AIRPORT, TX US",31.23593,-94.75468,87.1,4/30/2007,0,NA,29.4,13.9
USW00093987,"LUFKIN ANGELINA CO AIRPORT, TX US",31.23593,-94.75468,87.1,5/1/2007,37.8,NA,26.1,17.8
USW00093987,"LUFKIN ANGELINA CO AIRPORT, TX US",31.23593,-94.75468,87.1,5/2/2007,5.8,NA,28.9,18.3
USW00093987,"LUFKIN ANGELINA CO AIRPORT, TX US",31.23593,-94.75468,87.1,5/3/2007,6.4,NA,27.2,17.2
USW00093987,"LUFKIN ANGELINA CO AIRPORT, TX US",31.23593,-94.75468,87.1,5/4/2007,0,NA,30,17.8
USW00093987,"LUFKIN ANGELINA CO AIRPORT, TX US",31.23593,-94.75468,87.1,5/5/2007,0,NA,30,21.7
USW00093987,"LUFKIN ANGELINA CO AIRPORT, TX US",31.23593,-94.75468,87.1,5/6/2007,0,NA,31.7,23.3
USW00093987,"LUFKIN ANGELINA CO AIRPORT, TX US",31.23593,-94.75468,87.1,5/7/2007,0,NA,32.2,22.2
USW00093987,"LUFKIN ANGELINA CO AIRPORT, TX US",31.23593,-94.75468,87.1,5/8/2007,2.3,NA,31.1,20
USW00093987,"LUFKIN ANGELINA CO AIRPORT, TX US",31.23593,-94.75468,87.1,5/9/2007,0.3,NA,28.9,19.4
USW00093987,"LUFKIN ANGELINA CO AIRPORT, TX US",31.23593,-94.75468,87.1,5/10/2007,0,NA,28.9,18.3
USW00093987,"LUFKIN ANGELINA CO AIRPORT, TX US",31.23593,-94.75468,87.1,5/11/2007,0.8,NA,29.4,17.2
USW00093987,"LUFKIN ANGELINA CO AIRPORT, TX US",31.23593,-94.75468,87.1,5/12/2007,0,NA,31.7,17.2
USW00093987,"LUFKIN ANGELINA CO AIRPORT, TX US",31.23593,-94.75468,87.1,5/13/2007,0,NA,32.8,17.8
USW00093987,"LUFKIN ANGELINA CO AIRPORT, TX US",31.23593,-94.75468,87.1,5/14/2007,0,NA,33.3,19.4
USW00093987,"LUFKIN ANGELINA CO AIRPORT, TX US",31.23593,-94.75468,87.1,5/15/2007,0,NA,32.2,18.9
USW00093987,"LUFKIN ANGELINA CO AIRPORT, TX US",31.23593,-94.75468,87.1,5/16/2007,0,NA,25,14.4
USW00093987,"LUFKIN ANGELINA CO AIRPORT, TX US",31.23593,-94.75468,87.1,5/17/2007,0,NA,26.1,12.8
USW00093987,"LUFKIN ANGELINA CO AIRPORT, TX US",31.23593,-94.75468,87.1,5/18/2007,0,NA,26.7,13.3
USW00093987,"LUFKIN ANGELINA CO AIRPORT, TX US",31.23593,-94.75468,87.1,5/19/2007,0,NA,26.7,11.1
USW00093987,"LUFKIN ANGELINA CO AIRPORT, TX US",31.23593,-94.75468,87.1,5/20/2007,0,NA,28.3,12.2
USW00093987,"LUFKIN ANGELINA CO AIRPORT, TX US",31.23593,-94.75468,87.1,5/21/2007,8.9,NA,27.2,17.8
USW00093987,"LUFKIN ANGELINA CO AIRPORT, TX US",31.23593,-94.75468,87.1,5/22/2007,7.4,NA,22.8,18.9
USW00093987,"LUFKIN ANGELINA CO AIRPORT, TX US",31.23593,-94.75468,87.1,5/23/2007,13.5,NA,31.1,18.9
USW00093987,"LUFKIN ANGELINA CO AIRPORT, TX US",31.23593,-94.75468,87.1,5/24/2007,9.9,NA,30.6,20.6
USW00093987,"LUFKIN ANGELINA CO AIRPORT, TX US",31.23593,-94.75468,87.1,5/25/2007,0,NA,29.4,19.4
USW00093987,"LUFKIN ANGELINA CO AIRPORT, TX US",31.23593,-94.75468,87.1,5/26/2007,3.3,NA,28.3,20
USW00093987,"LUFKIN ANGELINA CO AIRPORT, TX US",31.23593,-94.75468,87.1,5/27/2007,5.1,NA,29.4,20
USW00093987,"LUFKIN ANGELINA CO AIRPORT, TX US",31.23593,-94.75468,87.1,5/28/2007,1.8,NA,27.8,19.4
USW00093987,"LUFKIN ANGELINA CO AIRPORT, TX US",31.23593,-94.75468,87.1,5/29/2007,17.5,NA,28.3,19.4
USW00093987,"LUFKIN ANGELINA CO AIRPORT, TX US",31.23593,-94.75468,87.1,5/30/2007,18.5,NA,29.4,17.2
USW00093987,"LUFKIN ANGELINA CO AIRPORT, TX US",31.23593,-94.75468,87.1,5/31/2007,0,NA,31.1,16.1
USW00093987,"LUFKIN ANGELINA CO AIRPORT, TX US",31.23593,-94.75468,87.1,6/1/2007,0,NA,31.1,20.6
USW00093987,"LUFKIN ANGELINA CO AIRPORT, TX US",31.23593,-94.75468,87.1,6/2/2007,0,NA,30.6,19.4
USW00093987,"LUFKIN ANGELINA CO AIRPORT, TX US",31.23593,-94.75468,87.1,6/3/2007,5.1,NA,29.4,21.1
USW00093987,"LUFKIN ANGELINA CO AIRPORT, TX US",31.23593,-94.75468,87.1,6/4/2007,0,NA,31.1,18.9
USW00093987,"LUFKIN ANGELINA CO AIRPORT, TX US",31.23593,-94.75468,87.1,6/5/2007,0,NA,32.2,17.8
USW00093987,"LUFKIN ANGELINA CO AIRPORT, TX US",31.23593,-94.75468,87.1,6/6/2007,0,NA,32.2,20
USW00093987,"LUFKIN ANGELINA CO AIRPORT, TX US",31.23593,-94.75468,87.1,6/7/2007,0,NA,33.9,23.3
USW00093987,"LUFKIN ANGELINA CO AIRPORT, TX US",31.23593,-94.75468,87.1,6/8/2007,0,NA,34.4,25.6
USW00093987,"LUFKIN ANGELINA CO AIRPORT, TX US",31.23593,-94.75468,87.1,6/9/2007,0,NA,33.9,23.9
USW00093987,"LUFKIN ANGELINA CO AIRPORT, TX US",31.23593,-94.75468,87.1,6/10/2007,3.6,NA,33.9,22.2
USW00093987,"LUFKIN ANGELINA CO AIRPORT, TX US",31.23593,-94.75468,87.1,6/11/2007,0,NA,33.9,21.7
USW00093987,"LUFKIN ANGELINA CO AIRPORT, TX US",31.23593,-94.75468,87.1,6/12/2007,0,NA,33.9,23.3
USW00093987,"LUFKIN ANGELINA CO AIRPORT, TX US",31.23593,-94.75468,87.1,6/13/2007,0,NA,34.4,22.2
USW00093987,"LUFKIN ANGELINA CO AIRPORT, TX US",31.23593,-94.75468,87.1,6/14/2007,5.8,NA,33.3,21.1
USW00093987,"LUFKIN ANGELINA CO AIRPORT, TX US",31.23593,-94.75468,87.1,6/15/2007,8.9,NA,32.2,20.6
USW00093987,"LUFKIN ANGELINA CO AIRPORT, TX US",31.23593,-94.75468,87.1,6/16/2007,25.7,NA,27.8,20
USW00093987,"LUFKIN ANGELINA CO AIRPORT, TX US",31.23593,-94.75468,87.1,6/17/2007,0.5,NA,28.3,21.1
USW00093987,"LUFKIN ANGELINA CO AIRPORT, TX US",31.23593,-94.75468,87.1,6/18/2007,0,NA,33.3,22.8
USW00093987,"LUFKIN ANGELINA CO AIRPORT, TX US",31.23593,-94.75468,87.1,6/19/2007,4.8,NA,35,22.8
USW00093987,"LUFKIN ANGELINA CO AIRPORT, TX US",31.23593,-94.75468,87.1,6/20/2007,1.3,NA,32.8,23.9
USW00093987,"LUFKIN ANGELINA CO AIRPORT, TX US",31.23593,-94.75468,87.1,6/21/2007,0.5,NA,33.3,21.7
USW00093987,"LUFKIN ANGELINA CO AIRPORT, TX US",31.23593,-94.75468,87.1,6/22/2007,0,NA,30.6,22.2
USW00093987,"LUFKIN ANGELINA CO AIRPORT, TX US",31.23593,-94.75468,87.1,6/23/2007,6.9,NA,30.6,20
USW00093987,"LUFKIN ANGELINA CO AIRPORT, TX US",31.23593,-94.75468,87.1,6/24/2007,2.3,NA,31.7,20
USW00093987,"LUFKIN ANGELINA CO AIRPORT, TX US",31.23593,-94.75468,87.1,6/25/2007,16.3,NA,31.1,22.2
USW00093987,"LUFKIN ANGELINA CO AIRPORT, TX US",31.23593,-94.75468,87.1,6/26/2007,13,NA,31.7,22.2
USW00093987,"LUFKIN ANGELINA CO AIRPORT, TX US",31.23593,-94.75468,87.1,6/27/2007,0,NA,32.8,24.4
USW00093987,"LUFKIN ANGELINA CO AIRPORT, TX US",31.23593,-94.75468,87.1,6/28/2007,0,NA,32.8,22.8
USW00093987,"LUFKIN ANGELINA CO AIRPORT, TX US",31.23593,-94.75468,87.1,6/29/2007,4.1,NA,32.8,22.2
USW00093987,"LUFKIN ANGELINA CO AIRPORT, TX US",31.23593,-94.75468,87.1,6/30/2007,2.8,NA,32.2,22.8
USW00093987,"LUFKIN ANGELINA CO AIRPORT, TX US",31.23593,-94.75468,87.1,7/1/2007,13.2,NA,29.4,22.8
USW00093987,"LUFKIN ANGELINA CO AIRPORT, TX US",31.23593,-94.75468,87.1,7/2/2007,0,NA,28.9,23.3
USW00093987,"LUFKIN ANGELINA CO AIRPORT, TX US",31.23593,-94.75468,87.1,7/3/2007,1.5,NA,32.2,23.3
USW00093987,"LUFKIN ANGELINA CO AIRPORT, TX US",31.23593,-94.75468,87.1,7/4/2007,10.4,NA,26.1,22.2
USW00093987,"LUFKIN ANGELINA CO AIRPORT, TX US",31.23593,-94.75468,87.1,7/5/2007,17.5,NA,30,22.2
USW00093987,"LUFKIN ANGELINA CO AIRPORT, TX US",31.23593,-94.75468,87.1,7/6/2007,37.6,NA,30.6,23.9
USW00093987,"LUFKIN ANGELINA CO AIRPORT, TX US",31.23593,-94.75468,87.1,7/7/2007,0,NA,32.8,22.2
USW00093987,"LUFKIN ANGELINA CO AIRPORT, TX US",31.23593,-94.75468,87.1,7/8/2007,7.6,NA,31.1,22.2
USW00093987,"LUFKIN ANGELINA CO AIRPORT, TX US",31.23593,-94.75468,87.1,7/9/2007,0,NA,33.3,23.9
USW00093987,"LUFKIN ANGELINA CO AIRPORT, TX US",31.23593,-94.75468,87.1,7/10/2007,0,NA,33.9,25.6
USW00093987,"LUFKIN ANGELINA CO AIRPORT, TX US",31.23593,-94.75468,87.1,7/11/2007,0,NA,33.3,23.3
USW00093987,"LUFKIN ANGELINA CO AIRPORT, TX US",31.23593,-94.75468,87.1,7/12/2007,0,NA,33.9,23.9
USW00093987,"LUFKIN ANGELINA CO AIRPORT, TX US",31.23593,-94.75468,87.1,7/13/2007,0,NA,33.9,24.4
USW00093987,"LUFKIN ANGELINA CO AIRPORT, TX US",31.23593,-94.75468,87.1,7/14/2007,16,NA,30.6,22.8
USW00093987,"LUFKIN ANGELINA CO AIRPORT, TX US",31.23593,-94.75468,87.1,7/15/2007,0,NA,30.6,22.8
USW00093987,"LUFKIN ANGELINA CO AIRPORT, TX US",31.23593,-94.75468,87.1,7/16/2007,7.4,NA,32.2,22.2
USW00093987,"LUFKIN ANGELINA CO AIRPORT, TX US",31.23593,-94.75468,87.1,7/17/2007,21.1,NA,32.2,21.7
USW00093987,"LUFKIN ANGELINA CO AIRPORT, TX US",31.23593,-94.75468,87.1,7/18/2007,0.3,NA,32.2,21.7
USW00093987,"LUFKIN ANGELINA CO AIRPORT, TX US",31.23593,-94.75468,87.1,7/19/2007,8.4,NA,31.7,22.8
USW00093987,"LUFKIN ANGELINA CO AIRPORT, TX US",31.23593,-94.75468,87.1,7/20/2007,0,NA,30,22.8
USW00093987,"LUFKIN ANGELINA CO AIRPORT, TX US",31.23593,-94.75468,87.1,7/21/2007,0,NA,33.9,21.7
USW00093987,"LUFKIN ANGELINA CO AIRPORT, TX US",31.23593,-94.75468,87.1,7/22/2007,0,NA,32.8,22.2
USW00093987,"LUFKIN ANGELINA CO AIRPORT, TX US",31.23593,-94.75468,87.1,7/23/2007,0,NA,30.6,19.4
USW00093987,"LUFKIN ANGELINA CO AIRPORT, TX US",31.23593,-94.75468,87.1,7/24/2007,0,NA,30.6,18.3
USW00093987,"LUFKIN ANGELINA CO AIRPORT, TX US",31.23593,-94.75468,87.1,7/25/2007,0,NA,32.2,18.9
USW00093987,"LUFKIN ANGELINA CO AIRPORT, TX US",31.23593,-94.75468,87.1,7/26/2007,0.8,NA,30.6,22.8
USW00093987,"LUFKIN ANGELINA CO AIRPORT, TX US",31.23593,-94.75468,87.1,7/27/2007,0,NA,30,22.8
USW00093987,"LUFKIN ANGELINA CO AIRPORT, TX US",31.23593,-94.75468,87.1,7/28/2007,0.8,NA,30.6,23.9
USW00093987,"LUFKIN ANGELINA CO AIRPORT, TX US",31.23593,-94.75468,87.1,7/29/2007,13.2,NA,33.3,23.3
USW00093987,"LUFKIN ANGELINA CO AIRPORT, TX US",31.23593,-94.75468,87.1,7/30/2007,0,NA,33.3,24.4
USW00093987,"LUFKIN ANGELINA CO AIRPORT, TX US",31.23593,-94.75468,87.1,7/31/2007,14.5,NA,32.8,24.4
USW00093987,"LUFKIN ANGELINA CO AIRPORT, TX US",31.23593,-94.75468,87.1,8/1/2007,31,NA,27.2,22.8
USW00093987,"LUFKIN ANGELINA CO AIRPORT, TX US",31.23593,-94.75468,87.1,8/2/2007,0,NA,33.3,22.8
USW00093987,"LUFKIN ANGELINA CO AIRPORT, TX US",31.23593,-94.75468,87.1,8/3/2007,0,NA,34.4,23.3
USW00093987,"LUFKIN ANGELINA CO AIRPORT, TX US",31.23593,-94.75468,87.1,8/4/2007,0,NA,34.4,23.3
USW00093987,"LUFKIN ANGELINA CO AIRPORT, TX US",31.23593,-94.75468,87.1,8/5/2007,0,NA,33.9,23.3
USW00093987,"LUFKIN ANGELINA CO AIRPORT, TX US",31.23593,-94.75468,87.1,8/6/2007,0,NA,34.4,25
USW00093987,"LUFKIN ANGELINA CO AIRPORT, TX US",31.23593,-94.75468,87.1,8/7/2007,0,NA,34.4,23.9
USW00093987,"LUFKIN ANGELINA CO AIRPORT, TX US",31.23593,-94.75468,87.1,8/8/2007,0,NA,34.4,22.8
USW00093987,"LUFKIN ANGELINA CO AIRPORT, TX US",31.23593,-94.75468,87.1,8/9/2007,0,NA,35,23.3
USW00093987,"LUFKIN ANGELINA CO AIRPORT, TX US",31.23593,-94.75468,87.1,8/10/2007,0,NA,36.1,23.3
USW00093987,"LUFKIN ANGELINA CO AIRPORT, TX US",31.23593,-94.75468,87.1,8/11/2007,0,NA,37.2,24.4
USW00093987,"LUFKIN ANGELINA CO AIRPORT, TX US",31.23593,-94.75468,87.1,8/12/2007,0,NA,37.8,25
USW00093987,"LUFKIN ANGELINA CO AIRPORT, TX US",31.23593,-94.75468,87.1,8/13/2007,0,NA,37.8,22.8
USW00093987,"LUFKIN ANGELINA CO AIRPORT, TX US",31.23593,-94.75468,87.1,8/14/2007,0,NA,38.3,23.3
USW00093987,"LUFKIN ANGELINA CO AIRPORT, TX US",31.23593,-94.75468,87.1,8/15/2007,0,NA,37.2,24.4
USW00093987,"LUFKIN ANGELINA CO AIRPORT, TX US",31.23593,-94.75468,87.1,8/16/2007,8.4,NA,34.4,25
USW00093987,"LUFKIN ANGELINA CO AIRPORT, TX US",31.23593,-94.75468,87.1,8/17/2007,7.6,NA,32.8,23.3
USW00093987,"LUFKIN ANGELINA CO AIRPORT, TX US",31.23593,-94.75468,87.1,8/18/2007,0.8,NA,32.8,23.9
USW00093987,"LUFKIN ANGELINA CO AIRPORT, TX US",31.23593,-94.75468,87.1,8/19/2007,0,NA,33.9,24.4
USW00093987,"LUFKIN ANGELINA CO AIRPORT, TX US",31.23593,-94.75468,87.1,8/20/2007,0,NA,33.9,23.3
USW00093987,"LUFKIN ANGELINA CO AIRPORT, TX US",31.23593,-94.75468,87.1,8/21/2007,0,NA,35,22.2
USW00093987,"LUFKIN ANGELINA CO AIRPORT, TX US",31.23593,-94.75468,87.1,8/22/2007,0.8,NA,35,23.9
USW00093987,"LUFKIN ANGELINA CO AIRPORT, TX US",31.23593,-94.75468,87.1,8/23/2007,0,NA,35,23.9
USW00093987,"LUFKIN ANGELINA CO AIRPORT, TX US",31.23593,-94.75468,87.1,8/24/2007,0,NA,34.4,22.2
USW00093987,"LUFKIN ANGELINA CO AIRPORT, TX US",31.23593,-94.75468,87.1,8/25/2007,0,NA,35.6,22.8
USW00093987,"LUFKIN ANGELINA CO AIRPORT, TX US",31.23593,-94.75468,87.1,8/26/2007,0,NA,36.1,22.8
USW00093987,"LUFKIN ANGELINA CO AIRPORT, TX US",31.23593,-94.75468,87.1,8/27/2007,0,NA,36.1,22.8
USW00093987,"LUFKIN ANGELINA CO AIRPORT, TX US",31.23593,-94.75468,87.1,8/28/2007,0,NA,33.9,21.7
USW00093987,"LUFKIN ANGELINA CO AIRPORT, TX US",31.23593,-94.75468,87.1,8/29/2007,4.6,NA,32.2,23.9
USW00093987,"LUFKIN ANGELINA CO AIRPORT, TX US",31.23593,-94.75468,87.1,8/30/2007,2,NA,33.3,22.8
USW00093987,"LUFKIN ANGELINA CO AIRPORT, TX US",31.23593,-94.75468,87.1,8/31/2007,17.3,NA,32.8,21.7
USW00093987,"LUFKIN ANGELINA CO AIRPORT, TX US",31.23593,-94.75468,87.1,9/1/2007,0,NA,32.8,21.7
USW00093987,"LUFKIN ANGELINA CO AIRPORT, TX US",31.23593,-94.75468,87.1,9/2/2007,0.3,NA,30.6,22.2
USW00093987,"LUFKIN ANGELINA CO AIRPORT, TX US",31.23593,-94.75468,87.1,9/3/2007,12.7,NA,32.2,21.7
USW00093987,"LUFKIN ANGELINA CO AIRPORT, TX US",31.23593,-94.75468,87.1,9/4/2007,2.3,NA,31.7,20.6
USW00093987,"LUFKIN ANGELINA CO AIRPORT, TX US",31.23593,-94.75468,87.1,9/5/2007,1.5,NA,31.1,24.4
USW00093987,"LUFKIN ANGELINA CO AIRPORT, TX US",31.23593,-94.75468,87.1,9/6/2007,5.6,NA,32.8,23.9
USW00093987,"LUFKIN ANGELINA CO AIRPORT, TX US",31.23593,-94.75468,87.1,9/7/2007,0,NA,33.9,23.9
USW00093987,"LUFKIN ANGELINA CO AIRPORT, TX US",31.23593,-94.75468,87.1,9/8/2007,0,NA,33.3,22.8
USW00093987,"LUFKIN ANGELINA CO AIRPORT, TX US",31.23593,-94.75468,87.1,9/9/2007,0,NA,33.3,22.8
USW00093987,"LUFKIN ANGELINA CO AIRPORT, TX US",31.23593,-94.75468,87.1,9/10/2007,0,NA,33.9,22.8
USW00093987,"LUFKIN ANGELINA CO AIRPORT, TX US",31.23593,-94.75468,87.1,9/11/2007,13.7,NA,27.8,22.2
USW00093987,"LUFKIN ANGELINA CO AIRPORT, TX US",31.23593,-94.75468,87.1,9/12/2007,0.5,NA,25.6,21.1
USW00093987,"LUFKIN ANGELINA CO AIRPORT, TX US",31.23593,-94.75468,87.1,9/13/2007,0,NA,31.1,22.2
USW00093987,"LUFKIN ANGELINA CO AIRPORT, TX US",31.23593,-94.75468,87.1,9/14/2007,0,NA,32.2,21.1
USW00093987,"LUFKIN ANGELINA CO AIRPORT, TX US",31.23593,-94.75468,87.1,9/15/2007,0,NA,31.1,20.6
USW00093987,"LUFKIN ANGELINA CO AIRPORT, TX US",31.23593,-94.75468,87.1,9/16/2007,0,NA,31.7,18.3
USW00093987,"LUFKIN ANGELINA CO AIRPORT, TX US",31.23593,-94.75468,87.1,9/17/2007,0,NA,33.3,17.2
USW00093987,"LUFKIN ANGELINA CO AIRPORT, TX US",31.23593,-94.75468,87.1,9/18/2007,0,NA,33.3,18.3
USW00093987,"LUFKIN ANGELINA CO AIRPORT, TX US",31.23593,-94.75468,87.1,9/19/2007,0,NA,33.3,21.1
USW00093987,"LUFKIN ANGELINA CO AIRPORT, TX US",31.23593,-94.75468,87.1,9/20/2007,0,NA,31.7,18.3
USW00093987,"LUFKIN ANGELINA CO AIRPORT, TX US",31.23593,-94.75468,87.1,9/21/2007,0,NA,32.2,15.6
USW00093987,"LUFKIN ANGELINA CO AIRPORT, TX US",31.23593,-94.75468,87.1,9/22/2007,0,NA,32.8,16.1
USW00093987,"LUFKIN ANGELINA CO AIRPORT, TX US",31.23593,-94.75468,87.1,9/23/2007,0.3,NA,31.7,21.7
USW00093987,"LUFKIN ANGELINA CO AIRPORT, TX US",31.23593,-94.75468,87.1,9/24/2007,0,NA,32.8,19.4
USW00093987,"LUFKIN ANGELINA CO AIRPORT, TX US",31.23593,-94.75468,87.1,9/25/2007,3.8,NA,32.2,22.8
USW00093987,"LUFKIN ANGELINA CO AIRPORT, TX US",31.23593,-94.75468,87.1,9/26/2007,0,NA,32.2,21.1
USW00093987,"LUFKIN ANGELINA CO AIRPORT, TX US",31.23593,-94.75468,87.1,9/27/2007,7.1,NA,33.3,20
USW00093987,"LUFKIN ANGELINA CO AIRPORT, TX US",31.23593,-94.75468,87.1,9/28/2007,0,NA,32.2,19.4
USW00093987,"LUFKIN ANGELINA CO AIRPORT, TX US",31.23593,-94.75468,87.1,9/29/2007,0,NA,33.3,17.2
USW00093987,"LUFKIN ANGELINA CO AIRPORT, TX US",31.23593,-94.75468,87.1,9/30/2007,0.3,NA,32.8,21.7
USW00093987,"LUFKIN ANGELINA CO AIRPORT, TX US",31.23593,-94.75468,87.1,10/1/2007,0,NA,32.2,22.2
USW00093987,"LUFKIN ANGELINA CO AIRPORT, TX US",31.23593,-94.75468,87.1,10/2/2007,0,NA,31.7,20.6
USW00093987,"LUFKIN ANGELINA CO AIRPORT, TX US",31.23593,-94.75468,87.1,10/3/2007,0,NA,32.2,17.8
USW00093987,"LUFKIN ANGELINA CO AIRPORT, TX US",31.23593,-94.75468,87.1,10/4/2007,0,NA,33.3,17.2
USW00093987,"LUFKIN ANGELINA CO AIRPORT, TX US",31.23593,-94.75468,87.1,10/5/2007,0.3,NA,32.2,21.7
USW00093987,"LUFKIN ANGELINA CO AIRPORT, TX US",31.23593,-94.75468,87.1,10/6/2007,0.8,NA,31.7,23.3
USW00093987,"LUFKIN ANGELINA CO AIRPORT, TX US",31.23593,-94.75468,87.1,10/7/2007,0,NA,33.3,21.7
USW00093987,"LUFKIN ANGELINA CO AIRPORT, TX US",31.23593,-94.75468,87.1,10/8/2007,0,NA,33.3,22.2
USW00093987,"LUFKIN ANGELINA CO AIRPORT, TX US",31.23593,-94.75468,87.1,10/9/2007,0,NA,32.8,20
USW00093987,"LUFKIN ANGELINA CO AIRPORT, TX US",31.23593,-94.75468,87.1,10/10/2007,0,NA,30,15
USW00093987,"LUFKIN ANGELINA CO AIRPORT, TX US",31.23593,-94.75468,87.1,10/11/2007,0,NA,30.6,12.2
USW00093987,"LUFKIN ANGELINA CO AIRPORT, TX US",31.23593,-94.75468,87.1,10/12/2007,0,NA,28.9,13.9
USW00093987,"LUFKIN ANGELINA CO AIRPORT, TX US",31.23593,-94.75468,87.1,10/13/2007,0,NA,29.4,11.1
USW00093987,"LUFKIN ANGELINA CO AIRPORT, TX US",31.23593,-94.75468,87.1,10/14/2007,0,NA,30,13.3
USW00093987,"LUFKIN ANGELINA CO AIRPORT, TX US",31.23593,-94.75468,87.1,10/15/2007,25.4,NA,27.8,17.2
USW00093987,"LUFKIN ANGELINA CO AIRPORT, TX US",31.23593,-94.75468,87.1,10/16/2007,0,NA,27.2,17.2
USW00093987,"LUFKIN ANGELINA CO AIRPORT, TX US",31.23593,-94.75468,87.1,10/17/2007,9.9,NA,30,20
USW00093987,"LUFKIN ANGELINA CO AIRPORT, TX US",31.23593,-94.75468,87.1,10/18/2007,0,NA,31.1,14.4
USW00093987,"LUFKIN ANGELINA CO AIRPORT, TX US",31.23593,-94.75468,87.1,10/19/2007,0,NA,28.9,10
USW00093987,"LUFKIN ANGELINA CO AIRPORT, TX US",31.23593,-94.75468,87.1,10/20/2007,0,NA,30,10
USW00093987,"LUFKIN ANGELINA CO AIRPORT, TX US",31.23593,-94.75468,87.1,10/21/2007,0,NA,30,12.2
USW00093987,"LUFKIN ANGELINA CO AIRPORT, TX US",31.23593,-94.75468,87.1,10/22/2007,25.7,NA,21.1,11.1
USW00093987,"LUFKIN ANGELINA CO AIRPORT, TX US",31.23593,-94.75468,87.1,10/23/2007,0,NA,19.4,6.7
USW00093987,"LUFKIN ANGELINA CO AIRPORT, TX US",31.23593,-94.75468,87.1,10/24/2007,0,NA,22.8,6.1
USW00093987,"LUFKIN ANGELINA CO AIRPORT, TX US",31.23593,-94.75468,87.1,10/25/2007,0,NA,20,4.4
USW00093987,"LUFKIN ANGELINA CO AIRPORT, TX US",31.23593,-94.75468,87.1,10/26/2007,0,NA,21.7,3.3
USW00093987,"LUFKIN ANGELINA CO AIRPORT, TX US",31.23593,-94.75468,87.1,10/27/2007,0,NA,22.8,5.6
USW00093987,"LUFKIN ANGELINA CO AIRPORT, TX US",31.23593,-94.75468,87.1,10/28/2007,0,NA,23.9,6.1
USW00093987,"LUFKIN ANGELINA CO AIRPORT, TX US",31.23593,-94.75468,87.1,10/29/2007,0,NA,22.8,8.9
USW00093987,"LUFKIN ANGELINA CO AIRPORT, TX US",31.23593,-94.75468,87.1,10/30/2007,0,NA,24.4,7.2
USW00093987,"LUFKIN ANGELINA CO AIRPORT, TX US",31.23593,-94.75468,87.1,10/31/2007,0,NA,26.1,8.9
USW00093987,"LUFKIN ANGELINA CO AIRPORT, TX US",31.23593,-94.75468,87.1,11/1/2007,0,NA,27.8,11.1
USW00093987,"LUFKIN ANGELINA CO AIRPORT, TX US",31.23593,-94.75468,87.1,11/2/2007,0,NA,26.7,11.7
USW00093987,"LUFKIN ANGELINA CO AIRPORT, TX US",31.23593,-94.75468,87.1,11/3/2007,0,NA,25.6,11.7
USW00093987,"LUFKIN ANGELINA CO AIRPORT, TX US",31.23593,-94.75468,87.1,11/4/2007,0,NA,26.7,9.4
USW00093987,"LUFKIN ANGELINA CO AIRPORT, TX US",31.23593,-94.75468,87.1,11/5/2007,0,NA,27.2,13.9
USW00093987,"LUFKIN ANGELINA CO AIRPORT, TX US",31.23593,-94.75468,87.1,11/6/2007,0,NA,20.6,10.6
USW00093987,"LUFKIN ANGELINA CO AIRPORT, TX US",31.23593,-94.75468,87.1,11/7/2007,0,NA,15.6,5.6
USW00093987,"LUFKIN ANGELINA CO AIRPORT, TX US",31.23593,-94.75468,87.1,11/8/2007,0,NA,19.4,11.7
USW00093987,"LUFKIN ANGELINA CO AIRPORT, TX US",31.23593,-94.75468,87.1,11/9/2007,0,NA,27.8,15
USW00093987,"LUFKIN ANGELINA CO AIRPORT, TX US",31.23593,-94.75468,87.1,11/10/2007,0,NA,28.3,15.6
USW00093987,"LUFKIN ANGELINA CO AIRPORT, TX US",31.23593,-94.75468,87.1,11/11/2007,1,NA,26.7,15
USW00093987,"LUFKIN ANGELINA CO AIRPORT, TX US",31.23593,-94.75468,87.1,11/12/2007,0,NA,27.2,17.2
USW00093987,"LUFKIN ANGELINA CO AIRPORT, TX US",31.23593,-94.75468,87.1,11/13/2007,0,NA,28.3,16.7
USW00093987,"LUFKIN ANGELINA CO AIRPORT, TX US",31.23593,-94.75468,87.1,11/14/2007,0,NA,28.9,17.8
USW00093987,"LUFKIN ANGELINA CO AIRPORT, TX US",31.23593,-94.75468,87.1,11/15/2007,0,NA,17.8,2.2
USW00093987,"LUFKIN ANGELINA CO AIRPORT, TX US",31.23593,-94.75468,87.1,11/16/2007,0,NA,20,0
USW00093987,"LUFKIN ANGELINA CO AIRPORT, TX US",31.23593,-94.75468,87.1,11/17/2007,20.1,NA,23.9,8.9
USW00093987,"LUFKIN ANGELINA CO AIRPORT, TX US",31.23593,-94.75468,87.1,11/18/2007,19.6,NA,20,13.9
USW00093987,"LUFKIN ANGELINA CO AIRPORT, TX US",31.23593,-94.75468,87.1,11/19/2007,0,NA,24.4,14.4
USW00093987,"LUFKIN ANGELINA CO AIRPORT, TX US",31.23593,-94.75468,87.1,11/20/2007,0,NA,26.1,15
USW00093987,"LUFKIN ANGELINA CO AIRPORT, TX US",31.23593,-94.75468,87.1,11/21/2007,1.5,NA,27.2,7.2
USW00093987,"LUFKIN ANGELINA CO AIRPORT, TX US",31.23593,-94.75468,87.1,11/22/2007,2,NA,12.2,3.3
USW00093987,"LUFKIN ANGELINA CO AIRPORT, TX US",31.23593,-94.75468,87.1,11/23/2007,1.5,NA,10.6,4.4
USW00093987,"LUFKIN ANGELINA CO AIRPORT, TX US",31.23593,-94.75468,87.1,11/24/2007,48.8,NA,7.8,4.4
USW00093987,"LUFKIN ANGELINA CO AIRPORT, TX US",31.23593,-94.75468,87.1,11/25/2007,19.6,NA,7.8,5.6
USW00093987,"LUFKIN ANGELINA CO AIRPORT, TX US",31.23593,-94.75468,87.1,11/26/2007,0,NA,9.4,3.9
USW00093987,"LUFKIN ANGELINA CO AIRPORT, TX US",31.23593,-94.75468,87.1,11/27/2007,0,NA,16.7,1.7
USW00093987,"LUFKIN ANGELINA CO AIRPORT, TX US",31.23593,-94.75468,87.1,11/28/2007,0,NA,20,1.7
USW00093987,"LUFKIN ANGELINA CO AIRPORT, TX US",31.23593,-94.75468,87.1,11/29/2007,0,NA,20.6,7.2
USW00093987,"LUFKIN ANGELINA CO AIRPORT, TX US",31.23593,-94.75468,87.1,11/30/2007,0,NA,21.7,10
USW00093987,"LUFKIN ANGELINA CO AIRPORT, TX US",31.23593,-94.75468,87.1,12/1/2007,0,NA,23.3,10.6
USW00093987,"LUFKIN ANGELINA CO AIRPORT, TX US",31.23593,-94.75468,87.1,12/2/2007,0.5,NA,24.4,11.1
USW00093987,"LUFKIN ANGELINA CO AIRPORT, TX US",31.23593,-94.75468,87.1,12/3/2007,0,NA,13.9,-0.6
USW00093987,"LUFKIN ANGELINA CO AIRPORT, TX US",31.23593,-94.75468,87.1,12/4/2007,0,NA,16.7,-2.2
USW00093987,"LUFKIN ANGELINA CO AIRPORT, TX US",31.23593,-94.75468,87.1,12/5/2007,0,NA,24.4,2.8
USW00093987,"LUFKIN ANGELINA CO AIRPORT, TX US",31.23593,-94.75468,87.1,12/6/2007,0,NA,17.8,5.6
USW00093987,"LUFKIN ANGELINA CO AIRPORT, TX US",31.23593,-94.75468,87.1,12/7/2007,0,NA,25.6,15
USW00093987,"LUFKIN ANGELINA CO AIRPORT, TX US",31.23593,-94.75468,87.1,12/8/2007,0,NA,28.3,21.1
USW00093987,"LUFKIN ANGELINA CO AIRPORT, TX US",31.23593,-94.75468,87.1,12/9/2007,0,NA,27.2,19.4
USW00093987,"LUFKIN ANGELINA CO AIRPORT, TX US",31.23593,-94.75468,87.1,12/10/2007,0,NA,25,11.1
USW00093987,"LUFKIN ANGELINA CO AIRPORT, TX US",31.23593,-94.75468,87.1,12/11/2007,0.3,NA,27.2,20.6
USW00093987,"LUFKIN ANGELINA CO AIRPORT, TX US",31.23593,-94.75468,87.1,12/12/2007,5.3,NA,22.2,7.2
USW00093987,"LUFKIN ANGELINA CO AIRPORT, TX US",31.23593,-94.75468,87.1,12/13/2007,7.9,NA,15.6,6.7
USW00093987,"LUFKIN ANGELINA CO AIRPORT, TX US",31.23593,-94.75468,87.1,12/14/2007,0.3,NA,14.4,11.1
USW00093987,"LUFKIN ANGELINA CO AIRPORT, TX US",31.23593,-94.75468,87.1,12/15/2007,46.7,NA,17.2,2.2
USW00093987,"LUFKIN ANGELINA CO AIRPORT, TX US",31.23593,-94.75468,87.1,12/16/2007,0,NA,10.6,-1.7
USW00093987,"LUFKIN ANGELINA CO AIRPORT, TX US",31.23593,-94.75468,87.1,12/17/2007,0,NA,12.2,-3.3
USW00093987,"LUFKIN ANGELINA CO AIRPORT, TX US",31.23593,-94.75468,87.1,12/18/2007,0,NA,21.7,6.1
USW00093987,"LUFKIN ANGELINA CO AIRPORT, TX US",31.23593,-94.75468,87.1,12/19/2007,4.1,NA,21.1,11.7
USW00093987,"LUFKIN ANGELINA CO AIRPORT, TX US",31.23593,-94.75468,87.1,12/20/2007,28.4,NA,23.3,6.1
USW00093987,"LUFKIN ANGELINA CO AIRPORT, TX US",31.23593,-94.75468,87.1,12/21/2007,0,NA,22.8,3.3
USW00093987,"LUFKIN ANGELINA CO AIRPORT, TX US",31.23593,-94.75468,87.1,12/22/2007,1.8,NA,22.8,2.2
USW00093987,"LUFKIN ANGELINA CO AIRPORT, TX US",31.23593,-94.75468,87.1,12/23/2007,0,NA,11.1,-3.3
USW00093987,"LUFKIN ANGELINA CO AIRPORT, TX US",31.23593,-94.75468,87.1,12/24/2007,0,NA,14.4,-3.9
USW00093987,"LUFKIN ANGELINA CO AIRPORT, TX US",31.23593,-94.75468,87.1,12/25/2007,0,NA,15.6,-3.3
USW00093987,"LUFKIN ANGELINA CO AIRPORT, TX US",31.23593,-94.75468,87.1,12/26/2007,14.2,NA,12.8,1.1
USW00093987,"LUFKIN ANGELINA CO AIRPORT, TX US",31.23593,-94.75468,87.1,12/27/2007,0,NA,11.7,3.3
USW00093987,"LUFKIN ANGELINA CO AIRPORT, TX US",31.23593,-94.75468,87.1,12/28/2007,2,NA,14.4,3.3
USW00093987,"LUFKIN ANGELINA CO AIRPORT, TX US",31.23593,-94.75468,87.1,12/29/2007,0,NA,14.4,1.1
USW00093987,"LUFKIN ANGELINA CO AIRPORT, TX US",31.23593,-94.75468,87.1,12/30/2007,0,NA,18.9,0.6
USW00093987,"LUFKIN ANGELINA CO AIRPORT, TX US",31.23593,-94.75468,87.1,12/31/2007,0,NA,21.7,0
USW00093987,"LUFKIN ANGELINA CO AIRPORT, TX US",31.23593,-94.75468,87.1,1/1/2008,0,NA,12.8,1.1
USW00093987,"LUFKIN ANGELINA CO AIRPORT, TX US",31.23593,-94.75468,87.1,1/2/2008,0,NA,7.8,-3.3
USW00093987,"LUFKIN ANGELINA CO AIRPORT, TX US",31.23593,-94.75468,87.1,1/3/2008,0,NA,7.2,-6.1
USW00093987,"LUFKIN ANGELINA CO AIRPORT, TX US",31.23593,-94.75468,87.1,1/4/2008,0,NA,17.2,-2.2
USW00093987,"LUFKIN ANGELINA CO AIRPORT, TX US",31.23593,-94.75468,87.1,1/5/2008,0.3,NA,22.8,13.9
USW00093987,"LUFKIN ANGELINA CO AIRPORT, TX US",31.23593,-94.75468,87.1,1/6/2008,0,NA,26.1,18.9
USW00093987,"LUFKIN ANGELINA CO AIRPORT, TX US",31.23593,-94.75468,87.1,1/7/2008,0.3,NA,25,19.4
USW00093987,"LUFKIN ANGELINA CO AIRPORT, TX US",31.23593,-94.75468,87.1,1/8/2008,1,NA,23.9,8.9
USW00093987,"LUFKIN ANGELINA CO AIRPORT, TX US",31.23593,-94.75468,87.1,1/9/2008,0,NA,17.8,2.8
USW00093987,"LUFKIN ANGELINA CO AIRPORT, TX US",31.23593,-94.75468,87.1,1/10/2008,0.3,NA,20,3.3
USW00093987,"LUFKIN ANGELINA CO AIRPORT, TX US",31.23593,-94.75468,87.1,1/11/2008,0,NA,17.8,-1.1
USW00093987,"LUFKIN ANGELINA CO AIRPORT, TX US",31.23593,-94.75468,87.1,1/12/2008,2,NA,20.6,1.7
USW00093987,"LUFKIN ANGELINA CO AIRPORT, TX US",31.23593,-94.75468,87.1,1/13/2008,0,NA,15.6,2.2
USW00093987,"LUFKIN ANGELINA CO AIRPORT, TX US",31.23593,-94.75468,87.1,1/14/2008,0,NA,17.2,-1.1
USW00093987,"LUFKIN ANGELINA CO AIRPORT, TX US",31.23593,-94.75468,87.1,1/15/2008,1.8,NA,13.9,1.7
USW00093987,"LUFKIN ANGELINA CO AIRPORT, TX US",31.23593,-94.75468,87.1,1/16/2008,6.4,NA,10,7.2
USW00093987,"LUFKIN ANGELINA CO AIRPORT, TX US",31.23593,-94.75468,87.1,1/17/2008,0,NA,10,3.3
USW00093987,"LUFKIN ANGELINA CO AIRPORT, TX US",31.23593,-94.75468,87.1,1/18/2008,19.6,NA,5,1.7
USW00093987,"LUFKIN ANGELINA CO AIRPORT, TX US",31.23593,-94.75468,87.1,1/19/2008,1,NA,9.4,-2.2
USW00093987,"LUFKIN ANGELINA CO AIRPORT, TX US",31.23593,-94.75468,87.1,1/20/2008,0,NA,10.6,-4.4
USW00093987,"LUFKIN ANGELINA CO AIRPORT, TX US",31.23593,-94.75468,87.1,1/21/2008,1.3,NA,11.7,0.6
USW00093987,"LUFKIN ANGELINA CO AIRPORT, TX US",31.23593,-94.75468,87.1,1/22/2008,2.8,NA,14.4,6.7
USW00093987,"LUFKIN ANGELINA CO AIRPORT, TX US",31.23593,-94.75468,87.1,1/23/2008,2,NA,7.2,2.8
USW00093987,"LUFKIN ANGELINA CO AIRPORT, TX US",31.23593,-94.75468,87.1,1/24/2008,2.5,NA,10,2.8
USW00093987,"LUFKIN ANGELINA CO AIRPORT, TX US",31.23593,-94.75468,87.1,1/25/2008,11.7,NA,5.6,2.2
USW00093987,"LUFKIN ANGELINA CO AIRPORT, TX US",31.23593,-94.75468,87.1,1/26/2008,0,NA,9.4,3.3
USW00093987,"LUFKIN ANGELINA CO AIRPORT, TX US",31.23593,-94.75468,87.1,1/27/2008,0,NA,16.1,3.3
USW00093987,"LUFKIN ANGELINA CO AIRPORT, TX US",31.23593,-94.75468,87.1,1/28/2008,0,NA,19.4,3.3
USW00093987,"LUFKIN ANGELINA CO AIRPORT, TX US",31.23593,-94.75468,87.1,1/29/2008,2.8,NA,24.4,3.9
USW00093987,"LUFKIN ANGELINA CO AIRPORT, TX US",31.23593,-94.75468,87.1,1/30/2008,0.5,NA,12.8,-2.8
USW00093987,"LUFKIN ANGELINA CO AIRPORT, TX US",31.23593,-94.75468,87.1,1/31/2008,24.1,NA,16.1,3.3
USW00093987,"LUFKIN ANGELINA CO AIRPORT, TX US",31.23593,-94.75468,87.1,2/1/2008,0,NA,14.4,-3.3
USW00093987,"LUFKIN ANGELINA CO AIRPORT, TX US",31.23593,-94.75468,87.1,2/2/2008,0,NA,22.2,2.2
USW00093987,"LUFKIN ANGELINA CO AIRPORT, TX US",31.23593,-94.75468,87.1,2/3/2008,0,NA,24.4,16.1
USW00093987,"LUFKIN ANGELINA CO AIRPORT, TX US",31.23593,-94.75468,87.1,2/4/2008,0,NA,26.1,20
USW00093987,"LUFKIN ANGELINA CO AIRPORT, TX US",31.23593,-94.75468,87.1,2/5/2008,1,NA,24.4,10.6
USW00093987,"LUFKIN ANGELINA CO AIRPORT, TX US",31.23593,-94.75468,87.1,2/6/2008,0,NA,13.9,0.6
USW00093987,"LUFKIN ANGELINA CO AIRPORT, TX US",31.23593,-94.75468,87.1,2/7/2008,0,NA,19.4,-1.1
USW00093987,"LUFKIN ANGELINA CO AIRPORT, TX US",31.23593,-94.75468,87.1,2/8/2008,0,NA,23.3,0
USW00093987,"LUFKIN ANGELINA CO AIRPORT, TX US",31.23593,-94.75468,87.1,2/9/2008,0,NA,23.9,3.3
USW00093987,"LUFKIN ANGELINA CO AIRPORT, TX US",31.23593,-94.75468,87.1,2/10/2008,0,NA,23.9,3.3
USW00093987,"LUFKIN ANGELINA CO AIRPORT, TX US",31.23593,-94.75468,87.1,2/11/2008,3,NA,22.2,6.7
USW00093987,"LUFKIN ANGELINA CO AIRPORT, TX US",31.23593,-94.75468,87.1,2/12/2008,31.2,NA,18.3,4.4
USW00093987,"LUFKIN ANGELINA CO AIRPORT, TX US",31.23593,-94.75468,87.1,2/13/2008,0,NA,13.9,-0.6
USW00093987,"LUFKIN ANGELINA CO AIRPORT, TX US",31.23593,-94.75468,87.1,2/14/2008,0,NA,21.7,2.2
USW00093987,"LUFKIN ANGELINA CO AIRPORT, TX US",31.23593,-94.75468,87.1,2/15/2008,25.4,NA,21.7,13.3
USW00093987,"LUFKIN ANGELINA CO AIRPORT, TX US",31.23593,-94.75468,87.1,2/16/2008,54.4,NA,21.1,9.4
USW00093987,"LUFKIN ANGELINA CO AIRPORT, TX US",31.23593,-94.75468,87.1,2/17/2008,0,NA,19.4,8.3
USW00093987,"LUFKIN ANGELINA CO AIRPORT, TX US",31.23593,-94.75468,87.1,2/18/2008,0,NA,16.7,2.8
USW00093987,"LUFKIN ANGELINA CO AIRPORT, TX US",31.23593,-94.75468,87.1,2/19/2008,0,NA,18.9,0
USW00093987,"LUFKIN ANGELINA CO AIRPORT, TX US",31.23593,-94.75468,87.1,2/20/2008,16.8,NA,18.9,10.6
USW00093987,"LUFKIN ANGELINA CO AIRPORT, TX US",31.23593,-94.75468,87.1,2/21/2008,16,NA,24.4,11.7
USW00093987,"LUFKIN ANGELINA CO AIRPORT, TX US",31.23593,-94.75468,87.1,2/22/2008,0,NA,12.2,3.9
USW00093987,"LUFKIN ANGELINA CO AIRPORT, TX US",31.23593,-94.75468,87.1,2/23/2008,0,NA,19.4,1.1
USW00093987,"LUFKIN ANGELINA CO AIRPORT, TX US",31.23593,-94.75468,87.1,2/24/2008,0,NA,23.3,7.8
USW00093987,"LUFKIN ANGELINA CO AIRPORT, TX US",31.23593,-94.75468,87.1,2/25/2008,0,NA,25,6.7
USW00093987,"LUFKIN ANGELINA CO AIRPORT, TX US",31.23593,-94.75468,87.1,2/26/2008,0,NA,21.1,1.7
USW00093987,"LUFKIN ANGELINA CO AIRPORT, TX US",31.23593,-94.75468,87.1,2/27/2008,0,NA,15.6,-2.2
USW00093987,"LUFKIN ANGELINA CO AIRPORT, TX US",31.23593,-94.75468,87.1,2/28/2008,0,NA,21.1,1.7
USW00093987,"LUFKIN ANGELINA CO AIRPORT, TX US",31.23593,-94.75468,87.1,2/29/2008,0,NA,24.4,10.6
USW00093987,"LUFKIN ANGELINA CO AIRPORT, TX US",31.23593,-94.75468,87.1,3/1/2008,0,NA,26.1,10.6
USW00093987,"LUFKIN ANGELINA CO AIRPORT, TX US",31.23593,-94.75468,87.1,3/2/2008,0.8,NA,24.4,13.9
USW00093987,"LUFKIN ANGELINA CO AIRPORT, TX US",31.23593,-94.75468,87.1,3/3/2008,17,NA,21.1,3.9
USW00093987,"LUFKIN ANGELINA CO AIRPORT, TX US",31.23593,-94.75468,87.1,3/4/2008,0,NA,15,2.2
USW00093987,"LUFKIN ANGELINA CO AIRPORT, TX US",31.23593,-94.75468,87.1,3/5/2008,0,NA,22.2,0.6
USW00093987,"LUFKIN ANGELINA CO AIRPORT, TX US",31.23593,-94.75468,87.1,3/6/2008,16.3,NA,21.1,6.1
USW00093987,"LUFKIN ANGELINA CO AIRPORT, TX US",31.23593,-94.75468,87.1,3/7/2008,2.8,NA,8.9,1.7
USW00093987,"LUFKIN ANGELINA CO AIRPORT, TX US",31.23593,-94.75468,87.1,3/8/2008,0,NA,13.3,-1.7
USW00093987,"LUFKIN ANGELINA CO AIRPORT, TX US",31.23593,-94.75468,87.1,3/9/2008,0,NA,22.8,1.1
USW00093987,"LUFKIN ANGELINA CO AIRPORT, TX US",31.23593,-94.75468,87.1,3/10/2008,25.9,NA,13.3,10.6
USW00093987,"LUFKIN ANGELINA CO AIRPORT, TX US",31.23593,-94.75468,87.1,3/11/2008,0,NA,18.9,6.1
USW00093987,"LUFKIN ANGELINA CO AIRPORT, TX US",31.23593,-94.75468,87.1,3/12/2008,0,NA,23.9,3.3
USW00093987,"LUFKIN ANGELINA CO AIRPORT, TX US",31.23593,-94.75468,87.1,3/13/2008,0,NA,22.8,8.3
USW00093987,"LUFKIN ANGELINA CO AIRPORT, TX US",31.23593,-94.75468,87.1,3/14/2008,0,NA,30,15
USW00093987,"LUFKIN ANGELINA CO AIRPORT, TX US",31.23593,-94.75468,87.1,3/15/2008,0,NA,28.9,15.6
USW00093987,"LUFKIN ANGELINA CO AIRPORT, TX US",31.23593,-94.75468,87.1,3/16/2008,0,NA,26.7,11.7
USW00093987,"LUFKIN ANGELINA CO AIRPORT, TX US",31.23593,-94.75468,87.1,3/17/2008,0,NA,29.4,20
USW00093987,"LUFKIN ANGELINA CO AIRPORT, TX US",31.23593,-94.75468,87.1,3/18/2008,0.8,NA,26.7,13.3
USW00093987,"LUFKIN ANGELINA CO AIRPORT, TX US",31.23593,-94.75468,87.1,3/19/2008,1,NA,19.4,6.1
USW00093987,"LUFKIN ANGELINA CO AIRPORT, TX US",31.23593,-94.75468,87.1,3/20/2008,0,NA,23.9,2.2
USW00093987,"LUFKIN ANGELINA CO AIRPORT, TX US",31.23593,-94.75468,87.1,3/21/2008,0,NA,23.9,4.4
USW00093987,"LUFKIN ANGELINA CO AIRPORT, TX US",31.23593,-94.75468,87.1,3/22/2008,0,NA,25.6,8.3
USW00093987,"LUFKIN ANGELINA CO AIRPORT, TX US",31.23593,-94.75468,87.1,3/23/2008,0,NA,19.4,8.9
USW00093987,"LUFKIN ANGELINA CO AIRPORT, TX US",31.23593,-94.75468,87.1,3/24/2008,0,NA,18.9,5
USW00093987,"LUFKIN ANGELINA CO AIRPORT, TX US",31.23593,-94.75468,87.1,3/25/2008,0,NA,23.3,5.6
USW00093987,"LUFKIN ANGELINA CO AIRPORT, TX US",31.23593,-94.75468,87.1,3/26/2008,0,NA,26.1,12.2
USW00093987,"LUFKIN ANGELINA CO AIRPORT, TX US",31.23593,-94.75468,87.1,3/27/2008,0,NA,28.3,16.7
USW00093987,"LUFKIN ANGELINA CO AIRPORT, TX US",31.23593,-94.75468,87.1,3/28/2008,0,NA,26.7,18.3
USW00093987,"LUFKIN ANGELINA CO AIRPORT, TX US",31.23593,-94.75468,87.1,3/29/2008,1.3,NA,28.9,17.2
USW00093987,"LUFKIN ANGELINA CO AIRPORT, TX US",31.23593,-94.75468,87.1,3/30/2008,5.8,NA,25,20
USW00093987,"LUFKIN ANGELINA CO AIRPORT, TX US",31.23593,-94.75468,87.1,3/31/2008,0,NA,28.3,18.9
USW00093987,"LUFKIN ANGELINA CO AIRPORT, TX US",31.23593,-94.75468,87.1,4/1/2008,1.5,NA,31.7,17.8
USW00093987,"LUFKIN ANGELINA CO AIRPORT, TX US",31.23593,-94.75468,87.1,4/2/2008,0,NA,23.9,16.1
USW00093987,"LUFKIN ANGELINA CO AIRPORT, TX US",31.23593,-94.75468,87.1,4/3/2008,0,NA,28.9,18.9
USW00093987,"LUFKIN ANGELINA CO AIRPORT, TX US",31.23593,-94.75468,87.1,4/4/2008,57.4,NA,22.2,12.2
USW00093987,"LUFKIN ANGELINA CO AIRPORT, TX US",31.23593,-94.75468,87.1,4/5/2008,0,NA,20.6,10
USW00093987,"LUFKIN ANGELINA CO AIRPORT, TX US",31.23593,-94.75468,87.1,4/6/2008,0,NA,26.1,7.8
USW00093987,"LUFKIN ANGELINA CO AIRPORT, TX US",31.23593,-94.75468,87.1,4/7/2008,0,NA,28.3,12.2
USW00093987,"LUFKIN ANGELINA CO AIRPORT, TX US",31.23593,-94.75468,87.1,4/8/2008,0,NA,28.9,16.7
USW00093987,"LUFKIN ANGELINA CO AIRPORT, TX US",31.23593,-94.75468,87.1,4/9/2008,0,NA,28.9,20
USW00093987,"LUFKIN ANGELINA CO AIRPORT, TX US",31.23593,-94.75468,87.1,4/10/2008,2.8,NA,24.4,16.1
USW00093987,"LUFKIN ANGELINA CO AIRPORT, TX US",31.23593,-94.75468,87.1,4/11/2008,0,NA,25.6,11.7
USW00093987,"LUFKIN ANGELINA CO AIRPORT, TX US",31.23593,-94.75468,87.1,4/12/2008,0,NA,21.7,7.8
USW00093987,"LUFKIN ANGELINA CO AIRPORT, TX US",31.23593,-94.75468,87.1,4/13/2008,0,NA,20,5.6
USW00093987,"LUFKIN ANGELINA CO AIRPORT, TX US",31.23593,-94.75468,87.1,4/14/2008,0,NA,19.4,1.7
USW00093987,"LUFKIN ANGELINA CO AIRPORT, TX US",31.23593,-94.75468,87.1,4/15/2008,0,NA,22.2,2.8
USW00093987,"LUFKIN ANGELINA CO AIRPORT, TX US",31.23593,-94.75468,87.1,4/16/2008,0,NA,26.1,6.1
USW00093987,"LUFKIN ANGELINA CO AIRPORT, TX US",31.23593,-94.75468,87.1,4/17/2008,0,NA,26.7,12.2
USW00093987,"LUFKIN ANGELINA CO AIRPORT, TX US",31.23593,-94.75468,87.1,4/18/2008,12.7,NA,21.7,8.3
USW00093987,"LUFKIN ANGELINA CO AIRPORT, TX US",31.23593,-94.75468,87.1,4/19/2008,0,NA,27.8,6.1
USW00093987,"LUFKIN ANGELINA CO AIRPORT, TX US",31.23593,-94.75468,87.1,4/20/2008,0,NA,27.2,8.9
USW00093987,"LUFKIN ANGELINA CO AIRPORT, TX US",31.23593,-94.75468,87.1,4/21/2008,0,NA,30,18.3
USW00093987,"LUFKIN ANGELINA CO AIRPORT, TX US",31.23593,-94.75468,87.1,4/22/2008,0.5,NA,30.6,21.1
USW00093987,"LUFKIN ANGELINA CO AIRPORT, TX US",31.23593,-94.75468,87.1,4/23/2008,0.3,NA,30.6,19.4
USW00093987,"LUFKIN ANGELINA CO AIRPORT, TX US",31.23593,-94.75468,87.1,4/24/2008,0,NA,29.4,20.6
USW00093987,"LUFKIN ANGELINA CO AIRPORT, TX US",31.23593,-94.75468,87.1,4/25/2008,0,NA,29.4,20.6
USW00093987,"LUFKIN ANGELINA CO AIRPORT, TX US",31.23593,-94.75468,87.1,4/26/2008,0.3,NA,27.2,18.9
USW00093987,"LUFKIN ANGELINA CO AIRPORT, TX US",31.23593,-94.75468,87.1,4/27/2008,0,NA,22.2,11.1
USW00093987,"LUFKIN ANGELINA CO AIRPORT, TX US",31.23593,-94.75468,87.1,4/28/2008,0,NA,23.9,7.8
USW00093987,"LUFKIN ANGELINA CO AIRPORT, TX US",31.23593,-94.75468,87.1,4/29/2008,0,NA,27.8,7.2
USW00093987,"LUFKIN ANGELINA CO AIRPORT, TX US",31.23593,-94.75468,87.1,4/30/2008,0,NA,28.3,10
USW00093987,"LUFKIN ANGELINA CO AIRPORT, TX US",31.23593,-94.75468,87.1,5/1/2008,0,NA,28.9,20
USW00093987,"LUFKIN ANGELINA CO AIRPORT, TX US",31.23593,-94.75468,87.1,5/2/2008,0,NA,31.7,21.7
USW00093987,"LUFKIN ANGELINA CO AIRPORT, TX US",31.23593,-94.75468,87.1,5/3/2008,0,NA,23.9,11.7
USW00093987,"LUFKIN ANGELINA CO AIRPORT, TX US",31.23593,-94.75468,87.1,5/4/2008,0,NA,27.8,10
USW00093987,"LUFKIN ANGELINA CO AIRPORT, TX US",31.23593,-94.75468,87.1,5/5/2008,5.1,NA,19.4,14.4
USW00093987,"LUFKIN ANGELINA CO AIRPORT, TX US",31.23593,-94.75468,87.1,5/6/2008,0.3,NA,27.2,13.3
USW00093987,"LUFKIN ANGELINA CO AIRPORT, TX US",31.23593,-94.75468,87.1,5/7/2008,0,NA,28.9,19.4
USW00093987,"LUFKIN ANGELINA CO AIRPORT, TX US",31.23593,-94.75468,87.1,5/8/2008,0,NA,29.4,17.2
USW00093987,"LUFKIN ANGELINA CO AIRPORT, TX US",31.23593,-94.75468,87.1,5/9/2008,0,NA,33.9,16.1
USW00093987,"LUFKIN ANGELINA CO AIRPORT, TX US",31.23593,-94.75468,87.1,5/10/2008,0,NA,29.4,21.7
USW00093987,"LUFKIN ANGELINA CO AIRPORT, TX US",31.23593,-94.75468,87.1,5/11/2008,0.5,NA,25.6,11.1
USW00093987,"LUFKIN ANGELINA CO AIRPORT, TX US",31.23593,-94.75468,87.1,5/12/2008,0,NA,27.2,8.9
USW00093987,"LUFKIN ANGELINA CO AIRPORT, TX US",31.23593,-94.75468,87.1,5/13/2008,0.8,NA,27.8,17.8
USW00093987,"LUFKIN ANGELINA CO AIRPORT, TX US",31.23593,-94.75468,87.1,5/14/2008,11.7,NA,25.6,20.6
USW00093987,"LUFKIN ANGELINA CO AIRPORT, TX US",31.23593,-94.75468,87.1,5/15/2008,29.7,NA,25,17.2
USW00093987,"LUFKIN ANGELINA CO AIRPORT, TX US",31.23593,-94.75468,87.1,5/16/2008,0,NA,24.4,12.8
USW00093987,"LUFKIN ANGELINA CO AIRPORT, TX US",31.23593,-94.75468,87.1,5/17/2008,1,NA,23.9,11.1
USW00093987,"LUFKIN ANGELINA CO AIRPORT, TX US",31.23593,-94.75468,87.1,5/18/2008,0,NA,30.6,14.4
USW00093987,"LUFKIN ANGELINA CO AIRPORT, TX US",31.23593,-94.75468,87.1,5/19/2008,0,NA,33.3,14.4
USW00093987,"LUFKIN ANGELINA CO AIRPORT, TX US",31.23593,-94.75468,87.1,5/20/2008,0,NA,34.4,17.2
USW00093987,"LUFKIN ANGELINA CO AIRPORT, TX US",31.23593,-94.75468,87.1,5/21/2008,0,NA,32.8,21.7
USW00093987,"LUFKIN ANGELINA CO AIRPORT, TX US",31.23593,-94.75468,87.1,5/22/2008,1,NA,31.7,22.2
USW00093987,"LUFKIN ANGELINA CO AIRPORT, TX US",31.23593,-94.75468,87.1,5/23/2008,0,NA,33.3,22.8
USW00093987,"LUFKIN ANGELINA CO AIRPORT, TX US",31.23593,-94.75468,87.1,5/24/2008,0,NA,32.8,24.4
USW00093987,"LUFKIN ANGELINA CO AIRPORT, TX US",31.23593,-94.75468,87.1,5/25/2008,0,NA,33.9,23.3
USW00093987,"LUFKIN ANGELINA CO AIRPORT, TX US",31.23593,-94.75468,87.1,5/26/2008,0,NA,33.3,22.8
USW00093987,"LUFKIN ANGELINA CO AIRPORT, TX US",31.23593,-94.75468,87.1,5/27/2008,1,NA,33.3,20
USW00093987,"LUFKIN ANGELINA CO AIRPORT, TX US",31.23593,-94.75468,87.1,5/28/2008,0,NA,32.8,18.9
USW00093987,"LUFKIN ANGELINA CO AIRPORT, TX US",31.23593,-94.75468,87.1,5/29/2008,0,NA,32.8,20
USW00093987,"LUFKIN ANGELINA CO AIRPORT, TX US",31.23593,-94.75468,87.1,5/30/2008,0,NA,33.3,18.9
USW00093987,"LUFKIN ANGELINA CO AIRPORT, TX US",31.23593,-94.75468,87.1,5/31/2008,0,NA,33.3,18.9
USW00093987,"LUFKIN ANGELINA CO AIRPORT, TX US",31.23593,-94.75468,87.1,6/1/2008,0,NA,34.4,23.3
USW00093987,"LUFKIN ANGELINA CO AIRPORT, TX US",31.23593,-94.75468,87.1,6/2/2008,0,NA,34.4,21.1
USW00093987,"LUFKIN ANGELINA CO AIRPORT, TX US",31.23593,-94.75468,87.1,6/3/2008,0,NA,35,23.3
USW00093987,"LUFKIN ANGELINA CO AIRPORT, TX US",31.23593,-94.75468,87.1,6/4/2008,0,NA,33.9,23.9
USW00093987,"LUFKIN ANGELINA CO AIRPORT, TX US",31.23593,-94.75468,87.1,6/5/2008,1,NA,33.9,25.6
USW00093987,"LUFKIN ANGELINA CO AIRPORT, TX US",31.23593,-94.75468,87.1,6/6/2008,0.3,NA,34.4,25
USW00093987,"LUFKIN ANGELINA CO AIRPORT, TX US",31.23593,-94.75468,87.1,6/7/2008,0,NA,35.6,23.9
USW00093987,"LUFKIN ANGELINA CO AIRPORT, TX US",31.23593,-94.75468,87.1,6/8/2008,0,NA,35.6,23.3
USW00093987,"LUFKIN ANGELINA CO AIRPORT, TX US",31.23593,-94.75468,87.1,6/9/2008,0,NA,35.6,23.3
USW00093987,"LUFKIN ANGELINA CO AIRPORT, TX US",31.23593,-94.75468,87.1,6/10/2008,73.9,NA,27.8,20
USW00093987,"LUFKIN ANGELINA CO AIRPORT, TX US",31.23593,-94.75468,87.1,6/11/2008,0,NA,33.3,21.1
USW00093987,"LUFKIN ANGELINA CO AIRPORT, TX US",31.23593,-94.75468,87.1,6/12/2008,0,NA,33.9,21.1
USW00093987,"LUFKIN ANGELINA CO AIRPORT, TX US",31.23593,-94.75468,87.1,6/13/2008,0,NA,33.9,22.2
USW00093987,"LUFKIN ANGELINA CO AIRPORT, TX US",31.23593,-94.75468,87.1,6/14/2008,0,NA,32.2,22.2
USW00093987,"LUFKIN ANGELINA CO AIRPORT, TX US",31.23593,-94.75468,87.1,6/15/2008,0,NA,35,22.2
USW00093987,"LUFKIN ANGELINA CO AIRPORT, TX US",31.23593,-94.75468,87.1,6/16/2008,0,NA,35.6,22.2
USW00093987,"LUFKIN ANGELINA CO AIRPORT, TX US",31.23593,-94.75468,87.1,6/17/2008,1,NA,34.4,21.1
USW00093987,"LUFKIN ANGELINA CO AIRPORT, TX US",31.23593,-94.75468,87.1,6/18/2008,0,NA,33.9,20
USW00093987,"LUFKIN ANGELINA CO AIRPORT, TX US",31.23593,-94.75468,87.1,6/19/2008,4.1,NA,31.7,21.7
USW00093987,"LUFKIN ANGELINA CO AIRPORT, TX US",31.23593,-94.75468,87.1,6/20/2008,0,NA,33.9,21.1
USW00093987,"LUFKIN ANGELINA CO AIRPORT, TX US",31.23593,-94.75468,87.1,6/21/2008,3.3,NA,32.2,22.2
USW00093987,"LUFKIN ANGELINA CO AIRPORT, TX US",31.23593,-94.75468,87.1,6/22/2008,0,NA,33.3,19.4
USW00093987,"LUFKIN ANGELINA CO AIRPORT, TX US",31.23593,-94.75468,87.1,6/23/2008,0,NA,35,18.9
USW00093987,"LUFKIN ANGELINA CO AIRPORT, TX US",31.23593,-94.75468,87.1,6/24/2008,0,NA,31.7,20.6
USW00093987,"LUFKIN ANGELINA CO AIRPORT, TX US",31.23593,-94.75468,87.1,6/25/2008,26.7,NA,34.4,21.1
USW00093987,"LUFKIN ANGELINA CO AIRPORT, TX US",31.23593,-94.75468,87.1,6/26/2008,1.5,NA,32.8,20.6
USW00093987,"LUFKIN ANGELINA CO AIRPORT, TX US",31.23593,-94.75468,87.1,6/27/2008,1,NA,32.8,21.1
USW00093987,"LUFKIN ANGELINA CO AIRPORT, TX US",31.23593,-94.75468,87.1,6/28/2008,0,NA,34.4,22.2
USW00093987,"LUFKIN ANGELINA CO AIRPORT, TX US",31.23593,-94.75468,87.1,6/29/2008,17.5,NA,32.2,21.7
USW00093987,"LUFKIN ANGELINA CO AIRPORT, TX US",31.23593,-94.75468,87.1,6/30/2008,0,NA,31.7,20
USW00093987,"LUFKIN ANGELINA CO AIRPORT, TX US",31.23593,-94.75468,87.1,7/1/2008,0,NA,33.3,18.3
USW00093987,"LUFKIN ANGELINA CO AIRPORT, TX US",31.23593,-94.75468,87.1,7/2/2008,0,NA,33.9,18.9
USW00093987,"LUFKIN ANGELINA CO AIRPORT, TX US",31.23593,-94.75468,87.1,7/3/2008,0,NA,34.4,21.1
USW00093987,"LUFKIN ANGELINA CO AIRPORT, TX US",31.23593,-94.75468,87.1,7/4/2008,0,NA,33.9,21.1
USW00093987,"LUFKIN ANGELINA CO AIRPORT, TX US",31.23593,-94.75468,87.1,7/5/2008,0,NA,34.4,20
USW00093987,"LUFKIN ANGELINA CO AIRPORT, TX US",31.23593,-94.75468,87.1,7/6/2008,0,NA,33.9,21.1
USW00093987,"LUFKIN ANGELINA CO AIRPORT, TX US",31.23593,-94.75468,87.1,7/7/2008,0,NA,35.6,21.1
USW00093987,"LUFKIN ANGELINA CO AIRPORT, TX US",31.23593,-94.75468,87.1,7/8/2008,0.8,NA,35,21.7
USW00093987,"LUFKIN ANGELINA CO AIRPORT, TX US",31.23593,-94.75468,87.1,7/9/2008,2,NA,36.1,22.2
USW00093987,"LUFKIN ANGELINA CO AIRPORT, TX US",31.23593,-94.75468,87.1,7/10/2008,0,NA,34.4,22.2
USW00093987,"LUFKIN ANGELINA CO AIRPORT, TX US",31.23593,-94.75468,87.1,7/11/2008,0,NA,35.6,22.8
USW00093987,"LUFKIN ANGELINA CO AIRPORT, TX US",31.23593,-94.75468,87.1,7/12/2008,0,NA,37.2,23.3
USW00093987,"LUFKIN ANGELINA CO AIRPORT, TX US",31.23593,-94.75468,87.1,7/13/2008,0,NA,36.1,21.7
USW00093987,"LUFKIN ANGELINA CO AIRPORT, TX US",31.23593,-94.75468,87.1,7/14/2008,50.8,NA,32.2,21.7
USW00093987,"LUFKIN ANGELINA CO AIRPORT, TX US",31.23593,-94.75468,87.1,7/15/2008,0,NA,33.3,21.7
USW00093987,"LUFKIN ANGELINA CO AIRPORT, TX US",31.23593,-94.75468,87.1,7/16/2008,0,NA,35.6,22.8
USW00093987,"LUFKIN ANGELINA CO AIRPORT, TX US",31.23593,-94.75468,87.1,7/17/2008,0,NA,35,21.7
USW00093987,"LUFKIN ANGELINA CO AIRPORT, TX US",31.23593,-94.75468,87.1,7/18/2008,0,NA,35.6,20.6
USW00093987,"LUFKIN ANGELINA CO AIRPORT, TX US",31.23593,-94.75468,87.1,7/19/2008,1.3,NA,35.6,21.7
USW00093987,"LUFKIN ANGELINA CO AIRPORT, TX US",31.23593,-94.75468,87.1,7/20/2008,0,NA,36.1,22.2
USW00093987,"LUFKIN ANGELINA CO AIRPORT, TX US",31.23593,-94.75468,87.1,7/21/2008,0,NA,36.7,22.8
USW00093987,"LUFKIN ANGELINA CO AIRPORT, TX US",31.23593,-94.75468,87.1,7/22/2008,0,NA,36.7,22.8
USW00093987,"LUFKIN ANGELINA CO AIRPORT, TX US",31.23593,-94.75468,87.1,7/23/2008,0,NA,35.6,23.3
USW00093987,"LUFKIN ANGELINA CO AIRPORT, TX US",31.23593,-94.75468,87.1,7/24/2008,0,NA,31.7,22.8
USW00093987,"LUFKIN ANGELINA CO AIRPORT, TX US",31.23593,-94.75468,87.1,7/25/2008,0,NA,35,22.8
USW00093987,"LUFKIN ANGELINA CO AIRPORT, TX US",31.23593,-94.75468,87.1,7/26/2008,0,NA,37.2,23.9
USW00093987,"LUFKIN ANGELINA CO AIRPORT, TX US",31.23593,-94.75468,87.1,7/27/2008,0,NA,38.9,22.8
USW00093987,"LUFKIN ANGELINA CO AIRPORT, TX US",31.23593,-94.75468,87.1,7/28/2008,0,NA,38.3,20.6
USW00093987,"LUFKIN ANGELINA CO AIRPORT, TX US",31.23593,-94.75468,87.1,7/29/2008,0,NA,36.7,22.2
USW00093987,"LUFKIN ANGELINA CO AIRPORT, TX US",31.23593,-94.75468,87.1,7/30/2008,0,NA,37.2,23.3
USW00093987,"LUFKIN ANGELINA CO AIRPORT, TX US",31.23593,-94.75468,87.1,7/31/2008,0,NA,37.8,24.4
USW00093987,"LUFKIN ANGELINA CO AIRPORT, TX US",31.23593,-94.75468,87.1,8/1/2008,0,NA,37.8,25
USW00093987,"LUFKIN ANGELINA CO AIRPORT, TX US",31.23593,-94.75468,87.1,8/2/2008,0,NA,39.4,24.4
USW00093987,"LUFKIN ANGELINA CO AIRPORT, TX US",31.23593,-94.75468,87.1,8/3/2008,15.5,NA,39.4,22.8
USW00093987,"LUFKIN ANGELINA CO AIRPORT, TX US",31.23593,-94.75468,87.1,8/4/2008,0,NA,37.2,21.7
USW00093987,"LUFKIN ANGELINA CO AIRPORT, TX US",31.23593,-94.75468,87.1,8/5/2008,1,NA,27.8,23.3
USW00093987,"LUFKIN ANGELINA CO AIRPORT, TX US",31.23593,-94.75468,87.1,8/6/2008,0,NA,32.8,23.9
USW00093987,"LUFKIN ANGELINA CO AIRPORT, TX US",31.23593,-94.75468,87.1,8/7/2008,0,NA,36.1,22.8
USW00093987,"LUFKIN ANGELINA CO AIRPORT, TX US",31.23593,-94.75468,87.1,8/8/2008,0,NA,33.9,23.3
USW00093987,"LUFKIN ANGELINA CO AIRPORT, TX US",31.23593,-94.75468,87.1,8/9/2008,3,NA,35.6,22.8
USW00093987,"LUFKIN ANGELINA CO AIRPORT, TX US",31.23593,-94.75468,87.1,8/10/2008,0,NA,36.1,25
USW00093987,"LUFKIN ANGELINA CO AIRPORT, TX US",31.23593,-94.75468,87.1,8/11/2008,0,NA,35.6,25
USW00093987,"LUFKIN ANGELINA CO AIRPORT, TX US",31.23593,-94.75468,87.1,8/12/2008,40.4,NA,30,23.3
USW00093987,"LUFKIN ANGELINA CO AIRPORT, TX US",31.23593,-94.75468,87.1,8/13/2008,0,NA,33.9,22.8
USW00093987,"LUFKIN ANGELINA CO AIRPORT, TX US",31.23593,-94.75468,87.1,8/14/2008,0,NA,35,21.7
USW00093987,"LUFKIN ANGELINA CO AIRPORT, TX US",31.23593,-94.75468,87.1,8/15/2008,2,NA,33.9,22.8
USW00093987,"LUFKIN ANGELINA CO AIRPORT, TX US",31.23593,-94.75468,87.1,8/16/2008,0.8,NA,32.2,21.7
USW00093987,"LUFKIN ANGELINA CO AIRPORT, TX US",31.23593,-94.75468,87.1,8/17/2008,0,NA,31.1,21.7
USW00093987,"LUFKIN ANGELINA CO AIRPORT, TX US",31.23593,-94.75468,87.1,8/18/2008,32,NA,33.3,22.2
USW00093987,"LUFKIN ANGELINA CO AIRPORT, TX US",31.23593,-94.75468,87.1,8/19/2008,14.7,NA,25.6,22.2
USW00093987,"LUFKIN ANGELINA CO AIRPORT, TX US",31.23593,-94.75468,87.1,8/20/2008,27.2,NA,30,21.7
USW00093987,"LUFKIN ANGELINA CO AIRPORT, TX US",31.23593,-94.75468,87.1,8/21/2008,23.1,NA,29.4,23.3
USW00093987,"LUFKIN ANGELINA CO AIRPORT, TX US",31.23593,-94.75468,87.1,8/22/2008,0,NA,33.3,23.3
USW00093987,"LUFKIN ANGELINA CO AIRPORT, TX US",31.23593,-94.75468,87.1,8/23/2008,29.2,NA,34.4,22.2
USW00093987,"LUFKIN ANGELINA CO AIRPORT, TX US",31.23593,-94.75468,87.1,8/24/2008,0,NA,32.8,21.7
USW00093987,"LUFKIN ANGELINA CO AIRPORT, TX US",31.23593,-94.75468,87.1,8/25/2008,0,NA,32.8,22.2
USW00093987,"LUFKIN ANGELINA CO AIRPORT, TX US",31.23593,-94.75468,87.1,8/26/2008,0,NA,33.9,21.7
USW00093987,"LUFKIN ANGELINA CO AIRPORT, TX US",31.23593,-94.75468,87.1,8/27/2008,0.3,NA,35,22.2
USW00093987,"LUFKIN ANGELINA CO AIRPORT, TX US",31.23593,-94.75468,87.1,8/28/2008,0,NA,34.4,22.8
USW00093987,"LUFKIN ANGELINA CO AIRPORT, TX US",31.23593,-94.75468,87.1,8/29/2008,0,NA,34.4,23.3
USW00093987,"LUFKIN ANGELINA CO AIRPORT, TX US",31.23593,-94.75468,87.1,8/30/2008,0,NA,33.9,22.2
USW00093987,"LUFKIN ANGELINA CO AIRPORT, TX US",31.23593,-94.75468,87.1,8/31/2008,0,NA,33.9,23.9
USW00093987,"LUFKIN ANGELINA CO AIRPORT, TX US",31.23593,-94.75468,87.1,9/1/2008,2.5,NA,32.2,23.9
USW00093987,"LUFKIN ANGELINA CO AIRPORT, TX US",31.23593,-94.75468,87.1,9/2/2008,13.2,NA,27.8,23.9
USW00093987,"LUFKIN ANGELINA CO AIRPORT, TX US",31.23593,-94.75468,87.1,9/3/2008,0.3,NA,26.7,23.3
USW00093987,"LUFKIN ANGELINA CO AIRPORT, TX US",31.23593,-94.75468,87.1,9/4/2008,0,NA,30,20
USW00093987,"LUFKIN ANGELINA CO AIRPORT, TX US",31.23593,-94.75468,87.1,9/5/2008,0,NA,30.6,18.9
USW00093987,"LUFKIN ANGELINA CO AIRPORT, TX US",31.23593,-94.75468,87.1,9/6/2008,0,NA,30.6,16.1
USW00093987,"LUFKIN ANGELINA CO AIRPORT, TX US",31.23593,-94.75468,87.1,9/7/2008,0,NA,31.1,18.3
USW00093987,"LUFKIN ANGELINA CO AIRPORT, TX US",31.23593,-94.75468,87.1,9/8/2008,2.8,NA,32.8,20
USW00093987,"LUFKIN ANGELINA CO AIRPORT, TX US",31.23593,-94.75468,87.1,9/9/2008,0,NA,33.3,22.2
USW00093987,"LUFKIN ANGELINA CO AIRPORT, TX US",31.23593,-94.75468,87.1,9/10/2008,0,NA,33.3,21.7
USW00093987,"LUFKIN ANGELINA CO AIRPORT, TX US",31.23593,-94.75468,87.1,9/11/2008,0,NA,35,23.3
USW00093987,"LUFKIN ANGELINA CO AIRPORT, TX US",31.23593,-94.75468,87.1,9/12/2008,0.3,NA,32.2,24.4
USW00093987,"LUFKIN ANGELINA CO AIRPORT, TX US",31.23593,-94.75468,87.1,9/13/2008,65.8,NA,27.8,25
USW00093987,"LUFKIN ANGELINA CO AIRPORT, TX US",31.23593,-94.75468,87.1,9/14/2008,NA,NA,NA,NA
USW00093987,"LUFKIN ANGELINA CO AIRPORT, TX US",31.23593,-94.75468,87.1,9/15/2008,0,NA,27.8,15
USW00093987,"LUFKIN ANGELINA CO AIRPORT, TX US",31.23593,-94.75468,87.1,9/16/2008,0,NA,25.6,13.9
USW00093987,"LUFKIN ANGELINA CO AIRPORT, TX US",31.23593,-94.75468,87.1,9/17/2008,0,NA,26.1,13.3
USW00093987,"LUFKIN ANGELINA CO AIRPORT, TX US",31.23593,-94.75468,87.1,9/18/2008,0,NA,26.1,15
USW00093987,"LUFKIN ANGELINA CO AIRPORT, TX US",31.23593,-94.75468,87.1,9/19/2008,0,NA,29.4,15.6
USW00093987,"LUFKIN ANGELINA CO AIRPORT, TX US",31.23593,-94.75468,87.1,9/20/2008,0,NA,30.6,17.2
USW00093987,"LUFKIN ANGELINA CO AIRPORT, TX US",31.23593,-94.75468,87.1,9/21/2008,0,NA,30,18.9
USW00093987,"LUFKIN ANGELINA CO AIRPORT, TX US",31.23593,-94.75468,87.1,9/22/2008,0,NA,31.1,19.4
USW00093987,"LUFKIN ANGELINA CO AIRPORT, TX US",31.23593,-94.75468,87.1,9/23/2008,0,NA,31.7,19.4
USW00093987,"LUFKIN ANGELINA CO AIRPORT, TX US",31.23593,-94.75468,87.1,9/24/2008,0,NA,31.1,19.4
USW00093987,"LUFKIN ANGELINA CO AIRPORT, TX US",31.23593,-94.75468,87.1,9/25/2008,0,NA,30,16.7
USW00093987,"LUFKIN ANGELINA CO AIRPORT, TX US",31.23593,-94.75468,87.1,9/26/2008,0,NA,30.6,15
USW00093987,"LUFKIN ANGELINA CO AIRPORT, TX US",31.23593,-94.75468,87.1,9/27/2008,0,NA,30.6,12.2
USW00093987,"LUFKIN ANGELINA CO AIRPORT, TX US",31.23593,-94.75468,87.1,9/28/2008,0,NA,30.6,12.8
USW00093987,"LUFKIN ANGELINA CO AIRPORT, TX US",31.23593,-94.75468,87.1,9/29/2008,0,NA,31.1,13.3
USW00093987,"LUFKIN ANGELINA CO AIRPORT, TX US",31.23593,-94.75468,87.1,9/30/2008,0,NA,30.6,13.9
USW00093987,"LUFKIN ANGELINA CO AIRPORT, TX US",31.23593,-94.75468,87.1,10/1/2008,0,NA,28.3,11.1
USW00093987,"LUFKIN ANGELINA CO AIRPORT, TX US",31.23593,-94.75468,87.1,10/2/2008,0,NA,30,10.6
USW00093987,"LUFKIN ANGELINA CO AIRPORT, TX US",31.23593,-94.75468,87.1,10/3/2008,0,NA,30.6,14.4
USW00093987,"LUFKIN ANGELINA CO AIRPORT, TX US",31.23593,-94.75468,87.1,10/4/2008,0,NA,31.1,16.7
USW00093987,"LUFKIN ANGELINA CO AIRPORT, TX US",31.23593,-94.75468,87.1,10/5/2008,0,NA,29.4,15
USW00093987,"LUFKIN ANGELINA CO AIRPORT, TX US",31.23593,-94.75468,87.1,10/6/2008,0.3,NA,31.7,20
USW00093987,"LUFKIN ANGELINA CO AIRPORT, TX US",31.23593,-94.75468,87.1,10/7/2008,5.8,NA,29.4,12.8
USW00093987,"LUFKIN ANGELINA CO AIRPORT, TX US",31.23593,-94.75468,87.1,10/8/2008,0,NA,27.2,10.6
USW00093987,"LUFKIN ANGELINA CO AIRPORT, TX US",31.23593,-94.75468,87.1,10/9/2008,0,NA,27.8,8.9
USW00093987,"LUFKIN ANGELINA CO AIRPORT, TX US",31.23593,-94.75468,87.1,10/10/2008,0,NA,28.9,12.8
USW00093987,"LUFKIN ANGELINA CO AIRPORT, TX US",31.23593,-94.75468,87.1,10/11/2008,0,NA,30,15
USW00093987,"LUFKIN ANGELINA CO AIRPORT, TX US",31.23593,-94.75468,87.1,10/12/2008,0,NA,30,16.7
USW00093987,"LUFKIN ANGELINA CO AIRPORT, TX US",31.23593,-94.75468,87.1,10/13/2008,0,NA,30.6,20
USW00093987,"LUFKIN ANGELINA CO AIRPORT, TX US",31.23593,-94.75468,87.1,10/14/2008,0,NA,30,21.1
USW00093987,"LUFKIN ANGELINA CO AIRPORT, TX US",31.23593,-94.75468,87.1,10/15/2008,40.9,NA,27.8,22.2
USW00093987,"LUFKIN ANGELINA CO AIRPORT, TX US",31.23593,-94.75468,87.1,10/16/2008,13.7,NA,22.8,16.7
USW00093987,"LUFKIN ANGELINA CO AIRPORT, TX US",31.23593,-94.75468,87.1,10/17/2008,0,NA,25,12.8
USW00093987,"LUFKIN ANGELINA CO AIRPORT, TX US",31.23593,-94.75468,87.1,10/18/2008,0,NA,26.7,9.4
USW00093987,"LUFKIN ANGELINA CO AIRPORT, TX US",31.23593,-94.75468,87.1,10/19/2008,0,NA,25,10
USW00093987,"LUFKIN ANGELINA CO AIRPORT, TX US",31.23593,-94.75468,87.1,10/20/2008,0,NA,26.7,9.4
USW00093987,"LUFKIN ANGELINA CO AIRPORT, TX US",31.23593,-94.75468,87.1,10/21/2008,0,NA,27.2,10.6
USW00093987,"LUFKIN ANGELINA CO AIRPORT, TX US",31.23593,-94.75468,87.1,10/22/2008,0,NA,26.7,11.1
USW00093987,"LUFKIN ANGELINA CO AIRPORT, TX US",31.23593,-94.75468,87.1,10/23/2008,0.3,NA,20,6.1
USW00093987,"LUFKIN ANGELINA CO AIRPORT, TX US",31.23593,-94.75468,87.1,10/24/2008,0,NA,25,3.3
USW00093987,"LUFKIN ANGELINA CO AIRPORT, TX US",31.23593,-94.75468,87.1,10/25/2008,0,NA,26.7,6.1
USW00093987,"LUFKIN ANGELINA CO AIRPORT, TX US",31.23593,-94.75468,87.1,10/26/2008,0,NA,28.3,8.3
USW00093987,"LUFKIN ANGELINA CO AIRPORT, TX US",31.23593,-94.75468,87.1,10/27/2008,0,NA,20.6,2.2
USW00093987,"LUFKIN ANGELINA CO AIRPORT, TX US",31.23593,-94.75468,87.1,10/28/2008,0,NA,18.3,-1.1
USW00093987,"LUFKIN ANGELINA CO AIRPORT, TX US",31.23593,-94.75468,87.1,10/29/2008,0,NA,22.8,3.3
USW00093987,"LUFKIN ANGELINA CO AIRPORT, TX US",31.23593,-94.75468,87.1,10/30/2008,0,NA,25.6,5.6
USW00093987,"LUFKIN ANGELINA CO AIRPORT, TX US",31.23593,-94.75468,87.1,10/31/2008,0,NA,26.1,7.8
USW00093987,"LUFKIN ANGELINA CO AIRPORT, TX US",31.23593,-94.75468,87.1,11/1/2008,0,NA,24.4,12.2
USW00093987,"LUFKIN ANGELINA CO AIRPORT, TX US",31.23593,-94.75468,87.1,11/2/2008,0,NA,26.1,10
USW00093987,"LUFKIN ANGELINA CO AIRPORT, TX US",31.23593,-94.75468,87.1,11/3/2008,0,NA,25,8.3
USW00093987,"LUFKIN ANGELINA CO AIRPORT, TX US",31.23593,-94.75468,87.1,11/4/2008,0,NA,25.6,7.2
USW00093987,"LUFKIN ANGELINA CO AIRPORT, TX US",31.23593,-94.75468,87.1,11/5/2008,0,NA,28.3,14.4
USW00093987,"LUFKIN ANGELINA CO AIRPORT, TX US",31.23593,-94.75468,87.1,11/6/2008,0,NA,26.1,16.7
USW00093987,"LUFKIN ANGELINA CO AIRPORT, TX US",31.23593,-94.75468,87.1,11/7/2008,0,NA,22.8,5.6
USW00093987,"LUFKIN ANGELINA CO AIRPORT, TX US",31.23593,-94.75468,87.1,11/8/2008,0,NA,25,2.8
USW00093987,"LUFKIN ANGELINA CO AIRPORT, TX US",31.23593,-94.75468,87.1,11/9/2008,0,NA,23.3,4.4
USW00093987,"LUFKIN ANGELINA CO AIRPORT, TX US",31.23593,-94.75468,87.1,11/10/2008,6.9,NA,16.7,9.4
USW00093987,"LUFKIN ANGELINA CO AIRPORT, TX US",31.23593,-94.75468,87.1,11/11/2008,44.2,NA,21.7,15.6
USW00093987,"LUFKIN ANGELINA CO AIRPORT, TX US",31.23593,-94.75468,87.1,11/12/2008,13.5,NA,18.9,11.1
USW00093987,"LUFKIN ANGELINA CO AIRPORT, TX US",31.23593,-94.75468,87.1,11/13/2008,0,NA,20.6,11.7
USW00093987,"LUFKIN ANGELINA CO AIRPORT, TX US",31.23593,-94.75468,87.1,11/14/2008,0,NA,23.9,13.9
USW00093987,"LUFKIN ANGELINA CO AIRPORT, TX US",31.23593,-94.75468,87.1,11/15/2008,0,NA,13.9,3.9
USW00093987,"LUFKIN ANGELINA CO AIRPORT, TX US",31.23593,-94.75468,87.1,11/16/2008,0,NA,15.6,-1.1
USW00093987,"LUFKIN ANGELINA CO AIRPORT, TX US",31.23593,-94.75468,87.1,11/17/2008,0,NA,23.3,1.7
USW00093987,"LUFKIN ANGELINA CO AIRPORT, TX US",31.23593,-94.75468,87.1,11/18/2008,0,NA,17.2,4.4
USW00093987,"LUFKIN ANGELINA CO AIRPORT, TX US",31.23593,-94.75468,87.1,11/19/2008,0,NA,22.2,2.2
USW00093987,"LUFKIN ANGELINA CO AIRPORT, TX US",31.23593,-94.75468,87.1,11/20/2008,0,NA,25,7.2
USW00093987,"LUFKIN ANGELINA CO AIRPORT, TX US",31.23593,-94.75468,87.1,11/21/2008,0,NA,12.2,0.6
USW00093987,"LUFKIN ANGELINA CO AIRPORT, TX US",31.23593,-94.75468,87.1,11/22/2008,0,NA,15,1.1
USW00093987,"LUFKIN ANGELINA CO AIRPORT, TX US",31.23593,-94.75468,87.1,11/23/2008,0,NA,23.3,11.1
USW00093987,"LUFKIN ANGELINA CO AIRPORT, TX US",31.23593,-94.75468,87.1,11/24/2008,2,NA,23.9,5.6
USW00093987,"LUFKIN ANGELINA CO AIRPORT, TX US",31.23593,-94.75468,87.1,11/25/2008,0,NA,18.3,-0.6
USW00093987,"LUFKIN ANGELINA CO AIRPORT, TX US",31.23593,-94.75468,87.1,11/26/2008,0,NA,21.1,1.7
USW00093987,"LUFKIN ANGELINA CO AIRPORT, TX US",31.23593,-94.75468,87.1,11/27/2008,0,NA,22.8,12.2
USW00093987,"LUFKIN ANGELINA CO AIRPORT, TX US",31.23593,-94.75468,87.1,11/28/2008,24.6,NA,26.1,16.1
USW00093987,"LUFKIN ANGELINA CO AIRPORT, TX US",31.23593,-94.75468,87.1,11/29/2008,0,NA,16.1,10
USW00093987,"LUFKIN ANGELINA CO AIRPORT, TX US",31.23593,-94.75468,87.1,11/30/2008,0,NA,13.9,3.3
USW00093987,"LUFKIN ANGELINA CO AIRPORT, TX US",31.23593,-94.75468,87.1,12/1/2008,0,NA,11.1,-2.2
USW00093987,"LUFKIN ANGELINA CO AIRPORT, TX US",31.23593,-94.75468,87.1,12/2/2008,0,NA,17.2,-2.8
USW00093987,"LUFKIN ANGELINA CO AIRPORT, TX US",31.23593,-94.75468,87.1,12/3/2008,4.1,NA,24.4,10
USW00093987,"LUFKIN ANGELINA CO AIRPORT, TX US",31.23593,-94.75468,87.1,12/4/2008,0,NA,13.3,3.9
USW00093987,"LUFKIN ANGELINA CO AIRPORT, TX US",31.23593,-94.75468,87.1,12/5/2008,0,NA,10.6,0
USW00093987,"LUFKIN ANGELINA CO AIRPORT, TX US",31.23593,-94.75468,87.1,12/6/2008,0,NA,15.6,-2.8
USW00093987,"LUFKIN ANGELINA CO AIRPORT, TX US",31.23593,-94.75468,87.1,12/7/2008,0,NA,18.3,-0.6
USW00093987,"LUFKIN ANGELINA CO AIRPORT, TX US",31.23593,-94.75468,87.1,12/8/2008,0,NA,21.7,4.4
USW00093987,"LUFKIN ANGELINA CO AIRPORT, TX US",31.23593,-94.75468,87.1,12/9/2008,20.8,NA,24.4,3.9
USW00093987,"LUFKIN ANGELINA CO AIRPORT, TX US",31.23593,-94.75468,87.1,12/10/2008,8.6,NA,3.9,-0.6
USW00093987,"LUFKIN ANGELINA CO AIRPORT, TX US",31.23593,-94.75468,87.1,12/11/2008,1.3,NA,11.7,-1.7
USW00093987,"LUFKIN ANGELINA CO AIRPORT, TX US",31.23593,-94.75468,87.1,12/12/2008,0,NA,17.2,-2.2
USW00093987,"LUFKIN ANGELINA CO AIRPORT, TX US",31.23593,-94.75468,87.1,12/13/2008,0,NA,17.8,0.6
USW00093987,"LUFKIN ANGELINA CO AIRPORT, TX US",31.23593,-94.75468,87.1,12/14/2008,0.5,NA,23.3,14.4
USW00093987,"LUFKIN ANGELINA CO AIRPORT, TX US",31.23593,-94.75468,87.1,12/15/2008,1,NA,17.2,3.3
USW00093987,"LUFKIN ANGELINA CO AIRPORT, TX US",31.23593,-94.75468,87.1,12/16/2008,0,NA,4.4,1.1
USW00093987,"LUFKIN ANGELINA CO AIRPORT, TX US",31.23593,-94.75468,87.1,12/17/2008,0,NA,13.9,4.4
USW00093987,"LUFKIN ANGELINA CO AIRPORT, TX US",31.23593,-94.75468,87.1,12/18/2008,0,NA,22.2,11.7
USW00093987,"LUFKIN ANGELINA CO AIRPORT, TX US",31.23593,-94.75468,87.1,12/19/2008,1,NA,26.1,17.8
USW00093987,"LUFKIN ANGELINA CO AIRPORT, TX US",31.23593,-94.75468,87.1,12/20/2008,0,NA,23.3,12.2
USW00093987,"LUFKIN ANGELINA CO AIRPORT, TX US",31.23593,-94.75468,87.1,12/21/2008,0,NA,12.2,0
USW00093987,"LUFKIN ANGELINA CO AIRPORT, TX US",31.23593,-94.75468,87.1,12/22/2008,0,NA,2.2,-2.8
USW00093987,"LUFKIN ANGELINA CO AIRPORT, TX US",31.23593,-94.75468,87.1,12/23/2008,6.4,NA,19.4,2.2
USW00093987,"LUFKIN ANGELINA CO AIRPORT, TX US",31.23593,-94.75468,87.1,12/24/2008,0,NA,21.1,10.6
USW00093987,"LUFKIN ANGELINA CO AIRPORT, TX US",31.23593,-94.75468,87.1,12/25/2008,0,NA,20,10
USW00093987,"LUFKIN ANGELINA CO AIRPORT, TX US",31.23593,-94.75468,87.1,12/26/2008,3.3,NA,22.8,20
USW00093987,"LUFKIN ANGELINA CO AIRPORT, TX US",31.23593,-94.75468,87.1,12/27/2008,2.8,NA,22.8,7.8
USW00093987,"LUFKIN ANGELINA CO AIRPORT, TX US",31.23593,-94.75468,87.1,12/28/2008,2.8,NA,10,2.2
USW00093987,"LUFKIN ANGELINA CO AIRPORT, TX US",31.23593,-94.75468,87.1,12/29/2008,0,NA,17.8,-0.6
USW00093987,"LUFKIN ANGELINA CO AIRPORT, TX US",31.23593,-94.75468,87.1,12/30/2008,0,NA,18.3,-1.1
USW00093987,"LUFKIN ANGELINA CO AIRPORT, TX US",31.23593,-94.75468,87.1,12/31/2008,0,NA,15.6,2.8
USW00093987,"LUFKIN ANGELINA CO AIRPORT, TX US",31.23593,-94.75468,87.1,1/1/2009,0,NA,18.3,-1.1
USW00093987,"LUFKIN ANGELINA CO AIRPORT, TX US",31.23593,-94.75468,87.1,1/2/2009,0,NA,21.7,15
USW00093987,"LUFKIN ANGELINA CO AIRPORT, TX US",31.23593,-94.75468,87.1,1/3/2009,0.3,NA,27.2,18.3
USW00093987,"LUFKIN ANGELINA CO AIRPORT, TX US",31.23593,-94.75468,87.1,1/4/2009,0,NA,22.2,7.8
USW00093987,"LUFKIN ANGELINA CO AIRPORT, TX US",31.23593,-94.75468,87.1,1/5/2009,13,NA,7.8,3.9
USW00093987,"LUFKIN ANGELINA CO AIRPORT, TX US",31.23593,-94.75468,87.1,1/6/2009,19.6,NA,13.9,4.4
USW00093987,"LUFKIN ANGELINA CO AIRPORT, TX US",31.23593,-94.75468,87.1,1/7/2009,0,NA,18.9,-1.1
USW00093987,"LUFKIN ANGELINA CO AIRPORT, TX US",31.23593,-94.75468,87.1,1/8/2009,0,NA,24.4,3.9
USW00093987,"LUFKIN ANGELINA CO AIRPORT, TX US",31.23593,-94.75468,87.1,1/9/2009,0,NA,23.9,8.9
USW00093987,"LUFKIN ANGELINA CO AIRPORT, TX US",31.23593,-94.75468,87.1,1/10/2009,0.5,NA,21.1,4.4
USW00093987,"LUFKIN ANGELINA CO AIRPORT, TX US",31.23593,-94.75468,87.1,1/11/2009,0,NA,14.4,0.6
USW00093987,"LUFKIN ANGELINA CO AIRPORT, TX US",31.23593,-94.75468,87.1,1/12/2009,0,NA,16.7,-2.8
USW00093987,"LUFKIN ANGELINA CO AIRPORT, TX US",31.23593,-94.75468,87.1,1/13/2009,0,NA,10,-2.8
USW00093987,"LUFKIN ANGELINA CO AIRPORT, TX US",31.23593,-94.75468,87.1,1/14/2009,0,NA,16.1,-4.4
USW00093987,"LUFKIN ANGELINA CO AIRPORT, TX US",31.23593,-94.75468,87.1,1/15/2009,0,NA,12.8,-0.6
USW00093987,"LUFKIN ANGELINA CO AIRPORT, TX US",31.23593,-94.75468,87.1,1/16/2009,0,NA,7.2,-2.8
USW00093987,"LUFKIN ANGELINA CO AIRPORT, TX US",31.23593,-94.75468,87.1,1/17/2009,0,NA,18.9,5
USW00093987,"LUFKIN ANGELINA CO AIRPORT, TX US",31.23593,-94.75468,87.1,1/18/2009,0,NA,21.1,4.4
USW00093987,"LUFKIN ANGELINA CO AIRPORT, TX US",31.23593,-94.75468,87.1,1/19/2009,0,NA,17.8,3.3
USW00093987,"LUFKIN ANGELINA CO AIRPORT, TX US",31.23593,-94.75468,87.1,1/20/2009,0,NA,12.2,-1.1
USW00093987,"LUFKIN ANGELINA CO AIRPORT, TX US",31.23593,-94.75468,87.1,1/21/2009,0,NA,17.2,-4.4
USW00093987,"LUFKIN ANGELINA CO AIRPORT, TX US",31.23593,-94.75468,87.1,1/22/2009,0,NA,23.9,2.8
USW00093987,"LUFKIN ANGELINA CO AIRPORT, TX US",31.23593,-94.75468,87.1,1/23/2009,0,NA,25,11.7
USW00093987,"LUFKIN ANGELINA CO AIRPORT, TX US",31.23593,-94.75468,87.1,1/24/2009,0,NA,17.2,5
USW00093987,"LUFKIN ANGELINA CO AIRPORT, TX US",31.23593,-94.75468,87.1,1/25/2009,0,NA,9.4,5
USW00093987,"LUFKIN ANGELINA CO AIRPORT, TX US",31.23593,-94.75468,87.1,1/26/2009,0,NA,18.3,8.3
USW00093987,"LUFKIN ANGELINA CO AIRPORT, TX US",31.23593,-94.75468,87.1,1/27/2009,1,NA,25.6,2.8
USW00093987,"LUFKIN ANGELINA CO AIRPORT, TX US",31.23593,-94.75468,87.1,1/28/2009,2,NA,7.2,-1.1
USW00093987,"LUFKIN ANGELINA CO AIRPORT, TX US",31.23593,-94.75468,87.1,1/29/2009,0,NA,12.2,-3.9
USW00093987,"LUFKIN ANGELINA CO AIRPORT, TX US",31.23593,-94.75468,87.1,1/30/2009,0,NA,17.2,-2.8
USW00093987,"LUFKIN ANGELINA CO AIRPORT, TX US",31.23593,-94.75468,87.1,1/31/2009,0,NA,21.1,-1.7
USW00093987,"LUFKIN ANGELINA CO AIRPORT, TX US",31.23593,-94.75468,87.1,2/1/2009,0,NA,20.6,4.4
USW00093987,"LUFKIN ANGELINA CO AIRPORT, TX US",31.23593,-94.75468,87.1,2/2/2009,11.7,NA,15.6,0.6
USW00093987,"LUFKIN ANGELINA CO AIRPORT, TX US",31.23593,-94.75468,87.1,2/3/2009,0,NA,20.6,-2.2
USW00093987,"LUFKIN ANGELINA CO AIRPORT, TX US",31.23593,-94.75468,87.1,2/4/2009,0,NA,12.8,1.1
USW00093987,"LUFKIN ANGELINA CO AIRPORT, TX US",31.23593,-94.75468,87.1,2/5/2009,0,NA,20.6,0
USW00093987,"LUFKIN ANGELINA CO AIRPORT, TX US",31.23593,-94.75468,87.1,2/6/2009,0,NA,23.3,8.9
USW00093987,"LUFKIN ANGELINA CO AIRPORT, TX US",31.23593,-94.75468,87.1,2/7/2009,0,NA,25,11.1
USW00093987,"LUFKIN ANGELINA CO AIRPORT, TX US",31.23593,-94.75468,87.1,2/8/2009,0,NA,23.3,10
USW00093987,"LUFKIN ANGELINA CO AIRPORT, TX US",31.23593,-94.75468,87.1,2/9/2009,8.6,NA,22.2,15.6
USW00093987,"LUFKIN ANGELINA CO AIRPORT, TX US",31.23593,-94.75468,87.1,2/10/2009,4.6,NA,23.9,18.9
USW00093987,"LUFKIN ANGELINA CO AIRPORT, TX US",31.23593,-94.75468,87.1,2/11/2009,23.9,NA,22.2,7.8
USW00093987,"LUFKIN ANGELINA CO AIRPORT, TX US",31.23593,-94.75468,87.1,2/12/2009,0,NA,22.8,5
USW00093987,"LUFKIN ANGELINA CO AIRPORT, TX US",31.23593,-94.75468,87.1,2/13/2009,0.5,NA,23.9,11.1
USW00093987,"LUFKIN ANGELINA CO AIRPORT, TX US",31.23593,-94.75468,87.1,2/14/2009,0.5,NA,19.4,12.2
USW00093987,"LUFKIN ANGELINA CO AIRPORT, TX US",31.23593,-94.75468,87.1,2/15/2009,2,NA,20,9.4
USW00093987,"LUFKIN ANGELINA CO AIRPORT, TX US",31.23593,-94.75468,87.1,2/16/2009,0.3,NA,12.2,6.7
USW00093987,"LUFKIN ANGELINA CO AIRPORT, TX US",31.23593,-94.75468,87.1,2/17/2009,0.3,NA,20.6,9.4
USW00093987,"LUFKIN ANGELINA CO AIRPORT, TX US",31.23593,-94.75468,87.1,2/18/2009,0,NA,28.9,13.3
USW00093987,"LUFKIN ANGELINA CO AIRPORT, TX US",31.23593,-94.75468,87.1,2/19/2009,0,NA,16.7,2.8
USW00093987,"LUFKIN ANGELINA CO AIRPORT, TX US",31.23593,-94.75468,87.1,2/20/2009,0,NA,20,-0.6
USW00093987,"LUFKIN ANGELINA CO AIRPORT, TX US",31.23593,-94.75468,87.1,2/21/2009,2,NA,19.4,4.4
USW00093987,"LUFKIN ANGELINA CO AIRPORT, TX US",31.23593,-94.75468,87.1,2/22/2009,0,NA,16.1,-2.8
USW00093987,"LUFKIN ANGELINA CO AIRPORT, TX US",31.23593,-94.75468,87.1,2/23/2009,0,NA,18.3,-0.6
USW00093987,"LUFKIN ANGELINA CO AIRPORT, TX US",31.23593,-94.75468,87.1,2/24/2009,0,NA,24.4,5.6
USW00093987,"LUFKIN ANGELINA CO AIRPORT, TX US",31.23593,-94.75468,87.1,2/25/2009,0,NA,25.6,14.4
USW00093987,"LUFKIN ANGELINA CO AIRPORT, TX US",31.23593,-94.75468,87.1,2/26/2009,0,NA,26.7,17.2
USW00093987,"LUFKIN ANGELINA CO AIRPORT, TX US",31.23593,-94.75468,87.1,2/27/2009,0.5,NA,27.8,18.3
USW00093987,"LUFKIN ANGELINA CO AIRPORT, TX US",31.23593,-94.75468,87.1,2/28/2009,0,NA,18.3,2.2
USW00093987,"LUFKIN ANGELINA CO AIRPORT, TX US",31.23593,-94.75468,87.1,3/1/2009,0,NA,13.9,-1.7
USW00093987,"LUFKIN ANGELINA CO AIRPORT, TX US",31.23593,-94.75468,87.1,3/2/2009,0,NA,16.7,-2.8
USW00093987,"LUFKIN ANGELINA CO AIRPORT, TX US",31.23593,-94.75468,87.1,3/3/2009,0,NA,18.3,2.8
USW00093987,"LUFKIN ANGELINA CO AIRPORT, TX US",31.23593,-94.75468,87.1,3/4/2009,0,NA,24.4,7.8
USW00093987,"LUFKIN ANGELINA CO AIRPORT, TX US",31.23593,-94.75468,87.1,3/5/2009,0,NA,27.8,11.7
USW00093987,"LUFKIN ANGELINA CO AIRPORT, TX US",31.23593,-94.75468,87.1,3/6/2009,0,NA,28.3,17.8
USW00093987,"LUFKIN ANGELINA CO AIRPORT, TX US",31.23593,-94.75468,87.1,3/7/2009,0,NA,27.8,17.8
USW00093987,"LUFKIN ANGELINA CO AIRPORT, TX US",31.23593,-94.75468,87.1,3/8/2009,0,NA,27.2,18.9
USW00093987,"LUFKIN ANGELINA CO AIRPORT, TX US",31.23593,-94.75468,87.1,3/9/2009,0,NA,28.3,18.9
USW00093987,"LUFKIN ANGELINA CO AIRPORT, TX US",31.23593,-94.75468,87.1,3/10/2009,0,NA,28.9,18.9
USW00093987,"LUFKIN ANGELINA CO AIRPORT, TX US",31.23593,-94.75468,87.1,3/11/2009,7.1,NA,23.3,6.7
USW00093987,"LUFKIN ANGELINA CO AIRPORT, TX US",31.23593,-94.75468,87.1,3/12/2009,12.7,NA,6.7,5
USW00093987,"LUFKIN ANGELINA CO AIRPORT, TX US",31.23593,-94.75468,87.1,3/13/2009,64,NA,5,3.9
USW00093987,"LUFKIN ANGELINA CO AIRPORT, TX US",31.23593,-94.75468,87.1,3/14/2009,2.8,NA,8.3,4.4
USW00093987,"LUFKIN ANGELINA CO AIRPORT, TX US",31.23593,-94.75468,87.1,3/15/2009,1,NA,12.2,8.3
USW00093987,"LUFKIN ANGELINA CO AIRPORT, TX US",31.23593,-94.75468,87.1,3/16/2009,0,NA,23.3,10
USW00093987,"LUFKIN ANGELINA CO AIRPORT, TX US",31.23593,-94.75468,87.1,3/17/2009,0,NA,20.6,8.3
USW00093987,"LUFKIN ANGELINA CO AIRPORT, TX US",31.23593,-94.75468,87.1,3/18/2009,0,NA,25.6,5
USW00093987,"LUFKIN ANGELINA CO AIRPORT, TX US",31.23593,-94.75468,87.1,3/19/2009,0,NA,27.2,6.7
USW00093987,"LUFKIN ANGELINA CO AIRPORT, TX US",31.23593,-94.75468,87.1,3/20/2009,0,NA,25.6,11.7
USW00093987,"LUFKIN ANGELINA CO AIRPORT, TX US",31.23593,-94.75468,87.1,3/21/2009,0,NA,26.7,9.4
USW00093987,"LUFKIN ANGELINA CO AIRPORT, TX US",31.23593,-94.75468,87.1,3/22/2009,0,NA,27.2,10
USW00093987,"LUFKIN ANGELINA CO AIRPORT, TX US",31.23593,-94.75468,87.1,3/23/2009,0,NA,26.7,17.2
USW00093987,"LUFKIN ANGELINA CO AIRPORT, TX US",31.23593,-94.75468,87.1,3/24/2009,10.4,NA,25.6,13.3
USW00093987,"LUFKIN ANGELINA CO AIRPORT, TX US",31.23593,-94.75468,87.1,3/25/2009,18,NA,24.4,11.1
USW00093987,"LUFKIN ANGELINA CO AIRPORT, TX US",31.23593,-94.75468,87.1,3/26/2009,0,NA,22.2,10
USW00093987,"LUFKIN ANGELINA CO AIRPORT, TX US",31.23593,-94.75468,87.1,3/27/2009,2.5,NA,21.1,6.1
USW00093987,"LUFKIN ANGELINA CO AIRPORT, TX US",31.23593,-94.75468,87.1,3/28/2009,0,NA,14.4,2.8
USW00093987,"LUFKIN ANGELINA CO AIRPORT, TX US",31.23593,-94.75468,87.1,3/29/2009,0,NA,21.7,1.1
USW00093987,"LUFKIN ANGELINA CO AIRPORT, TX US",31.23593,-94.75468,87.1,3/30/2009,0,NA,22.2,6.7
USW00093987,"LUFKIN ANGELINA CO AIRPORT, TX US",31.23593,-94.75468,87.1,3/31/2009,7.9,NA,20.6,7.8
USW00093987,"LUFKIN ANGELINA CO AIRPORT, TX US",31.23593,-94.75468,87.1,4/1/2009,0,NA,22.8,5
USW00093987,"LUFKIN ANGELINA CO AIRPORT, TX US",31.23593,-94.75468,87.1,4/2/2009,15,NA,21.7,11.7
USW00093987,"LUFKIN ANGELINA CO AIRPORT, TX US",31.23593,-94.75468,87.1,4/3/2009,0,NA,23.3,5
USW00093987,"LUFKIN ANGELINA CO AIRPORT, TX US",31.23593,-94.75468,87.1,4/4/2009,0,NA,27.2,9.4
USW00093987,"LUFKIN ANGELINA CO AIRPORT, TX US",31.23593,-94.75468,87.1,4/5/2009,0,NA,22.2,10.6
USW00093987,"LUFKIN ANGELINA CO AIRPORT, TX US",31.23593,-94.75468,87.1,4/6/2009,0,NA,15.6,2.8
USW00093987,"LUFKIN ANGELINA CO AIRPORT, TX US",31.23593,-94.75468,87.1,4/7/2009,0,NA,18.9,-0.6
USW00093987,"LUFKIN ANGELINA CO AIRPORT, TX US",31.23593,-94.75468,87.1,4/8/2009,0,NA,26.7,5
USW00093987,"LUFKIN ANGELINA CO AIRPORT, TX US",31.23593,-94.75468,87.1,4/9/2009,0,NA,25.6,17.2
USW00093987,"LUFKIN ANGELINA CO AIRPORT, TX US",31.23593,-94.75468,87.1,4/10/2009,0,NA,25,15.6
USW00093987,"LUFKIN ANGELINA CO AIRPORT, TX US",31.23593,-94.75468,87.1,4/11/2009,0,NA,20,9.4
USW00093987,"LUFKIN ANGELINA CO AIRPORT, TX US",31.23593,-94.75468,87.1,4/12/2009,51.6,NA,23.3,13.9
USW00093987,"LUFKIN ANGELINA CO AIRPORT, TX US",31.23593,-94.75468,87.1,4/13/2009,0,NA,22.8,8.9
USW00093987,"LUFKIN ANGELINA CO AIRPORT, TX US",31.23593,-94.75468,87.1,4/14/2009,0,NA,23.3,5
USW00093987,"LUFKIN ANGELINA CO AIRPORT, TX US",31.23593,-94.75468,87.1,4/15/2009,0,NA,25.6,7.2
USW00093987,"LUFKIN ANGELINA CO AIRPORT, TX US",31.23593,-94.75468,87.1,4/16/2009,0.3,NA,25,12.2
USW00093987,"LUFKIN ANGELINA CO AIRPORT, TX US",31.23593,-94.75468,87.1,4/17/2009,53.8,NA,20,15.6
USW00093987,"LUFKIN ANGELINA CO AIRPORT, TX US",31.23593,-94.75468,87.1,4/18/2009,32,NA,20,15
USW00093987,"LUFKIN ANGELINA CO AIRPORT, TX US",31.23593,-94.75468,87.1,4/19/2009,0,NA,23.9,13.3
USW00093987,"LUFKIN ANGELINA CO AIRPORT, TX US",31.23593,-94.75468,87.1,4/20/2009,0,NA,26.1,8.9
USW00093987,"LUFKIN ANGELINA CO AIRPORT, TX US",31.23593,-94.75468,87.1,4/21/2009,0,NA,31.1,10.6
USW00093987,"LUFKIN ANGELINA CO AIRPORT, TX US",31.23593,-94.75468,87.1,4/22/2009,0,NA,31.7,12.2
USW00093987,"LUFKIN ANGELINA CO AIRPORT, TX US",31.23593,-94.75468,87.1,4/23/2009,0,NA,30.6,18.3
USW00093987,"LUFKIN ANGELINA CO AIRPORT, TX US",31.23593,-94.75468,87.1,4/24/2009,0,NA,26.7,17.2
USW00093987,"LUFKIN ANGELINA CO AIRPORT, TX US",31.23593,-94.75468,87.1,4/25/2009,0,NA,30,20.6
USW00093987,"LUFKIN ANGELINA CO AIRPORT, TX US",31.23593,-94.75468,87.1,4/26/2009,0,NA,28.3,20
USW00093987,"LUFKIN ANGELINA CO AIRPORT, TX US",31.23593,-94.75468,87.1,4/27/2009,37.3,NA,28.9,17.8
USW00093987,"LUFKIN ANGELINA CO AIRPORT, TX US",31.23593,-94.75468,87.1,4/28/2009,1.5,NA,24.4,17.2
USW00093987,"LUFKIN ANGELINA CO AIRPORT, TX US",31.23593,-94.75468,87.1,4/29/2009,0,NA,28.9,19.4
USW00093987,"LUFKIN ANGELINA CO AIRPORT, TX US",31.23593,-94.75468,87.1,4/30/2009,0,NA,26.7,19.4
USW00093987,"LUFKIN ANGELINA CO AIRPORT, TX US",31.23593,-94.75468,87.1,5/1/2009,0,NA,30,21.1
USW00093987,"LUFKIN ANGELINA CO AIRPORT, TX US",31.23593,-94.75468,87.1,5/2/2009,0,NA,30,21.7
USW00093987,"LUFKIN ANGELINA CO AIRPORT, TX US",31.23593,-94.75468,87.1,5/3/2009,21.6,NA,23.9,17.2
USW00093987,"LUFKIN ANGELINA CO AIRPORT, TX US",31.23593,-94.75468,87.1,5/4/2009,0,NA,22.8,16.7
USW00093987,"LUFKIN ANGELINA CO AIRPORT, TX US",31.23593,-94.75468,87.1,5/5/2009,0,NA,30.6,16.7
USW00093987,"LUFKIN ANGELINA CO AIRPORT, TX US",31.23593,-94.75468,87.1,5/6/2009,0,NA,30,22.8
USW00093987,"LUFKIN ANGELINA CO AIRPORT, TX US",31.23593,-94.75468,87.1,5/7/2009,0,NA,32.2,23.3
USW00093987,"LUFKIN ANGELINA CO AIRPORT, TX US",31.23593,-94.75468,87.1,5/8/2009,0,NA,32.2,23.3
USW00093987,"LUFKIN ANGELINA CO AIRPORT, TX US",31.23593,-94.75468,87.1,5/9/2009,0,NA,32.2,22.2
USW00093987,"LUFKIN ANGELINA CO AIRPORT, TX US",31.23593,-94.75468,87.1,5/10/2009,0,NA,32.2,21.1
USW00093987,"LUFKIN ANGELINA CO AIRPORT, TX US",31.23593,-94.75468,87.1,5/11/2009,0,NA,30.6,21.1
USW00093987,"LUFKIN ANGELINA CO AIRPORT, TX US",31.23593,-94.75468,87.1,5/12/2009,0,NA,31.1,20.6
USW00093987,"LUFKIN ANGELINA CO AIRPORT, TX US",31.23593,-94.75468,87.1,5/13/2009,0,NA,32.8,22.2
USW00093987,"LUFKIN ANGELINA CO AIRPORT, TX US",31.23593,-94.75468,87.1,5/14/2009,0,NA,31.1,21.7
USW00093987,"LUFKIN ANGELINA CO AIRPORT, TX US",31.23593,-94.75468,87.1,5/15/2009,0,NA,32.2,20.6
USW00093987,"LUFKIN ANGELINA CO AIRPORT, TX US",31.23593,-94.75468,87.1,5/16/2009,18.5,NA,30.6,18.9
USW00093987,"LUFKIN ANGELINA CO AIRPORT, TX US",31.23593,-94.75468,87.1,5/17/2009,1.5,NA,23.9,15
USW00093987,"LUFKIN ANGELINA CO AIRPORT, TX US",31.23593,-94.75468,87.1,5/18/2009,0,NA,25,10.6
USW00093987,"LUFKIN ANGELINA CO AIRPORT, TX US",31.23593,-94.75468,87.1,5/19/2009,0,NA,26.7,10
USW00093987,"LUFKIN ANGELINA CO AIRPORT, TX US",31.23593,-94.75468,87.1,5/20/2009,0,NA,28.3,11.7
USW00093987,"LUFKIN ANGELINA CO AIRPORT, TX US",31.23593,-94.75468,87.1,5/21/2009,0,NA,30.6,17.8
USW00093987,"LUFKIN ANGELINA CO AIRPORT, TX US",31.23593,-94.75468,87.1,5/22/2009,0,NA,28.9,19.4
USW00093987,"LUFKIN ANGELINA CO AIRPORT, TX US",31.23593,-94.75468,87.1,5/23/2009,0.3,NA,29.4,19.4
USW00093987,"LUFKIN ANGELINA CO AIRPORT, TX US",31.23593,-94.75468,87.1,5/24/2009,25.7,NA,29.4,20
USW00093987,"LUFKIN ANGELINA CO AIRPORT, TX US",31.23593,-94.75468,87.1,5/25/2009,0,NA,30.6,20
USW00093987,"LUFKIN ANGELINA CO AIRPORT, TX US",31.23593,-94.75468,87.1,5/26/2009,16.5,NA,30.6,20
USW00093987,"LUFKIN ANGELINA CO AIRPORT, TX US",31.23593,-94.75468,87.1,5/27/2009,0,NA,29.4,20.6
USW00093987,"LUFKIN ANGELINA CO AIRPORT, TX US",31.23593,-94.75468,87.1,5/28/2009,0,NA,30,16.1
USW00093987,"LUFKIN ANGELINA CO AIRPORT, TX US",31.23593,-94.75468,87.1,5/29/2009,0,NA,30.6,16.1
USW00093987,"LUFKIN ANGELINA CO AIRPORT, TX US",31.23593,-94.75468,87.1,5/30/2009,0,NA,31.7,14.4
USW00093987,"LUFKIN ANGELINA CO AIRPORT, TX US",31.23593,-94.75468,87.1,5/31/2009,0,NA,32.2,16.7
USW00093987,"LUFKIN ANGELINA CO AIRPORT, TX US",31.23593,-94.75468,87.1,6/1/2009,0,NA,31.1,16.1
USW00093987,"LUFKIN ANGELINA CO AIRPORT, TX US",31.23593,-94.75468,87.1,6/2/2009,0,NA,32.2,17.2
USW00093987,"LUFKIN ANGELINA CO AIRPORT, TX US",31.23593,-94.75468,87.1,6/3/2009,18.5,NA,31.1,20
USW00093987,"LUFKIN ANGELINA CO AIRPORT, TX US",31.23593,-94.75468,87.1,6/4/2009,0,NA,25.6,18.3
USW00093987,"LUFKIN ANGELINA CO AIRPORT, TX US",31.23593,-94.75468,87.1,6/5/2009,0,NA,29.4,16.1
USW00093987,"LUFKIN ANGELINA CO AIRPORT, TX US",31.23593,-94.75468,87.1,6/6/2009,0,NA,31.1,16.1
USW00093987,"LUFKIN ANGELINA CO AIRPORT, TX US",31.23593,-94.75468,87.1,6/7/2009,0,NA,32.8,18.3
USW00093987,"LUFKIN ANGELINA CO AIRPORT, TX US",31.23593,-94.75468,87.1,6/8/2009,0,NA,32.2,21.1
USW00093987,"LUFKIN ANGELINA CO AIRPORT, TX US",31.23593,-94.75468,87.1,6/9/2009,0,NA,33.9,22.2
USW00093987,"LUFKIN ANGELINA CO AIRPORT, TX US",31.23593,-94.75468,87.1,6/10/2009,0,NA,34.4,23.9
USW00093987,"LUFKIN ANGELINA CO AIRPORT, TX US",31.23593,-94.75468,87.1,6/11/2009,27.2,NA,33.9,21.1
USW00093987,"LUFKIN ANGELINA CO AIRPORT, TX US",31.23593,-94.75468,87.1,6/12/2009,0,NA,35,22.8
USW00093987,"LUFKIN ANGELINA CO AIRPORT, TX US",31.23593,-94.75468,87.1,6/13/2009,0,NA,35,22.8
USW00093987,"LUFKIN ANGELINA CO AIRPORT, TX US",31.23593,-94.75468,87.1,6/14/2009,0,NA,33.9,22.8
USW00093987,"LUFKIN ANGELINA CO AIRPORT, TX US",31.23593,-94.75468,87.1,6/15/2009,0,NA,34.4,22.8
USW00093987,"LUFKIN ANGELINA CO AIRPORT, TX US",31.23593,-94.75468,87.1,6/16/2009,0,NA,35.6,22.2
USW00093987,"LUFKIN ANGELINA CO AIRPORT, TX US",31.23593,-94.75468,87.1,6/17/2009,0,NA,35.6,22.8
USW00093987,"LUFKIN ANGELINA CO AIRPORT, TX US",31.23593,-94.75468,87.1,6/18/2009,0,NA,35.6,22.8
USW00093987,"LUFKIN ANGELINA CO AIRPORT, TX US",31.23593,-94.75468,87.1,6/19/2009,0,NA,35,22.8
USW00093987,"LUFKIN ANGELINA CO AIRPORT, TX US",31.23593,-94.75468,87.1,6/20/2009,0,NA,35.6,22.2
USW00093987,"LUFKIN ANGELINA CO AIRPORT, TX US",31.23593,-94.75468,87.1,6/21/2009,0,NA,36.1,22.8
USW00093987,"LUFKIN ANGELINA CO AIRPORT, TX US",31.23593,-94.75468,87.1,6/22/2009,0,NA,36.1,22.8
USW00093987,"LUFKIN ANGELINA CO AIRPORT, TX US",31.23593,-94.75468,87.1,6/23/2009,0,NA,37.8,23.3
USW00093987,"LUFKIN ANGELINA CO AIRPORT, TX US",31.23593,-94.75468,87.1,6/24/2009,3.8,NA,37.8,23.3
USW00093987,"LUFKIN ANGELINA CO AIRPORT, TX US",31.23593,-94.75468,87.1,6/25/2009,0,NA,38.3,24.4
USW00093987,"LUFKIN ANGELINA CO AIRPORT, TX US",31.23593,-94.75468,87.1,6/26/2009,0,NA,38.3,23.3
USW00093987,"LUFKIN ANGELINA CO AIRPORT, TX US",31.23593,-94.75468,87.1,6/27/2009,0,NA,38.3,23.3
USW00093987,"LUFKIN ANGELINA CO AIRPORT, TX US",31.23593,-94.75468,87.1,6/28/2009,0,NA,38.9,24.4
USW00093987,"LUFKIN ANGELINA CO AIRPORT, TX US",31.23593,-94.75468,87.1,6/29/2009,0.3,NA,38.3,23.3
USW00093987,"LUFKIN ANGELINA CO AIRPORT, TX US",31.23593,-94.75468,87.1,6/30/2009,0,NA,37.2,21.7
USW00093987,"LUFKIN ANGELINA CO AIRPORT, TX US",31.23593,-94.75468,87.1,7/1/2009,0,NA,38.9,24.4
USW00093987,"LUFKIN ANGELINA CO AIRPORT, TX US",31.23593,-94.75468,87.1,7/2/2009,0,NA,40,22.8
USW00093987,"LUFKIN ANGELINA CO AIRPORT, TX US",31.23593,-94.75468,87.1,7/3/2009,0,NA,37.8,23.3
USW00093987,"LUFKIN ANGELINA CO AIRPORT, TX US",31.23593,-94.75468,87.1,7/4/2009,0,NA,37.8,24.4
USW00093987,"LUFKIN ANGELINA CO AIRPORT, TX US",31.23593,-94.75468,87.1,7/5/2009,6.9,NA,37.2,23.9
USW00093987,"LUFKIN ANGELINA CO AIRPORT, TX US",31.23593,-94.75468,87.1,7/6/2009,0,NA,31.7,24.4
USW00093987,"LUFKIN ANGELINA CO AIRPORT, TX US",31.23593,-94.75468,87.1,7/7/2009,0,NA,33.9,23.9
USW00093987,"LUFKIN ANGELINA CO AIRPORT, TX US",31.23593,-94.75468,87.1,7/8/2009,0,NA,37.2,23.3
USW00093987,"LUFKIN ANGELINA CO AIRPORT, TX US",31.23593,-94.75468,87.1,7/9/2009,0,NA,38.9,22.8
USW00093987,"LUFKIN ANGELINA CO AIRPORT, TX US",31.23593,-94.75468,87.1,7/10/2009,0,NA,37.8,25
USW00093987,"LUFKIN ANGELINA CO AIRPORT, TX US",31.23593,-94.75468,87.1,7/11/2009,0,NA,37.8,23.3
USW00093987,"LUFKIN ANGELINA CO AIRPORT, TX US",31.23593,-94.75468,87.1,7/12/2009,0,NA,38.3,23.9
USW00093987,"LUFKIN ANGELINA CO AIRPORT, TX US",31.23593,-94.75468,87.1,7/13/2009,0,NA,39.4,24.4
USW00093987,"LUFKIN ANGELINA CO AIRPORT, TX US",31.23593,-94.75468,87.1,7/14/2009,0,NA,38.3,22.8
USW00093987,"LUFKIN ANGELINA CO AIRPORT, TX US",31.23593,-94.75468,87.1,7/15/2009,0,NA,38.9,24.4
USW00093987,"LUFKIN ANGELINA CO AIRPORT, TX US",31.23593,-94.75468,87.1,7/16/2009,0,NA,38.9,25
USW00093987,"LUFKIN ANGELINA CO AIRPORT, TX US",31.23593,-94.75468,87.1,7/17/2009,4.8,NA,33.9,21.1
USW00093987,"LUFKIN ANGELINA CO AIRPORT, TX US",31.23593,-94.75468,87.1,7/18/2009,9.1,NA,35,21.1
USW00093987,"LUFKIN ANGELINA CO AIRPORT, TX US",31.23593,-94.75468,87.1,7/19/2009,0,NA,35,20
USW00093987,"LUFKIN ANGELINA CO AIRPORT, TX US",31.23593,-94.75468,87.1,7/20/2009,3.8,NA,33.9,22.8
USW00093987,"LUFKIN ANGELINA CO AIRPORT, TX US",31.23593,-94.75468,87.1,7/21/2009,4.8,NA,31.7,23.3
USW00093987,"LUFKIN ANGELINA CO AIRPORT, TX US",31.23593,-94.75468,87.1,7/22/2009,1,NA,36.1,24.4
USW00093987,"LUFKIN ANGELINA CO AIRPORT, TX US",31.23593,-94.75468,87.1,7/23/2009,0,NA,35,23.3
USW00093987,"LUFKIN ANGELINA CO AIRPORT, TX US",31.23593,-94.75468,87.1,7/24/2009,0,NA,33.9,22.8
USW00093987,"LUFKIN ANGELINA CO AIRPORT, TX US",31.23593,-94.75468,87.1,7/25/2009,0,NA,37.2,21.7
USW00093987,"LUFKIN ANGELINA CO AIRPORT, TX US",31.23593,-94.75468,87.1,7/26/2009,0,NA,32.8,25
USW00093987,"LUFKIN ANGELINA CO AIRPORT, TX US",31.23593,-94.75468,87.1,7/27/2009,21.8,NA,33.9,23.9
USW00093987,"LUFKIN ANGELINA CO AIRPORT, TX US",31.23593,-94.75468,87.1,7/28/2009,0.8,NA,33.9,24.4
USW00093987,"LUFKIN ANGELINA CO AIRPORT, TX US",31.23593,-94.75468,87.1,7/29/2009,0,NA,36.1,25.6
USW00093987,"LUFKIN ANGELINA CO AIRPORT, TX US",31.23593,-94.75468,87.1,7/30/2009,19.1,NA,32.8,22.2
USW00093987,"LUFKIN ANGELINA CO AIRPORT, TX US",31.23593,-94.75468,87.1,7/31/2009,32.3,NA,30.6,22.8
USW00093987,"LUFKIN ANGELINA CO AIRPORT, TX US",31.23593,-94.75468,87.1,8/1/2009,9.1,NA,34.4,23.3
USW00093987,"LUFKIN ANGELINA CO AIRPORT, TX US",31.23593,-94.75468,87.1,8/2/2009,0.8,NA,34.4,23.3
USW00093987,"LUFKIN ANGELINA CO AIRPORT, TX US",31.23593,-94.75468,87.1,8/3/2009,0,NA,35.6,23.9
USW00093987,"LUFKIN ANGELINA CO AIRPORT, TX US",31.23593,-94.75468,87.1,8/4/2009,0,NA,35.6,23.3
USW00093987,"LUFKIN ANGELINA CO AIRPORT, TX US",31.23593,-94.75468,87.1,8/5/2009,0,NA,35.6,23.9
USW00093987,"LUFKIN ANGELINA CO AIRPORT, TX US",31.23593,-94.75468,87.1,8/6/2009,0,NA,37.2,24.4
USW00093987,"LUFKIN ANGELINA CO AIRPORT, TX US",31.23593,-94.75468,87.1,8/7/2009,0,NA,35.6,24.4
USW00093987,"LUFKIN ANGELINA CO AIRPORT, TX US",31.23593,-94.75468,87.1,8/8/2009,0,NA,35.6,23.3
USW00093987,"LUFKIN ANGELINA CO AIRPORT, TX US",31.23593,-94.75468,87.1,8/9/2009,0,NA,33.9,23.9
USW00093987,"LUFKIN ANGELINA CO AIRPORT, TX US",31.23593,-94.75468,87.1,8/10/2009,0,NA,36.1,24.4
USW00093987,"LUFKIN ANGELINA CO AIRPORT, TX US",31.23593,-94.75468,87.1,8/11/2009,0.8,NA,35,24.4
USW00093987,"LUFKIN ANGELINA CO AIRPORT, TX US",31.23593,-94.75468,87.1,8/12/2009,0,NA,35,23.9
USW00093987,"LUFKIN ANGELINA CO AIRPORT, TX US",31.23593,-94.75468,87.1,8/13/2009,0,NA,36.7,22.8
USW00093987,"LUFKIN ANGELINA CO AIRPORT, TX US",31.23593,-94.75468,87.1,8/14/2009,0,NA,36.1,21.1
USW00093987,"LUFKIN ANGELINA CO AIRPORT, TX US",31.23593,-94.75468,87.1,8/15/2009,0,NA,36.1,21.7
USW00093987,"LUFKIN ANGELINA CO AIRPORT, TX US",31.23593,-94.75468,87.1,8/16/2009,0,NA,36.7,22.8
USW00093987,"LUFKIN ANGELINA CO AIRPORT, TX US",31.23593,-94.75468,87.1,8/17/2009,0,NA,36.1,23.3
USW00093987,"LUFKIN ANGELINA CO AIRPORT, TX US",31.23593,-94.75468,87.1,8/18/2009,0.8,NA,33.9,23.9
USW00093987,"LUFKIN ANGELINA CO AIRPORT, TX US",31.23593,-94.75468,87.1,8/19/2009,0,NA,34.4,22.8
USW00093987,"LUFKIN ANGELINA CO AIRPORT, TX US",31.23593,-94.75468,87.1,8/20/2009,0,NA,37.8,23.3
USW00093987,"LUFKIN ANGELINA CO AIRPORT, TX US",31.23593,-94.75468,87.1,8/21/2009,0,NA,36.7,23.9
USW00093987,"LUFKIN ANGELINA CO AIRPORT, TX US",31.23593,-94.75468,87.1,8/22/2009,0,NA,37.2,21.1
USW00093987,"LUFKIN ANGELINA CO AIRPORT, TX US",31.23593,-94.75468,87.1,8/23/2009,1.8,NA,35,21.7
USW00093987,"LUFKIN ANGELINA CO AIRPORT, TX US",31.23593,-94.75468,87.1,8/24/2009,9.7,NA,34.4,20.6
USW00093987,"LUFKIN ANGELINA CO AIRPORT, TX US",31.23593,-94.75468,87.1,8/25/2009,0.5,NA,36.1,21.7
USW00093987,"LUFKIN ANGELINA CO AIRPORT, TX US",31.23593,-94.75468,87.1,8/26/2009,18.5,NA,32.2,21.1
USW00093987,"LUFKIN ANGELINA CO AIRPORT, TX US",31.23593,-94.75468,87.1,8/27/2009,0,NA,32.2,22.2
USW00093987,"LUFKIN ANGELINA CO AIRPORT, TX US",31.23593,-94.75468,87.1,8/28/2009,19.6,NA,31.1,20.6
USW00093987,"LUFKIN ANGELINA CO AIRPORT, TX US",31.23593,-94.75468,87.1,8/29/2009,0,NA,32.8,20.6
USW00093987,"LUFKIN ANGELINA CO AIRPORT, TX US",31.23593,-94.75468,87.1,8/30/2009,0,NA,32.2,21.1
USW00093987,"LUFKIN ANGELINA CO AIRPORT, TX US",31.23593,-94.75468,87.1,8/31/2009,0,NA,31.7,20.6
USW00093987,"LUFKIN ANGELINA CO AIRPORT, TX US",31.23593,-94.75468,87.1,9/1/2009,0,NA,31.1,18.9
USW00093987,"LUFKIN ANGELINA CO AIRPORT, TX US",31.23593,-94.75468,87.1,9/2/2009,0,NA,31.7,17.2
USW00093987,"LUFKIN ANGELINA CO AIRPORT, TX US",31.23593,-94.75468,87.1,9/3/2009,0,NA,31.1,19.4
USW00093987,"LUFKIN ANGELINA CO AIRPORT, TX US",31.23593,-94.75468,87.1,9/4/2009,0,NA,27.8,21.1
USW00093987,"LUFKIN ANGELINA CO AIRPORT, TX US",31.23593,-94.75468,87.1,9/5/2009,0,NA,33.9,20
USW00093987,"LUFKIN ANGELINA CO AIRPORT, TX US",31.23593,-94.75468,87.1,9/6/2009,0,NA,35,20
USW00093987,"LUFKIN ANGELINA CO AIRPORT, TX US",31.23593,-94.75468,87.1,9/7/2009,0,NA,35.6,20
USW00093987,"LUFKIN ANGELINA CO AIRPORT, TX US",31.23593,-94.75468,87.1,9/8/2009,0,NA,34.4,20
USW00093987,"LUFKIN ANGELINA CO AIRPORT, TX US",31.23593,-94.75468,87.1,9/9/2009,0,NA,32.8,20.6
USW00093987,"LUFKIN ANGELINA CO AIRPORT, TX US",31.23593,-94.75468,87.1,9/10/2009,0,NA,34.4,21.1
USW00093987,"LUFKIN ANGELINA CO AIRPORT, TX US",31.23593,-94.75468,87.1,9/11/2009,14,NA,27.8,22.2
USW00093987,"LUFKIN ANGELINA CO AIRPORT, TX US",31.23593,-94.75468,87.1,9/12/2009,2.8,NA,23.9,21.7
USW00093987,"LUFKIN ANGELINA CO AIRPORT, TX US",31.23593,-94.75468,87.1,9/13/2009,54.1,NA,29.4,21.7
USW00093987,"LUFKIN ANGELINA CO AIRPORT, TX US",31.23593,-94.75468,87.1,9/14/2009,27.7,NA,29.4,22.8
USW00093987,"LUFKIN ANGELINA CO AIRPORT, TX US",31.23593,-94.75468,87.1,9/15/2009,5.6,NA,28.9,21.7
USW00093987,"LUFKIN ANGELINA CO AIRPORT, TX US",31.23593,-94.75468,87.1,9/16/2009,5.6,NA,27.2,21.1
USW00093987,"LUFKIN ANGELINA CO AIRPORT, TX US",31.23593,-94.75468,87.1,9/17/2009,5.8,NA,23.9,20.6
USW00093987,"LUFKIN ANGELINA CO AIRPORT, TX US",31.23593,-94.75468,87.1,9/18/2009,0,NA,29.4,20
USW00093987,"LUFKIN ANGELINA CO AIRPORT, TX US",31.23593,-94.75468,87.1,9/19/2009,0,NA,28.3,22.2
USW00093987,"LUFKIN ANGELINA CO AIRPORT, TX US",31.23593,-94.75468,87.1,9/20/2009,0,NA,31.7,20.6
USW00093987,"LUFKIN ANGELINA CO AIRPORT, TX US",31.23593,-94.75468,87.1,9/21/2009,0.5,NA,32.2,21.7
USW00093987,"LUFKIN ANGELINA CO AIRPORT, TX US",31.23593,-94.75468,87.1,9/22/2009,5.6,NA,25,19.4
USW00093987,"LUFKIN ANGELINA CO AIRPORT, TX US",31.23593,-94.75468,87.1,9/23/2009,0,NA,26.7,18.3
USW00093987,"LUFKIN ANGELINA CO AIRPORT, TX US",31.23593,-94.75468,87.1,9/24/2009,15.7,NA,21.1,16.1
USW00093987,"LUFKIN ANGELINA CO AIRPORT, TX US",31.23593,-94.75468,87.1,9/25/2009,0,NA,27.2,18.3
USW00093987,"LUFKIN ANGELINA CO AIRPORT, TX US",31.23593,-94.75468,87.1,9/26/2009,0,NA,31.7,20.6
USW00093987,"LUFKIN ANGELINA CO AIRPORT, TX US",31.23593,-94.75468,87.1,9/27/2009,0,NA,32.8,18.3
USW00093987,"LUFKIN ANGELINA CO AIRPORT, TX US",31.23593,-94.75468,87.1,9/28/2009,0,NA,33.9,22.2
USW00093987,"LUFKIN ANGELINA CO AIRPORT, TX US",31.23593,-94.75468,87.1,9/29/2009,0,NA,26.7,15.6
USW00093987,"LUFKIN ANGELINA CO AIRPORT, TX US",31.23593,-94.75468,87.1,9/30/2009,0,NA,30,13.3
USW00093987,"LUFKIN ANGELINA CO AIRPORT, TX US",31.23593,-94.75468,87.1,10/1/2009,9.1,NA,32.2,18.9
USW00093987,"LUFKIN ANGELINA CO AIRPORT, TX US",31.23593,-94.75468,87.1,10/2/2009,0,NA,27.2,16.1
USW00093987,"LUFKIN ANGELINA CO AIRPORT, TX US",31.23593,-94.75468,87.1,10/3/2009,11.9,NA,27.8,15
USW00093987,"LUFKIN ANGELINA CO AIRPORT, TX US",31.23593,-94.75468,87.1,10/4/2009,4.1,NA,26.7,17.2
USW00093987,"LUFKIN ANGELINA CO AIRPORT, TX US",31.23593,-94.75468,87.1,10/5/2009,0.3,NA,22.2,15.6
USW00093987,"LUFKIN ANGELINA CO AIRPORT, TX US",31.23593,-94.75468,87.1,10/6/2009,0,NA,33.9,22.2
USW00093987,"LUFKIN ANGELINA CO AIRPORT, TX US",31.23593,-94.75468,87.1,10/7/2009,0,NA,28.3,22.2
USW00093987,"LUFKIN ANGELINA CO AIRPORT, TX US",31.23593,-94.75468,87.1,10/8/2009,0,NA,33.9,23.9
USW00093987,"LUFKIN ANGELINA CO AIRPORT, TX US",31.23593,-94.75468,87.1,10/9/2009,34.5,NA,28.3,13.3
USW00093987,"LUFKIN ANGELINA CO AIRPORT, TX US",31.23593,-94.75468,87.1,10/10/2009,0,NA,18.3,12.8
USW00093987,"LUFKIN ANGELINA CO AIRPORT, TX US",31.23593,-94.75468,87.1,10/11/2009,6.6,NA,16.1,12.2
USW00093987,"LUFKIN ANGELINA CO AIRPORT, TX US",31.23593,-94.75468,87.1,10/12/2009,34.5,NA,22.2,16.1
USW00093987,"LUFKIN ANGELINA CO AIRPORT, TX US",31.23593,-94.75468,87.1,10/13/2009,11.4,NA,29.4,20.6
USW00093987,"LUFKIN ANGELINA CO AIRPORT, TX US",31.23593,-94.75468,87.1,10/14/2009,0.3,NA,31.1,22.2
USW00093987,"LUFKIN ANGELINA CO AIRPORT, TX US",31.23593,-94.75468,87.1,10/15/2009,0.3,NA,31.1,18.3
USW00093987,"LUFKIN ANGELINA CO AIRPORT, TX US",31.23593,-94.75468,87.1,10/16/2009,0,NA,23.9,12.8
USW00093987,"LUFKIN ANGELINA CO AIRPORT, TX US",31.23593,-94.75468,87.1,10/17/2009,0,NA,22.8,10
USW00093987,"LUFKIN ANGELINA CO AIRPORT, TX US",31.23593,-94.75468,87.1,10/18/2009,0,NA,20.6,6.7
USW00093987,"LUFKIN ANGELINA CO AIRPORT, TX US",31.23593,-94.75468,87.1,10/19/2009,0,NA,23.9,6.7
USW00093987,"LUFKIN ANGELINA CO AIRPORT, TX US",31.23593,-94.75468,87.1,10/20/2009,0,NA,26.1,12.2
USW00093987,"LUFKIN ANGELINA CO AIRPORT, TX US",31.23593,-94.75468,87.1,10/21/2009,3.8,NA,22.8,16.7
USW00093987,"LUFKIN ANGELINA CO AIRPORT, TX US",31.23593,-94.75468,87.1,10/22/2009,48.3,NA,22.8,10
USW00093987,"LUFKIN ANGELINA CO AIRPORT, TX US",31.23593,-94.75468,87.1,10/23/2009,0,NA,19.4,7.8
USW00093987,"LUFKIN ANGELINA CO AIRPORT, TX US",31.23593,-94.75468,87.1,10/24/2009,0,NA,22.2,5.6
USW00093987,"LUFKIN ANGELINA CO AIRPORT, TX US",31.23593,-94.75468,87.1,10/25/2009,0,NA,26.7,8.9
USW00093987,"LUFKIN ANGELINA CO AIRPORT, TX US",31.23593,-94.75468,87.1,10/26/2009,60.5,NA,18.3,11.7
USW00093987,"LUFKIN ANGELINA CO AIRPORT, TX US",31.23593,-94.75468,87.1,10/27/2009,1,NA,17.8,9.4
USW00093987,"LUFKIN ANGELINA CO AIRPORT, TX US",31.23593,-94.75468,87.1,10/28/2009,0,NA,26.1,8.9
USW00093987,"LUFKIN ANGELINA CO AIRPORT, TX US",31.23593,-94.75468,87.1,10/29/2009,141.7,NA,27.8,13.9
USW00093987,"LUFKIN ANGELINA CO AIRPORT, TX US",31.23593,-94.75468,87.1,10/30/2009,13.5,NA,17.8,8.3
USW00093987,"LUFKIN ANGELINA CO AIRPORT, TX US",31.23593,-94.75468,87.1,10/31/2009,0,NA,22.2,6.1
USW00093987,"LUFKIN ANGELINA CO AIRPORT, TX US",31.23593,-94.75468,87.1,11/1/2009,0,NA,24.4,7.2
USW00093987,"LUFKIN ANGELINA CO AIRPORT, TX US",31.23593,-94.75468,87.1,11/2/2009,0,NA,24.4,8.3
USW00093987,"LUFKIN ANGELINA CO AIRPORT, TX US",31.23593,-94.75468,87.1,11/3/2009,0,NA,25,8.3
USW00093987,"LUFKIN ANGELINA CO AIRPORT, TX US",31.23593,-94.75468,87.1,11/4/2009,0,NA,25.6,8.9
USW00093987,"LUFKIN ANGELINA CO AIRPORT, TX US",31.23593,-94.75468,87.1,11/5/2009,0,NA,25.6,9.4
USW00093987,"LUFKIN ANGELINA CO AIRPORT, TX US",31.23593,-94.75468,87.1,11/6/2009,0,NA,25.6,10
USW00093987,"LUFKIN ANGELINA CO AIRPORT, TX US",31.23593,-94.75468,87.1,11/7/2009,0,NA,24.4,8.9
USW00093987,"LUFKIN ANGELINA CO AIRPORT, TX US",31.23593,-94.75468,87.1,11/8/2009,0,NA,24.4,13.9
USW00093987,"LUFKIN ANGELINA CO AIRPORT, TX US",31.23593,-94.75468,87.1,11/9/2009,0,NA,23.9,17.8
USW00093987,"LUFKIN ANGELINA CO AIRPORT, TX US",31.23593,-94.75468,87.1,11/10/2009,0,NA,25.6,14.4
USW00093987,"LUFKIN ANGELINA CO AIRPORT, TX US",31.23593,-94.75468,87.1,11/11/2009,0,NA,25,12.8
USW00093987,"LUFKIN ANGELINA CO AIRPORT, TX US",31.23593,-94.75468,87.1,11/12/2009,0,NA,22.8,7.8
USW00093987,"LUFKIN ANGELINA CO AIRPORT, TX US",31.23593,-94.75468,87.1,11/13/2009,0,NA,22.8,7.8
USW00093987,"LUFKIN ANGELINA CO AIRPORT, TX US",31.23593,-94.75468,87.1,11/14/2009,0,NA,26.7,11.7
USW00093987,"LUFKIN ANGELINA CO AIRPORT, TX US",31.23593,-94.75468,87.1,11/15/2009,0,NA,27.2,15.6
USW00093987,"LUFKIN ANGELINA CO AIRPORT, TX US",31.23593,-94.75468,87.1,11/16/2009,33,NA,20.6,5.6
USW00093987,"LUFKIN ANGELINA CO AIRPORT, TX US",31.23593,-94.75468,87.1,11/17/2009,0,NA,15.6,3.9
USW00093987,"LUFKIN ANGELINA CO AIRPORT, TX US",31.23593,-94.75468,87.1,11/18/2009,0,NA,19.4,2.8
USW00093987,"LUFKIN ANGELINA CO AIRPORT, TX US",31.23593,-94.75468,87.1,11/19/2009,0,NA,21.1,3.9
USW00093987,"LUFKIN ANGELINA CO AIRPORT, TX US",31.23593,-94.75468,87.1,11/20/2009,0.5,NA,16.7,11.7
USW00093987,"LUFKIN ANGELINA CO AIRPORT, TX US",31.23593,-94.75468,87.1,11/21/2009,8.6,NA,13.3,9.4
USW00093987,"LUFKIN ANGELINA CO AIRPORT, TX US",31.23593,-94.75468,87.1,11/22/2009,0,NA,20.6,8.3
USW00093987,"LUFKIN ANGELINA CO AIRPORT, TX US",31.23593,-94.75468,87.1,11/23/2009,0,NA,20,9.4
USW00093987,"LUFKIN ANGELINA CO AIRPORT, TX US",31.23593,-94.75468,87.1,11/24/2009,0,NA,20,5.6
USW00093987,"LUFKIN ANGELINA CO AIRPORT, TX US",31.23593,-94.75468,87.1,11/25/2009,0,NA,18.9,2.2
USW00093987,"LUFKIN ANGELINA CO AIRPORT, TX US",31.23593,-94.75468,87.1,11/26/2009,0,NA,17.2,2.2
USW00093987,"LUFKIN ANGELINA CO AIRPORT, TX US",31.23593,-94.75468,87.1,11/27/2009,0,NA,20,1.7
USW00093987,"LUFKIN ANGELINA CO AIRPORT, TX US",31.23593,-94.75468,87.1,11/28/2009,0,NA,20.6,5
USW00093987,"LUFKIN ANGELINA CO AIRPORT, TX US",31.23593,-94.75468,87.1,11/29/2009,7.1,NA,24.4,15.6
USW00093987,"LUFKIN ANGELINA CO AIRPORT, TX US",31.23593,-94.75468,87.1,11/30/2009,11.7,NA,15,7.2
USW00093987,"LUFKIN ANGELINA CO AIRPORT, TX US",31.23593,-94.75468,87.1,12/1/2009,19.8,NA,10.6,6.7
USW00093987,"LUFKIN ANGELINA CO AIRPORT, TX US",31.23593,-94.75468,87.1,12/2/2009,0.3,NA,8.3,6.1
USW00093987,"LUFKIN ANGELINA CO AIRPORT, TX US",31.23593,-94.75468,87.1,12/3/2009,0,NA,11.7,1.7
USW00093987,"LUFKIN ANGELINA CO AIRPORT, TX US",31.23593,-94.75468,87.1,12/4/2009,0,NA,5,-2.8
USW00093987,"LUFKIN ANGELINA CO AIRPORT, TX US",31.23593,-94.75468,87.1,12/5/2009,0,NA,8.9,-5.6
USW00093987,"LUFKIN ANGELINA CO AIRPORT, TX US",31.23593,-94.75468,87.1,12/6/2009,0.5,NA,11.7,0.6
USW00093987,"LUFKIN ANGELINA CO AIRPORT, TX US",31.23593,-94.75468,87.1,12/7/2009,2.8,NA,12.2,9.4
USW00093987,"LUFKIN ANGELINA CO AIRPORT, TX US",31.23593,-94.75468,87.1,12/8/2009,2.8,NA,20.6,10.6
USW00093987,"LUFKIN ANGELINA CO AIRPORT, TX US",31.23593,-94.75468,87.1,12/9/2009,0,NA,12.2,0.6
USW00093987,"LUFKIN ANGELINA CO AIRPORT, TX US",31.23593,-94.75468,87.1,12/10/2009,0,NA,8.9,-1.1
USW00093987,"LUFKIN ANGELINA CO AIRPORT, TX US",31.23593,-94.75468,87.1,12/11/2009,0,NA,8.9,4.4
USW00093987,"LUFKIN ANGELINA CO AIRPORT, TX US",31.23593,-94.75468,87.1,12/12/2009,8.9,NA,11.7,7.8
USW00093987,"LUFKIN ANGELINA CO AIRPORT, TX US",31.23593,-94.75468,87.1,12/13/2009,0,NA,13.9,8.9
USW00093987,"LUFKIN ANGELINA CO AIRPORT, TX US",31.23593,-94.75468,87.1,12/14/2009,2.3,NA,15.6,11.7
USW00093987,"LUFKIN ANGELINA CO AIRPORT, TX US",31.23593,-94.75468,87.1,12/15/2009,3.6,NA,16.1,6.7
USW00093987,"LUFKIN ANGELINA CO AIRPORT, TX US",31.23593,-94.75468,87.1,12/16/2009,0,NA,15,2.2
USW00093987,"LUFKIN ANGELINA CO AIRPORT, TX US",31.23593,-94.75468,87.1,12/17/2009,0.3,NA,9.4,5
USW00093987,"LUFKIN ANGELINA CO AIRPORT, TX US",31.23593,-94.75468,87.1,12/18/2009,0,NA,18.3,1.1
USW00093987,"LUFKIN ANGELINA CO AIRPORT, TX US",31.23593,-94.75468,87.1,12/19/2009,0,NA,15,1.7
USW00093987,"LUFKIN ANGELINA CO AIRPORT, TX US",31.23593,-94.75468,87.1,12/20/2009,0,NA,14.4,-2.2
USW00093987,"LUFKIN ANGELINA CO AIRPORT, TX US",31.23593,-94.75468,87.1,12/21/2009,0,NA,19.4,0.6
USW00093987,"LUFKIN ANGELINA CO AIRPORT, TX US",31.23593,-94.75468,87.1,12/22/2009,5.6,NA,20,7.2
USW00093987,"LUFKIN ANGELINA CO AIRPORT, TX US",31.23593,-94.75468,87.1,12/23/2009,44.5,NA,22.8,15.6
USW00093987,"LUFKIN ANGELINA CO AIRPORT, TX US",31.23593,-94.75468,87.1,12/24/2009,7.1,NA,20.6,1.1
USW00093987,"LUFKIN ANGELINA CO AIRPORT, TX US",31.23593,-94.75468,87.1,12/25/2009,0,NA,8.9,-2.2
USW00093987,"LUFKIN ANGELINA CO AIRPORT, TX US",31.23593,-94.75468,87.1,12/26/2009,0,NA,13.3,-2.8
USW00093987,"LUFKIN ANGELINA CO AIRPORT, TX US",31.23593,-94.75468,87.1,12/27/2009,0,NA,12.8,-2.2
USW00093987,"LUFKIN ANGELINA CO AIRPORT, TX US",31.23593,-94.75468,87.1,12/28/2009,0,NA,10,-2.8
USW00093987,"LUFKIN ANGELINA CO AIRPORT, TX US",31.23593,-94.75468,87.1,12/29/2009,2.3,NA,7.8,-3.3
USW00093987,"LUFKIN ANGELINA CO AIRPORT, TX US",31.23593,-94.75468,87.1,12/30/2009,11.7,NA,9.4,5.6
USW00093987,"LUFKIN ANGELINA CO AIRPORT, TX US",31.23593,-94.75468,87.1,12/31/2009,2.5,NA,15,7.8
USW00093987,"LUFKIN ANGELINA CO AIRPORT, TX US",31.23593,-94.75468,87.1,1/1/2010,0,NA,12.2,-0.6
USW00093987,"LUFKIN ANGELINA CO AIRPORT, TX US",31.23593,-94.75468,87.1,1/2/2010,0,NA,12.2,-2.2
USW00093987,"LUFKIN ANGELINA CO AIRPORT, TX US",31.23593,-94.75468,87.1,1/3/2010,0,NA,12.2,-0.6
USW00093987,"LUFKIN ANGELINA CO AIRPORT, TX US",31.23593,-94.75468,87.1,1/4/2010,0,NA,6.7,-3.3
USW00093987,"LUFKIN ANGELINA CO AIRPORT, TX US",31.23593,-94.75468,87.1,1/5/2010,0,NA,8.3,-5.6
USW00093987,"LUFKIN ANGELINA CO AIRPORT, TX US",31.23593,-94.75468,87.1,1/6/2010,0,NA,8.3,-4.4
USW00093987,"LUFKIN ANGELINA CO AIRPORT, TX US",31.23593,-94.75468,87.1,1/7/2010,5.6,NA,8.9,-3.9
USW00093987,"LUFKIN ANGELINA CO AIRPORT, TX US",31.23593,-94.75468,87.1,1/8/2010,0,NA,-1.1,-6.7
USW00093987,"LUFKIN ANGELINA CO AIRPORT, TX US",31.23593,-94.75468,87.1,1/9/2010,0,NA,3.9,-10
USW00093987,"LUFKIN ANGELINA CO AIRPORT, TX US",31.23593,-94.75468,87.1,1/10/2010,0,NA,6.7,-8.9
USW00093987,"LUFKIN ANGELINA CO AIRPORT, TX US",31.23593,-94.75468,87.1,1/11/2010,0,NA,12.2,-7.8
USW00093987,"LUFKIN ANGELINA CO AIRPORT, TX US",31.23593,-94.75468,87.1,1/12/2010,0,NA,16.7,-3.3
USW00093987,"LUFKIN ANGELINA CO AIRPORT, TX US",31.23593,-94.75468,87.1,1/13/2010,0,NA,15.6,-1.7
USW00093987,"LUFKIN ANGELINA CO AIRPORT, TX US",31.23593,-94.75468,87.1,1/14/2010,0.3,NA,17.8,5.6
USW00093987,"LUFKIN ANGELINA CO AIRPORT, TX US",31.23593,-94.75468,87.1,1/15/2010,2.3,NA,12.8,8.9
USW00093987,"LUFKIN ANGELINA CO AIRPORT, TX US",31.23593,-94.75468,87.1,1/16/2010,0.3,NA,9.4,7.2
USW00093987,"LUFKIN ANGELINA CO AIRPORT, TX US",31.23593,-94.75468,87.1,1/17/2010,0,NA,17.8,2.8
USW00093987,"LUFKIN ANGELINA CO AIRPORT, TX US",31.23593,-94.75468,87.1,1/18/2010,0,NA,21.1,1.7
USW00093987,"LUFKIN ANGELINA CO AIRPORT, TX US",31.23593,-94.75468,87.1,1/19/2010,0,NA,23.9,11.7
USW00093987,"LUFKIN ANGELINA CO AIRPORT, TX US",31.23593,-94.75468,87.1,1/20/2010,0.3,NA,24.4,17.8
USW00093987,"LUFKIN ANGELINA CO AIRPORT, TX US",31.23593,-94.75468,87.1,1/21/2010,0,NA,23.9,7.2
USW00093987,"LUFKIN ANGELINA CO AIRPORT, TX US",31.23593,-94.75468,87.1,1/22/2010,0,NA,26.1,3.9
USW00093987,"LUFKIN ANGELINA CO AIRPORT, TX US",31.23593,-94.75468,87.1,1/23/2010,0.8,NA,22.8,13.3
USW00093987,"LUFKIN ANGELINA CO AIRPORT, TX US",31.23593,-94.75468,87.1,1/24/2010,0,NA,19.4,5
USW00093987,"LUFKIN ANGELINA CO AIRPORT, TX US",31.23593,-94.75468,87.1,1/25/2010,0,NA,17.8,0.6
USW00093987,"LUFKIN ANGELINA CO AIRPORT, TX US",31.23593,-94.75468,87.1,1/26/2010,0,NA,19.4,-0.6
USW00093987,"LUFKIN ANGELINA CO AIRPORT, TX US",31.23593,-94.75468,87.1,1/27/2010,0,NA,17.8,2.8
USW00093987,"LUFKIN ANGELINA CO AIRPORT, TX US",31.23593,-94.75468,87.1,1/28/2010,0.5,NA,20.6,11.7
USW00093987,"LUFKIN ANGELINA CO AIRPORT, TX US",31.23593,-94.75468,87.1,1/29/2010,36.3,NA,13.9,2.8
USW00093987,"LUFKIN ANGELINA CO AIRPORT, TX US",31.23593,-94.75468,87.1,1/30/2010,0,NA,2.8,0
USW00093987,"LUFKIN ANGELINA CO AIRPORT, TX US",31.23593,-94.75468,87.1,1/31/2010,0,NA,11.1,0.6
USW00093987,"LUFKIN ANGELINA CO AIRPORT, TX US",31.23593,-94.75468,87.1,2/1/2010,0,NA,11.1,1.7
USW00093987,"LUFKIN ANGELINA CO AIRPORT, TX US",31.23593,-94.75468,87.1,2/2/2010,0,NA,16.7,6.1
USW00093987,"LUFKIN ANGELINA CO AIRPORT, TX US",31.23593,-94.75468,87.1,2/3/2010,6.6,NA,11.1,5.6
USW00093987,"LUFKIN ANGELINA CO AIRPORT, TX US",31.23593,-94.75468,87.1,2/4/2010,11.2,NA,10,6.7
USW00093987,"LUFKIN ANGELINA CO AIRPORT, TX US",31.23593,-94.75468,87.1,2/5/2010,0,NA,15,6.1
USW00093987,"LUFKIN ANGELINA CO AIRPORT, TX US",31.23593,-94.75468,87.1,2/6/2010,0,NA,13.9,2.2
USW00093987,"LUFKIN ANGELINA CO AIRPORT, TX US",31.23593,-94.75468,87.1,2/7/2010,0,NA,11.7,0
USW00093987,"LUFKIN ANGELINA CO AIRPORT, TX US",31.23593,-94.75468,87.1,2/8/2010,23.4,NA,17.8,5
USW00093987,"LUFKIN ANGELINA CO AIRPORT, TX US",31.23593,-94.75468,87.1,2/9/2010,0,NA,8.3,0.6
USW00093987,"LUFKIN ANGELINA CO AIRPORT, TX US",31.23593,-94.75468,87.1,2/10/2010,0,NA,7.8,-1.1
USW00093987,"LUFKIN ANGELINA CO AIRPORT, TX US",31.23593,-94.75468,87.1,2/11/2010,24.4,NA,4.4,0.6
USW00093987,"LUFKIN ANGELINA CO AIRPORT, TX US",31.23593,-94.75468,87.1,2/12/2010,4.6,NA,2.8,0.6
USW00093987,"LUFKIN ANGELINA CO AIRPORT, TX US",31.23593,-94.75468,87.1,2/13/2010,0,NA,11.1,0
USW00093987,"LUFKIN ANGELINA CO AIRPORT, TX US",31.23593,-94.75468,87.1,2/14/2010,0,NA,16.7,1.7
USW00093987,"LUFKIN ANGELINA CO AIRPORT, TX US",31.23593,-94.75468,87.1,2/15/2010,0,NA,10,-1.7
USW00093987,"LUFKIN ANGELINA CO AIRPORT, TX US",31.23593,-94.75468,87.1,2/16/2010,0,NA,13.3,-3.9
USW00093987,"LUFKIN ANGELINA CO AIRPORT, TX US",31.23593,-94.75468,87.1,2/17/2010,0,NA,14.4,-3.9
USW00093987,"LUFKIN ANGELINA CO AIRPORT, TX US",31.23593,-94.75468,87.1,2/18/2010,0,NA,17.8,-2.8
USW00093987,"LUFKIN ANGELINA CO AIRPORT, TX US",31.23593,-94.75468,87.1,2/19/2010,0,NA,18.9,2.2
USW00093987,"LUFKIN ANGELINA CO AIRPORT, TX US",31.23593,-94.75468,87.1,2/20/2010,0,NA,22.2,6.1
USW00093987,"LUFKIN ANGELINA CO AIRPORT, TX US",31.23593,-94.75468,87.1,2/21/2010,3.6,NA,22.8,12.8
USW00093987,"LUFKIN ANGELINA CO AIRPORT, TX US",31.23593,-94.75468,87.1,2/22/2010,0,NA,13.9,5
USW00093987,"LUFKIN ANGELINA CO AIRPORT, TX US",31.23593,-94.75468,87.1,2/23/2010,9.1,NA,5.6,0.6
USW00093987,"LUFKIN ANGELINA CO AIRPORT, TX US",31.23593,-94.75468,87.1,2/24/2010,0,NA,9.4,-1.1
USW00093987,"LUFKIN ANGELINA CO AIRPORT, TX US",31.23593,-94.75468,87.1,2/25/2010,0,NA,16.1,-3.9
USW00093987,"LUFKIN ANGELINA CO AIRPORT, TX US",31.23593,-94.75468,87.1,2/26/2010,7.9,NA,12.2,5
USW00093987,"LUFKIN ANGELINA CO AIRPORT, TX US",31.23593,-94.75468,87.1,2/27/2010,0,NA,16.7,3.3
USW00093987,"LUFKIN ANGELINA CO AIRPORT, TX US",31.23593,-94.75468,87.1,2/28/2010,0,NA,20,0.6
USW00093987,"LUFKIN ANGELINA CO AIRPORT, TX US",31.23593,-94.75468,87.1,3/1/2010,26.7,NA,10,6.1
USW00093987,"LUFKIN ANGELINA CO AIRPORT, TX US",31.23593,-94.75468,87.1,3/2/2010,0,NA,13.9,1.7
USW00093987,"LUFKIN ANGELINA CO AIRPORT, TX US",31.23593,-94.75468,87.1,3/3/2010,0,NA,16.1,-1.1
USW00093987,"LUFKIN ANGELINA CO AIRPORT, TX US",31.23593,-94.75468,87.1,3/4/2010,0,NA,19.4,0.6
USW00093987,"LUFKIN ANGELINA CO AIRPORT, TX US",31.23593,-94.75468,87.1,3/5/2010,0,NA,21.1,4.4
USW00093987,"LUFKIN ANGELINA CO AIRPORT, TX US",31.23593,-94.75468,87.1,3/6/2010,0,NA,21.7,2.2
USW00093987,"LUFKIN ANGELINA CO AIRPORT, TX US",31.23593,-94.75468,87.1,3/7/2010,0,NA,17.8,7.2
USW00093987,"LUFKIN ANGELINA CO AIRPORT, TX US",31.23593,-94.75468,87.1,3/8/2010,27.2,NA,16.7,11.7
USW00093987,"LUFKIN ANGELINA CO AIRPORT, TX US",31.23593,-94.75468,87.1,3/9/2010,0.3,NA,26.7,15
USW00093987,"LUFKIN ANGELINA CO AIRPORT, TX US",31.23593,-94.75468,87.1,3/10/2010,0.3,NA,26.7,13.3
USW00093987,"LUFKIN ANGELINA CO AIRPORT, TX US",31.23593,-94.75468,87.1,3/11/2010,0.3,NA,24.4,10.6
USW00093987,"LUFKIN ANGELINA CO AIRPORT, TX US",31.23593,-94.75468,87.1,3/12/2010,0,NA,19.4,7.8
USW00093987,"LUFKIN ANGELINA CO AIRPORT, TX US",31.23593,-94.75468,87.1,3/13/2010,0,NA,21.1,5
USW00093987,"LUFKIN ANGELINA CO AIRPORT, TX US",31.23593,-94.75468,87.1,3/14/2010,0,NA,26.1,4.4
USW00093987,"LUFKIN ANGELINA CO AIRPORT, TX US",31.23593,-94.75468,87.1,3/15/2010,0,NA,22.2,10.6
USW00093987,"LUFKIN ANGELINA CO AIRPORT, TX US",31.23593,-94.75468,87.1,3/16/2010,6.9,NA,15,11.1
USW00093987,"LUFKIN ANGELINA CO AIRPORT, TX US",31.23593,-94.75468,87.1,3/17/2010,0,NA,20,7.2
USW00093987,"LUFKIN ANGELINA CO AIRPORT, TX US",31.23593,-94.75468,87.1,3/18/2010,0,NA,19.4,2.8
USW00093987,"LUFKIN ANGELINA CO AIRPORT, TX US",31.23593,-94.75468,87.1,3/19/2010,0,NA,23.3,3.9
USW00093987,"LUFKIN ANGELINA CO AIRPORT, TX US",31.23593,-94.75468,87.1,3/20/2010,9.9,NA,15.6,2.8
USW00093987,"LUFKIN ANGELINA CO AIRPORT, TX US",31.23593,-94.75468,87.1,3/21/2010,1.3,NA,6.7,1.7
USW00093987,"LUFKIN ANGELINA CO AIRPORT, TX US",31.23593,-94.75468,87.1,3/22/2010,0,NA,21.1,2.8
USW00093987,"LUFKIN ANGELINA CO AIRPORT, TX US",31.23593,-94.75468,87.1,3/23/2010,0,NA,24.4,2.2
USW00093987,"LUFKIN ANGELINA CO AIRPORT, TX US",31.23593,-94.75468,87.1,3/24/2010,3.3,NA,22.8,10
USW00093987,"LUFKIN ANGELINA CO AIRPORT, TX US",31.23593,-94.75468,87.1,3/25/2010,0,NA,18.3,9.4
USW00093987,"LUFKIN ANGELINA CO AIRPORT, TX US",31.23593,-94.75468,87.1,3/26/2010,0,NA,21.7,6.1
USW00093987,"LUFKIN ANGELINA CO AIRPORT, TX US",31.23593,-94.75468,87.1,3/27/2010,0,NA,25.6,10.6
USW00093987,"LUFKIN ANGELINA CO AIRPORT, TX US",31.23593,-94.75468,87.1,3/28/2010,0,NA,20,7.8
USW00093987,"LUFKIN ANGELINA CO AIRPORT, TX US",31.23593,-94.75468,87.1,3/29/2010,0,NA,22.8,3.9
USW00093987,"LUFKIN ANGELINA CO AIRPORT, TX US",31.23593,-94.75468,87.1,3/30/2010,0,NA,26.7,5.6
USW00093987,"LUFKIN ANGELINA CO AIRPORT, TX US",31.23593,-94.75468,87.1,3/31/2010,0,NA,28.3,9.4
USW00093987,"LUFKIN ANGELINA CO AIRPORT, TX US",31.23593,-94.75468,87.1,4/1/2010,0,NA,28.3,13.9
USW00093987,"LUFKIN ANGELINA CO AIRPORT, TX US",31.23593,-94.75468,87.1,4/2/2010,0,NA,27.2,18.9
USW00093987,"LUFKIN ANGELINA CO AIRPORT, TX US",31.23593,-94.75468,87.1,4/3/2010,0,NA,30.6,16.1
USW00093987,"LUFKIN ANGELINA CO AIRPORT, TX US",31.23593,-94.75468,87.1,4/4/2010,0,NA,28.9,16.7
USW00093987,"LUFKIN ANGELINA CO AIRPORT, TX US",31.23593,-94.75468,87.1,4/5/2010,0,NA,29.4,18.9
USW00093987,"LUFKIN ANGELINA CO AIRPORT, TX US",31.23593,-94.75468,87.1,4/6/2010,0,NA,28.3,19.4
USW00093987,"LUFKIN ANGELINA CO AIRPORT, TX US",31.23593,-94.75468,87.1,4/7/2010,7.1,NA,25,13.9
USW00093987,"LUFKIN ANGELINA CO AIRPORT, TX US",31.23593,-94.75468,87.1,4/8/2010,0,NA,21.1,6.7
USW00093987,"LUFKIN ANGELINA CO AIRPORT, TX US",31.23593,-94.75468,87.1,4/9/2010,0,NA,23.9,3.3
USW00093987,"LUFKIN ANGELINA CO AIRPORT, TX US",31.23593,-94.75468,87.1,4/10/2010,0,NA,25.6,7.2
USW00093987,"LUFKIN ANGELINA CO AIRPORT, TX US",31.23593,-94.75468,87.1,4/11/2010,0,NA,27.2,9.4
USW00093987,"LUFKIN ANGELINA CO AIRPORT, TX US",31.23593,-94.75468,87.1,4/12/2010,0,NA,28.3,11.7
USW00093987,"LUFKIN ANGELINA CO AIRPORT, TX US",31.23593,-94.75468,87.1,4/13/2010,0,NA,28.3,12.8
USW00093987,"LUFKIN ANGELINA CO AIRPORT, TX US",31.23593,-94.75468,87.1,4/14/2010,0,NA,28.3,13.3
USW00093987,"LUFKIN ANGELINA CO AIRPORT, TX US",31.23593,-94.75468,87.1,4/15/2010,0,NA,28.9,17.2
USW00093987,"LUFKIN ANGELINA CO AIRPORT, TX US",31.23593,-94.75468,87.1,4/16/2010,0,NA,28.3,15
USW00093987,"LUFKIN ANGELINA CO AIRPORT, TX US",31.23593,-94.75468,87.1,4/17/2010,0.8,NA,24.4,14.4
USW00093987,"LUFKIN ANGELINA CO AIRPORT, TX US",31.23593,-94.75468,87.1,4/18/2010,0,NA,24.4,13.9
USW00093987,"LUFKIN ANGELINA CO AIRPORT, TX US",31.23593,-94.75468,87.1,4/19/2010,0,NA,21.1,13.9
USW00093987,"LUFKIN ANGELINA CO AIRPORT, TX US",31.23593,-94.75468,87.1,4/20/2010,0,NA,24.4,13.3
USW00093987,"LUFKIN ANGELINA CO AIRPORT, TX US",31.23593,-94.75468,87.1,4/21/2010,0,NA,27.2,10.6
USW00093987,"LUFKIN ANGELINA CO AIRPORT, TX US",31.23593,-94.75468,87.1,4/22/2010,0,NA,27.8,15
USW00093987,"LUFKIN ANGELINA CO AIRPORT, TX US",31.23593,-94.75468,87.1,4/23/2010,5.1,NA,29.4,20
USW00093987,"LUFKIN ANGELINA CO AIRPORT, TX US",31.23593,-94.75468,87.1,4/24/2010,1.3,NA,28.9,15.6
USW00093987,"LUFKIN ANGELINA CO AIRPORT, TX US",31.23593,-94.75468,87.1,4/25/2010,0,NA,26.1,12.8
USW00093987,"LUFKIN ANGELINA CO AIRPORT, TX US",31.23593,-94.75468,87.1,4/26/2010,1,NA,30,10
USW00093987,"LUFKIN ANGELINA CO AIRPORT, TX US",31.23593,-94.75468,87.1,4/27/2010,0.8,NA,25,9.4
USW00093987,"LUFKIN ANGELINA CO AIRPORT, TX US",31.23593,-94.75468,87.1,4/28/2010,0,NA,28.3,7.2
USW00093987,"LUFKIN ANGELINA CO AIRPORT, TX US",31.23593,-94.75468,87.1,4/29/2010,0,NA,29.4,14.4
USW00093987,"LUFKIN ANGELINA CO AIRPORT, TX US",31.23593,-94.75468,87.1,4/30/2010,1.5,NA,26.7,21.7
USW00093987,"LUFKIN ANGELINA CO AIRPORT, TX US",31.23593,-94.75468,87.1,5/1/2010,0.3,NA,32.2,22.8
USW00093987,"LUFKIN ANGELINA CO AIRPORT, TX US",31.23593,-94.75468,87.1,5/2/2010,0,NA,28.9,12.8
USW00093987,"LUFKIN ANGELINA CO AIRPORT, TX US",31.23593,-94.75468,87.1,5/3/2010,0,NA,33.9,10.6
USW00093987,"LUFKIN ANGELINA CO AIRPORT, TX US",31.23593,-94.75468,87.1,5/4/2010,0,NA,30,10
USW00093987,"LUFKIN ANGELINA CO AIRPORT, TX US",31.23593,-94.75468,87.1,5/5/2010,0,NA,33.9,12.2
USW00093987,"LUFKIN ANGELINA CO AIRPORT, TX US",31.23593,-94.75468,87.1,5/6/2010,0,NA,33.3,14.4
USW00093987,"LUFKIN ANGELINA CO AIRPORT, TX US",31.23593,-94.75468,87.1,5/7/2010,16.8,NA,34.4,20
USW00093987,"LUFKIN ANGELINA CO AIRPORT, TX US",31.23593,-94.75468,87.1,5/8/2010,0,NA,25.6,17.2
USW00093987,"LUFKIN ANGELINA CO AIRPORT, TX US",31.23593,-94.75468,87.1,5/9/2010,0,NA,20.6,16.1
USW00093987,"LUFKIN ANGELINA CO AIRPORT, TX US",31.23593,-94.75468,87.1,5/10/2010,0,NA,31.1,18.3
USW00093987,"LUFKIN ANGELINA CO AIRPORT, TX US",31.23593,-94.75468,87.1,5/11/2010,0,NA,33.3,20.6
USW00093987,"LUFKIN ANGELINA CO AIRPORT, TX US",31.23593,-94.75468,87.1,5/12/2010,0,NA,32.8,22.8
USW00093987,"LUFKIN ANGELINA CO AIRPORT, TX US",31.23593,-94.75468,87.1,5/13/2010,0,NA,31.1,22.8
USW00093987,"LUFKIN ANGELINA CO AIRPORT, TX US",31.23593,-94.75468,87.1,5/14/2010,7.4,NA,32.2,20
USW00093987,"LUFKIN ANGELINA CO AIRPORT, TX US",31.23593,-94.75468,87.1,5/15/2010,0.3,NA,28.3,19.4
USW00093987,"LUFKIN ANGELINA CO AIRPORT, TX US",31.23593,-94.75468,87.1,5/16/2010,0,NA,32.2,18.3
USW00093987,"LUFKIN ANGELINA CO AIRPORT, TX US",31.23593,-94.75468,87.1,5/17/2010,2.3,NA,33.3,20
USW00093987,"LUFKIN ANGELINA CO AIRPORT, TX US",31.23593,-94.75468,87.1,5/18/2010,0,NA,31.7,18.9
USW00093987,"LUFKIN ANGELINA CO AIRPORT, TX US",31.23593,-94.75468,87.1,5/19/2010,0,NA,32.8,19.4
USW00093987,"LUFKIN ANGELINA CO AIRPORT, TX US",31.23593,-94.75468,87.1,5/20/2010,0,NA,32.8,22.8
USW00093987,"LUFKIN ANGELINA CO AIRPORT, TX US",31.23593,-94.75468,87.1,5/21/2010,0,NA,34.4,21.7
USW00093987,"LUFKIN ANGELINA CO AIRPORT, TX US",31.23593,-94.75468,87.1,5/22/2010,0,NA,34.4,23.3
USW00093987,"LUFKIN ANGELINA CO AIRPORT, TX US",31.23593,-94.75468,87.1,5/23/2010,0,NA,35,22.2
USW00093987,"LUFKIN ANGELINA CO AIRPORT, TX US",31.23593,-94.75468,87.1,5/24/2010,0,NA,34.4,21.7
USW00093987,"LUFKIN ANGELINA CO AIRPORT, TX US",31.23593,-94.75468,87.1,5/25/2010,0,NA,33.9,20.6
USW00093987,"LUFKIN ANGELINA CO AIRPORT, TX US",31.23593,-94.75468,87.1,5/26/2010,4.3,NA,35.6,20
USW00093987,"LUFKIN ANGELINA CO AIRPORT, TX US",31.23593,-94.75468,87.1,5/27/2010,0,NA,35,18.9
USW00093987,"LUFKIN ANGELINA CO AIRPORT, TX US",31.23593,-94.75468,87.1,5/28/2010,19.8,NA,34.4,20
USW00093987,"LUFKIN ANGELINA CO AIRPORT, TX US",31.23593,-94.75468,87.1,5/29/2010,0,NA,35,20.6
USW00093987,"LUFKIN ANGELINA CO AIRPORT, TX US",31.23593,-94.75468,87.1,5/30/2010,0,NA,36.7,20.6
USW00093987,"LUFKIN ANGELINA CO AIRPORT, TX US",31.23593,-94.75468,87.1,5/31/2010,10.9,NA,33.3,20.6
USW00093987,"LUFKIN ANGELINA CO AIRPORT, TX US",31.23593,-94.75468,87.1,6/1/2010,0,NA,35.6,22.2
USW00093987,"LUFKIN ANGELINA CO AIRPORT, TX US",31.23593,-94.75468,87.1,6/2/2010,33.5,NA,34.4,20.6
USW00093987,"LUFKIN ANGELINA CO AIRPORT, TX US",31.23593,-94.75468,87.1,6/3/2010,19.1,NA,30.6,22.2
USW00093987,"LUFKIN ANGELINA CO AIRPORT, TX US",31.23593,-94.75468,87.1,6/4/2010,1.5,NA,31.1,22.2
USW00093987,"LUFKIN ANGELINA CO AIRPORT, TX US",31.23593,-94.75468,87.1,6/5/2010,0,NA,34.4,21.7
USW00093987,"LUFKIN ANGELINA CO AIRPORT, TX US",31.23593,-94.75468,87.1,6/6/2010,0,NA,35.6,23.9
USW00093987,"LUFKIN ANGELINA CO AIRPORT, TX US",31.23593,-94.75468,87.1,6/7/2010,0.3,NA,34.4,22.8
USW00093987,"LUFKIN ANGELINA CO AIRPORT, TX US",31.23593,-94.75468,87.1,6/8/2010,14.5,NA,31.1,22.2
USW00093987,"LUFKIN ANGELINA CO AIRPORT, TX US",31.23593,-94.75468,87.1,6/9/2010,10.9,NA,28.3,23.3
USW00093987,"LUFKIN ANGELINA CO AIRPORT, TX US",31.23593,-94.75468,87.1,6/10/2010,0.5,NA,32.2,24.4
USW00093987,"LUFKIN ANGELINA CO AIRPORT, TX US",31.23593,-94.75468,87.1,6/11/2010,0,NA,34.4,23.3
USW00093987,"LUFKIN ANGELINA CO AIRPORT, TX US",31.23593,-94.75468,87.1,6/12/2010,0,NA,35.6,25.6
USW00093987,"LUFKIN ANGELINA CO AIRPORT, TX US",31.23593,-94.75468,87.1,6/13/2010,0,NA,35.6,25.6
USW00093987,"LUFKIN ANGELINA CO AIRPORT, TX US",31.23593,-94.75468,87.1,6/14/2010,0,NA,35.6,23.3
USW00093987,"LUFKIN ANGELINA CO AIRPORT, TX US",31.23593,-94.75468,87.1,6/15/2010,0,NA,35,22.8
USW00093987,"LUFKIN ANGELINA CO AIRPORT, TX US",31.23593,-94.75468,87.1,6/16/2010,0,NA,35.6,23.9
USW00093987,"LUFKIN ANGELINA CO AIRPORT, TX US",31.23593,-94.75468,87.1,6/17/2010,0,NA,35,23.3
USW00093987,"LUFKIN ANGELINA CO AIRPORT, TX US",31.23593,-94.75468,87.1,6/18/2010,0,NA,36.1,23.3
USW00093987,"LUFKIN ANGELINA CO AIRPORT, TX US",31.23593,-94.75468,87.1,6/19/2010,0,NA,35.6,23.3
USW00093987,"LUFKIN ANGELINA CO AIRPORT, TX US",31.23593,-94.75468,87.1,6/20/2010,0,NA,37.2,23.3
USW00093987,"LUFKIN ANGELINA CO AIRPORT, TX US",31.23593,-94.75468,87.1,6/21/2010,0,NA,36.7,23.9
USW00093987,"LUFKIN ANGELINA CO AIRPORT, TX US",31.23593,-94.75468,87.1,6/22/2010,0,NA,37.8,23.3
USW00093987,"LUFKIN ANGELINA CO AIRPORT, TX US",31.23593,-94.75468,87.1,6/23/2010,7.1,NA,33.9,24.4
USW00093987,"LUFKIN ANGELINA CO AIRPORT, TX US",31.23593,-94.75468,87.1,6/24/2010,0,NA,33.3,25
USW00093987,"LUFKIN ANGELINA CO AIRPORT, TX US",31.23593,-94.75468,87.1,6/25/2010,0,NA,36.7,23.3
USW00093987,"LUFKIN ANGELINA CO AIRPORT, TX US",31.23593,-94.75468,87.1,6/26/2010,0,NA,36.7,22.8
USW00093987,"LUFKIN ANGELINA CO AIRPORT, TX US",31.23593,-94.75468,87.1,6/27/2010,0,NA,36.7,22.8
USW00093987,"LUFKIN ANGELINA CO AIRPORT, TX US",31.23593,-94.75468,87.1,6/28/2010,6.1,NA,36.7,24.4
USW00093987,"LUFKIN ANGELINA CO AIRPORT, TX US",31.23593,-94.75468,87.1,6/29/2010,1,NA,34.4,23.9
USW00093987,"LUFKIN ANGELINA CO AIRPORT, TX US",31.23593,-94.75468,87.1,6/30/2010,4.1,NA,30,23.3
USW00093987,"LUFKIN ANGELINA CO AIRPORT, TX US",31.23593,-94.75468,87.1,7/1/2010,13,NA,32.8,24.4
USW00093987,"LUFKIN ANGELINA CO AIRPORT, TX US",31.23593,-94.75468,87.1,7/2/2010,40.4,NA,31.1,23.3
USW00093987,"LUFKIN ANGELINA CO AIRPORT, TX US",31.23593,-94.75468,87.1,7/3/2010,13,NA,32.2,23.9
USW00093987,"LUFKIN ANGELINA CO AIRPORT, TX US",31.23593,-94.75468,87.1,7/4/2010,1,NA,33.9,23.9
USW00093987,"LUFKIN ANGELINA CO AIRPORT, TX US",31.23593,-94.75468,87.1,7/5/2010,0,NA,34.4,24.4
USW00093987,"LUFKIN ANGELINA CO AIRPORT, TX US",31.23593,-94.75468,87.1,7/6/2010,0,NA,34.4,24.4
USW00093987,"LUFKIN ANGELINA CO AIRPORT, TX US",31.23593,-94.75468,87.1,7/7/2010,43.9,NA,31.1,23.3
USW00093987,"LUFKIN ANGELINA CO AIRPORT, TX US",31.23593,-94.75468,87.1,7/8/2010,0.3,NA,33.3,24.4
USW00093987,"LUFKIN ANGELINA CO AIRPORT, TX US",31.23593,-94.75468,87.1,7/9/2010,0,NA,34.4,23.9
USW00093987,"LUFKIN ANGELINA CO AIRPORT, TX US",31.23593,-94.75468,87.1,7/10/2010,0,NA,33.9,24.4
USW00093987,"LUFKIN ANGELINA CO AIRPORT, TX US",31.23593,-94.75468,87.1,7/11/2010,0,NA,33.9,25
USW00093987,"LUFKIN ANGELINA CO AIRPORT, TX US",31.23593,-94.75468,87.1,7/12/2010,0,NA,35,23.9
USW00093987,"LUFKIN ANGELINA CO AIRPORT, TX US",31.23593,-94.75468,87.1,7/13/2010,0,NA,35.6,26.1
USW00093987,"LUFKIN ANGELINA CO AIRPORT, TX US",31.23593,-94.75468,87.1,7/14/2010,0,NA,35,23.3
USW00093987,"LUFKIN ANGELINA CO AIRPORT, TX US",31.23593,-94.75468,87.1,7/15/2010,0,NA,35,23.3
USW00093987,"LUFKIN ANGELINA CO AIRPORT, TX US",31.23593,-94.75468,87.1,7/16/2010,0,NA,36.1,25
USW00093987,"LUFKIN ANGELINA CO AIRPORT, TX US",31.23593,-94.75468,87.1,7/17/2010,0,NA,35.6,23.9
USW00093987,"LUFKIN ANGELINA CO AIRPORT, TX US",31.23593,-94.75468,87.1,7/18/2010,5.1,NA,34.4,23.3
USW00093987,"LUFKIN ANGELINA CO AIRPORT, TX US",31.23593,-94.75468,87.1,7/19/2010,3.6,NA,31.7,23.9
USW00093987,"LUFKIN ANGELINA CO AIRPORT, TX US",31.23593,-94.75468,87.1,7/20/2010,0,NA,35.6,24.4
USW00093987,"LUFKIN ANGELINA CO AIRPORT, TX US",31.23593,-94.75468,87.1,7/21/2010,0.8,NA,36.1,23.9
USW00093987,"LUFKIN ANGELINA CO AIRPORT, TX US",31.23593,-94.75468,87.1,7/22/2010,3,NA,34.4,24.4
USW00093987,"LUFKIN ANGELINA CO AIRPORT, TX US",31.23593,-94.75468,87.1,7/23/2010,0,NA,35.6,23.9
USW00093987,"LUFKIN ANGELINA CO AIRPORT, TX US",31.23593,-94.75468,87.1,7/24/2010,0,NA,36.1,22.8
USW00093987,"LUFKIN ANGELINA CO AIRPORT, TX US",31.23593,-94.75468,87.1,7/25/2010,0,NA,37.2,22.8
USW00093987,"LUFKIN ANGELINA CO AIRPORT, TX US",31.23593,-94.75468,87.1,7/26/2010,16.3,NA,35,22.8
USW00093987,"LUFKIN ANGELINA CO AIRPORT, TX US",31.23593,-94.75468,87.1,7/27/2010,0,NA,34.4,23.9
USW00093987,"LUFKIN ANGELINA CO AIRPORT, TX US",31.23593,-94.75468,87.1,7/28/2010,0,NA,33.9,23.3
USW00093987,"LUFKIN ANGELINA CO AIRPORT, TX US",31.23593,-94.75468,87.1,7/29/2010,0,NA,36.1,24.4
USW00093987,"LUFKIN ANGELINA CO AIRPORT, TX US",31.23593,-94.75468,87.1,7/30/2010,0,NA,35.6,24.4
USW00093987,"LUFKIN ANGELINA CO AIRPORT, TX US",31.23593,-94.75468,87.1,7/31/2010,0,NA,37.2,24.4
USW00093987,"LUFKIN ANGELINA CO AIRPORT, TX US",31.23593,-94.75468,87.1,8/1/2010,0,NA,38.9,23.9
USW00093987,"LUFKIN ANGELINA CO AIRPORT, TX US",31.23593,-94.75468,87.1,8/2/2010,0,NA,38.9,23.3
USW00093987,"LUFKIN ANGELINA CO AIRPORT, TX US",31.23593,-94.75468,87.1,8/3/2010,0,NA,38.3,26.1
USW00093987,"LUFKIN ANGELINA CO AIRPORT, TX US",31.23593,-94.75468,87.1,8/4/2010,0,NA,37.8,25
USW00093987,"LUFKIN ANGELINA CO AIRPORT, TX US",31.23593,-94.75468,87.1,8/5/2010,0,NA,37.2,26.1
USW00093987,"LUFKIN ANGELINA CO AIRPORT, TX US",31.23593,-94.75468,87.1,8/6/2010,0,NA,37.2,25.6
USW00093987,"LUFKIN ANGELINA CO AIRPORT, TX US",31.23593,-94.75468,87.1,8/7/2010,0,NA,37.2,23.9
USW00093987,"LUFKIN ANGELINA CO AIRPORT, TX US",31.23593,-94.75468,87.1,8/8/2010,0,NA,37.2,24.4
USW00093987,"LUFKIN ANGELINA CO AIRPORT, TX US",31.23593,-94.75468,87.1,8/9/2010,0,NA,38.3,23.9
USW00093987,"LUFKIN ANGELINA CO AIRPORT, TX US",31.23593,-94.75468,87.1,8/10/2010,0,NA,38.3,24.4
USW00093987,"LUFKIN ANGELINA CO AIRPORT, TX US",31.23593,-94.75468,87.1,8/11/2010,0,NA,38.9,25
USW00093987,"LUFKIN ANGELINA CO AIRPORT, TX US",31.23593,-94.75468,87.1,8/12/2010,0,NA,38.3,25.6
USW00093987,"LUFKIN ANGELINA CO AIRPORT, TX US",31.23593,-94.75468,87.1,8/13/2010,0,NA,38.3,26.1
USW00093987,"LUFKIN ANGELINA CO AIRPORT, TX US",31.23593,-94.75468,87.1,8/14/2010,0,NA,38.9,25.6
USW00093987,"LUFKIN ANGELINA CO AIRPORT, TX US",31.23593,-94.75468,87.1,8/15/2010,0,NA,40,26.1
USW00093987,"LUFKIN ANGELINA CO AIRPORT, TX US",31.23593,-94.75468,87.1,8/16/2010,0,NA,36.1,25.6
USW00093987,"LUFKIN ANGELINA CO AIRPORT, TX US",31.23593,-94.75468,87.1,8/17/2010,0,NA,38.3,24.4
USW00093987,"LUFKIN ANGELINA CO AIRPORT, TX US",31.23593,-94.75468,87.1,8/18/2010,1,NA,38.9,24.4
USW00093987,"LUFKIN ANGELINA CO AIRPORT, TX US",31.23593,-94.75468,87.1,8/19/2010,12.4,NA,37.8,25.6
USW00093987,"LUFKIN ANGELINA CO AIRPORT, TX US",31.23593,-94.75468,87.1,8/20/2010,0,NA,37.2,24.4
USW00093987,"LUFKIN ANGELINA CO AIRPORT, TX US",31.23593,-94.75468,87.1,8/21/2010,0,NA,38.3,24.4
USW00093987,"LUFKIN ANGELINA CO AIRPORT, TX US",31.23593,-94.75468,87.1,8/22/2010,0,NA,38.3,25.6
USW00093987,"LUFKIN ANGELINA CO AIRPORT, TX US",31.23593,-94.75468,87.1,8/23/2010,0.5,NA,38.9,25
USW00093987,"LUFKIN ANGELINA CO AIRPORT, TX US",31.23593,-94.75468,87.1,8/24/2010,0,NA,39.4,23.9
USW00093987,"LUFKIN ANGELINA CO AIRPORT, TX US",31.23593,-94.75468,87.1,8/25/2010,0,NA,36.1,20
USW00093987,"LUFKIN ANGELINA CO AIRPORT, TX US",31.23593,-94.75468,87.1,8/26/2010,0,NA,35.6,22.8
USW00093987,"LUFKIN ANGELINA CO AIRPORT, TX US",31.23593,-94.75468,87.1,8/27/2010,0,NA,35.6,18.3
USW00093987,"LUFKIN ANGELINA CO AIRPORT, TX US",31.23593,-94.75468,87.1,8/28/2010,0,NA,35.6,22.8
USW00093987,"LUFKIN ANGELINA CO AIRPORT, TX US",31.23593,-94.75468,87.1,8/29/2010,0,NA,36.7,22.8
USW00093987,"LUFKIN ANGELINA CO AIRPORT, TX US",31.23593,-94.75468,87.1,8/30/2010,9.4,NA,34.4,25
USW00093987,"LUFKIN ANGELINA CO AIRPORT, TX US",31.23593,-94.75468,87.1,8/31/2010,0.3,NA,34.4,23.9
USW00093987,"LUFKIN ANGELINA CO AIRPORT, TX US",31.23593,-94.75468,87.1,9/1/2010,0,NA,34.4,23.9
USW00093987,"LUFKIN ANGELINA CO AIRPORT, TX US",31.23593,-94.75468,87.1,9/2/2010,8.4,NA,33.3,23.3
USW00093987,"LUFKIN ANGELINA CO AIRPORT, TX US",31.23593,-94.75468,87.1,9/3/2010,49.8,NA,32.8,21.7
USW00093987,"LUFKIN ANGELINA CO AIRPORT, TX US",31.23593,-94.75468,87.1,9/4/2010,0,NA,31.1,20
USW00093987,"LUFKIN ANGELINA CO AIRPORT, TX US",31.23593,-94.75468,87.1,9/5/2010,0,NA,33.3,18.3
USW00093987,"LUFKIN ANGELINA CO AIRPORT, TX US",31.23593,-94.75468,87.1,9/6/2010,11.9,NA,33.9,21.7
USW00093987,"LUFKIN ANGELINA CO AIRPORT, TX US",31.23593,-94.75468,87.1,9/7/2010,6.6,NA,30,23.9
USW00093987,"LUFKIN ANGELINA CO AIRPORT, TX US",31.23593,-94.75468,87.1,9/8/2010,0.3,NA,32.8,24.4
USW00093987,"LUFKIN ANGELINA CO AIRPORT, TX US",31.23593,-94.75468,87.1,9/9/2010,0,NA,34.4,25
USW00093987,"LUFKIN ANGELINA CO AIRPORT, TX US",31.23593,-94.75468,87.1,9/10/2010,0,NA,34.4,23.9
USW00093987,"LUFKIN ANGELINA CO AIRPORT, TX US",31.23593,-94.75468,87.1,9/11/2010,0,NA,35,25
USW00093987,"LUFKIN ANGELINA CO AIRPORT, TX US",31.23593,-94.75468,87.1,9/12/2010,5.1,NA,35,24.4
USW00093987,"LUFKIN ANGELINA CO AIRPORT, TX US",31.23593,-94.75468,87.1,9/13/2010,0,NA,33.9,21.7
USW00093987,"LUFKIN ANGELINA CO AIRPORT, TX US",31.23593,-94.75468,87.1,9/14/2010,0,NA,35,20.6
USW00093987,"LUFKIN ANGELINA CO AIRPORT, TX US",31.23593,-94.75468,87.1,9/15/2010,0,NA,33.9,21.7
USW00093987,"LUFKIN ANGELINA CO AIRPORT, TX US",31.23593,-94.75468,87.1,9/16/2010,0,NA,34.4,18.9
USW00093987,"LUFKIN ANGELINA CO AIRPORT, TX US",31.23593,-94.75468,87.1,9/17/2010,0,NA,35.6,22.8
USW00093987,"LUFKIN ANGELINA CO AIRPORT, TX US",31.23593,-94.75468,87.1,9/18/2010,0,NA,35,21.7
USW00093987,"LUFKIN ANGELINA CO AIRPORT, TX US",31.23593,-94.75468,87.1,9/19/2010,0,NA,34.4,21.7
USW00093987,"LUFKIN ANGELINA CO AIRPORT, TX US",31.23593,-94.75468,87.1,9/20/2010,0,NA,33.9,19.4
USW00093987,"LUFKIN ANGELINA CO AIRPORT, TX US",31.23593,-94.75468,87.1,9/21/2010,0,NA,32.2,20
USW00093987,"LUFKIN ANGELINA CO AIRPORT, TX US",31.23593,-94.75468,87.1,9/22/2010,1,NA,34.4,22.2
USW00093987,"LUFKIN ANGELINA CO AIRPORT, TX US",31.23593,-94.75468,87.1,9/23/2010,4.1,NA,33.9,22.8
USW00093987,"LUFKIN ANGELINA CO AIRPORT, TX US",31.23593,-94.75468,87.1,9/24/2010,0,NA,35,22.8
USW00093987,"LUFKIN ANGELINA CO AIRPORT, TX US",31.23593,-94.75468,87.1,9/25/2010,0,NA,32.2,21.1
USW00093987,"LUFKIN ANGELINA CO AIRPORT, TX US",31.23593,-94.75468,87.1,9/26/2010,0,NA,31.7,20
USW00093987,"LUFKIN ANGELINA CO AIRPORT, TX US",31.23593,-94.75468,87.1,9/27/2010,0,NA,26.1,12.8
USW00093987,"LUFKIN ANGELINA CO AIRPORT, TX US",31.23593,-94.75468,87.1,9/28/2010,0,NA,30,10.6
USW00093987,"LUFKIN ANGELINA CO AIRPORT, TX US",31.23593,-94.75468,87.1,9/29/2010,0,NA,32.2,12.8
USW00093987,"LUFKIN ANGELINA CO AIRPORT, TX US",31.23593,-94.75468,87.1,9/30/2010,0,NA,32.8,14.4
USW00093987,"LUFKIN ANGELINA CO AIRPORT, TX US",31.23593,-94.75468,87.1,10/1/2010,0,NA,31.7,16.1
USW00093987,"LUFKIN ANGELINA CO AIRPORT, TX US",31.23593,-94.75468,87.1,10/2/2010,0,NA,30.6,12.8
USW00093987,"LUFKIN ANGELINA CO AIRPORT, TX US",31.23593,-94.75468,87.1,10/3/2010,0,NA,24.4,12.2
USW00093987,"LUFKIN ANGELINA CO AIRPORT, TX US",31.23593,-94.75468,87.1,10/4/2010,0,NA,25,6.7
USW00093987,"LUFKIN ANGELINA CO AIRPORT, TX US",31.23593,-94.75468,87.1,10/5/2010,0,NA,26.1,5
USW00093987,"LUFKIN ANGELINA CO AIRPORT, TX US",31.23593,-94.75468,87.1,10/6/2010,0,NA,28.9,4.4
USW00093987,"LUFKIN ANGELINA CO AIRPORT, TX US",31.23593,-94.75468,87.1,10/7/2010,0,NA,31.1,6.1
USW00093987,"LUFKIN ANGELINA CO AIRPORT, TX US",31.23593,-94.75468,87.1,10/8/2010,0,NA,32.2,7.8
USW00093987,"LUFKIN ANGELINA CO AIRPORT, TX US",31.23593,-94.75468,87.1,10/9/2010,0,NA,32.2,10
USW00093987,"LUFKIN ANGELINA CO AIRPORT, TX US",31.23593,-94.75468,87.1,10/10/2010,0,NA,30.6,11.7
USW00093987,"LUFKIN ANGELINA CO AIRPORT, TX US",31.23593,-94.75468,87.1,10/11/2010,18.8,NA,31.7,15
USW00093987,"LUFKIN ANGELINA CO AIRPORT, TX US",31.23593,-94.75468,87.1,10/12/2010,0,NA,30,14.4
USW00093987,"LUFKIN ANGELINA CO AIRPORT, TX US",31.23593,-94.75468,87.1,10/13/2010,0,NA,29.4,12.8
USW00093987,"LUFKIN ANGELINA CO AIRPORT, TX US",31.23593,-94.75468,87.1,10/14/2010,0,NA,26.7,10
USW00093987,"LUFKIN ANGELINA CO AIRPORT, TX US",31.23593,-94.75468,87.1,10/15/2010,0,NA,28.3,6.7
USW00093987,"LUFKIN ANGELINA CO AIRPORT, TX US",31.23593,-94.75468,87.1,10/16/2010,0,NA,30.6,7.8
USW00093987,"LUFKIN ANGELINA CO AIRPORT, TX US",31.23593,-94.75468,87.1,10/17/2010,0,NA,29.4,10
USW00093987,"LUFKIN ANGELINA CO AIRPORT, TX US",31.23593,-94.75468,87.1,10/18/2010,0,NA,31.1,13.3
USW00093987,"LUFKIN ANGELINA CO AIRPORT, TX US",31.23593,-94.75468,87.1,10/19/2010,0,NA,30.6,17.2
USW00093987,"LUFKIN ANGELINA CO AIRPORT, TX US",31.23593,-94.75468,87.1,10/20/2010,0,NA,31.7,16.7
USW00093987,"LUFKIN ANGELINA CO AIRPORT, TX US",31.23593,-94.75468,87.1,10/21/2010,0,NA,31.7,17.2
USW00093987,"LUFKIN ANGELINA CO AIRPORT, TX US",31.23593,-94.75468,87.1,10/22/2010,0,NA,30,17.8
USW00093987,"LUFKIN ANGELINA CO AIRPORT, TX US",31.23593,-94.75468,87.1,10/23/2010,0,NA,30,17.2
USW00093987,"LUFKIN ANGELINA CO AIRPORT, TX US",31.23593,-94.75468,87.1,10/24/2010,0,NA,31.7,20.6
USW00093987,"LUFKIN ANGELINA CO AIRPORT, TX US",31.23593,-94.75468,87.1,10/25/2010,0,NA,31.7,22.2
USW00093987,"LUFKIN ANGELINA CO AIRPORT, TX US",31.23593,-94.75468,87.1,10/26/2010,0,NA,30.6,20.6
USW00093987,"LUFKIN ANGELINA CO AIRPORT, TX US",31.23593,-94.75468,87.1,10/27/2010,0,NA,33.9,18.3
USW00093987,"LUFKIN ANGELINA CO AIRPORT, TX US",31.23593,-94.75468,87.1,10/28/2010,0,NA,25,10.6
USW00093987,"LUFKIN ANGELINA CO AIRPORT, TX US",31.23593,-94.75468,87.1,10/29/2010,0,NA,23.3,5
USW00093987,"LUFKIN ANGELINA CO AIRPORT, TX US",31.23593,-94.75468,87.1,10/30/2010,0,NA,26.7,2.2
USW00093987,"LUFKIN ANGELINA CO AIRPORT, TX US",31.23593,-94.75468,87.1,10/31/2010,0,NA,29.4,6.1
USW00093987,"LUFKIN ANGELINA CO AIRPORT, TX US",31.23593,-94.75468,87.1,11/1/2010,0.3,NA,32.2,17.2
USW00093987,"LUFKIN ANGELINA CO AIRPORT, TX US",31.23593,-94.75468,87.1,11/2/2010,22.6,NA,21.1,12.2
USW00093987,"LUFKIN ANGELINA CO AIRPORT, TX US",31.23593,-94.75468,87.1,11/3/2010,0.8,NA,15.6,12.2
USW00093987,"LUFKIN ANGELINA CO AIRPORT, TX US",31.23593,-94.75468,87.1,11/4/2010,0,NA,20,6.7
USW00093987,"LUFKIN ANGELINA CO AIRPORT, TX US",31.23593,-94.75468,87.1,11/5/2010,0,NA,18.3,2.2
USW00093987,"LUFKIN ANGELINA CO AIRPORT, TX US",31.23593,-94.75468,87.1,11/6/2010,0,NA,20.6,0
USW00093987,"LUFKIN ANGELINA CO AIRPORT, TX US",31.23593,-94.75468,87.1,11/7/2010,0,NA,22.2,1.1
USW00093987,"LUFKIN ANGELINA CO AIRPORT, TX US",31.23593,-94.75468,87.1,11/8/2010,0,NA,24.4,2.8
USW00093987,"LUFKIN ANGELINA CO AIRPORT, TX US",31.23593,-94.75468,87.1,11/9/2010,0,NA,25.6,7.2
USW00093987,"LUFKIN ANGELINA CO AIRPORT, TX US",31.23593,-94.75468,87.1,11/10/2010,0.5,NA,26.1,16.1
USW00093987,"LUFKIN ANGELINA CO AIRPORT, TX US",31.23593,-94.75468,87.1,11/11/2010,0.3,NA,27.2,17.8
USW00093987,"LUFKIN ANGELINA CO AIRPORT, TX US",31.23593,-94.75468,87.1,11/12/2010,2.5,NA,26.7,14.4
USW00093987,"LUFKIN ANGELINA CO AIRPORT, TX US",31.23593,-94.75468,87.1,11/13/2010,5.6,NA,15,3.3
USW00093987,"LUFKIN ANGELINA CO AIRPORT, TX US",31.23593,-94.75468,87.1,11/14/2010,7.6,NA,13.9,1.7
USW00093987,"LUFKIN ANGELINA CO AIRPORT, TX US",31.23593,-94.75468,87.1,11/15/2010,20.3,NA,14.4,9.4
USW00093987,"LUFKIN ANGELINA CO AIRPORT, TX US",31.23593,-94.75468,87.1,11/16/2010,0.3,NA,17.2,5.6
USW00093987,"LUFKIN ANGELINA CO AIRPORT, TX US",31.23593,-94.75468,87.1,11/17/2010,0,NA,24.4,5
USW00093987,"LUFKIN ANGELINA CO AIRPORT, TX US",31.23593,-94.75468,87.1,11/18/2010,0,NA,16.1,3.3
USW00093987,"LUFKIN ANGELINA CO AIRPORT, TX US",31.23593,-94.75468,87.1,11/19/2010,0,NA,17.8,1.7
USW00093987,"LUFKIN ANGELINA CO AIRPORT, TX US",31.23593,-94.75468,87.1,11/20/2010,0,NA,23.3,8.9
USW00093987,"LUFKIN ANGELINA CO AIRPORT, TX US",31.23593,-94.75468,87.1,11/21/2010,0,NA,27.8,16.1
USW00093987,"LUFKIN ANGELINA CO AIRPORT, TX US",31.23593,-94.75468,87.1,11/22/2010,0,NA,27.2,15.6
USW00093987,"LUFKIN ANGELINA CO AIRPORT, TX US",31.23593,-94.75468,87.1,11/23/2010,0,NA,28.9,18.9
USW00093987,"LUFKIN ANGELINA CO AIRPORT, TX US",31.23593,-94.75468,87.1,11/24/2010,0,NA,28.3,21.7
USW00093987,"LUFKIN ANGELINA CO AIRPORT, TX US",31.23593,-94.75468,87.1,11/25/2010,2.3,NA,28.3,7.2
USW00093987,"LUFKIN ANGELINA CO AIRPORT, TX US",31.23593,-94.75468,87.1,11/26/2010,0,NA,11.7,-1.1
USW00093987,"LUFKIN ANGELINA CO AIRPORT, TX US",31.23593,-94.75468,87.1,11/27/2010,0,NA,17.8,-2.8
USW00093987,"LUFKIN ANGELINA CO AIRPORT, TX US",31.23593,-94.75468,87.1,11/28/2010,0,NA,18.3,0.6
USW00093987,"LUFKIN ANGELINA CO AIRPORT, TX US",31.23593,-94.75468,87.1,11/29/2010,15.5,NA,25.6,15.6
USW00093987,"LUFKIN ANGELINA CO AIRPORT, TX US",31.23593,-94.75468,87.1,11/30/2010,1.3,NA,15.6,0
USW00093987,"LUFKIN ANGELINA CO AIRPORT, TX US",31.23593,-94.75468,87.1,12/1/2010,0,NA,17.2,-2.8
USW00093987,"LUFKIN ANGELINA CO AIRPORT, TX US",31.23593,-94.75468,87.1,12/2/2010,0,NA,20.6,0.6
USW00093987,"LUFKIN ANGELINA CO AIRPORT, TX US",31.23593,-94.75468,87.1,12/3/2010,0,NA,23.3,5.6
USW00093987,"LUFKIN ANGELINA CO AIRPORT, TX US",31.23593,-94.75468,87.1,12/4/2010,0,NA,23.3,11.1
USW00093987,"LUFKIN ANGELINA CO AIRPORT, TX US",31.23593,-94.75468,87.1,12/5/2010,0,NA,13.3,1.1
USW00093987,"LUFKIN ANGELINA CO AIRPORT, TX US",31.23593,-94.75468,87.1,12/6/2010,0,NA,12.2,-1.1
USW00093987,"LUFKIN ANGELINA CO AIRPORT, TX US",31.23593,-94.75468,87.1,12/7/2010,1.3,NA,14.4,-2.8
USW00093987,"LUFKIN ANGELINA CO AIRPORT, TX US",31.23593,-94.75468,87.1,12/8/2010,6.4,NA,8.9,0
USW00093987,"LUFKIN ANGELINA CO AIRPORT, TX US",31.23593,-94.75468,87.1,12/9/2010,0,NA,14.4,-2.8
USW00093987,"LUFKIN ANGELINA CO AIRPORT, TX US",31.23593,-94.75468,87.1,12/10/2010,0,NA,22.2,5
USW00093987,"LUFKIN ANGELINA CO AIRPORT, TX US",31.23593,-94.75468,87.1,12/11/2010,0,NA,22.8,9.4
USW00093987,"LUFKIN ANGELINA CO AIRPORT, TX US",31.23593,-94.75468,87.1,12/12/2010,0,NA,10.6,-0.6
USW00093987,"LUFKIN ANGELINA CO AIRPORT, TX US",31.23593,-94.75468,87.1,12/13/2010,0,NA,11.7,-5
USW00093987,"LUFKIN ANGELINA CO AIRPORT, TX US",31.23593,-94.75468,87.1,12/14/2010,0,NA,18.9,-0.6
USW00093987,"LUFKIN ANGELINA CO AIRPORT, TX US",31.23593,-94.75468,87.1,12/15/2010,0,NA,25,9.4
USW00093987,"LUFKIN ANGELINA CO AIRPORT, TX US",31.23593,-94.75468,87.1,12/16/2010,0,NA,19.4,7.8
USW00093987,"LUFKIN ANGELINA CO AIRPORT, TX US",31.23593,-94.75468,87.1,12/17/2010,0,NA,10,6.7
USW00093987,"LUFKIN ANGELINA CO AIRPORT, TX US",31.23593,-94.75468,87.1,12/18/2010,0,NA,14.4,1.7
USW00093987,"LUFKIN ANGELINA CO AIRPORT, TX US",31.23593,-94.75468,87.1,12/19/2010,0,NA,16.1,-0.6
USW00093987,"LUFKIN ANGELINA CO AIRPORT, TX US",31.23593,-94.75468,87.1,12/20/2010,0,NA,22.2,6.7
USW00093987,"LUFKIN ANGELINA CO AIRPORT, TX US",31.23593,-94.75468,87.1,12/21/2010,0,NA,28.3,15.6
USW00093987,"LUFKIN ANGELINA CO AIRPORT, TX US",31.23593,-94.75468,87.1,12/22/2010,0,NA,19.4,13.9
USW00093987,"LUFKIN ANGELINA CO AIRPORT, TX US",31.23593,-94.75468,87.1,12/23/2010,0,NA,13.9,7.8
USW00093987,"LUFKIN ANGELINA CO AIRPORT, TX US",31.23593,-94.75468,87.1,12/24/2010,7.1,NA,20.6,3.9
USW00093987,"LUFKIN ANGELINA CO AIRPORT, TX US",31.23593,-94.75468,87.1,12/25/2010,0.5,NA,6.1,3.3
USW00093987,"LUFKIN ANGELINA CO AIRPORT, TX US",31.23593,-94.75468,87.1,12/26/2010,0,NA,8.9,-2.8
USW00093987,"LUFKIN ANGELINA CO AIRPORT, TX US",31.23593,-94.75468,87.1,12/27/2010,0,NA,11.1,-5
USW00093987,"LUFKIN ANGELINA CO AIRPORT, TX US",31.23593,-94.75468,87.1,12/28/2010,0,NA,16.1,5.6
USW00093987,"LUFKIN ANGELINA CO AIRPORT, TX US",31.23593,-94.75468,87.1,12/29/2010,6.6,NA,16.1,11.1
USW00093987,"LUFKIN ANGELINA CO AIRPORT, TX US",31.23593,-94.75468,87.1,12/30/2010,0,NA,24.4,13.9
USW00093987,"LUFKIN ANGELINA CO AIRPORT, TX US",31.23593,-94.75468,87.1,12/31/2010,0,NA,23.3,13.9
USW00093987,"LUFKIN ANGELINA CO AIRPORT, TX US",31.23593,-94.75468,87.1,1/1/2011,0,NA,16.1,2.2
USW00093987,"LUFKIN ANGELINA CO AIRPORT, TX US",31.23593,-94.75468,87.1,1/2/2011,0,NA,12.8,-2.2
USW00093987,"LUFKIN ANGELINA CO AIRPORT, TX US",31.23593,-94.75468,87.1,1/3/2011,0,NA,16.1,-2.2
USW00093987,"LUFKIN ANGELINA CO AIRPORT, TX US",31.23593,-94.75468,87.1,1/4/2011,3,NA,20,8.3
USW00093987,"LUFKIN ANGELINA CO AIRPORT, TX US",31.23593,-94.75468,87.1,1/5/2011,0.3,NA,21.1,7.2
USW00093987,"LUFKIN ANGELINA CO AIRPORT, TX US",31.23593,-94.75468,87.1,1/6/2011,0,NA,18.9,0.6
USW00093987,"LUFKIN ANGELINA CO AIRPORT, TX US",31.23593,-94.75468,87.1,1/7/2011,0,NA,21.7,0
USW00093987,"LUFKIN ANGELINA CO AIRPORT, TX US",31.23593,-94.75468,87.1,1/8/2011,0,NA,16.1,1.1
USW00093987,"LUFKIN ANGELINA CO AIRPORT, TX US",31.23593,-94.75468,87.1,1/9/2011,25.7,NA,8.9,1.1
USW00093987,"LUFKIN ANGELINA CO AIRPORT, TX US",31.23593,-94.75468,87.1,1/10/2011,0,NA,2.8,0.6
USW00093987,"LUFKIN ANGELINA CO AIRPORT, TX US",31.23593,-94.75468,87.1,1/11/2011,0,NA,6.7,-2.8
USW00093987,"LUFKIN ANGELINA CO AIRPORT, TX US",31.23593,-94.75468,87.1,1/12/2011,0,NA,6.1,-3.9
USW00093987,"LUFKIN ANGELINA CO AIRPORT, TX US",31.23593,-94.75468,87.1,1/13/2011,0,NA,4.4,-5.6
USW00093987,"LUFKIN ANGELINA CO AIRPORT, TX US",31.23593,-94.75468,87.1,1/14/2011,0,NA,8.3,2.8
USW00093987,"LUFKIN ANGELINA CO AIRPORT, TX US",31.23593,-94.75468,87.1,1/15/2011,1.8,NA,13.3,5.6
USW00093987,"LUFKIN ANGELINA CO AIRPORT, TX US",31.23593,-94.75468,87.1,1/16/2011,54.4,NA,14.4,10
USW00093987,"LUFKIN ANGELINA CO AIRPORT, TX US",31.23593,-94.75468,87.1,1/17/2011,1.3,NA,13.3,7.2
USW00093987,"LUFKIN ANGELINA CO AIRPORT, TX US",31.23593,-94.75468,87.1,1/18/2011,0,NA,15.6,5.6
USW00093987,"LUFKIN ANGELINA CO AIRPORT, TX US",31.23593,-94.75468,87.1,1/19/2011,0,NA,16.1,0.6
USW00093987,"LUFKIN ANGELINA CO AIRPORT, TX US",31.23593,-94.75468,87.1,1/20/2011,1.8,NA,11.7,-1.1
USW00093987,"LUFKIN ANGELINA CO AIRPORT, TX US",31.23593,-94.75468,87.1,1/21/2011,0,NA,8.3,-3.3
USW00093987,"LUFKIN ANGELINA CO AIRPORT, TX US",31.23593,-94.75468,87.1,1/22/2011,0,NA,14.4,-5.6
USW00093987,"LUFKIN ANGELINA CO AIRPORT, TX US",31.23593,-94.75468,87.1,1/23/2011,0,NA,16.1,-0.6
USW00093987,"LUFKIN ANGELINA CO AIRPORT, TX US",31.23593,-94.75468,87.1,1/24/2011,36.3,NA,11.1,6.7
USW00093987,"LUFKIN ANGELINA CO AIRPORT, TX US",31.23593,-94.75468,87.1,1/25/2011,3.6,NA,12.8,1.1
USW00093987,"LUFKIN ANGELINA CO AIRPORT, TX US",31.23593,-94.75468,87.1,1/26/2011,0,NA,15.6,-2.8
USW00093987,"LUFKIN ANGELINA CO AIRPORT, TX US",31.23593,-94.75468,87.1,1/27/2011,0,NA,18.3,-1.1
USW00093987,"LUFKIN ANGELINA CO AIRPORT, TX US",31.23593,-94.75468,87.1,1/28/2011,0,NA,23.3,1.1
USW00093987,"LUFKIN ANGELINA CO AIRPORT, TX US",31.23593,-94.75468,87.1,1/29/2011,0,NA,21.1,3.9
USW00093987,"LUFKIN ANGELINA CO AIRPORT, TX US",31.23593,-94.75468,87.1,1/30/2011,52.8,NA,18.3,11.7
USW00093987,"LUFKIN ANGELINA CO AIRPORT, TX US",31.23593,-94.75468,87.1,1/31/2011,0,NA,18.9,10.6
USW00093987,"LUFKIN ANGELINA CO AIRPORT, TX US",31.23593,-94.75468,87.1,2/1/2011,11.2,NA,19.4,-6.1
USW00093987,"LUFKIN ANGELINA CO AIRPORT, TX US",31.23593,-94.75468,87.1,2/2/2011,0,NA,1.7,-8.3
USW00093987,"LUFKIN ANGELINA CO AIRPORT, TX US",31.23593,-94.75468,87.1,2/3/2011,0.3,NA,1.1,-3.9
USW00093987,"LUFKIN ANGELINA CO AIRPORT, TX US",31.23593,-94.75468,87.1,2/4/2011,2,NA,-1.1,-6.1
USW00093987,"LUFKIN ANGELINA CO AIRPORT, TX US",31.23593,-94.75468,87.1,2/5/2011,0,NA,13.9,-7.8
USW00093987,"LUFKIN ANGELINA CO AIRPORT, TX US",31.23593,-94.75468,87.1,2/6/2011,0,NA,21.1,-1.7
USW00093987,"LUFKIN ANGELINA CO AIRPORT, TX US",31.23593,-94.75468,87.1,2/7/2011,0,NA,11.7,-1.7
USW00093987,"LUFKIN ANGELINA CO AIRPORT, TX US",31.23593,-94.75468,87.1,2/8/2011,0,NA,13.9,-3.9
USW00093987,"LUFKIN ANGELINA CO AIRPORT, TX US",31.23593,-94.75468,87.1,2/9/2011,2.8,NA,7.2,-3.9
USW00093987,"LUFKIN ANGELINA CO AIRPORT, TX US",31.23593,-94.75468,87.1,2/10/2011,0,NA,2.8,-6.1
USW00093987,"LUFKIN ANGELINA CO AIRPORT, TX US",31.23593,-94.75468,87.1,2/11/2011,0,NA,11.7,-8.3
USW00093987,"LUFKIN ANGELINA CO AIRPORT, TX US",31.23593,-94.75468,87.1,2/12/2011,0,NA,17.8,-5.6
USW00093987,"LUFKIN ANGELINA CO AIRPORT, TX US",31.23593,-94.75468,87.1,2/13/2011,0,NA,21.1,-1.1
USW00093987,"LUFKIN ANGELINA CO AIRPORT, TX US",31.23593,-94.75468,87.1,2/14/2011,0,NA,24.4,3.9
USW00093987,"LUFKIN ANGELINA CO AIRPORT, TX US",31.23593,-94.75468,87.1,2/15/2011,0,NA,24.4,11.1
USW00093987,"LUFKIN ANGELINA CO AIRPORT, TX US",31.23593,-94.75468,87.1,2/16/2011,0,NA,22.8,10
USW00093987,"LUFKIN ANGELINA CO AIRPORT, TX US",31.23593,-94.75468,87.1,2/17/2011,0,NA,23.3,16.1
USW00093987,"LUFKIN ANGELINA CO AIRPORT, TX US",31.23593,-94.75468,87.1,2/18/2011,0,NA,26.7,13.9
USW00093987,"LUFKIN ANGELINA CO AIRPORT, TX US",31.23593,-94.75468,87.1,2/19/2011,0,NA,25,13.9
USW00093987,"LUFKIN ANGELINA CO AIRPORT, TX US",31.23593,-94.75468,87.1,2/20/2011,0,NA,25,15.6
USW00093987,"LUFKIN ANGELINA CO AIRPORT, TX US",31.23593,-94.75468,87.1,2/21/2011,0,NA,27.2,17.2
USW00093987,"LUFKIN ANGELINA CO AIRPORT, TX US",31.23593,-94.75468,87.1,2/22/2011,0,NA,20.6,9.4
USW00093987,"LUFKIN ANGELINA CO AIRPORT, TX US",31.23593,-94.75468,87.1,2/23/2011,0,NA,27.2,15
USW00093987,"LUFKIN ANGELINA CO AIRPORT, TX US",31.23593,-94.75468,87.1,2/24/2011,0,NA,27.8,17.8
USW00093987,"LUFKIN ANGELINA CO AIRPORT, TX US",31.23593,-94.75468,87.1,2/25/2011,0,NA,18.3,7.2
USW00093987,"LUFKIN ANGELINA CO AIRPORT, TX US",31.23593,-94.75468,87.1,2/26/2011,0,NA,20.6,7.2
USW00093987,"LUFKIN ANGELINA CO AIRPORT, TX US",31.23593,-94.75468,87.1,2/27/2011,0.3,NA,28.9,18.3
USW00093987,"LUFKIN ANGELINA CO AIRPORT, TX US",31.23593,-94.75468,87.1,2/28/2011,2.8,NA,22.8,10
USW00093987,"LUFKIN ANGELINA CO AIRPORT, TX US",31.23593,-94.75468,87.1,3/1/2011,0,NA,23.3,6.1
USW00093987,"LUFKIN ANGELINA CO AIRPORT, TX US",31.23593,-94.75468,87.1,3/2/2011,0,NA,23.9,4.4
USW00093987,"LUFKIN ANGELINA CO AIRPORT, TX US",31.23593,-94.75468,87.1,3/3/2011,0,NA,25,6.1
USW00093987,"LUFKIN ANGELINA CO AIRPORT, TX US",31.23593,-94.75468,87.1,3/4/2011,0,NA,25,14.4
USW00093987,"LUFKIN ANGELINA CO AIRPORT, TX US",31.23593,-94.75468,87.1,3/5/2011,0.8,NA,18.3,6.7
USW00093987,"LUFKIN ANGELINA CO AIRPORT, TX US",31.23593,-94.75468,87.1,3/6/2011,0,NA,18.3,0.6
USW00093987,"LUFKIN ANGELINA CO AIRPORT, TX US",31.23593,-94.75468,87.1,3/7/2011,0,NA,18.3,4.4
USW00093987,"LUFKIN ANGELINA CO AIRPORT, TX US",31.23593,-94.75468,87.1,3/8/2011,5.6,NA,22.8,13.3
USW00093987,"LUFKIN ANGELINA CO AIRPORT, TX US",31.23593,-94.75468,87.1,3/9/2011,6.6,NA,20.6,6.1
USW00093987,"LUFKIN ANGELINA CO AIRPORT, TX US",31.23593,-94.75468,87.1,3/10/2011,0,NA,18.9,1.1
USW00093987,"LUFKIN ANGELINA CO AIRPORT, TX US",31.23593,-94.75468,87.1,3/11/2011,0,NA,24.4,0.6
USW00093987,"LUFKIN ANGELINA CO AIRPORT, TX US",31.23593,-94.75468,87.1,3/12/2011,0,NA,25.6,8.9
USW00093987,"LUFKIN ANGELINA CO AIRPORT, TX US",31.23593,-94.75468,87.1,3/13/2011,0,NA,26.1,14.4
USW00093987,"LUFKIN ANGELINA CO AIRPORT, TX US",31.23593,-94.75468,87.1,3/14/2011,6.1,NA,19.4,6.7
USW00093987,"LUFKIN ANGELINA CO AIRPORT, TX US",31.23593,-94.75468,87.1,3/15/2011,0,NA,21.7,2.2
USW00093987,"LUFKIN ANGELINA CO AIRPORT, TX US",31.23593,-94.75468,87.1,3/16/2011,0,NA,22.8,8.9
USW00093987,"LUFKIN ANGELINA CO AIRPORT, TX US",31.23593,-94.75468,87.1,3/17/2011,0,NA,28.3,17.2
USW00093987,"LUFKIN ANGELINA CO AIRPORT, TX US",31.23593,-94.75468,87.1,3/18/2011,0,NA,28.3,15.6
USW00093987,"LUFKIN ANGELINA CO AIRPORT, TX US",31.23593,-94.75468,87.1,3/19/2011,0,NA,30,15.6
USW00093987,"LUFKIN ANGELINA CO AIRPORT, TX US",31.23593,-94.75468,87.1,3/20/2011,0,NA,28.9,14.4
USW00093987,"LUFKIN ANGELINA CO AIRPORT, TX US",31.23593,-94.75468,87.1,3/21/2011,0,NA,28.9,15
USW00093987,"LUFKIN ANGELINA CO AIRPORT, TX US",31.23593,-94.75468,87.1,3/22/2011,0,NA,28.3,18.3
USW00093987,"LUFKIN ANGELINA CO AIRPORT, TX US",31.23593,-94.75468,87.1,3/23/2011,0,NA,29.4,14.4
USW00093987,"LUFKIN ANGELINA CO AIRPORT, TX US",31.23593,-94.75468,87.1,3/24/2011,0,NA,27.8,13.3
USW00093987,"LUFKIN ANGELINA CO AIRPORT, TX US",31.23593,-94.75468,87.1,3/25/2011,0,NA,29.4,13.3
USW00093987,"LUFKIN ANGELINA CO AIRPORT, TX US",31.23593,-94.75468,87.1,3/26/2011,0,NA,31.1,19.4
USW00093987,"LUFKIN ANGELINA CO AIRPORT, TX US",31.23593,-94.75468,87.1,3/27/2011,0,NA,22.8,12.8
USW00093987,"LUFKIN ANGELINA CO AIRPORT, TX US",31.23593,-94.75468,87.1,3/28/2011,0,NA,18.9,9.4
USW00093987,"LUFKIN ANGELINA CO AIRPORT, TX US",31.23593,-94.75468,87.1,3/29/2011,0,NA,22.8,13.3
USW00093987,"LUFKIN ANGELINA CO AIRPORT, TX US",31.23593,-94.75468,87.1,3/30/2011,0,NA,19.4,11.1
USW00093987,"LUFKIN ANGELINA CO AIRPORT, TX US",31.23593,-94.75468,87.1,3/31/2011,0,NA,24.4,7.2
USW00093987,"LUFKIN ANGELINA CO AIRPORT, TX US",31.23593,-94.75468,87.1,4/1/2011,0,NA,30,10
USW00093987,"LUFKIN ANGELINA CO AIRPORT, TX US",31.23593,-94.75468,87.1,4/2/2011,0,NA,28.3,16.1
USW00093987,"LUFKIN ANGELINA CO AIRPORT, TX US",31.23593,-94.75468,87.1,4/3/2011,0,NA,27.8,17.2
USW00093987,"LUFKIN ANGELINA CO AIRPORT, TX US",31.23593,-94.75468,87.1,4/4/2011,3.8,NA,25,8.3
USW00093987,"LUFKIN ANGELINA CO AIRPORT, TX US",31.23593,-94.75468,87.1,4/5/2011,0,NA,21.7,1.7
USW00093987,"LUFKIN ANGELINA CO AIRPORT, TX US",31.23593,-94.75468,87.1,4/6/2011,0,NA,27.8,4.4
USW00093987,"LUFKIN ANGELINA CO AIRPORT, TX US",31.23593,-94.75468,87.1,4/7/2011,0,NA,30,15.6
USW00093987,"LUFKIN ANGELINA CO AIRPORT, TX US",31.23593,-94.75468,87.1,4/8/2011,0,NA,32.8,20.6
USW00093987,"LUFKIN ANGELINA CO AIRPORT, TX US",31.23593,-94.75468,87.1,4/9/2011,0,NA,33.3,18.3
USW00093987,"LUFKIN ANGELINA CO AIRPORT, TX US",31.23593,-94.75468,87.1,4/10/2011,0,NA,33.3,20
USW00093987,"LUFKIN ANGELINA CO AIRPORT, TX US",31.23593,-94.75468,87.1,4/11/2011,1.8,NA,28.9,11.7
USW00093987,"LUFKIN ANGELINA CO AIRPORT, TX US",31.23593,-94.75468,87.1,4/12/2011,0,NA,28.3,7.2
USW00093987,"LUFKIN ANGELINA CO AIRPORT, TX US",31.23593,-94.75468,87.1,4/13/2011,0,NA,29.4,7.2
USW00093987,"LUFKIN ANGELINA CO AIRPORT, TX US",31.23593,-94.75468,87.1,4/14/2011,0,NA,30,15.6
USW00093987,"LUFKIN ANGELINA CO AIRPORT, TX US",31.23593,-94.75468,87.1,4/15/2011,0.3,NA,27.8,14.4
USW00093987,"LUFKIN ANGELINA CO AIRPORT, TX US",31.23593,-94.75468,87.1,4/16/2011,0,NA,26.1,5
USW00093987,"LUFKIN ANGELINA CO AIRPORT, TX US",31.23593,-94.75468,87.1,4/17/2011,0,NA,29.4,4.4
USW00093987,"LUFKIN ANGELINA CO AIRPORT, TX US",31.23593,-94.75468,87.1,4/18/2011,0,NA,30.6,20.6
USW00093987,"LUFKIN ANGELINA CO AIRPORT, TX US",31.23593,-94.75468,87.1,4/19/2011,0,NA,33.9,22.2
USW00093987,"LUFKIN ANGELINA CO AIRPORT, TX US",31.23593,-94.75468,87.1,4/20/2011,0,NA,33.9,22.2
USW00093987,"LUFKIN ANGELINA CO AIRPORT, TX US",31.23593,-94.75468,87.1,4/21/2011,0,NA,32.8,22.2
USW00093987,"LUFKIN ANGELINA CO AIRPORT, TX US",31.23593,-94.75468,87.1,4/22/2011,0,NA,32.8,22.2
USW00093987,"LUFKIN ANGELINA CO AIRPORT, TX US",31.23593,-94.75468,87.1,4/23/2011,0,NA,32.8,22.8
USW00093987,"LUFKIN ANGELINA CO AIRPORT, TX US",31.23593,-94.75468,87.1,4/24/2011,0,NA,32.2,21.7
USW00093987,"LUFKIN ANGELINA CO AIRPORT, TX US",31.23593,-94.75468,87.1,4/25/2011,22.9,NA,32.2,18.9
USW00093987,"LUFKIN ANGELINA CO AIRPORT, TX US",31.23593,-94.75468,87.1,4/26/2011,8.6,NA,28.3,17.8
USW00093987,"LUFKIN ANGELINA CO AIRPORT, TX US",31.23593,-94.75468,87.1,4/27/2011,2,NA,28.3,14.4
USW00093987,"LUFKIN ANGELINA CO AIRPORT, TX US",31.23593,-94.75468,87.1,4/28/2011,0,NA,26.1,8.3
USW00093987,"LUFKIN ANGELINA CO AIRPORT, TX US",31.23593,-94.75468,87.1,4/29/2011,0,NA,28.9,9.4
USW00093987,"LUFKIN ANGELINA CO AIRPORT, TX US",31.23593,-94.75468,87.1,4/30/2011,0,NA,31.1,17.8
USW00093987,"LUFKIN ANGELINA CO AIRPORT, TX US",31.23593,-94.75468,87.1,5/1/2011,0,NA,31.7,15.6
USW00093987,"LUFKIN ANGELINA CO AIRPORT, TX US",31.23593,-94.75468,87.1,5/2/2011,0.8,NA,17.8,12.2
USW00093987,"LUFKIN ANGELINA CO AIRPORT, TX US",31.23593,-94.75468,87.1,5/3/2011,0,NA,22.8,8.9
USW00093987,"LUFKIN ANGELINA CO AIRPORT, TX US",31.23593,-94.75468,87.1,5/4/2011,0,NA,25.6,5.6
USW00093987,"LUFKIN ANGELINA CO AIRPORT, TX US",31.23593,-94.75468,87.1,5/5/2011,0,NA,27.2,9.4
USW00093987,"LUFKIN ANGELINA CO AIRPORT, TX US",31.23593,-94.75468,87.1,5/6/2011,0,NA,31.1,10.6
USW00093987,"LUFKIN ANGELINA CO AIRPORT, TX US",31.23593,-94.75468,87.1,5/7/2011,0,NA,32.2,13.9
USW00093987,"LUFKIN ANGELINA CO AIRPORT, TX US",31.23593,-94.75468,87.1,5/8/2011,0,NA,33.9,19.4
USW00093987,"LUFKIN ANGELINA CO AIRPORT, TX US",31.23593,-94.75468,87.1,5/9/2011,0,NA,35,22.2
USW00093987,"LUFKIN ANGELINA CO AIRPORT, TX US",31.23593,-94.75468,87.1,5/10/2011,0,NA,33.9,22.2
USW00093987,"LUFKIN ANGELINA CO AIRPORT, TX US",31.23593,-94.75468,87.1,5/11/2011,69.3,NA,30.6,18.9
USW00093987,"LUFKIN ANGELINA CO AIRPORT, TX US",31.23593,-94.75468,87.1,5/12/2011,18.5,NA,28.3,17.2
USW00093987,"LUFKIN ANGELINA CO AIRPORT, TX US",31.23593,-94.75468,87.1,5/13/2011,0,NA,29.4,16.1
USW00093987,"LUFKIN ANGELINA CO AIRPORT, TX US",31.23593,-94.75468,87.1,5/14/2011,0,NA,22.2,12.8
USW00093987,"LUFKIN ANGELINA CO AIRPORT, TX US",31.23593,-94.75468,87.1,5/15/2011,0,NA,25,8.9
USW00093987,"LUFKIN ANGELINA CO AIRPORT, TX US",31.23593,-94.75468,87.1,5/16/2011,0,NA,26.1,12.2
USW00093987,"LUFKIN ANGELINA CO AIRPORT, TX US",31.23593,-94.75468,87.1,5/17/2011,0,NA,28.9,10
USW00093987,"LUFKIN ANGELINA CO AIRPORT, TX US",31.23593,-94.75468,87.1,5/18/2011,0,NA,27.8,15
USW00093987,"LUFKIN ANGELINA CO AIRPORT, TX US",31.23593,-94.75468,87.1,5/19/2011,0,NA,30,20
USW00093987,"LUFKIN ANGELINA CO AIRPORT, TX US",31.23593,-94.75468,87.1,5/20/2011,22.1,NA,32.2,20
USW00093987,"LUFKIN ANGELINA CO AIRPORT, TX US",31.23593,-94.75468,87.1,5/21/2011,8.4,NA,31.1,19.4
USW00093987,"LUFKIN ANGELINA CO AIRPORT, TX US",31.23593,-94.75468,87.1,5/22/2011,0,NA,32.8,23.3
USW00093987,"LUFKIN ANGELINA CO AIRPORT, TX US",31.23593,-94.75468,87.1,5/23/2011,0,NA,32.2,22.2
USW00093987,"LUFKIN ANGELINA CO AIRPORT, TX US",31.23593,-94.75468,87.1,5/24/2011,0,NA,33.3,23.9
USW00093987,"LUFKIN ANGELINA CO AIRPORT, TX US",31.23593,-94.75468,87.1,5/25/2011,0,NA,34.4,23.9
USW00093987,"LUFKIN ANGELINA CO AIRPORT, TX US",31.23593,-94.75468,87.1,5/26/2011,0,NA,30,17.2
USW00093987,"LUFKIN ANGELINA CO AIRPORT, TX US",31.23593,-94.75468,87.1,5/27/2011,0,NA,34.4,16.7
USW00093987,"LUFKIN ANGELINA CO AIRPORT, TX US",31.23593,-94.75468,87.1,5/28/2011,0,NA,35.6,22.8
USW00093987,"LUFKIN ANGELINA CO AIRPORT, TX US",31.23593,-94.75468,87.1,5/29/2011,0,NA,34.4,22.2
USW00093987,"LUFKIN ANGELINA CO AIRPORT, TX US",31.23593,-94.75468,87.1,5/30/2011,0,NA,35,22.8
USW00093987,"LUFKIN ANGELINA CO AIRPORT, TX US",31.23593,-94.75468,87.1,5/31/2011,0,NA,35,21.7
USW00093987,"LUFKIN ANGELINA CO AIRPORT, TX US",31.23593,-94.75468,87.1,6/1/2011,0,NA,35.6,21.1
USW00093987,"LUFKIN ANGELINA CO AIRPORT, TX US",31.23593,-94.75468,87.1,6/2/2011,0,NA,37.2,20.6
USW00093987,"LUFKIN ANGELINA CO AIRPORT, TX US",31.23593,-94.75468,87.1,6/3/2011,0,NA,36.1,21.7
USW00093987,"LUFKIN ANGELINA CO AIRPORT, TX US",31.23593,-94.75468,87.1,6/4/2011,0,NA,36.1,18.3
USW00093987,"LUFKIN ANGELINA CO AIRPORT, TX US",31.23593,-94.75468,87.1,6/5/2011,0,NA,38.3,21.7
USW00093987,"LUFKIN ANGELINA CO AIRPORT, TX US",31.23593,-94.75468,87.1,6/6/2011,0,NA,38.3,20
USW00093987,"LUFKIN ANGELINA CO AIRPORT, TX US",31.23593,-94.75468,87.1,6/7/2011,0,NA,36.1,20
USW00093987,"LUFKIN ANGELINA CO AIRPORT, TX US",31.23593,-94.75468,87.1,6/8/2011,0,NA,35.6,21.7
USW00093987,"LUFKIN ANGELINA CO AIRPORT, TX US",31.23593,-94.75468,87.1,6/9/2011,0,NA,35.6,19.4
USW00093987,"LUFKIN ANGELINA CO AIRPORT, TX US",31.23593,-94.75468,87.1,6/10/2011,0,NA,36.1,21.1
USW00093987,"LUFKIN ANGELINA CO AIRPORT, TX US",31.23593,-94.75468,87.1,6/11/2011,0,NA,36.1,20.6
USW00093987,"LUFKIN ANGELINA CO AIRPORT, TX US",31.23593,-94.75468,87.1,6/12/2011,0,NA,36.7,20
USW00093987,"LUFKIN ANGELINA CO AIRPORT, TX US",31.23593,-94.75468,87.1,6/13/2011,0,NA,37.8,20
USW00093987,"LUFKIN ANGELINA CO AIRPORT, TX US",31.23593,-94.75468,87.1,6/14/2011,0,NA,38.3,22.8
USW00093987,"LUFKIN ANGELINA CO AIRPORT, TX US",31.23593,-94.75468,87.1,6/15/2011,0,NA,37.8,22.8
USW00093987,"LUFKIN ANGELINA CO AIRPORT, TX US",31.23593,-94.75468,87.1,6/16/2011,0,NA,38.9,23.9
USW00093987,"LUFKIN ANGELINA CO AIRPORT, TX US",31.23593,-94.75468,87.1,6/17/2011,0,NA,38.9,25
USW00093987,"LUFKIN ANGELINA CO AIRPORT, TX US",31.23593,-94.75468,87.1,6/18/2011,0,NA,40,26.7
USW00093987,"LUFKIN ANGELINA CO AIRPORT, TX US",31.23593,-94.75468,87.1,6/19/2011,0,NA,38.9,25.6
USW00093987,"LUFKIN ANGELINA CO AIRPORT, TX US",31.23593,-94.75468,87.1,6/20/2011,0,NA,37.8,25
USW00093987,"LUFKIN ANGELINA CO AIRPORT, TX US",31.23593,-94.75468,87.1,6/21/2011,22.9,NA,36.7,20.6
USW00093987,"LUFKIN ANGELINA CO AIRPORT, TX US",31.23593,-94.75468,87.1,6/22/2011,33.8,NA,26.1,20
USW00093987,"LUFKIN ANGELINA CO AIRPORT, TX US",31.23593,-94.75468,87.1,6/23/2011,0,NA,34.4,20.6
USW00093987,"LUFKIN ANGELINA CO AIRPORT, TX US",31.23593,-94.75468,87.1,6/24/2011,0,NA,35,21.7
USW00093987,"LUFKIN ANGELINA CO AIRPORT, TX US",31.23593,-94.75468,87.1,6/25/2011,0,NA,36.1,23.3
USW00093987,"LUFKIN ANGELINA CO AIRPORT, TX US",31.23593,-94.75468,87.1,6/26/2011,0,NA,36.7,23.3
USW00093987,"LUFKIN ANGELINA CO AIRPORT, TX US",31.23593,-94.75468,87.1,6/27/2011,0,NA,36.7,24.4
USW00093987,"LUFKIN ANGELINA CO AIRPORT, TX US",31.23593,-94.75468,87.1,6/28/2011,4.1,NA,36.1,23.3
USW00093987,"LUFKIN ANGELINA CO AIRPORT, TX US",31.23593,-94.75468,87.1,6/29/2011,0,NA,36.7,23.3
USW00093987,"LUFKIN ANGELINA CO AIRPORT, TX US",31.23593,-94.75468,87.1,6/30/2011,0,NA,37.2,22.8
USW00093987,"LUFKIN ANGELINA CO AIRPORT, TX US",31.23593,-94.75468,87.1,7/1/2011,0,NA,37.2,23.3
USW00093987,"LUFKIN ANGELINA CO AIRPORT, TX US",31.23593,-94.75468,87.1,7/2/2011,0,NA,38.9,23.3
USW00093987,"LUFKIN ANGELINA CO AIRPORT, TX US",31.23593,-94.75468,87.1,7/3/2011,0,NA,38.9,22.2
USW00093987,"LUFKIN ANGELINA CO AIRPORT, TX US",31.23593,-94.75468,87.1,7/4/2011,0,NA,37.8,22.8
USW00093987,"LUFKIN ANGELINA CO AIRPORT, TX US",31.23593,-94.75468,87.1,7/5/2011,0,NA,35.6,23.3
USW00093987,"LUFKIN ANGELINA CO AIRPORT, TX US",31.23593,-94.75468,87.1,7/6/2011,0,NA,37.2,21.7
USW00093987,"LUFKIN ANGELINA CO AIRPORT, TX US",31.23593,-94.75468,87.1,7/7/2011,0,NA,37.8,21.7
USW00093987,"LUFKIN ANGELINA CO AIRPORT, TX US",31.23593,-94.75468,87.1,7/8/2011,0,NA,38.9,25
USW00093987,"LUFKIN ANGELINA CO AIRPORT, TX US",31.23593,-94.75468,87.1,7/9/2011,0,NA,38.3,24.4
USW00093987,"LUFKIN ANGELINA CO AIRPORT, TX US",31.23593,-94.75468,87.1,7/10/2011,0,NA,38.9,23.3
USW00093987,"LUFKIN ANGELINA CO AIRPORT, TX US",31.23593,-94.75468,87.1,7/11/2011,0,NA,38.9,23.3
USW00093987,"LUFKIN ANGELINA CO AIRPORT, TX US",31.23593,-94.75468,87.1,7/12/2011,0,NA,38.9,25
USW00093987,"LUFKIN ANGELINA CO AIRPORT, TX US",31.23593,-94.75468,87.1,7/13/2011,0,NA,39.4,25
USW00093987,"LUFKIN ANGELINA CO AIRPORT, TX US",31.23593,-94.75468,87.1,7/14/2011,3,NA,39.4,23.3
USW00093987,"LUFKIN ANGELINA CO AIRPORT, TX US",31.23593,-94.75468,87.1,7/15/2011,32.8,NA,37.2,23.3
USW00093987,"LUFKIN ANGELINA CO AIRPORT, TX US",31.23593,-94.75468,87.1,7/16/2011,0,NA,34.4,23.9
USW00093987,"LUFKIN ANGELINA CO AIRPORT, TX US",31.23593,-94.75468,87.1,7/17/2011,0,NA,36.1,23.3
USW00093987,"LUFKIN ANGELINA CO AIRPORT, TX US",31.23593,-94.75468,87.1,7/18/2011,5.8,NA,35.6,24.4
USW00093987,"LUFKIN ANGELINA CO AIRPORT, TX US",31.23593,-94.75468,87.1,7/19/2011,2.5,NA,33.9,23.9
USW00093987,"LUFKIN ANGELINA CO AIRPORT, TX US",31.23593,-94.75468,87.1,7/20/2011,3.8,NA,35.6,23.9
USW00093987,"LUFKIN ANGELINA CO AIRPORT, TX US",31.23593,-94.75468,87.1,7/21/2011,0,NA,37.2,23.9
USW00093987,"LUFKIN ANGELINA CO AIRPORT, TX US",31.23593,-94.75468,87.1,7/22/2011,0,NA,37.8,23.9
USW00093987,"LUFKIN ANGELINA CO AIRPORT, TX US",31.23593,-94.75468,87.1,7/23/2011,0,NA,37.8,25
USW00093987,"LUFKIN ANGELINA CO AIRPORT, TX US",31.23593,-94.75468,87.1,7/24/2011,0,NA,37.8,25
USW00093987,"LUFKIN ANGELINA CO AIRPORT, TX US",31.23593,-94.75468,87.1,7/25/2011,0,NA,33.9,25
USW00093987,"LUFKIN ANGELINA CO AIRPORT, TX US",31.23593,-94.75468,87.1,7/26/2011,0,NA,37.2,24.4
USW00093987,"LUFKIN ANGELINA CO AIRPORT, TX US",31.23593,-94.75468,87.1,7/27/2011,1.3,NA,36.7,25.6
USW00093987,"LUFKIN ANGELINA CO AIRPORT, TX US",31.23593,-94.75468,87.1,7/28/2011,0,NA,32.8,24.4
USW00093987,"LUFKIN ANGELINA CO AIRPORT, TX US",31.23593,-94.75468,87.1,7/29/2011,0,NA,36.1,23.9
USW00093987,"LUFKIN ANGELINA CO AIRPORT, TX US",31.23593,-94.75468,87.1,7/30/2011,0,NA,37.8,23.9
USW00093987,"LUFKIN ANGELINA CO AIRPORT, TX US",31.23593,-94.75468,87.1,7/31/2011,0,NA,39.4,22.8
USW00093987,"LUFKIN ANGELINA CO AIRPORT, TX US",31.23593,-94.75468,87.1,8/1/2011,0,NA,41.1,24.4
USW00093987,"LUFKIN ANGELINA CO AIRPORT, TX US",31.23593,-94.75468,87.1,8/2/2011,0,NA,41.1,26.1
USW00093987,"LUFKIN ANGELINA CO AIRPORT, TX US",31.23593,-94.75468,87.1,8/3/2011,0,NA,41.1,25.6
USW00093987,"LUFKIN ANGELINA CO AIRPORT, TX US",31.23593,-94.75468,87.1,8/4/2011,0,NA,41.1,23.9
USW00093987,"LUFKIN ANGELINA CO AIRPORT, TX US",31.23593,-94.75468,87.1,8/5/2011,0,NA,40.6,23.9
USW00093987,"LUFKIN ANGELINA CO AIRPORT, TX US",31.23593,-94.75468,87.1,8/6/2011,0,NA,40.6,24.4
USW00093987,"LUFKIN ANGELINA CO AIRPORT, TX US",31.23593,-94.75468,87.1,8/7/2011,0,NA,39.4,25.6
USW00093987,"LUFKIN ANGELINA CO AIRPORT, TX US",31.23593,-94.75468,87.1,8/8/2011,0,NA,39.4,25.6
USW00093987,"LUFKIN ANGELINA CO AIRPORT, TX US",31.23593,-94.75468,87.1,8/9/2011,0,NA,40,23.9
USW00093987,"LUFKIN ANGELINA CO AIRPORT, TX US",31.23593,-94.75468,87.1,8/10/2011,0,NA,40,25
USW00093987,"LUFKIN ANGELINA CO AIRPORT, TX US",31.23593,-94.75468,87.1,8/11/2011,0,NA,40,24.4
USW00093987,"LUFKIN ANGELINA CO AIRPORT, TX US",31.23593,-94.75468,87.1,8/12/2011,0,NA,39.4,25.6
USW00093987,"LUFKIN ANGELINA CO AIRPORT, TX US",31.23593,-94.75468,87.1,8/13/2011,0,NA,38.9,24.4
USW00093987,"LUFKIN ANGELINA CO AIRPORT, TX US",31.23593,-94.75468,87.1,8/14/2011,1.3,NA,40.6,23.9
USW00093987,"LUFKIN ANGELINA CO AIRPORT, TX US",31.23593,-94.75468,87.1,8/15/2011,0,NA,40.6,22.2
USW00093987,"LUFKIN ANGELINA CO AIRPORT, TX US",31.23593,-94.75468,87.1,8/16/2011,0,NA,40,22.8
USW00093987,"LUFKIN ANGELINA CO AIRPORT, TX US",31.23593,-94.75468,87.1,8/17/2011,0,NA,41.1,23.9
USW00093987,"LUFKIN ANGELINA CO AIRPORT, TX US",31.23593,-94.75468,87.1,8/18/2011,0,NA,41.7,23.9
USW00093987,"LUFKIN ANGELINA CO AIRPORT, TX US",31.23593,-94.75468,87.1,8/19/2011,0,NA,41.7,25
USW00093987,"LUFKIN ANGELINA CO AIRPORT, TX US",31.23593,-94.75468,87.1,8/20/2011,0,NA,41.1,25
USW00093987,"LUFKIN ANGELINA CO AIRPORT, TX US",31.23593,-94.75468,87.1,8/21/2011,0,NA,40,23.3
USW00093987,"LUFKIN ANGELINA CO AIRPORT, TX US",31.23593,-94.75468,87.1,8/22/2011,0,NA,40,23.9
USW00093987,"LUFKIN ANGELINA CO AIRPORT, TX US",31.23593,-94.75468,87.1,8/23/2011,0,NA,40,23.9
USW00093987,"LUFKIN ANGELINA CO AIRPORT, TX US",31.23593,-94.75468,87.1,8/24/2011,9.1,NA,40,22.8
USW00093987,"LUFKIN ANGELINA CO AIRPORT, TX US",31.23593,-94.75468,87.1,8/25/2011,13.5,NA,36.7,22.2
USW00093987,"LUFKIN ANGELINA CO AIRPORT, TX US",31.23593,-94.75468,87.1,8/26/2011,0,NA,38.9,23.3
USW00093987,"LUFKIN ANGELINA CO AIRPORT, TX US",31.23593,-94.75468,87.1,8/27/2011,0,NA,40,25.6
USW00093987,"LUFKIN ANGELINA CO AIRPORT, TX US",31.23593,-94.75468,87.1,8/28/2011,0,NA,40.6,21.7
USW00093987,"LUFKIN ANGELINA CO AIRPORT, TX US",31.23593,-94.75468,87.1,8/29/2011,0,NA,38.3,21.7
USW00093987,"LUFKIN ANGELINA CO AIRPORT, TX US",31.23593,-94.75468,87.1,8/30/2011,0,NA,40,22.2
USW00093987,"LUFKIN ANGELINA CO AIRPORT, TX US",31.23593,-94.75468,87.1,8/31/2011,0,NA,39.4,22.8
USW00093987,"LUFKIN ANGELINA CO AIRPORT, TX US",31.23593,-94.75468,87.1,9/1/2011,0,NA,38.3,21.7
USW00093987,"LUFKIN ANGELINA CO AIRPORT, TX US",31.23593,-94.75468,87.1,9/2/2011,0,NA,38.3,23.9
USW00093987,"LUFKIN ANGELINA CO AIRPORT, TX US",31.23593,-94.75468,87.1,9/3/2011,8.9,NA,30,22.8
USW00093987,"LUFKIN ANGELINA CO AIRPORT, TX US",31.23593,-94.75468,87.1,9/4/2011,1.8,NA,30,22.2
USW00093987,"LUFKIN ANGELINA CO AIRPORT, TX US",31.23593,-94.75468,87.1,9/5/2011,0,NA,31.7,15
USW00093987,"LUFKIN ANGELINA CO AIRPORT, TX US",31.23593,-94.75468,87.1,9/6/2011,0,NA,32.8,11.1
USW00093987,"LUFKIN ANGELINA CO AIRPORT, TX US",31.23593,-94.75468,87.1,9/7/2011,0,NA,33.3,10
USW00093987,"LUFKIN ANGELINA CO AIRPORT, TX US",31.23593,-94.75468,87.1,9/8/2011,0,NA,33.3,11.7
USW00093987,"LUFKIN ANGELINA CO AIRPORT, TX US",31.23593,-94.75468,87.1,9/9/2011,0,NA,35,11.1
USW00093987,"LUFKIN ANGELINA CO AIRPORT, TX US",31.23593,-94.75468,87.1,9/10/2011,0,NA,35.6,12.8
USW00093987,"LUFKIN ANGELINA CO AIRPORT, TX US",31.23593,-94.75468,87.1,9/11/2011,0,NA,38.3,17.2
USW00093987,"LUFKIN ANGELINA CO AIRPORT, TX US",31.23593,-94.75468,87.1,9/12/2011,0,NA,39.4,20
USW00093987,"LUFKIN ANGELINA CO AIRPORT, TX US",31.23593,-94.75468,87.1,9/13/2011,0,NA,40.6,19.4
USW00093987,"LUFKIN ANGELINA CO AIRPORT, TX US",31.23593,-94.75468,87.1,9/14/2011,0,NA,38.9,21.1
USW00093987,"LUFKIN ANGELINA CO AIRPORT, TX US",31.23593,-94.75468,87.1,9/15/2011,0,NA,32.2,21.1
USW00093987,"LUFKIN ANGELINA CO AIRPORT, TX US",31.23593,-94.75468,87.1,9/16/2011,0,NA,33.3,16.7
USW00093987,"LUFKIN ANGELINA CO AIRPORT, TX US",31.23593,-94.75468,87.1,9/17/2011,0,NA,35.6,18.9
USW00093987,"LUFKIN ANGELINA CO AIRPORT, TX US",31.23593,-94.75468,87.1,9/18/2011,2.8,NA,31.7,22.2
USW00093987,"LUFKIN ANGELINA CO AIRPORT, TX US",31.23593,-94.75468,87.1,9/19/2011,24.9,NA,28.9,18.9
USW00093987,"LUFKIN ANGELINA CO AIRPORT, TX US",31.23593,-94.75468,87.1,9/20/2011,0,NA,33.3,17.2
USW00093987,"LUFKIN ANGELINA CO AIRPORT, TX US",31.23593,-94.75468,87.1,9/21/2011,0,NA,33.9,18.3
USW00093987,"LUFKIN ANGELINA CO AIRPORT, TX US",31.23593,-94.75468,87.1,9/22/2011,0,NA,34.4,17.8
USW00093987,"LUFKIN ANGELINA CO AIRPORT, TX US",31.23593,-94.75468,87.1,9/23/2011,0,NA,29.4,15.6
USW00093987,"LUFKIN ANGELINA CO AIRPORT, TX US",31.23593,-94.75468,87.1,9/24/2011,0,NA,33.3,12.2
USW00093987,"LUFKIN ANGELINA CO AIRPORT, TX US",31.23593,-94.75468,87.1,9/25/2011,0,NA,36.7,23.3
USW00093987,"LUFKIN ANGELINA CO AIRPORT, TX US",31.23593,-94.75468,87.1,9/26/2011,0,NA,36.1,21.7
USW00093987,"LUFKIN ANGELINA CO AIRPORT, TX US",31.23593,-94.75468,87.1,9/27/2011,0,NA,35.6,21.1
USW00093987,"LUFKIN ANGELINA CO AIRPORT, TX US",31.23593,-94.75468,87.1,9/28/2011,0.3,NA,36.7,19.4
USW00093987,"LUFKIN ANGELINA CO AIRPORT, TX US",31.23593,-94.75468,87.1,9/29/2011,0,NA,37.8,20
USW00093987,"LUFKIN ANGELINA CO AIRPORT, TX US",31.23593,-94.75468,87.1,9/30/2011,0,NA,31.7,18.3
USW00093987,"LUFKIN ANGELINA CO AIRPORT, TX US",31.23593,-94.75468,87.1,10/1/2011,0,NA,30,7.2
USW00093987,"LUFKIN ANGELINA CO AIRPORT, TX US",31.23593,-94.75468,87.1,10/2/2011,0,NA,29.4,8.9
USW00093987,"LUFKIN ANGELINA CO AIRPORT, TX US",31.23593,-94.75468,87.1,10/3/2011,0,NA,29.4,7.8
USW00093987,"LUFKIN ANGELINA CO AIRPORT, TX US",31.23593,-94.75468,87.1,10/4/2011,0,NA,31.1,7.8
USW00093987,"LUFKIN ANGELINA CO AIRPORT, TX US",31.23593,-94.75468,87.1,10/5/2011,0,NA,31.7,8.9
USW00093987,"LUFKIN ANGELINA CO AIRPORT, TX US",31.23593,-94.75468,87.1,10/6/2011,0,NA,32.8,13.3
USW00093987,"LUFKIN ANGELINA CO AIRPORT, TX US",31.23593,-94.75468,87.1,10/7/2011,0,NA,32.8,18.9
USW00093987,"LUFKIN ANGELINA CO AIRPORT, TX US",31.23593,-94.75468,87.1,10/8/2011,0,NA,32.8,18.9
USW00093987,"LUFKIN ANGELINA CO AIRPORT, TX US",31.23593,-94.75468,87.1,10/9/2011,0.3,NA,30,19.4
USW00093987,"LUFKIN ANGELINA CO AIRPORT, TX US",31.23593,-94.75468,87.1,10/10/2011,0,NA,30,17.2
USW00093987,"LUFKIN ANGELINA CO AIRPORT, TX US",31.23593,-94.75468,87.1,10/11/2011,0,NA,31.7,14.4
USW00093987,"LUFKIN ANGELINA CO AIRPORT, TX US",31.23593,-94.75468,87.1,10/12/2011,3.3,NA,27.2,15
USW00093987,"LUFKIN ANGELINA CO AIRPORT, TX US",31.23593,-94.75468,87.1,10/13/2011,0,NA,29.4,12.2
USW00093987,"LUFKIN ANGELINA CO AIRPORT, TX US",31.23593,-94.75468,87.1,10/14/2011,0,NA,31.7,7.8
USW00093987,"LUFKIN ANGELINA CO AIRPORT, TX US",31.23593,-94.75468,87.1,10/15/2011,0,NA,32.2,10
USW00093987,"LUFKIN ANGELINA CO AIRPORT, TX US",31.23593,-94.75468,87.1,10/16/2011,0,NA,32.2,11.7
USW00093987,"LUFKIN ANGELINA CO AIRPORT, TX US",31.23593,-94.75468,87.1,10/17/2011,0,NA,31.1,16.7
USW00093987,"LUFKIN ANGELINA CO AIRPORT, TX US",31.23593,-94.75468,87.1,10/18/2011,0.5,NA,22.8,8.9
USW00093987,"LUFKIN ANGELINA CO AIRPORT, TX US",31.23593,-94.75468,87.1,10/19/2011,0,NA,21.7,5
USW00093987,"LUFKIN ANGELINA CO AIRPORT, TX US",31.23593,-94.75468,87.1,10/20/2011,0,NA,24.4,1.1
USW00093987,"LUFKIN ANGELINA CO AIRPORT, TX US",31.23593,-94.75468,87.1,10/21/2011,0,NA,29.4,8.3
USW00093987,"LUFKIN ANGELINA CO AIRPORT, TX US",31.23593,-94.75468,87.1,10/22/2011,0,NA,30.6,13.3
USW00093987,"LUFKIN ANGELINA CO AIRPORT, TX US",31.23593,-94.75468,87.1,10/23/2011,20.6,NA,27.8,15
USW00093987,"LUFKIN ANGELINA CO AIRPORT, TX US",31.23593,-94.75468,87.1,10/24/2011,0,NA,30,15.6
USW00093987,"LUFKIN ANGELINA CO AIRPORT, TX US",31.23593,-94.75468,87.1,10/25/2011,0,NA,30,16.7
USW00093987,"LUFKIN ANGELINA CO AIRPORT, TX US",31.23593,-94.75468,87.1,10/26/2011,0,NA,30.6,16.1
USW00093987,"LUFKIN ANGELINA CO AIRPORT, TX US",31.23593,-94.75468,87.1,10/27/2011,13.2,NA,28.9,13.3
USW00093987,"LUFKIN ANGELINA CO AIRPORT, TX US",31.23593,-94.75468,87.1,10/28/2011,0,NA,15,5
USW00093987,"LUFKIN ANGELINA CO AIRPORT, TX US",31.23593,-94.75468,87.1,10/29/2011,0,NA,20.6,2.2
USW00093987,"LUFKIN ANGELINA CO AIRPORT, TX US",31.23593,-94.75468,87.1,10/30/2011,0,NA,22.2,3.9
USW00093987,"LUFKIN ANGELINA CO AIRPORT, TX US",31.23593,-94.75468,87.1,10/31/2011,0,NA,25.6,4.4
USW00093987,"LUFKIN ANGELINA CO AIRPORT, TX US",31.23593,-94.75468,87.1,11/1/2011,0,NA,26.1,4.4
USW00093987,"LUFKIN ANGELINA CO AIRPORT, TX US",31.23593,-94.75468,87.1,11/2/2011,3,NA,28.3,11.1
USW00093987,"LUFKIN ANGELINA CO AIRPORT, TX US",31.23593,-94.75468,87.1,11/3/2011,0,NA,16.7,3.9
USW00093987,"LUFKIN ANGELINA CO AIRPORT, TX US",31.23593,-94.75468,87.1,11/4/2011,0,NA,20,0
USW00093987,"LUFKIN ANGELINA CO AIRPORT, TX US",31.23593,-94.75468,87.1,11/5/2011,0,NA,22.8,2.8
USW00093987,"LUFKIN ANGELINA CO AIRPORT, TX US",31.23593,-94.75468,87.1,11/6/2011,0,NA,27.2,16.7
USW00093987,"LUFKIN ANGELINA CO AIRPORT, TX US",31.23593,-94.75468,87.1,11/7/2011,0,NA,26.7,17.8
USW00093987,"LUFKIN ANGELINA CO AIRPORT, TX US",31.23593,-94.75468,87.1,11/8/2011,35.8,NA,26.7,13.9
USW00093987,"LUFKIN ANGELINA CO AIRPORT, TX US",31.23593,-94.75468,87.1,11/9/2011,0,NA,17.8,8.9
USW00093987,"LUFKIN ANGELINA CO AIRPORT, TX US",31.23593,-94.75468,87.1,11/10/2011,0,NA,18.3,3.3
USW00093987,"LUFKIN ANGELINA CO AIRPORT, TX US",31.23593,-94.75468,87.1,11/11/2011,0,NA,20,0
USW00093987,"LUFKIN ANGELINA CO AIRPORT, TX US",31.23593,-94.75468,87.1,11/12/2011,0,NA,25,7.2
USW00093987,"LUFKIN ANGELINA CO AIRPORT, TX US",31.23593,-94.75468,87.1,11/13/2011,0,NA,28.9,16.1
USW00093987,"LUFKIN ANGELINA CO AIRPORT, TX US",31.23593,-94.75468,87.1,11/14/2011,0,NA,28.3,18.9
USW00093987,"LUFKIN ANGELINA CO AIRPORT, TX US",31.23593,-94.75468,87.1,11/15/2011,21.3,NA,28.3,17.2
USW00093987,"LUFKIN ANGELINA CO AIRPORT, TX US",31.23593,-94.75468,87.1,11/16/2011,0,NA,22.2,14.4
USW00093987,"LUFKIN ANGELINA CO AIRPORT, TX US",31.23593,-94.75468,87.1,11/17/2011,0,NA,17.2,3.9
USW00093987,"LUFKIN ANGELINA CO AIRPORT, TX US",31.23593,-94.75468,87.1,11/18/2011,0,NA,19.4,0.6
USW00093987,"LUFKIN ANGELINA CO AIRPORT, TX US",31.23593,-94.75468,87.1,11/19/2011,0,NA,25.6,12.8
USW00093987,"LUFKIN ANGELINA CO AIRPORT, TX US",31.23593,-94.75468,87.1,11/20/2011,0,NA,29.4,21.7
USW00093987,"LUFKIN ANGELINA CO AIRPORT, TX US",31.23593,-94.75468,87.1,11/21/2011,0.3,NA,28.9,19.4
USW00093987,"LUFKIN ANGELINA CO AIRPORT, TX US",31.23593,-94.75468,87.1,11/22/2011,14.5,NA,22.8,11.7
USW00093987,"LUFKIN ANGELINA CO AIRPORT, TX US",31.23593,-94.75468,87.1,11/23/2011,0,NA,21.7,6.7
USW00093987,"LUFKIN ANGELINA CO AIRPORT, TX US",31.23593,-94.75468,87.1,11/24/2011,0,NA,14.4,5.6
USW00093987,"LUFKIN ANGELINA CO AIRPORT, TX US",31.23593,-94.75468,87.1,11/25/2011,0,NA,22.8,5.6
USW00093987,"LUFKIN ANGELINA CO AIRPORT, TX US",31.23593,-94.75468,87.1,11/26/2011,28.4,NA,19.4,10
USW00093987,"LUFKIN ANGELINA CO AIRPORT, TX US",31.23593,-94.75468,87.1,11/27/2011,0,NA,11.7,1.1
USW00093987,"LUFKIN ANGELINA CO AIRPORT, TX US",31.23593,-94.75468,87.1,11/28/2011,0,NA,12.8,-2.8
USW00093987,"LUFKIN ANGELINA CO AIRPORT, TX US",31.23593,-94.75468,87.1,11/29/2011,0,NA,18.3,-1.7
USW00093987,"LUFKIN ANGELINA CO AIRPORT, TX US",31.23593,-94.75468,87.1,11/30/2011,0,NA,17.2,-1.1
USW00093987,"LUFKIN ANGELINA CO AIRPORT, TX US",31.23593,-94.75468,87.1,12/1/2011,0,NA,22.2,1.7
USW00093987,"LUFKIN ANGELINA CO AIRPORT, TX US",31.23593,-94.75468,87.1,12/2/2011,0,NA,21.7,6.7
USW00093987,"LUFKIN ANGELINA CO AIRPORT, TX US",31.23593,-94.75468,87.1,12/3/2011,0,NA,24.4,10.6
USW00093987,"LUFKIN ANGELINA CO AIRPORT, TX US",31.23593,-94.75468,87.1,12/4/2011,13.2,NA,19.4,11.1
USW00093987,"LUFKIN ANGELINA CO AIRPORT, TX US",31.23593,-94.75468,87.1,12/5/2011,31.5,NA,11.1,5.6
USW00093987,"LUFKIN ANGELINA CO AIRPORT, TX US",31.23593,-94.75468,87.1,12/6/2011,0.3,NA,5.6,-0.6
USW00093987,"LUFKIN ANGELINA CO AIRPORT, TX US",31.23593,-94.75468,87.1,12/7/2011,0,NA,8.3,-2.8
USW00093987,"LUFKIN ANGELINA CO AIRPORT, TX US",31.23593,-94.75468,87.1,12/8/2011,0,NA,11.7,-5
USW00093987,"LUFKIN ANGELINA CO AIRPORT, TX US",31.23593,-94.75468,87.1,12/9/2011,0,NA,13.9,1.1
USW00093987,"LUFKIN ANGELINA CO AIRPORT, TX US",31.23593,-94.75468,87.1,12/10/2011,0,NA,14.4,3.3
USW00093987,"LUFKIN ANGELINA CO AIRPORT, TX US",31.23593,-94.75468,87.1,12/11/2011,0,NA,13.3,0.6
USW00093987,"LUFKIN ANGELINA CO AIRPORT, TX US",31.23593,-94.75468,87.1,12/12/2011,0,NA,16.7,5
USW00093987,"LUFKIN ANGELINA CO AIRPORT, TX US",31.23593,-94.75468,87.1,12/13/2011,0,NA,21.1,8.3
USW00093987,"LUFKIN ANGELINA CO AIRPORT, TX US",31.23593,-94.75468,87.1,12/14/2011,0,NA,22.8,15.6
USW00093987,"LUFKIN ANGELINA CO AIRPORT, TX US",31.23593,-94.75468,87.1,12/15/2011,1,NA,23.9,13.9
USW00093987,"LUFKIN ANGELINA CO AIRPORT, TX US",31.23593,-94.75468,87.1,12/16/2011,4.6,NA,13.9,10
USW00093987,"LUFKIN ANGELINA CO AIRPORT, TX US",31.23593,-94.75468,87.1,12/17/2011,0,NA,16.1,3.3
USW00093987,"LUFKIN ANGELINA CO AIRPORT, TX US",31.23593,-94.75468,87.1,12/18/2011,0,NA,18.9,0.6
USW00093987,"LUFKIN ANGELINA CO AIRPORT, TX US",31.23593,-94.75468,87.1,12/19/2011,7.4,NA,21.1,7.8
USW00093987,"LUFKIN ANGELINA CO AIRPORT, TX US",31.23593,-94.75468,87.1,12/20/2011,46.2,NA,18.3,6.7
USW00093987,"LUFKIN ANGELINA CO AIRPORT, TX US",31.23593,-94.75468,87.1,12/21/2011,0.3,NA,13.3,3.9
USW00093987,"LUFKIN ANGELINA CO AIRPORT, TX US",31.23593,-94.75468,87.1,12/22/2011,32,NA,12.2,8.9
USW00093987,"LUFKIN ANGELINA CO AIRPORT, TX US",31.23593,-94.75468,87.1,12/23/2011,0.3,NA,11.1,8.3
USW00093987,"LUFKIN ANGELINA CO AIRPORT, TX US",31.23593,-94.75468,87.1,12/24/2011,25.7,NA,8.3,5.6
USW00093987,"LUFKIN ANGELINA CO AIRPORT, TX US",31.23593,-94.75468,87.1,12/25/2011,8.9,NA,8.3,6.1
USW00093987,"LUFKIN ANGELINA CO AIRPORT, TX US",31.23593,-94.75468,87.1,12/26/2011,1.3,NA,8.3,1.7
USW00093987,"LUFKIN ANGELINA CO AIRPORT, TX US",31.23593,-94.75468,87.1,12/27/2011,0,NA,15.6,0
USW00093987,"LUFKIN ANGELINA CO AIRPORT, TX US",31.23593,-94.75468,87.1,12/28/2011,0,NA,15,-1.1
USW00093987,"LUFKIN ANGELINA CO AIRPORT, TX US",31.23593,-94.75468,87.1,12/29/2011,0,NA,14.4,5
USW00093987,"LUFKIN ANGELINA CO AIRPORT, TX US",31.23593,-94.75468,87.1,12/30/2011,0,NA,21.7,1.7
USW00093987,"LUFKIN ANGELINA CO AIRPORT, TX US",31.23593,-94.75468,87.1,12/31/2011,0,NA,23.9,4.4
USW00093987,"LUFKIN ANGELINA CO AIRPORT, TX US",31.23593,-94.75468,87.1,1/1/2012,0,NA,19.4,6.7
USW00093987,"LUFKIN ANGELINA CO AIRPORT, TX US",31.23593,-94.75468,87.1,1/2/2012,0,NA,14.4,0.6
USW00093987,"LUFKIN ANGELINA CO AIRPORT, TX US",31.23593,-94.75468,87.1,1/3/2012,0,NA,13.9,-3.9
USW00093987,"LUFKIN ANGELINA CO AIRPORT, TX US",31.23593,-94.75468,87.1,1/4/2012,0,NA,21.7,0
USW00093987,"LUFKIN ANGELINA CO AIRPORT, TX US",31.23593,-94.75468,87.1,1/5/2012,0,NA,22.2,3.3
USW00093987,"LUFKIN ANGELINA CO AIRPORT, TX US",31.23593,-94.75468,87.1,1/6/2012,0,NA,23.3,12.2
USW00093987,"LUFKIN ANGELINA CO AIRPORT, TX US",31.23593,-94.75468,87.1,1/7/2012,0,NA,23.3,10
USW00093987,"LUFKIN ANGELINA CO AIRPORT, TX US",31.23593,-94.75468,87.1,1/8/2012,9.1,NA,23.3,10
USW00093987,"LUFKIN ANGELINA CO AIRPORT, TX US",31.23593,-94.75468,87.1,1/9/2012,60.5,NA,18.9,11.7
USW00093987,"LUFKIN ANGELINA CO AIRPORT, TX US",31.23593,-94.75468,87.1,1/10/2012,0.5,NA,11.7,7.8
USW00093987,"LUFKIN ANGELINA CO AIRPORT, TX US",31.23593,-94.75468,87.1,1/11/2012,0,NA,20,3.9
USW00093987,"LUFKIN ANGELINA CO AIRPORT, TX US",31.23593,-94.75468,87.1,1/12/2012,0,NA,12.2,-3.3
USW00093987,"LUFKIN ANGELINA CO AIRPORT, TX US",31.23593,-94.75468,87.1,1/13/2012,0,NA,12.8,-3.9
USW00093987,"LUFKIN ANGELINA CO AIRPORT, TX US",31.23593,-94.75468,87.1,1/14/2012,0,NA,18.3,-2.2
USW00093987,"LUFKIN ANGELINA CO AIRPORT, TX US",31.23593,-94.75468,87.1,1/15/2012,0,NA,21.1,-1.1
USW00093987,"LUFKIN ANGELINA CO AIRPORT, TX US",31.23593,-94.75468,87.1,1/16/2012,0,NA,24.4,15
USW00093987,"LUFKIN ANGELINA CO AIRPORT, TX US",31.23593,-94.75468,87.1,1/17/2012,3,NA,25,6.7
USW00093987,"LUFKIN ANGELINA CO AIRPORT, TX US",31.23593,-94.75468,87.1,1/18/2012,0,NA,16.7,1.7
USW00093987,"LUFKIN ANGELINA CO AIRPORT, TX US",31.23593,-94.75468,87.1,1/19/2012,0,NA,20,3.9
USW00093987,"LUFKIN ANGELINA CO AIRPORT, TX US",31.23593,-94.75468,87.1,1/20/2012,0,NA,26.1,14.4
USW00093987,"LUFKIN ANGELINA CO AIRPORT, TX US",31.23593,-94.75468,87.1,1/21/2012,0,NA,20,11.7
USW00093987,"LUFKIN ANGELINA CO AIRPORT, TX US",31.23593,-94.75468,87.1,1/22/2012,0,NA,26.7,12.2
USW00093987,"LUFKIN ANGELINA CO AIRPORT, TX US",31.23593,-94.75468,87.1,1/23/2012,0,NA,21.7,6.7
USW00093987,"LUFKIN ANGELINA CO AIRPORT, TX US",31.23593,-94.75468,87.1,1/24/2012,2,NA,18.9,6.7
USW00093987,"LUFKIN ANGELINA CO AIRPORT, TX US",31.23593,-94.75468,87.1,1/25/2012,42.7,NA,21.7,10
USW00093987,"LUFKIN ANGELINA CO AIRPORT, TX US",31.23593,-94.75468,87.1,1/26/2012,0,NA,15,4.4
USW00093987,"LUFKIN ANGELINA CO AIRPORT, TX US",31.23593,-94.75468,87.1,1/27/2012,0,NA,20,1.1
USW00093987,"LUFKIN ANGELINA CO AIRPORT, TX US",31.23593,-94.75468,87.1,1/28/2012,0,NA,16.7,2.2
USW00093987,"LUFKIN ANGELINA CO AIRPORT, TX US",31.23593,-94.75468,87.1,1/29/2012,0,NA,18.3,0
USW00093987,"LUFKIN ANGELINA CO AIRPORT, TX US",31.23593,-94.75468,87.1,1/30/2012,0,NA,21.7,0.6
USW00093987,"LUFKIN ANGELINA CO AIRPORT, TX US",31.23593,-94.75468,87.1,1/31/2012,17.3,NA,21.1,11.1
USW00093987,"LUFKIN ANGELINA CO AIRPORT, TX US",31.23593,-94.75468,87.1,2/1/2012,0,NA,25.6,17.2
USW00093987,"LUFKIN ANGELINA CO AIRPORT, TX US",31.23593,-94.75468,87.1,2/2/2012,0,NA,21.1,18.3
USW00093987,"LUFKIN ANGELINA CO AIRPORT, TX US",31.23593,-94.75468,87.1,2/3/2012,0,NA,25,17.8
USW00093987,"LUFKIN ANGELINA CO AIRPORT, TX US",31.23593,-94.75468,87.1,2/4/2012,16,NA,21.1,10
USW00093987,"LUFKIN ANGELINA CO AIRPORT, TX US",31.23593,-94.75468,87.1,2/5/2012,0,NA,12.2,5.6
USW00093987,"LUFKIN ANGELINA CO AIRPORT, TX US",31.23593,-94.75468,87.1,2/6/2012,0,NA,15,2.8
USW00093987,"LUFKIN ANGELINA CO AIRPORT, TX US",31.23593,-94.75468,87.1,2/7/2012,0,NA,16.1,7.8
USW00093987,"LUFKIN ANGELINA CO AIRPORT, TX US",31.23593,-94.75468,87.1,2/8/2012,0,NA,15.6,3.3
USW00093987,"LUFKIN ANGELINA CO AIRPORT, TX US",31.23593,-94.75468,87.1,2/9/2012,0,NA,15.6,3.9
USW00093987,"LUFKIN ANGELINA CO AIRPORT, TX US",31.23593,-94.75468,87.1,2/10/2012,1.5,NA,15,6.1
USW00093987,"LUFKIN ANGELINA CO AIRPORT, TX US",31.23593,-94.75468,87.1,2/11/2012,0,NA,10.6,0.6
USW00093987,"LUFKIN ANGELINA CO AIRPORT, TX US",31.23593,-94.75468,87.1,2/12/2012,0,NA,10.6,-1.7
USW00093987,"LUFKIN ANGELINA CO AIRPORT, TX US",31.23593,-94.75468,87.1,2/13/2012,9.1,NA,8.9,3.3
USW00093987,"LUFKIN ANGELINA CO AIRPORT, TX US",31.23593,-94.75468,87.1,2/14/2012,0,NA,13.3,6.7
USW00093987,"LUFKIN ANGELINA CO AIRPORT, TX US",31.23593,-94.75468,87.1,2/15/2012,17.8,NA,18.9,8.9
USW00093987,"LUFKIN ANGELINA CO AIRPORT, TX US",31.23593,-94.75468,87.1,2/16/2012,0,NA,17.8,11.7
USW00093987,"LUFKIN ANGELINA CO AIRPORT, TX US",31.23593,-94.75468,87.1,2/17/2012,0.3,NA,18.3,11.1
USW00093987,"LUFKIN ANGELINA CO AIRPORT, TX US",31.23593,-94.75468,87.1,2/18/2012,40.4,NA,13.9,8.9
USW00093987,"LUFKIN ANGELINA CO AIRPORT, TX US",31.23593,-94.75468,87.1,2/19/2012,0,NA,16.7,7.8
USW00093987,"LUFKIN ANGELINA CO AIRPORT, TX US",31.23593,-94.75468,87.1,2/20/2012,0,NA,16.7,5.6
USW00093987,"LUFKIN ANGELINA CO AIRPORT, TX US",31.23593,-94.75468,87.1,2/21/2012,1.3,NA,23.3,7.8
USW00093987,"LUFKIN ANGELINA CO AIRPORT, TX US",31.23593,-94.75468,87.1,2/22/2012,0,NA,27.2,15
USW00093987,"LUFKIN ANGELINA CO AIRPORT, TX US",31.23593,-94.75468,87.1,2/23/2012,0,NA,31.1,17.2
USW00093987,"LUFKIN ANGELINA CO AIRPORT, TX US",31.23593,-94.75468,87.1,2/24/2012,0,NA,21.7,6.1
USW00093987,"LUFKIN ANGELINA CO AIRPORT, TX US",31.23593,-94.75468,87.1,2/25/2012,0,NA,16.7,1.1
USW00093987,"LUFKIN ANGELINA CO AIRPORT, TX US",31.23593,-94.75468,87.1,2/26/2012,0,NA,21.1,0.6
USW00093987,"LUFKIN ANGELINA CO AIRPORT, TX US",31.23593,-94.75468,87.1,2/27/2012,0,NA,23.9,13.3
USW00093987,"LUFKIN ANGELINA CO AIRPORT, TX US",31.23593,-94.75468,87.1,2/28/2012,0,NA,25.6,16.7
USW00093987,"LUFKIN ANGELINA CO AIRPORT, TX US",31.23593,-94.75468,87.1,2/29/2012,0,NA,27.8,18.3
USW00093987,"LUFKIN ANGELINA CO AIRPORT, TX US",31.23593,-94.75468,87.1,3/1/2012,0.3,NA,27.8,20
USW00093987,"LUFKIN ANGELINA CO AIRPORT, TX US",31.23593,-94.75468,87.1,3/2/2012,0.8,NA,27.2,15.6
USW00093987,"LUFKIN ANGELINA CO AIRPORT, TX US",31.23593,-94.75468,87.1,3/3/2012,0,NA,18.3,5.6
USW00093987,"LUFKIN ANGELINA CO AIRPORT, TX US",31.23593,-94.75468,87.1,3/4/2012,0,NA,22.8,1.7
USW00093987,"LUFKIN ANGELINA CO AIRPORT, TX US",31.23593,-94.75468,87.1,3/5/2012,0,NA,26.1,4.4
USW00093987,"LUFKIN ANGELINA CO AIRPORT, TX US",31.23593,-94.75468,87.1,3/6/2012,0,NA,24.4,8.3
USW00093987,"LUFKIN ANGELINA CO AIRPORT, TX US",31.23593,-94.75468,87.1,3/7/2012,2,NA,25,17.2
USW00093987,"LUFKIN ANGELINA CO AIRPORT, TX US",31.23593,-94.75468,87.1,3/8/2012,77,NA,24.4,12.2
USW00093987,"LUFKIN ANGELINA CO AIRPORT, TX US",31.23593,-94.75468,87.1,3/9/2012,9.1,NA,12.2,7.2
USW00093987,"LUFKIN ANGELINA CO AIRPORT, TX US",31.23593,-94.75468,87.1,3/10/2012,9.1,NA,18.3,10
USW00093987,"LUFKIN ANGELINA CO AIRPORT, TX US",31.23593,-94.75468,87.1,3/11/2012,71.4,NA,18.3,12.2
USW00093987,"LUFKIN ANGELINA CO AIRPORT, TX US",31.23593,-94.75468,87.1,3/12/2012,0,NA,26.1,13.9
USW00093987,"LUFKIN ANGELINA CO AIRPORT, TX US",31.23593,-94.75468,87.1,3/13/2012,0,NA,27.2,18.9
USW00093987,"LUFKIN ANGELINA CO AIRPORT, TX US",31.23593,-94.75468,87.1,3/14/2012,0,NA,28.3,17.2
USW00093987,"LUFKIN ANGELINA CO AIRPORT, TX US",31.23593,-94.75468,87.1,3/15/2012,0,NA,27.8,19.4
USW00093987,"LUFKIN ANGELINA CO AIRPORT, TX US",31.23593,-94.75468,87.1,3/16/2012,0,NA,28.3,18.3
USW00093987,"LUFKIN ANGELINA CO AIRPORT, TX US",31.23593,-94.75468,87.1,3/17/2012,0,NA,28.9,19.4
USW00093987,"LUFKIN ANGELINA CO AIRPORT, TX US",31.23593,-94.75468,87.1,3/18/2012,0,NA,28.3,19.4
USW00093987,"LUFKIN ANGELINA CO AIRPORT, TX US",31.23593,-94.75468,87.1,3/19/2012,1,NA,28.3,22.2
USW00093987,"LUFKIN ANGELINA CO AIRPORT, TX US",31.23593,-94.75468,87.1,3/20/2012,40.1,NA,22.8,13.3
USW00093987,"LUFKIN ANGELINA CO AIRPORT, TX US",31.23593,-94.75468,87.1,3/21/2012,0.5,NA,21.1,11.1
USW00093987,"LUFKIN ANGELINA CO AIRPORT, TX US",31.23593,-94.75468,87.1,3/22/2012,0,NA,27.2,10
USW00093987,"LUFKIN ANGELINA CO AIRPORT, TX US",31.23593,-94.75468,87.1,3/23/2012,0,NA,26.7,9.4
USW00093987,"LUFKIN ANGELINA CO AIRPORT, TX US",31.23593,-94.75468,87.1,3/24/2012,0,NA,28.3,10.6
USW00093987,"LUFKIN ANGELINA CO AIRPORT, TX US",31.23593,-94.75468,87.1,3/25/2012,0,NA,29.4,11.1
USW00093987,"LUFKIN ANGELINA CO AIRPORT, TX US",31.23593,-94.75468,87.1,3/26/2012,0,NA,30.6,11.7
USW00093987,"LUFKIN ANGELINA CO AIRPORT, TX US",31.23593,-94.75468,87.1,3/27/2012,0,NA,28.3,12.8
USW00093987,"LUFKIN ANGELINA CO AIRPORT, TX US",31.23593,-94.75468,87.1,3/28/2012,0,NA,27.2,13.3
USW00093987,"LUFKIN ANGELINA CO AIRPORT, TX US",31.23593,-94.75468,87.1,3/29/2012,8.9,NA,23.3,18.3
USW00093987,"LUFKIN ANGELINA CO AIRPORT, TX US",31.23593,-94.75468,87.1,3/30/2012,0,NA,27.8,18.3
USW00093987,"LUFKIN ANGELINA CO AIRPORT, TX US",31.23593,-94.75468,87.1,3/31/2012,0,NA,31.1,16.1
USW00093987,"LUFKIN ANGELINA CO AIRPORT, TX US",31.23593,-94.75468,87.1,4/1/2012,0,NA,31.1,18.3
USW00093987,"LUFKIN ANGELINA CO AIRPORT, TX US",31.23593,-94.75468,87.1,4/2/2012,14.7,NA,23.3,18.3
USW00093987,"LUFKIN ANGELINA CO AIRPORT, TX US",31.23593,-94.75468,87.1,4/3/2012,0.3,NA,29.4,18.9
USW00093987,"LUFKIN ANGELINA CO AIRPORT, TX US",31.23593,-94.75468,87.1,4/4/2012,0,NA,28.3,17.2
USW00093987,"LUFKIN ANGELINA CO AIRPORT, TX US",31.23593,-94.75468,87.1,4/5/2012,0,NA,28.3,16.1
USW00093987,"LUFKIN ANGELINA CO AIRPORT, TX US",31.23593,-94.75468,87.1,4/6/2012,0,NA,28.3,12.2
USW00093987,"LUFKIN ANGELINA CO AIRPORT, TX US",31.23593,-94.75468,87.1,4/7/2012,0,NA,28.9,13.9
USW00093987,"LUFKIN ANGELINA CO AIRPORT, TX US",31.23593,-94.75468,87.1,4/8/2012,0,NA,27.8,15
USW00093987,"LUFKIN ANGELINA CO AIRPORT, TX US",31.23593,-94.75468,87.1,4/9/2012,0,NA,29.4,15.6
USW00093987,"LUFKIN ANGELINA CO AIRPORT, TX US",31.23593,-94.75468,87.1,4/10/2012,0,NA,28.9,16.7
USW00093987,"LUFKIN ANGELINA CO AIRPORT, TX US",31.23593,-94.75468,87.1,4/11/2012,0,NA,30.6,16.7
USW00093987,"LUFKIN ANGELINA CO AIRPORT, TX US",31.23593,-94.75468,87.1,4/12/2012,0,NA,26.1,16.7
USW00093987,"LUFKIN ANGELINA CO AIRPORT, TX US",31.23593,-94.75468,87.1,4/13/2012,0,NA,28.9,18.3
USW00093987,"LUFKIN ANGELINA CO AIRPORT, TX US",31.23593,-94.75468,87.1,4/14/2012,0,NA,30,20.6
USW00093987,"LUFKIN ANGELINA CO AIRPORT, TX US",31.23593,-94.75468,87.1,4/15/2012,25.1,NA,30.6,16.1
USW00093987,"LUFKIN ANGELINA CO AIRPORT, TX US",31.23593,-94.75468,87.1,4/16/2012,3.8,NA,19.4,16.1
USW00093987,"LUFKIN ANGELINA CO AIRPORT, TX US",31.23593,-94.75468,87.1,4/17/2012,0,NA,26.7,15
USW00093987,"LUFKIN ANGELINA CO AIRPORT, TX US",31.23593,-94.75468,87.1,4/18/2012,0,NA,27.2,10
USW00093987,"LUFKIN ANGELINA CO AIRPORT, TX US",31.23593,-94.75468,87.1,4/19/2012,0,NA,27.8,10.6
USW00093987,"LUFKIN ANGELINA CO AIRPORT, TX US",31.23593,-94.75468,87.1,4/20/2012,8.1,NA,23.9,13.3
USW00093987,"LUFKIN ANGELINA CO AIRPORT, TX US",31.23593,-94.75468,87.1,4/21/2012,0,NA,23.3,10.6
USW00093987,"LUFKIN ANGELINA CO AIRPORT, TX US",31.23593,-94.75468,87.1,4/22/2012,0,NA,29.4,8.3
USW00093987,"LUFKIN ANGELINA CO AIRPORT, TX US",31.23593,-94.75468,87.1,4/23/2012,0,NA,23.9,9.4
USW00093987,"LUFKIN ANGELINA CO AIRPORT, TX US",31.23593,-94.75468,87.1,4/24/2012,0,NA,28.3,8.3
USW00093987,"LUFKIN ANGELINA CO AIRPORT, TX US",31.23593,-94.75468,87.1,4/25/2012,0,NA,31.1,15
USW00093987,"LUFKIN ANGELINA CO AIRPORT, TX US",31.23593,-94.75468,87.1,4/26/2012,0,NA,31.1,19.4
USW00093987,"LUFKIN ANGELINA CO AIRPORT, TX US",31.23593,-94.75468,87.1,4/27/2012,0,NA,28.9,21.7
USW00093987,"LUFKIN ANGELINA CO AIRPORT, TX US",31.23593,-94.75468,87.1,4/28/2012,0,NA,31.1,19.4
USW00093987,"LUFKIN ANGELINA CO AIRPORT, TX US",31.23593,-94.75468,87.1,4/29/2012,0,NA,30.6,19.4
USW00093987,"LUFKIN ANGELINA CO AIRPORT, TX US",31.23593,-94.75468,87.1,4/30/2012,0,NA,30,20.6
USW00093987,"LUFKIN ANGELINA CO AIRPORT, TX US",31.23593,-94.75468,87.1,5/1/2012,0,NA,31.7,20
USW00093987,"LUFKIN ANGELINA CO AIRPORT, TX US",31.23593,-94.75468,87.1,5/2/2012,0,NA,31.7,20
USW00093987,"LUFKIN ANGELINA CO AIRPORT, TX US",31.23593,-94.75468,87.1,5/3/2012,0,NA,31.7,19.4
USW00093987,"LUFKIN ANGELINA CO AIRPORT, TX US",31.23593,-94.75468,87.1,5/4/2012,0,NA,31.7,19.4
USW00093987,"LUFKIN ANGELINA CO AIRPORT, TX US",31.23593,-94.75468,87.1,5/5/2012,0,NA,32.2,21.7
USW00093987,"LUFKIN ANGELINA CO AIRPORT, TX US",31.23593,-94.75468,87.1,5/6/2012,0,NA,31.1,22.2
USW00093987,"LUFKIN ANGELINA CO AIRPORT, TX US",31.23593,-94.75468,87.1,5/7/2012,10.2,NA,32.8,18.3
USW00093987,"LUFKIN ANGELINA CO AIRPORT, TX US",31.23593,-94.75468,87.1,5/8/2012,10.4,NA,28.3,17.8
USW00093987,"LUFKIN ANGELINA CO AIRPORT, TX US",31.23593,-94.75468,87.1,5/9/2012,0,NA,28.9,17.8
USW00093987,"LUFKIN ANGELINA CO AIRPORT, TX US",31.23593,-94.75468,87.1,5/10/2012,0,NA,27.8,14.4
USW00093987,"LUFKIN ANGELINA CO AIRPORT, TX US",31.23593,-94.75468,87.1,5/11/2012,10.9,NA,25.6,18.9
USW00093987,"LUFKIN ANGELINA CO AIRPORT, TX US",31.23593,-94.75468,87.1,5/12/2012,35.6,NA,27.2,17.8
USW00093987,"LUFKIN ANGELINA CO AIRPORT, TX US",31.23593,-94.75468,87.1,5/13/2012,0,NA,28.3,16.1
USW00093987,"LUFKIN ANGELINA CO AIRPORT, TX US",31.23593,-94.75468,87.1,5/14/2012,0.5,NA,29.4,15
USW00093987,"LUFKIN ANGELINA CO AIRPORT, TX US",31.23593,-94.75468,87.1,5/15/2012,6.9,NA,23.3,16.7
USW00093987,"LUFKIN ANGELINA CO AIRPORT, TX US",31.23593,-94.75468,87.1,5/16/2012,0,NA,29.4,16.1
USW00093987,"LUFKIN ANGELINA CO AIRPORT, TX US",31.23593,-94.75468,87.1,5/17/2012,0,NA,32.2,16.1
USW00093987,"LUFKIN ANGELINA CO AIRPORT, TX US",31.23593,-94.75468,87.1,5/18/2012,0,NA,31.7,16.7
USW00093987,"LUFKIN ANGELINA CO AIRPORT, TX US",31.23593,-94.75468,87.1,5/19/2012,0,NA,31.1,15
USW00093987,"LUFKIN ANGELINA CO AIRPORT, TX US",31.23593,-94.75468,87.1,5/20/2012,0,NA,32.2,16.7
USW00093987,"LUFKIN ANGELINA CO AIRPORT, TX US",31.23593,-94.75468,87.1,5/21/2012,0,NA,33.3,19.4
USW00093987,"LUFKIN ANGELINA CO AIRPORT, TX US",31.23593,-94.75468,87.1,5/22/2012,0,NA,33.9,18.3
USW00093987,"LUFKIN ANGELINA CO AIRPORT, TX US",31.23593,-94.75468,87.1,5/23/2012,0,NA,33.3,20.6
USW00093987,"LUFKIN ANGELINA CO AIRPORT, TX US",31.23593,-94.75468,87.1,5/24/2012,0,NA,32.8,20
USW00093987,"LUFKIN ANGELINA CO AIRPORT, TX US",31.23593,-94.75468,87.1,5/25/2012,0,NA,33.9,22.2
USW00093987,"LUFKIN ANGELINA CO AIRPORT, TX US",31.23593,-94.75468,87.1,5/26/2012,0,NA,33.9,21.1
USW00093987,"LUFKIN ANGELINA CO AIRPORT, TX US",31.23593,-94.75468,87.1,5/27/2012,0,NA,34.4,18.9
USW00093987,"LUFKIN ANGELINA CO AIRPORT, TX US",31.23593,-94.75468,87.1,5/28/2012,0,NA,33.9,19.4
USW00093987,"LUFKIN ANGELINA CO AIRPORT, TX US",31.23593,-94.75468,87.1,5/29/2012,0,NA,33.3,22.8
USW00093987,"LUFKIN ANGELINA CO AIRPORT, TX US",31.23593,-94.75468,87.1,5/30/2012,0,NA,33.9,22.2
USW00093987,"LUFKIN ANGELINA CO AIRPORT, TX US",31.23593,-94.75468,87.1,5/31/2012,16.8,NA,30.6,19.4
USW00093987,"LUFKIN ANGELINA CO AIRPORT, TX US",31.23593,-94.75468,87.1,6/1/2012,0,NA,31.1,17.2
USW00093987,"LUFKIN ANGELINA CO AIRPORT, TX US",31.23593,-94.75468,87.1,6/2/2012,0,NA,33.9,17.2
USW00093987,"LUFKIN ANGELINA CO AIRPORT, TX US",31.23593,-94.75468,87.1,6/3/2012,0,NA,35,21.7
USW00093987,"LUFKIN ANGELINA CO AIRPORT, TX US",31.23593,-94.75468,87.1,6/4/2012,0,NA,33.3,22.2
USW00093987,"LUFKIN ANGELINA CO AIRPORT, TX US",31.23593,-94.75468,87.1,6/5/2012,0,NA,36.1,23.3
USW00093987,"LUFKIN ANGELINA CO AIRPORT, TX US",31.23593,-94.75468,87.1,6/6/2012,0.5,NA,35.6,21.7
USW00093987,"LUFKIN ANGELINA CO AIRPORT, TX US",31.23593,-94.75468,87.1,6/7/2012,0,NA,31.7,20
USW00093987,"LUFKIN ANGELINA CO AIRPORT, TX US",31.23593,-94.75468,87.1,6/8/2012,0,NA,32.8,22.2
USW00093987,"LUFKIN ANGELINA CO AIRPORT, TX US",31.23593,-94.75468,87.1,6/9/2012,0,NA,33.9,20
USW00093987,"LUFKIN ANGELINA CO AIRPORT, TX US",31.23593,-94.75468,87.1,6/10/2012,0,NA,34.4,21.7
USW00093987,"LUFKIN ANGELINA CO AIRPORT, TX US",31.23593,-94.75468,87.1,6/11/2012,0,NA,36.1,25
USW00093987,"LUFKIN ANGELINA CO AIRPORT, TX US",31.23593,-94.75468,87.1,6/12/2012,0.5,NA,30.6,20
USW00093987,"LUFKIN ANGELINA CO AIRPORT, TX US",31.23593,-94.75468,87.1,6/13/2012,0,NA,33.3,18.3
USW00093987,"LUFKIN ANGELINA CO AIRPORT, TX US",31.23593,-94.75468,87.1,6/14/2012,17.3,NA,33.3,21.7
USW00093987,"LUFKIN ANGELINA CO AIRPORT, TX US",31.23593,-94.75468,87.1,6/15/2012,1.5,NA,35.6,22.2
USW00093987,"LUFKIN ANGELINA CO AIRPORT, TX US",31.23593,-94.75468,87.1,6/16/2012,3,NA,31.7,21.7
USW00093987,"LUFKIN ANGELINA CO AIRPORT, TX US",31.23593,-94.75468,87.1,6/17/2012,0,NA,32.8,20.6
USW00093987,"LUFKIN ANGELINA CO AIRPORT, TX US",31.23593,-94.75468,87.1,6/18/2012,0,NA,32.2,20.6
USW00093987,"LUFKIN ANGELINA CO AIRPORT, TX US",31.23593,-94.75468,87.1,6/19/2012,9.7,NA,32.2,22.8
USW00093987,"LUFKIN ANGELINA CO AIRPORT, TX US",31.23593,-94.75468,87.1,6/20/2012,0,NA,33.9,21.7
USW00093987,"LUFKIN ANGELINA CO AIRPORT, TX US",31.23593,-94.75468,87.1,6/21/2012,0,NA,33.3,20
USW00093987,"LUFKIN ANGELINA CO AIRPORT, TX US",31.23593,-94.75468,87.1,6/22/2012,0,NA,36.1,19.4
USW00093987,"LUFKIN ANGELINA CO AIRPORT, TX US",31.23593,-94.75468,87.1,6/23/2012,0,NA,36.1,20.6
USW00093987,"LUFKIN ANGELINA CO AIRPORT, TX US",31.23593,-94.75468,87.1,6/24/2012,0,NA,37.8,22.2
USW00093987,"LUFKIN ANGELINA CO AIRPORT, TX US",31.23593,-94.75468,87.1,6/25/2012,0,NA,40,22.2
USW00093987,"LUFKIN ANGELINA CO AIRPORT, TX US",31.23593,-94.75468,87.1,6/26/2012,0,NA,39.4,24.4
USW00093987,"LUFKIN ANGELINA CO AIRPORT, TX US",31.23593,-94.75468,87.1,6/27/2012,0,NA,38.9,23.3
USW00093987,"LUFKIN ANGELINA CO AIRPORT, TX US",31.23593,-94.75468,87.1,6/28/2012,0,NA,37.2,22.8
USW00093987,"LUFKIN ANGELINA CO AIRPORT, TX US",31.23593,-94.75468,87.1,6/29/2012,0,NA,36.1,22.2
USW00093987,"LUFKIN ANGELINA CO AIRPORT, TX US",31.23593,-94.75468,87.1,6/30/2012,0,NA,33.3,20.6
USW00093987,"LUFKIN ANGELINA CO AIRPORT, TX US",31.23593,-94.75468,87.1,7/1/2012,22.1,NA,30.6,22.2
USW00093987,"LUFKIN ANGELINA CO AIRPORT, TX US",31.23593,-94.75468,87.1,7/2/2012,0,NA,33.9,22.2
USW00093987,"LUFKIN ANGELINA CO AIRPORT, TX US",31.23593,-94.75468,87.1,7/3/2012,0,NA,33.3,23.9
USW00093987,"LUFKIN ANGELINA CO AIRPORT, TX US",31.23593,-94.75468,87.1,7/4/2012,0,NA,35.6,22.2
USW00093987,"LUFKIN ANGELINA CO AIRPORT, TX US",31.23593,-94.75468,87.1,7/5/2012,0,NA,36.1,22.2
USW00093987,"LUFKIN ANGELINA CO AIRPORT, TX US",31.23593,-94.75468,87.1,7/6/2012,7.1,NA,36.1,23.3
USW00093987,"LUFKIN ANGELINA CO AIRPORT, TX US",31.23593,-94.75468,87.1,7/7/2012,0.8,NA,36.1,22.8
USW00093987,"LUFKIN ANGELINA CO AIRPORT, TX US",31.23593,-94.75468,87.1,7/8/2012,7.9,NA,29.4,22.8
USW00093987,"LUFKIN ANGELINA CO AIRPORT, TX US",31.23593,-94.75468,87.1,7/9/2012,6.4,NA,32.2,23.3
USW00093987,"LUFKIN ANGELINA CO AIRPORT, TX US",31.23593,-94.75468,87.1,7/10/2012,8.1,NA,29.4,22.8
USW00093987,"LUFKIN ANGELINA CO AIRPORT, TX US",31.23593,-94.75468,87.1,7/11/2012,0,NA,30,22.8
USW00093987,"LUFKIN ANGELINA CO AIRPORT, TX US",31.23593,-94.75468,87.1,7/12/2012,13.2,NA,26.1,22.8
USW00093987,"LUFKIN ANGELINA CO AIRPORT, TX US",31.23593,-94.75468,87.1,7/13/2012,0.3,NA,28.9,22.2
USW00093987,"LUFKIN ANGELINA CO AIRPORT, TX US",31.23593,-94.75468,87.1,7/14/2012,1.3,NA,28.9,22.2
USW00093987,"LUFKIN ANGELINA CO AIRPORT, TX US",31.23593,-94.75468,87.1,7/15/2012,1.5,NA,30,22.2
USW00093987,"LUFKIN ANGELINA CO AIRPORT, TX US",31.23593,-94.75468,87.1,7/16/2012,1.5,NA,33.3,21.7
USW00093987,"LUFKIN ANGELINA CO AIRPORT, TX US",31.23593,-94.75468,87.1,7/17/2012,0,NA,33.9,22.2
USW00093987,"LUFKIN ANGELINA CO AIRPORT, TX US",31.23593,-94.75468,87.1,7/18/2012,0,NA,35.6,22.8
USW00093987,"LUFKIN ANGELINA CO AIRPORT, TX US",31.23593,-94.75468,87.1,7/19/2012,0,NA,35.6,24.4
USW00093987,"LUFKIN ANGELINA CO AIRPORT, TX US",31.23593,-94.75468,87.1,7/20/2012,0,NA,36.1,25
USW00093987,"LUFKIN ANGELINA CO AIRPORT, TX US",31.23593,-94.75468,87.1,7/21/2012,27.9,NA,38.3,22.2
USW00093987,"LUFKIN ANGELINA CO AIRPORT, TX US",31.23593,-94.75468,87.1,7/22/2012,0,NA,34.4,22.8
USW00093987,"LUFKIN ANGELINA CO AIRPORT, TX US",31.23593,-94.75468,87.1,7/23/2012,0.8,NA,32.8,24.4
USW00093987,"LUFKIN ANGELINA CO AIRPORT, TX US",31.23593,-94.75468,87.1,7/24/2012,0,NA,34.4,22.8
USW00093987,"LUFKIN ANGELINA CO AIRPORT, TX US",31.23593,-94.75468,87.1,7/25/2012,0,NA,35.6,23.9
USW00093987,"LUFKIN ANGELINA CO AIRPORT, TX US",31.23593,-94.75468,87.1,7/26/2012,0,NA,35,25
USW00093987,"LUFKIN ANGELINA CO AIRPORT, TX US",31.23593,-94.75468,87.1,7/27/2012,0,NA,36.1,23.3
USW00093987,"LUFKIN ANGELINA CO AIRPORT, TX US",31.23593,-94.75468,87.1,7/28/2012,0,NA,36.7,24.4
USW00093987,"LUFKIN ANGELINA CO AIRPORT, TX US",31.23593,-94.75468,87.1,7/29/2012,0,NA,38.3,24.4
USW00093987,"LUFKIN ANGELINA CO AIRPORT, TX US",31.23593,-94.75468,87.1,7/30/2012,0,NA,37.2,25
USW00093987,"LUFKIN ANGELINA CO AIRPORT, TX US",31.23593,-94.75468,87.1,7/31/2012,0,NA,37.8,24.4
USW00093987,"LUFKIN ANGELINA CO AIRPORT, TX US",31.23593,-94.75468,87.1,8/1/2012,0,NA,37.2,24.4
USW00093987,"LUFKIN ANGELINA CO AIRPORT, TX US",31.23593,-94.75468,87.1,8/2/2012,0,NA,36.1,25
USW00093987,"LUFKIN ANGELINA CO AIRPORT, TX US",31.23593,-94.75468,87.1,8/3/2012,0,NA,36.7,24.4
USW00093987,"LUFKIN ANGELINA CO AIRPORT, TX US",31.23593,-94.75468,87.1,8/4/2012,0,NA,36.7,23.9
USW00093987,"LUFKIN ANGELINA CO AIRPORT, TX US",31.23593,-94.75468,87.1,8/5/2012,0,NA,37.2,24.4
USW00093987,"LUFKIN ANGELINA CO AIRPORT, TX US",31.23593,-94.75468,87.1,8/6/2012,0,NA,37.2,25.6
USW00093987,"LUFKIN ANGELINA CO AIRPORT, TX US",31.23593,-94.75468,87.1,8/7/2012,12.4,NA,38.3,23.3
USW00093987,"LUFKIN ANGELINA CO AIRPORT, TX US",31.23593,-94.75468,87.1,8/8/2012,2,NA,37.2,24.4
USW00093987,"LUFKIN ANGELINA CO AIRPORT, TX US",31.23593,-94.75468,87.1,8/9/2012,0,NA,37.8,24.4
USW00093987,"LUFKIN ANGELINA CO AIRPORT, TX US",31.23593,-94.75468,87.1,8/10/2012,0,NA,38.3,25
USW00093987,"LUFKIN ANGELINA CO AIRPORT, TX US",31.23593,-94.75468,87.1,8/11/2012,0,NA,38.3,22.8
USW00093987,"LUFKIN ANGELINA CO AIRPORT, TX US",31.23593,-94.75468,87.1,8/12/2012,0,NA,36.7,25
USW00093987,"LUFKIN ANGELINA CO AIRPORT, TX US",31.23593,-94.75468,87.1,8/13/2012,0,NA,37.8,26.1
USW00093987,"LUFKIN ANGELINA CO AIRPORT, TX US",31.23593,-94.75468,87.1,8/14/2012,0,NA,38.3,25.6
USW00093987,"LUFKIN ANGELINA CO AIRPORT, TX US",31.23593,-94.75468,87.1,8/15/2012,0,NA,37.2,25
USW00093987,"LUFKIN ANGELINA CO AIRPORT, TX US",31.23593,-94.75468,87.1,8/16/2012,0,NA,38.3,25.6
USW00093987,"LUFKIN ANGELINA CO AIRPORT, TX US",31.23593,-94.75468,87.1,8/17/2012,0,NA,37.2,25
USW00093987,"LUFKIN ANGELINA CO AIRPORT, TX US",31.23593,-94.75468,87.1,8/18/2012,0,NA,33.3,24.4
USW00093987,"LUFKIN ANGELINA CO AIRPORT, TX US",31.23593,-94.75468,87.1,8/19/2012,0,NA,34.4,22.2
USW00093987,"LUFKIN ANGELINA CO AIRPORT, TX US",31.23593,-94.75468,87.1,8/20/2012,0,NA,35.6,20.6
USW00093987,"LUFKIN ANGELINA CO AIRPORT, TX US",31.23593,-94.75468,87.1,8/21/2012,0.3,NA,32.2,20.6
USW00093987,"LUFKIN ANGELINA CO AIRPORT, TX US",31.23593,-94.75468,87.1,8/22/2012,0,NA,35.6,21.1
USW00093987,"LUFKIN ANGELINA CO AIRPORT, TX US",31.23593,-94.75468,87.1,8/23/2012,0,NA,35.6,19.4
USW00093987,"LUFKIN ANGELINA CO AIRPORT, TX US",31.23593,-94.75468,87.1,8/24/2012,11.4,NA,33.9,22.8
USW00093987,"LUFKIN ANGELINA CO AIRPORT, TX US",31.23593,-94.75468,87.1,8/25/2012,4.6,NA,32.8,23.3
USW00093987,"LUFKIN ANGELINA CO AIRPORT, TX US",31.23593,-94.75468,87.1,8/26/2012,19.6,NA,33.9,22.2
USW00093987,"LUFKIN ANGELINA CO AIRPORT, TX US",31.23593,-94.75468,87.1,8/27/2012,2.5,NA,35,22.8
USW00093987,"LUFKIN ANGELINA CO AIRPORT, TX US",31.23593,-94.75468,87.1,8/28/2012,0,NA,36.7,25
USW00093987,"LUFKIN ANGELINA CO AIRPORT, TX US",31.23593,-94.75468,87.1,8/29/2012,0,NA,36.1,26.1
USW00093987,"LUFKIN ANGELINA CO AIRPORT, TX US",31.23593,-94.75468,87.1,8/30/2012,1,NA,31.1,25.6
USW00093987,"LUFKIN ANGELINA CO AIRPORT, TX US",31.23593,-94.75468,87.1,8/31/2012,33,NA,37.2,23.9
USW00093987,"LUFKIN ANGELINA CO AIRPORT, TX US",31.23593,-94.75468,87.1,9/1/2012,0,NA,36.7,24.4
USW00093987,"LUFKIN ANGELINA CO AIRPORT, TX US",31.23593,-94.75468,87.1,9/2/2012,0,NA,36.7,23.9
USW00093987,"LUFKIN ANGELINA CO AIRPORT, TX US",31.23593,-94.75468,87.1,9/3/2012,0,NA,36.7,23.9
USW00093987,"LUFKIN ANGELINA CO AIRPORT, TX US",31.23593,-94.75468,87.1,9/4/2012,0,NA,36.7,25
USW00093987,"LUFKIN ANGELINA CO AIRPORT, TX US",31.23593,-94.75468,87.1,9/5/2012,0,NA,37.8,24.4
USW00093987,"LUFKIN ANGELINA CO AIRPORT, TX US",31.23593,-94.75468,87.1,9/6/2012,0,NA,38.3,23.3
USW00093987,"LUFKIN ANGELINA CO AIRPORT, TX US",31.23593,-94.75468,87.1,9/7/2012,0,NA,37.8,24.4
USW00093987,"LUFKIN ANGELINA CO AIRPORT, TX US",31.23593,-94.75468,87.1,9/8/2012,0.5,NA,27.8,17.2
USW00093987,"LUFKIN ANGELINA CO AIRPORT, TX US",31.23593,-94.75468,87.1,9/9/2012,0,NA,32.2,13.3
USW00093987,"LUFKIN ANGELINA CO AIRPORT, TX US",31.23593,-94.75468,87.1,9/10/2012,0,NA,32.8,13.9
USW00093987,"LUFKIN ANGELINA CO AIRPORT, TX US",31.23593,-94.75468,87.1,9/11/2012,0,NA,33.3,15
USW00093987,"LUFKIN ANGELINA CO AIRPORT, TX US",31.23593,-94.75468,87.1,9/12/2012,0,NA,35,18.9
USW00093987,"LUFKIN ANGELINA CO AIRPORT, TX US",31.23593,-94.75468,87.1,9/13/2012,9.4,NA,31.7,22.2
USW00093987,"LUFKIN ANGELINA CO AIRPORT, TX US",31.23593,-94.75468,87.1,9/14/2012,1.5,NA,31.7,21.7
USW00093987,"LUFKIN ANGELINA CO AIRPORT, TX US",31.23593,-94.75468,87.1,9/15/2012,0.3,NA,31.7,21.7
USW00093987,"LUFKIN ANGELINA CO AIRPORT, TX US",31.23593,-94.75468,87.1,9/16/2012,14.7,NA,27.8,21.1
USW00093987,"LUFKIN ANGELINA CO AIRPORT, TX US",31.23593,-94.75468,87.1,9/17/2012,33.3,NA,22.8,20.6
USW00093987,"LUFKIN ANGELINA CO AIRPORT, TX US",31.23593,-94.75468,87.1,9/18/2012,0,NA,31.1,19.4
USW00093987,"LUFKIN ANGELINA CO AIRPORT, TX US",31.23593,-94.75468,87.1,9/19/2012,0,NA,28.9,15
USW00093987,"LUFKIN ANGELINA CO AIRPORT, TX US",31.23593,-94.75468,87.1,9/20/2012,0,NA,30.6,12.8
USW00093987,"LUFKIN ANGELINA CO AIRPORT, TX US",31.23593,-94.75468,87.1,9/21/2012,0,NA,31.7,13.3
USW00093987,"LUFKIN ANGELINA CO AIRPORT, TX US",31.23593,-94.75468,87.1,9/22/2012,0,NA,32.8,16.7
USW00093987,"LUFKIN ANGELINA CO AIRPORT, TX US",31.23593,-94.75468,87.1,9/23/2012,0,NA,33.9,18.3
USW00093987,"LUFKIN ANGELINA CO AIRPORT, TX US",31.23593,-94.75468,87.1,9/24/2012,0,NA,33.9,19.4
USW00093987,"LUFKIN ANGELINA CO AIRPORT, TX US",31.23593,-94.75468,87.1,9/25/2012,0,NA,33.3,20
USW00093987,"LUFKIN ANGELINA CO AIRPORT, TX US",31.23593,-94.75468,87.1,9/26/2012,0,NA,32.8,20.6
USW00093987,"LUFKIN ANGELINA CO AIRPORT, TX US",31.23593,-94.75468,87.1,9/27/2012,0,NA,31.7,18.9
USW00093987,"LUFKIN ANGELINA CO AIRPORT, TX US",31.23593,-94.75468,87.1,9/28/2012,0,NA,33.3,18.3
USW00093987,"LUFKIN ANGELINA CO AIRPORT, TX US",31.23593,-94.75468,87.1,9/29/2012,60.2,NA,25.6,21.1
USW00093987,"LUFKIN ANGELINA CO AIRPORT, TX US",31.23593,-94.75468,87.1,9/30/2012,33.8,NA,21.7,16.7
USW00093987,"LUFKIN ANGELINA CO AIRPORT, TX US",31.23593,-94.75468,87.1,10/1/2012,0,NA,28.3,15.6
USW00093987,"LUFKIN ANGELINA CO AIRPORT, TX US",31.23593,-94.75468,87.1,10/2/2012,0,NA,27.8,13.9
USW00093987,"LUFKIN ANGELINA CO AIRPORT, TX US",31.23593,-94.75468,87.1,10/3/2012,0,NA,28.9,12.8
USW00093987,"LUFKIN ANGELINA CO AIRPORT, TX US",31.23593,-94.75468,87.1,10/4/2012,0,NA,30.6,15.6
USW00093987,"LUFKIN ANGELINA CO AIRPORT, TX US",31.23593,-94.75468,87.1,10/5/2012,0,NA,30.6,17.2
USW00093987,"LUFKIN ANGELINA CO AIRPORT, TX US",31.23593,-94.75468,87.1,10/6/2012,0,NA,20,11.1
USW00093987,"LUFKIN ANGELINA CO AIRPORT, TX US",31.23593,-94.75468,87.1,10/7/2012,0,NA,16.7,10
USW00093987,"LUFKIN ANGELINA CO AIRPORT, TX US",31.23593,-94.75468,87.1,10/8/2012,0.3,NA,19.4,9.4
USW00093987,"LUFKIN ANGELINA CO AIRPORT, TX US",31.23593,-94.75468,87.1,10/9/2012,0,NA,27.2,9.4
USW00093987,"LUFKIN ANGELINA CO AIRPORT, TX US",31.23593,-94.75468,87.1,10/10/2012,0,NA,31.1,19.4
USW00093987,"LUFKIN ANGELINA CO AIRPORT, TX US",31.23593,-94.75468,87.1,10/11/2012,0,NA,30.6,20.6
USW00093987,"LUFKIN ANGELINA CO AIRPORT, TX US",31.23593,-94.75468,87.1,10/12/2012,0,NA,30.6,18.3
USW00093987,"LUFKIN ANGELINA CO AIRPORT, TX US",31.23593,-94.75468,87.1,10/13/2012,0,NA,31.7,19.4
USW00093987,"LUFKIN ANGELINA CO AIRPORT, TX US",31.23593,-94.75468,87.1,10/14/2012,1.3,NA,31.1,16.7
USW00093987,"LUFKIN ANGELINA CO AIRPORT, TX US",31.23593,-94.75468,87.1,10/15/2012,0,NA,27.8,12.8
USW00093987,"LUFKIN ANGELINA CO AIRPORT, TX US",31.23593,-94.75468,87.1,10/16/2012,2,NA,22.2,13.3
USW00093987,"LUFKIN ANGELINA CO AIRPORT, TX US",31.23593,-94.75468,87.1,10/17/2012,0,NA,31.1,15
USW00093987,"LUFKIN ANGELINA CO AIRPORT, TX US",31.23593,-94.75468,87.1,10/18/2012,0,NA,27.2,10
USW00093987,"LUFKIN ANGELINA CO AIRPORT, TX US",31.23593,-94.75468,87.1,10/19/2012,0,NA,26.7,7.2
USW00093987,"LUFKIN ANGELINA CO AIRPORT, TX US",31.23593,-94.75468,87.1,10/20/2012,0,NA,29.4,7.8
USW00093987,"LUFKIN ANGELINA CO AIRPORT, TX US",31.23593,-94.75468,87.1,10/21/2012,0,NA,31.7,18.3
USW00093987,"LUFKIN ANGELINA CO AIRPORT, TX US",31.23593,-94.75468,87.1,10/22/2012,0,NA,31.1,20
USW00093987,"LUFKIN ANGELINA CO AIRPORT, TX US",31.23593,-94.75468,87.1,10/23/2012,0,NA,30,18.3
USW00093987,"LUFKIN ANGELINA CO AIRPORT, TX US",31.23593,-94.75468,87.1,10/24/2012,0,NA,30.6,18.9
USW00093987,"LUFKIN ANGELINA CO AIRPORT, TX US",31.23593,-94.75468,87.1,10/25/2012,0.8,NA,31.1,19.4
USW00093987,"LUFKIN ANGELINA CO AIRPORT, TX US",31.23593,-94.75468,87.1,10/26/2012,2,NA,19.4,10.6
USW00093987,"LUFKIN ANGELINA CO AIRPORT, TX US",31.23593,-94.75468,87.1,10/27/2012,0,NA,17.2,3.9
USW00093987,"LUFKIN ANGELINA CO AIRPORT, TX US",31.23593,-94.75468,87.1,10/28/2012,0,NA,19.4,1.7
USW00093987,"LUFKIN ANGELINA CO AIRPORT, TX US",31.23593,-94.75468,87.1,10/29/2012,0,NA,20.6,1.7
USW00093987,"LUFKIN ANGELINA CO AIRPORT, TX US",31.23593,-94.75468,87.1,10/30/2012,0,NA,23.3,2.8
USW00093987,"LUFKIN ANGELINA CO AIRPORT, TX US",31.23593,-94.75468,87.1,10/31/2012,0,NA,28.9,8.9
USW00093987,"LUFKIN ANGELINA CO AIRPORT, TX US",31.23593,-94.75468,87.1,11/1/2012,0,NA,30.6,9.4
USW00093987,"LUFKIN ANGELINA CO AIRPORT, TX US",31.23593,-94.75468,87.1,11/2/2012,0,NA,30.6,13.3
USW00093987,"LUFKIN ANGELINA CO AIRPORT, TX US",31.23593,-94.75468,87.1,11/3/2012,11.7,NA,29.4,16.1
USW00093987,"LUFKIN ANGELINA CO AIRPORT, TX US",31.23593,-94.75468,87.1,11/4/2012,0,NA,27.2,13.9
USW00093987,"LUFKIN ANGELINA CO AIRPORT, TX US",31.23593,-94.75468,87.1,11/5/2012,0,NA,26.7,11.7
USW00093987,"LUFKIN ANGELINA CO AIRPORT, TX US",31.23593,-94.75468,87.1,11/6/2012,0,NA,22.2,6.7
USW00093987,"LUFKIN ANGELINA CO AIRPORT, TX US",31.23593,-94.75468,87.1,11/7/2012,0,NA,24.4,7.2
USW00093987,"LUFKIN ANGELINA CO AIRPORT, TX US",31.23593,-94.75468,87.1,11/8/2012,0,NA,25.6,7.2
USW00093987,"LUFKIN ANGELINA CO AIRPORT, TX US",31.23593,-94.75468,87.1,11/9/2012,0,NA,28.3,11.7
USW00093987,"LUFKIN ANGELINA CO AIRPORT, TX US",31.23593,-94.75468,87.1,11/10/2012,0,NA,28.3,15.6
USW00093987,"LUFKIN ANGELINA CO AIRPORT, TX US",31.23593,-94.75468,87.1,11/11/2012,7.1,NA,28.3,13.9
USW00093987,"LUFKIN ANGELINA CO AIRPORT, TX US",31.23593,-94.75468,87.1,11/12/2012,0,NA,17.2,5.6
USW00093987,"LUFKIN ANGELINA CO AIRPORT, TX US",31.23593,-94.75468,87.1,11/13/2012,0,NA,15.6,1.1
USW00093987,"LUFKIN ANGELINA CO AIRPORT, TX US",31.23593,-94.75468,87.1,11/14/2012,0,NA,17.8,2.8
USW00093987,"LUFKIN ANGELINA CO AIRPORT, TX US",31.23593,-94.75468,87.1,11/15/2012,0,NA,18.9,0
USW00093987,"LUFKIN ANGELINA CO AIRPORT, TX US",31.23593,-94.75468,87.1,11/16/2012,0,NA,18.9,1.1
USW00093987,"LUFKIN ANGELINA CO AIRPORT, TX US",31.23593,-94.75468,87.1,11/17/2012,0,NA,21.1,0.6
USW00093987,"LUFKIN ANGELINA CO AIRPORT, TX US",31.23593,-94.75468,87.1,11/18/2012,0,NA,22.8,1.7
USW00093987,"LUFKIN ANGELINA CO AIRPORT, TX US",31.23593,-94.75468,87.1,11/19/2012,0,NA,24.4,4.4
USW00093987,"LUFKIN ANGELINA CO AIRPORT, TX US",31.23593,-94.75468,87.1,11/20/2012,0,NA,26.7,8.3
USW00093987,"LUFKIN ANGELINA CO AIRPORT, TX US",31.23593,-94.75468,87.1,11/21/2012,0,NA,27.8,8.9
USW00093987,"LUFKIN ANGELINA CO AIRPORT, TX US",31.23593,-94.75468,87.1,11/22/2012,0,NA,25.6,6.7
USW00093987,"LUFKIN ANGELINA CO AIRPORT, TX US",31.23593,-94.75468,87.1,11/23/2012,0,NA,21.1,10
USW00093987,"LUFKIN ANGELINA CO AIRPORT, TX US",31.23593,-94.75468,87.1,11/24/2012,0,NA,16.1,0.6
USW00093987,"LUFKIN ANGELINA CO AIRPORT, TX US",31.23593,-94.75468,87.1,11/25/2012,0,NA,23.3,0.6
USW00093987,"LUFKIN ANGELINA CO AIRPORT, TX US",31.23593,-94.75468,87.1,11/26/2012,0.3,NA,28.3,16.1
USW00093987,"LUFKIN ANGELINA CO AIRPORT, TX US",31.23593,-94.75468,87.1,11/27/2012,0,NA,17.8,4.4
USW00093987,"LUFKIN ANGELINA CO AIRPORT, TX US",31.23593,-94.75468,87.1,11/28/2012,0,NA,18.3,1.1
USW00093987,"LUFKIN ANGELINA CO AIRPORT, TX US",31.23593,-94.75468,87.1,11/29/2012,0,NA,21.7,0
USW00093987,"LUFKIN ANGELINA CO AIRPORT, TX US",31.23593,-94.75468,87.1,11/30/2012,0,NA,24.4,8.3
USW00093987,"LUFKIN ANGELINA CO AIRPORT, TX US",31.23593,-94.75468,87.1,12/1/2012,0,NA,27.8,15.6
USW00093987,"LUFKIN ANGELINA CO AIRPORT, TX US",31.23593,-94.75468,87.1,12/2/2012,0,NA,28.3,18.9
USW00093987,"LUFKIN ANGELINA CO AIRPORT, TX US",31.23593,-94.75468,87.1,12/3/2012,0,NA,26.1,17.2
USW00093987,"LUFKIN ANGELINA CO AIRPORT, TX US",31.23593,-94.75468,87.1,12/4/2012,0,NA,25.6,16.1
USW00093987,"LUFKIN ANGELINA CO AIRPORT, TX US",31.23593,-94.75468,87.1,12/5/2012,0,NA,17.8,13.3
USW00093987,"LUFKIN ANGELINA CO AIRPORT, TX US",31.23593,-94.75468,87.1,12/6/2012,0,NA,18.3,10
USW00093987,"LUFKIN ANGELINA CO AIRPORT, TX US",31.23593,-94.75468,87.1,12/7/2012,0,NA,25,10.6
USW00093987,"LUFKIN ANGELINA CO AIRPORT, TX US",31.23593,-94.75468,87.1,12/8/2012,0,NA,26.1,18.3
USW00093987,"LUFKIN ANGELINA CO AIRPORT, TX US",31.23593,-94.75468,87.1,12/9/2012,23.9,NA,27.2,13.9
USW00093987,"LUFKIN ANGELINA CO AIRPORT, TX US",31.23593,-94.75468,87.1,12/10/2012,7.9,NA,13.9,1.7
USW00093987,"LUFKIN ANGELINA CO AIRPORT, TX US",31.23593,-94.75468,87.1,12/11/2012,0,NA,12.2,-2.2
USW00093987,"LUFKIN ANGELINA CO AIRPORT, TX US",31.23593,-94.75468,87.1,12/12/2012,0,NA,14.4,-3.3
USW00093987,"LUFKIN ANGELINA CO AIRPORT, TX US",31.23593,-94.75468,87.1,12/13/2012,0,NA,18.3,-2.2
USW00093987,"LUFKIN ANGELINA CO AIRPORT, TX US",31.23593,-94.75468,87.1,12/14/2012,0,NA,18.3,2.8
USW00093987,"LUFKIN ANGELINA CO AIRPORT, TX US",31.23593,-94.75468,87.1,12/15/2012,4.1,NA,21.7,17.2
USW00093987,"LUFKIN ANGELINA CO AIRPORT, TX US",31.23593,-94.75468,87.1,12/16/2012,11.2,NA,20.6,13.9
USW00093987,"LUFKIN ANGELINA CO AIRPORT, TX US",31.23593,-94.75468,87.1,12/17/2012,0,NA,20,5.6
USW00093987,"LUFKIN ANGELINA CO AIRPORT, TX US",31.23593,-94.75468,87.1,12/18/2012,0,NA,26.1,2.8
USW00093987,"LUFKIN ANGELINA CO AIRPORT, TX US",31.23593,-94.75468,87.1,12/19/2012,0,NA,27.2,14.4
USW00093987,"LUFKIN ANGELINA CO AIRPORT, TX US",31.23593,-94.75468,87.1,12/20/2012,0,NA,23.3,0.6
USW00093987,"LUFKIN ANGELINA CO AIRPORT, TX US",31.23593,-94.75468,87.1,12/21/2012,0,NA,17.8,-2.8
USW00093987,"LUFKIN ANGELINA CO AIRPORT, TX US",31.23593,-94.75468,87.1,12/22/2012,0,NA,21.1,-1.1
USW00093987,"LUFKIN ANGELINA CO AIRPORT, TX US",31.23593,-94.75468,87.1,12/23/2012,0,NA,24.4,13.9
USW00093987,"LUFKIN ANGELINA CO AIRPORT, TX US",31.23593,-94.75468,87.1,12/24/2012,0,NA,21.1,7.2
USW00093987,"LUFKIN ANGELINA CO AIRPORT, TX US",31.23593,-94.75468,87.1,12/25/2012,33,NA,20.6,1.7
USW00093987,"LUFKIN ANGELINA CO AIRPORT, TX US",31.23593,-94.75468,87.1,12/26/2012,0,NA,6.7,-1.1
USW00093987,"LUFKIN ANGELINA CO AIRPORT, TX US",31.23593,-94.75468,87.1,12/27/2012,1.5,NA,10,-2.8
USW00093987,"LUFKIN ANGELINA CO AIRPORT, TX US",31.23593,-94.75468,87.1,12/28/2012,1,NA,10,5
USW00093987,"LUFKIN ANGELINA CO AIRPORT, TX US",31.23593,-94.75468,87.1,12/29/2012,0,NA,10,-1.7
USW00093987,"LUFKIN ANGELINA CO AIRPORT, TX US",31.23593,-94.75468,87.1,12/30/2012,0,NA,10,-3.3
USW00093987,"LUFKIN ANGELINA CO AIRPORT, TX US",31.23593,-94.75468,87.1,12/31/2012,22.4,NA,15,6.1
USW00093987,"LUFKIN ANGELINA CO AIRPORT, TX US",31.23593,-94.75468,87.1,1/1/2013,5.3,NA,13.3,7.2
USW00093987,"LUFKIN ANGELINA CO AIRPORT, TX US",31.23593,-94.75468,87.1,1/2/2013,0,NA,7.2,2.8
USW00093987,"LUFKIN ANGELINA CO AIRPORT, TX US",31.23593,-94.75468,87.1,1/3/2013,0,NA,12.8,-1.1
USW00093987,"LUFKIN ANGELINA CO AIRPORT, TX US",31.23593,-94.75468,87.1,1/4/2013,2.5,NA,10.6,5.6
USW00093987,"LUFKIN ANGELINA CO AIRPORT, TX US",31.23593,-94.75468,87.1,1/5/2013,3.6,NA,8.9,6.7
USW00093987,"LUFKIN ANGELINA CO AIRPORT, TX US",31.23593,-94.75468,87.1,1/6/2013,0,NA,16.1,1.7
USW00093987,"LUFKIN ANGELINA CO AIRPORT, TX US",31.23593,-94.75468,87.1,1/7/2013,0,NA,13.9,-1.7
USW00093987,"LUFKIN ANGELINA CO AIRPORT, TX US",31.23593,-94.75468,87.1,1/8/2013,18.3,NA,16.7,8.3
USW00093987,"LUFKIN ANGELINA CO AIRPORT, TX US",31.23593,-94.75468,87.1,1/9/2013,26.2,NA,18.9,16.1
USW00093987,"LUFKIN ANGELINA CO AIRPORT, TX US",31.23593,-94.75468,87.1,1/10/2013,0.5,NA,21.1,7.2
USW00093987,"LUFKIN ANGELINA CO AIRPORT, TX US",31.23593,-94.75468,87.1,1/11/2013,0,NA,23.3,6.1
USW00093987,"LUFKIN ANGELINA CO AIRPORT, TX US",31.23593,-94.75468,87.1,1/12/2013,5.8,NA,25,11.7
USW00093987,"LUFKIN ANGELINA CO AIRPORT, TX US",31.23593,-94.75468,87.1,1/13/2013,24.4,NA,11.7,4.4
USW00093987,"LUFKIN ANGELINA CO AIRPORT, TX US",31.23593,-94.75468,87.1,1/14/2013,2.3,NA,7.2,2.2
USW00093987,"LUFKIN ANGELINA CO AIRPORT, TX US",31.23593,-94.75468,87.1,1/15/2013,3.8,NA,2.8,0.6
USW00093987,"LUFKIN ANGELINA CO AIRPORT, TX US",31.23593,-94.75468,87.1,1/16/2013,0,NA,10.6,-0.6
USW00093987,"LUFKIN ANGELINA CO AIRPORT, TX US",31.23593,-94.75468,87.1,1/17/2013,0,NA,17.2,-2.8
USW00093987,"LUFKIN ANGELINA CO AIRPORT, TX US",31.23593,-94.75468,87.1,1/18/2013,0,NA,17.2,-0.6
USW00093987,"LUFKIN ANGELINA CO AIRPORT, TX US",31.23593,-94.75468,87.1,1/19/2013,0,NA,18.9,0
USW00093987,"LUFKIN ANGELINA CO AIRPORT, TX US",31.23593,-94.75468,87.1,1/20/2013,0,NA,20.6,3.3
USW00093987,"LUFKIN ANGELINA CO AIRPORT, TX US",31.23593,-94.75468,87.1,1/21/2013,0,NA,22.8,5
USW00093987,"LUFKIN ANGELINA CO AIRPORT, TX US",31.23593,-94.75468,87.1,1/22/2013,0,NA,21.1,3.9
USW00093987,"LUFKIN ANGELINA CO AIRPORT, TX US",31.23593,-94.75468,87.1,1/23/2013,0,NA,23.9,5.6
USW00093987,"LUFKIN ANGELINA CO AIRPORT, TX US",31.23593,-94.75468,87.1,1/24/2013,0,NA,22.8,11.7
USW00093987,"LUFKIN ANGELINA CO AIRPORT, TX US",31.23593,-94.75468,87.1,1/25/2013,0,NA,26.1,16.7
USW00093987,"LUFKIN ANGELINA CO AIRPORT, TX US",31.23593,-94.75468,87.1,1/26/2013,0,NA,26.1,11.7
USW00093987,"LUFKIN ANGELINA CO AIRPORT, TX US",31.23593,-94.75468,87.1,1/27/2013,0.5,NA,25,11.7
USW00093987,"LUFKIN ANGELINA CO AIRPORT, TX US",31.23593,-94.75468,87.1,1/28/2013,0,NA,26.7,19.4
USW00093987,"LUFKIN ANGELINA CO AIRPORT, TX US",31.23593,-94.75468,87.1,1/29/2013,11.7,NA,25,14.4
USW00093987,"LUFKIN ANGELINA CO AIRPORT, TX US",31.23593,-94.75468,87.1,1/30/2013,0,NA,15,1.1
USW00093987,"LUFKIN ANGELINA CO AIRPORT, TX US",31.23593,-94.75468,87.1,1/31/2013,0,NA,18.9,-1.1
USW00093987,"LUFKIN ANGELINA CO AIRPORT, TX US",31.23593,-94.75468,87.1,2/1/2013,0,NA,21.7,5
USW00093987,"LUFKIN ANGELINA CO AIRPORT, TX US",31.23593,-94.75468,87.1,2/2/2013,0,NA,23.9,6.1
USW00093987,"LUFKIN ANGELINA CO AIRPORT, TX US",31.23593,-94.75468,87.1,2/3/2013,0,NA,22.2,3.3
USW00093987,"LUFKIN ANGELINA CO AIRPORT, TX US",31.23593,-94.75468,87.1,2/4/2013,1.5,NA,17.2,8.3
USW00093987,"LUFKIN ANGELINA CO AIRPORT, TX US",31.23593,-94.75468,87.1,2/5/2013,0,NA,24.4,15.6
USW00093987,"LUFKIN ANGELINA CO AIRPORT, TX US",31.23593,-94.75468,87.1,2/6/2013,16.8,NA,17.8,16.1
USW00093987,"LUFKIN ANGELINA CO AIRPORT, TX US",31.23593,-94.75468,87.1,2/7/2013,0,NA,19.4,13.9
USW00093987,"LUFKIN ANGELINA CO AIRPORT, TX US",31.23593,-94.75468,87.1,2/8/2013,0,NA,16.7,9.4
USW00093987,"LUFKIN ANGELINA CO AIRPORT, TX US",31.23593,-94.75468,87.1,2/9/2013,0.3,NA,19.4,7.2
USW00093987,"LUFKIN ANGELINA CO AIRPORT, TX US",31.23593,-94.75468,87.1,2/10/2013,22.9,NA,22.2,14.4
USW00093987,"LUFKIN ANGELINA CO AIRPORT, TX US",31.23593,-94.75468,87.1,2/11/2013,5.6,NA,15.6,11.1
USW00093987,"LUFKIN ANGELINA CO AIRPORT, TX US",31.23593,-94.75468,87.1,2/12/2013,3.8,NA,14.4,10.6
USW00093987,"LUFKIN ANGELINA CO AIRPORT, TX US",31.23593,-94.75468,87.1,2/13/2013,0.3,NA,14.4,2.2
USW00093987,"LUFKIN ANGELINA CO AIRPORT, TX US",31.23593,-94.75468,87.1,2/14/2013,0,NA,19.4,0
USW00093987,"LUFKIN ANGELINA CO AIRPORT, TX US",31.23593,-94.75468,87.1,2/15/2013,0,NA,17.8,2.8
USW00093987,"LUFKIN ANGELINA CO AIRPORT, TX US",31.23593,-94.75468,87.1,2/16/2013,0,NA,15,-1.1
USW00093987,"LUFKIN ANGELINA CO AIRPORT, TX US",31.23593,-94.75468,87.1,2/17/2013,0,NA,21.7,1.1
USW00093987,"LUFKIN ANGELINA CO AIRPORT, TX US",31.23593,-94.75468,87.1,2/18/2013,9.1,NA,22.2,10.6
USW00093987,"LUFKIN ANGELINA CO AIRPORT, TX US",31.23593,-94.75468,87.1,2/19/2013,0,NA,18.9,3.3
USW00093987,"LUFKIN ANGELINA CO AIRPORT, TX US",31.23593,-94.75468,87.1,2/20/2013,0.3,NA,13.3,8.3
USW00093987,"LUFKIN ANGELINA CO AIRPORT, TX US",31.23593,-94.75468,87.1,2/21/2013,7.4,NA,23.9,8.9
USW00093987,"LUFKIN ANGELINA CO AIRPORT, TX US",31.23593,-94.75468,87.1,2/22/2013,0,NA,14.4,8.3
USW00093987,"LUFKIN ANGELINA CO AIRPORT, TX US",31.23593,-94.75468,87.1,2/23/2013,0,NA,20.6,4.4
USW00093987,"LUFKIN ANGELINA CO AIRPORT, TX US",31.23593,-94.75468,87.1,2/24/2013,0,NA,22.2,3.9
USW00093987,"LUFKIN ANGELINA CO AIRPORT, TX US",31.23593,-94.75468,87.1,2/25/2013,2.3,NA,22.8,8.3
USW00093987,"LUFKIN ANGELINA CO AIRPORT, TX US",31.23593,-94.75468,87.1,2/26/2013,0,NA,16.7,5.6
USW00093987,"LUFKIN ANGELINA CO AIRPORT, TX US",31.23593,-94.75468,87.1,2/27/2013,0,NA,18.9,2.8
USW00093987,"LUFKIN ANGELINA CO AIRPORT, TX US",31.23593,-94.75468,87.1,2/28/2013,0,NA,15.6,2.2
USW00093987,"LUFKIN ANGELINA CO AIRPORT, TX US",31.23593,-94.75468,87.1,3/1/2013,0,NA,16.7,0
USW00093987,"LUFKIN ANGELINA CO AIRPORT, TX US",31.23593,-94.75468,87.1,3/2/2013,0,NA,11.7,0
USW00093987,"LUFKIN ANGELINA CO AIRPORT, TX US",31.23593,-94.75468,87.1,3/3/2013,0,NA,21.1,-2.2
USW00093987,"LUFKIN ANGELINA CO AIRPORT, TX US",31.23593,-94.75468,87.1,3/4/2013,0,NA,26.7,8.9
USW00093987,"LUFKIN ANGELINA CO AIRPORT, TX US",31.23593,-94.75468,87.1,3/5/2013,0,NA,20,5
USW00093987,"LUFKIN ANGELINA CO AIRPORT, TX US",31.23593,-94.75468,87.1,3/6/2013,0,NA,20,-1.1
USW00093987,"LUFKIN ANGELINA CO AIRPORT, TX US",31.23593,-94.75468,87.1,3/7/2013,0,NA,21.1,2.2
USW00093987,"LUFKIN ANGELINA CO AIRPORT, TX US",31.23593,-94.75468,87.1,3/8/2013,0,NA,23.9,7.2
USW00093987,"LUFKIN ANGELINA CO AIRPORT, TX US",31.23593,-94.75468,87.1,3/9/2013,0,NA,25,13.9
USW00093987,"LUFKIN ANGELINA CO AIRPORT, TX US",31.23593,-94.75468,87.1,3/10/2013,33,NA,20,8.3
USW00093987,"LUFKIN ANGELINA CO AIRPORT, TX US",31.23593,-94.75468,87.1,3/11/2013,0,NA,16.1,3.3
USW00093987,"LUFKIN ANGELINA CO AIRPORT, TX US",31.23593,-94.75468,87.1,3/12/2013,0,NA,21.7,0.6
USW00093987,"LUFKIN ANGELINA CO AIRPORT, TX US",31.23593,-94.75468,87.1,3/13/2013,0,NA,22.8,4.4
USW00093987,"LUFKIN ANGELINA CO AIRPORT, TX US",31.23593,-94.75468,87.1,3/14/2013,0,NA,24.4,3.9
USW00093987,"LUFKIN ANGELINA CO AIRPORT, TX US",31.23593,-94.75468,87.1,3/15/2013,0,NA,27.2,6.7
USW00093987,"LUFKIN ANGELINA CO AIRPORT, TX US",31.23593,-94.75468,87.1,3/16/2013,0,NA,28.9,13.9
USW00093987,"LUFKIN ANGELINA CO AIRPORT, TX US",31.23593,-94.75468,87.1,3/17/2013,0,NA,28.9,15.6
USW00093987,"LUFKIN ANGELINA CO AIRPORT, TX US",31.23593,-94.75468,87.1,3/18/2013,0,NA,31.1,17.8
USW00093987,"LUFKIN ANGELINA CO AIRPORT, TX US",31.23593,-94.75468,87.1,3/19/2013,0,NA,25.6,11.7
USW00093987,"LUFKIN ANGELINA CO AIRPORT, TX US",31.23593,-94.75468,87.1,3/20/2013,11.2,NA,23.3,10
USW00093987,"LUFKIN ANGELINA CO AIRPORT, TX US",31.23593,-94.75468,87.1,3/21/2013,0,NA,23.9,7.8
USW00093987,"LUFKIN ANGELINA CO AIRPORT, TX US",31.23593,-94.75468,87.1,3/22/2013,0,NA,30,17.2
USW00093987,"LUFKIN ANGELINA CO AIRPORT, TX US",31.23593,-94.75468,87.1,3/23/2013,0,NA,19.4,12.8
USW00093987,"LUFKIN ANGELINA CO AIRPORT, TX US",31.23593,-94.75468,87.1,3/24/2013,0,NA,15,5
USW00093987,"LUFKIN ANGELINA CO AIRPORT, TX US",31.23593,-94.75468,87.1,3/25/2013,0,NA,16.1,0.6
USW00093987,"LUFKIN ANGELINA CO AIRPORT, TX US",31.23593,-94.75468,87.1,3/26/2013,0,NA,16.1,-1.7
USW00093987,"LUFKIN ANGELINA CO AIRPORT, TX US",31.23593,-94.75468,87.1,3/27/2013,0,NA,22.2,0
USW00093987,"LUFKIN ANGELINA CO AIRPORT, TX US",31.23593,-94.75468,87.1,3/28/2013,0,NA,22.8,11.7
USW00093987,"LUFKIN ANGELINA CO AIRPORT, TX US",31.23593,-94.75468,87.1,3/29/2013,0,NA,25,12.2
USW00093987,"LUFKIN ANGELINA CO AIRPORT, TX US",31.23593,-94.75468,87.1,3/30/2013,2.8,NA,26.7,15.6
USW00093987,"LUFKIN ANGELINA CO AIRPORT, TX US",31.23593,-94.75468,87.1,3/31/2013,17.5,NA,23.3,15.6
USW00093987,"LUFKIN ANGELINA CO AIRPORT, TX US",31.23593,-94.75468,87.1,4/1/2013,0,NA,28.3,13.9
USW00093987,"LUFKIN ANGELINA CO AIRPORT, TX US",31.23593,-94.75468,87.1,4/2/2013,22.9,NA,25.6,16.1
USW00093987,"LUFKIN ANGELINA CO AIRPORT, TX US",31.23593,-94.75468,87.1,4/3/2013,7.6,NA,18.3,8.3
USW00093987,"LUFKIN ANGELINA CO AIRPORT, TX US",31.23593,-94.75468,87.1,4/4/2013,0,NA,10.6,7.8
USW00093987,"LUFKIN ANGELINA CO AIRPORT, TX US",31.23593,-94.75468,87.1,4/5/2013,0,NA,23.9,5
USW00093987,"LUFKIN ANGELINA CO AIRPORT, TX US",31.23593,-94.75468,87.1,4/6/2013,0,NA,25.6,7.8
USW00093987,"LUFKIN ANGELINA CO AIRPORT, TX US",31.23593,-94.75468,87.1,4/7/2013,0,NA,27.2,13.3
USW00093987,"LUFKIN ANGELINA CO AIRPORT, TX US",31.23593,-94.75468,87.1,4/8/2013,0,NA,28.3,18.9
USW00093987,"LUFKIN ANGELINA CO AIRPORT, TX US",31.23593,-94.75468,87.1,4/9/2013,0,NA,31.1,20
USW00093987,"LUFKIN ANGELINA CO AIRPORT, TX US",31.23593,-94.75468,87.1,4/10/2013,4.6,NA,26.1,7.2
USW00093987,"LUFKIN ANGELINA CO AIRPORT, TX US",31.23593,-94.75468,87.1,4/11/2013,8.1,NA,20.6,5.6
USW00093987,"LUFKIN ANGELINA CO AIRPORT, TX US",31.23593,-94.75468,87.1,4/12/2013,0,NA,26.1,4.4
USW00093987,"LUFKIN ANGELINA CO AIRPORT, TX US",31.23593,-94.75468,87.1,4/13/2013,0,NA,27.2,7.8
USW00093987,"LUFKIN ANGELINA CO AIRPORT, TX US",31.23593,-94.75468,87.1,4/14/2013,0,NA,28.3,11.1
USW00093987,"LUFKIN ANGELINA CO AIRPORT, TX US",31.23593,-94.75468,87.1,4/15/2013,0,NA,31.7,19.4
USW00093987,"LUFKIN ANGELINA CO AIRPORT, TX US",31.23593,-94.75468,87.1,4/16/2013,0,NA,31.1,22.2
USW00093987,"LUFKIN ANGELINA CO AIRPORT, TX US",31.23593,-94.75468,87.1,4/17/2013,0,NA,30.6,23.3
USW00093987,"LUFKIN ANGELINA CO AIRPORT, TX US",31.23593,-94.75468,87.1,4/18/2013,12.4,NA,24.4,8.9
USW00093987,"LUFKIN ANGELINA CO AIRPORT, TX US",31.23593,-94.75468,87.1,4/19/2013,0,NA,17.8,5.6
USW00093987,"LUFKIN ANGELINA CO AIRPORT, TX US",31.23593,-94.75468,87.1,4/20/2013,0,NA,22.8,2.2
USW00093987,"LUFKIN ANGELINA CO AIRPORT, TX US",31.23593,-94.75468,87.1,4/21/2013,0,NA,23.9,6.1
USW00093987,"LUFKIN ANGELINA CO AIRPORT, TX US",31.23593,-94.75468,87.1,4/22/2013,0,NA,27.8,8.9
USW00093987,"LUFKIN ANGELINA CO AIRPORT, TX US",31.23593,-94.75468,87.1,4/23/2013,0,NA,28.3,13.3
USW00093987,"LUFKIN ANGELINA CO AIRPORT, TX US",31.23593,-94.75468,87.1,4/24/2013,0,NA,20,7.8
USW00093987,"LUFKIN ANGELINA CO AIRPORT, TX US",31.23593,-94.75468,87.1,4/25/2013,0,NA,23.3,12.2
USW00093987,"LUFKIN ANGELINA CO AIRPORT, TX US",31.23593,-94.75468,87.1,4/26/2013,0,NA,28.9,16.1
USW00093987,"LUFKIN ANGELINA CO AIRPORT, TX US",31.23593,-94.75468,87.1,4/27/2013,0,NA,30.6,18.9
USW00093987,"LUFKIN ANGELINA CO AIRPORT, TX US",31.23593,-94.75468,87.1,4/28/2013,0,NA,31.7,17.2
USW00093987,"LUFKIN ANGELINA CO AIRPORT, TX US",31.23593,-94.75468,87.1,4/29/2013,0,NA,30,13.9
USW00093987,"LUFKIN ANGELINA CO AIRPORT, TX US",31.23593,-94.75468,87.1,4/30/2013,1,NA,28.3,16.1
USW00093987,"LUFKIN ANGELINA CO AIRPORT, TX US",31.23593,-94.75468,87.1,5/1/2013,0,NA,30.6,18.3
USW00093987,"LUFKIN ANGELINA CO AIRPORT, TX US",31.23593,-94.75468,87.1,5/2/2013,1,NA,25.6,8.9
USW00093987,"LUFKIN ANGELINA CO AIRPORT, TX US",31.23593,-94.75468,87.1,5/3/2013,0.3,NA,19.4,6.7
USW00093987,"LUFKIN ANGELINA CO AIRPORT, TX US",31.23593,-94.75468,87.1,5/4/2013,0,NA,26.7,5
USW00093987,"LUFKIN ANGELINA CO AIRPORT, TX US",31.23593,-94.75468,87.1,5/5/2013,0,NA,21.1,6.1
USW00093987,"LUFKIN ANGELINA CO AIRPORT, TX US",31.23593,-94.75468,87.1,5/6/2013,0,NA,27.2,6.7
USW00093987,"LUFKIN ANGELINA CO AIRPORT, TX US",31.23593,-94.75468,87.1,5/7/2013,0,NA,30.6,13.9
USW00093987,"LUFKIN ANGELINA CO AIRPORT, TX US",31.23593,-94.75468,87.1,5/8/2013,0,NA,30.6,13.9
USW00093987,"LUFKIN ANGELINA CO AIRPORT, TX US",31.23593,-94.75468,87.1,5/9/2013,25.7,NA,26.1,18.9
USW00093987,"LUFKIN ANGELINA CO AIRPORT, TX US",31.23593,-94.75468,87.1,5/10/2013,0,NA,27.2,19.4
USW00093987,"LUFKIN ANGELINA CO AIRPORT, TX US",31.23593,-94.75468,87.1,5/11/2013,0.3,NA,28.9,17.2
USW00093987,"LUFKIN ANGELINA CO AIRPORT, TX US",31.23593,-94.75468,87.1,5/12/2013,0,NA,26.1,11.7
USW00093987,"LUFKIN ANGELINA CO AIRPORT, TX US",31.23593,-94.75468,87.1,5/13/2013,0,NA,28.9,8.9
USW00093987,"LUFKIN ANGELINA CO AIRPORT, TX US",31.23593,-94.75468,87.1,5/14/2013,0,NA,30,12.2
USW00093987,"LUFKIN ANGELINA CO AIRPORT, TX US",31.23593,-94.75468,87.1,5/15/2013,10.9,NA,23.3,17.2
USW00093987,"LUFKIN ANGELINA CO AIRPORT, TX US",31.23593,-94.75468,87.1,5/16/2013,7.1,NA,29.4,18.3
USW00093987,"LUFKIN ANGELINA CO AIRPORT, TX US",31.23593,-94.75468,87.1,5/17/2013,0,NA,32.2,22.8
USW00093987,"LUFKIN ANGELINA CO AIRPORT, TX US",31.23593,-94.75468,87.1,5/18/2013,0,NA,33.3,21.7
USW00093987,"LUFKIN ANGELINA CO AIRPORT, TX US",31.23593,-94.75468,87.1,5/19/2013,0,NA,33.3,22.8
USW00093987,"LUFKIN ANGELINA CO AIRPORT, TX US",31.23593,-94.75468,87.1,5/20/2013,0,NA,32.8,22.8
USW00093987,"LUFKIN ANGELINA CO AIRPORT, TX US",31.23593,-94.75468,87.1,5/21/2013,37.3,NA,32.8,19.4
USW00093987,"LUFKIN ANGELINA CO AIRPORT, TX US",31.23593,-94.75468,87.1,5/22/2013,0,NA,29.4,20
USW00093987,"LUFKIN ANGELINA CO AIRPORT, TX US",31.23593,-94.75468,87.1,5/23/2013,0.8,NA,32.8,22.2
USW00093987,"LUFKIN ANGELINA CO AIRPORT, TX US",31.23593,-94.75468,87.1,5/24/2013,0.5,NA,32.2,21.1
USW00093987,"LUFKIN ANGELINA CO AIRPORT, TX US",31.23593,-94.75468,87.1,5/25/2013,12.7,NA,31.7,21.7
USW00093987,"LUFKIN ANGELINA CO AIRPORT, TX US",31.23593,-94.75468,87.1,5/26/2013,1.8,NA,30.6,22.2
USW00093987,"LUFKIN ANGELINA CO AIRPORT, TX US",31.23593,-94.75468,87.1,5/27/2013,0,NA,32.2,21.1
USW00093987,"LUFKIN ANGELINA CO AIRPORT, TX US",31.23593,-94.75468,87.1,5/28/2013,0,NA,32.2,22.8
USW00093987,"LUFKIN ANGELINA CO AIRPORT, TX US",31.23593,-94.75468,87.1,5/29/2013,0,NA,30.6,22.2
USW00093987,"LUFKIN ANGELINA CO AIRPORT, TX US",31.23593,-94.75468,87.1,5/30/2013,0,NA,32.2,22.8
USW00093987,"LUFKIN ANGELINA CO AIRPORT, TX US",31.23593,-94.75468,87.1,5/31/2013,0,NA,33.3,25
USW00093987,"LUFKIN ANGELINA CO AIRPORT, TX US",31.23593,-94.75468,87.1,6/1/2013,0,NA,34.4,25.6
USW00093987,"LUFKIN ANGELINA CO AIRPORT, TX US",31.23593,-94.75468,87.1,6/2/2013,101.1,NA,29.4,18.9
USW00093987,"LUFKIN ANGELINA CO AIRPORT, TX US",31.23593,-94.75468,87.1,6/3/2013,0,NA,31.1,17.2
USW00093987,"LUFKIN ANGELINA CO AIRPORT, TX US",31.23593,-94.75468,87.1,6/4/2013,0,NA,32.2,19.4
USW00093987,"LUFKIN ANGELINA CO AIRPORT, TX US",31.23593,-94.75468,87.1,6/5/2013,0,NA,32.8,20
USW00093987,"LUFKIN ANGELINA CO AIRPORT, TX US",31.23593,-94.75468,87.1,6/6/2013,35.6,NA,28.3,20
USW00093987,"LUFKIN ANGELINA CO AIRPORT, TX US",31.23593,-94.75468,87.1,6/7/2013,0,NA,30,18.9
USW00093987,"LUFKIN ANGELINA CO AIRPORT, TX US",31.23593,-94.75468,87.1,6/8/2013,0,NA,31.1,17.8
USW00093987,"LUFKIN ANGELINA CO AIRPORT, TX US",31.23593,-94.75468,87.1,6/9/2013,3.8,NA,31.7,20.6
USW00093987,"LUFKIN ANGELINA CO AIRPORT, TX US",31.23593,-94.75468,87.1,6/10/2013,0,NA,33.9,21.1
USW00093987,"LUFKIN ANGELINA CO AIRPORT, TX US",31.23593,-94.75468,87.1,6/11/2013,0.3,NA,35,23.3
USW00093987,"LUFKIN ANGELINA CO AIRPORT, TX US",31.23593,-94.75468,87.1,6/12/2013,0,NA,34.4,23.9
USW00093987,"LUFKIN ANGELINA CO AIRPORT, TX US",31.23593,-94.75468,87.1,6/13/2013,0,NA,35.6,24.4
USW00093987,"LUFKIN ANGELINA CO AIRPORT, TX US",31.23593,-94.75468,87.1,6/14/2013,0,NA,36.1,23.9
USW00093987,"LUFKIN ANGELINA CO AIRPORT, TX US",31.23593,-94.75468,87.1,6/15/2013,0.8,NA,34.4,22.8
USW00093987,"LUFKIN ANGELINA CO AIRPORT, TX US",31.23593,-94.75468,87.1,6/16/2013,0,NA,34.4,23.9
USW00093987,"LUFKIN ANGELINA CO AIRPORT, TX US",31.23593,-94.75468,87.1,6/17/2013,0,NA,33.3,24.4
USW00093987,"LUFKIN ANGELINA CO AIRPORT, TX US",31.23593,-94.75468,87.1,6/18/2013,0,NA,32.2,23.3
USW00093987,"LUFKIN ANGELINA CO AIRPORT, TX US",31.23593,-94.75468,87.1,6/19/2013,0,NA,32.2,22.2
USW00093987,"LUFKIN ANGELINA CO AIRPORT, TX US",31.23593,-94.75468,87.1,6/20/2013,0,NA,35,22.8
USW00093987,"LUFKIN ANGELINA CO AIRPORT, TX US",31.23593,-94.75468,87.1,6/21/2013,0,NA,35,22.2
USW00093987,"LUFKIN ANGELINA CO AIRPORT, TX US",31.23593,-94.75468,87.1,6/22/2013,0,NA,35,22.2
USW00093987,"LUFKIN ANGELINA CO AIRPORT, TX US",31.23593,-94.75468,87.1,6/23/2013,0,NA,34.4,22.2
USW00093987,"LUFKIN ANGELINA CO AIRPORT, TX US",31.23593,-94.75468,87.1,6/24/2013,0,NA,34.4,22.2
USW00093987,"LUFKIN ANGELINA CO AIRPORT, TX US",31.23593,-94.75468,87.1,6/25/2013,0,NA,35,23.3
USW00093987,"LUFKIN ANGELINA CO AIRPORT, TX US",31.23593,-94.75468,87.1,6/26/2013,0,NA,35.6,23.3
USW00093987,"LUFKIN ANGELINA CO AIRPORT, TX US",31.23593,-94.75468,87.1,6/27/2013,0,NA,35.6,22.8
USW00093987,"LUFKIN ANGELINA CO AIRPORT, TX US",31.23593,-94.75468,87.1,6/28/2013,0,NA,36.7,22.8
USW00093987,"LUFKIN ANGELINA CO AIRPORT, TX US",31.23593,-94.75468,87.1,6/29/2013,0,NA,38.9,23.9
USW00093987,"LUFKIN ANGELINA CO AIRPORT, TX US",31.23593,-94.75468,87.1,6/30/2013,0,NA,35,18.9
USW00093987,"LUFKIN ANGELINA CO AIRPORT, TX US",31.23593,-94.75468,87.1,7/1/2013,0,NA,32.2,16.7
USW00093987,"LUFKIN ANGELINA CO AIRPORT, TX US",31.23593,-94.75468,87.1,7/2/2013,0,NA,32.8,17.2
USW00093987,"LUFKIN ANGELINA CO AIRPORT, TX US",31.23593,-94.75468,87.1,7/3/2013,0,NA,32.8,17.8
USW00093987,"LUFKIN ANGELINA CO AIRPORT, TX US",31.23593,-94.75468,87.1,7/4/2013,0,NA,33.9,17.8
USW00093987,"LUFKIN ANGELINA CO AIRPORT, TX US",31.23593,-94.75468,87.1,7/5/2013,0,NA,34.4,18.3
USW00093987,"LUFKIN ANGELINA CO AIRPORT, TX US",31.23593,-94.75468,87.1,7/6/2013,0,NA,34.4,20.6
USW00093987,"LUFKIN ANGELINA CO AIRPORT, TX US",31.23593,-94.75468,87.1,7/7/2013,14.5,NA,34.4,22.2
USW00093987,"LUFKIN ANGELINA CO AIRPORT, TX US",31.23593,-94.75468,87.1,7/8/2013,0.8,NA,31.7,22.8
USW00093987,"LUFKIN ANGELINA CO AIRPORT, TX US",31.23593,-94.75468,87.1,7/9/2013,0,NA,35.6,21.1
USW00093987,"LUFKIN ANGELINA CO AIRPORT, TX US",31.23593,-94.75468,87.1,7/10/2013,0,NA,36.1,23.3
USW00093987,"LUFKIN ANGELINA CO AIRPORT, TX US",31.23593,-94.75468,87.1,7/11/2013,0,NA,36.7,23.9
USW00093987,"LUFKIN ANGELINA CO AIRPORT, TX US",31.23593,-94.75468,87.1,7/12/2013,0,NA,37.2,22.8
USW00093987,"LUFKIN ANGELINA CO AIRPORT, TX US",31.23593,-94.75468,87.1,7/13/2013,0,NA,36.7,24.4
USW00093987,"LUFKIN ANGELINA CO AIRPORT, TX US",31.23593,-94.75468,87.1,7/14/2013,1,NA,30.6,22.8
USW00093987,"LUFKIN ANGELINA CO AIRPORT, TX US",31.23593,-94.75468,87.1,7/15/2013,47.2,NA,31.1,21.7
USW00093987,"LUFKIN ANGELINA CO AIRPORT, TX US",31.23593,-94.75468,87.1,7/16/2013,0,NA,32.8,21.7
USW00093987,"LUFKIN ANGELINA CO AIRPORT, TX US",31.23593,-94.75468,87.1,7/17/2013,0,NA,32.8,21.7
USW00093987,"LUFKIN ANGELINA CO AIRPORT, TX US",31.23593,-94.75468,87.1,7/18/2013,0,NA,33.9,22.2
USW00093987,"LUFKIN ANGELINA CO AIRPORT, TX US",31.23593,-94.75468,87.1,7/19/2013,7.1,NA,27.8,22.2
USW00093987,"LUFKIN ANGELINA CO AIRPORT, TX US",31.23593,-94.75468,87.1,7/20/2013,10.4,NA,32.8,21.1
USW00093987,"LUFKIN ANGELINA CO AIRPORT, TX US",31.23593,-94.75468,87.1,7/21/2013,0.3,NA,33.9,22.8
USW00093987,"LUFKIN ANGELINA CO AIRPORT, TX US",31.23593,-94.75468,87.1,7/22/2013,0,NA,36.1,25.6
USW00093987,"LUFKIN ANGELINA CO AIRPORT, TX US",31.23593,-94.75468,87.1,7/23/2013,0,NA,35,23.9
USW00093987,"LUFKIN ANGELINA CO AIRPORT, TX US",31.23593,-94.75468,87.1,7/24/2013,1,NA,34.4,23.3
USW00093987,"LUFKIN ANGELINA CO AIRPORT, TX US",31.23593,-94.75468,87.1,7/25/2013,0,NA,34.4,22.8
USW00093987,"LUFKIN ANGELINA CO AIRPORT, TX US",31.23593,-94.75468,87.1,7/26/2013,0,NA,33.9,23.9
USW00093987,"LUFKIN ANGELINA CO AIRPORT, TX US",31.23593,-94.75468,87.1,7/27/2013,9.9,NA,30.6,21.7
USW00093987,"LUFKIN ANGELINA CO AIRPORT, TX US",31.23593,-94.75468,87.1,7/28/2013,3.3,NA,32.8,20.6
USW00093987,"LUFKIN ANGELINA CO AIRPORT, TX US",31.23593,-94.75468,87.1,7/29/2013,0,NA,36.1,23.3
USW00093987,"LUFKIN ANGELINA CO AIRPORT, TX US",31.23593,-94.75468,87.1,7/30/2013,0,NA,35.6,22.2
USW00093987,"LUFKIN ANGELINA CO AIRPORT, TX US",31.23593,-94.75468,87.1,7/31/2013,0,NA,36.7,23.3
USW00093987,"LUFKIN ANGELINA CO AIRPORT, TX US",31.23593,-94.75468,87.1,8/1/2013,2,NA,37.2,23.9
USW00093987,"LUFKIN ANGELINA CO AIRPORT, TX US",31.23593,-94.75468,87.1,8/2/2013,0,NA,36.7,23.3
USW00093987,"LUFKIN ANGELINA CO AIRPORT, TX US",31.23593,-94.75468,87.1,8/3/2013,0,NA,35.6,22.8
USW00093987,"LUFKIN ANGELINA CO AIRPORT, TX US",31.23593,-94.75468,87.1,8/4/2013,0,NA,36.1,23.3
USW00093987,"LUFKIN ANGELINA CO AIRPORT, TX US",31.23593,-94.75468,87.1,8/5/2013,0,NA,35.6,23.9
USW00093987,"LUFKIN ANGELINA CO AIRPORT, TX US",31.23593,-94.75468,87.1,8/6/2013,0,NA,36.7,23.3
USW00093987,"LUFKIN ANGELINA CO AIRPORT, TX US",31.23593,-94.75468,87.1,8/7/2013,0,NA,36.7,24.4
USW00093987,"LUFKIN ANGELINA CO AIRPORT, TX US",31.23593,-94.75468,87.1,8/8/2013,0,NA,37.2,22.8
USW00093987,"LUFKIN ANGELINA CO AIRPORT, TX US",31.23593,-94.75468,87.1,8/9/2013,0,NA,37.2,21.1
USW00093987,"LUFKIN ANGELINA CO AIRPORT, TX US",31.23593,-94.75468,87.1,8/10/2013,6.4,NA,37.2,22.2
USW00093987,"LUFKIN ANGELINA CO AIRPORT, TX US",31.23593,-94.75468,87.1,8/11/2013,0,NA,36.1,22.2
USW00093987,"LUFKIN ANGELINA CO AIRPORT, TX US",31.23593,-94.75468,87.1,8/12/2013,0,NA,36.1,22.8
USW00093987,"LUFKIN ANGELINA CO AIRPORT, TX US",31.23593,-94.75468,87.1,8/13/2013,0,NA,37.2,23.9
USW00093987,"LUFKIN ANGELINA CO AIRPORT, TX US",31.23593,-94.75468,87.1,8/14/2013,20.1,NA,33.9,23.3
USW00093987,"LUFKIN ANGELINA CO AIRPORT, TX US",31.23593,-94.75468,87.1,8/15/2013,0,NA,32.8,21.7
USW00093987,"LUFKIN ANGELINA CO AIRPORT, TX US",31.23593,-94.75468,87.1,8/16/2013,0,NA,33.3,20.6
USW00093987,"LUFKIN ANGELINA CO AIRPORT, TX US",31.23593,-94.75468,87.1,8/17/2013,0,NA,32.2,18.9
USW00093987,"LUFKIN ANGELINA CO AIRPORT, TX US",31.23593,-94.75468,87.1,8/18/2013,0,NA,33.3,18.3
USW00093987,"LUFKIN ANGELINA CO AIRPORT, TX US",31.23593,-94.75468,87.1,8/19/2013,0,NA,34.4,20.6
USW00093987,"LUFKIN ANGELINA CO AIRPORT, TX US",31.23593,-94.75468,87.1,8/20/2013,0,NA,34.4,20
USW00093987,"LUFKIN ANGELINA CO AIRPORT, TX US",31.23593,-94.75468,87.1,8/21/2013,0,NA,35.6,20.6
USW00093987,"LUFKIN ANGELINA CO AIRPORT, TX US",31.23593,-94.75468,87.1,8/22/2013,0,NA,36.1,22.2
USW00093987,"LUFKIN ANGELINA CO AIRPORT, TX US",31.23593,-94.75468,87.1,8/23/2013,0.3,NA,36.1,21.7
USW00093987,"LUFKIN ANGELINA CO AIRPORT, TX US",31.23593,-94.75468,87.1,8/24/2013,0,NA,36.1,22.8
USW00093987,"LUFKIN ANGELINA CO AIRPORT, TX US",31.23593,-94.75468,87.1,8/25/2013,0,NA,34.4,22.2
USW00093987,"LUFKIN ANGELINA CO AIRPORT, TX US",31.23593,-94.75468,87.1,8/26/2013,1,NA,31.7,21.7
USW00093987,"LUFKIN ANGELINA CO AIRPORT, TX US",31.23593,-94.75468,87.1,8/27/2013,0,NA,34.4,20.6
USW00093987,"LUFKIN ANGELINA CO AIRPORT, TX US",31.23593,-94.75468,87.1,8/28/2013,0,NA,37.2,22.2
USW00093987,"LUFKIN ANGELINA CO AIRPORT, TX US",31.23593,-94.75468,87.1,8/29/2013,0,NA,37.2,23.3
USW00093987,"LUFKIN ANGELINA CO AIRPORT, TX US",31.23593,-94.75468,87.1,8/30/2013,0,NA,36.7,22.8
USW00093987,"LUFKIN ANGELINA CO AIRPORT, TX US",31.23593,-94.75468,87.1,8/31/2013,0,NA,36.7,21.7
USW00093987,"LUFKIN ANGELINA CO AIRPORT, TX US",31.23593,-94.75468,87.1,9/1/2013,0,NA,36.1,21.7
USW00093987,"LUFKIN ANGELINA CO AIRPORT, TX US",31.23593,-94.75468,87.1,9/2/2013,0,NA,36.7,22.2
USW00093987,"LUFKIN ANGELINA CO AIRPORT, TX US",31.23593,-94.75468,87.1,9/3/2013,2.3,NA,37.8,22.8
USW00093987,"LUFKIN ANGELINA CO AIRPORT, TX US",31.23593,-94.75468,87.1,9/4/2013,0,NA,35.6,21.7
USW00093987,"LUFKIN ANGELINA CO AIRPORT, TX US",31.23593,-94.75468,87.1,9/5/2013,0,NA,36.1,21.1
USW00093987,"LUFKIN ANGELINA CO AIRPORT, TX US",31.23593,-94.75468,87.1,9/6/2013,0,NA,36.7,21.1
USW00093987,"LUFKIN ANGELINA CO AIRPORT, TX US",31.23593,-94.75468,87.1,9/7/2013,1,NA,33.9,20.6
USW00093987,"LUFKIN ANGELINA CO AIRPORT, TX US",31.23593,-94.75468,87.1,9/8/2013,0,NA,35,19.4
USW00093987,"LUFKIN ANGELINA CO AIRPORT, TX US",31.23593,-94.75468,87.1,9/9/2013,0,NA,35,20
USW00093987,"LUFKIN ANGELINA CO AIRPORT, TX US",31.23593,-94.75468,87.1,9/10/2013,0,NA,34.4,20.6
USW00093987,"LUFKIN ANGELINA CO AIRPORT, TX US",31.23593,-94.75468,87.1,9/11/2013,0,NA,34.4,21.1
USW00093987,"LUFKIN ANGELINA CO AIRPORT, TX US",31.23593,-94.75468,87.1,9/12/2013,1,NA,35,20.6
USW00093987,"LUFKIN ANGELINA CO AIRPORT, TX US",31.23593,-94.75468,87.1,9/13/2013,0,NA,36.7,19.4
USW00093987,"LUFKIN ANGELINA CO AIRPORT, TX US",31.23593,-94.75468,87.1,9/14/2013,0,NA,34.4,22.2
USW00093987,"LUFKIN ANGELINA CO AIRPORT, TX US",31.23593,-94.75468,87.1,9/15/2013,0,NA,35,21.1
USW00093987,"LUFKIN ANGELINA CO AIRPORT, TX US",31.23593,-94.75468,87.1,9/16/2013,0,NA,36.1,20.6
USW00093987,"LUFKIN ANGELINA CO AIRPORT, TX US",31.23593,-94.75468,87.1,9/17/2013,0,NA,35,21.1
USW00093987,"LUFKIN ANGELINA CO AIRPORT, TX US",31.23593,-94.75468,87.1,9/18/2013,0,NA,35.6,20.6
USW00093987,"LUFKIN ANGELINA CO AIRPORT, TX US",31.23593,-94.75468,87.1,9/19/2013,2,NA,33.9,21.7
USW00093987,"LUFKIN ANGELINA CO AIRPORT, TX US",31.23593,-94.75468,87.1,9/20/2013,85.6,NA,25,21.1
USW00093987,"LUFKIN ANGELINA CO AIRPORT, TX US",31.23593,-94.75468,87.1,9/21/2013,0.3,NA,28.9,19.4
USW00093987,"LUFKIN ANGELINA CO AIRPORT, TX US",31.23593,-94.75468,87.1,9/22/2013,0,NA,30,14.4
USW00093987,"LUFKIN ANGELINA CO AIRPORT, TX US",31.23593,-94.75468,87.1,9/23/2013,0,NA,32.2,16.7
USW00093987,"LUFKIN ANGELINA CO AIRPORT, TX US",31.23593,-94.75468,87.1,9/24/2013,0,NA,33.9,18.9
USW00093987,"LUFKIN ANGELINA CO AIRPORT, TX US",31.23593,-94.75468,87.1,9/25/2013,0,NA,33.9,15.6
USW00093987,"LUFKIN ANGELINA CO AIRPORT, TX US",31.23593,-94.75468,87.1,9/26/2013,0,NA,32.8,14.4
USW00093987,"LUFKIN ANGELINA CO AIRPORT, TX US",31.23593,-94.75468,87.1,9/27/2013,0,NA,31.7,17.2
USW00093987,"LUFKIN ANGELINA CO AIRPORT, TX US",31.23593,-94.75468,87.1,9/28/2013,0.5,NA,31.7,19.4
USW00093987,"LUFKIN ANGELINA CO AIRPORT, TX US",31.23593,-94.75468,87.1,9/29/2013,16.5,NA,25,22.8
USW00093987,"LUFKIN ANGELINA CO AIRPORT, TX US",31.23593,-94.75468,87.1,9/30/2013,0,NA,30.6,21.7
USW00093987,"LUFKIN ANGELINA CO AIRPORT, TX US",31.23593,-94.75468,87.1,10/1/2013,0.5,NA,32.2,21.7
USW00093987,"LUFKIN ANGELINA CO AIRPORT, TX US",31.23593,-94.75468,87.1,10/2/2013,0,NA,32.2,22.8
USW00093987,"LUFKIN ANGELINA CO AIRPORT, TX US",31.23593,-94.75468,87.1,10/3/2013,2.5,NA,32.2,22.8
USW00093987,"LUFKIN ANGELINA CO AIRPORT, TX US",31.23593,-94.75468,87.1,10/4/2013,0,NA,33.3,21.1
USW00093987,"LUFKIN ANGELINA CO AIRPORT, TX US",31.23593,-94.75468,87.1,10/5/2013,0,NA,33.3,17.2
USW00093987,"LUFKIN ANGELINA CO AIRPORT, TX US",31.23593,-94.75468,87.1,10/6/2013,0,NA,26.7,11.1
USW00093987,"LUFKIN ANGELINA CO AIRPORT, TX US",31.23593,-94.75468,87.1,10/7/2013,0,NA,27.2,8.9
USW00093987,"LUFKIN ANGELINA CO AIRPORT, TX US",31.23593,-94.75468,87.1,10/8/2013,0,NA,26.7,8.3
USW00093987,"LUFKIN ANGELINA CO AIRPORT, TX US",31.23593,-94.75468,87.1,10/9/2013,0,NA,27.8,10.6
USW00093987,"LUFKIN ANGELINA CO AIRPORT, TX US",31.23593,-94.75468,87.1,10/10/2013,0,NA,29.4,11.7
USW00093987,"LUFKIN ANGELINA CO AIRPORT, TX US",31.23593,-94.75468,87.1,10/11/2013,0,NA,30.6,15
USW00093987,"LUFKIN ANGELINA CO AIRPORT, TX US",31.23593,-94.75468,87.1,10/12/2013,30,NA,32.8,21.1
USW00093987,"LUFKIN ANGELINA CO AIRPORT, TX US",31.23593,-94.75468,87.1,10/13/2013,0.3,NA,26.7,21.1
USW00093987,"LUFKIN ANGELINA CO AIRPORT, TX US",31.23593,-94.75468,87.1,10/14/2013,0,NA,28.9,22.8
USW00093987,"LUFKIN ANGELINA CO AIRPORT, TX US",31.23593,-94.75468,87.1,10/15/2013,10.9,NA,31.1,21.7
USW00093987,"LUFKIN ANGELINA CO AIRPORT, TX US",31.23593,-94.75468,87.1,10/16/2013,4.8,NA,23.9,16.7
USW00093987,"LUFKIN ANGELINA CO AIRPORT, TX US",31.23593,-94.75468,87.1,10/17/2013,0,NA,25,12.8
USW00093987,"LUFKIN ANGELINA CO AIRPORT, TX US",31.23593,-94.75468,87.1,10/18/2013,0,NA,22.8,12.2
USW00093987,"LUFKIN ANGELINA CO AIRPORT, TX US",31.23593,-94.75468,87.1,10/19/2013,0,NA,21.1,7.2
USW00093987,"LUFKIN ANGELINA CO AIRPORT, TX US",31.23593,-94.75468,87.1,10/20/2013,0,NA,22.8,5
USW00093987,"LUFKIN ANGELINA CO AIRPORT, TX US",31.23593,-94.75468,87.1,10/21/2013,0,NA,27.2,11.1
USW00093987,"LUFKIN ANGELINA CO AIRPORT, TX US",31.23593,-94.75468,87.1,10/22/2013,0,NA,23.9,10
USW00093987,"LUFKIN ANGELINA CO AIRPORT, TX US",31.23593,-94.75468,87.1,10/23/2013,0,NA,27.2,8.3
USW00093987,"LUFKIN ANGELINA CO AIRPORT, TX US",31.23593,-94.75468,87.1,10/24/2013,0,NA,28.3,8.9
USW00093987,"LUFKIN ANGELINA CO AIRPORT, TX US",31.23593,-94.75468,87.1,10/25/2013,0,NA,21.7,10
USW00093987,"LUFKIN ANGELINA CO AIRPORT, TX US",31.23593,-94.75468,87.1,10/26/2013,0,NA,26.7,7.8
USW00093987,"LUFKIN ANGELINA CO AIRPORT, TX US",31.23593,-94.75468,87.1,10/27/2013,22.1,NA,23.3,13.3
USW00093987,"LUFKIN ANGELINA CO AIRPORT, TX US",31.23593,-94.75468,87.1,10/28/2013,0,NA,27.8,13.3
USW00093987,"LUFKIN ANGELINA CO AIRPORT, TX US",31.23593,-94.75468,87.1,10/29/2013,0,NA,29.4,19.4
USW00093987,"LUFKIN ANGELINA CO AIRPORT, TX US",31.23593,-94.75468,87.1,10/30/2013,50.5,NA,26.1,18.9
USW00093987,"LUFKIN ANGELINA CO AIRPORT, TX US",31.23593,-94.75468,87.1,10/31/2013,37.6,NA,26.1,13.3
USW00093987,"LUFKIN ANGELINA CO AIRPORT, TX US",31.23593,-94.75468,87.1,11/1/2013,0,NA,25.6,8.9
USW00093987,"LUFKIN ANGELINA CO AIRPORT, TX US",31.23593,-94.75468,87.1,11/2/2013,0,NA,22.2,6.7
USW00093987,"LUFKIN ANGELINA CO AIRPORT, TX US",31.23593,-94.75468,87.1,11/3/2013,0,NA,19.4,4.4
USW00093987,"LUFKIN ANGELINA CO AIRPORT, TX US",31.23593,-94.75468,87.1,11/4/2013,0,NA,22.8,9.4
USW00093987,"LUFKIN ANGELINA CO AIRPORT, TX US",31.23593,-94.75468,87.1,11/5/2013,0,NA,24.4,17.8
USW00093987,"LUFKIN ANGELINA CO AIRPORT, TX US",31.23593,-94.75468,87.1,11/6/2013,0.3,NA,24.4,8.9
USW00093987,"LUFKIN ANGELINA CO AIRPORT, TX US",31.23593,-94.75468,87.1,11/7/2013,0,NA,18.9,4.4
USW00093987,"LUFKIN ANGELINA CO AIRPORT, TX US",31.23593,-94.75468,87.1,11/8/2013,0,NA,19.4,6.1
USW00093987,"LUFKIN ANGELINA CO AIRPORT, TX US",31.23593,-94.75468,87.1,11/9/2013,0,NA,16.1,10.6
USW00093987,"LUFKIN ANGELINA CO AIRPORT, TX US",31.23593,-94.75468,87.1,11/10/2013,0,NA,22.8,7.8
USW00093987,"LUFKIN ANGELINA CO AIRPORT, TX US",31.23593,-94.75468,87.1,11/11/2013,0,NA,23.3,6.1
USW00093987,"LUFKIN ANGELINA CO AIRPORT, TX US",31.23593,-94.75468,87.1,11/12/2013,0,NA,18.3,4.4
USW00093987,"LUFKIN ANGELINA CO AIRPORT, TX US",31.23593,-94.75468,87.1,11/13/2013,0,NA,12.2,-0.5
USW00093987,"LUFKIN ANGELINA CO AIRPORT, TX US",31.23593,-94.75468,87.1,11/14/2013,0,NA,16.1,-2.1
USW00093987,"LUFKIN ANGELINA CO AIRPORT, TX US",31.23593,-94.75468,87.1,11/15/2013,0.8,NA,23.9,7.8
USW00093987,"LUFKIN ANGELINA CO AIRPORT, TX US",31.23593,-94.75468,87.1,11/16/2013,0.3,NA,26.1,12.2
USW00093987,"LUFKIN ANGELINA CO AIRPORT, TX US",31.23593,-94.75468,87.1,11/17/2013,0,NA,30.6,17.8
USW00093987,"LUFKIN ANGELINA CO AIRPORT, TX US",31.23593,-94.75468,87.1,11/18/2013,0,NA,26.1,13.9
USW00093987,"LUFKIN ANGELINA CO AIRPORT, TX US",31.23593,-94.75468,87.1,11/19/2013,0,NA,20,8.3
USW00093987,"LUFKIN ANGELINA CO AIRPORT, TX US",31.23593,-94.75468,87.1,11/20/2013,0,NA,22.2,5.6
USW00093987,"LUFKIN ANGELINA CO AIRPORT, TX US",31.23593,-94.75468,87.1,11/21/2013,0,NA,25.6,15
USW00093987,"LUFKIN ANGELINA CO AIRPORT, TX US",31.23593,-94.75468,87.1,11/22/2013,24.4,NA,22.2,6.7
USW00093987,"LUFKIN ANGELINA CO AIRPORT, TX US",31.23593,-94.75468,87.1,11/23/2013,6.6,NA,8.3,6.1
USW00093987,"LUFKIN ANGELINA CO AIRPORT, TX US",31.23593,-94.75468,87.1,11/24/2013,1.8,NA,8.9,2.8
USW00093987,"LUFKIN ANGELINA CO AIRPORT, TX US",31.23593,-94.75468,87.1,11/25/2013,43.4,NA,5,2.8
USW00093987,"LUFKIN ANGELINA CO AIRPORT, TX US",31.23593,-94.75468,87.1,11/26/2013,18,NA,5.6,2.2
USW00093987,"LUFKIN ANGELINA CO AIRPORT, TX US",31.23593,-94.75468,87.1,11/27/2013,0,NA,9.4,-1.6
USW00093987,"LUFKIN ANGELINA CO AIRPORT, TX US",31.23593,-94.75468,87.1,11/28/2013,0,NA,11.7,-2.1
USW00093987,"LUFKIN ANGELINA CO AIRPORT, TX US",31.23593,-94.75468,87.1,11/29/2013,0,NA,15.6,-2.7
USW00093987,"LUFKIN ANGELINA CO AIRPORT, TX US",31.23593,-94.75468,87.1,11/30/2013,0,NA,18.3,0.6
USW00093987,"LUFKIN ANGELINA CO AIRPORT, TX US",31.23593,-94.75468,87.1,12/1/2013,0,NA,20,10.6
USW00093987,"LUFKIN ANGELINA CO AIRPORT, TX US",31.23593,-94.75468,87.1,12/2/2013,0,NA,23.9,10
USW00093987,"LUFKIN ANGELINA CO AIRPORT, TX US",31.23593,-94.75468,87.1,12/3/2013,0,NA,26.7,11.1
USW00093987,"LUFKIN ANGELINA CO AIRPORT, TX US",31.23593,-94.75468,87.1,12/4/2013,0,NA,26.1,17.8
USW00093987,"LUFKIN ANGELINA CO AIRPORT, TX US",31.23593,-94.75468,87.1,12/5/2013,0,NA,22.2,2.8
USW00093987,"LUFKIN ANGELINA CO AIRPORT, TX US",31.23593,-94.75468,87.1,12/6/2013,12.2,NA,4.4,0
USW00093987,"LUFKIN ANGELINA CO AIRPORT, TX US",31.23593,-94.75468,87.1,12/7/2013,0.3,NA,2.2,0.6
USW00093987,"LUFKIN ANGELINA CO AIRPORT, TX US",31.23593,-94.75468,87.1,12/8/2013,0.3,NA,5.6,0.6
USW00093987,"LUFKIN ANGELINA CO AIRPORT, TX US",31.23593,-94.75468,87.1,12/9/2013,3.6,NA,5,2.8
USW00093987,"LUFKIN ANGELINA CO AIRPORT, TX US",31.23593,-94.75468,87.1,12/10/2013,0,NA,8.9,-1.6
USW00093987,"LUFKIN ANGELINA CO AIRPORT, TX US",31.23593,-94.75468,87.1,12/11/2013,0,NA,13.3,-2.1
USW00093987,"LUFKIN ANGELINA CO AIRPORT, TX US",31.23593,-94.75468,87.1,12/12/2013,0,NA,12.2,0
USW00093987,"LUFKIN ANGELINA CO AIRPORT, TX US",31.23593,-94.75468,87.1,12/13/2013,14.5,NA,10.6,1.7
USW00093987,"LUFKIN ANGELINA CO AIRPORT, TX US",31.23593,-94.75468,87.1,12/14/2013,0,NA,12.2,2.8
USW00093987,"LUFKIN ANGELINA CO AIRPORT, TX US",31.23593,-94.75468,87.1,12/15/2013,0,NA,13.3,-2.1
USW00093987,"LUFKIN ANGELINA CO AIRPORT, TX US",31.23593,-94.75468,87.1,12/16/2013,0,NA,17.8,-2.1
USW00093987,"LUFKIN ANGELINA CO AIRPORT, TX US",31.23593,-94.75468,87.1,12/17/2013,0,NA,21.1,-0.5
USW00093987,"LUFKIN ANGELINA CO AIRPORT, TX US",31.23593,-94.75468,87.1,12/18/2013,0,NA,21.1,1.1
USW00093987,"LUFKIN ANGELINA CO AIRPORT, TX US",31.23593,-94.75468,87.1,12/19/2013,0,NA,23.3,8.3
USW00093987,"LUFKIN ANGELINA CO AIRPORT, TX US",31.23593,-94.75468,87.1,12/20/2013,0.8,NA,25,20
USW00093987,"LUFKIN ANGELINA CO AIRPORT, TX US",31.23593,-94.75468,87.1,12/21/2013,24.6,NA,22.8,11.7
USW00093987,"LUFKIN ANGELINA CO AIRPORT, TX US",31.23593,-94.75468,87.1,12/22/2013,0,NA,13.9,1.1
USW00093987,"LUFKIN ANGELINA CO AIRPORT, TX US",31.23593,-94.75468,87.1,12/23/2013,0,NA,11.1,-0.5
USW00093987,"LUFKIN ANGELINA CO AIRPORT, TX US",31.23593,-94.75468,87.1,12/24/2013,0,NA,12.2,-3.2
USW00093987,"LUFKIN ANGELINA CO AIRPORT, TX US",31.23593,-94.75468,87.1,12/25/2013,0,NA,15,-2.1
USW00093987,"LUFKIN ANGELINA CO AIRPORT, TX US",31.23593,-94.75468,87.1,12/26/2013,0,NA,16.7,2.8
USW00093987,"LUFKIN ANGELINA CO AIRPORT, TX US",31.23593,-94.75468,87.1,12/27/2013,0,NA,14.4,3.3
USW00093987,"LUFKIN ANGELINA CO AIRPORT, TX US",31.23593,-94.75468,87.1,12/28/2013,0,NA,14.4,3.3
USW00093987,"LUFKIN ANGELINA CO AIRPORT, TX US",31.23593,-94.75468,87.1,12/29/2013,0,NA,17.2,1.1
USW00093987,"LUFKIN ANGELINA CO AIRPORT, TX US",31.23593,-94.75468,87.1,12/30/2013,0,NA,8.3,2.8
USW00093987,"LUFKIN ANGELINA CO AIRPORT, TX US",31.23593,-94.75468,87.1,12/31/2013,0,NA,9.4,1.7
USW00093987,"LUFKIN ANGELINA CO AIRPORT, TX US",31.23593,-94.75468,87.1,1/1/2014,0,NA,18.3,1.7
USW00093987,"LUFKIN ANGELINA CO AIRPORT, TX US",31.23593,-94.75468,87.1,1/2/2014,0,NA,15,0
USW00093987,"LUFKIN ANGELINA CO AIRPORT, TX US",31.23593,-94.75468,87.1,1/3/2014,0,NA,11.7,-3.8
USW00093987,"LUFKIN ANGELINA CO AIRPORT, TX US",31.23593,-94.75468,87.1,1/4/2014,0,NA,18.9,-0.5
USW00093987,"LUFKIN ANGELINA CO AIRPORT, TX US",31.23593,-94.75468,87.1,1/5/2014,1.8,NA,16.7,-1.6
USW00093987,"LUFKIN ANGELINA CO AIRPORT, TX US",31.23593,-94.75468,87.1,1/6/2014,0,NA,0.6,-5.5
USW00093987,"LUFKIN ANGELINA CO AIRPORT, TX US",31.23593,-94.75468,87.1,1/7/2014,0,NA,7.8,-7.7
USW00093987,"LUFKIN ANGELINA CO AIRPORT, TX US",31.23593,-94.75468,87.1,1/8/2014,0,NA,12.8,2.2
USW00093987,"LUFKIN ANGELINA CO AIRPORT, TX US",31.23593,-94.75468,87.1,1/9/2014,9.7,NA,15.6,8.3
USW00093987,"LUFKIN ANGELINA CO AIRPORT, TX US",31.23593,-94.75468,87.1,1/10/2014,1.3,NA,21.1,14.4
USW00093987,"LUFKIN ANGELINA CO AIRPORT, TX US",31.23593,-94.75468,87.1,1/11/2014,0,NA,22.2,4.4
USW00093987,"LUFKIN ANGELINA CO AIRPORT, TX US",31.23593,-94.75468,87.1,1/12/2014,0,NA,23.3,1.7
USW00093987,"LUFKIN ANGELINA CO AIRPORT, TX US",31.23593,-94.75468,87.1,1/13/2014,2.8,NA,21.1,4.4
USW00093987,"LUFKIN ANGELINA CO AIRPORT, TX US",31.23593,-94.75468,87.1,1/14/2014,0,NA,21.7,-0.5
USW00093987,"LUFKIN ANGELINA CO AIRPORT, TX US",31.23593,-94.75468,87.1,1/15/2014,0,NA,14.4,0.6
USW00093987,"LUFKIN ANGELINA CO AIRPORT, TX US",31.23593,-94.75468,87.1,1/16/2014,0,NA,20.6,0
USW00093987,"LUFKIN ANGELINA CO AIRPORT, TX US",31.23593,-94.75468,87.1,1/17/2014,0,NA,15,0
USW00093987,"LUFKIN ANGELINA CO AIRPORT, TX US",31.23593,-94.75468,87.1,1/18/2014,0,NA,20,-1.6
USW00093987,"LUFKIN ANGELINA CO AIRPORT, TX US",31.23593,-94.75468,87.1,1/19/2014,0,NA,18.9,1.1
USW00093987,"LUFKIN ANGELINA CO AIRPORT, TX US",31.23593,-94.75468,87.1,1/20/2014,0,NA,23.9,0.6
USW00093987,"LUFKIN ANGELINA CO AIRPORT, TX US",31.23593,-94.75468,87.1,1/21/2014,0,NA,16.7,-0.5
USW00093987,"LUFKIN ANGELINA CO AIRPORT, TX US",31.23593,-94.75468,87.1,1/22/2014,0,NA,20,-2.7
USW00093987,"LUFKIN ANGELINA CO AIRPORT, TX US",31.23593,-94.75468,87.1,1/23/2014,11.9,NA,8.9,-1.6
USW00093987,"LUFKIN ANGELINA CO AIRPORT, TX US",31.23593,-94.75468,87.1,1/24/2014,1.3,NA,3.3,-3.2
USW00093987,"LUFKIN ANGELINA CO AIRPORT, TX US",31.23593,-94.75468,87.1,1/25/2014,0,NA,16.1,-3.8
USW00093987,"LUFKIN ANGELINA CO AIRPORT, TX US",31.23593,-94.75468,87.1,1/26/2014,0,NA,22.2,4.4
USW00093987,"LUFKIN ANGELINA CO AIRPORT, TX US",31.23593,-94.75468,87.1,1/27/2014,0,NA,14.4,5.6
USW00093987,"LUFKIN ANGELINA CO AIRPORT, TX US",31.23593,-94.75468,87.1,1/28/2014,1.8,NA,5.6,-2.7
USW00093987,"LUFKIN ANGELINA CO AIRPORT, TX US",31.23593,-94.75468,87.1,1/29/2014,0,NA,7.2,-4.3
USW00093987,"LUFKIN ANGELINA CO AIRPORT, TX US",31.23593,-94.75468,87.1,1/30/2014,0,NA,13.9,-4.9
USW00093987,"LUFKIN ANGELINA CO AIRPORT, TX US",31.23593,-94.75468,87.1,1/31/2014,0,NA,22.2,10
USW00093987,"LUFKIN ANGELINA CO AIRPORT, TX US",31.23593,-94.75468,87.1,2/1/2014,0.3,NA,22.2,15.6
USW00093987,"LUFKIN ANGELINA CO AIRPORT, TX US",31.23593,-94.75468,87.1,2/2/2014,6.4,NA,19.4,5
USW00093987,"LUFKIN ANGELINA CO AIRPORT, TX US",31.23593,-94.75468,87.1,2/3/2014,0,NA,8.9,3.9
USW00093987,"LUFKIN ANGELINA CO AIRPORT, TX US",31.23593,-94.75468,87.1,2/4/2014,9.7,NA,7.8,2.2
USW00093987,"LUFKIN ANGELINA CO AIRPORT, TX US",31.23593,-94.75468,87.1,2/5/2014,0,NA,7.8,0.6
USW00093987,"LUFKIN ANGELINA CO AIRPORT, TX US",31.23593,-94.75468,87.1,2/6/2014,0.3,NA,2.2,-0.5
USW00093987,"LUFKIN ANGELINA CO AIRPORT, TX US",31.23593,-94.75468,87.1,2/7/2014,2.3,NA,3.9,0.6
USW00093987,"LUFKIN ANGELINA CO AIRPORT, TX US",31.23593,-94.75468,87.1,2/8/2014,0,NA,11.7,2.8
USW00093987,"LUFKIN ANGELINA CO AIRPORT, TX US",31.23593,-94.75468,87.1,2/9/2014,0,NA,20,7.2
USW00093987,"LUFKIN ANGELINA CO AIRPORT, TX US",31.23593,-94.75468,87.1,2/10/2014,2.8,NA,15,2.2
USW00093987,"LUFKIN ANGELINA CO AIRPORT, TX US",31.23593,-94.75468,87.1,2/11/2014,5.6,NA,5.6,0.6
USW00093987,"LUFKIN ANGELINA CO AIRPORT, TX US",31.23593,-94.75468,87.1,2/12/2014,0,NA,9.4,0
USW00093987,"LUFKIN ANGELINA CO AIRPORT, TX US",31.23593,-94.75468,87.1,2/13/2014,0,NA,17.8,-2.1
USW00093987,"LUFKIN ANGELINA CO AIRPORT, TX US",31.23593,-94.75468,87.1,2/14/2014,0,NA,23.9,1.7
USW00093987,"LUFKIN ANGELINA CO AIRPORT, TX US",31.23593,-94.75468,87.1,2/15/2014,0,NA,21.1,1.1
USW00093987,"LUFKIN ANGELINA CO AIRPORT, TX US",31.23593,-94.75468,87.1,2/16/2014,0,NA,25.6,6.1
USW00093987,"LUFKIN ANGELINA CO AIRPORT, TX US",31.23593,-94.75468,87.1,2/17/2014,0,NA,27.2,15.6
USW00093987,"LUFKIN ANGELINA CO AIRPORT, TX US",31.23593,-94.75468,87.1,2/18/2014,0,NA,26.1,9.4
USW00093987,"LUFKIN ANGELINA CO AIRPORT, TX US",31.23593,-94.75468,87.1,2/19/2014,0,NA,27.2,16.1
USW00093987,"LUFKIN ANGELINA CO AIRPORT, TX US",31.23593,-94.75468,87.1,2/20/2014,6.6,NA,26.1,12.8
USW00093987,"LUFKIN ANGELINA CO AIRPORT, TX US",31.23593,-94.75468,87.1,2/21/2014,0,NA,20,2.8
USW00093987,"LUFKIN ANGELINA CO AIRPORT, TX US",31.23593,-94.75468,87.1,2/22/2014,0,NA,23.9,5
USW00093987,"LUFKIN ANGELINA CO AIRPORT, TX US",31.23593,-94.75468,87.1,2/23/2014,0,NA,26.1,13.9
USW00093987,"LUFKIN ANGELINA CO AIRPORT, TX US",31.23593,-94.75468,87.1,2/24/2014,0,NA,19.4,13.9
USW00093987,"LUFKIN ANGELINA CO AIRPORT, TX US",31.23593,-94.75468,87.1,2/25/2014,0.5,NA,16.7,10.6
USW00093987,"LUFKIN ANGELINA CO AIRPORT, TX US",31.23593,-94.75468,87.1,2/26/2014,5.8,NA,10.6,1.7
USW00093987,"LUFKIN ANGELINA CO AIRPORT, TX US",31.23593,-94.75468,87.1,2/27/2014,0,NA,15,-0.5
USW00093987,"LUFKIN ANGELINA CO AIRPORT, TX US",31.23593,-94.75468,87.1,2/28/2014,1,NA,18.3,2.8
USW00093987,"LUFKIN ANGELINA CO AIRPORT, TX US",31.23593,-94.75468,87.1,3/1/2014,0,NA,27.8,17.8
USW00093987,"LUFKIN ANGELINA CO AIRPORT, TX US",31.23593,-94.75468,87.1,3/2/2014,2.3,NA,24.4,-0.5
USW00093987,"LUFKIN ANGELINA CO AIRPORT, TX US",31.23593,-94.75468,87.1,3/3/2014,0,NA,0,-4.3
USW00093987,"LUFKIN ANGELINA CO AIRPORT, TX US",31.23593,-94.75468,87.1,3/4/2014,0,NA,7.8,-1.6
USW00093987,"LUFKIN ANGELINA CO AIRPORT, TX US",31.23593,-94.75468,87.1,3/5/2014,1,NA,11.7,-0.5
USW00093987,"LUFKIN ANGELINA CO AIRPORT, TX US",31.23593,-94.75468,87.1,3/6/2014,0.8,NA,17.2,3.9
USW00093987,"LUFKIN ANGELINA CO AIRPORT, TX US",31.23593,-94.75468,87.1,3/7/2014,0,NA,19.4,0
USW00093987,"LUFKIN ANGELINA CO AIRPORT, TX US",31.23593,-94.75468,87.1,3/8/2014,8.1,NA,18.3,10.6
USW00093987,"LUFKIN ANGELINA CO AIRPORT, TX US",31.23593,-94.75468,87.1,3/9/2014,1.5,NA,13.3,6.7
USW00093987,"LUFKIN ANGELINA CO AIRPORT, TX US",31.23593,-94.75468,87.1,3/10/2014,0,NA,23.3,10
USW00093987,"LUFKIN ANGELINA CO AIRPORT, TX US",31.23593,-94.75468,87.1,3/11/2014,0,NA,26.1,12.2
USW00093987,"LUFKIN ANGELINA CO AIRPORT, TX US",31.23593,-94.75468,87.1,3/12/2014,0,NA,19.4,6.1
USW00093987,"LUFKIN ANGELINA CO AIRPORT, TX US",31.23593,-94.75468,87.1,3/13/2014,0,NA,21.1,1.1
USW00093987,"LUFKIN ANGELINA CO AIRPORT, TX US",31.23593,-94.75468,87.1,3/14/2014,0,NA,23.3,5.6
USW00093987,"LUFKIN ANGELINA CO AIRPORT, TX US",31.23593,-94.75468,87.1,3/15/2014,26.2,NA,20.6,16.1
USW00093987,"LUFKIN ANGELINA CO AIRPORT, TX US",31.23593,-94.75468,87.1,3/16/2014,6.1,NA,18.9,6.7
USW00093987,"LUFKIN ANGELINA CO AIRPORT, TX US",31.23593,-94.75468,87.1,3/17/2014,0,NA,18.3,6.1
USW00093987,"LUFKIN ANGELINA CO AIRPORT, TX US",31.23593,-94.75468,87.1,3/18/2014,0,NA,25.6,6.1
USW00093987,"LUFKIN ANGELINA CO AIRPORT, TX US",31.23593,-94.75468,87.1,3/19/2014,0,NA,24.4,12.8
USW00093987,"LUFKIN ANGELINA CO AIRPORT, TX US",31.23593,-94.75468,87.1,3/20/2014,0,NA,25,6.7
USW00093987,"LUFKIN ANGELINA CO AIRPORT, TX US",31.23593,-94.75468,87.1,3/21/2014,0,NA,27.2,7.8
USW00093987,"LUFKIN ANGELINA CO AIRPORT, TX US",31.23593,-94.75468,87.1,3/22/2014,0,NA,26.1,16.7
USW00093987,"LUFKIN ANGELINA CO AIRPORT, TX US",31.23593,-94.75468,87.1,3/23/2014,0.5,NA,21.7,11.1
USW00093987,"LUFKIN ANGELINA CO AIRPORT, TX US",31.23593,-94.75468,87.1,3/24/2014,0,NA,20.6,8.3
USW00093987,"LUFKIN ANGELINA CO AIRPORT, TX US",31.23593,-94.75468,87.1,3/25/2014,0,NA,20.6,4.4
USW00093987,"LUFKIN ANGELINA CO AIRPORT, TX US",31.23593,-94.75468,87.1,3/26/2014,0,NA,17.8,5.6
USW00093987,"LUFKIN ANGELINA CO AIRPORT, TX US",31.23593,-94.75468,87.1,3/27/2014,6.9,NA,21.7,13.3
USW00093987,"LUFKIN ANGELINA CO AIRPORT, TX US",31.23593,-94.75468,87.1,3/28/2014,11.4,NA,30.6,NA
USW00093987,"LUFKIN ANGELINA CO AIRPORT, TX US",31.23593,-94.75468,87.1,3/29/2014,0,NA,25.6,10
USW00093987,"LUFKIN ANGELINA CO AIRPORT, TX US",31.23593,-94.75468,87.1,3/30/2014,0,NA,25.6,6.1
USW00093987,"LUFKIN ANGELINA CO AIRPORT, TX US",31.23593,-94.75468,87.1,3/31/2014,0,NA,27.8,8.9
USW00093987,"LUFKIN ANGELINA CO AIRPORT, TX US",31.23593,-94.75468,87.1,4/1/2014,0,NA,27.2,17.2
USW00093987,"LUFKIN ANGELINA CO AIRPORT, TX US",31.23593,-94.75468,87.1,4/2/2014,0,NA,28.9,20.6
USW00093987,"LUFKIN ANGELINA CO AIRPORT, TX US",31.23593,-94.75468,87.1,4/3/2014,0,NA,26.7,22.8
USW00093987,"LUFKIN ANGELINA CO AIRPORT, TX US",31.23593,-94.75468,87.1,4/4/2014,1,NA,23.9,13.9
USW00093987,"LUFKIN ANGELINA CO AIRPORT, TX US",31.23593,-94.75468,87.1,4/5/2014,0,NA,21.1,12.2
USW00093987,"LUFKIN ANGELINA CO AIRPORT, TX US",31.23593,-94.75468,87.1,4/6/2014,59.9,NA,15,11.1
USW00093987,"LUFKIN ANGELINA CO AIRPORT, TX US",31.23593,-94.75468,87.1,4/7/2014,0,NA,20.6,10
USW00093987,"LUFKIN ANGELINA CO AIRPORT, TX US",31.23593,-94.75468,87.1,4/8/2014,0,NA,22.2,8.3
USW00093987,"LUFKIN ANGELINA CO AIRPORT, TX US",31.23593,-94.75468,87.1,4/9/2014,0,NA,26.7,5
USW00093987,"LUFKIN ANGELINA CO AIRPORT, TX US",31.23593,-94.75468,87.1,4/10/2014,0,NA,28.9,11.7
USW00093987,"LUFKIN ANGELINA CO AIRPORT, TX US",31.23593,-94.75468,87.1,4/11/2014,0,NA,28.3,14.4
USW00093987,"LUFKIN ANGELINA CO AIRPORT, TX US",31.23593,-94.75468,87.1,4/12/2014,0,NA,29.4,16.1
USW00093987,"LUFKIN ANGELINA CO AIRPORT, TX US",31.23593,-94.75468,87.1,4/13/2014,0.3,NA,25,20
USW00093987,"LUFKIN ANGELINA CO AIRPORT, TX US",31.23593,-94.75468,87.1,4/14/2014,6.6,NA,24.4,7.2
USW00093987,"LUFKIN ANGELINA CO AIRPORT, TX US",31.23593,-94.75468,87.1,4/15/2014,0,NA,18.3,4.4
USW00093987,"LUFKIN ANGELINA CO AIRPORT, TX US",31.23593,-94.75468,87.1,4/16/2014,0,NA,20.6,3.3
USW00093987,"LUFKIN ANGELINA CO AIRPORT, TX US",31.23593,-94.75468,87.1,4/17/2014,0,NA,22.8,10
USW00093987,"LUFKIN ANGELINA CO AIRPORT, TX US",31.23593,-94.75468,87.1,4/18/2014,0,NA,27.2,13.9
USW00093987,"LUFKIN ANGELINA CO AIRPORT, TX US",31.23593,-94.75468,87.1,4/19/2014,0,NA,28.3,11.7
USW00093987,"LUFKIN ANGELINA CO AIRPORT, TX US",31.23593,-94.75468,87.1,4/20/2014,0,NA,29.4,12.8
USW00093987,"LUFKIN ANGELINA CO AIRPORT, TX US",31.23593,-94.75468,87.1,4/21/2014,0,NA,28.3,15.6
USW00093987,"LUFKIN ANGELINA CO AIRPORT, TX US",31.23593,-94.75468,87.1,4/22/2014,2.3,NA,30.6,17.8
USW00093987,"LUFKIN ANGELINA CO AIRPORT, TX US",31.23593,-94.75468,87.1,4/23/2014,0,NA,31.1,14.4
USW00093987,"LUFKIN ANGELINA CO AIRPORT, TX US",31.23593,-94.75468,87.1,4/24/2014,0.3,NA,28.9,20
USW00093987,"LUFKIN ANGELINA CO AIRPORT, TX US",31.23593,-94.75468,87.1,4/25/2014,0,NA,30.6,13.9
USW00093987,"LUFKIN ANGELINA CO AIRPORT, TX US",31.23593,-94.75468,87.1,4/26/2014,0,NA,31.1,16.1
USW00093987,"LUFKIN ANGELINA CO AIRPORT, TX US",31.23593,-94.75468,87.1,4/27/2014,0,NA,32.8,24.4
USW00093987,"LUFKIN ANGELINA CO AIRPORT, TX US",31.23593,-94.75468,87.1,4/28/2014,2.5,NA,32.2,16.1
USW00093987,"LUFKIN ANGELINA CO AIRPORT, TX US",31.23593,-94.75468,87.1,4/29/2014,0,NA,27.8,14.4
USW00093987,"LUFKIN ANGELINA CO AIRPORT, TX US",31.23593,-94.75468,87.1,4/30/2014,0,NA,22.2,8.9
USW00093987,"LUFKIN ANGELINA CO AIRPORT, TX US",31.23593,-94.75468,87.1,5/1/2014,0,NA,24.4,6.7
USW00093987,"LUFKIN ANGELINA CO AIRPORT, TX US",31.23593,-94.75468,87.1,5/2/2014,0,NA,27.8,10
USW00093987,"LUFKIN ANGELINA CO AIRPORT, TX US",31.23593,-94.75468,87.1,5/3/2014,0,NA,32.2,10
USW00093987,"LUFKIN ANGELINA CO AIRPORT, TX US",31.23593,-94.75468,87.1,5/4/2014,0,NA,32.2,11.7
USW00093987,"LUFKIN ANGELINA CO AIRPORT, TX US",31.23593,-94.75468,87.1,5/5/2014,0,NA,31.7,11.7
USW00093987,"LUFKIN ANGELINA CO AIRPORT, TX US",31.23593,-94.75468,87.1,5/6/2014,0,NA,31.1,15.6
USW00093987,"LUFKIN ANGELINA CO AIRPORT, TX US",31.23593,-94.75468,87.1,5/7/2014,0,NA,30.6,20
USW00093987,"LUFKIN ANGELINA CO AIRPORT, TX US",31.23593,-94.75468,87.1,5/8/2014,4.8,NA,26.1,23.9
USW00093987,"LUFKIN ANGELINA CO AIRPORT, TX US",31.23593,-94.75468,87.1,5/9/2014,1,NA,30,19.4
USW00093987,"LUFKIN ANGELINA CO AIRPORT, TX US",31.23593,-94.75468,87.1,5/10/2014,1.8,NA,32.2,17.2
USW00093987,"LUFKIN ANGELINA CO AIRPORT, TX US",31.23593,-94.75468,87.1,5/11/2014,0,NA,33.3,23.9
USW00093987,"LUFKIN ANGELINA CO AIRPORT, TX US",31.23593,-94.75468,87.1,5/12/2014,104.1,NA,32.8,19.4
USW00093987,"LUFKIN ANGELINA CO AIRPORT, TX US",31.23593,-94.75468,87.1,5/13/2014,15.2,NA,23.9,16.7
USW00093987,"LUFKIN ANGELINA CO AIRPORT, TX US",31.23593,-94.75468,87.1,5/14/2014,8.9,NA,21.7,10.6
USW00093987,"LUFKIN ANGELINA CO AIRPORT, TX US",31.23593,-94.75468,87.1,5/15/2014,0,NA,26.1,7.8
USW00093987,"LUFKIN ANGELINA CO AIRPORT, TX US",31.23593,-94.75468,87.1,5/16/2014,0,NA,29.4,11.7
USW00093987,"LUFKIN ANGELINA CO AIRPORT, TX US",31.23593,-94.75468,87.1,5/17/2014,0,NA,30.6,15
USW00093987,"LUFKIN ANGELINA CO AIRPORT, TX US",31.23593,-94.75468,87.1,5/18/2014,0,NA,31.1,16.7
USW00093987,"LUFKIN ANGELINA CO AIRPORT, TX US",31.23593,-94.75468,87.1,5/19/2014,0,NA,30.6,17.2
USW00093987,"LUFKIN ANGELINA CO AIRPORT, TX US",31.23593,-94.75468,87.1,5/20/2014,0,NA,31.7,20
USW00093987,"LUFKIN ANGELINA CO AIRPORT, TX US",31.23593,-94.75468,87.1,5/21/2014,0,NA,32.2,21.1
USW00093987,"LUFKIN ANGELINA CO AIRPORT, TX US",31.23593,-94.75468,87.1,5/22/2014,0,NA,31.7,20
USW00093987,"LUFKIN ANGELINA CO AIRPORT, TX US",31.23593,-94.75468,87.1,5/23/2014,0,NA,30.6,20
USW00093987,"LUFKIN ANGELINA CO AIRPORT, TX US",31.23593,-94.75468,87.1,5/24/2014,0,NA,31.1,20
USW00093987,"LUFKIN ANGELINA CO AIRPORT, TX US",31.23593,-94.75468,87.1,5/25/2014,0,NA,32.2,21.1
USW00093987,"LUFKIN ANGELINA CO AIRPORT, TX US",31.23593,-94.75468,87.1,5/26/2014,6.1,NA,30,20.6
USW00093987,"LUFKIN ANGELINA CO AIRPORT, TX US",31.23593,-94.75468,87.1,5/27/2014,53.1,NA,24.4,19.4
USW00093987,"LUFKIN ANGELINA CO AIRPORT, TX US",31.23593,-94.75468,87.1,5/28/2014,10.9,NA,27.8,20.6
USW00093987,"LUFKIN ANGELINA CO AIRPORT, TX US",31.23593,-94.75468,87.1,5/29/2014,0,NA,30,18.9
USW00093987,"LUFKIN ANGELINA CO AIRPORT, TX US",31.23593,-94.75468,87.1,5/30/2014,5.3,NA,30,21.7
USW00093987,"LUFKIN ANGELINA CO AIRPORT, TX US",31.23593,-94.75468,87.1,5/31/2014,0,NA,31.7,22.8
USW00093987,"LUFKIN ANGELINA CO AIRPORT, TX US",31.23593,-94.75468,87.1,6/1/2014,0,NA,33.3,22.2
USW00093987,"LUFKIN ANGELINA CO AIRPORT, TX US",31.23593,-94.75468,87.1,6/2/2014,0,NA,33.9,22.8
USW00093987,"LUFKIN ANGELINA CO AIRPORT, TX US",31.23593,-94.75468,87.1,6/3/2014,0,NA,32.8,22.8
USW00093987,"LUFKIN ANGELINA CO AIRPORT, TX US",31.23593,-94.75468,87.1,6/4/2014,0,NA,33.3,22.8
USW00093987,"LUFKIN ANGELINA CO AIRPORT, TX US",31.23593,-94.75468,87.1,6/5/2014,0,NA,33.9,22.8
USW00093987,"LUFKIN ANGELINA CO AIRPORT, TX US",31.23593,-94.75468,87.1,6/6/2014,0,NA,33.9,23.3
USW00093987,"LUFKIN ANGELINA CO AIRPORT, TX US",31.23593,-94.75468,87.1,6/7/2014,0,NA,34.4,22.8
USW00093987,"LUFKIN ANGELINA CO AIRPORT, TX US",31.23593,-94.75468,87.1,6/8/2014,0,NA,33.9,23.9
USW00093987,"LUFKIN ANGELINA CO AIRPORT, TX US",31.23593,-94.75468,87.1,6/9/2014,54.9,NA,31.1,20
USW00093987,"LUFKIN ANGELINA CO AIRPORT, TX US",31.23593,-94.75468,87.1,6/10/2014,9.9,NA,29.4,20
USW00093987,"LUFKIN ANGELINA CO AIRPORT, TX US",31.23593,-94.75468,87.1,6/11/2014,0,NA,33.9,18.9
USW00093987,"LUFKIN ANGELINA CO AIRPORT, TX US",31.23593,-94.75468,87.1,6/12/2014,0,NA,30.6,22.8
USW00093987,"LUFKIN ANGELINA CO AIRPORT, TX US",31.23593,-94.75468,87.1,6/13/2014,0.3,NA,35,22.2
USW00093987,"LUFKIN ANGELINA CO AIRPORT, TX US",31.23593,-94.75468,87.1,6/14/2014,0,NA,33.9,21.7
USW00093987,"LUFKIN ANGELINA CO AIRPORT, TX US",31.23593,-94.75468,87.1,6/15/2014,0,NA,35,23.3
USW00093987,"LUFKIN ANGELINA CO AIRPORT, TX US",31.23593,-94.75468,87.1,6/16/2014,4.3,NA,33.9,25
USW00093987,"LUFKIN ANGELINA CO AIRPORT, TX US",31.23593,-94.75468,87.1,6/17/2014,0,NA,34.4,25
USW00093987,"LUFKIN ANGELINA CO AIRPORT, TX US",31.23593,-94.75468,87.1,6/18/2014,7.6,NA,33.3,23.9
USW00093987,"LUFKIN ANGELINA CO AIRPORT, TX US",31.23593,-94.75468,87.1,6/19/2014,0,NA,33.9,23.9
USW00093987,"LUFKIN ANGELINA CO AIRPORT, TX US",31.23593,-94.75468,87.1,6/20/2014,0,NA,34.4,23.3
USW00093987,"LUFKIN ANGELINA CO AIRPORT, TX US",31.23593,-94.75468,87.1,6/21/2014,0,NA,33.3,22.2
USW00093987,"LUFKIN ANGELINA CO AIRPORT, TX US",31.23593,-94.75468,87.1,6/22/2014,3.6,NA,30.6,24.4
USW00093987,"LUFKIN ANGELINA CO AIRPORT, TX US",31.23593,-94.75468,87.1,6/23/2014,0,NA,33.9,23.9
USW00093987,"LUFKIN ANGELINA CO AIRPORT, TX US",31.23593,-94.75468,87.1,6/24/2014,2,NA,34.4,22.8
USW00093987,"LUFKIN ANGELINA CO AIRPORT, TX US",31.23593,-94.75468,87.1,6/25/2014,2.3,NA,31.1,22.2
USW00093987,"LUFKIN ANGELINA CO AIRPORT, TX US",31.23593,-94.75468,87.1,6/26/2014,3,NA,31.7,22.8
USW00093987,"LUFKIN ANGELINA CO AIRPORT, TX US",31.23593,-94.75468,87.1,6/27/2014,0,NA,32.2,22.8
USW00093987,"LUFKIN ANGELINA CO AIRPORT, TX US",31.23593,-94.75468,87.1,6/28/2014,4.1,NA,33.9,24.4
USW00093987,"LUFKIN ANGELINA CO AIRPORT, TX US",31.23593,-94.75468,87.1,6/29/2014,0,NA,35,26.7
USW00093987,"LUFKIN ANGELINA CO AIRPORT, TX US",31.23593,-94.75468,87.1,6/30/2014,0,NA,35,25.6
USW00093987,"LUFKIN ANGELINA CO AIRPORT, TX US",31.23593,-94.75468,87.1,7/1/2014,0,NA,35,23.9
USW00093987,"LUFKIN ANGELINA CO AIRPORT, TX US",31.23593,-94.75468,87.1,7/2/2014,0,NA,35.6,23.9
USW00093987,"LUFKIN ANGELINA CO AIRPORT, TX US",31.23593,-94.75468,87.1,7/3/2014,28.4,NA,34.4,22.8
USW00093987,"LUFKIN ANGELINA CO AIRPORT, TX US",31.23593,-94.75468,87.1,7/4/2014,0,NA,32.2,22.8
USW00093987,"LUFKIN ANGELINA CO AIRPORT, TX US",31.23593,-94.75468,87.1,7/5/2014,0,NA,33.9,21.7
USW00093987,"LUFKIN ANGELINA CO AIRPORT, TX US",31.23593,-94.75468,87.1,7/6/2014,0,NA,34.4,21.7
USW00093987,"LUFKIN ANGELINA CO AIRPORT, TX US",31.23593,-94.75468,87.1,7/7/2014,0,NA,35.6,23.3
USW00093987,"LUFKIN ANGELINA CO AIRPORT, TX US",31.23593,-94.75468,87.1,7/8/2014,0,NA,35.6,23.9
USW00093987,"LUFKIN ANGELINA CO AIRPORT, TX US",31.23593,-94.75468,87.1,7/9/2014,0,NA,36.1,24.4
USW00093987,"LUFKIN ANGELINA CO AIRPORT, TX US",31.23593,-94.75468,87.1,7/10/2014,0,NA,35.6,22.8
USW00093987,"LUFKIN ANGELINA CO AIRPORT, TX US",31.23593,-94.75468,87.1,7/11/2014,0,NA,36.7,21.7
USW00093987,"LUFKIN ANGELINA CO AIRPORT, TX US",31.23593,-94.75468,87.1,7/12/2014,0,NA,36.7,23.9
USW00093987,"LUFKIN ANGELINA CO AIRPORT, TX US",31.23593,-94.75468,87.1,7/13/2014,0.3,NA,37.8,24.4
USW00093987,"LUFKIN ANGELINA CO AIRPORT, TX US",31.23593,-94.75468,87.1,7/14/2014,0,NA,36.7,22.8
USW00093987,"LUFKIN ANGELINA CO AIRPORT, TX US",31.23593,-94.75468,87.1,7/15/2014,52.6,NA,32.8,23.9
USW00093987,"LUFKIN ANGELINA CO AIRPORT, TX US",31.23593,-94.75468,87.1,7/16/2014,0,NA,32.8,22.8
USW00093987,"LUFKIN ANGELINA CO AIRPORT, TX US",31.23593,-94.75468,87.1,7/17/2014,100.8,NA,28.9,21.1
USW00093987,"LUFKIN ANGELINA CO AIRPORT, TX US",31.23593,-94.75468,87.1,7/18/2014,0.3,NA,25.6,21.7
USW00093987,"LUFKIN ANGELINA CO AIRPORT, TX US",31.23593,-94.75468,87.1,7/19/2014,0,NA,26.7,21.1
USW00093987,"LUFKIN ANGELINA CO AIRPORT, TX US",31.23593,-94.75468,87.1,7/20/2014,0,NA,33.3,19.4
USW00093987,"LUFKIN ANGELINA CO AIRPORT, TX US",31.23593,-94.75468,87.1,7/21/2014,0,NA,35,22.8
USW00093987,"LUFKIN ANGELINA CO AIRPORT, TX US",31.23593,-94.75468,87.1,7/22/2014,0,NA,34.4,23.3
USW00093987,"LUFKIN ANGELINA CO AIRPORT, TX US",31.23593,-94.75468,87.1,7/23/2014,0,NA,35,22.8
USW00093987,"LUFKIN ANGELINA CO AIRPORT, TX US",31.23593,-94.75468,87.1,7/24/2014,0,NA,34.4,21.7
USW00093987,"LUFKIN ANGELINA CO AIRPORT, TX US",31.23593,-94.75468,87.1,7/25/2014,0,NA,35.6,22.8
USW00093987,"LUFKIN ANGELINA CO AIRPORT, TX US",31.23593,-94.75468,87.1,7/26/2014,0,NA,36.7,25
USW00093987,"LUFKIN ANGELINA CO AIRPORT, TX US",31.23593,-94.75468,87.1,7/27/2014,0,NA,36.1,24.4
USW00093987,"LUFKIN ANGELINA CO AIRPORT, TX US",31.23593,-94.75468,87.1,7/28/2014,0,NA,36.1,25
USW00093987,"LUFKIN ANGELINA CO AIRPORT, TX US",31.23593,-94.75468,87.1,7/29/2014,0,NA,34.4,23.9
USW00093987,"LUFKIN ANGELINA CO AIRPORT, TX US",31.23593,-94.75468,87.1,7/30/2014,0,NA,34.4,22.8
USW00093987,"LUFKIN ANGELINA CO AIRPORT, TX US",31.23593,-94.75468,87.1,7/31/2014,49.8,NA,31.7,22.8
USW00093987,"LUFKIN ANGELINA CO AIRPORT, TX US",31.23593,-94.75468,87.1,8/1/2014,0,NA,26.1,22.2
USW00093987,"LUFKIN ANGELINA CO AIRPORT, TX US",31.23593,-94.75468,87.1,8/2/2014,0,NA,30,22.2
USW00093987,"LUFKIN ANGELINA CO AIRPORT, TX US",31.23593,-94.75468,87.1,8/3/2014,0,NA,32.8,23.3
USW00093987,"LUFKIN ANGELINA CO AIRPORT, TX US",31.23593,-94.75468,87.1,8/4/2014,10.9,NA,35,24.4
USW00093987,"LUFKIN ANGELINA CO AIRPORT, TX US",31.23593,-94.75468,87.1,8/5/2014,0,NA,35,23.9
USW00093987,"LUFKIN ANGELINA CO AIRPORT, TX US",31.23593,-94.75468,87.1,8/6/2014,0,NA,35.6,25
USW00093987,"LUFKIN ANGELINA CO AIRPORT, TX US",31.23593,-94.75468,87.1,8/7/2014,0,NA,35.6,25
USW00093987,"LUFKIN ANGELINA CO AIRPORT, TX US",31.23593,-94.75468,87.1,8/8/2014,0,NA,36.1,25.6
USW00093987,"LUFKIN ANGELINA CO AIRPORT, TX US",31.23593,-94.75468,87.1,8/9/2014,0,NA,36.7,25
USW00093987,"LUFKIN ANGELINA CO AIRPORT, TX US",31.23593,-94.75468,87.1,8/10/2014,0,NA,36.7,25.6
USW00093987,"LUFKIN ANGELINA CO AIRPORT, TX US",31.23593,-94.75468,87.1,8/11/2014,19.8,NA,36.7,23.9
USW00093987,"LUFKIN ANGELINA CO AIRPORT, TX US",31.23593,-94.75468,87.1,8/12/2014,0,NA,35.6,22.8
USW00093987,"LUFKIN ANGELINA CO AIRPORT, TX US",31.23593,-94.75468,87.1,8/13/2014,0,NA,33.3,20.6
USW00093987,"LUFKIN ANGELINA CO AIRPORT, TX US",31.23593,-94.75468,87.1,8/14/2014,0,NA,33.3,19.4
USW00093987,"LUFKIN ANGELINA CO AIRPORT, TX US",31.23593,-94.75468,87.1,8/15/2014,0,NA,35,21.7
USW00093987,"LUFKIN ANGELINA CO AIRPORT, TX US",31.23593,-94.75468,87.1,8/16/2014,0,NA,37.2,25
USW00093987,"LUFKIN ANGELINA CO AIRPORT, TX US",31.23593,-94.75468,87.1,8/17/2014,15.5,NA,36.1,25
USW00093987,"LUFKIN ANGELINA CO AIRPORT, TX US",31.23593,-94.75468,87.1,8/18/2014,0,NA,36.7,25
USW00093987,"LUFKIN ANGELINA CO AIRPORT, TX US",31.23593,-94.75468,87.1,8/19/2014,10.9,NA,35,23.9
USW00093987,"LUFKIN ANGELINA CO AIRPORT, TX US",31.23593,-94.75468,87.1,8/20/2014,5.6,NA,35.6,23.3
USW00093987,"LUFKIN ANGELINA CO AIRPORT, TX US",31.23593,-94.75468,87.1,8/21/2014,0,NA,36.1,24.4
USW00093987,"LUFKIN ANGELINA CO AIRPORT, TX US",31.23593,-94.75468,87.1,8/22/2014,0,NA,35.6,23.9
USW00093987,"LUFKIN ANGELINA CO AIRPORT, TX US",31.23593,-94.75468,87.1,8/23/2014,0,NA,35.6,23.9
USW00093987,"LUFKIN ANGELINA CO AIRPORT, TX US",31.23593,-94.75468,87.1,8/24/2014,0,NA,36.1,24.4
USW00093987,"LUFKIN ANGELINA CO AIRPORT, TX US",31.23593,-94.75468,87.1,8/25/2014,0,NA,36.7,24.4
USW00093987,"LUFKIN ANGELINA CO AIRPORT, TX US",31.23593,-94.75468,87.1,8/26/2014,0,NA,35,23.9
USW00093987,"LUFKIN ANGELINA CO AIRPORT, TX US",31.23593,-94.75468,87.1,8/27/2014,0,NA,35.6,22.8
USW00093987,"LUFKIN ANGELINA CO AIRPORT, TX US",31.23593,-94.75468,87.1,8/28/2014,0.8,NA,35,23.9
USW00093987,"LUFKIN ANGELINA CO AIRPORT, TX US",31.23593,-94.75468,87.1,8/29/2014,0,NA,34.4,24.4
USW00093987,"LUFKIN ANGELINA CO AIRPORT, TX US",31.23593,-94.75468,87.1,8/30/2014,2,NA,32.2,23.9
USW00093987,"LUFKIN ANGELINA CO AIRPORT, TX US",31.23593,-94.75468,87.1,8/31/2014,0.5,NA,32.2,23.3
USW00093987,"LUFKIN ANGELINA CO AIRPORT, TX US",31.23593,-94.75468,87.1,9/1/2014,0,NA,35.6,24.4
USW00093987,"LUFKIN ANGELINA CO AIRPORT, TX US",31.23593,-94.75468,87.1,9/2/2014,11.2,NA,33.3,25
USW00093987,"LUFKIN ANGELINA CO AIRPORT, TX US",31.23593,-94.75468,87.1,9/3/2014,0,NA,35,24.4
USW00093987,"LUFKIN ANGELINA CO AIRPORT, TX US",31.23593,-94.75468,87.1,9/4/2014,0,NA,35.6,23.9
USW00093987,"LUFKIN ANGELINA CO AIRPORT, TX US",31.23593,-94.75468,87.1,9/5/2014,0,NA,35.6,23.3
USW00093987,"LUFKIN ANGELINA CO AIRPORT, TX US",31.23593,-94.75468,87.1,9/6/2014,1.3,NA,36.1,23.3
USW00093987,"LUFKIN ANGELINA CO AIRPORT, TX US",31.23593,-94.75468,87.1,9/7/2014,1.3,NA,33.9,23.9
USW00093987,"LUFKIN ANGELINA CO AIRPORT, TX US",31.23593,-94.75468,87.1,9/8/2014,0,NA,35,22.8
USW00093987,"LUFKIN ANGELINA CO AIRPORT, TX US",31.23593,-94.75468,87.1,9/9/2014,0,NA,35.6,23.9
USW00093987,"LUFKIN ANGELINA CO AIRPORT, TX US",31.23593,-94.75468,87.1,9/10/2014,0,NA,36.1,24.4
USW00093987,"LUFKIN ANGELINA CO AIRPORT, TX US",31.23593,-94.75468,87.1,9/11/2014,0,NA,37.2,23.9
USW00093987,"LUFKIN ANGELINA CO AIRPORT, TX US",31.23593,-94.75468,87.1,9/12/2014,30.7,NA,35.6,22.2
USW00093987,"LUFKIN ANGELINA CO AIRPORT, TX US",31.23593,-94.75468,87.1,9/13/2014,0.3,NA,22.2,18.9
USW00093987,"LUFKIN ANGELINA CO AIRPORT, TX US",31.23593,-94.75468,87.1,9/14/2014,0,NA,30.6,18.9
USW00093987,"LUFKIN ANGELINA CO AIRPORT, TX US",31.23593,-94.75468,87.1,9/15/2014,0,NA,32.8,21.7
USW00093987,"LUFKIN ANGELINA CO AIRPORT, TX US",31.23593,-94.75468,87.1,9/16/2014,26.4,NA,35,24.4
USW00093987,"LUFKIN ANGELINA CO AIRPORT, TX US",31.23593,-94.75468,87.1,9/17/2014,0,NA,33.3,23.3
USW00093987,"LUFKIN ANGELINA CO AIRPORT, TX US",31.23593,-94.75468,87.1,9/18/2014,7.1,NA,28.3,22.8
USW00093987,"LUFKIN ANGELINA CO AIRPORT, TX US",31.23593,-94.75468,87.1,9/19/2014,0,NA,32.2,23.3
USW00093987,"LUFKIN ANGELINA CO AIRPORT, TX US",31.23593,-94.75468,87.1,9/20/2014,0,NA,33.3,21.1
USW00093987,"LUFKIN ANGELINA CO AIRPORT, TX US",31.23593,-94.75468,87.1,9/21/2014,0,NA,34.4,20
USW00093987,"LUFKIN ANGELINA CO AIRPORT, TX US",31.23593,-94.75468,87.1,9/22/2014,0,NA,32.8,20
USW00093987,"LUFKIN ANGELINA CO AIRPORT, TX US",31.23593,-94.75468,87.1,9/23/2014,0,NA,29.4,16.1
USW00093987,"LUFKIN ANGELINA CO AIRPORT, TX US",31.23593,-94.75468,87.1,9/24/2014,0,NA,31.7,15
USW00093987,"LUFKIN ANGELINA CO AIRPORT, TX US",31.23593,-94.75468,87.1,9/25/2014,0,NA,31.1,18.3
USW00093987,"LUFKIN ANGELINA CO AIRPORT, TX US",31.23593,-94.75468,87.1,9/26/2014,0,NA,32.2,20
USW00093987,"LUFKIN ANGELINA CO AIRPORT, TX US",31.23593,-94.75468,87.1,9/27/2014,0,NA,31.1,19.4
USW00093987,"LUFKIN ANGELINA CO AIRPORT, TX US",31.23593,-94.75468,87.1,9/28/2014,0,NA,32.2,20.6
USW00093987,"LUFKIN ANGELINA CO AIRPORT, TX US",31.23593,-94.75468,87.1,9/29/2014,0,NA,32.8,19.4
USW00093987,"LUFKIN ANGELINA CO AIRPORT, TX US",31.23593,-94.75468,87.1,9/30/2014,0,NA,33.3,21.7
USW00093987,"LUFKIN ANGELINA CO AIRPORT, TX US",31.23593,-94.75468,87.1,10/1/2014,1.3,NA,33.3,24.4
USW00093987,"LUFKIN ANGELINA CO AIRPORT, TX US",31.23593,-94.75468,87.1,10/2/2014,12.4,NA,35,21.1
USW00093987,"LUFKIN ANGELINA CO AIRPORT, TX US",31.23593,-94.75468,87.1,10/3/2014,0.5,NA,28.9,17.8
USW00093987,"LUFKIN ANGELINA CO AIRPORT, TX US",31.23593,-94.75468,87.1,10/4/2014,0,NA,26.1,12.2
USW00093987,"LUFKIN ANGELINA CO AIRPORT, TX US",31.23593,-94.75468,87.1,10/5/2014,0,NA,29.4,11.1
USW00093987,"LUFKIN ANGELINA CO AIRPORT, TX US",31.23593,-94.75468,87.1,10/6/2014,27.4,NA,26.7,17.8
USW00093987,"LUFKIN ANGELINA CO AIRPORT, TX US",31.23593,-94.75468,87.1,10/7/2014,0,NA,31.7,18.3
USW00093987,"LUFKIN ANGELINA CO AIRPORT, TX US",31.23593,-94.75468,87.1,10/8/2014,0,NA,31.7,21.7
USW00093987,"LUFKIN ANGELINA CO AIRPORT, TX US",31.23593,-94.75468,87.1,10/9/2014,0,NA,32.2,22.2
USW00093987,"LUFKIN ANGELINA CO AIRPORT, TX US",31.23593,-94.75468,87.1,10/10/2014,0,NA,32.8,22.2
USW00093987,"LUFKIN ANGELINA CO AIRPORT, TX US",31.23593,-94.75468,87.1,10/11/2014,3.3,NA,27.8,19.4
USW00093987,"LUFKIN ANGELINA CO AIRPORT, TX US",31.23593,-94.75468,87.1,10/12/2014,0.5,NA,27.8,18.9
USW00093987,"LUFKIN ANGELINA CO AIRPORT, TX US",31.23593,-94.75468,87.1,10/13/2014,46.2,NA,27.2,15
USW00093987,"LUFKIN ANGELINA CO AIRPORT, TX US",31.23593,-94.75468,87.1,10/14/2014,0,NA,25,11.1
USW00093987,"LUFKIN ANGELINA CO AIRPORT, TX US",31.23593,-94.75468,87.1,10/15/2014,0,NA,29.4,9.4
USW00093987,"LUFKIN ANGELINA CO AIRPORT, TX US",31.23593,-94.75468,87.1,10/16/2014,0,NA,30.6,11.1
USW00093987,"LUFKIN ANGELINA CO AIRPORT, TX US",31.23593,-94.75468,87.1,10/17/2014,0,NA,30,13.9
USW00093987,"LUFKIN ANGELINA CO AIRPORT, TX US",31.23593,-94.75468,87.1,10/18/2014,0,NA,30.6,16.1
USW00093987,"LUFKIN ANGELINA CO AIRPORT, TX US",31.23593,-94.75468,87.1,10/19/2014,0,NA,26.7,15.6
USW00093987,"LUFKIN ANGELINA CO AIRPORT, TX US",31.23593,-94.75468,87.1,10/20/2014,0,NA,27.8,12.8
USW00093987,"LUFKIN ANGELINA CO AIRPORT, TX US",31.23593,-94.75468,87.1,10/21/2014,0,NA,28.3,11.7
USW00093987,"LUFKIN ANGELINA CO AIRPORT, TX US",31.23593,-94.75468,87.1,10/22/2014,0,NA,28.3,15
USW00093987,"LUFKIN ANGELINA CO AIRPORT, TX US",31.23593,-94.75468,87.1,10/23/2014,0,NA,25.6,12.2
USW00093987,"LUFKIN ANGELINA CO AIRPORT, TX US",31.23593,-94.75468,87.1,10/24/2014,0,NA,27.8,11.1
USW00093987,"LUFKIN ANGELINA CO AIRPORT, TX US",31.23593,-94.75468,87.1,10/25/2014,0,NA,30.6,12.2
USW00093987,"LUFKIN ANGELINA CO AIRPORT, TX US",31.23593,-94.75468,87.1,10/26/2014,0,NA,30,13.3
USW00093987,"LUFKIN ANGELINA CO AIRPORT, TX US",31.23593,-94.75468,87.1,10/27/2014,0,NA,30,15
USW00093987,"LUFKIN ANGELINA CO AIRPORT, TX US",31.23593,-94.75468,87.1,10/28/2014,0,NA,28.3,17.2
USW00093987,"LUFKIN ANGELINA CO AIRPORT, TX US",31.23593,-94.75468,87.1,10/29/2014,0,NA,26.7,12.2
USW00093987,"LUFKIN ANGELINA CO AIRPORT, TX US",31.23593,-94.75468,87.1,10/30/2014,0,NA,26.1,8.9
USW00093987,"LUFKIN ANGELINA CO AIRPORT, TX US",31.23593,-94.75468,87.1,10/31/2014,0,NA,23.9,11.1
USW00093987,"LUFKIN ANGELINA CO AIRPORT, TX US",31.23593,-94.75468,87.1,11/1/2014,0,NA,17.8,5
USW00093987,"LUFKIN ANGELINA CO AIRPORT, TX US",31.23593,-94.75468,87.1,11/2/2014,0,NA,20.6,3.3
USW00093987,"LUFKIN ANGELINA CO AIRPORT, TX US",31.23593,-94.75468,87.1,11/3/2014,0,NA,25.6,9.4
USW00093987,"LUFKIN ANGELINA CO AIRPORT, TX US",31.23593,-94.75468,87.1,11/4/2014,4.1,NA,28.9,16.7
USW00093987,"LUFKIN ANGELINA CO AIRPORT, TX US",31.23593,-94.75468,87.1,11/5/2014,21.1,NA,18.9,16.7
USW00093987,"LUFKIN ANGELINA CO AIRPORT, TX US",31.23593,-94.75468,87.1,11/6/2014,1.8,NA,22.2,11.7
USW00093987,"LUFKIN ANGELINA CO AIRPORT, TX US",31.23593,-94.75468,87.1,11/7/2014,0,NA,19.4,7.2
USW00093987,"LUFKIN ANGELINA CO AIRPORT, TX US",31.23593,-94.75468,87.1,11/8/2014,0,NA,22.2,6.7
USW00093987,"LUFKIN ANGELINA CO AIRPORT, TX US",31.23593,-94.75468,87.1,11/9/2014,0,NA,22.2,5
USW00093987,"LUFKIN ANGELINA CO AIRPORT, TX US",31.23593,-94.75468,87.1,11/10/2014,0,NA,27.2,6.1
USW00093987,"LUFKIN ANGELINA CO AIRPORT, TX US",31.23593,-94.75468,87.1,11/11/2014,0,NA,19.4,7.2
USW00093987,"LUFKIN ANGELINA CO AIRPORT, TX US",31.23593,-94.75468,87.1,11/12/2014,0,NA,13.3,3.9
USW00093987,"LUFKIN ANGELINA CO AIRPORT, TX US",31.23593,-94.75468,87.1,11/13/2014,0,NA,9.4,-0.5
USW00093987,"LUFKIN ANGELINA CO AIRPORT, TX US",31.23593,-94.75468,87.1,11/14/2014,0,NA,9.4,-1.6
USW00093987,"LUFKIN ANGELINA CO AIRPORT, TX US",31.23593,-94.75468,87.1,11/15/2014,2,NA,10,5.6
USW00093987,"LUFKIN ANGELINA CO AIRPORT, TX US",31.23593,-94.75468,87.1,11/16/2014,43.7,NA,9.4,5
USW00093987,"LUFKIN ANGELINA CO AIRPORT, TX US",31.23593,-94.75468,87.1,11/17/2014,0,NA,10.6,-1
USW00093987,"LUFKIN ANGELINA CO AIRPORT, TX US",31.23593,-94.75468,87.1,11/18/2014,0,NA,12.2,-1
USW00093987,"LUFKIN ANGELINA CO AIRPORT, TX US",31.23593,-94.75468,87.1,11/19/2014,0,NA,20,-1.6
USW00093987,"LUFKIN ANGELINA CO AIRPORT, TX US",31.23593,-94.75468,87.1,11/20/2014,0.8,NA,23.9,7.8
USW00093987,"LUFKIN ANGELINA CO AIRPORT, TX US",31.23593,-94.75468,87.1,11/21/2014,11.9,NA,19.4,15
USW00093987,"LUFKIN ANGELINA CO AIRPORT, TX US",31.23593,-94.75468,87.1,11/22/2014,10.4,NA,21.7,13.3
USW00093987,"LUFKIN ANGELINA CO AIRPORT, TX US",31.23593,-94.75468,87.1,11/23/2014,7.6,NA,26.1,15.6
USW00093987,"LUFKIN ANGELINA CO AIRPORT, TX US",31.23593,-94.75468,87.1,11/24/2014,0,NA,18.9,3.9
USW00093987,"LUFKIN ANGELINA CO AIRPORT, TX US",31.23593,-94.75468,87.1,11/25/2014,0,NA,18.3,2.2
USW00093987,"LUFKIN ANGELINA CO AIRPORT, TX US",31.23593,-94.75468,87.1,11/26/2014,0,NA,23.3,4.4
USW00093987,"LUFKIN ANGELINA CO AIRPORT, TX US",31.23593,-94.75468,87.1,11/27/2014,0,NA,19.4,5
USW00093987,"LUFKIN ANGELINA CO AIRPORT, TX US",31.23593,-94.75468,87.1,11/28/2014,0,NA,22.2,3.9
USW00093987,"LUFKIN ANGELINA CO AIRPORT, TX US",31.23593,-94.75468,87.1,11/29/2014,0,NA,26.7,11.1
USW00093987,"LUFKIN ANGELINA CO AIRPORT, TX US",31.23593,-94.75468,87.1,11/30/2014,0,NA,27.2,16.7
USW00093987,"LUFKIN ANGELINA CO AIRPORT, TX US",31.23593,-94.75468,87.1,12/1/2014,0.3,NA,21.1,7.8
USW00093987,"LUFKIN ANGELINA CO AIRPORT, TX US",31.23593,-94.75468,87.1,12/2/2014,0,NA,13.9,6.1
USW00093987,"LUFKIN ANGELINA CO AIRPORT, TX US",31.23593,-94.75468,87.1,12/3/2014,0,NA,16.7,11.1
USW00093987,"LUFKIN ANGELINA CO AIRPORT, TX US",31.23593,-94.75468,87.1,12/4/2014,0,NA,23.3,13.3
USW00093987,"LUFKIN ANGELINA CO AIRPORT, TX US",31.23593,-94.75468,87.1,12/5/2014,3.8,NA,27.2,18.9
USW00093987,"LUFKIN ANGELINA CO AIRPORT, TX US",31.23593,-94.75468,87.1,12/6/2014,0,NA,21.7,13.9
USW00093987,"LUFKIN ANGELINA CO AIRPORT, TX US",31.23593,-94.75468,87.1,12/7/2014,0,NA,17.2,9.4
USW00093987,"LUFKIN ANGELINA CO AIRPORT, TX US",31.23593,-94.75468,87.1,12/8/2014,0,NA,20,3.9
USW00093987,"LUFKIN ANGELINA CO AIRPORT, TX US",31.23593,-94.75468,87.1,12/9/2014,0,NA,21.7,3.3
USW00093987,"LUFKIN ANGELINA CO AIRPORT, TX US",31.23593,-94.75468,87.1,12/10/2014,0,NA,16.1,5
USW00093987,"LUFKIN ANGELINA CO AIRPORT, TX US",31.23593,-94.75468,87.1,12/11/2014,0.5,NA,20,11.1
USW00093987,"LUFKIN ANGELINA CO AIRPORT, TX US",31.23593,-94.75468,87.1,12/12/2014,0.8,NA,22.8,11.7
USW00093987,"LUFKIN ANGELINA CO AIRPORT, TX US",31.23593,-94.75468,87.1,12/13/2014,0,NA,23.3,8.3
USW00093987,"LUFKIN ANGELINA CO AIRPORT, TX US",31.23593,-94.75468,87.1,12/14/2014,0,NA,24.4,14.4
USW00093987,"LUFKIN ANGELINA CO AIRPORT, TX US",31.23593,-94.75468,87.1,12/15/2014,2.8,NA,26.1,11.7
USW00093987,"LUFKIN ANGELINA CO AIRPORT, TX US",31.23593,-94.75468,87.1,12/16/2014,0,NA,16.7,5
USW00093987,"LUFKIN ANGELINA CO AIRPORT, TX US",31.23593,-94.75468,87.1,12/17/2014,0,NA,12.8,3.3
USW00093987,"LUFKIN ANGELINA CO AIRPORT, TX US",31.23593,-94.75468,87.1,12/18/2014,0,NA,15.6,11.1
USW00093987,"LUFKIN ANGELINA CO AIRPORT, TX US",31.23593,-94.75468,87.1,12/19/2014,16.8,NA,13.3,10.6
USW00093987,"LUFKIN ANGELINA CO AIRPORT, TX US",31.23593,-94.75468,87.1,12/20/2014,0,NA,13.9,5.6
USW00093987,"LUFKIN ANGELINA CO AIRPORT, TX US",31.23593,-94.75468,87.1,12/21/2014,0,NA,12.8,4.4
USW00093987,"LUFKIN ANGELINA CO AIRPORT, TX US",31.23593,-94.75468,87.1,12/22/2014,0,NA,22.8,11.7
USW00093987,"LUFKIN ANGELINA CO AIRPORT, TX US",31.23593,-94.75468,87.1,12/23/2014,0.3,NA,13.3,6.7
USW00093987,"LUFKIN ANGELINA CO AIRPORT, TX US",31.23593,-94.75468,87.1,12/24/2014,0,NA,12.2,1.1
USW00093987,"LUFKIN ANGELINA CO AIRPORT, TX US",31.23593,-94.75468,87.1,12/25/2014,0,NA,18.3,0
USW00093987,"LUFKIN ANGELINA CO AIRPORT, TX US",31.23593,-94.75468,87.1,12/26/2014,0,NA,20,9.4
USW00093987,"LUFKIN ANGELINA CO AIRPORT, TX US",31.23593,-94.75468,87.1,12/27/2014,9.1,NA,22.2,7.8
USW00093987,"LUFKIN ANGELINA CO AIRPORT, TX US",31.23593,-94.75468,87.1,12/28/2014,17.8,NA,7.8,4.4
USW00093987,"LUFKIN ANGELINA CO AIRPORT, TX US",31.23593,-94.75468,87.1,12/29/2014,0,NA,10.6,5.6
USW00093987,"LUFKIN ANGELINA CO AIRPORT, TX US",31.23593,-94.75468,87.1,12/30/2014,0,NA,10,0
USW00093987,"LUFKIN ANGELINA CO AIRPORT, TX US",31.23593,-94.75468,87.1,12/31/2014,0,NA,7.2,1.1
USW00093987,"LUFKIN ANGELINA CO AIRPORT, TX US",31.23593,-94.75468,87.1,1/1/2015,52.3,NA,7.2,3.9
USW00093987,"LUFKIN ANGELINA CO AIRPORT, TX US",31.23593,-94.75468,87.1,1/2/2015,25.1,NA,12.2,6.7
USW00093987,"LUFKIN ANGELINA CO AIRPORT, TX US",31.23593,-94.75468,87.1,1/3/2015,38.6,NA,12.2,3.3
USW00093987,"LUFKIN ANGELINA CO AIRPORT, TX US",31.23593,-94.75468,87.1,1/4/2015,0,NA,10.6,0
USW00093987,"LUFKIN ANGELINA CO AIRPORT, TX US",31.23593,-94.75468,87.1,1/5/2015,0,NA,11.7,-1
USW00093987,"LUFKIN ANGELINA CO AIRPORT, TX US",31.23593,-94.75468,87.1,1/6/2015,0,NA,19.4,-1
USW00093987,"LUFKIN ANGELINA CO AIRPORT, TX US",31.23593,-94.75468,87.1,1/7/2015,0,NA,13.9,0.6
USW00093987,"LUFKIN ANGELINA CO AIRPORT, TX US",31.23593,-94.75468,87.1,1/8/2015,0,NA,7.2,-3.8
USW00093987,"LUFKIN ANGELINA CO AIRPORT, TX US",31.23593,-94.75468,87.1,1/9/2015,10.7,NA,4.4,1.7
USW00093987,"LUFKIN ANGELINA CO AIRPORT, TX US",31.23593,-94.75468,87.1,1/10/2015,1.3,NA,7.2,2.8
USW00093987,"LUFKIN ANGELINA CO AIRPORT, TX US",31.23593,-94.75468,87.1,1/11/2015,14.5,NA,7.2,3.9
USW00093987,"LUFKIN ANGELINA CO AIRPORT, TX US",31.23593,-94.75468,87.1,1/12/2015,0,NA,8.9,7.2
USW00093987,"LUFKIN ANGELINA CO AIRPORT, TX US",31.23593,-94.75468,87.1,1/13/2015,0,NA,8.9,5.6
USW00093987,"LUFKIN ANGELINA CO AIRPORT, TX US",31.23593,-94.75468,87.1,1/14/2015,0,NA,6.7,2.2
USW00093987,"LUFKIN ANGELINA CO AIRPORT, TX US",31.23593,-94.75468,87.1,1/15/2015,0,NA,14.4,1.7
USW00093987,"LUFKIN ANGELINA CO AIRPORT, TX US",31.23593,-94.75468,87.1,1/16/2015,0,NA,17.2,-1
USW00093987,"LUFKIN ANGELINA CO AIRPORT, TX US",31.23593,-94.75468,87.1,1/17/2015,0,NA,20.6,0
USW00093987,"LUFKIN ANGELINA CO AIRPORT, TX US",31.23593,-94.75468,87.1,1/18/2015,0,NA,22.8,1.1
USW00093987,"LUFKIN ANGELINA CO AIRPORT, TX US",31.23593,-94.75468,87.1,1/19/2015,0,NA,21.7,0
USW00093987,"LUFKIN ANGELINA CO AIRPORT, TX US",31.23593,-94.75468,87.1,1/20/2015,0,NA,23.9,6.7
USW00093987,"LUFKIN ANGELINA CO AIRPORT, TX US",31.23593,-94.75468,87.1,1/21/2015,0.8,NA,18.9,11.1
USW00093987,"LUFKIN ANGELINA CO AIRPORT, TX US",31.23593,-94.75468,87.1,1/22/2015,39.4,NA,12.2,6.1
USW00093987,"LUFKIN ANGELINA CO AIRPORT, TX US",31.23593,-94.75468,87.1,1/23/2015,4.3,NA,7.2,1.7
USW00093987,"LUFKIN ANGELINA CO AIRPORT, TX US",31.23593,-94.75468,87.1,1/24/2015,0,NA,16.1,-1
USW00093987,"LUFKIN ANGELINA CO AIRPORT, TX US",31.23593,-94.75468,87.1,1/25/2015,0,NA,21.7,2.2
USW00093987,"LUFKIN ANGELINA CO AIRPORT, TX US",31.23593,-94.75468,87.1,1/26/2015,0,NA,21.1,1.7
USW00093987,"LUFKIN ANGELINA CO AIRPORT, TX US",31.23593,-94.75468,87.1,1/27/2015,0,NA,27.2,6.1
USW00093987,"LUFKIN ANGELINA CO AIRPORT, TX US",31.23593,-94.75468,87.1,1/28/2015,0,NA,26.1,6.1
USW00093987,"LUFKIN ANGELINA CO AIRPORT, TX US",31.23593,-94.75468,87.1,1/29/2015,0,NA,25.6,12.2
USW00093987,"LUFKIN ANGELINA CO AIRPORT, TX US",31.23593,-94.75468,87.1,1/30/2015,0,NA,17.2,7.2
USW00093987,"LUFKIN ANGELINA CO AIRPORT, TX US",31.23593,-94.75468,87.1,1/31/2015,0,NA,17.8,5
USW00093987,"LUFKIN ANGELINA CO AIRPORT, TX US",31.23593,-94.75468,87.1,2/1/2015,1.5,NA,25.6,6.7
USW00093987,"LUFKIN ANGELINA CO AIRPORT, TX US",31.23593,-94.75468,87.1,2/2/2015,0,NA,9.4,-0.5
USW00093987,"LUFKIN ANGELINA CO AIRPORT, TX US",31.23593,-94.75468,87.1,2/3/2015,0,NA,10.6,2.2
USW00093987,"LUFKIN ANGELINA CO AIRPORT, TX US",31.23593,-94.75468,87.1,2/4/2015,0.3,NA,13.9,6.1
USW00093987,"LUFKIN ANGELINA CO AIRPORT, TX US",31.23593,-94.75468,87.1,2/5/2015,1,NA,11.1,6.7
USW00093987,"LUFKIN ANGELINA CO AIRPORT, TX US",31.23593,-94.75468,87.1,2/6/2015,0,NA,13.9,5
USW00093987,"LUFKIN ANGELINA CO AIRPORT, TX US",31.23593,-94.75468,87.1,2/7/2015,0,NA,21.7,2.8
USW00093987,"LUFKIN ANGELINA CO AIRPORT, TX US",31.23593,-94.75468,87.1,2/8/2015,0,NA,26.1,13.3
USW00093987,"LUFKIN ANGELINA CO AIRPORT, TX US",31.23593,-94.75468,87.1,2/9/2015,0,NA,28.3,8.9
USW00093987,"LUFKIN ANGELINA CO AIRPORT, TX US",31.23593,-94.75468,87.1,2/10/2015,0,NA,23.3,7.2
USW00093987,"LUFKIN ANGELINA CO AIRPORT, TX US",31.23593,-94.75468,87.1,2/11/2015,0,NA,25.6,7.2
USW00093987,"LUFKIN ANGELINA CO AIRPORT, TX US",31.23593,-94.75468,87.1,2/12/2015,0,NA,18.9,6.1
USW00093987,"LUFKIN ANGELINA CO AIRPORT, TX US",31.23593,-94.75468,87.1,2/13/2015,0,NA,18.3,2.2
USW00093987,"LUFKIN ANGELINA CO AIRPORT, TX US",31.23593,-94.75468,87.1,2/14/2015,0,NA,26.7,4.4
USW00093987,"LUFKIN ANGELINA CO AIRPORT, TX US",31.23593,-94.75468,87.1,2/15/2015,6.6,NA,22.2,8.3
USW00093987,"LUFKIN ANGELINA CO AIRPORT, TX US",31.23593,-94.75468,87.1,2/16/2015,13,NA,18.9,2.2
USW00093987,"LUFKIN ANGELINA CO AIRPORT, TX US",31.23593,-94.75468,87.1,2/17/2015,0,NA,9.4,0.6
USW00093987,"LUFKIN ANGELINA CO AIRPORT, TX US",31.23593,-94.75468,87.1,2/18/2015,0,NA,16.7,-0.5
USW00093987,"LUFKIN ANGELINA CO AIRPORT, TX US",31.23593,-94.75468,87.1,2/19/2015,0,NA,16.7,1.1
USW00093987,"LUFKIN ANGELINA CO AIRPORT, TX US",31.23593,-94.75468,87.1,2/20/2015,0,NA,20.6,9.4
USW00093987,"LUFKIN ANGELINA CO AIRPORT, TX US",31.23593,-94.75468,87.1,2/21/2015,3.3,NA,22.2,15.6
USW00093987,"LUFKIN ANGELINA CO AIRPORT, TX US",31.23593,-94.75468,87.1,2/22/2015,2.3,NA,15.6,6.1
USW00093987,"LUFKIN ANGELINA CO AIRPORT, TX US",31.23593,-94.75468,87.1,2/23/2015,0.5,NA,6.1,0.6
USW00093987,"LUFKIN ANGELINA CO AIRPORT, TX US",31.23593,-94.75468,87.1,2/24/2015,0,NA,5.6,0
USW00093987,"LUFKIN ANGELINA CO AIRPORT, TX US",31.23593,-94.75468,87.1,2/25/2015,6.4,NA,6.7,0.6
USW00093987,"LUFKIN ANGELINA CO AIRPORT, TX US",31.23593,-94.75468,87.1,2/26/2015,0,NA,7.8,-0.5
USW00093987,"LUFKIN ANGELINA CO AIRPORT, TX US",31.23593,-94.75468,87.1,2/27/2015,0,NA,8.3,0
USW00093987,"LUFKIN ANGELINA CO AIRPORT, TX US",31.23593,-94.75468,87.1,2/28/2015,2.3,NA,12.2,1.7
USW00093987,"LUFKIN ANGELINA CO AIRPORT, TX US",31.23593,-94.75468,87.1,3/1/2015,3,NA,11.1,8.3
USW00093987,"LUFKIN ANGELINA CO AIRPORT, TX US",31.23593,-94.75468,87.1,3/2/2015,0,NA,10.6,8.3
USW00093987,"LUFKIN ANGELINA CO AIRPORT, TX US",31.23593,-94.75468,87.1,3/3/2015,0,NA,25,9.4
USW00093987,"LUFKIN ANGELINA CO AIRPORT, TX US",31.23593,-94.75468,87.1,3/4/2015,3,NA,27.2,6.7
USW00093987,"LUFKIN ANGELINA CO AIRPORT, TX US",31.23593,-94.75468,87.1,3/5/2015,4.6,NA,8.9,0.6
USW00093987,"LUFKIN ANGELINA CO AIRPORT, TX US",31.23593,-94.75468,87.1,3/6/2015,0,NA,13.9,-2.7
USW00093987,"LUFKIN ANGELINA CO AIRPORT, TX US",31.23593,-94.75468,87.1,3/7/2015,0,NA,17.8,-1.6
USW00093987,"LUFKIN ANGELINA CO AIRPORT, TX US",31.23593,-94.75468,87.1,3/8/2015,21.3,NA,12.8,8.3
USW00093987,"LUFKIN ANGELINA CO AIRPORT, TX US",31.23593,-94.75468,87.1,3/9/2015,54.4,NA,18.3,10
USW00093987,"LUFKIN ANGELINA CO AIRPORT, TX US",31.23593,-94.75468,87.1,3/10/2015,0,NA,15,11.7
USW00093987,"LUFKIN ANGELINA CO AIRPORT, TX US",31.23593,-94.75468,87.1,3/11/2015,0.3,NA,17.2,12.2
USW00093987,"LUFKIN ANGELINA CO AIRPORT, TX US",31.23593,-94.75468,87.1,3/12/2015,15,NA,16.1,12.8
USW00093987,"LUFKIN ANGELINA CO AIRPORT, TX US",31.23593,-94.75468,87.1,3/13/2015,3,NA,16.7,14.4
USW00093987,"LUFKIN ANGELINA CO AIRPORT, TX US",31.23593,-94.75468,87.1,3/14/2015,0,NA,22.2,13.9
USW00093987,"LUFKIN ANGELINA CO AIRPORT, TX US",31.23593,-94.75468,87.1,3/15/2015,0,NA,22.8,12.8
USW00093987,"LUFKIN ANGELINA CO AIRPORT, TX US",31.23593,-94.75468,87.1,3/16/2015,0,NA,28.3,10.6
USW00093987,"LUFKIN ANGELINA CO AIRPORT, TX US",31.23593,-94.75468,87.1,3/17/2015,0,NA,28.9,14.4
USW00093987,"LUFKIN ANGELINA CO AIRPORT, TX US",31.23593,-94.75468,87.1,3/18/2015,14.2,NA,23.9,16.7
USW00093987,"LUFKIN ANGELINA CO AIRPORT, TX US",31.23593,-94.75468,87.1,3/19/2015,0,NA,26.1,17.8
USW00093987,"LUFKIN ANGELINA CO AIRPORT, TX US",31.23593,-94.75468,87.1,3/20/2015,10.4,NA,25.6,17.2
USW00093987,"LUFKIN ANGELINA CO AIRPORT, TX US",31.23593,-94.75468,87.1,3/21/2015,27.4,NA,17.8,16.7
USW00093987,"LUFKIN ANGELINA CO AIRPORT, TX US",31.23593,-94.75468,87.1,3/22/2015,0,NA,20,15
USW00093987,"LUFKIN ANGELINA CO AIRPORT, TX US",31.23593,-94.75468,87.1,3/23/2015,0,NA,26.1,10.6
USW00093987,"LUFKIN ANGELINA CO AIRPORT, TX US",31.23593,-94.75468,87.1,3/24/2015,0,NA,27.8,12.2
USW00093987,"LUFKIN ANGELINA CO AIRPORT, TX US",31.23593,-94.75468,87.1,3/25/2015,0,NA,28.9,14.4
USW00093987,"LUFKIN ANGELINA CO AIRPORT, TX US",31.23593,-94.75468,87.1,3/26/2015,0,NA,19.4,11.1
USW00093987,"LUFKIN ANGELINA CO AIRPORT, TX US",31.23593,-94.75468,87.1,3/27/2015,0,NA,26.1,5
USW00093987,"LUFKIN ANGELINA CO AIRPORT, TX US",31.23593,-94.75468,87.1,3/28/2015,0,NA,28.9,7.8
USW00093987,"LUFKIN ANGELINA CO AIRPORT, TX US",31.23593,-94.75468,87.1,3/29/2015,0,NA,29.4,13.3
USW00093987,"LUFKIN ANGELINA CO AIRPORT, TX US",31.23593,-94.75468,87.1,3/30/2015,0,NA,28.9,16.1
USW00093987,"LUFKIN ANGELINA CO AIRPORT, TX US",31.23593,-94.75468,87.1,3/31/2015,0,NA,30,18.3
USW00093987,"LUFKIN ANGELINA CO AIRPORT, TX US",31.23593,-94.75468,87.1,4/1/2015,0.3,NA,29.4,19.4
USW00093987,"LUFKIN ANGELINA CO AIRPORT, TX US",31.23593,-94.75468,87.1,4/2/2015,0,NA,30.6,20.6
USW00093987,"LUFKIN ANGELINA CO AIRPORT, TX US",31.23593,-94.75468,87.1,4/3/2015,0,NA,30,20.6
USW00093987,"LUFKIN ANGELINA CO AIRPORT, TX US",31.23593,-94.75468,87.1,4/4/2015,5.3,NA,23.9,13.3
USW00093987,"LUFKIN ANGELINA CO AIRPORT, TX US",31.23593,-94.75468,87.1,4/5/2015,34.5,NA,17.8,11.7
USW00093987,"LUFKIN ANGELINA CO AIRPORT, TX US",31.23593,-94.75468,87.1,4/6/2015,0,NA,28.9,17.8
USW00093987,"LUFKIN ANGELINA CO AIRPORT, TX US",31.23593,-94.75468,87.1,4/7/2015,0,NA,31.1,20
USW00093987,"LUFKIN ANGELINA CO AIRPORT, TX US",31.23593,-94.75468,87.1,4/8/2015,0,NA,30.6,21.1
USW00093987,"LUFKIN ANGELINA CO AIRPORT, TX US",31.23593,-94.75468,87.1,4/9/2015,0,NA,29.4,22.8
USW00093987,"LUFKIN ANGELINA CO AIRPORT, TX US",31.23593,-94.75468,87.1,4/10/2015,11.7,NA,23.3,15
USW00093987,"LUFKIN ANGELINA CO AIRPORT, TX US",31.23593,-94.75468,87.1,4/11/2015,0,NA,28.3,13.9
USW00093987,"LUFKIN ANGELINA CO AIRPORT, TX US",31.23593,-94.75468,87.1,4/12/2015,1.3,NA,28.3,20.6
USW00093987,"LUFKIN ANGELINA CO AIRPORT, TX US",31.23593,-94.75468,87.1,4/13/2015,3.8,NA,29.4,21.7
USW00093987,"LUFKIN ANGELINA CO AIRPORT, TX US",31.23593,-94.75468,87.1,4/14/2015,1.3,NA,22.8,17.8
USW00093987,"LUFKIN ANGELINA CO AIRPORT, TX US",31.23593,-94.75468,87.1,4/15/2015,0,NA,27.2,13.9
USW00093987,"LUFKIN ANGELINA CO AIRPORT, TX US",31.23593,-94.75468,87.1,4/16/2015,13.7,NA,27.8,17.2
USW00093987,"LUFKIN ANGELINA CO AIRPORT, TX US",31.23593,-94.75468,87.1,4/17/2015,3.3,NA,27.8,17.8
USW00093987,"LUFKIN ANGELINA CO AIRPORT, TX US",31.23593,-94.75468,87.1,4/18/2015,7.9,NA,27.2,17.2
USW00093987,"LUFKIN ANGELINA CO AIRPORT, TX US",31.23593,-94.75468,87.1,4/19/2015,0.5,NA,30.6,15.6
USW00093987,"LUFKIN ANGELINA CO AIRPORT, TX US",31.23593,-94.75468,87.1,4/20/2015,0,NA,23.9,13.3
USW00093987,"LUFKIN ANGELINA CO AIRPORT, TX US",31.23593,-94.75468,87.1,4/21/2015,0,NA,27.2,13.9
USW00093987,"LUFKIN ANGELINA CO AIRPORT, TX US",31.23593,-94.75468,87.1,4/22/2015,0.3,NA,31.1,15
USW00093987,"LUFKIN ANGELINA CO AIRPORT, TX US",31.23593,-94.75468,87.1,4/23/2015,3,NA,30.6,21.7
USW00093987,"LUFKIN ANGELINA CO AIRPORT, TX US",31.23593,-94.75468,87.1,4/24/2015,6.6,NA,27.8,22.2
USW00093987,"LUFKIN ANGELINA CO AIRPORT, TX US",31.23593,-94.75468,87.1,4/25/2015,2.3,NA,32.8,21.7
USW00093987,"LUFKIN ANGELINA CO AIRPORT, TX US",31.23593,-94.75468,87.1,4/26/2015,0,NA,30,20.6
USW00093987,"LUFKIN ANGELINA CO AIRPORT, TX US",31.23593,-94.75468,87.1,4/27/2015,34.5,NA,26.1,17.8
USW00093987,"LUFKIN ANGELINA CO AIRPORT, TX US",31.23593,-94.75468,87.1,4/28/2015,5.3,NA,20,12.8
USW00093987,"LUFKIN ANGELINA CO AIRPORT, TX US",31.23593,-94.75468,87.1,4/29/2015,0,NA,25.6,10.6
USW00093987,"LUFKIN ANGELINA CO AIRPORT, TX US",31.23593,-94.75468,87.1,4/30/2015,0,NA,28.9,11.1
USW00093987,"LUFKIN ANGELINA CO AIRPORT, TX US",31.23593,-94.75468,87.1,5/1/2015,0,NA,30,13.9
USW00093987,"LUFKIN ANGELINA CO AIRPORT, TX US",31.23593,-94.75468,87.1,5/2/2015,0,NA,30,15
USW00093987,"LUFKIN ANGELINA CO AIRPORT, TX US",31.23593,-94.75468,87.1,5/3/2015,0,NA,29.4,14.4
USW00093987,"LUFKIN ANGELINA CO AIRPORT, TX US",31.23593,-94.75468,87.1,5/4/2015,0,NA,30,15.6
USW00093987,"LUFKIN ANGELINA CO AIRPORT, TX US",31.23593,-94.75468,87.1,5/5/2015,0.8,NA,30.6,18.3
USW00093987,"LUFKIN ANGELINA CO AIRPORT, TX US",31.23593,-94.75468,87.1,5/6/2015,0.8,NA,25.6,20.6
USW00093987,"LUFKIN ANGELINA CO AIRPORT, TX US",31.23593,-94.75468,87.1,5/7/2015,0.5,NA,31.1,21.1
USW00093987,"LUFKIN ANGELINA CO AIRPORT, TX US",31.23593,-94.75468,87.1,5/8/2015,0,NA,31.7,24.4
USW00093987,"LUFKIN ANGELINA CO AIRPORT, TX US",31.23593,-94.75468,87.1,5/9/2015,0,NA,32.2,25
USW00093987,"LUFKIN ANGELINA CO AIRPORT, TX US",31.23593,-94.75468,87.1,5/10/2015,7.6,NA,32.2,25
USW00093987,"LUFKIN ANGELINA CO AIRPORT, TX US",31.23593,-94.75468,87.1,5/11/2015,84.3,NA,25.6,19.4
USW00093987,"LUFKIN ANGELINA CO AIRPORT, TX US",31.23593,-94.75468,87.1,5/12/2015,7.4,NA,24.4,19.4
USW00093987,"LUFKIN ANGELINA CO AIRPORT, TX US",31.23593,-94.75468,87.1,5/13/2015,24.9,NA,25,20
USW00093987,"LUFKIN ANGELINA CO AIRPORT, TX US",31.23593,-94.75468,87.1,5/14/2015,2.3,NA,31.7,20.6
USW00093987,"LUFKIN ANGELINA CO AIRPORT, TX US",31.23593,-94.75468,87.1,5/15/2015,3.6,NA,28.9,21.7
USW00093987,"LUFKIN ANGELINA CO AIRPORT, TX US",31.23593,-94.75468,87.1,5/16/2015,0,NA,32.2,22.8
USW00093987,"LUFKIN ANGELINA CO AIRPORT, TX US",31.23593,-94.75468,87.1,5/17/2015,20.8,NA,28.9,22.2
USW00093987,"LUFKIN ANGELINA CO AIRPORT, TX US",31.23593,-94.75468,87.1,5/18/2015,52.6,NA,27.2,21.1
USW00093987,"LUFKIN ANGELINA CO AIRPORT, TX US",31.23593,-94.75468,87.1,5/19/2015,16.8,NA,31.1,20.6
USW00093987,"LUFKIN ANGELINA CO AIRPORT, TX US",31.23593,-94.75468,87.1,5/20/2015,11.7,NA,32.8,23.3
USW00093987,"LUFKIN ANGELINA CO AIRPORT, TX US",31.23593,-94.75468,87.1,5/21/2015,63.2,NA,25,17.8
USW00093987,"LUFKIN ANGELINA CO AIRPORT, TX US",31.23593,-94.75468,87.1,5/22/2015,0,NA,27.2,16.1
USW00093987,"LUFKIN ANGELINA CO AIRPORT, TX US",31.23593,-94.75468,87.1,5/23/2015,1.3,NA,31.7,20.6
USW00093987,"LUFKIN ANGELINA CO AIRPORT, TX US",31.23593,-94.75468,87.1,5/24/2015,4.3,NA,26.1,22.2
USW00093987,"LUFKIN ANGELINA CO AIRPORT, TX US",31.23593,-94.75468,87.1,5/25/2015,59.4,NA,31.7,18.9
USW00093987,"LUFKIN ANGELINA CO AIRPORT, TX US",31.23593,-94.75468,87.1,5/26/2015,0,NA,31.7,18.9
USW00093987,"LUFKIN ANGELINA CO AIRPORT, TX US",31.23593,-94.75468,87.1,5/27/2015,26.4,NA,32.2,18.9
USW00093987,"LUFKIN ANGELINA CO AIRPORT, TX US",31.23593,-94.75468,87.1,5/28/2015,0,NA,33.3,21.7
USW00093987,"LUFKIN ANGELINA CO AIRPORT, TX US",31.23593,-94.75468,87.1,5/29/2015,0,NA,31.7,23.9
USW00093987,"LUFKIN ANGELINA CO AIRPORT, TX US",31.23593,-94.75468,87.1,5/30/2015,11.4,NA,31.7,21.7
USW00093987,"LUFKIN ANGELINA CO AIRPORT, TX US",31.23593,-94.75468,87.1,5/31/2015,0,NA,30,20
USW00093987,"LUFKIN ANGELINA CO AIRPORT, TX US",31.23593,-94.75468,87.1,6/1/2015,0,NA,30.6,17.2
USW00093987,"LUFKIN ANGELINA CO AIRPORT, TX US",31.23593,-94.75468,87.1,6/2/2015,0,NA,32.8,18.9
USW00093987,"LUFKIN ANGELINA CO AIRPORT, TX US",31.23593,-94.75468,87.1,6/3/2015,0,NA,33.9,20.6
USW00093987,"LUFKIN ANGELINA CO AIRPORT, TX US",31.23593,-94.75468,87.1,6/4/2015,0,NA,34.4,21.7
USW00093987,"LUFKIN ANGELINA CO AIRPORT, TX US",31.23593,-94.75468,87.1,6/5/2015,0,NA,33.9,22.2
USW00093987,"LUFKIN ANGELINA CO AIRPORT, TX US",31.23593,-94.75468,87.1,6/6/2015,0,NA,35,21.1
USW00093987,"LUFKIN ANGELINA CO AIRPORT, TX US",31.23593,-94.75468,87.1,6/7/2015,0,NA,35.6,22.2
USW00093987,"LUFKIN ANGELINA CO AIRPORT, TX US",31.23593,-94.75468,87.1,6/8/2015,0,NA,35.6,23.3
USW00093987,"LUFKIN ANGELINA CO AIRPORT, TX US",31.23593,-94.75468,87.1,6/9/2015,0,NA,36.1,23.3
USW00093987,"LUFKIN ANGELINA CO AIRPORT, TX US",31.23593,-94.75468,87.1,6/10/2015,0,NA,36.1,23.3
USW00093987,"LUFKIN ANGELINA CO AIRPORT, TX US",31.23593,-94.75468,87.1,6/11/2015,0,NA,35,23.3
USW00093987,"LUFKIN ANGELINA CO AIRPORT, TX US",31.23593,-94.75468,87.1,6/12/2015,8.9,NA,33.3,23.9
USW00093987,"LUFKIN ANGELINA CO AIRPORT, TX US",31.23593,-94.75468,87.1,6/13/2015,6.1,NA,31.1,23.9
USW00093987,"LUFKIN ANGELINA CO AIRPORT, TX US",31.23593,-94.75468,87.1,6/14/2015,3.6,NA,31.7,24.4
USW00093987,"LUFKIN ANGELINA CO AIRPORT, TX US",31.23593,-94.75468,87.1,6/15/2015,8.9,NA,34.4,24.4
USW00093987,"LUFKIN ANGELINA CO AIRPORT, TX US",31.23593,-94.75468,87.1,6/16/2015,11.9,NA,30,24.4
USW00093987,"LUFKIN ANGELINA CO AIRPORT, TX US",31.23593,-94.75468,87.1,6/17/2015,65.8,NA,26.7,23.9
USW00093987,"LUFKIN ANGELINA CO AIRPORT, TX US",31.23593,-94.75468,87.1,6/18/2015,91.7,NA,28.3,22.8
USW00093987,"LUFKIN ANGELINA CO AIRPORT, TX US",31.23593,-94.75468,87.1,6/19/2015,0.5,NA,33.9,25
USW00093987,"LUFKIN ANGELINA CO AIRPORT, TX US",31.23593,-94.75468,87.1,6/20/2015,16.5,NA,33.9,23.3
USW00093987,"LUFKIN ANGELINA CO AIRPORT, TX US",31.23593,-94.75468,87.1,6/21/2015,0,NA,33.3,25
USW00093987,"LUFKIN ANGELINA CO AIRPORT, TX US",31.23593,-94.75468,87.1,6/22/2015,0,NA,34.4,25.6
USW00093987,"LUFKIN ANGELINA CO AIRPORT, TX US",31.23593,-94.75468,87.1,6/23/2015,0,NA,35.6,23.9
USW00093987,"LUFKIN ANGELINA CO AIRPORT, TX US",31.23593,-94.75468,87.1,6/24/2015,0,NA,35.6,24.4
USW00093987,"LUFKIN ANGELINA CO AIRPORT, TX US",31.23593,-94.75468,87.1,6/25/2015,0,NA,35,24.4
USW00093987,"LUFKIN ANGELINA CO AIRPORT, TX US",31.23593,-94.75468,87.1,6/26/2015,0,NA,35.6,25
USW00093987,"LUFKIN ANGELINA CO AIRPORT, TX US",31.23593,-94.75468,87.1,6/27/2015,0,NA,32.8,25
USW00093987,"LUFKIN ANGELINA CO AIRPORT, TX US",31.23593,-94.75468,87.1,6/28/2015,0,NA,35,23.9
USW00093987,"LUFKIN ANGELINA CO AIRPORT, TX US",31.23593,-94.75468,87.1,6/29/2015,43.9,NA,35.6,21.7
USW00093987,"LUFKIN ANGELINA CO AIRPORT, TX US",31.23593,-94.75468,87.1,6/30/2015,0,NA,33.9,23.3
USW00093987,"LUFKIN ANGELINA CO AIRPORT, TX US",31.23593,-94.75468,87.1,7/1/2015,5.8,NA,33.9,21.7
USW00093987,"LUFKIN ANGELINA CO AIRPORT, TX US",31.23593,-94.75468,87.1,7/2/2015,0,NA,33.9,22.2
USW00093987,"LUFKIN ANGELINA CO AIRPORT, TX US",31.23593,-94.75468,87.1,7/3/2015,0,NA,34.4,24.4
USW00093987,"LUFKIN ANGELINA CO AIRPORT, TX US",31.23593,-94.75468,87.1,7/4/2015,0,NA,35,24.4
USW00093987,"LUFKIN ANGELINA CO AIRPORT, TX US",31.23593,-94.75468,87.1,7/5/2015,0,NA,35,24.4
USW00093987,"LUFKIN ANGELINA CO AIRPORT, TX US",31.23593,-94.75468,87.1,7/6/2015,0,NA,35,25
USW00093987,"LUFKIN ANGELINA CO AIRPORT, TX US",31.23593,-94.75468,87.1,7/7/2015,0,NA,36.1,25
USW00093987,"LUFKIN ANGELINA CO AIRPORT, TX US",31.23593,-94.75468,87.1,7/8/2015,0,NA,36.1,25
USW00093987,"LUFKIN ANGELINA CO AIRPORT, TX US",31.23593,-94.75468,87.1,7/9/2015,0,NA,34.4,23.3
USW00093987,"LUFKIN ANGELINA CO AIRPORT, TX US",31.23593,-94.75468,87.1,7/10/2015,0,NA,34.4,21.7
USW00093987,"LUFKIN ANGELINA CO AIRPORT, TX US",31.23593,-94.75468,87.1,7/11/2015,0,NA,34.4,22.2
USW00093987,"LUFKIN ANGELINA CO AIRPORT, TX US",31.23593,-94.75468,87.1,7/12/2015,0,NA,34.4,22.2
USW00093987,"LUFKIN ANGELINA CO AIRPORT, TX US",31.23593,-94.75468,87.1,7/13/2015,0,NA,35,22.8
USW00093987,"LUFKIN ANGELINA CO AIRPORT, TX US",31.23593,-94.75468,87.1,7/14/2015,0,NA,34.4,22.2
USW00093987,"LUFKIN ANGELINA CO AIRPORT, TX US",31.23593,-94.75468,87.1,7/15/2015,0,NA,35,22.2
USW00093987,"LUFKIN ANGELINA CO AIRPORT, TX US",31.23593,-94.75468,87.1,7/16/2015,0,NA,35.6,22.8
USW00093987,"LUFKIN ANGELINA CO AIRPORT, TX US",31.23593,-94.75468,87.1,7/17/2015,0,NA,35,22.8
USW00093987,"LUFKIN ANGELINA CO AIRPORT, TX US",31.23593,-94.75468,87.1,7/18/2015,0,NA,35.6,23.3
USW00093987,"LUFKIN ANGELINA CO AIRPORT, TX US",31.23593,-94.75468,87.1,7/19/2015,0,NA,36.1,22.8
USW00093987,"LUFKIN ANGELINA CO AIRPORT, TX US",31.23593,-94.75468,87.1,7/20/2015,0,NA,36.1,23.3
USW00093987,"LUFKIN ANGELINA CO AIRPORT, TX US",31.23593,-94.75468,87.1,7/21/2015,0,NA,35.6,22.8
USW00093987,"LUFKIN ANGELINA CO AIRPORT, TX US",31.23593,-94.75468,87.1,7/22/2015,0,NA,35.6,23.9
USW00093987,"LUFKIN ANGELINA CO AIRPORT, TX US",31.23593,-94.75468,87.1,7/23/2015,0,NA,36.7,22.2
USW00093987,"LUFKIN ANGELINA CO AIRPORT, TX US",31.23593,-94.75468,87.1,7/24/2015,0,NA,36.1,23.3
USW00093987,"LUFKIN ANGELINA CO AIRPORT, TX US",31.23593,-94.75468,87.1,7/25/2015,0,NA,37.2,23.3
USW00093987,"LUFKIN ANGELINA CO AIRPORT, TX US",31.23593,-94.75468,87.1,7/26/2015,0,NA,37.2,24.4
USW00093987,"LUFKIN ANGELINA CO AIRPORT, TX US",31.23593,-94.75468,87.1,7/27/2015,0,NA,36.7,23.9
USW00093987,"LUFKIN ANGELINA CO AIRPORT, TX US",31.23593,-94.75468,87.1,7/28/2015,0,NA,37.2,22.8
USW00093987,"LUFKIN ANGELINA CO AIRPORT, TX US",31.23593,-94.75468,87.1,7/29/2015,0,NA,37.2,22.8
USW00093987,"LUFKIN ANGELINA CO AIRPORT, TX US",31.23593,-94.75468,87.1,7/30/2015,17.8,NA,38.9,23.9
USW00093987,"LUFKIN ANGELINA CO AIRPORT, TX US",31.23593,-94.75468,87.1,7/31/2015,0,NA,34.4,22.8
USW00093987,"LUFKIN ANGELINA CO AIRPORT, TX US",31.23593,-94.75468,87.1,8/1/2015,0,NA,35.6,20
USW00093987,"LUFKIN ANGELINA CO AIRPORT, TX US",31.23593,-94.75468,87.1,8/2/2015,0,NA,36.1,18.3
USW00093987,"LUFKIN ANGELINA CO AIRPORT, TX US",31.23593,-94.75468,87.1,8/3/2015,0,NA,36.7,19.4
USW00093987,"LUFKIN ANGELINA CO AIRPORT, TX US",31.23593,-94.75468,87.1,8/4/2015,0,NA,36.7,21.1
USW00093987,"LUFKIN ANGELINA CO AIRPORT, TX US",31.23593,-94.75468,87.1,8/5/2015,0,NA,36.7,23.9
USW00093987,"LUFKIN ANGELINA CO AIRPORT, TX US",31.23593,-94.75468,87.1,8/6/2015,0,NA,36.7,25
USW00093987,"LUFKIN ANGELINA CO AIRPORT, TX US",31.23593,-94.75468,87.1,8/7/2015,0,NA,37.8,23.9
USW00093987,"LUFKIN ANGELINA CO AIRPORT, TX US",31.23593,-94.75468,87.1,8/8/2015,0,NA,38.3,23.3
USW00093987,"LUFKIN ANGELINA CO AIRPORT, TX US",31.23593,-94.75468,87.1,8/9/2015,0,NA,38.9,23.9
USW00093987,"LUFKIN ANGELINA CO AIRPORT, TX US",31.23593,-94.75468,87.1,8/10/2015,0,NA,40,22.8
USW00093987,"LUFKIN ANGELINA CO AIRPORT, TX US",31.23593,-94.75468,87.1,8/11/2015,0,NA,40,24.4
USW00093987,"LUFKIN ANGELINA CO AIRPORT, TX US",31.23593,-94.75468,87.1,8/12/2015,0,NA,38.9,22.8
USW00093987,"LUFKIN ANGELINA CO AIRPORT, TX US",31.23593,-94.75468,87.1,8/13/2015,0,NA,36.7,23.9
USW00093987,"LUFKIN ANGELINA CO AIRPORT, TX US",31.23593,-94.75468,87.1,8/14/2015,0,NA,36.1,20
USW00093987,"LUFKIN ANGELINA CO AIRPORT, TX US",31.23593,-94.75468,87.1,8/15/2015,0,NA,36.1,21.1
USW00093987,"LUFKIN ANGELINA CO AIRPORT, TX US",31.23593,-94.75468,87.1,8/16/2015,0,NA,35,21.1
USW00093987,"LUFKIN ANGELINA CO AIRPORT, TX US",31.23593,-94.75468,87.1,8/17/2015,0,NA,34.4,20.6
USW00093987,"LUFKIN ANGELINA CO AIRPORT, TX US",31.23593,-94.75468,87.1,8/18/2015,0.3,NA,36.1,22.2
USW00093987,"LUFKIN ANGELINA CO AIRPORT, TX US",31.23593,-94.75468,87.1,8/19/2015,0,NA,33.3,23.9
USW00093987,"LUFKIN ANGELINA CO AIRPORT, TX US",31.23593,-94.75468,87.1,8/20/2015,0.5,NA,28.3,22.8
USW00093987,"LUFKIN ANGELINA CO AIRPORT, TX US",31.23593,-94.75468,87.1,8/21/2015,1.5,NA,29.4,22.2
USW00093987,"LUFKIN ANGELINA CO AIRPORT, TX US",31.23593,-94.75468,87.1,8/22/2015,8.1,NA,33.9,23.9
USW00093987,"LUFKIN ANGELINA CO AIRPORT, TX US",31.23593,-94.75468,87.1,8/23/2015,0,NA,35.6,23.9
USW00093987,"LUFKIN ANGELINA CO AIRPORT, TX US",31.23593,-94.75468,87.1,8/24/2015,0,NA,37.2,22.8
USW00093987,"LUFKIN ANGELINA CO AIRPORT, TX US",31.23593,-94.75468,87.1,8/25/2015,0.8,NA,28.9,20.6
USW00093987,"LUFKIN ANGELINA CO AIRPORT, TX US",31.23593,-94.75468,87.1,8/26/2015,0,NA,32.8,17.8
USW00093987,"LUFKIN ANGELINA CO AIRPORT, TX US",31.23593,-94.75468,87.1,8/27/2015,0,NA,33.3,15.6
USW00093987,"LUFKIN ANGELINA CO AIRPORT, TX US",31.23593,-94.75468,87.1,8/28/2015,0,NA,33.9,16.7
USW00093987,"LUFKIN ANGELINA CO AIRPORT, TX US",31.23593,-94.75468,87.1,8/29/2015,0,NA,35,19.4
USW00093987,"LUFKIN ANGELINA CO AIRPORT, TX US",31.23593,-94.75468,87.1,8/30/2015,0,NA,32.2,20.6
USW00093987,"LUFKIN ANGELINA CO AIRPORT, TX US",31.23593,-94.75468,87.1,8/31/2015,0,NA,33.3,20
USW00093987,"LUFKIN ANGELINA CO AIRPORT, TX US",31.23593,-94.75468,87.1,9/1/2015,0,NA,31.7,20
USW00093987,"LUFKIN ANGELINA CO AIRPORT, TX US",31.23593,-94.75468,87.1,9/2/2015,0,NA,35,21.1
USW00093987,"LUFKIN ANGELINA CO AIRPORT, TX US",31.23593,-94.75468,87.1,9/3/2015,0,NA,34.4,20
USW00093987,"LUFKIN ANGELINA CO AIRPORT, TX US",31.23593,-94.75468,87.1,9/4/2015,0,NA,34.4,21.1
USW00093987,"LUFKIN ANGELINA CO AIRPORT, TX US",31.23593,-94.75468,87.1,9/5/2015,0,NA,36.7,22.2
USW00093987,"LUFKIN ANGELINA CO AIRPORT, TX US",31.23593,-94.75468,87.1,9/6/2015,0,NA,36.7,21.7
USW00093987,"LUFKIN ANGELINA CO AIRPORT, TX US",31.23593,-94.75468,87.1,9/7/2015,0.8,NA,36.1,22.8
USW00093987,"LUFKIN ANGELINA CO AIRPORT, TX US",31.23593,-94.75468,87.1,9/8/2015,0,NA,35.6,21.1
USW00093987,"LUFKIN ANGELINA CO AIRPORT, TX US",31.23593,-94.75468,87.1,9/9/2015,0,NA,32.8,21.1
USW00093987,"LUFKIN ANGELINA CO AIRPORT, TX US",31.23593,-94.75468,87.1,9/10/2015,1.3,NA,35,20.6
USW00093987,"LUFKIN ANGELINA CO AIRPORT, TX US",31.23593,-94.75468,87.1,9/11/2015,2.8,NA,32.2,21.7
USW00093987,"LUFKIN ANGELINA CO AIRPORT, TX US",31.23593,-94.75468,87.1,9/12/2015,0,NA,30,13.9
USW00093987,"LUFKIN ANGELINA CO AIRPORT, TX US",31.23593,-94.75468,87.1,9/13/2015,0,NA,29.4,11.7
USW00093987,"LUFKIN ANGELINA CO AIRPORT, TX US",31.23593,-94.75468,87.1,9/14/2015,0,NA,30.6,12.2
USW00093987,"LUFKIN ANGELINA CO AIRPORT, TX US",31.23593,-94.75468,87.1,9/15/2015,0,NA,35,19.4
USW00093987,"LUFKIN ANGELINA CO AIRPORT, TX US",31.23593,-94.75468,87.1,9/16/2015,0,NA,33.9,21.7
USW00093987,"LUFKIN ANGELINA CO AIRPORT, TX US",31.23593,-94.75468,87.1,9/17/2015,0,NA,34.4,19.4
USW00093987,"LUFKIN ANGELINA CO AIRPORT, TX US",31.23593,-94.75468,87.1,9/18/2015,0,NA,33.9,18.3
USW00093987,"LUFKIN ANGELINA CO AIRPORT, TX US",31.23593,-94.75468,87.1,9/19/2015,0,NA,35,18.3
USW00093987,"LUFKIN ANGELINA CO AIRPORT, TX US",31.23593,-94.75468,87.1,9/20/2015,0.5,NA,35.6,17.8
USW00093987,"LUFKIN ANGELINA CO AIRPORT, TX US",31.23593,-94.75468,87.1,9/21/2015,9.7,NA,33.9,20.6
USW00093987,"LUFKIN ANGELINA CO AIRPORT, TX US",31.23593,-94.75468,87.1,9/22/2015,0,NA,33.9,18.9
USW00093987,"LUFKIN ANGELINA CO AIRPORT, TX US",31.23593,-94.75468,87.1,9/23/2015,0,NA,32.8,15.6
USW00093987,"LUFKIN ANGELINA CO AIRPORT, TX US",31.23593,-94.75468,87.1,9/24/2015,0,NA,33.9,17.8
USW00093987,"LUFKIN ANGELINA CO AIRPORT, TX US",31.23593,-94.75468,87.1,9/25/2015,0,NA,33.9,18.9
USW00093987,"LUFKIN ANGELINA CO AIRPORT, TX US",31.23593,-94.75468,87.1,9/26/2015,0,NA,33.9,15.6
USW00093987,"LUFKIN ANGELINA CO AIRPORT, TX US",31.23593,-94.75468,87.1,9/27/2015,0.3,NA,27.2,15
USW00093987,"LUFKIN ANGELINA CO AIRPORT, TX US",31.23593,-94.75468,87.1,9/28/2015,30.2,NA,28.9,20
USW00093987,"LUFKIN ANGELINA CO AIRPORT, TX US",31.23593,-94.75468,87.1,9/29/2015,0,NA,31.7,19.4
USW00093987,"LUFKIN ANGELINA CO AIRPORT, TX US",31.23593,-94.75468,87.1,9/30/2015,0,NA,32.8,18.9
USW00093987,"LUFKIN ANGELINA CO AIRPORT, TX US",31.23593,-94.75468,87.1,10/1/2015,0,NA,30.6,16.1
USW00093987,"LUFKIN ANGELINA CO AIRPORT, TX US",31.23593,-94.75468,87.1,10/2/2015,0,NA,26.7,12.2
USW00093987,"LUFKIN ANGELINA CO AIRPORT, TX US",31.23593,-94.75468,87.1,10/3/2015,0,NA,27.8,9.4
USW00093987,"LUFKIN ANGELINA CO AIRPORT, TX US",31.23593,-94.75468,87.1,10/4/2015,0,NA,26.7,10.6
USW00093987,"LUFKIN ANGELINA CO AIRPORT, TX US",31.23593,-94.75468,87.1,10/5/2015,0,NA,28.3,12.8
USW00093987,"LUFKIN ANGELINA CO AIRPORT, TX US",31.23593,-94.75468,87.1,10/6/2015,0,NA,30.6,16.7
USW00093987,"LUFKIN ANGELINA CO AIRPORT, TX US",31.23593,-94.75468,87.1,10/7/2015,0,NA,32.2,15.6
USW00093987,"LUFKIN ANGELINA CO AIRPORT, TX US",31.23593,-94.75468,87.1,10/8/2015,0,NA,31.7,17.2
USW00093987,"LUFKIN ANGELINA CO AIRPORT, TX US",31.23593,-94.75468,87.1,10/9/2015,0,NA,33.3,18.3
USW00093987,"LUFKIN ANGELINA CO AIRPORT, TX US",31.23593,-94.75468,87.1,10/10/2015,0,NA,29.4,15.6
USW00093987,"LUFKIN ANGELINA CO AIRPORT, TX US",31.23593,-94.75468,87.1,10/11/2015,0,NA,31.7,10.6
USW00093987,"LUFKIN ANGELINA CO AIRPORT, TX US",31.23593,-94.75468,87.1,10/12/2015,0,NA,32.8,19.4
USW00093987,"LUFKIN ANGELINA CO AIRPORT, TX US",31.23593,-94.75468,87.1,10/13/2015,0,NA,32.8,12.8
USW00093987,"LUFKIN ANGELINA CO AIRPORT, TX US",31.23593,-94.75468,87.1,10/14/2015,0,NA,34.4,10
USW00093987,"LUFKIN ANGELINA CO AIRPORT, TX US",31.23593,-94.75468,87.1,10/15/2015,0,NA,34.4,10
USW00093987,"LUFKIN ANGELINA CO AIRPORT, TX US",31.23593,-94.75468,87.1,10/16/2015,0,NA,32.8,10.6
USW00093987,"LUFKIN ANGELINA CO AIRPORT, TX US",31.23593,-94.75468,87.1,10/17/2015,0,NA,27.2,13.3
USW00093987,"LUFKIN ANGELINA CO AIRPORT, TX US",31.23593,-94.75468,87.1,10/18/2015,0,NA,27.2,10
USW00093987,"LUFKIN ANGELINA CO AIRPORT, TX US",31.23593,-94.75468,87.1,10/19/2015,0,NA,27.2,8.9
USW00093987,"LUFKIN ANGELINA CO AIRPORT, TX US",31.23593,-94.75468,87.1,10/20/2015,0,NA,28.9,9.4
USW00093987,"LUFKIN ANGELINA CO AIRPORT, TX US",31.23593,-94.75468,87.1,10/21/2015,0,NA,30.6,17.8
USW00093987,"LUFKIN ANGELINA CO AIRPORT, TX US",31.23593,-94.75468,87.1,10/22/2015,0,NA,29.4,18.9
USW00093987,"LUFKIN ANGELINA CO AIRPORT, TX US",31.23593,-94.75468,87.1,10/23/2015,5.6,NA,27.8,21.7
USW00093987,"LUFKIN ANGELINA CO AIRPORT, TX US",31.23593,-94.75468,87.1,10/24/2015,23.1,NA,23.3,19.4
USW00093987,"LUFKIN ANGELINA CO AIRPORT, TX US",31.23593,-94.75468,87.1,10/25/2015,61,NA,19.4,13.9
USW00093987,"LUFKIN ANGELINA CO AIRPORT, TX US",31.23593,-94.75468,87.1,10/26/2015,0.3,NA,18.9,13.9
USW00093987,"LUFKIN ANGELINA CO AIRPORT, TX US",31.23593,-94.75468,87.1,10/27/2015,0,NA,23.9,13.3
USW00093987,"LUFKIN ANGELINA CO AIRPORT, TX US",31.23593,-94.75468,87.1,10/28/2015,0,NA,27.8,12.2
USW00093987,"LUFKIN ANGELINA CO AIRPORT, TX US",31.23593,-94.75468,87.1,10/29/2015,0,NA,26.7,10.6
USW00093987,"LUFKIN ANGELINA CO AIRPORT, TX US",31.23593,-94.75468,87.1,10/30/2015,0.8,NA,23.3,12.8
USW00093987,"LUFKIN ANGELINA CO AIRPORT, TX US",31.23593,-94.75468,87.1,10/31/2015,13,NA,22.2,17.8
USW00093987,"LUFKIN ANGELINA CO AIRPORT, TX US",31.23593,-94.75468,87.1,11/1/2015,15,NA,20,16.7
USW00093987,"LUFKIN ANGELINA CO AIRPORT, TX US",31.23593,-94.75468,87.1,11/2/2015,0.3,NA,21.1,15.6
USW00093987,"LUFKIN ANGELINA CO AIRPORT, TX US",31.23593,-94.75468,87.1,11/3/2015,0,NA,22.8,13.3
USW00093987,"LUFKIN ANGELINA CO AIRPORT, TX US",31.23593,-94.75468,87.1,11/4/2015,0,NA,24.4,17.2
USW00093987,"LUFKIN ANGELINA CO AIRPORT, TX US",31.23593,-94.75468,87.1,11/5/2015,0,NA,28.3,17.8
USW00093987,"LUFKIN ANGELINA CO AIRPORT, TX US",31.23593,-94.75468,87.1,11/6/2015,7.9,NA,26.1,16.7
USW00093987,"LUFKIN ANGELINA CO AIRPORT, TX US",31.23593,-94.75468,87.1,11/7/2015,69.1,NA,17.8,10.6
USW00093987,"LUFKIN ANGELINA CO AIRPORT, TX US",31.23593,-94.75468,87.1,11/8/2015,0,NA,20.6,10
USW00093987,"LUFKIN ANGELINA CO AIRPORT, TX US",31.23593,-94.75468,87.1,11/9/2015,0,NA,22.2,7.8
USW00093987,"LUFKIN ANGELINA CO AIRPORT, TX US",31.23593,-94.75468,87.1,11/10/2015,0,NA,24.4,10
USW00093987,"LUFKIN ANGELINA CO AIRPORT, TX US",31.23593,-94.75468,87.1,11/11/2015,6.6,NA,28.3,17.8
USW00093987,"LUFKIN ANGELINA CO AIRPORT, TX US",31.23593,-94.75468,87.1,11/12/2015,0,NA,21.1,7.8
USW00093987,"LUFKIN ANGELINA CO AIRPORT, TX US",31.23593,-94.75468,87.1,11/13/2015,0,NA,17.2,6.7
USW00093987,"LUFKIN ANGELINA CO AIRPORT, TX US",31.23593,-94.75468,87.1,11/14/2015,0,NA,20.6,6.7
USW00093987,"LUFKIN ANGELINA CO AIRPORT, TX US",31.23593,-94.75468,87.1,11/15/2015,1,NA,20.6,11.1
USW00093987,"LUFKIN ANGELINA CO AIRPORT, TX US",31.23593,-94.75468,87.1,11/16/2015,0.8,NA,23.3,12.2
USW00093987,"LUFKIN ANGELINA CO AIRPORT, TX US",31.23593,-94.75468,87.1,11/17/2015,71.6,NA,23.9,9.4
USW00093987,"LUFKIN ANGELINA CO AIRPORT, TX US",31.23593,-94.75468,87.1,11/18/2015,0,NA,20,6.7
USW00093987,"LUFKIN ANGELINA CO AIRPORT, TX US",31.23593,-94.75468,87.1,11/19/2015,0,NA,25.6,6.1
USW00093987,"LUFKIN ANGELINA CO AIRPORT, TX US",31.23593,-94.75468,87.1,11/20/2015,0,NA,22.2,7.8
USW00093987,"LUFKIN ANGELINA CO AIRPORT, TX US",31.23593,-94.75468,87.1,11/21/2015,17.5,NA,18.3,4.4
USW00093987,"LUFKIN ANGELINA CO AIRPORT, TX US",31.23593,-94.75468,87.1,11/22/2015,0,NA,12.8,0.6
USW00093987,"LUFKIN ANGELINA CO AIRPORT, TX US",31.23593,-94.75468,87.1,11/23/2015,0,NA,16.7,-0.5
USW00093987,"LUFKIN ANGELINA CO AIRPORT, TX US",31.23593,-94.75468,87.1,11/24/2015,0,NA,19.4,3.9
USW00093987,"LUFKIN ANGELINA CO AIRPORT, TX US",31.23593,-94.75468,87.1,11/25/2015,0,NA,24.4,11.7
USW00093987,"LUFKIN ANGELINA CO AIRPORT, TX US",31.23593,-94.75468,87.1,11/26/2015,0.5,NA,25.6,16.7
USW00093987,"LUFKIN ANGELINA CO AIRPORT, TX US",31.23593,-94.75468,87.1,11/27/2015,1.5,NA,23.9,12.2
USW00093987,"LUFKIN ANGELINA CO AIRPORT, TX US",31.23593,-94.75468,87.1,11/28/2015,11.2,NA,12.2,7.2
USW00093987,"LUFKIN ANGELINA CO AIRPORT, TX US",31.23593,-94.75468,87.1,11/29/2015,5.1,NA,11.1,7.8
USW00093987,"LUFKIN ANGELINA CO AIRPORT, TX US",31.23593,-94.75468,87.1,11/30/2015,0.3,NA,13.3,10
USW00093987,"LUFKIN ANGELINA CO AIRPORT, TX US",31.23593,-94.75468,87.1,12/1/2015,0.8,NA,12.2,8.3
USW00093987,"LUFKIN ANGELINA CO AIRPORT, TX US",31.23593,-94.75468,87.1,12/2/2015,0,NA,17.2,3.3
USW00093987,"LUFKIN ANGELINA CO AIRPORT, TX US",31.23593,-94.75468,87.1,12/3/2015,0,NA,15.6,0
USW00093987,"LUFKIN ANGELINA CO AIRPORT, TX US",31.23593,-94.75468,87.1,12/4/2015,0,NA,15,0.6
USW00093987,"LUFKIN ANGELINA CO AIRPORT, TX US",31.23593,-94.75468,87.1,12/5/2015,0,NA,17.2,-0.5
USW00093987,"LUFKIN ANGELINA CO AIRPORT, TX US",31.23593,-94.75468,87.1,12/6/2015,0,NA,20,0.6
USW00093987,"LUFKIN ANGELINA CO AIRPORT, TX US",31.23593,-94.75468,87.1,12/7/2015,0,NA,20,2.8
USW00093987,"LUFKIN ANGELINA CO AIRPORT, TX US",31.23593,-94.75468,87.1,12/8/2015,0,NA,21.1,3.3
USW00093987,"LUFKIN ANGELINA CO AIRPORT, TX US",31.23593,-94.75468,87.1,12/9/2015,0,NA,23.3,7.2
USW00093987,"LUFKIN ANGELINA CO AIRPORT, TX US",31.23593,-94.75468,87.1,12/10/2015,0,NA,23.9,8.3
USW00093987,"LUFKIN ANGELINA CO AIRPORT, TX US",31.23593,-94.75468,87.1,12/11/2015,0,NA,26.7,15
USW00093987,"LUFKIN ANGELINA CO AIRPORT, TX US",31.23593,-94.75468,87.1,12/12/2015,1.3,NA,24.4,19.4
USW00093987,"LUFKIN ANGELINA CO AIRPORT, TX US",31.23593,-94.75468,87.1,12/13/2015,46.2,NA,22.2,8.9
USW00093987,"LUFKIN ANGELINA CO AIRPORT, TX US",31.23593,-94.75468,87.1,12/14/2015,0,NA,20,7.2
USW00093987,"LUFKIN ANGELINA CO AIRPORT, TX US",31.23593,-94.75468,87.1,12/15/2015,0,NA,23.9,5.6
USW00093987,"LUFKIN ANGELINA CO AIRPORT, TX US",31.23593,-94.75468,87.1,12/16/2015,0,NA,18.3,6.7
USW00093987,"LUFKIN ANGELINA CO AIRPORT, TX US",31.23593,-94.75468,87.1,12/17/2015,0,NA,15.6,0.6
USW00093987,"LUFKIN ANGELINA CO AIRPORT, TX US",31.23593,-94.75468,87.1,12/18/2015,0,NA,12.8,1.1
USW00093987,"LUFKIN ANGELINA CO AIRPORT, TX US",31.23593,-94.75468,87.1,12/19/2015,0,NA,16.7,-0.5
USW00093987,"LUFKIN ANGELINA CO AIRPORT, TX US",31.23593,-94.75468,87.1,12/20/2015,0,NA,16.7,2.2
USW00093987,"LUFKIN ANGELINA CO AIRPORT, TX US",31.23593,-94.75468,87.1,12/21/2015,1,NA,22.2,12.8
USW00093987,"LUFKIN ANGELINA CO AIRPORT, TX US",31.23593,-94.75468,87.1,12/22/2015,1,NA,21.1,10
USW00093987,"LUFKIN ANGELINA CO AIRPORT, TX US",31.23593,-94.75468,87.1,12/23/2015,0,NA,26.7,10
USW00093987,"LUFKIN ANGELINA CO AIRPORT, TX US",31.23593,-94.75468,87.1,12/24/2015,0,NA,24.4,9.4
USW00093987,"LUFKIN ANGELINA CO AIRPORT, TX US",31.23593,-94.75468,87.1,12/25/2015,5.1,NA,27.2,20.6
USW00093987,"LUFKIN ANGELINA CO AIRPORT, TX US",31.23593,-94.75468,87.1,12/26/2015,0.5,NA,26.1,22.2
USW00093987,"LUFKIN ANGELINA CO AIRPORT, TX US",31.23593,-94.75468,87.1,12/27/2015,44.5,NA,24.4,7.8
USW00093987,"LUFKIN ANGELINA CO AIRPORT, TX US",31.23593,-94.75468,87.1,12/28/2015,2.3,NA,8.3,2.8
USW00093987,"LUFKIN ANGELINA CO AIRPORT, TX US",31.23593,-94.75468,87.1,12/29/2015,0,NA,7.8,3.9
USW00093987,"LUFKIN ANGELINA CO AIRPORT, TX US",31.23593,-94.75468,87.1,12/30/2015,0.3,NA,12.2,6.1
USW00093987,"LUFKIN ANGELINA CO AIRPORT, TX US",31.23593,-94.75468,87.1,12/31/2015,0,NA,12.2,3.3
USW00093987,"LUFKIN ANGELINA CO AIRPORT, TX US",31.23593,-94.75468,87.1,1/1/2016,0,NA,8.3,5
USW00093987,"LUFKIN ANGELINA CO AIRPORT, TX US",31.23593,-94.75468,87.1,1/2/2016,0,NA,9.4,4.4
USW00093987,"LUFKIN ANGELINA CO AIRPORT, TX US",31.23593,-94.75468,87.1,1/3/2016,0,NA,15.6,1.1
USW00093987,"LUFKIN ANGELINA CO AIRPORT, TX US",31.23593,-94.75468,87.1,1/4/2016,0,NA,15,-1
USW00093987,"LUFKIN ANGELINA CO AIRPORT, TX US",31.23593,-94.75468,87.1,1/5/2016,0,NA,11.1,-2.7
USW00093987,"LUFKIN ANGELINA CO AIRPORT, TX US",31.23593,-94.75468,87.1,1/6/2016,15.2,NA,12.2,0.6
USW00093987,"LUFKIN ANGELINA CO AIRPORT, TX US",31.23593,-94.75468,87.1,1/7/2016,8.6,NA,18.3,8.3
USW00093987,"LUFKIN ANGELINA CO AIRPORT, TX US",31.23593,-94.75468,87.1,1/8/2016,22.9,NA,16.7,8.9
USW00093987,"LUFKIN ANGELINA CO AIRPORT, TX US",31.23593,-94.75468,87.1,1/9/2016,2.5,NA,12.8,3.9
USW00093987,"LUFKIN ANGELINA CO AIRPORT, TX US",31.23593,-94.75468,87.1,1/10/2016,0,NA,8.9,-1
USW00093987,"LUFKIN ANGELINA CO AIRPORT, TX US",31.23593,-94.75468,87.1,1/11/2016,0,NA,11.7,-2.1
USW00093987,"LUFKIN ANGELINA CO AIRPORT, TX US",31.23593,-94.75468,87.1,1/12/2016,0,NA,16.7,-1.6
USW00093987,"LUFKIN ANGELINA CO AIRPORT, TX US",31.23593,-94.75468,87.1,1/13/2016,0,NA,17.2,-0.5
USW00093987,"LUFKIN ANGELINA CO AIRPORT, TX US",31.23593,-94.75468,87.1,1/14/2016,0,NA,17.2,1.7
USW00093987,"LUFKIN ANGELINA CO AIRPORT, TX US",31.23593,-94.75468,87.1,1/15/2016,0,NA,21.1,5
USW00093987,"LUFKIN ANGELINA CO AIRPORT, TX US",31.23593,-94.75468,87.1,1/16/2016,1,NA,11.7,3.9
USW00093987,"LUFKIN ANGELINA CO AIRPORT, TX US",31.23593,-94.75468,87.1,1/17/2016,0,NA,12.8,-2.1
USW00093987,"LUFKIN ANGELINA CO AIRPORT, TX US",31.23593,-94.75468,87.1,1/18/2016,0,NA,15.6,-2.1
USW00093987,"LUFKIN ANGELINA CO AIRPORT, TX US",31.23593,-94.75468,87.1,1/19/2016,0,NA,19.4,1.7
USW00093987,"LUFKIN ANGELINA CO AIRPORT, TX US",31.23593,-94.75468,87.1,1/20/2016,0,NA,17.2,8.3
USW00093987,"LUFKIN ANGELINA CO AIRPORT, TX US",31.23593,-94.75468,87.1,1/21/2016,9.4,NA,18.3,5
USW00093987,"LUFKIN ANGELINA CO AIRPORT, TX US",31.23593,-94.75468,87.1,1/22/2016,0,NA,10,0
USW00093987,"LUFKIN ANGELINA CO AIRPORT, TX US",31.23593,-94.75468,87.1,1/23/2016,0,NA,11.1,-3.2
USW00093987,"LUFKIN ANGELINA CO AIRPORT, TX US",31.23593,-94.75468,87.1,1/24/2016,0,NA,17.2,-2.1
USW00093987,"LUFKIN ANGELINA CO AIRPORT, TX US",31.23593,-94.75468,87.1,1/25/2016,3,NA,23.3,9.4
USW00093987,"LUFKIN ANGELINA CO AIRPORT, TX US",31.23593,-94.75468,87.1,1/26/2016,0,NA,16.1,8.3
USW00093987,"LUFKIN ANGELINA CO AIRPORT, TX US",31.23593,-94.75468,87.1,1/27/2016,0,NA,13.9,-1
USW00093987,"LUFKIN ANGELINA CO AIRPORT, TX US",31.23593,-94.75468,87.1,1/28/2016,0,NA,18.3,-3.8
USW00093987,"LUFKIN ANGELINA CO AIRPORT, TX US",31.23593,-94.75468,87.1,1/29/2016,0,NA,23.9,0
USW00093987,"LUFKIN ANGELINA CO AIRPORT, TX US",31.23593,-94.75468,87.1,1/30/2016,0,NA,23.9,10.6
USW00093987,"LUFKIN ANGELINA CO AIRPORT, TX US",31.23593,-94.75468,87.1,1/31/2016,0,NA,25.6,14.4
USW00093987,"LUFKIN ANGELINA CO AIRPORT, TX US",31.23593,-94.75468,87.1,2/1/2016,0,NA,25,14.4
USW00093987,"LUFKIN ANGELINA CO AIRPORT, TX US",31.23593,-94.75468,87.1,2/2/2016,0,NA,23.3,6.1
USW00093987,"LUFKIN ANGELINA CO AIRPORT, TX US",31.23593,-94.75468,87.1,2/3/2016,0,NA,13.9,2.2
USW00093987,"LUFKIN ANGELINA CO AIRPORT, TX US",31.23593,-94.75468,87.1,2/4/2016,0,NA,13.3,-2.1
USW00093987,"LUFKIN ANGELINA CO AIRPORT, TX US",31.23593,-94.75468,87.1,2/5/2016,0,NA,14.4,-3.8
USW00093987,"LUFKIN ANGELINA CO AIRPORT, TX US",31.23593,-94.75468,87.1,2/6/2016,4.1,NA,12.8,0
USW00093987,"LUFKIN ANGELINA CO AIRPORT, TX US",31.23593,-94.75468,87.1,2/7/2016,0,NA,17.2,-2.7
USW00093987,"LUFKIN ANGELINA CO AIRPORT, TX US",31.23593,-94.75468,87.1,2/8/2016,0,NA,14.4,2.2
USW00093987,"LUFKIN ANGELINA CO AIRPORT, TX US",31.23593,-94.75468,87.1,2/9/2016,0,NA,16.1,-1.6
USW00093987,"LUFKIN ANGELINA CO AIRPORT, TX US",31.23593,-94.75468,87.1,2/10/2016,0,NA,19.4,-1.6
USW00093987,"LUFKIN ANGELINA CO AIRPORT, TX US",31.23593,-94.75468,87.1,2/11/2016,0,NA,25.6,2.8
USW00093987,"LUFKIN ANGELINA CO AIRPORT, TX US",31.23593,-94.75468,87.1,2/12/2016,0,NA,24.4,6.1
USW00093987,"LUFKIN ANGELINA CO AIRPORT, TX US",31.23593,-94.75468,87.1,2/13/2016,0,NA,18.9,5.6
USW00093987,"LUFKIN ANGELINA CO AIRPORT, TX US",31.23593,-94.75468,87.1,2/14/2016,0,NA,23.9,12.2
USW00093987,"LUFKIN ANGELINA CO AIRPORT, TX US",31.23593,-94.75468,87.1,2/15/2016,0,NA,21.7,5.6
USW00093987,"LUFKIN ANGELINA CO AIRPORT, TX US",31.23593,-94.75468,87.1,2/16/2016,0,NA,26.1,3.3
USW00093987,"LUFKIN ANGELINA CO AIRPORT, TX US",31.23593,-94.75468,87.1,2/17/2016,0,NA,21.1,6.1
USW00093987,"LUFKIN ANGELINA CO AIRPORT, TX US",31.23593,-94.75468,87.1,2/18/2016,0,NA,25.6,4.4
USW00093987,"LUFKIN ANGELINA CO AIRPORT, TX US",31.23593,-94.75468,87.1,2/19/2016,0,NA,25.6,12.8
USW00093987,"LUFKIN ANGELINA CO AIRPORT, TX US",31.23593,-94.75468,87.1,2/20/2016,0,NA,24.4,16.1
USW00093987,"LUFKIN ANGELINA CO AIRPORT, TX US",31.23593,-94.75468,87.1,2/21/2016,36.1,NA,22.2,16.1
USW00093987,"LUFKIN ANGELINA CO AIRPORT, TX US",31.23593,-94.75468,87.1,2/22/2016,38.1,NA,18.9,13.3
USW00093987,"LUFKIN ANGELINA CO AIRPORT, TX US",31.23593,-94.75468,87.1,2/23/2016,16,NA,20.6,6.1
USW00093987,"LUFKIN ANGELINA CO AIRPORT, TX US",31.23593,-94.75468,87.1,2/24/2016,0,NA,15,2.2
USW00093987,"LUFKIN ANGELINA CO AIRPORT, TX US",31.23593,-94.75468,87.1,2/25/2016,0,NA,18.9,1.1
USW00093987,"LUFKIN ANGELINA CO AIRPORT, TX US",31.23593,-94.75468,87.1,2/26/2016,0,NA,15.6,-1
USW00093987,"LUFKIN ANGELINA CO AIRPORT, TX US",31.23593,-94.75468,87.1,2/27/2016,0,NA,21.7,0.6
USW00093987,"LUFKIN ANGELINA CO AIRPORT, TX US",31.23593,-94.75468,87.1,2/28/2016,0,NA,23.3,5
USW00093987,"LUFKIN ANGELINA CO AIRPORT, TX US",31.23593,-94.75468,87.1,2/29/2016,0,NA,24.4,10
USW00093987,"LUFKIN ANGELINA CO AIRPORT, TX US",31.23593,-94.75468,87.1,3/1/2016,0,NA,24.4,11.7
USW00093987,"LUFKIN ANGELINA CO AIRPORT, TX US",31.23593,-94.75468,87.1,3/2/2016,0,NA,22.2,3.3
USW00093987,"LUFKIN ANGELINA CO AIRPORT, TX US",31.23593,-94.75468,87.1,3/3/2016,0,NA,28.3,11.1
USW00093987,"LUFKIN ANGELINA CO AIRPORT, TX US",31.23593,-94.75468,87.1,3/4/2016,0,NA,23.3,3.3
USW00093987,"LUFKIN ANGELINA CO AIRPORT, TX US",31.23593,-94.75468,87.1,3/5/2016,0,NA,25.6,5
USW00093987,"LUFKIN ANGELINA CO AIRPORT, TX US",31.23593,-94.75468,87.1,3/6/2016,0,NA,24.4,7.2
USW00093987,"LUFKIN ANGELINA CO AIRPORT, TX US",31.23593,-94.75468,87.1,3/7/2016,0,NA,25,12.8
USW00093987,"LUFKIN ANGELINA CO AIRPORT, TX US",31.23593,-94.75468,87.1,3/8/2016,9.7,NA,22.2,18.3
USW00093987,"LUFKIN ANGELINA CO AIRPORT, TX US",31.23593,-94.75468,87.1,3/9/2016,59.4,NA,21.1,14.4
USW00093987,"LUFKIN ANGELINA CO AIRPORT, TX US",31.23593,-94.75468,87.1,3/10/2016,51.8,NA,23.3,16.1
USW00093987,"LUFKIN ANGELINA CO AIRPORT, TX US",31.23593,-94.75468,87.1,3/11/2016,4.1,NA,23.9,14.4
USW00093987,"LUFKIN ANGELINA CO AIRPORT, TX US",31.23593,-94.75468,87.1,3/12/2016,6.4,NA,22.8,11.7
USW00093987,"LUFKIN ANGELINA CO AIRPORT, TX US",31.23593,-94.75468,87.1,3/13/2016,0,NA,26.7,10
USW00093987,"LUFKIN ANGELINA CO AIRPORT, TX US",31.23593,-94.75468,87.1,3/14/2016,0,NA,31.1,10
USW00093987,"LUFKIN ANGELINA CO AIRPORT, TX US",31.23593,-94.75468,87.1,3/15/2016,0,NA,28.9,16.7
USW00093987,"LUFKIN ANGELINA CO AIRPORT, TX US",31.23593,-94.75468,87.1,3/16/2016,0,NA,26.7,11.7
USW00093987,"LUFKIN ANGELINA CO AIRPORT, TX US",31.23593,-94.75468,87.1,3/17/2016,0,NA,26.7,15
USW00093987,"LUFKIN ANGELINA CO AIRPORT, TX US",31.23593,-94.75468,87.1,3/18/2016,0,NA,26.1,14.4
USW00093987,"LUFKIN ANGELINA CO AIRPORT, TX US",31.23593,-94.75468,87.1,3/19/2016,0,NA,17.2,8.9
USW00093987,"LUFKIN ANGELINA CO AIRPORT, TX US",31.23593,-94.75468,87.1,3/20/2016,0,NA,14.4,2.2
USW00093987,"LUFKIN ANGELINA CO AIRPORT, TX US",31.23593,-94.75468,87.1,3/21/2016,0,NA,17.2,-0.5
USW00093987,"LUFKIN ANGELINA CO AIRPORT, TX US",31.23593,-94.75468,87.1,3/22/2016,0,NA,22.8,4.4
USW00093987,"LUFKIN ANGELINA CO AIRPORT, TX US",31.23593,-94.75468,87.1,3/23/2016,0,NA,25,16.7
USW00093987,"LUFKIN ANGELINA CO AIRPORT, TX US",31.23593,-94.75468,87.1,3/24/2016,11.2,NA,21.1,6.1
USW00093987,"LUFKIN ANGELINA CO AIRPORT, TX US",31.23593,-94.75468,87.1,3/25/2016,0,NA,21.7,3.3
USW00093987,"LUFKIN ANGELINA CO AIRPORT, TX US",31.23593,-94.75468,87.1,3/26/2016,0,NA,26.1,8.3
USW00093987,"LUFKIN ANGELINA CO AIRPORT, TX US",31.23593,-94.75468,87.1,3/27/2016,0,NA,25,11.7
USW00093987,"LUFKIN ANGELINA CO AIRPORT, TX US",31.23593,-94.75468,87.1,3/28/2016,0,NA,23.3,7.2
USW00093987,"LUFKIN ANGELINA CO AIRPORT, TX US",31.23593,-94.75468,87.1,3/29/2016,0,NA,23.9,12.2
USW00093987,"LUFKIN ANGELINA CO AIRPORT, TX US",31.23593,-94.75468,87.1,3/30/2016,2.3,NA,23.9,19.4
USW00093987,"LUFKIN ANGELINA CO AIRPORT, TX US",31.23593,-94.75468,87.1,3/31/2016,0,NA,30.6,18.3
USW00093987,"LUFKIN ANGELINA CO AIRPORT, TX US",31.23593,-94.75468,87.1,4/1/2016,1,NA,20,6.7
USW00093987,"LUFKIN ANGELINA CO AIRPORT, TX US",31.23593,-94.75468,87.1,4/2/2016,0,NA,21.1,4.4
USW00093987,"LUFKIN ANGELINA CO AIRPORT, TX US",31.23593,-94.75468,87.1,4/3/2016,0,NA,23.3,2.2
USW00093987,"LUFKIN ANGELINA CO AIRPORT, TX US",31.23593,-94.75468,87.1,4/4/2016,0,NA,26.7,6.7
USW00093987,"LUFKIN ANGELINA CO AIRPORT, TX US",31.23593,-94.75468,87.1,4/5/2016,0,NA,28.9,8.3
USW00093987,"LUFKIN ANGELINA CO AIRPORT, TX US",31.23593,-94.75468,87.1,4/6/2016,0,NA,26.7,9.4
USW00093987,"LUFKIN ANGELINA CO AIRPORT, TX US",31.23593,-94.75468,87.1,4/7/2016,0,NA,28.3,6.1
USW00093987,"LUFKIN ANGELINA CO AIRPORT, TX US",31.23593,-94.75468,87.1,4/8/2016,0,NA,26.1,10
USW00093987,"LUFKIN ANGELINA CO AIRPORT, TX US",31.23593,-94.75468,87.1,4/9/2016,0,NA,25,7.8
USW00093987,"LUFKIN ANGELINA CO AIRPORT, TX US",31.23593,-94.75468,87.1,4/10/2016,0,NA,27.8,12.2
USW00093987,"LUFKIN ANGELINA CO AIRPORT, TX US",31.23593,-94.75468,87.1,4/11/2016,6.4,NA,26.1,18.3
USW00093987,"LUFKIN ANGELINA CO AIRPORT, TX US",31.23593,-94.75468,87.1,4/12/2016,0,NA,19.4,16.7
USW00093987,"LUFKIN ANGELINA CO AIRPORT, TX US",31.23593,-94.75468,87.1,4/13/2016,8.1,NA,20,13.9
USW00093987,"LUFKIN ANGELINA CO AIRPORT, TX US",31.23593,-94.75468,87.1,4/14/2016,0.3,NA,22.2,14.4
USW00093987,"LUFKIN ANGELINA CO AIRPORT, TX US",31.23593,-94.75468,87.1,4/15/2016,0,NA,25.6,13.3
USW00093987,"LUFKIN ANGELINA CO AIRPORT, TX US",31.23593,-94.75468,87.1,4/16/2016,0,NA,26.7,18.9
USW00093987,"LUFKIN ANGELINA CO AIRPORT, TX US",31.23593,-94.75468,87.1,4/17/2016,0,NA,24.4,19.4
USW00093987,"LUFKIN ANGELINA CO AIRPORT, TX US",31.23593,-94.75468,87.1,4/18/2016,47.5,NA,23.9,18.3
USW00093987,"LUFKIN ANGELINA CO AIRPORT, TX US",31.23593,-94.75468,87.1,4/19/2016,24.9,NA,27.8,18.9
USW00093987,"LUFKIN ANGELINA CO AIRPORT, TX US",31.23593,-94.75468,87.1,4/20/2016,15,NA,25.6,16.1
USW00093987,"LUFKIN ANGELINA CO AIRPORT, TX US",31.23593,-94.75468,87.1,4/21/2016,15.2,NA,26.1,16.1
USW00093987,"LUFKIN ANGELINA CO AIRPORT, TX US",31.23593,-94.75468,87.1,4/22/2016,0,NA,26.7,13.9
USW00093987,"LUFKIN ANGELINA CO AIRPORT, TX US",31.23593,-94.75468,87.1,4/23/2016,0,NA,27.8,11.7
USW00093987,"LUFKIN ANGELINA CO AIRPORT, TX US",31.23593,-94.75468,87.1,4/24/2016,0,NA,26.1,12.8
USW00093987,"LUFKIN ANGELINA CO AIRPORT, TX US",31.23593,-94.75468,87.1,4/25/2016,0,NA,30.6,18.3
USW00093987,"LUFKIN ANGELINA CO AIRPORT, TX US",31.23593,-94.75468,87.1,4/26/2016,0,NA,30,21.7
USW00093987,"LUFKIN ANGELINA CO AIRPORT, TX US",31.23593,-94.75468,87.1,4/27/2016,21.8,NA,28.9,16.1
USW00093987,"LUFKIN ANGELINA CO AIRPORT, TX US",31.23593,-94.75468,87.1,4/28/2016,0,NA,31.1,16.1
USW00093987,"LUFKIN ANGELINA CO AIRPORT, TX US",31.23593,-94.75468,87.1,4/29/2016,2,NA,30,22.8
USW00093987,"LUFKIN ANGELINA CO AIRPORT, TX US",31.23593,-94.75468,87.1,4/30/2016,59.9,NA,30,18.9
USW00093987,"LUFKIN ANGELINA CO AIRPORT, TX US",31.23593,-94.75468,87.1,5/1/2016,5.3,NA,28.3,19.4
USW00093987,"LUFKIN ANGELINA CO AIRPORT, TX US",31.23593,-94.75468,87.1,5/2/2016,5.1,NA,22.8,14.4
USW00093987,"LUFKIN ANGELINA CO AIRPORT, TX US",31.23593,-94.75468,87.1,5/3/2016,0,NA,23.3,10.6
USW00093987,"LUFKIN ANGELINA CO AIRPORT, TX US",31.23593,-94.75468,87.1,5/4/2016,0,NA,26.7,10.6
USW00093987,"LUFKIN ANGELINA CO AIRPORT, TX US",31.23593,-94.75468,87.1,5/5/2016,0,NA,26.7,11.1
USW00093987,"LUFKIN ANGELINA CO AIRPORT, TX US",31.23593,-94.75468,87.1,5/6/2016,0,NA,28.3,10.6
USW00093987,"LUFKIN ANGELINA CO AIRPORT, TX US",31.23593,-94.75468,87.1,5/7/2016,0,NA,28.9,11.7
USW00093987,"LUFKIN ANGELINA CO AIRPORT, TX US",31.23593,-94.75468,87.1,5/8/2016,0,NA,24.4,14.4
USW00093987,"LUFKIN ANGELINA CO AIRPORT, TX US",31.23593,-94.75468,87.1,5/9/2016,0.3,NA,28.3,18.3
USW00093987,"LUFKIN ANGELINA CO AIRPORT, TX US",31.23593,-94.75468,87.1,5/10/2016,0,NA,31.1,21.7
USW00093987,"LUFKIN ANGELINA CO AIRPORT, TX US",31.23593,-94.75468,87.1,5/11/2016,0.8,NA,29.4,20
USW00093987,"LUFKIN ANGELINA CO AIRPORT, TX US",31.23593,-94.75468,87.1,5/12/2016,0,NA,31.1,19.4
USW00093987,"LUFKIN ANGELINA CO AIRPORT, TX US",31.23593,-94.75468,87.1,5/13/2016,0,NA,29.4,18.9
USW00093987,"LUFKIN ANGELINA CO AIRPORT, TX US",31.23593,-94.75468,87.1,5/14/2016,23.9,NA,31.1,17.2
USW00093987,"LUFKIN ANGELINA CO AIRPORT, TX US",31.23593,-94.75468,87.1,5/15/2016,1.8,NA,24.4,17.8
USW00093987,"LUFKIN ANGELINA CO AIRPORT, TX US",31.23593,-94.75468,87.1,5/16/2016,3,NA,23.3,18.3
USW00093987,"LUFKIN ANGELINA CO AIRPORT, TX US",31.23593,-94.75468,87.1,5/17/2016,0,NA,28.3,18.3
USW00093987,"LUFKIN ANGELINA CO AIRPORT, TX US",31.23593,-94.75468,87.1,5/18/2016,0,NA,22.2,16.7
USW00093987,"LUFKIN ANGELINA CO AIRPORT, TX US",31.23593,-94.75468,87.1,5/19/2016,8.1,NA,20.6,15.6
USW00093987,"LUFKIN ANGELINA CO AIRPORT, TX US",31.23593,-94.75468,87.1,5/20/2016,0,NA,27.2,16.7
USW00093987,"LUFKIN ANGELINA CO AIRPORT, TX US",31.23593,-94.75468,87.1,5/21/2016,0,NA,30.6,15
USW00093987,"LUFKIN ANGELINA CO AIRPORT, TX US",31.23593,-94.75468,87.1,5/22/2016,0,NA,30.6,18.9
USW00093987,"LUFKIN ANGELINA CO AIRPORT, TX US",31.23593,-94.75468,87.1,5/23/2016,0,NA,30.6,20
USW00093987,"LUFKIN ANGELINA CO AIRPORT, TX US",31.23593,-94.75468,87.1,5/24/2016,0.3,NA,31.7,20
USW00093987,"LUFKIN ANGELINA CO AIRPORT, TX US",31.23593,-94.75468,87.1,5/25/2016,0,NA,32.2,23.9
USW00093987,"LUFKIN ANGELINA CO AIRPORT, TX US",31.23593,-94.75468,87.1,5/26/2016,88.9,NA,26.7,20.6
USW00093987,"LUFKIN ANGELINA CO AIRPORT, TX US",31.23593,-94.75468,87.1,5/27/2016,97,NA,21.1,18.3
USW00093987,"LUFKIN ANGELINA CO AIRPORT, TX US",31.23593,-94.75468,87.1,5/28/2016,0,NA,31.7,15.6
USW00093987,"LUFKIN ANGELINA CO AIRPORT, TX US",31.23593,-94.75468,87.1,5/29/2016,0,NA,31.1,18.9
USW00093987,"LUFKIN ANGELINA CO AIRPORT, TX US",31.23593,-94.75468,87.1,5/30/2016,0,NA,30,20
USW00093987,"LUFKIN ANGELINA CO AIRPORT, TX US",31.23593,-94.75468,87.1,5/31/2016,0,NA,31.1,18.9
USW00093987,"LUFKIN ANGELINA CO AIRPORT, TX US",31.23593,-94.75468,87.1,6/1/2016,4.6,NA,27.8,21.1
USW00093987,"LUFKIN ANGELINA CO AIRPORT, TX US",31.23593,-94.75468,87.1,6/2/2016,15.5,NA,23.3,21.1
USW00093987,"LUFKIN ANGELINA CO AIRPORT, TX US",31.23593,-94.75468,87.1,6/3/2016,3,NA,25,20.6
USW00093987,"LUFKIN ANGELINA CO AIRPORT, TX US",31.23593,-94.75468,87.1,6/4/2016,0.3,NA,26.1,20.6
USW00093987,"LUFKIN ANGELINA CO AIRPORT, TX US",31.23593,-94.75468,87.1,6/5/2016,4.8,NA,28.9,20.6
USW00093987,"LUFKIN ANGELINA CO AIRPORT, TX US",31.23593,-94.75468,87.1,6/6/2016,0,NA,31.1,20.6
USW00093987,"LUFKIN ANGELINA CO AIRPORT, TX US",31.23593,-94.75468,87.1,6/7/2016,0,NA,32.2,19.4
USW00093987,"LUFKIN ANGELINA CO AIRPORT, TX US",31.23593,-94.75468,87.1,6/8/2016,0,NA,32.8,18.3
USW00093987,"LUFKIN ANGELINA CO AIRPORT, TX US",31.23593,-94.75468,87.1,6/9/2016,0,NA,33.3,20.6
USW00093987,"LUFKIN ANGELINA CO AIRPORT, TX US",31.23593,-94.75468,87.1,6/10/2016,1.3,NA,32.8,21.1
USW00093987,"LUFKIN ANGELINA CO AIRPORT, TX US",31.23593,-94.75468,87.1,6/11/2016,2.5,NA,32.2,22.2
USW00093987,"LUFKIN ANGELINA CO AIRPORT, TX US",31.23593,-94.75468,87.1,6/12/2016,7.4,NA,32.8,23.3
USW00093987,"LUFKIN ANGELINA CO AIRPORT, TX US",31.23593,-94.75468,87.1,6/13/2016,8.1,NA,31.1,22.8
USW00093987,"LUFKIN ANGELINA CO AIRPORT, TX US",31.23593,-94.75468,87.1,6/14/2016,0,NA,33.3,23.9
USW00093987,"LUFKIN ANGELINA CO AIRPORT, TX US",31.23593,-94.75468,87.1,6/15/2016,0,NA,34.4,23.3
USW00093987,"LUFKIN ANGELINA CO AIRPORT, TX US",31.23593,-94.75468,87.1,6/16/2016,0,NA,34.4,23.3
USW00093987,"LUFKIN ANGELINA CO AIRPORT, TX US",31.23593,-94.75468,87.1,6/17/2016,0,NA,33.9,23.3
USW00093987,"LUFKIN ANGELINA CO AIRPORT, TX US",31.23593,-94.75468,87.1,6/18/2016,1.8,NA,34.4,21.1
USW00093987,"LUFKIN ANGELINA CO AIRPORT, TX US",31.23593,-94.75468,87.1,6/19/2016,0.5,NA,33.3,20
USW00093987,"LUFKIN ANGELINA CO AIRPORT, TX US",31.23593,-94.75468,87.1,6/20/2016,0,NA,33.3,22.2
USW00093987,"LUFKIN ANGELINA CO AIRPORT, TX US",31.23593,-94.75468,87.1,6/21/2016,0,NA,33.3,22.2
USW00093987,"LUFKIN ANGELINA CO AIRPORT, TX US",31.23593,-94.75468,87.1,6/22/2016,0,NA,33.3,22.8
USW00093987,"LUFKIN ANGELINA CO AIRPORT, TX US",31.23593,-94.75468,87.1,6/23/2016,0,NA,33.9,21.7
USW00093987,"LUFKIN ANGELINA CO AIRPORT, TX US",31.23593,-94.75468,87.1,6/24/2016,0,NA,33.9,22.8
USW00093987,"LUFKIN ANGELINA CO AIRPORT, TX US",31.23593,-94.75468,87.1,6/25/2016,0,NA,33.9,23.3
USW00093987,"LUFKIN ANGELINA CO AIRPORT, TX US",31.23593,-94.75468,87.1,6/26/2016,0,NA,35,22.8
USW00093987,"LUFKIN ANGELINA CO AIRPORT, TX US",31.23593,-94.75468,87.1,6/27/2016,14.5,NA,35.6,23.3
USW00093987,"LUFKIN ANGELINA CO AIRPORT, TX US",31.23593,-94.75468,87.1,6/28/2016,3,NA,32.8,22.2
USW00093987,"LUFKIN ANGELINA CO AIRPORT, TX US",31.23593,-94.75468,87.1,6/29/2016,0,NA,33.3,22.2
USW00093987,"LUFKIN ANGELINA CO AIRPORT, TX US",31.23593,-94.75468,87.1,6/30/2016,0,NA,34.4,21.7
USW00093987,"LUFKIN ANGELINA CO AIRPORT, TX US",31.23593,-94.75468,87.1,7/1/2016,0,NA,35,21.7
USW00093987,"LUFKIN ANGELINA CO AIRPORT, TX US",31.23593,-94.75468,87.1,7/2/2016,0,NA,34.4,22.8
USW00093987,"LUFKIN ANGELINA CO AIRPORT, TX US",31.23593,-94.75468,87.1,7/3/2016,0,NA,35,23.9
USW00093987,"LUFKIN ANGELINA CO AIRPORT, TX US",31.23593,-94.75468,87.1,7/4/2016,0.3,NA,34.4,24.4
USW00093987,"LUFKIN ANGELINA CO AIRPORT, TX US",31.23593,-94.75468,87.1,7/5/2016,0,NA,33.9,25
USW00093987,"LUFKIN ANGELINA CO AIRPORT, TX US",31.23593,-94.75468,87.1,7/6/2016,0,NA,35,25.6
USW00093987,"LUFKIN ANGELINA CO AIRPORT, TX US",31.23593,-94.75468,87.1,7/7/2016,0,NA,35.6,25
USW00093987,"LUFKIN ANGELINA CO AIRPORT, TX US",31.23593,-94.75468,87.1,7/8/2016,0,NA,35.6,23.3
USW00093987,"LUFKIN ANGELINA CO AIRPORT, TX US",31.23593,-94.75468,87.1,7/9/2016,0,NA,35.6,22.2
USW00093987,"LUFKIN ANGELINA CO AIRPORT, TX US",31.23593,-94.75468,87.1,7/10/2016,0.3,NA,33.3,24.4
USW00093987,"LUFKIN ANGELINA CO AIRPORT, TX US",31.23593,-94.75468,87.1,7/11/2016,0,NA,35,23.3
USW00093987,"LUFKIN ANGELINA CO AIRPORT, TX US",31.23593,-94.75468,87.1,7/12/2016,0,NA,35.6,22.8
USW00093987,"LUFKIN ANGELINA CO AIRPORT, TX US",31.23593,-94.75468,87.1,7/13/2016,0,NA,36.1,23.3
USW00093987,"LUFKIN ANGELINA CO AIRPORT, TX US",31.23593,-94.75468,87.1,7/14/2016,0,NA,36.1,23.3
USW00093987,"LUFKIN ANGELINA CO AIRPORT, TX US",31.23593,-94.75468,87.1,7/15/2016,0,NA,35.6,23.9
USW00093987,"LUFKIN ANGELINA CO AIRPORT, TX US",31.23593,-94.75468,87.1,7/16/2016,0,NA,35,22.8
USW00093987,"LUFKIN ANGELINA CO AIRPORT, TX US",31.23593,-94.75468,87.1,7/17/2016,0,NA,35.6,22.2
USW00093987,"LUFKIN ANGELINA CO AIRPORT, TX US",31.23593,-94.75468,87.1,7/18/2016,2.3,NA,33.9,22.8
USW00093987,"LUFKIN ANGELINA CO AIRPORT, TX US",31.23593,-94.75468,87.1,7/19/2016,0,NA,36.1,22.2
USW00093987,"LUFKIN ANGELINA CO AIRPORT, TX US",31.23593,-94.75468,87.1,7/20/2016,0,NA,35.6,22.2
USW00093987,"LUFKIN ANGELINA CO AIRPORT, TX US",31.23593,-94.75468,87.1,7/21/2016,0,NA,36.7,22.2
USW00093987,"LUFKIN ANGELINA CO AIRPORT, TX US",31.23593,-94.75468,87.1,7/22/2016,0,NA,36.7,23.3
USW00093987,"LUFKIN ANGELINA CO AIRPORT, TX US",31.23593,-94.75468,87.1,7/23/2016,0,NA,36.1,23.9
USW00093987,"LUFKIN ANGELINA CO AIRPORT, TX US",31.23593,-94.75468,87.1,7/24/2016,6.1,NA,36.7,23.3
USW00093987,"LUFKIN ANGELINA CO AIRPORT, TX US",31.23593,-94.75468,87.1,7/25/2016,3.8,NA,34.4,23.3
USW00093987,"LUFKIN ANGELINA CO AIRPORT, TX US",31.23593,-94.75468,87.1,7/26/2016,0.8,NA,33.9,22.8
USW00093987,"LUFKIN ANGELINA CO AIRPORT, TX US",31.23593,-94.75468,87.1,7/27/2016,4.8,NA,32.2,23.3
USW00093987,"LUFKIN ANGELINA CO AIRPORT, TX US",31.23593,-94.75468,87.1,7/28/2016,1.5,NA,35,22.8
USW00093987,"LUFKIN ANGELINA CO AIRPORT, TX US",31.23593,-94.75468,87.1,7/29/2016,1.3,NA,33.3,22.2
USW00093987,"LUFKIN ANGELINA CO AIRPORT, TX US",31.23593,-94.75468,87.1,7/30/2016,0,NA,35.6,23.9
USW00093987,"LUFKIN ANGELINA CO AIRPORT, TX US",31.23593,-94.75468,87.1,7/31/2016,0,NA,35.6,23.3
USW00093987,"LUFKIN ANGELINA CO AIRPORT, TX US",31.23593,-94.75468,87.1,8/1/2016,0,NA,35.6,22.8
USW00093987,"LUFKIN ANGELINA CO AIRPORT, TX US",31.23593,-94.75468,87.1,8/2/2016,0,NA,36.1,23.3
USW00093987,"LUFKIN ANGELINA CO AIRPORT, TX US",31.23593,-94.75468,87.1,8/3/2016,0,NA,37.2,23.3
USW00093987,"LUFKIN ANGELINA CO AIRPORT, TX US",31.23593,-94.75468,87.1,8/4/2016,0,NA,37.2,23.3
USW00093987,"LUFKIN ANGELINA CO AIRPORT, TX US",31.23593,-94.75468,87.1,8/5/2016,0,NA,36.7,23.9
USW00093987,"LUFKIN ANGELINA CO AIRPORT, TX US",31.23593,-94.75468,87.1,8/6/2016,2.3,NA,35.6,23.9
USW00093987,"LUFKIN ANGELINA CO AIRPORT, TX US",31.23593,-94.75468,87.1,8/7/2016,0,NA,37.2,22.8
USW00093987,"LUFKIN ANGELINA CO AIRPORT, TX US",31.23593,-94.75468,87.1,8/8/2016,1.8,NA,36.1,22.2
USW00093987,"LUFKIN ANGELINA CO AIRPORT, TX US",31.23593,-94.75468,87.1,8/9/2016,0,NA,37.2,23.3
USW00093987,"LUFKIN ANGELINA CO AIRPORT, TX US",31.23593,-94.75468,87.1,8/10/2016,0,NA,37.2,23.3
USW00093987,"LUFKIN ANGELINA CO AIRPORT, TX US",31.23593,-94.75468,87.1,8/11/2016,0,NA,38.3,23.9
USW00093987,"LUFKIN ANGELINA CO AIRPORT, TX US",31.23593,-94.75468,87.1,8/12/2016,0,NA,37.2,25
USW00093987,"LUFKIN ANGELINA CO AIRPORT, TX US",31.23593,-94.75468,87.1,8/13/2016,0,NA,33.9,24.4
USW00093987,"LUFKIN ANGELINA CO AIRPORT, TX US",31.23593,-94.75468,87.1,8/14/2016,18.8,NA,27.8,20.6
USW00093987,"LUFKIN ANGELINA CO AIRPORT, TX US",31.23593,-94.75468,87.1,8/15/2016,8.4,NA,29.4,21.7
USW00093987,"LUFKIN ANGELINA CO AIRPORT, TX US",31.23593,-94.75468,87.1,8/16/2016,29.2,NA,29.4,22.8
USW00093987,"LUFKIN ANGELINA CO AIRPORT, TX US",31.23593,-94.75468,87.1,8/17/2016,1.8,NA,30,22.8
USW00093987,"LUFKIN ANGELINA CO AIRPORT, TX US",31.23593,-94.75468,87.1,8/18/2016,11.2,NA,30,22.2
USW00093987,"LUFKIN ANGELINA CO AIRPORT, TX US",31.23593,-94.75468,87.1,8/19/2016,7.6,NA,32.8,22.2
USW00093987,"LUFKIN ANGELINA CO AIRPORT, TX US",31.23593,-94.75468,87.1,8/20/2016,5.6,NA,32.2,23.3
USW00093987,"LUFKIN ANGELINA CO AIRPORT, TX US",31.23593,-94.75468,87.1,8/21/2016,7.9,NA,26.7,22.8
USW00093987,"LUFKIN ANGELINA CO AIRPORT, TX US",31.23593,-94.75468,87.1,8/22/2016,2.8,NA,31.7,22.8
USW00093987,"LUFKIN ANGELINA CO AIRPORT, TX US",31.23593,-94.75468,87.1,8/23/2016,3.6,NA,33.3,21.7
USW00093987,"LUFKIN ANGELINA CO AIRPORT, TX US",31.23593,-94.75468,87.1,8/24/2016,0,NA,33.9,22.8
USW00093987,"LUFKIN ANGELINA CO AIRPORT, TX US",31.23593,-94.75468,87.1,8/25/2016,8.9,NA,33.9,22.8
USW00093987,"LUFKIN ANGELINA CO AIRPORT, TX US",31.23593,-94.75468,87.1,8/26/2016,40.6,NA,30,22.2
USW00093987,"LUFKIN ANGELINA CO AIRPORT, TX US",31.23593,-94.75468,87.1,8/27/2016,5.1,NA,31.1,22.8
USW00093987,"LUFKIN ANGELINA CO AIRPORT, TX US",31.23593,-94.75468,87.1,8/28/2016,21.3,NA,31.7,21.7
USW00093987,"LUFKIN ANGELINA CO AIRPORT, TX US",31.23593,-94.75468,87.1,8/29/2016,46.2,NA,30,21.7
USW00093987,"LUFKIN ANGELINA CO AIRPORT, TX US",31.23593,-94.75468,87.1,8/30/2016,0,NA,33.9,21.7
USW00093987,"LUFKIN ANGELINA CO AIRPORT, TX US",31.23593,-94.75468,87.1,8/31/2016,0,NA,33.9,23.3
USW00093987,"LUFKIN ANGELINA CO AIRPORT, TX US",31.23593,-94.75468,87.1,9/1/2016,0,NA,34.4,22.8
USW00093987,"LUFKIN ANGELINA CO AIRPORT, TX US",31.23593,-94.75468,87.1,9/2/2016,0,NA,32.2,22.8
USW00093987,"LUFKIN ANGELINA CO AIRPORT, TX US",31.23593,-94.75468,87.1,9/3/2016,0,NA,31.7,20.6
USW00093987,"LUFKIN ANGELINA CO AIRPORT, TX US",31.23593,-94.75468,87.1,9/4/2016,0,NA,33.9,20
USW00093987,"LUFKIN ANGELINA CO AIRPORT, TX US",31.23593,-94.75468,87.1,9/5/2016,6.9,NA,33.3,22.8
USW00093987,"LUFKIN ANGELINA CO AIRPORT, TX US",31.23593,-94.75468,87.1,9/6/2016,0,NA,33.3,23.3
USW00093987,"LUFKIN ANGELINA CO AIRPORT, TX US",31.23593,-94.75468,87.1,9/7/2016,0,NA,33.3,22.8
USW00093987,"LUFKIN ANGELINA CO AIRPORT, TX US",31.23593,-94.75468,87.1,9/8/2016,0,NA,33.3,22.8
USW00093987,"LUFKIN ANGELINA CO AIRPORT, TX US",31.23593,-94.75468,87.1,9/9/2016,7.6,NA,30.6,21.7
USW00093987,"LUFKIN ANGELINA CO AIRPORT, TX US",31.23593,-94.75468,87.1,9/10/2016,4.6,NA,32.8,21.1
USW00093987,"LUFKIN ANGELINA CO AIRPORT, TX US",31.23593,-94.75468,87.1,9/11/2016,0,NA,31.1,21.1
USW00093987,"LUFKIN ANGELINA CO AIRPORT, TX US",31.23593,-94.75468,87.1,9/12/2016,0,NA,32.2,20.6
USW00093987,"LUFKIN ANGELINA CO AIRPORT, TX US",31.23593,-94.75468,87.1,9/13/2016,0,NA,32.8,21.7
USW00093987,"LUFKIN ANGELINA CO AIRPORT, TX US",31.23593,-94.75468,87.1,9/14/2016,0,NA,32.8,21.7
USW00093987,"LUFKIN ANGELINA CO AIRPORT, TX US",31.23593,-94.75468,87.1,9/15/2016,0,NA,33.3,22.2
USW00093987,"LUFKIN ANGELINA CO AIRPORT, TX US",31.23593,-94.75468,87.1,9/16/2016,0,NA,32.8,22.2
USW00093987,"LUFKIN ANGELINA CO AIRPORT, TX US",31.23593,-94.75468,87.1,9/17/2016,0,NA,33.9,22.2
USW00093987,"LUFKIN ANGELINA CO AIRPORT, TX US",31.23593,-94.75468,87.1,9/18/2016,0,NA,34.4,22.2
USW00093987,"LUFKIN ANGELINA CO AIRPORT, TX US",31.23593,-94.75468,87.1,9/19/2016,0,NA,35.6,22.2
USW00093987,"LUFKIN ANGELINA CO AIRPORT, TX US",31.23593,-94.75468,87.1,9/20/2016,0,NA,33.9,22.8
USW00093987,"LUFKIN ANGELINA CO AIRPORT, TX US",31.23593,-94.75468,87.1,9/21/2016,0,NA,35,18.9
USW00093987,"LUFKIN ANGELINA CO AIRPORT, TX US",31.23593,-94.75468,87.1,9/22/2016,0,NA,33.3,18.3
USW00093987,"LUFKIN ANGELINA CO AIRPORT, TX US",31.23593,-94.75468,87.1,9/23/2016,0,NA,34.4,22.2
USW00093987,"LUFKIN ANGELINA CO AIRPORT, TX US",31.23593,-94.75468,87.1,9/24/2016,0,NA,32.8,21.7
USW00093987,"LUFKIN ANGELINA CO AIRPORT, TX US",31.23593,-94.75468,87.1,9/25/2016,7.6,NA,32.2,21.7
USW00093987,"LUFKIN ANGELINA CO AIRPORT, TX US",31.23593,-94.75468,87.1,9/26/2016,1.3,NA,28.9,20.6
USW00093987,"LUFKIN ANGELINA CO AIRPORT, TX US",31.23593,-94.75468,87.1,9/27/2016,0,NA,27.8,17.8
USW00093987,"LUFKIN ANGELINA CO AIRPORT, TX US",31.23593,-94.75468,87.1,9/28/2016,0,NA,28.9,15
USW00093987,"LUFKIN ANGELINA CO AIRPORT, TX US",31.23593,-94.75468,87.1,9/29/2016,0,NA,26.7,12.8
USW00093987,"LUFKIN ANGELINA CO AIRPORT, TX US",31.23593,-94.75468,87.1,9/30/2016,0,NA,27.2,10.6
USW00093987,"LUFKIN ANGELINA CO AIRPORT, TX US",31.23593,-94.75468,87.1,10/1/2016,0,NA,27.8,12.8
USW00093987,"LUFKIN ANGELINA CO AIRPORT, TX US",31.23593,-94.75468,87.1,10/2/2016,0,NA,29.4,12.8
USW00093987,"LUFKIN ANGELINA CO AIRPORT, TX US",31.23593,-94.75468,87.1,10/3/2016,0,NA,29.4,13.9
USW00093987,"LUFKIN ANGELINA CO AIRPORT, TX US",31.23593,-94.75468,87.1,10/4/2016,0,NA,31.1,13.9
USW00093987,"LUFKIN ANGELINA CO AIRPORT, TX US",31.23593,-94.75468,87.1,10/5/2016,0,NA,32.2,20.6
USW00093987,"LUFKIN ANGELINA CO AIRPORT, TX US",31.23593,-94.75468,87.1,10/6/2016,0,NA,32.8,19.4
USW00093987,"LUFKIN ANGELINA CO AIRPORT, TX US",31.23593,-94.75468,87.1,10/7/2016,0,NA,32.2,17.2
USW00093987,"LUFKIN ANGELINA CO AIRPORT, TX US",31.23593,-94.75468,87.1,10/8/2016,0,NA,28.9,16.7
USW00093987,"LUFKIN ANGELINA CO AIRPORT, TX US",31.23593,-94.75468,87.1,10/9/2016,0,NA,26.7,8.9
USW00093987,"LUFKIN ANGELINA CO AIRPORT, TX US",31.23593,-94.75468,87.1,10/10/2016,0,NA,29.4,7.2
USW00093987,"LUFKIN ANGELINA CO AIRPORT, TX US",31.23593,-94.75468,87.1,10/11/2016,1.5,NA,28.3,14.4
USW00093987,"LUFKIN ANGELINA CO AIRPORT, TX US",31.23593,-94.75468,87.1,10/12/2016,0,NA,31.1,18.9
USW00093987,"LUFKIN ANGELINA CO AIRPORT, TX US",31.23593,-94.75468,87.1,10/13/2016,0,NA,31.1,19.4
USW00093987,"LUFKIN ANGELINA CO AIRPORT, TX US",31.23593,-94.75468,87.1,10/14/2016,1,NA,27.8,19.4
USW00093987,"LUFKIN ANGELINA CO AIRPORT, TX US",31.23593,-94.75468,87.1,10/15/2016,0,NA,31.7,17.2
USW00093987,"LUFKIN ANGELINA CO AIRPORT, TX US",31.23593,-94.75468,87.1,10/16/2016,0,NA,31.7,21.7
USW00093987,"LUFKIN ANGELINA CO AIRPORT, TX US",31.23593,-94.75468,87.1,10/17/2016,0,NA,32.2,21.1
USW00093987,"LUFKIN ANGELINA CO AIRPORT, TX US",31.23593,-94.75468,87.1,10/18/2016,0,NA,32.8,21.1
USW00093987,"LUFKIN ANGELINA CO AIRPORT, TX US",31.23593,-94.75468,87.1,10/19/2016,0.5,NA,31.7,21.1
USW00093987,"LUFKIN ANGELINA CO AIRPORT, TX US",31.23593,-94.75468,87.1,10/20/2016,0.8,NA,27.2,15.6
USW00093987,"LUFKIN ANGELINA CO AIRPORT, TX US",31.23593,-94.75468,87.1,10/21/2016,0,NA,22.8,8.3
USW00093987,"LUFKIN ANGELINA CO AIRPORT, TX US",31.23593,-94.75468,87.1,10/22/2016,0,NA,24.4,3.9
USW00093987,"LUFKIN ANGELINA CO AIRPORT, TX US",31.23593,-94.75468,87.1,10/23/2016,0,NA,26.1,5.6
USW00093987,"LUFKIN ANGELINA CO AIRPORT, TX US",31.23593,-94.75468,87.1,10/24/2016,0,NA,26.1,13.3
USW00093987,"LUFKIN ANGELINA CO AIRPORT, TX US",31.23593,-94.75468,87.1,10/25/2016,0,NA,26.7,11.1
USW00093987,"LUFKIN ANGELINA CO AIRPORT, TX US",31.23593,-94.75468,87.1,10/26/2016,0,NA,28.3,11.1
USW00093987,"LUFKIN ANGELINA CO AIRPORT, TX US",31.23593,-94.75468,87.1,10/27/2016,0,NA,28.9,12.2
USW00093987,"LUFKIN ANGELINA CO AIRPORT, TX US",31.23593,-94.75468,87.1,10/28/2016,0,NA,28.9,12.2
USW00093987,"LUFKIN ANGELINA CO AIRPORT, TX US",31.23593,-94.75468,87.1,10/29/2016,0,NA,29.4,12.8
USW00093987,"LUFKIN ANGELINA CO AIRPORT, TX US",31.23593,-94.75468,87.1,10/30/2016,0,NA,30,13.3
USW00093987,"LUFKIN ANGELINA CO AIRPORT, TX US",31.23593,-94.75468,87.1,10/31/2016,0,NA,30,10
USW00093987,"LUFKIN ANGELINA CO AIRPORT, TX US",31.23593,-94.75468,87.1,11/1/2016,0,NA,29.4,14.4
USW00093987,"LUFKIN ANGELINA CO AIRPORT, TX US",31.23593,-94.75468,87.1,11/2/2016,0,NA,30,17.2
USW00093987,"LUFKIN ANGELINA CO AIRPORT, TX US",31.23593,-94.75468,87.1,11/3/2016,0,NA,30,17.8
USW00093987,"LUFKIN ANGELINA CO AIRPORT, TX US",31.23593,-94.75468,87.1,11/4/2016,0,NA,27.8,19.4
USW00093987,"LUFKIN ANGELINA CO AIRPORT, TX US",31.23593,-94.75468,87.1,11/5/2016,0,NA,22.8,17.2
USW00093987,"LUFKIN ANGELINA CO AIRPORT, TX US",31.23593,-94.75468,87.1,11/6/2016,12.2,NA,27.2,16.1
USW00093987,"LUFKIN ANGELINA CO AIRPORT, TX US",31.23593,-94.75468,87.1,11/7/2016,10.9,NA,24.4,16.1
USW00093987,"LUFKIN ANGELINA CO AIRPORT, TX US",31.23593,-94.75468,87.1,11/8/2016,0,NA,20.6,16.1
USW00093987,"LUFKIN ANGELINA CO AIRPORT, TX US",31.23593,-94.75468,87.1,11/9/2016,0,NA,22.2,13.3
USW00093987,"LUFKIN ANGELINA CO AIRPORT, TX US",31.23593,-94.75468,87.1,11/10/2016,0,NA,21.7,8.3
USW00093987,"LUFKIN ANGELINA CO AIRPORT, TX US",31.23593,-94.75468,87.1,11/11/2016,0,NA,23.3,8.9
USW00093987,"LUFKIN ANGELINA CO AIRPORT, TX US",31.23593,-94.75468,87.1,11/12/2016,0,NA,24.4,11.1
USW00093987,"LUFKIN ANGELINA CO AIRPORT, TX US",31.23593,-94.75468,87.1,11/13/2016,0,NA,20.6,8.3
USW00093987,"LUFKIN ANGELINA CO AIRPORT, TX US",31.23593,-94.75468,87.1,11/14/2016,0,NA,24.4,7.8
USW00093987,"LUFKIN ANGELINA CO AIRPORT, TX US",31.23593,-94.75468,87.1,11/15/2016,0,NA,27.2,10.6
USW00093987,"LUFKIN ANGELINA CO AIRPORT, TX US",31.23593,-94.75468,87.1,11/16/2016,0,NA,27.8,8.3
USW00093987,"LUFKIN ANGELINA CO AIRPORT, TX US",31.23593,-94.75468,87.1,11/17/2016,0,NA,26.7,12.2
USW00093987,"LUFKIN ANGELINA CO AIRPORT, TX US",31.23593,-94.75468,87.1,11/18/2016,3.6,NA,25.6,9.4
USW00093987,"LUFKIN ANGELINA CO AIRPORT, TX US",31.23593,-94.75468,87.1,11/19/2016,0,NA,17.2,1.1
USW00093987,"LUFKIN ANGELINA CO AIRPORT, TX US",31.23593,-94.75468,87.1,11/20/2016,0,NA,17.2,-2.1
USW00093987,"LUFKIN ANGELINA CO AIRPORT, TX US",31.23593,-94.75468,87.1,11/21/2016,0,NA,21.7,1.1
USW00093987,"LUFKIN ANGELINA CO AIRPORT, TX US",31.23593,-94.75468,87.1,11/22/2016,5.6,NA,26.1,11.1
USW00093987,"LUFKIN ANGELINA CO AIRPORT, TX US",31.23593,-94.75468,87.1,11/23/2016,20.3,NA,20,7.8
USW00093987,"LUFKIN ANGELINA CO AIRPORT, TX US",31.23593,-94.75468,87.1,11/24/2016,0,NA,21.1,6.1
USW00093987,"LUFKIN ANGELINA CO AIRPORT, TX US",31.23593,-94.75468,87.1,11/25/2016,0,NA,23.3,10
USW00093987,"LUFKIN ANGELINA CO AIRPORT, TX US",31.23593,-94.75468,87.1,11/26/2016,0,NA,17.8,8.9
USW00093987,"LUFKIN ANGELINA CO AIRPORT, TX US",31.23593,-94.75468,87.1,11/27/2016,0,NA,20.6,7.2
USW00093987,"LUFKIN ANGELINA CO AIRPORT, TX US",31.23593,-94.75468,87.1,11/28/2016,6.4,NA,26.7,8.3
USW00093987,"LUFKIN ANGELINA CO AIRPORT, TX US",31.23593,-94.75468,87.1,11/29/2016,23.1,NA,20.6,7.2
USW00093987,"LUFKIN ANGELINA CO AIRPORT, TX US",31.23593,-94.75468,87.1,11/30/2016,0,NA,17.2,2.2
USW00093987,"LUFKIN ANGELINA CO AIRPORT, TX US",31.23593,-94.75468,87.1,12/1/2016,0,NA,18.3,-1
USW00093987,"LUFKIN ANGELINA CO AIRPORT, TX US",31.23593,-94.75468,87.1,12/2/2016,11.2,NA,18.9,3.3
USW00093987,"LUFKIN ANGELINA CO AIRPORT, TX US",31.23593,-94.75468,87.1,12/3/2016,87.9,NA,10,8.3
USW00093987,"LUFKIN ANGELINA CO AIRPORT, TX US",31.23593,-94.75468,87.1,12/4/2016,2,NA,10,8.3
USW00093987,"LUFKIN ANGELINA CO AIRPORT, TX US",31.23593,-94.75468,87.1,12/5/2016,19.1,NA,9.4,7.8
USW00093987,"LUFKIN ANGELINA CO AIRPORT, TX US",31.23593,-94.75468,87.1,12/6/2016,0.5,NA,11.7,9.4
USW00093987,"LUFKIN ANGELINA CO AIRPORT, TX US",31.23593,-94.75468,87.1,12/7/2016,0,NA,15.6,10
USW00093987,"LUFKIN ANGELINA CO AIRPORT, TX US",31.23593,-94.75468,87.1,12/8/2016,0.3,NA,11.1,2.8
USW00093987,"LUFKIN ANGELINA CO AIRPORT, TX US",31.23593,-94.75468,87.1,12/9/2016,0,NA,8.3,-1.6
USW00093987,"LUFKIN ANGELINA CO AIRPORT, TX US",31.23593,-94.75468,87.1,12/10/2016,0,NA,10.6,-2.7
USW00093987,"LUFKIN ANGELINA CO AIRPORT, TX US",31.23593,-94.75468,87.1,12/11/2016,0,NA,22.2,8.9
USW00093987,"LUFKIN ANGELINA CO AIRPORT, TX US",31.23593,-94.75468,87.1,12/12/2016,0.3,NA,20,15
USW00093987,"LUFKIN ANGELINA CO AIRPORT, TX US",31.23593,-94.75468,87.1,12/13/2016,0.5,NA,19.4,13.3
USW00093987,"LUFKIN ANGELINA CO AIRPORT, TX US",31.23593,-94.75468,87.1,12/14/2016,0,NA,16.1,8.9
USW00093987,"LUFKIN ANGELINA CO AIRPORT, TX US",31.23593,-94.75468,87.1,12/15/2016,0,NA,12.2,2.8
USW00093987,"LUFKIN ANGELINA CO AIRPORT, TX US",31.23593,-94.75468,87.1,12/16/2016,0,NA,22.2,5
USW00093987,"LUFKIN ANGELINA CO AIRPORT, TX US",31.23593,-94.75468,87.1,12/17/2016,0.5,NA,25.6,3.3
USW00093987,"LUFKIN ANGELINA CO AIRPORT, TX US",31.23593,-94.75468,87.1,12/18/2016,0,NA,3.9,-2.1
USW00093987,"LUFKIN ANGELINA CO AIRPORT, TX US",31.23593,-94.75468,87.1,12/19/2016,0,NA,7.2,-3.8
USW00093987,"LUFKIN ANGELINA CO AIRPORT, TX US",31.23593,-94.75468,87.1,12/20/2016,0,NA,13.9,-3.2
USW00093987,"LUFKIN ANGELINA CO AIRPORT, TX US",31.23593,-94.75468,87.1,12/21/2016,0,NA,21.1,8.9
USW00093987,"LUFKIN ANGELINA CO AIRPORT, TX US",31.23593,-94.75468,87.1,12/22/2016,0,NA,21.1,8.3
USW00093987,"LUFKIN ANGELINA CO AIRPORT, TX US",31.23593,-94.75468,87.1,12/23/2016,0.3,NA,21.1,10
USW00093987,"LUFKIN ANGELINA CO AIRPORT, TX US",31.23593,-94.75468,87.1,12/24/2016,0,NA,26.1,19.4
USW00093987,"LUFKIN ANGELINA CO AIRPORT, TX US",31.23593,-94.75468,87.1,12/25/2016,0.3,NA,25.6,19.4
USW00093987,"LUFKIN ANGELINA CO AIRPORT, TX US",31.23593,-94.75468,87.1,12/26/2016,0,NA,27.2,18.9
USW00093987,"LUFKIN ANGELINA CO AIRPORT, TX US",31.23593,-94.75468,87.1,12/27/2016,0,NA,23.3,15.6
USW00093987,"LUFKIN ANGELINA CO AIRPORT, TX US",31.23593,-94.75468,87.1,12/28/2016,0,NA,25.6,15
USW00093987,"LUFKIN ANGELINA CO AIRPORT, TX US",31.23593,-94.75468,87.1,12/29/2016,0,NA,20,6.7
USW00093987,"LUFKIN ANGELINA CO AIRPORT, TX US",31.23593,-94.75468,87.1,12/30/2016,0,NA,10,1.7
USW00093987,"LUFKIN ANGELINA CO AIRPORT, TX US",31.23593,-94.75468,87.1,12/31/2016,2,NA,16.7,7.8
USW00093987,"LUFKIN ANGELINA CO AIRPORT, TX US",31.23593,-94.75468,87.1,1/1/2017,0,NA,20.6,16.1
USW00093987,"LUFKIN ANGELINA CO AIRPORT, TX US",31.23593,-94.75468,87.1,1/2/2017,21.6,NA,21.7,8.3
USW00093987,"LUFKIN ANGELINA CO AIRPORT, TX US",31.23593,-94.75468,87.1,1/3/2017,0,NA,22.2,7.2
USW00093987,"LUFKIN ANGELINA CO AIRPORT, TX US",31.23593,-94.75468,87.1,1/4/2017,0,NA,8.3,4.4
USW00093987,"LUFKIN ANGELINA CO AIRPORT, TX US",31.23593,-94.75468,87.1,1/5/2017,0.8,NA,13.3,3.9
USW00093987,"LUFKIN ANGELINA CO AIRPORT, TX US",31.23593,-94.75468,87.1,1/6/2017,0,NA,3.9,-4.3
USW00093987,"LUFKIN ANGELINA CO AIRPORT, TX US",31.23593,-94.75468,87.1,1/7/2017,0,NA,4.4,-8.8
USW00093987,"LUFKIN ANGELINA CO AIRPORT, TX US",31.23593,-94.75468,87.1,1/8/2017,0,NA,9.4,-7.7
USW00093987,"LUFKIN ANGELINA CO AIRPORT, TX US",31.23593,-94.75468,87.1,1/9/2017,0,NA,17.2,-1
USW00093987,"LUFKIN ANGELINA CO AIRPORT, TX US",31.23593,-94.75468,87.1,1/10/2017,0,NA,24.4,13.9
USW00093987,"LUFKIN ANGELINA CO AIRPORT, TX US",31.23593,-94.75468,87.1,1/11/2017,0,NA,25.6,17.2
USW00093987,"LUFKIN ANGELINA CO AIRPORT, TX US",31.23593,-94.75468,87.1,1/12/2017,0,NA,26.7,16.7
USW00093987,"LUFKIN ANGELINA CO AIRPORT, TX US",31.23593,-94.75468,87.1,1/13/2017,6.1,NA,26.1,17.2
USW00093987,"LUFKIN ANGELINA CO AIRPORT, TX US",31.23593,-94.75468,87.1,1/14/2017,0,NA,24.4,13.3
USW00093987,"LUFKIN ANGELINA CO AIRPORT, TX US",31.23593,-94.75468,87.1,1/15/2017,6.1,NA,21.1,13.3
USW00093987,"LUFKIN ANGELINA CO AIRPORT, TX US",31.23593,-94.75468,87.1,1/16/2017,16.3,NA,23.9,16.7
USW00093987,"LUFKIN ANGELINA CO AIRPORT, TX US",31.23593,-94.75468,87.1,1/17/2017,13,NA,16.7,11.1
USW00093987,"LUFKIN ANGELINA CO AIRPORT, TX US",31.23593,-94.75468,87.1,1/18/2017,76.2,NA,16.1,12.2
USW00093987,"LUFKIN ANGELINA CO AIRPORT, TX US",31.23593,-94.75468,87.1,1/19/2017,3.3,NA,16.7,11.7
USW00093987,"LUFKIN ANGELINA CO AIRPORT, TX US",31.23593,-94.75468,87.1,1/20/2017,0,NA,22.2,14.4
USW00093987,"LUFKIN ANGELINA CO AIRPORT, TX US",31.23593,-94.75468,87.1,1/21/2017,0,NA,22.2,11.7
USW00093987,"LUFKIN ANGELINA CO AIRPORT, TX US",31.23593,-94.75468,87.1,1/22/2017,0.3,NA,18.3,10.6
USW00093987,"LUFKIN ANGELINA CO AIRPORT, TX US",31.23593,-94.75468,87.1,1/23/2017,0,NA,20,6.1
USW00093987,"LUFKIN ANGELINA CO AIRPORT, TX US",31.23593,-94.75468,87.1,1/24/2017,0,NA,25,5.6
USW00093987,"LUFKIN ANGELINA CO AIRPORT, TX US",31.23593,-94.75468,87.1,1/25/2017,0,NA,22.8,8.9
USW00093987,"LUFKIN ANGELINA CO AIRPORT, TX US",31.23593,-94.75468,87.1,1/26/2017,0,NA,14.4,1.1
USW00093987,"LUFKIN ANGELINA CO AIRPORT, TX US",31.23593,-94.75468,87.1,1/27/2017,0,NA,13.9,-1
USW00093987,"LUFKIN ANGELINA CO AIRPORT, TX US",31.23593,-94.75468,87.1,1/28/2017,0,NA,15.6,1.1
USW00093987,"LUFKIN ANGELINA CO AIRPORT, TX US",31.23593,-94.75468,87.1,1/29/2017,0,NA,17.8,0
USW00093987,"LUFKIN ANGELINA CO AIRPORT, TX US",31.23593,-94.75468,87.1,1/30/2017,0,NA,24.4,1.1
USW00093987,"LUFKIN ANGELINA CO AIRPORT, TX US",31.23593,-94.75468,87.1,1/31/2017,0,NA,23.3,3.3
USW00093987,"LUFKIN ANGELINA CO AIRPORT, TX US",31.23593,-94.75468,87.1,2/1/2017,0,NA,25.6,9.4
USW00093987,"LUFKIN ANGELINA CO AIRPORT, TX US",31.23593,-94.75468,87.1,2/2/2017,0,NA,18.9,7.2
USW00093987,"LUFKIN ANGELINA CO AIRPORT, TX US",31.23593,-94.75468,87.1,2/3/2017,0,NA,12.2,6.1
USW00093987,"LUFKIN ANGELINA CO AIRPORT, TX US",31.23593,-94.75468,87.1,2/4/2017,0,NA,11.1,5
USW00093987,"LUFKIN ANGELINA CO AIRPORT, TX US",31.23593,-94.75468,87.1,2/5/2017,1,NA,25,10.6
USW00093987,"LUFKIN ANGELINA CO AIRPORT, TX US",31.23593,-94.75468,87.1,2/6/2017,0,NA,25,17.8
USW00093987,"LUFKIN ANGELINA CO AIRPORT, TX US",31.23593,-94.75468,87.1,2/7/2017,0,NA,28.3,10.6
USW00093987,"LUFKIN ANGELINA CO AIRPORT, TX US",31.23593,-94.75468,87.1,2/8/2017,0,NA,28.9,11.1
USW00093987,"LUFKIN ANGELINA CO AIRPORT, TX US",31.23593,-94.75468,87.1,2/9/2017,0,NA,18.9,5.6
USW00093987,"LUFKIN ANGELINA CO AIRPORT, TX US",31.23593,-94.75468,87.1,2/10/2017,0,NA,22.2,3.9
USW00093987,"LUFKIN ANGELINA CO AIRPORT, TX US",31.23593,-94.75468,87.1,2/11/2017,0,NA,29.4,19.4
USW00093987,"LUFKIN ANGELINA CO AIRPORT, TX US",31.23593,-94.75468,87.1,2/12/2017,0,NA,28.3,19.4
USW00093987,"LUFKIN ANGELINA CO AIRPORT, TX US",31.23593,-94.75468,87.1,2/13/2017,0,NA,22.2,13.3
USW00093987,"LUFKIN ANGELINA CO AIRPORT, TX US",31.23593,-94.75468,87.1,2/14/2017,33.8,NA,18.3,8.9
USW00093987,"LUFKIN ANGELINA CO AIRPORT, TX US",31.23593,-94.75468,87.1,2/15/2017,0,NA,16.7,4.4
USW00093987,"LUFKIN ANGELINA CO AIRPORT, TX US",31.23593,-94.75468,87.1,2/16/2017,0,NA,18.9,0
USW00093987,"LUFKIN ANGELINA CO AIRPORT, TX US",31.23593,-94.75468,87.1,2/17/2017,1,NA,19.4,4.4
USW00093987,"LUFKIN ANGELINA CO AIRPORT, TX US",31.23593,-94.75468,87.1,2/18/2017,0,NA,26.7,10
USW00093987,"LUFKIN ANGELINA CO AIRPORT, TX US",31.23593,-94.75468,87.1,2/19/2017,0,NA,23.9,16.1
USW00093987,"LUFKIN ANGELINA CO AIRPORT, TX US",31.23593,-94.75468,87.1,2/20/2017,18.3,NA,21.1,12.8
USW00093987,"LUFKIN ANGELINA CO AIRPORT, TX US",31.23593,-94.75468,87.1,2/21/2017,0,NA,22.8,11.1
USW00093987,"LUFKIN ANGELINA CO AIRPORT, TX US",31.23593,-94.75468,87.1,2/22/2017,0,NA,26.7,8.9
USW00093987,"LUFKIN ANGELINA CO AIRPORT, TX US",31.23593,-94.75468,87.1,2/23/2017,0,NA,27.2,9.4
USW00093987,"LUFKIN ANGELINA CO AIRPORT, TX US",31.23593,-94.75468,87.1,2/24/2017,0,NA,27.2,12.2
USW00093987,"LUFKIN ANGELINA CO AIRPORT, TX US",31.23593,-94.75468,87.1,2/25/2017,0,NA,17.2,4.4
USW00093987,"LUFKIN ANGELINA CO AIRPORT, TX US",31.23593,-94.75468,87.1,2/26/2017,0,NA,22.2,3.9
USW00093987,"LUFKIN ANGELINA CO AIRPORT, TX US",31.23593,-94.75468,87.1,2/27/2017,0,NA,27.8,17.8
USW00093987,"LUFKIN ANGELINA CO AIRPORT, TX US",31.23593,-94.75468,87.1,2/28/2017,0,NA,27.2,21.1
USW00093987,"LUFKIN ANGELINA CO AIRPORT, TX US",31.23593,-94.75468,87.1,3/1/2017,0,NA,25,11.1
USW00093987,"LUFKIN ANGELINA CO AIRPORT, TX US",31.23593,-94.75468,87.1,3/2/2017,0,NA,19.4,5.6
USW00093987,"LUFKIN ANGELINA CO AIRPORT, TX US",31.23593,-94.75468,87.1,3/3/2017,0,NA,21.1,1.1
USW00093987,"LUFKIN ANGELINA CO AIRPORT, TX US",31.23593,-94.75468,87.1,3/4/2017,8.9,NA,12.8,5.6
USW00093987,"LUFKIN ANGELINA CO AIRPORT, TX US",31.23593,-94.75468,87.1,3/5/2017,14,NA,17.8,10.6
USW00093987,"LUFKIN ANGELINA CO AIRPORT, TX US",31.23593,-94.75468,87.1,3/6/2017,10.4,NA,22.8,17.8
USW00093987,"LUFKIN ANGELINA CO AIRPORT, TX US",31.23593,-94.75468,87.1,3/7/2017,4.8,NA,23.3,12.2
USW00093987,"LUFKIN ANGELINA CO AIRPORT, TX US",31.23593,-94.75468,87.1,3/8/2017,0,NA,22.8,8.9
USW00093987,"LUFKIN ANGELINA CO AIRPORT, TX US",31.23593,-94.75468,87.1,3/9/2017,0,NA,24.4,16.7
USW00093987,"LUFKIN ANGELINA CO AIRPORT, TX US",31.23593,-94.75468,87.1,3/10/2017,2.5,NA,28.3,17.8
USW00093987,"LUFKIN ANGELINA CO AIRPORT, TX US",31.23593,-94.75468,87.1,3/11/2017,0,NA,20.6,8.3
USW00093987,"LUFKIN ANGELINA CO AIRPORT, TX US",31.23593,-94.75468,87.1,3/12/2017,0,NA,15.6,5.6
USW00093987,"LUFKIN ANGELINA CO AIRPORT, TX US",31.23593,-94.75468,87.1,3/13/2017,0,NA,15,7.2
USW00093987,"LUFKIN ANGELINA CO AIRPORT, TX US",31.23593,-94.75468,87.1,3/14/2017,0,NA,18.3,1.7
USW00093987,"LUFKIN ANGELINA CO AIRPORT, TX US",31.23593,-94.75468,87.1,3/15/2017,0,NA,16.7,6.1
USW00093987,"LUFKIN ANGELINA CO AIRPORT, TX US",31.23593,-94.75468,87.1,3/16/2017,0,NA,19.4,7.2
USW00093987,"LUFKIN ANGELINA CO AIRPORT, TX US",31.23593,-94.75468,87.1,3/17/2017,0,NA,26.1,15.6
USW00093987,"LUFKIN ANGELINA CO AIRPORT, TX US",31.23593,-94.75468,87.1,3/18/2017,0,NA,27.8,14.4
USW00093987,"LUFKIN ANGELINA CO AIRPORT, TX US",31.23593,-94.75468,87.1,3/19/2017,0,NA,27.8,15
USW00093987,"LUFKIN ANGELINA CO AIRPORT, TX US",31.23593,-94.75468,87.1,3/20/2017,0,NA,28.9,17.8
USW00093987,"LUFKIN ANGELINA CO AIRPORT, TX US",31.23593,-94.75468,87.1,3/21/2017,0,NA,28.9,16.1
USW00093987,"LUFKIN ANGELINA CO AIRPORT, TX US",31.23593,-94.75468,87.1,3/22/2017,0,NA,27.8,15
USW00093987,"LUFKIN ANGELINA CO AIRPORT, TX US",31.23593,-94.75468,87.1,3/23/2017,0,NA,29.4,17.2
USW00093987,"LUFKIN ANGELINA CO AIRPORT, TX US",31.23593,-94.75468,87.1,3/24/2017,9.7,NA,27.2,14.4
USW00093987,"LUFKIN ANGELINA CO AIRPORT, TX US",31.23593,-94.75468,87.1,3/25/2017,0,NA,24.4,10.6
USW00093987,"LUFKIN ANGELINA CO AIRPORT, TX US",31.23593,-94.75468,87.1,3/26/2017,0,NA,28.9,8.9
USW00093987,"LUFKIN ANGELINA CO AIRPORT, TX US",31.23593,-94.75468,87.1,3/27/2017,0,NA,27.2,18.9
USW00093987,"LUFKIN ANGELINA CO AIRPORT, TX US",31.23593,-94.75468,87.1,3/28/2017,0,NA,29.4,19.4
USW00093987,"LUFKIN ANGELINA CO AIRPORT, TX US",31.23593,-94.75468,87.1,3/29/2017,5.3,NA,23.9,15
USW00093987,"LUFKIN ANGELINA CO AIRPORT, TX US",31.23593,-94.75468,87.1,3/30/2017,0,NA,23.3,11.7
USW00093987,"LUFKIN ANGELINA CO AIRPORT, TX US",31.23593,-94.75468,87.1,3/31/2017,0,NA,28.9,8.3
USW00093987,"LUFKIN ANGELINA CO AIRPORT, TX US",31.23593,-94.75468,87.1,4/1/2017,0,NA,28.3,12.8
USW00093987,"LUFKIN ANGELINA CO AIRPORT, TX US",31.23593,-94.75468,87.1,4/2/2017,60.5,NA,22.2,16.1
USW00093987,"LUFKIN ANGELINA CO AIRPORT, TX US",31.23593,-94.75468,87.1,4/3/2017,0,NA,26.7,12.8
USW00093987,"LUFKIN ANGELINA CO AIRPORT, TX US",31.23593,-94.75468,87.1,4/4/2017,0,NA,29.4,13.9
USW00093987,"LUFKIN ANGELINA CO AIRPORT, TX US",31.23593,-94.75468,87.1,4/5/2017,5.3,NA,20.6,8.3
USW00093987,"LUFKIN ANGELINA CO AIRPORT, TX US",31.23593,-94.75468,87.1,4/6/2017,0,NA,23.9,5.6
USW00093987,"LUFKIN ANGELINA CO AIRPORT, TX US",31.23593,-94.75468,87.1,4/7/2017,0,NA,24.4,7.8
USW00093987,"LUFKIN ANGELINA CO AIRPORT, TX US",31.23593,-94.75468,87.1,4/8/2017,0,NA,26.7,10
USW00093987,"LUFKIN ANGELINA CO AIRPORT, TX US",31.23593,-94.75468,87.1,4/9/2017,0,NA,27.2,12.8
USW00093987,"LUFKIN ANGELINA CO AIRPORT, TX US",31.23593,-94.75468,87.1,4/10/2017,0,NA,26.7,19.4
USW00093987,"LUFKIN ANGELINA CO AIRPORT, TX US",31.23593,-94.75468,87.1,4/11/2017,21.1,NA,19.4,13.9
USW00093987,"LUFKIN ANGELINA CO AIRPORT, TX US",31.23593,-94.75468,87.1,4/12/2017,0,NA,26.7,14.4
USW00093987,"LUFKIN ANGELINA CO AIRPORT, TX US",31.23593,-94.75468,87.1,4/13/2017,0,NA,27.8,15
USW00093987,"LUFKIN ANGELINA CO AIRPORT, TX US",31.23593,-94.75468,87.1,4/14/2017,0,NA,27.2,12.2
USW00093987,"LUFKIN ANGELINA CO AIRPORT, TX US",31.23593,-94.75468,87.1,4/15/2017,0,NA,28.3,15.6
USW00093987,"LUFKIN ANGELINA CO AIRPORT, TX US",31.23593,-94.75468,87.1,4/16/2017,21.6,NA,29.4,17.2
USW00093987,"LUFKIN ANGELINA CO AIRPORT, TX US",31.23593,-94.75468,87.1,4/17/2017,19.6,NA,27.8,17.8
USW00093987,"LUFKIN ANGELINA CO AIRPORT, TX US",31.23593,-94.75468,87.1,4/18/2017,1.3,NA,23.3,17.8
USW00093987,"LUFKIN ANGELINA CO AIRPORT, TX US",31.23593,-94.75468,87.1,4/19/2017,6.9,NA,27.2,17.8
USW00093987,"LUFKIN ANGELINA CO AIRPORT, TX US",31.23593,-94.75468,87.1,4/20/2017,0,NA,28.9,19.4
USW00093987,"LUFKIN ANGELINA CO AIRPORT, TX US",31.23593,-94.75468,87.1,4/21/2017,0,NA,28.9,19.4
USW00093987,"LUFKIN ANGELINA CO AIRPORT, TX US",31.23593,-94.75468,87.1,4/22/2017,0.3,NA,21.7,11.7
USW00093987,"LUFKIN ANGELINA CO AIRPORT, TX US",31.23593,-94.75468,87.1,4/23/2017,0,NA,21.7,7.8
USW00093987,"LUFKIN ANGELINA CO AIRPORT, TX US",31.23593,-94.75468,87.1,4/24/2017,0,NA,25.6,7.8
USW00093987,"LUFKIN ANGELINA CO AIRPORT, TX US",31.23593,-94.75468,87.1,4/25/2017,0,NA,28.3,12.2
USW00093987,"LUFKIN ANGELINA CO AIRPORT, TX US",31.23593,-94.75468,87.1,4/26/2017,6.4,NA,30,12.2
USW00093987,"LUFKIN ANGELINA CO AIRPORT, TX US",31.23593,-94.75468,87.1,4/27/2017,0,NA,25.6,7.2
USW00093987,"LUFKIN ANGELINA CO AIRPORT, TX US",31.23593,-94.75468,87.1,4/28/2017,0,NA,31.7,17.8
USW00093987,"LUFKIN ANGELINA CO AIRPORT, TX US",31.23593,-94.75468,87.1,4/29/2017,1.8,NA,26.7,15.6
USW00093987,"LUFKIN ANGELINA CO AIRPORT, TX US",31.23593,-94.75468,87.1,4/30/2017,0,NA,21.1,10
USW00093987,"LUFKIN ANGELINA CO AIRPORT, TX US",31.23593,-94.75468,87.1,5/1/2017,0,NA,28.3,7.2
USW00093987,"LUFKIN ANGELINA CO AIRPORT, TX US",31.23593,-94.75468,87.1,5/2/2017,0,NA,30.6,12.2
USW00093987,"LUFKIN ANGELINA CO AIRPORT, TX US",31.23593,-94.75468,87.1,5/3/2017,20.1,NA,27.8,13.9
USW00093987,"LUFKIN ANGELINA CO AIRPORT, TX US",31.23593,-94.75468,87.1,5/4/2017,0,NA,21.7,11.1
USW00093987,"LUFKIN ANGELINA CO AIRPORT, TX US",31.23593,-94.75468,87.1,5/5/2017,0,NA,24.4,9.4
USW00093987,"LUFKIN ANGELINA CO AIRPORT, TX US",31.23593,-94.75468,87.1,5/6/2017,0,NA,27.2,8.9
USW00093987,"LUFKIN ANGELINA CO AIRPORT, TX US",31.23593,-94.75468,87.1,5/7/2017,0,NA,28.3,11.1
USW00093987,"LUFKIN ANGELINA CO AIRPORT, TX US",31.23593,-94.75468,87.1,5/8/2017,0,NA,27.8,12.8
USW00093987,"LUFKIN ANGELINA CO AIRPORT, TX US",31.23593,-94.75468,87.1,5/9/2017,0,NA,28.3,15
USW00093987,"LUFKIN ANGELINA CO AIRPORT, TX US",31.23593,-94.75468,87.1,5/10/2017,0,NA,29.4,17.2
USW00093987,"LUFKIN ANGELINA CO AIRPORT, TX US",31.23593,-94.75468,87.1,5/11/2017,0,NA,27.2,18.9
USW00093987,"LUFKIN ANGELINA CO AIRPORT, TX US",31.23593,-94.75468,87.1,5/12/2017,10.4,NA,25.6,16.7
USW00093987,"LUFKIN ANGELINA CO AIRPORT, TX US",31.23593,-94.75468,87.1,5/13/2017,0,NA,28.3,15
USW00093987,"LUFKIN ANGELINA CO AIRPORT, TX US",31.23593,-94.75468,87.1,5/14/2017,0,NA,29.4,13.9
USW00093987,"LUFKIN ANGELINA CO AIRPORT, TX US",31.23593,-94.75468,87.1,5/15/2017,0,NA,30,15
USW00093987,"LUFKIN ANGELINA CO AIRPORT, TX US",31.23593,-94.75468,87.1,5/16/2017,0,NA,30,16.7
USW00093987,"LUFKIN ANGELINA CO AIRPORT, TX US",31.23593,-94.75468,87.1,5/17/2017,0.5,NA,30,19.4
USW00093987,"LUFKIN ANGELINA CO AIRPORT, TX US",31.23593,-94.75468,87.1,5/18/2017,0,NA,31.7,21.1
USW00093987,"LUFKIN ANGELINA CO AIRPORT, TX US",31.23593,-94.75468,87.1,5/19/2017,0,NA,32.8,21.7
USW00093987,"LUFKIN ANGELINA CO AIRPORT, TX US",31.23593,-94.75468,87.1,5/20/2017,28.2,NA,30,19.4
USW00093987,"LUFKIN ANGELINA CO AIRPORT, TX US",31.23593,-94.75468,87.1,5/21/2017,0.8,NA,25,18.9
USW00093987,"LUFKIN ANGELINA CO AIRPORT, TX US",31.23593,-94.75468,87.1,5/22/2017,58.4,NA,20,16.1
USW00093987,"LUFKIN ANGELINA CO AIRPORT, TX US",31.23593,-94.75468,87.1,5/23/2017,23.6,NA,25,15.6
USW00093987,"LUFKIN ANGELINA CO AIRPORT, TX US",31.23593,-94.75468,87.1,5/24/2017,0,NA,24.4,12.2
USW00093987,"LUFKIN ANGELINA CO AIRPORT, TX US",31.23593,-94.75468,87.1,5/25/2017,0,NA,30.6,11.7
USW00093987,"LUFKIN ANGELINA CO AIRPORT, TX US",31.23593,-94.75468,87.1,5/26/2017,0,NA,31.7,18.9
USW00093987,"LUFKIN ANGELINA CO AIRPORT, TX US",31.23593,-94.75468,87.1,5/27/2017,0,NA,32.8,24.4
USW00093987,"LUFKIN ANGELINA CO AIRPORT, TX US",31.23593,-94.75468,87.1,5/28/2017,30.5,NA,32.8,18.9
USW00093987,"LUFKIN ANGELINA CO AIRPORT, TX US",31.23593,-94.75468,87.1,5/29/2017,1.8,NA,27.2,18.9
USW00093987,"LUFKIN ANGELINA CO AIRPORT, TX US",31.23593,-94.75468,87.1,5/30/2017,0,NA,30,19.4
USW00093987,"LUFKIN ANGELINA CO AIRPORT, TX US",31.23593,-94.75468,87.1,5/31/2017,0,NA,29.4,19.4
USW00093987,"LUFKIN ANGELINA CO AIRPORT, TX US",31.23593,-94.75468,87.1,6/1/2017,2,NA,28.9,21.1
USW00093987,"LUFKIN ANGELINA CO AIRPORT, TX US",31.23593,-94.75468,87.1,6/2/2017,13.2,NA,31.7,21.1
USW00093987,"LUFKIN ANGELINA CO AIRPORT, TX US",31.23593,-94.75468,87.1,6/3/2017,22.6,NA,31.7,21.1
USW00093987,"LUFKIN ANGELINA CO AIRPORT, TX US",31.23593,-94.75468,87.1,6/4/2017,6.4,NA,26.7,20.6
USW00093987,"LUFKIN ANGELINA CO AIRPORT, TX US",31.23593,-94.75468,87.1,6/5/2017,8.1,NA,28.3,20.6
USW00093987,"LUFKIN ANGELINA CO AIRPORT, TX US",31.23593,-94.75468,87.1,6/6/2017,19.1,NA,30,20.6
USW00093987,"LUFKIN ANGELINA CO AIRPORT, TX US",31.23593,-94.75468,87.1,6/7/2017,0,NA,31.1,20.6
USW00093987,"LUFKIN ANGELINA CO AIRPORT, TX US",31.23593,-94.75468,87.1,6/8/2017,0,NA,29.4,16.7
USW00093987,"LUFKIN ANGELINA CO AIRPORT, TX US",31.23593,-94.75468,87.1,6/9/2017,0,NA,28.3,16.7
USW00093987,"LUFKIN ANGELINA CO AIRPORT, TX US",31.23593,-94.75468,87.1,6/10/2017,0,NA,31.1,17.8
USW00093987,"LUFKIN ANGELINA CO AIRPORT, TX US",31.23593,-94.75468,87.1,6/11/2017,0,NA,32.2,20
USW00093987,"LUFKIN ANGELINA CO AIRPORT, TX US",31.23593,-94.75468,87.1,6/12/2017,3,NA,31.7,23.9
USW00093987,"LUFKIN ANGELINA CO AIRPORT, TX US",31.23593,-94.75468,87.1,6/13/2017,0.5,NA,31.7,23.3
USW00093987,"LUFKIN ANGELINA CO AIRPORT, TX US",31.23593,-94.75468,87.1,6/14/2017,0,NA,33.3,23.9
USW00093987,"LUFKIN ANGELINA CO AIRPORT, TX US",31.23593,-94.75468,87.1,6/15/2017,0,NA,33.9,22.8
USW00093987,"LUFKIN ANGELINA CO AIRPORT, TX US",31.23593,-94.75468,87.1,6/16/2017,0,NA,33.3,22.8
USW00093987,"LUFKIN ANGELINA CO AIRPORT, TX US",31.23593,-94.75468,87.1,6/17/2017,0,NA,33.3,22.8
USW00093987,"LUFKIN ANGELINA CO AIRPORT, TX US",31.23593,-94.75468,87.1,6/18/2017,0,NA,33.9,23.3
USW00093987,"LUFKIN ANGELINA CO AIRPORT, TX US",31.23593,-94.75468,87.1,6/19/2017,0,NA,33.3,23.3
USW00093987,"LUFKIN ANGELINA CO AIRPORT, TX US",31.23593,-94.75468,87.1,6/20/2017,0,NA,31.7,22.8
USW00093987,"LUFKIN ANGELINA CO AIRPORT, TX US",31.23593,-94.75468,87.1,6/21/2017,0.8,NA,28.9,22.8
USW00093987,"LUFKIN ANGELINA CO AIRPORT, TX US",31.23593,-94.75468,87.1,6/22/2017,43.4,NA,25,23.3
USW00093987,"LUFKIN ANGELINA CO AIRPORT, TX US",31.23593,-94.75468,87.1,6/23/2017,0.3,NA,32.8,24.4
USW00093987,"LUFKIN ANGELINA CO AIRPORT, TX US",31.23593,-94.75468,87.1,6/24/2017,11.2,NA,29.4,21.1
USW00093987,"LUFKIN ANGELINA CO AIRPORT, TX US",31.23593,-94.75468,87.1,6/25/2017,0,NA,30,21.7
USW00093987,"LUFKIN ANGELINA CO AIRPORT, TX US",31.23593,-94.75468,87.1,6/26/2017,0,NA,31.7,20.6
USW00093987,"LUFKIN ANGELINA CO AIRPORT, TX US",31.23593,-94.75468,87.1,6/27/2017,0,NA,31.7,21.7
USW00093987,"LUFKIN ANGELINA CO AIRPORT, TX US",31.23593,-94.75468,87.1,6/28/2017,0,NA,31.7,20.6
USW00093987,"LUFKIN ANGELINA CO AIRPORT, TX US",31.23593,-94.75468,87.1,6/29/2017,0,NA,33.3,22.2
USW00093987,"LUFKIN ANGELINA CO AIRPORT, TX US",31.23593,-94.75468,87.1,6/30/2017,0.8,NA,33.9,25.6
USW00093987,"LUFKIN ANGELINA CO AIRPORT, TX US",31.23593,-94.75468,87.1,7/1/2017,0,NA,33.3,25
USW00093987,"LUFKIN ANGELINA CO AIRPORT, TX US",31.23593,-94.75468,87.1,7/2/2017,0,NA,33.9,22.2
USW00093987,"LUFKIN ANGELINA CO AIRPORT, TX US",31.23593,-94.75468,87.1,7/3/2017,0,NA,33.9,23.3
USW00093987,"LUFKIN ANGELINA CO AIRPORT, TX US",31.23593,-94.75468,87.1,7/4/2017,0,NA,33.9,23.9
USW00093987,"LUFKIN ANGELINA CO AIRPORT, TX US",31.23593,-94.75468,87.1,7/5/2017,0,NA,34.4,22.8
USW00093987,"LUFKIN ANGELINA CO AIRPORT, TX US",31.23593,-94.75468,87.1,7/6/2017,0,NA,34.4,23.3
USW00093987,"LUFKIN ANGELINA CO AIRPORT, TX US",31.23593,-94.75468,87.1,7/7/2017,0,NA,34.4,22.8
USW00093987,"LUFKIN ANGELINA CO AIRPORT, TX US",31.23593,-94.75468,87.1,7/8/2017,8.9,NA,35,21.7
USW00093987,"LUFKIN ANGELINA CO AIRPORT, TX US",31.23593,-94.75468,87.1,7/9/2017,9.7,NA,33.3,21.1
USW00093987,"LUFKIN ANGELINA CO AIRPORT, TX US",31.23593,-94.75468,87.1,7/10/2017,0,NA,31.7,20.6
USW00093987,"LUFKIN ANGELINA CO AIRPORT, TX US",31.23593,-94.75468,87.1,7/11/2017,0,NA,33.9,22.2
USW00093987,"LUFKIN ANGELINA CO AIRPORT, TX US",31.23593,-94.75468,87.1,7/12/2017,0,NA,31.7,22.8
USW00093987,"LUFKIN ANGELINA CO AIRPORT, TX US",31.23593,-94.75468,87.1,7/13/2017,0,NA,34.4,22.2
USW00093987,"LUFKIN ANGELINA CO AIRPORT, TX US",31.23593,-94.75468,87.1,7/14/2017,1,NA,35,22.8
USW00093987,"LUFKIN ANGELINA CO AIRPORT, TX US",31.23593,-94.75468,87.1,7/15/2017,8.9,NA,33.9,22.2
USW00093987,"LUFKIN ANGELINA CO AIRPORT, TX US",31.23593,-94.75468,87.1,7/16/2017,10.4,NA,33.9,21.7
USW00093987,"LUFKIN ANGELINA CO AIRPORT, TX US",31.23593,-94.75468,87.1,7/17/2017,2,NA,33.3,22.8
USW00093987,"LUFKIN ANGELINA CO AIRPORT, TX US",31.23593,-94.75468,87.1,7/18/2017,0,NA,34.4,23.3
USW00093987,"LUFKIN ANGELINA CO AIRPORT, TX US",31.23593,-94.75468,87.1,7/19/2017,0,NA,34.4,23.3
USW00093987,"LUFKIN ANGELINA CO AIRPORT, TX US",31.23593,-94.75468,87.1,7/20/2017,0,NA,35,23.9
USW00093987,"LUFKIN ANGELINA CO AIRPORT, TX US",31.23593,-94.75468,87.1,7/21/2017,0,NA,34.4,23.9
USW00093987,"LUFKIN ANGELINA CO AIRPORT, TX US",31.23593,-94.75468,87.1,7/22/2017,0,NA,34.4,22.8
USW00093987,"LUFKIN ANGELINA CO AIRPORT, TX US",31.23593,-94.75468,87.1,7/23/2017,1.3,NA,33.9,23.9
USW00093987,"LUFKIN ANGELINA CO AIRPORT, TX US",31.23593,-94.75468,87.1,7/24/2017,41.9,NA,29.4,21.7
USW00093987,"LUFKIN ANGELINA CO AIRPORT, TX US",31.23593,-94.75468,87.1,7/25/2017,0,NA,33.3,22.8
USW00093987,"LUFKIN ANGELINA CO AIRPORT, TX US",31.23593,-94.75468,87.1,7/26/2017,0,NA,34.4,23.3
USW00093987,"LUFKIN ANGELINA CO AIRPORT, TX US",31.23593,-94.75468,87.1,7/27/2017,0,NA,34.4,22.8
USW00093987,"LUFKIN ANGELINA CO AIRPORT, TX US",31.23593,-94.75468,87.1,7/28/2017,0,NA,35,23.9
USW00093987,"LUFKIN ANGELINA CO AIRPORT, TX US",31.23593,-94.75468,87.1,7/29/2017,0,NA,32.8,25
USW00093987,"LUFKIN ANGELINA CO AIRPORT, TX US",31.23593,-94.75468,87.1,7/30/2017,0,NA,32.8,22.8
USW00093987,"LUFKIN ANGELINA CO AIRPORT, TX US",31.23593,-94.75468,87.1,7/31/2017,0,NA,32.8,19.4
USW00093987,"LUFKIN ANGELINA CO AIRPORT, TX US",31.23593,-94.75468,87.1,8/1/2017,0,NA,33.3,21.1
USW00093987,"LUFKIN ANGELINA CO AIRPORT, TX US",31.23593,-94.75468,87.1,8/2/2017,8.6,NA,25.6,22.2
USW00093987,"LUFKIN ANGELINA CO AIRPORT, TX US",31.23593,-94.75468,87.1,8/3/2017,0.3,NA,31.1,21.7
USW00093987,"LUFKIN ANGELINA CO AIRPORT, TX US",31.23593,-94.75468,87.1,8/4/2017,0,NA,33.9,22.2
USW00093987,"LUFKIN ANGELINA CO AIRPORT, TX US",31.23593,-94.75468,87.1,8/5/2017,0,NA,33.9,21.7
USW00093987,"LUFKIN ANGELINA CO AIRPORT, TX US",31.23593,-94.75468,87.1,8/6/2017,0,NA,34.4,23.9
USW00093987,"LUFKIN ANGELINA CO AIRPORT, TX US",31.23593,-94.75468,87.1,8/7/2017,25.1,NA,28.9,22.8
USW00093987,"LUFKIN ANGELINA CO AIRPORT, TX US",31.23593,-94.75468,87.1,8/8/2017,9.4,NA,30,22.8
USW00093987,"LUFKIN ANGELINA CO AIRPORT, TX US",31.23593,-94.75468,87.1,8/9/2017,2,NA,27.8,22.8
USW00093987,"LUFKIN ANGELINA CO AIRPORT, TX US",31.23593,-94.75468,87.1,8/10/2017,0,NA,33.3,24.4
USW00093987,"LUFKIN ANGELINA CO AIRPORT, TX US",31.23593,-94.75468,87.1,8/11/2017,0,NA,33.9,23.9
USW00093987,"LUFKIN ANGELINA CO AIRPORT, TX US",31.23593,-94.75468,87.1,8/12/2017,0,NA,35,25
USW00093987,"LUFKIN ANGELINA CO AIRPORT, TX US",31.23593,-94.75468,87.1,8/13/2017,0,NA,33.9,23.9
USW00093987,"LUFKIN ANGELINA CO AIRPORT, TX US",31.23593,-94.75468,87.1,8/14/2017,0,NA,34.4,24.4
USW00093987,"LUFKIN ANGELINA CO AIRPORT, TX US",31.23593,-94.75468,87.1,8/15/2017,0,NA,35,23.9
USW00093987,"LUFKIN ANGELINA CO AIRPORT, TX US",31.23593,-94.75468,87.1,8/16/2017,0,NA,35.6,24.4
USW00093987,"LUFKIN ANGELINA CO AIRPORT, TX US",31.23593,-94.75468,87.1,8/17/2017,0,NA,33.3,25
USW00093987,"LUFKIN ANGELINA CO AIRPORT, TX US",31.23593,-94.75468,87.1,8/18/2017,0,NA,35.6,22.8
USW00093987,"LUFKIN ANGELINA CO AIRPORT, TX US",31.23593,-94.75468,87.1,8/19/2017,0,NA,36.1,23.3
USW00093987,"LUFKIN ANGELINA CO AIRPORT, TX US",31.23593,-94.75468,87.1,8/20/2017,0,NA,35.6,23.3
USW00093987,"LUFKIN ANGELINA CO AIRPORT, TX US",31.23593,-94.75468,87.1,8/21/2017,0,NA,33.9,22.8
USW00093987,"LUFKIN ANGELINA CO AIRPORT, TX US",31.23593,-94.75468,87.1,8/22/2017,0,NA,35.6,21.7
USW00093987,"LUFKIN ANGELINA CO AIRPORT, TX US",31.23593,-94.75468,87.1,8/23/2017,0,NA,35.6,22.2
USW00093987,"LUFKIN ANGELINA CO AIRPORT, TX US",31.23593,-94.75468,87.1,8/24/2017,0,NA,33.3,22.8
USW00093987,"LUFKIN ANGELINA CO AIRPORT, TX US",31.23593,-94.75468,87.1,8/25/2017,0,NA,29.4,23.3
USW00093987,"LUFKIN ANGELINA CO AIRPORT, TX US",31.23593,-94.75468,87.1,8/26/2017,33.3,NA,26.1,22.8
USW00093987,"LUFKIN ANGELINA CO AIRPORT, TX US",31.23593,-94.75468,87.1,8/27/2017,93.2,NA,24.4,20
USW00093987,"LUFKIN ANGELINA CO AIRPORT, TX US",31.23593,-94.75468,87.1,8/28/2017,72.4,NA,22.2,20
USW00093987,"LUFKIN ANGELINA CO AIRPORT, TX US",31.23593,-94.75468,87.1,8/29/2017,53.6,NA,21.1,20
USW00093987,"LUFKIN ANGELINA CO AIRPORT, TX US",31.23593,-94.75468,87.1,8/30/2017,60.2,NA,22.2,20.6
USW00093987,"LUFKIN ANGELINA CO AIRPORT, TX US",31.23593,-94.75468,87.1,8/31/2017,1,NA,31.1,21.1
USW00093987,"LUFKIN ANGELINA CO AIRPORT, TX US",31.23593,-94.75468,87.1,9/1/2017,0,NA,31.7,20
USW00093987,"LUFKIN ANGELINA CO AIRPORT, TX US",31.23593,-94.75468,87.1,9/2/2017,0,NA,32.8,19.4
USW00093987,"LUFKIN ANGELINA CO AIRPORT, TX US",31.23593,-94.75468,87.1,9/3/2017,0,NA,32.2,19.4
USW00093987,"LUFKIN ANGELINA CO AIRPORT, TX US",31.23593,-94.75468,87.1,9/4/2017,0,NA,31.7,20
USW00093987,"LUFKIN ANGELINA CO AIRPORT, TX US",31.23593,-94.75468,87.1,9/5/2017,22.9,NA,32.8,20
USW00093987,"LUFKIN ANGELINA CO AIRPORT, TX US",31.23593,-94.75468,87.1,9/6/2017,0,NA,27.8,17.2
USW00093987,"LUFKIN ANGELINA CO AIRPORT, TX US",31.23593,-94.75468,87.1,9/7/2017,0,NA,26.7,13.9
USW00093987,"LUFKIN ANGELINA CO AIRPORT, TX US",31.23593,-94.75468,87.1,9/8/2017,0,NA,27.2,15
USW00093987,"LUFKIN ANGELINA CO AIRPORT, TX US",31.23593,-94.75468,87.1,9/9/2017,0,NA,27.8,15
USW00093987,"LUFKIN ANGELINA CO AIRPORT, TX US",31.23593,-94.75468,87.1,9/10/2017,0,NA,28.3,16.1
USW00093987,"LUFKIN ANGELINA CO AIRPORT, TX US",31.23593,-94.75468,87.1,9/11/2017,0,NA,27.8,15
USW00093987,"LUFKIN ANGELINA CO AIRPORT, TX US",31.23593,-94.75468,87.1,9/12/2017,0,NA,28.3,13.3
USW00093987,"LUFKIN ANGELINA CO AIRPORT, TX US",31.23593,-94.75468,87.1,9/13/2017,0,NA,29.4,15.6
USW00093987,"LUFKIN ANGELINA CO AIRPORT, TX US",31.23593,-94.75468,87.1,9/14/2017,0,NA,31.7,17.8
USW00093987,"LUFKIN ANGELINA CO AIRPORT, TX US",31.23593,-94.75468,87.1,9/15/2017,0,NA,30.6,18.3
USW00093987,"LUFKIN ANGELINA CO AIRPORT, TX US",31.23593,-94.75468,87.1,9/16/2017,0,NA,31.7,18.3
USW00093987,"LUFKIN ANGELINA CO AIRPORT, TX US",31.23593,-94.75468,87.1,9/17/2017,0,NA,32.2,17.2
USW00093987,"LUFKIN ANGELINA CO AIRPORT, TX US",31.23593,-94.75468,87.1,9/18/2017,26.7,NA,31.7,22.2
USW00093987,"LUFKIN ANGELINA CO AIRPORT, TX US",31.23593,-94.75468,87.1,9/19/2017,1.5,NA,31.7,22.8
USW00093987,"LUFKIN ANGELINA CO AIRPORT, TX US",31.23593,-94.75468,87.1,9/20/2017,0,NA,32.8,24.4
USW00093987,"LUFKIN ANGELINA CO AIRPORT, TX US",31.23593,-94.75468,87.1,9/21/2017,22.4,NA,32.2,22.2
USW00093987,"LUFKIN ANGELINA CO AIRPORT, TX US",31.23593,-94.75468,87.1,9/22/2017,0,NA,31.1,20.6
USW00093987,"LUFKIN ANGELINA CO AIRPORT, TX US",31.23593,-94.75468,87.1,9/23/2017,0,NA,32.2,20.6
USW00093987,"LUFKIN ANGELINA CO AIRPORT, TX US",31.23593,-94.75468,87.1,9/24/2017,0,NA,31.7,21.1
USW00093987,"LUFKIN ANGELINA CO AIRPORT, TX US",31.23593,-94.75468,87.1,9/25/2017,0,NA,31.7,20.6
USW00093987,"LUFKIN ANGELINA CO AIRPORT, TX US",31.23593,-94.75468,87.1,9/26/2017,0,NA,31.7,20
USW00093987,"LUFKIN ANGELINA CO AIRPORT, TX US",31.23593,-94.75468,87.1,9/27/2017,0,NA,32.8,21.1
USW00093987,"LUFKIN ANGELINA CO AIRPORT, TX US",31.23593,-94.75468,87.1,9/28/2017,0,NA,32.8,22.8
USW00093987,"LUFKIN ANGELINA CO AIRPORT, TX US",31.23593,-94.75468,87.1,9/29/2017,0,NA,30.6,20.6
USW00093987,"LUFKIN ANGELINA CO AIRPORT, TX US",31.23593,-94.75468,87.1,9/30/2017,0,NA,29.4,17.2
USW00093987,"LUFKIN ANGELINA CO AIRPORT, TX US",31.23593,-94.75468,87.1,10/1/2017,0,NA,30.6,16.1
USW00093987,"LUFKIN ANGELINA CO AIRPORT, TX US",31.23593,-94.75468,87.1,10/2/2017,0,NA,30,21.1
USW00093987,"LUFKIN ANGELINA CO AIRPORT, TX US",31.23593,-94.75468,87.1,10/3/2017,9.1,NA,28.3,23.3
USW00093987,"LUFKIN ANGELINA CO AIRPORT, TX US",31.23593,-94.75468,87.1,10/4/2017,0,NA,30.6,20
USW00093987,"LUFKIN ANGELINA CO AIRPORT, TX US",31.23593,-94.75468,87.1,10/5/2017,0,NA,30,18.3
USW00093987,"LUFKIN ANGELINA CO AIRPORT, TX US",31.23593,-94.75468,87.1,10/6/2017,0,NA,29.4,17.2
USW00093987,"LUFKIN ANGELINA CO AIRPORT, TX US",31.23593,-94.75468,87.1,10/7/2017,0.3,NA,31.1,17.8
USW00093987,"LUFKIN ANGELINA CO AIRPORT, TX US",31.23593,-94.75468,87.1,10/8/2017,0,NA,31.7,18.9
USW00093987,"LUFKIN ANGELINA CO AIRPORT, TX US",31.23593,-94.75468,87.1,10/9/2017,0,NA,32.8,22.2
USW00093987,"LUFKIN ANGELINA CO AIRPORT, TX US",31.23593,-94.75468,87.1,10/10/2017,0,NA,26.7,15
USW00093987,"LUFKIN ANGELINA CO AIRPORT, TX US",31.23593,-94.75468,87.1,10/11/2017,0,NA,26.1,12.2
USW00093987,"LUFKIN ANGELINA CO AIRPORT, TX US",31.23593,-94.75468,87.1,10/12/2017,0,NA,30,15
USW00093987,"LUFKIN ANGELINA CO AIRPORT, TX US",31.23593,-94.75468,87.1,10/13/2017,0,NA,32.2,18.9
USW00093987,"LUFKIN ANGELINA CO AIRPORT, TX US",31.23593,-94.75468,87.1,10/14/2017,0,NA,31.7,19.4
USW00093987,"LUFKIN ANGELINA CO AIRPORT, TX US",31.23593,-94.75468,87.1,10/15/2017,0,NA,29.4,16.7
USW00093987,"LUFKIN ANGELINA CO AIRPORT, TX US",31.23593,-94.75468,87.1,10/16/2017,0,NA,23.3,10
USW00093987,"LUFKIN ANGELINA CO AIRPORT, TX US",31.23593,-94.75468,87.1,10/17/2017,0,NA,24.4,6.1
USW00093987,"LUFKIN ANGELINA CO AIRPORT, TX US",31.23593,-94.75468,87.1,10/18/2017,0,NA,26.7,6.7
USW00093987,"LUFKIN ANGELINA CO AIRPORT, TX US",31.23593,-94.75468,87.1,10/19/2017,0,NA,27.2,11.7
USW00093987,"LUFKIN ANGELINA CO AIRPORT, TX US",31.23593,-94.75468,87.1,10/20/2017,1.3,NA,26.7,16.7
USW00093987,"LUFKIN ANGELINA CO AIRPORT, TX US",31.23593,-94.75468,87.1,10/21/2017,0,NA,30.6,19.4
USW00093987,"LUFKIN ANGELINA CO AIRPORT, TX US",31.23593,-94.75468,87.1,10/22/2017,31,NA,22.8,10.6
USW00093987,"LUFKIN ANGELINA CO AIRPORT, TX US",31.23593,-94.75468,87.1,10/23/2017,0,NA,25,7.2
USW00093987,"LUFKIN ANGELINA CO AIRPORT, TX US",31.23593,-94.75468,87.1,10/24/2017,0,NA,22.8,6.7
USW00093987,"LUFKIN ANGELINA CO AIRPORT, TX US",31.23593,-94.75468,87.1,10/25/2017,0,NA,23.3,2.8
USW00093987,"LUFKIN ANGELINA CO AIRPORT, TX US",31.23593,-94.75468,87.1,10/26/2017,0,NA,26.7,7.2
USW00093987,"LUFKIN ANGELINA CO AIRPORT, TX US",31.23593,-94.75468,87.1,10/27/2017,0,NA,18.9,6.1
USW00093987,"LUFKIN ANGELINA CO AIRPORT, TX US",31.23593,-94.75468,87.1,10/28/2017,0,NA,15.6,0.6
USW00093987,"LUFKIN ANGELINA CO AIRPORT, TX US",31.23593,-94.75468,87.1,10/29/2017,0,NA,20.6,-1.6
USW00093987,"LUFKIN ANGELINA CO AIRPORT, TX US",31.23593,-94.75468,87.1,10/30/2017,0,NA,24.4,3.9
USW00093987,"LUFKIN ANGELINA CO AIRPORT, TX US",31.23593,-94.75468,87.1,10/31/2017,26.4,NA,21.7,11.7
USW00093987,"LUFKIN ANGELINA CO AIRPORT, TX US",31.23593,-94.75468,87.1,11/1/2017,23.1,NA,24.4,13.9
USW00093987,"LUFKIN ANGELINA CO AIRPORT, TX US",31.23593,-94.75468,87.1,11/2/2017,0,NA,29.4,21.7
USW00093987,"LUFKIN ANGELINA CO AIRPORT, TX US",31.23593,-94.75468,87.1,11/3/2017,0,NA,30,21.1
USW00093987,"LUFKIN ANGELINA CO AIRPORT, TX US",31.23593,-94.75468,87.1,11/4/2017,0,NA,28.9,20.6
USW00093987,"LUFKIN ANGELINA CO AIRPORT, TX US",31.23593,-94.75468,87.1,11/5/2017,0,NA,28.9,21.7
USW00093987,"LUFKIN ANGELINA CO AIRPORT, TX US",31.23593,-94.75468,87.1,11/6/2017,0,NA,29.4,20.6
USW00093987,"LUFKIN ANGELINA CO AIRPORT, TX US",31.23593,-94.75468,87.1,11/7/2017,0,NA,29.4,13.9
USW00093987,"LUFKIN ANGELINA CO AIRPORT, TX US",31.23593,-94.75468,87.1,11/8/2017,9.9,NA,13.9,10
USW00093987,"LUFKIN ANGELINA CO AIRPORT, TX US",31.23593,-94.75468,87.1,11/9/2017,0,NA,17.2,8.3
USW00093987,"LUFKIN ANGELINA CO AIRPORT, TX US",31.23593,-94.75468,87.1,11/10/2017,0,NA,20,5.6
USW00093987,"LUFKIN ANGELINA CO AIRPORT, TX US",31.23593,-94.75468,87.1,11/11/2017,0,NA,18.9,10
USW00093987,"LUFKIN ANGELINA CO AIRPORT, TX US",31.23593,-94.75468,87.1,11/12/2017,1,NA,25,13.3
USW00093987,"LUFKIN ANGELINA CO AIRPORT, TX US",31.23593,-94.75468,87.1,11/13/2017,0,NA,23.9,14.4
USW00093987,"LUFKIN ANGELINA CO AIRPORT, TX US",31.23593,-94.75468,87.1,11/14/2017,0,NA,23.9,12.8
USW00093987,"LUFKIN ANGELINA CO AIRPORT, TX US",31.23593,-94.75468,87.1,11/15/2017,0,NA,25,13.9
USW00093987,"LUFKIN ANGELINA CO AIRPORT, TX US",31.23593,-94.75468,87.1,11/16/2017,0,NA,24.4,17.2
USW00093987,"LUFKIN ANGELINA CO AIRPORT, TX US",31.23593,-94.75468,87.1,11/17/2017,0,NA,27.8,17.2
USW00093987,"LUFKIN ANGELINA CO AIRPORT, TX US",31.23593,-94.75468,87.1,11/18/2017,0,NA,28.3,10.6
USW00093987,"LUFKIN ANGELINA CO AIRPORT, TX US",31.23593,-94.75468,87.1,11/19/2017,0,NA,17.8,4.4
USW00093987,"LUFKIN ANGELINA CO AIRPORT, TX US",31.23593,-94.75468,87.1,11/20/2017,0,NA,17.2,2.2
USW00093987,"LUFKIN ANGELINA CO AIRPORT, TX US",31.23593,-94.75468,87.1,11/21/2017,0,NA,17.8,5.6
USW00093987,"LUFKIN ANGELINA CO AIRPORT, TX US",31.23593,-94.75468,87.1,11/22/2017,0,NA,17.8,5
USW00093987,"LUFKIN ANGELINA CO AIRPORT, TX US",31.23593,-94.75468,87.1,11/23/2017,0,NA,17.2,0.6
USW00093987,"LUFKIN ANGELINA CO AIRPORT, TX US",31.23593,-94.75468,87.1,11/24/2017,0,NA,21.1,2.2
USW00093987,"LUFKIN ANGELINA CO AIRPORT, TX US",31.23593,-94.75468,87.1,11/25/2017,0,NA,25.6,6.1
USW00093987,"LUFKIN ANGELINA CO AIRPORT, TX US",31.23593,-94.75468,87.1,11/26/2017,0,NA,22.8,6.1
USW00093987,"LUFKIN ANGELINA CO AIRPORT, TX US",31.23593,-94.75468,87.1,11/27/2017,0,NA,21.7,3.3
USW00093987,"LUFKIN ANGELINA CO AIRPORT, TX US",31.23593,-94.75468,87.1,11/28/2017,0,NA,23.9,4.4
USW00093987,"LUFKIN ANGELINA CO AIRPORT, TX US",31.23593,-94.75468,87.1,11/29/2017,0,NA,21.7,8.3
USW00093987,"LUFKIN ANGELINA CO AIRPORT, TX US",31.23593,-94.75468,87.1,11/30/2017,0,NA,21.7,5
USW00093987,"LUFKIN ANGELINA CO AIRPORT, TX US",31.23593,-94.75468,87.1,12/1/2017,0,NA,22.2,5
USW00093987,"LUFKIN ANGELINA CO AIRPORT, TX US",31.23593,-94.75468,87.1,12/2/2017,0,NA,23.3,7.2
USW00093987,"LUFKIN ANGELINA CO AIRPORT, TX US",31.23593,-94.75468,87.1,12/3/2017,8.4,NA,23.3,9.4
USW00093987,"LUFKIN ANGELINA CO AIRPORT, TX US",31.23593,-94.75468,87.1,12/4/2017,0.3,NA,27.2,14.4
USW00093987,"LUFKIN ANGELINA CO AIRPORT, TX US",31.23593,-94.75468,87.1,12/5/2017,14.7,NA,21.1,10
USW00093987,"LUFKIN ANGELINA CO AIRPORT, TX US",31.23593,-94.75468,87.1,12/6/2017,7.1,NA,10,5
USW00093987,"LUFKIN ANGELINA CO AIRPORT, TX US",31.23593,-94.75468,87.1,12/7/2017,1,NA,10,0
USW00093987,"LUFKIN ANGELINA CO AIRPORT, TX US",31.23593,-94.75468,87.1,12/8/2017,0,NA,6.7,-3.2
USW00093987,"LUFKIN ANGELINA CO AIRPORT, TX US",31.23593,-94.75468,87.1,12/9/2017,0,NA,15,-3.8
USW00093987,"LUFKIN ANGELINA CO AIRPORT, TX US",31.23593,-94.75468,87.1,12/10/2017,0,NA,17.2,-1.6
USW00093987,"LUFKIN ANGELINA CO AIRPORT, TX US",31.23593,-94.75468,87.1,12/11/2017,0,NA,22.2,0.6
USW00093987,"LUFKIN ANGELINA CO AIRPORT, TX US",31.23593,-94.75468,87.1,12/12/2017,0,NA,16.1,0
USW00093987,"LUFKIN ANGELINA CO AIRPORT, TX US",31.23593,-94.75468,87.1,12/13/2017,0,NA,15.6,-2.1
USW00093987,"LUFKIN ANGELINA CO AIRPORT, TX US",31.23593,-94.75468,87.1,12/14/2017,0,NA,16.1,2.2
USW00093987,"LUFKIN ANGELINA CO AIRPORT, TX US",31.23593,-94.75468,87.1,12/15/2017,0,NA,13.9,2.8
USW00093987,"LUFKIN ANGELINA CO AIRPORT, TX US",31.23593,-94.75468,87.1,12/16/2017,21.8,NA,11.1,0.6
USW00093987,"LUFKIN ANGELINA CO AIRPORT, TX US",31.23593,-94.75468,87.1,12/17/2017,4.1,NA,12.2,6.7
USW00093987,"LUFKIN ANGELINA CO AIRPORT, TX US",31.23593,-94.75468,87.1,12/18/2017,2.5,NA,17.8,9.4
USW00093987,"LUFKIN ANGELINA CO AIRPORT, TX US",31.23593,-94.75468,87.1,12/19/2017,13.5,NA,23.9,16.1
USW00093987,"LUFKIN ANGELINA CO AIRPORT, TX US",31.23593,-94.75468,87.1,12/20/2017,0,NA,22.8,9.4
USW00093987,"LUFKIN ANGELINA CO AIRPORT, TX US",31.23593,-94.75468,87.1,12/21/2017,0,NA,23.3,7.2
USW00093987,"LUFKIN ANGELINA CO AIRPORT, TX US",31.23593,-94.75468,87.1,12/22/2017,4.1,NA,26.1,5
USW00093987,"LUFKIN ANGELINA CO AIRPORT, TX US",31.23593,-94.75468,87.1,12/23/2017,0,NA,11.7,2.2
USW00093987,"LUFKIN ANGELINA CO AIRPORT, TX US",31.23593,-94.75468,87.1,12/24/2017,0,NA,11.7,1.7
USW00093987,"LUFKIN ANGELINA CO AIRPORT, TX US",31.23593,-94.75468,87.1,12/25/2017,0,NA,10.6,-0.5
USW00093987,"LUFKIN ANGELINA CO AIRPORT, TX US",31.23593,-94.75468,87.1,12/26/2017,13,NA,6.7,3.9
USW00093987,"LUFKIN ANGELINA CO AIRPORT, TX US",31.23593,-94.75468,87.1,12/27/2017,0,NA,6.1,2.8
USW00093987,"LUFKIN ANGELINA CO AIRPORT, TX US",31.23593,-94.75468,87.1,12/28/2017,0,NA,4.4,1.1
USW00093987,"LUFKIN ANGELINA CO AIRPORT, TX US",31.23593,-94.75468,87.1,12/29/2017,0,NA,8.9,2.8
USW00093987,"LUFKIN ANGELINA CO AIRPORT, TX US",31.23593,-94.75468,87.1,12/30/2017,1.3,NA,10,6.7
USW00093987,"LUFKIN ANGELINA CO AIRPORT, TX US",31.23593,-94.75468,87.1,12/31/2017,0,NA,7.8,0
USW00093987,"LUFKIN ANGELINA CO AIRPORT, TX US",31.23593,-94.75468,87.1,1/1/2018,0,NA,1.7,-4.9
USW00093987,"LUFKIN ANGELINA CO AIRPORT, TX US",31.23593,-94.75468,87.1,1/2/2018,0,NA,-0.5,-5.5
USW00093987,"LUFKIN ANGELINA CO AIRPORT, TX US",31.23593,-94.75468,87.1,1/3/2018,0,NA,7.2,-6.6
USW00093987,"LUFKIN ANGELINA CO AIRPORT, TX US",31.23593,-94.75468,87.1,1/4/2018,0,NA,10.6,-6
USW00093987,"LUFKIN ANGELINA CO AIRPORT, TX US",31.23593,-94.75468,87.1,1/5/2018,0,NA,14.4,-2.1
USW00093987,"LUFKIN ANGELINA CO AIRPORT, TX US",31.23593,-94.75468,87.1,1/6/2018,0,NA,16.1,-1
USW00093987,"LUFKIN ANGELINA CO AIRPORT, TX US",31.23593,-94.75468,87.1,1/7/2018,6.9,NA,16.1,5
USW00093987,"LUFKIN ANGELINA CO AIRPORT, TX US",31.23593,-94.75468,87.1,1/8/2018,1.3,NA,15,4.4
USW00093987,"LUFKIN ANGELINA CO AIRPORT, TX US",31.23593,-94.75468,87.1,1/9/2018,0,NA,10,3.9
USW00093987,"LUFKIN ANGELINA CO AIRPORT, TX US",31.23593,-94.75468,87.1,1/10/2018,0,NA,15,9.4
USW00093987,"LUFKIN ANGELINA CO AIRPORT, TX US",31.23593,-94.75468,87.1,1/11/2018,20.1,NA,17.8,1.7
USW00093987,"LUFKIN ANGELINA CO AIRPORT, TX US",31.23593,-94.75468,87.1,1/12/2018,0,NA,7.8,-3.2
USW00093987,"LUFKIN ANGELINA CO AIRPORT, TX US",31.23593,-94.75468,87.1,1/13/2018,0,NA,8.9,-2.7
USW00093987,"LUFKIN ANGELINA CO AIRPORT, TX US",31.23593,-94.75468,87.1,1/14/2018,0,NA,10.6,-3.2
USW00093987,"LUFKIN ANGELINA CO AIRPORT, TX US",31.23593,-94.75468,87.1,1/15/2018,0.5,NA,17.8,-1.6
USW00093987,"LUFKIN ANGELINA CO AIRPORT, TX US",31.23593,-94.75468,87.1,1/16/2018,2.3,NA,6.7,-7.7
USW00093987,"LUFKIN ANGELINA CO AIRPORT, TX US",31.23593,-94.75468,87.1,1/17/2018,0,NA,2.2,-10.5
USW00093987,"LUFKIN ANGELINA CO AIRPORT, TX US",31.23593,-94.75468,87.1,1/18/2018,0,NA,7.2,-9.3
USW00093987,"LUFKIN ANGELINA CO AIRPORT, TX US",31.23593,-94.75468,87.1,1/19/2018,0,NA,15.6,2.8
USW00093987,"LUFKIN ANGELINA CO AIRPORT, TX US",31.23593,-94.75468,87.1,1/20/2018,0.8,NA,20.6,9.4
USW00093987,"LUFKIN ANGELINA CO AIRPORT, TX US",31.23593,-94.75468,87.1,1/21/2018,1,NA,23.3,17.8
USW00093987,"LUFKIN ANGELINA CO AIRPORT, TX US",31.23593,-94.75468,87.1,1/22/2018,0.5,NA,19.4,2.8
USW00093987,"LUFKIN ANGELINA CO AIRPORT, TX US",31.23593,-94.75468,87.1,1/23/2018,0,NA,16.1,-1.6
USW00093987,"LUFKIN ANGELINA CO AIRPORT, TX US",31.23593,-94.75468,87.1,1/24/2018,0,NA,17.8,-2.1
USW00093987,"LUFKIN ANGELINA CO AIRPORT, TX US",31.23593,-94.75468,87.1,1/25/2018,0,NA,17.2,-2.1
USW00093987,"LUFKIN ANGELINA CO AIRPORT, TX US",31.23593,-94.75468,87.1,1/26/2018,0,NA,20.6,0.6
USW00093987,"LUFKIN ANGELINA CO AIRPORT, TX US",31.23593,-94.75468,87.1,1/27/2018,28.2,NA,19.4,14.4
USW00093987,"LUFKIN ANGELINA CO AIRPORT, TX US",31.23593,-94.75468,87.1,1/28/2018,0,NA,20.6,4.4
USW00093987,"LUFKIN ANGELINA CO AIRPORT, TX US",31.23593,-94.75468,87.1,1/29/2018,0,NA,15.6,0.6
USW00093987,"LUFKIN ANGELINA CO AIRPORT, TX US",31.23593,-94.75468,87.1,1/30/2018,0,NA,14.4,-1
USW00093987,"LUFKIN ANGELINA CO AIRPORT, TX US",31.23593,-94.75468,87.1,1/31/2018,0,NA,21.1,1.1
USW00093987,"LUFKIN ANGELINA CO AIRPORT, TX US",31.23593,-94.75468,87.1,2/1/2018,0,NA,22.2,8.3
USW00093987,"LUFKIN ANGELINA CO AIRPORT, TX US",31.23593,-94.75468,87.1,2/2/2018,0,NA,12.2,5.6
USW00093987,"LUFKIN ANGELINA CO AIRPORT, TX US",31.23593,-94.75468,87.1,2/3/2018,7.6,NA,7.8,3.9
USW00093987,"LUFKIN ANGELINA CO AIRPORT, TX US",31.23593,-94.75468,87.1,2/4/2018,0,NA,14.4,6.1
USW00093987,"LUFKIN ANGELINA CO AIRPORT, TX US",31.23593,-94.75468,87.1,2/5/2018,0,NA,15,3.3
USW00093987,"LUFKIN ANGELINA CO AIRPORT, TX US",31.23593,-94.75468,87.1,2/6/2018,6.1,NA,17.2,11.1
USW00093987,"LUFKIN ANGELINA CO AIRPORT, TX US",31.23593,-94.75468,87.1,2/7/2018,8.6,NA,11.1,2.8
USW00093987,"LUFKIN ANGELINA CO AIRPORT, TX US",31.23593,-94.75468,87.1,2/8/2018,0,NA,16.7,-0.5
USW00093987,"LUFKIN ANGELINA CO AIRPORT, TX US",31.23593,-94.75468,87.1,2/9/2018,0,NA,21.7,5.6
USW00093987,"LUFKIN ANGELINA CO AIRPORT, TX US",31.23593,-94.75468,87.1,2/10/2018,36.1,NA,20.6,5
USW00093987,"LUFKIN ANGELINA CO AIRPORT, TX US",31.23593,-94.75468,87.1,2/11/2018,0.3,NA,5,0.6
USW00093987,"LUFKIN ANGELINA CO AIRPORT, TX US",31.23593,-94.75468,87.1,2/12/2018,0,NA,7.2,0.6
USW00093987,"LUFKIN ANGELINA CO AIRPORT, TX US",31.23593,-94.75468,87.1,2/13/2018,7.1,NA,8.3,3.3
USW00093987,"LUFKIN ANGELINA CO AIRPORT, TX US",31.23593,-94.75468,87.1,2/14/2018,8.9,NA,24.4,8.3
USW00093987,"LUFKIN ANGELINA CO AIRPORT, TX US",31.23593,-94.75468,87.1,2/15/2018,0,NA,26.1,18.9
USW00093987,"LUFKIN ANGELINA CO AIRPORT, TX US",31.23593,-94.75468,87.1,2/16/2018,0,NA,23.3,12.8
USW00093987,"LUFKIN ANGELINA CO AIRPORT, TX US",31.23593,-94.75468,87.1,2/17/2018,2,NA,16.1,11.1
USW00093987,"LUFKIN ANGELINA CO AIRPORT, TX US",31.23593,-94.75468,87.1,2/18/2018,0.5,NA,23.3,11.7
USW00093987,"LUFKIN ANGELINA CO AIRPORT, TX US",31.23593,-94.75468,87.1,2/19/2018,0.3,NA,26.7,18.3
USW00093987,"LUFKIN ANGELINA CO AIRPORT, TX US",31.23593,-94.75468,87.1,2/20/2018,1.5,NA,25,20
USW00093987,"LUFKIN ANGELINA CO AIRPORT, TX US",31.23593,-94.75468,87.1,2/21/2018,54.1,NA,21.7,10.6
USW00093987,"LUFKIN ANGELINA CO AIRPORT, TX US",31.23593,-94.75468,87.1,2/22/2018,21.8,NA,20,11.7
USW00093987,"LUFKIN ANGELINA CO AIRPORT, TX US",31.23593,-94.75468,87.1,2/23/2018,1.5,NA,27.2,11.1
USW00093987,"LUFKIN ANGELINA CO AIRPORT, TX US",31.23593,-94.75468,87.1,2/24/2018,2.8,NA,24.4,15
USW00093987,"LUFKIN ANGELINA CO AIRPORT, TX US",31.23593,-94.75468,87.1,2/25/2018,40.6,NA,15,10.6
USW00093987,"LUFKIN ANGELINA CO AIRPORT, TX US",31.23593,-94.75468,87.1,2/26/2018,0,NA,20.6,10
USW00093987,"LUFKIN ANGELINA CO AIRPORT, TX US",31.23593,-94.75468,87.1,2/27/2018,0.3,NA,23.3,10.6
USW00093987,"LUFKIN ANGELINA CO AIRPORT, TX US",31.23593,-94.75468,87.1,2/28/2018,0,NA,28.3,19.4
USW00093987,"LUFKIN ANGELINA CO AIRPORT, TX US",31.23593,-94.75468,87.1,3/1/2018,1,NA,23.9,12.8
USW00093987,"LUFKIN ANGELINA CO AIRPORT, TX US",31.23593,-94.75468,87.1,3/2/2018,0,NA,23.3,10.6
USW00093987,"LUFKIN ANGELINA CO AIRPORT, TX US",31.23593,-94.75468,87.1,3/3/2018,0,NA,23.3,8.3
USW00093987,"LUFKIN ANGELINA CO AIRPORT, TX US",31.23593,-94.75468,87.1,3/4/2018,0,NA,25,15
USW00093987,"LUFKIN ANGELINA CO AIRPORT, TX US",31.23593,-94.75468,87.1,3/5/2018,0,NA,27.2,16.1
USW00093987,"LUFKIN ANGELINA CO AIRPORT, TX US",31.23593,-94.75468,87.1,3/6/2018,0,NA,22.2,4.4
USW00093987,"LUFKIN ANGELINA CO AIRPORT, TX US",31.23593,-94.75468,87.1,3/7/2018,0,NA,16.1,5
USW00093987,"LUFKIN ANGELINA CO AIRPORT, TX US",31.23593,-94.75468,87.1,3/8/2018,0,NA,20.6,3.3
USW00093987,"LUFKIN ANGELINA CO AIRPORT, TX US",31.23593,-94.75468,87.1,3/9/2018,0,NA,22.2,4.4
USW00093987,"LUFKIN ANGELINA CO AIRPORT, TX US",31.23593,-94.75468,87.1,3/10/2018,0,NA,28.3,15.6
USW00093987,"LUFKIN ANGELINA CO AIRPORT, TX US",31.23593,-94.75468,87.1,3/11/2018,0.5,NA,21.7,11.7
USW00093987,"LUFKIN ANGELINA CO AIRPORT, TX US",31.23593,-94.75468,87.1,3/12/2018,0,NA,17.2,5
USW00093987,"LUFKIN ANGELINA CO AIRPORT, TX US",31.23593,-94.75468,87.1,3/13/2018,0,NA,20,3.3
USW00093987,"LUFKIN ANGELINA CO AIRPORT, TX US",31.23593,-94.75468,87.1,3/14/2018,0,NA,20,1.7
USW00093987,"LUFKIN ANGELINA CO AIRPORT, TX US",31.23593,-94.75468,87.1,3/15/2018,0,NA,23.9,4.4
USW00093987,"LUFKIN ANGELINA CO AIRPORT, TX US",31.23593,-94.75468,87.1,3/16/2018,0.3,NA,28.9,17.2
USW00093987,"LUFKIN ANGELINA CO AIRPORT, TX US",31.23593,-94.75468,87.1,3/17/2018,2,NA,28.9,18.3
USW00093987,"LUFKIN ANGELINA CO AIRPORT, TX US",31.23593,-94.75468,87.1,3/18/2018,11.7,NA,28.3,16.7
USW00093987,"LUFKIN ANGELINA CO AIRPORT, TX US",31.23593,-94.75468,87.1,3/19/2018,0,NA,27.2,13.3
USW00093987,"LUFKIN ANGELINA CO AIRPORT, TX US",31.23593,-94.75468,87.1,3/20/2018,0,NA,20,7.2
USW00093987,"LUFKIN ANGELINA CO AIRPORT, TX US",31.23593,-94.75468,87.1,3/21/2018,0,NA,23.3,3.9
USW00093987,"LUFKIN ANGELINA CO AIRPORT, TX US",31.23593,-94.75468,87.1,3/22/2018,0,NA,25,6.7
USW00093987,"LUFKIN ANGELINA CO AIRPORT, TX US",31.23593,-94.75468,87.1,3/23/2018,0,NA,26.7,10.6
USW00093987,"LUFKIN ANGELINA CO AIRPORT, TX US",31.23593,-94.75468,87.1,3/24/2018,0,NA,26.1,17.8
USW00093987,"LUFKIN ANGELINA CO AIRPORT, TX US",31.23593,-94.75468,87.1,3/25/2018,0,NA,28.3,17.2
USW00093987,"LUFKIN ANGELINA CO AIRPORT, TX US",31.23593,-94.75468,87.1,3/26/2018,0,NA,29.4,18.9
USW00093987,"LUFKIN ANGELINA CO AIRPORT, TX US",31.23593,-94.75468,87.1,3/27/2018,0.3,NA,27.8,20.6
USW00093987,"LUFKIN ANGELINA CO AIRPORT, TX US",31.23593,-94.75468,87.1,3/28/2018,114.3,NA,22.2,15.6
USW00093987,"LUFKIN ANGELINA CO AIRPORT, TX US",31.23593,-94.75468,87.1,3/29/2018,36.3,NA,25,14.4
USW00093987,"LUFKIN ANGELINA CO AIRPORT, TX US",31.23593,-94.75468,87.1,3/30/2018,0,NA,23.9,10
USW00093987,"LUFKIN ANGELINA CO AIRPORT, TX US",31.23593,-94.75468,87.1,3/31/2018,0,NA,26.7,9.4
USW00093987,"LUFKIN ANGELINA CO AIRPORT, TX US",31.23593,-94.75468,87.1,4/1/2018,0,NA,26.7,13.3
USW00093987,"LUFKIN ANGELINA CO AIRPORT, TX US",31.23593,-94.75468,87.1,4/2/2018,0,NA,28.9,17.2
USW00093987,"LUFKIN ANGELINA CO AIRPORT, TX US",31.23593,-94.75468,87.1,4/3/2018,20.1,NA,28.3,13.9
USW00093987,"LUFKIN ANGELINA CO AIRPORT, TX US",31.23593,-94.75468,87.1,4/4/2018,0,NA,21.1,8.9
USW00093987,"LUFKIN ANGELINA CO AIRPORT, TX US",31.23593,-94.75468,87.1,4/5/2018,0,NA,22.8,7.2
USW00093987,"LUFKIN ANGELINA CO AIRPORT, TX US",31.23593,-94.75468,87.1,4/6/2018,23.4,NA,28.3,17.2
USW00093987,"LUFKIN ANGELINA CO AIRPORT, TX US",31.23593,-94.75468,87.1,4/7/2018,0.5,NA,17.8,5.6
USW00093987,"LUFKIN ANGELINA CO AIRPORT, TX US",31.23593,-94.75468,87.1,4/8/2018,0,NA,11.7,3.9
USW00093987,"LUFKIN ANGELINA CO AIRPORT, TX US",31.23593,-94.75468,87.1,4/9/2018,0,NA,20.6,10.6
USW00093987,"LUFKIN ANGELINA CO AIRPORT, TX US",31.23593,-94.75468,87.1,4/10/2018,0,NA,23.3,8.3
USW00093987,"LUFKIN ANGELINA CO AIRPORT, TX US",31.23593,-94.75468,87.1,4/11/2018,0,NA,25.6,6.7
USW00093987,"LUFKIN ANGELINA CO AIRPORT, TX US",31.23593,-94.75468,87.1,4/12/2018,0,NA,28.3,11.7
USW00093987,"LUFKIN ANGELINA CO AIRPORT, TX US",31.23593,-94.75468,87.1,4/13/2018,11.4,NA,28.3,16.1
USW00093987,"LUFKIN ANGELINA CO AIRPORT, TX US",31.23593,-94.75468,87.1,4/14/2018,9.1,NA,17.2,6.7
USW00093987,"LUFKIN ANGELINA CO AIRPORT, TX US",31.23593,-94.75468,87.1,4/15/2018,0,NA,17.8,3.9
USW00093987,"LUFKIN ANGELINA CO AIRPORT, TX US",31.23593,-94.75468,87.1,4/16/2018,0,NA,25,2.8
USW00093987,"LUFKIN ANGELINA CO AIRPORT, TX US",31.23593,-94.75468,87.1,4/17/2018,0,NA,28.3,11.7
USW00093987,"LUFKIN ANGELINA CO AIRPORT, TX US",31.23593,-94.75468,87.1,4/18/2018,0,NA,26.1,15.6
USW00093987,"LUFKIN ANGELINA CO AIRPORT, TX US",31.23593,-94.75468,87.1,4/19/2018,0,NA,22.2,11.1
USW00093987,"LUFKIN ANGELINA CO AIRPORT, TX US",31.23593,-94.75468,87.1,4/20/2018,0,NA,20,8.3
USW00093987,"LUFKIN ANGELINA CO AIRPORT, TX US",31.23593,-94.75468,87.1,4/21/2018,7.4,NA,24.4,11.7
USW00093987,"LUFKIN ANGELINA CO AIRPORT, TX US",31.23593,-94.75468,87.1,4/22/2018,0,NA,21.7,10
USW00093987,"LUFKIN ANGELINA CO AIRPORT, TX US",31.23593,-94.75468,87.1,4/23/2018,0,NA,22.2,7.8
USW00093987,"LUFKIN ANGELINA CO AIRPORT, TX US",31.23593,-94.75468,87.1,4/24/2018,0,NA,28.3,10
USW00093987,"LUFKIN ANGELINA CO AIRPORT, TX US",31.23593,-94.75468,87.1,4/25/2018,0,NA,28.9,12.8
USW00093987,"LUFKIN ANGELINA CO AIRPORT, TX US",31.23593,-94.75468,87.1,4/26/2018,0,NA,23.3,8.3
USW00093987,"LUFKIN ANGELINA CO AIRPORT, TX US",31.23593,-94.75468,87.1,4/27/2018,0,NA,25.6,9.4
USW00093987,"LUFKIN ANGELINA CO AIRPORT, TX US",31.23593,-94.75468,87.1,4/28/2018,0,NA,28.9,10
USW00093987,"LUFKIN ANGELINA CO AIRPORT, TX US",31.23593,-94.75468,87.1,4/29/2018,0,NA,28.9,12.2
USW00093987,"LUFKIN ANGELINA CO AIRPORT, TX US",31.23593,-94.75468,87.1,4/30/2018,0,NA,28.3,12.2
USW00093987,"LUFKIN ANGELINA CO AIRPORT, TX US",31.23593,-94.75468,87.1,5/1/2018,0,NA,27.2,17.2
USW00093987,"LUFKIN ANGELINA CO AIRPORT, TX US",31.23593,-94.75468,87.1,5/2/2018,0.3,NA,31.1,21.1
USW00093987,"LUFKIN ANGELINA CO AIRPORT, TX US",31.23593,-94.75468,87.1,5/3/2018,0,NA,30.6,21.7
USW00093987,"LUFKIN ANGELINA CO AIRPORT, TX US",31.23593,-94.75468,87.1,5/4/2018,3.8,NA,25.6,17.8
USW00093987,"LUFKIN ANGELINA CO AIRPORT, TX US",31.23593,-94.75468,87.1,5/5/2018,0,NA,27.8,15
USW00093987,"LUFKIN ANGELINA CO AIRPORT, TX US",31.23593,-94.75468,87.1,5/6/2018,0,NA,30.6,12.8
USW00093987,"LUFKIN ANGELINA CO AIRPORT, TX US",31.23593,-94.75468,87.1,5/7/2018,0,NA,32.2,13.9
USW00093987,"LUFKIN ANGELINA CO AIRPORT, TX US",31.23593,-94.75468,87.1,5/8/2018,0,NA,32.2,16.1
USW00093987,"LUFKIN ANGELINA CO AIRPORT, TX US",31.23593,-94.75468,87.1,5/9/2018,0,NA,31.7,14.4
USW00093987,"LUFKIN ANGELINA CO AIRPORT, TX US",31.23593,-94.75468,87.1,5/10/2018,0,NA,31.1,14.4
USW00093987,"LUFKIN ANGELINA CO AIRPORT, TX US",31.23593,-94.75468,87.1,5/11/2018,0,NA,31.7,17.2
USW00093987,"LUFKIN ANGELINA CO AIRPORT, TX US",31.23593,-94.75468,87.1,5/12/2018,0,NA,32.2,20
USW00093987,"LUFKIN ANGELINA CO AIRPORT, TX US",31.23593,-94.75468,87.1,5/13/2018,0,NA,33.3,20.6
USW00093987,"LUFKIN ANGELINA CO AIRPORT, TX US",31.23593,-94.75468,87.1,5/14/2018,0,NA,31.7,20.6
USW00093987,"LUFKIN ANGELINA CO AIRPORT, TX US",31.23593,-94.75468,87.1,5/15/2018,0,NA,32.8,18.3
USW00093987,"LUFKIN ANGELINA CO AIRPORT, TX US",31.23593,-94.75468,87.1,5/16/2018,0,NA,33.9,18.3
USW00093987,"LUFKIN ANGELINA CO AIRPORT, TX US",31.23593,-94.75468,87.1,5/17/2018,0,NA,34.4,18.9
USW00093987,"LUFKIN ANGELINA CO AIRPORT, TX US",31.23593,-94.75468,87.1,5/18/2018,0,NA,33.9,21.1
USW00093987,"LUFKIN ANGELINA CO AIRPORT, TX US",31.23593,-94.75468,87.1,5/19/2018,0,NA,33.9,20.6
USW00093987,"LUFKIN ANGELINA CO AIRPORT, TX US",31.23593,-94.75468,87.1,5/20/2018,16.3,NA,33.3,20
USW00093987,"LUFKIN ANGELINA CO AIRPORT, TX US",31.23593,-94.75468,87.1,5/21/2018,7.4,NA,30.6,20
USW00093987,"LUFKIN ANGELINA CO AIRPORT, TX US",31.23593,-94.75468,87.1,5/22/2018,0,NA,32.8,20.6
USW00093987,"LUFKIN ANGELINA CO AIRPORT, TX US",31.23593,-94.75468,87.1,5/23/2018,0,NA,32.2,20
USW00093987,"LUFKIN ANGELINA CO AIRPORT, TX US",31.23593,-94.75468,87.1,5/24/2018,0,NA,32.2,18.9
USW00093987,"LUFKIN ANGELINA CO AIRPORT, TX US",31.23593,-94.75468,87.1,5/25/2018,0,NA,33.3,20
USW00093987,"LUFKIN ANGELINA CO AIRPORT, TX US",31.23593,-94.75468,87.1,5/26/2018,0,NA,33.9,20
USW00093987,"LUFKIN ANGELINA CO AIRPORT, TX US",31.23593,-94.75468,87.1,5/27/2018,0,NA,32.8,19.4
USW00093987,"LUFKIN ANGELINA CO AIRPORT, TX US",31.23593,-94.75468,87.1,5/28/2018,0,NA,34.4,20.6
USW00093987,"LUFKIN ANGELINA CO AIRPORT, TX US",31.23593,-94.75468,87.1,5/29/2018,0,NA,35,20
USW00093987,"LUFKIN ANGELINA CO AIRPORT, TX US",31.23593,-94.75468,87.1,5/30/2018,0,NA,34.4,21.1
USW00093987,"LUFKIN ANGELINA CO AIRPORT, TX US",31.23593,-94.75468,87.1,5/31/2018,0,NA,35,21.7
USW00093987,"LUFKIN ANGELINA CO AIRPORT, TX US",31.23593,-94.75468,87.1,6/1/2018,0,NA,35,22.8
USW00093987,"LUFKIN ANGELINA CO AIRPORT, TX US",31.23593,-94.75468,87.1,6/2/2018,0,NA,35.6,23.3
USW00093987,"LUFKIN ANGELINA CO AIRPORT, TX US",31.23593,-94.75468,87.1,6/3/2018,0,NA,36.1,23.3
USW00093987,"LUFKIN ANGELINA CO AIRPORT, TX US",31.23593,-94.75468,87.1,6/4/2018,0,NA,32.8,21.7
USW00093987,"LUFKIN ANGELINA CO AIRPORT, TX US",31.23593,-94.75468,87.1,6/5/2018,0,NA,34.4,22.2
USW00093987,"LUFKIN ANGELINA CO AIRPORT, TX US",31.23593,-94.75468,87.1,6/6/2018,0,NA,34.4,21.7
USW00093987,"LUFKIN ANGELINA CO AIRPORT, TX US",31.23593,-94.75468,87.1,6/7/2018,0,NA,35.6,22.2
USW00093987,"LUFKIN ANGELINA CO AIRPORT, TX US",31.23593,-94.75468,87.1,6/8/2018,0,NA,34.4,21.1
USW00093987,"LUFKIN ANGELINA CO AIRPORT, TX US",31.23593,-94.75468,87.1,6/9/2018,0,NA,35.6,20.6
USW00093987,"LUFKIN ANGELINA CO AIRPORT, TX US",31.23593,-94.75468,87.1,6/10/2018,1.5,NA,35,20.6
USW00093987,"LUFKIN ANGELINA CO AIRPORT, TX US",31.23593,-94.75468,87.1,6/11/2018,0,NA,35.6,22.8
USW00093987,"LUFKIN ANGELINA CO AIRPORT, TX US",31.23593,-94.75468,87.1,6/12/2018,0,NA,36.1,23.3
USW00093987,"LUFKIN ANGELINA CO AIRPORT, TX US",31.23593,-94.75468,87.1,6/13/2018,0,NA,36.1,21.7
USW00093987,"LUFKIN ANGELINA CO AIRPORT, TX US",31.23593,-94.75468,87.1,6/14/2018,0.3,NA,35,21.7
USW00093987,"LUFKIN ANGELINA CO AIRPORT, TX US",31.23593,-94.75468,87.1,6/15/2018,0,NA,36.1,21.1
USW00093987,"LUFKIN ANGELINA CO AIRPORT, TX US",31.23593,-94.75468,87.1,6/16/2018,0,NA,35,22.8
USW00093987,"LUFKIN ANGELINA CO AIRPORT, TX US",31.23593,-94.75468,87.1,6/17/2018,2.8,NA,33.9,23.3
USW00093987,"LUFKIN ANGELINA CO AIRPORT, TX US",31.23593,-94.75468,87.1,6/18/2018,0,NA,31.7,22.8
USW00093987,"LUFKIN ANGELINA CO AIRPORT, TX US",31.23593,-94.75468,87.1,6/19/2018,2,NA,30.6,22.2
USW00093987,"LUFKIN ANGELINA CO AIRPORT, TX US",31.23593,-94.75468,87.1,6/20/2018,9.1,NA,29.4,23.3
USW00093987,"LUFKIN ANGELINA CO AIRPORT, TX US",31.23593,-94.75468,87.1,6/21/2018,0.5,NA,33.9,22.8
USW00093987,"LUFKIN ANGELINA CO AIRPORT, TX US",31.23593,-94.75468,87.1,6/22/2018,0,NA,35,23.9
USW00093987,"LUFKIN ANGELINA CO AIRPORT, TX US",31.23593,-94.75468,87.1,6/23/2018,0,NA,35.6,24.4
USW00093987,"LUFKIN ANGELINA CO AIRPORT, TX US",31.23593,-94.75468,87.1,6/24/2018,0,NA,35.6,24.4
USW00093987,"LUFKIN ANGELINA CO AIRPORT, TX US",31.23593,-94.75468,87.1,6/25/2018,0.8,NA,33.9,25
USW00093987,"LUFKIN ANGELINA CO AIRPORT, TX US",31.23593,-94.75468,87.1,6/26/2018,0,NA,35.6,22.2
USW00093987,"LUFKIN ANGELINA CO AIRPORT, TX US",31.23593,-94.75468,87.1,6/27/2018,0,NA,36.1,23.3
USW00093987,"LUFKIN ANGELINA CO AIRPORT, TX US",31.23593,-94.75468,87.1,6/28/2018,0,NA,35.6,23.3
USW00093987,"LUFKIN ANGELINA CO AIRPORT, TX US",31.23593,-94.75468,87.1,6/29/2018,0,NA,36.1,22.8
USW00093987,"LUFKIN ANGELINA CO AIRPORT, TX US",31.23593,-94.75468,87.1,6/30/2018,0,NA,36.1,22.2
USW00093987,"LUFKIN ANGELINA CO AIRPORT, TX US",31.23593,-94.75468,87.1,7/1/2018,0,NA,37.2,21.7
USW00093987,"LUFKIN ANGELINA CO AIRPORT, TX US",31.23593,-94.75468,87.1,7/2/2018,0,NA,37.8,21.7
USW00093987,"LUFKIN ANGELINA CO AIRPORT, TX US",31.23593,-94.75468,87.1,7/3/2018,6.4,NA,37.2,22.2
USW00093987,"LUFKIN ANGELINA CO AIRPORT, TX US",31.23593,-94.75468,87.1,7/4/2018,5.6,NA,28.3,22.2
USW00093987,"LUFKIN ANGELINA CO AIRPORT, TX US",31.23593,-94.75468,87.1,7/5/2018,0.3,NA,35,21.1
USW00093987,"LUFKIN ANGELINA CO AIRPORT, TX US",31.23593,-94.75468,87.1,7/6/2018,0,NA,35,22.2
USW00093987,"LUFKIN ANGELINA CO AIRPORT, TX US",31.23593,-94.75468,87.1,7/7/2018,9.1,NA,35,21.7
USW00093987,"LUFKIN ANGELINA CO AIRPORT, TX US",31.23593,-94.75468,87.1,7/8/2018,11.4,NA,31.1,22.2
USW00093987,"LUFKIN ANGELINA CO AIRPORT, TX US",31.23593,-94.75468,87.1,7/9/2018,8.9,NA,29.4,22.2
USW00093987,"LUFKIN ANGELINA CO AIRPORT, TX US",31.23593,-94.75468,87.1,7/10/2018,0,NA,32.8,21.1
USW00093987,"LUFKIN ANGELINA CO AIRPORT, TX US",31.23593,-94.75468,87.1,7/11/2018,15,NA,31.7,23.3
USW00093987,"LUFKIN ANGELINA CO AIRPORT, TX US",31.23593,-94.75468,87.1,7/12/2018,1.3,NA,32.8,22.8
USW00093987,"LUFKIN ANGELINA CO AIRPORT, TX US",31.23593,-94.75468,87.1,7/13/2018,0,NA,33.3,21.7
USW00093987,"LUFKIN ANGELINA CO AIRPORT, TX US",31.23593,-94.75468,87.1,7/14/2018,0,NA,34.4,23.3
USW00093987,"LUFKIN ANGELINA CO AIRPORT, TX US",31.23593,-94.75468,87.1,7/15/2018,0,NA,34.4,23.3
USW00093987,"LUFKIN ANGELINA CO AIRPORT, TX US",31.23593,-94.75468,87.1,7/16/2018,0,NA,34.4,23.3
USW00093987,"LUFKIN ANGELINA CO AIRPORT, TX US",31.23593,-94.75468,87.1,7/17/2018,0,NA,35.6,23.3
USW00093987,"LUFKIN ANGELINA CO AIRPORT, TX US",31.23593,-94.75468,87.1,7/18/2018,0,NA,35,23.3
USW00093987,"LUFKIN ANGELINA CO AIRPORT, TX US",31.23593,-94.75468,87.1,7/19/2018,0,NA,36.1,25
USW00093987,"LUFKIN ANGELINA CO AIRPORT, TX US",31.23593,-94.75468,87.1,7/20/2018,0,NA,36.1,23.3
USW00093987,"LUFKIN ANGELINA CO AIRPORT, TX US",31.23593,-94.75468,87.1,7/21/2018,0,NA,36.7,22.8
USW00093987,"LUFKIN ANGELINA CO AIRPORT, TX US",31.23593,-94.75468,87.1,7/22/2018,0,NA,38.3,22.8
USW00093987,"LUFKIN ANGELINA CO AIRPORT, TX US",31.23593,-94.75468,87.1,7/23/2018,0,NA,40.6,25
USW00093987,"LUFKIN ANGELINA CO AIRPORT, TX US",31.23593,-94.75468,87.1,7/24/2018,0,NA,36.7,23.3
USW00093987,"LUFKIN ANGELINA CO AIRPORT, TX US",31.23593,-94.75468,87.1,7/25/2018,0,NA,35.6,20
USW00093987,"LUFKIN ANGELINA CO AIRPORT, TX US",31.23593,-94.75468,87.1,7/26/2018,0,NA,36.7,20
USW00093987,"LUFKIN ANGELINA CO AIRPORT, TX US",31.23593,-94.75468,87.1,7/27/2018,0,NA,37.2,21.7
USW00093987,"LUFKIN ANGELINA CO AIRPORT, TX US",31.23593,-94.75468,87.1,7/28/2018,0,NA,36.1,23.3
USW00093987,"LUFKIN ANGELINA CO AIRPORT, TX US",31.23593,-94.75468,87.1,7/29/2018,2,NA,36.7,22.2
USW00093987,"LUFKIN ANGELINA CO AIRPORT, TX US",31.23593,-94.75468,87.1,7/30/2018,3.8,NA,36.1,22.8
USW00093987,"LUFKIN ANGELINA CO AIRPORT, TX US",31.23593,-94.75468,87.1,7/31/2018,90.9,NA,31.1,20.6
USW00093987,"LUFKIN ANGELINA CO AIRPORT, TX US",31.23593,-94.75468,87.1,8/1/2018,0,NA,33.9,19.4
USW00093987,"LUFKIN ANGELINA CO AIRPORT, TX US",31.23593,-94.75468,87.1,8/2/2018,0,NA,33.9,19.4
USW00093987,"LUFKIN ANGELINA CO AIRPORT, TX US",31.23593,-94.75468,87.1,8/3/2018,0,NA,33.9,17.8
USW00093987,"LUFKIN ANGELINA CO AIRPORT, TX US",31.23593,-94.75468,87.1,8/4/2018,0,NA,32.2,21.1
USW00093987,"LUFKIN ANGELINA CO AIRPORT, TX US",31.23593,-94.75468,87.1,8/5/2018,0,NA,33.9,21.7
USW00093987,"LUFKIN ANGELINA CO AIRPORT, TX US",31.23593,-94.75468,87.1,8/6/2018,0,NA,32.2,22.2
USW00093987,"LUFKIN ANGELINA CO AIRPORT, TX US",31.23593,-94.75468,87.1,8/7/2018,0,NA,34.4,22.2
USW00093987,"LUFKIN ANGELINA CO AIRPORT, TX US",31.23593,-94.75468,87.1,8/8/2018,0,NA,33.9,22.2
USW00093987,"LUFKIN ANGELINA CO AIRPORT, TX US",31.23593,-94.75468,87.1,8/9/2018,0,NA,32.2,21.7
USW00093987,"LUFKIN ANGELINA CO AIRPORT, TX US",31.23593,-94.75468,87.1,8/10/2018,1.3,NA,31.1,22.8
USW00093987,"LUFKIN ANGELINA CO AIRPORT, TX US",31.23593,-94.75468,87.1,8/11/2018,10.9,NA,32.2,22.2
USW00093987,"LUFKIN ANGELINA CO AIRPORT, TX US",31.23593,-94.75468,87.1,8/12/2018,8.1,NA,32.2,21.7
USW00093987,"LUFKIN ANGELINA CO AIRPORT, TX US",31.23593,-94.75468,87.1,8/13/2018,0,NA,33.3,21.1
USW00093987,"LUFKIN ANGELINA CO AIRPORT, TX US",31.23593,-94.75468,87.1,8/14/2018,0,NA,33.9,20.6
USW00093987,"LUFKIN ANGELINA CO AIRPORT, TX US",31.23593,-94.75468,87.1,8/15/2018,0,NA,33.9,23.3
USW00093987,"LUFKIN ANGELINA CO AIRPORT, TX US",31.23593,-94.75468,87.1,8/16/2018,0,NA,35,23.3
USW00093987,"LUFKIN ANGELINA CO AIRPORT, TX US",31.23593,-94.75468,87.1,8/17/2018,0,NA,35,24.4
USW00093987,"LUFKIN ANGELINA CO AIRPORT, TX US",31.23593,-94.75468,87.1,8/18/2018,0,NA,35,23.9
USW00093987,"LUFKIN ANGELINA CO AIRPORT, TX US",31.23593,-94.75468,87.1,8/19/2018,0,NA,34.4,23.9
USW00093987,"LUFKIN ANGELINA CO AIRPORT, TX US",31.23593,-94.75468,87.1,8/20/2018,2,NA,35.6,25
USW00093987,"LUFKIN ANGELINA CO AIRPORT, TX US",31.23593,-94.75468,87.1,8/21/2018,0,NA,37.2,22.8
USW00093987,"LUFKIN ANGELINA CO AIRPORT, TX US",31.23593,-94.75468,87.1,8/22/2018,0,NA,34.4,20.6
USW00093987,"LUFKIN ANGELINA CO AIRPORT, TX US",31.23593,-94.75468,87.1,8/23/2018,0,NA,34.4,20.6
USW00093987,"LUFKIN ANGELINA CO AIRPORT, TX US",31.23593,-94.75468,87.1,8/24/2018,0,NA,35,21.1
USW00093987,"LUFKIN ANGELINA CO AIRPORT, TX US",31.23593,-94.75468,87.1,8/25/2018,0,NA,35,22.2
USW00093987,"LUFKIN ANGELINA CO AIRPORT, TX US",31.23593,-94.75468,87.1,8/26/2018,0,NA,35,22.2
USW00093987,"LUFKIN ANGELINA CO AIRPORT, TX US",31.23593,-94.75468,87.1,8/27/2018,0,NA,35,22.8
USW00093987,"LUFKIN ANGELINA CO AIRPORT, TX US",31.23593,-94.75468,87.1,8/28/2018,0,NA,34.4,22.8
USW00093987,"LUFKIN ANGELINA CO AIRPORT, TX US",31.23593,-94.75468,87.1,8/29/2018,0,NA,31.7,23.9
USW00093987,"LUFKIN ANGELINA CO AIRPORT, TX US",31.23593,-94.75468,87.1,8/30/2018,0,NA,34.4,21.1
USW00093987,"LUFKIN ANGELINA CO AIRPORT, TX US",31.23593,-94.75468,87.1,8/31/2018,0,NA,35.6,21.7
USW00093987,"LUFKIN ANGELINA CO AIRPORT, TX US",31.23593,-94.75468,87.1,9/1/2018,0,NA,33.3,22.8
USW00093987,"LUFKIN ANGELINA CO AIRPORT, TX US",31.23593,-94.75468,87.1,9/2/2018,8.6,NA,30.6,22.8
USW00093987,"LUFKIN ANGELINA CO AIRPORT, TX US",31.23593,-94.75468,87.1,9/3/2018,7.9,NA,28.3,23.3
USW00093987,"LUFKIN ANGELINA CO AIRPORT, TX US",31.23593,-94.75468,87.1,9/4/2018,12.7,NA,31.7,23.3
USW00093987,"LUFKIN ANGELINA CO AIRPORT, TX US",31.23593,-94.75468,87.1,9/5/2018,0,NA,34.4,22.2
USW00093987,"LUFKIN ANGELINA CO AIRPORT, TX US",31.23593,-94.75468,87.1,9/6/2018,0,NA,35,22.8
USW00093987,"LUFKIN ANGELINA CO AIRPORT, TX US",31.23593,-94.75468,87.1,9/7/2018,4.1,NA,33.3,22.8
USW00093987,"LUFKIN ANGELINA CO AIRPORT, TX US",31.23593,-94.75468,87.1,9/8/2018,9.7,NA,33.9,22.2
USW00093987,"LUFKIN ANGELINA CO AIRPORT, TX US",31.23593,-94.75468,87.1,9/9/2018,3.3,NA,27.8,22.2
USW00093987,"LUFKIN ANGELINA CO AIRPORT, TX US",31.23593,-94.75468,87.1,9/10/2018,46,NA,27.8,21.7
USW00093987,"LUFKIN ANGELINA CO AIRPORT, TX US",31.23593,-94.75468,87.1,9/11/2018,1.5,NA,25.6,21.7
USW00093987,"LUFKIN ANGELINA CO AIRPORT, TX US",31.23593,-94.75468,87.1,9/12/2018,12.2,NA,30,21.7
USW00093987,"LUFKIN ANGELINA CO AIRPORT, TX US",31.23593,-94.75468,87.1,9/13/2018,4.8,NA,31.1,21.7
USW00093987,"LUFKIN ANGELINA CO AIRPORT, TX US",31.23593,-94.75468,87.1,9/14/2018,6.1,NA,31.7,22.2
USW00093987,"LUFKIN ANGELINA CO AIRPORT, TX US",31.23593,-94.75468,87.1,9/15/2018,2.3,NA,33.9,21.1
USW00093987,"LUFKIN ANGELINA CO AIRPORT, TX US",31.23593,-94.75468,87.1,9/16/2018,0,NA,34.4,21.7
USW00093987,"LUFKIN ANGELINA CO AIRPORT, TX US",31.23593,-94.75468,87.1,9/17/2018,0,NA,33.9,23.3
USW00093987,"LUFKIN ANGELINA CO AIRPORT, TX US",31.23593,-94.75468,87.1,9/18/2018,0.5,NA,35.6,23.3
USW00093987,"LUFKIN ANGELINA CO AIRPORT, TX US",31.23593,-94.75468,87.1,9/19/2018,0,NA,34.4,22.8
USW00093987,"LUFKIN ANGELINA CO AIRPORT, TX US",31.23593,-94.75468,87.1,9/20/2018,8.6,NA,32.2,21.7
USW00093987,"LUFKIN ANGELINA CO AIRPORT, TX US",31.23593,-94.75468,87.1,9/21/2018,10.9,NA,32.8,23.3
USW00093987,"LUFKIN ANGELINA CO AIRPORT, TX US",31.23593,-94.75468,87.1,9/22/2018,21.8,NA,27.8,22.2
USW00093987,"LUFKIN ANGELINA CO AIRPORT, TX US",31.23593,-94.75468,87.1,9/23/2018,16.3,NA,28.3,22.2
USW00093987,"LUFKIN ANGELINA CO AIRPORT, TX US",31.23593,-94.75468,87.1,9/24/2018,0,NA,29.4,22.2
USW00093987,"LUFKIN ANGELINA CO AIRPORT, TX US",31.23593,-94.75468,87.1,9/25/2018,13,NA,29.4,21.1
USW00093987,"LUFKIN ANGELINA CO AIRPORT, TX US",31.23593,-94.75468,87.1,9/26/2018,36.6,NA,29.4,21.1
USW00093987,"LUFKIN ANGELINA CO AIRPORT, TX US",31.23593,-94.75468,87.1,9/27/2018,0,NA,21.7,18.3
USW00093987,"LUFKIN ANGELINA CO AIRPORT, TX US",31.23593,-94.75468,87.1,9/28/2018,0,NA,25.6,19.4
USW00093987,"LUFKIN ANGELINA CO AIRPORT, TX US",31.23593,-94.75468,87.1,9/29/2018,8.1,NA,23.3,21.1
USW00093987,"LUFKIN ANGELINA CO AIRPORT, TX US",31.23593,-94.75468,87.1,9/30/2018,25.4,NA,26.1,21.1
USW00093987,"LUFKIN ANGELINA CO AIRPORT, TX US",31.23593,-94.75468,87.1,10/1/2018,0,NA,28.9,21.1
USW00093987,"LUFKIN ANGELINA CO AIRPORT, TX US",31.23593,-94.75468,87.1,10/2/2018,0,NA,31.7,20.6
USW00093987,"LUFKIN ANGELINA CO AIRPORT, TX US",31.23593,-94.75468,87.1,10/3/2018,0,NA,31.1,21.1
USW00093987,"LUFKIN ANGELINA CO AIRPORT, TX US",31.23593,-94.75468,87.1,10/4/2018,0,NA,31.7,22.8
USW00093987,"LUFKIN ANGELINA CO AIRPORT, TX US",31.23593,-94.75468,87.1,10/5/2018,0,NA,31.7,22.2
USW00093987,"LUFKIN ANGELINA CO AIRPORT, TX US",31.23593,-94.75468,87.1,10/6/2018,0.3,NA,31.7,21.1
USW00093987,"LUFKIN ANGELINA CO AIRPORT, TX US",31.23593,-94.75468,87.1,10/7/2018,4.6,NA,31.1,22.2
USW00093987,"LUFKIN ANGELINA CO AIRPORT, TX US",31.23593,-94.75468,87.1,10/8/2018,8.9,NA,30,21.7
USW00093987,"LUFKIN ANGELINA CO AIRPORT, TX US",31.23593,-94.75468,87.1,10/9/2018,26.2,NA,28.3,19.4
USW00093987,"LUFKIN ANGELINA CO AIRPORT, TX US",31.23593,-94.75468,87.1,10/10/2018,7.6,NA,26.1,16.7
USW00093987,"LUFKIN ANGELINA CO AIRPORT, TX US",31.23593,-94.75468,87.1,10/11/2018,0,NA,25,12.8
USW00093987,"LUFKIN ANGELINA CO AIRPORT, TX US",31.23593,-94.75468,87.1,10/12/2018,0,NA,25,13.9
USW00093987,"LUFKIN ANGELINA CO AIRPORT, TX US",31.23593,-94.75468,87.1,10/13/2018,1.3,NA,30,17.8
USW00093987,"LUFKIN ANGELINA CO AIRPORT, TX US",31.23593,-94.75468,87.1,10/14/2018,40.9,NA,30.6,21.7
USW00093987,"LUFKIN ANGELINA CO AIRPORT, TX US",31.23593,-94.75468,87.1,10/15/2018,120.7,NA,22.2,11.1
USW00093987,"LUFKIN ANGELINA CO AIRPORT, TX US",31.23593,-94.75468,87.1,10/16/2018,53.8,NA,12.8,10.6
USW00093987,"LUFKIN ANGELINA CO AIRPORT, TX US",31.23593,-94.75468,87.1,10/17/2018,1.5,NA,13.3,11.1
USW00093987,"LUFKIN ANGELINA CO AIRPORT, TX US",31.23593,-94.75468,87.1,10/18/2018,0,NA,21.7,13.3
USW00093987,"LUFKIN ANGELINA CO AIRPORT, TX US",31.23593,-94.75468,87.1,10/19/2018,0.8,NA,26.1,15.6
USW00093987,"LUFKIN ANGELINA CO AIRPORT, TX US",31.23593,-94.75468,87.1,10/20/2018,22.9,NA,18.3,12.8
USW00093987,"LUFKIN ANGELINA CO AIRPORT, TX US",31.23593,-94.75468,87.1,10/21/2018,0,NA,20.6,10.6
USW00093987,"LUFKIN ANGELINA CO AIRPORT, TX US",31.23593,-94.75468,87.1,10/22/2018,0.5,NA,16.7,9.4
USW00093987,"LUFKIN ANGELINA CO AIRPORT, TX US",31.23593,-94.75468,87.1,10/23/2018,3.3,NA,20.6,12.2
USW00093987,"LUFKIN ANGELINA CO AIRPORT, TX US",31.23593,-94.75468,87.1,10/24/2018,39.9,NA,16.7,13.3
USW00093987,"LUFKIN ANGELINA CO AIRPORT, TX US",31.23593,-94.75468,87.1,10/25/2018,3.6,NA,17.2,11.7
USW00093987,"LUFKIN ANGELINA CO AIRPORT, TX US",31.23593,-94.75468,87.1,10/26/2018,0,NA,21.1,9.4
USW00093987,"LUFKIN ANGELINA CO AIRPORT, TX US",31.23593,-94.75468,87.1,10/27/2018,0,NA,27.2,8.9
USW00093987,"LUFKIN ANGELINA CO AIRPORT, TX US",31.23593,-94.75468,87.1,10/28/2018,0,NA,28.3,12.8
USW00093987,"LUFKIN ANGELINA CO AIRPORT, TX US",31.23593,-94.75468,87.1,10/29/2018,0,NA,27.8,13.3
USW00093987,"LUFKIN ANGELINA CO AIRPORT, TX US",31.23593,-94.75468,87.1,10/30/2018,0,NA,27.2,16.1
USW00093987,"LUFKIN ANGELINA CO AIRPORT, TX US",31.23593,-94.75468,87.1,10/31/2018,29.2,NA,25.6,16.1
USW00093987,"LUFKIN ANGELINA CO AIRPORT, TX US",31.23593,-94.75468,87.1,11/1/2018,0.5,NA,16.7,7.8
USW00093987,"LUFKIN ANGELINA CO AIRPORT, TX US",31.23593,-94.75468,87.1,11/2/2018,0,NA,21.1,4.4
USW00093987,"LUFKIN ANGELINA CO AIRPORT, TX US",31.23593,-94.75468,87.1,11/3/2018,0,NA,23.9,7.8
USW00093987,"LUFKIN ANGELINA CO AIRPORT, TX US",31.23593,-94.75468,87.1,11/4/2018,22.1,NA,21.1,11.1
USW00093987,"LUFKIN ANGELINA CO AIRPORT, TX US",31.23593,-94.75468,87.1,11/5/2018,9.1,NA,27.8,12.2
USW00093987,"LUFKIN ANGELINA CO AIRPORT, TX US",31.23593,-94.75468,87.1,11/6/2018,0,NA,27.2,18.9
USW00093987,"LUFKIN ANGELINA CO AIRPORT, TX US",31.23593,-94.75468,87.1,11/7/2018,0,NA,29.4,14.4
USW00093987,"LUFKIN ANGELINA CO AIRPORT, TX US",31.23593,-94.75468,87.1,11/8/2018,1.3,NA,16.1,12.8
USW00093987,"LUFKIN ANGELINA CO AIRPORT, TX US",31.23593,-94.75468,87.1,11/9/2018,11.7,NA,13.9,7.2
USW00093987,"LUFKIN ANGELINA CO AIRPORT, TX US",31.23593,-94.75468,87.1,11/10/2018,0,NA,10,4.4
USW00093987,"LUFKIN ANGELINA CO AIRPORT, TX US",31.23593,-94.75468,87.1,11/11/2018,33,NA,11.7,6.7
USW00093987,"LUFKIN ANGELINA CO AIRPORT, TX US",31.23593,-94.75468,87.1,11/12/2018,8.1,NA,10,3.3
USW00093987,"LUFKIN ANGELINA CO AIRPORT, TX US",31.23593,-94.75468,87.1,11/13/2018,0,NA,3.3,1.1
USW00093987,"LUFKIN ANGELINA CO AIRPORT, TX US",31.23593,-94.75468,87.1,11/14/2018,0,NA,9.4,-1.6
USW00093987,"LUFKIN ANGELINA CO AIRPORT, TX US",31.23593,-94.75468,87.1,11/15/2018,0,NA,13.9,-3.2
USW00093987,"LUFKIN ANGELINA CO AIRPORT, TX US",31.23593,-94.75468,87.1,11/16/2018,0,NA,19.4,1.1
USW00093987,"LUFKIN ANGELINA CO AIRPORT, TX US",31.23593,-94.75468,87.1,11/17/2018,0,NA,21.1,4.4
USW00093987,"LUFKIN ANGELINA CO AIRPORT, TX US",31.23593,-94.75468,87.1,11/18/2018,0.8,NA,18.3,7.8
USW00093987,"LUFKIN ANGELINA CO AIRPORT, TX US",31.23593,-94.75468,87.1,11/19/2018,23.4,NA,10,5
USW00093987,"LUFKIN ANGELINA CO AIRPORT, TX US",31.23593,-94.75468,87.1,11/20/2018,0,NA,15.6,2.8
USW00093987,"LUFKIN ANGELINA CO AIRPORT, TX US",31.23593,-94.75468,87.1,11/21/2018,0.3,NA,15.6,1.1
USW00093987,"LUFKIN ANGELINA CO AIRPORT, TX US",31.23593,-94.75468,87.1,11/22/2018,0,NA,NA,4.4
USW00093987,"LUFKIN ANGELINA CO AIRPORT, TX US",31.23593,-94.75468,87.1,11/23/2018,0,NA,NA,10
USW00093987,"LUFKIN ANGELINA CO AIRPORT, TX US",31.23593,-94.75468,87.1,11/24/2018,0,NA,NA,6.7
USW00093987,"LUFKIN ANGELINA CO AIRPORT, TX US",31.23593,-94.75468,87.1,11/25/2018,0,NA,NA,NA
USW00093987,"LUFKIN ANGELINA CO AIRPORT, TX US",31.23593,-94.75468,87.1,11/26/2018,0,NA,NA,NA
USW00093987,"LUFKIN ANGELINA CO AIRPORT, TX US",31.23593,-94.75468,87.1,11/27/2018,0,NA,15,NA
USW00093987,"LUFKIN ANGELINA CO AIRPORT, TX US",31.23593,-94.75468,87.1,11/28/2018,0,NA,19.4,2.2
USW00093987,"LUFKIN ANGELINA CO AIRPORT, TX US",31.23593,-94.75468,87.1,11/29/2018,0.5,NA,21.1,11.7
USW00093987,"LUFKIN ANGELINA CO AIRPORT, TX US",31.23593,-94.75468,87.1,11/30/2018,1.8,NA,23.9,17.8
USW00093987,"LUFKIN ANGELINA CO AIRPORT, TX US",31.23593,-94.75468,87.1,12/1/2018,0.3,NA,22.8,7.8
USW00093987,"LUFKIN ANGELINA CO AIRPORT, TX US",31.23593,-94.75468,87.1,12/2/2018,0,NA,20.6,5.6
USW00093987,"LUFKIN ANGELINA CO AIRPORT, TX US",31.23593,-94.75468,87.1,12/3/2018,0,NA,16.1,5.6
USW00093987,"LUFKIN ANGELINA CO AIRPORT, TX US",31.23593,-94.75468,87.1,12/4/2018,0,NA,12.2,0.6
USW00093987,"LUFKIN ANGELINA CO AIRPORT, TX US",31.23593,-94.75468,87.1,12/5/2018,0,NA,12.8,-0.5
USW00093987,"LUFKIN ANGELINA CO AIRPORT, TX US",31.23593,-94.75468,87.1,12/6/2018,0,NA,12.8,4.4
USW00093987,"LUFKIN ANGELINA CO AIRPORT, TX US",31.23593,-94.75468,87.1,12/7/2018,122.7,NA,12.8,6.7
USW00093987,"LUFKIN ANGELINA CO AIRPORT, TX US",31.23593,-94.75468,87.1,12/8/2018,27.2,NA,7.2,3.9
USW00093987,"LUFKIN ANGELINA CO AIRPORT, TX US",31.23593,-94.75468,87.1,12/9/2018,0,NA,7.2,1.7
USW00093987,"LUFKIN ANGELINA CO AIRPORT, TX US",31.23593,-94.75468,87.1,12/10/2018,0,NA,12.8,-1.6
USW00093987,"LUFKIN ANGELINA CO AIRPORT, TX US",31.23593,-94.75468,87.1,12/11/2018,0,NA,15,-2.7
USW00093987,"LUFKIN ANGELINA CO AIRPORT, TX US",31.23593,-94.75468,87.1,12/12/2018,0,NA,16.1,4.4
USW00093987,"LUFKIN ANGELINA CO AIRPORT, TX US",31.23593,-94.75468,87.1,12/13/2018,11.4,NA,20.6,7.8
USW00093987,"LUFKIN ANGELINA CO AIRPORT, TX US",31.23593,-94.75468,87.1,12/14/2018,6.4,NA,7.8,5.6
USW00093987,"LUFKIN ANGELINA CO AIRPORT, TX US",31.23593,-94.75468,87.1,12/15/2018,0,NA,15.6,4.4
USW00093987,"LUFKIN ANGELINA CO AIRPORT, TX US",31.23593,-94.75468,87.1,12/16/2018,0,NA,16.1,2.2
USW00093987,"LUFKIN ANGELINA CO AIRPORT, TX US",31.23593,-94.75468,87.1,12/17/2018,0,NA,18.3,5
USW00093987,"LUFKIN ANGELINA CO AIRPORT, TX US",31.23593,-94.75468,87.1,12/18/2018,0,NA,13.9,2.8
USW00093987,"LUFKIN ANGELINA CO AIRPORT, TX US",31.23593,-94.75468,87.1,12/19/2018,19.3,NA,11.7,7.8
USW00093987,"LUFKIN ANGELINA CO AIRPORT, TX US",31.23593,-94.75468,87.1,12/20/2018,4.6,NA,14.4,7.2
USW00093987,"LUFKIN ANGELINA CO AIRPORT, TX US",31.23593,-94.75468,87.1,12/21/2018,0,NA,15.6,2.2
USW00093987,"LUFKIN ANGELINA CO AIRPORT, TX US",31.23593,-94.75468,87.1,12/22/2018,0,NA,22.2,1.1
USW00093987,"LUFKIN ANGELINA CO AIRPORT, TX US",31.23593,-94.75468,87.1,12/23/2018,0,NA,17.2,4.4
USW00093987,"LUFKIN ANGELINA CO AIRPORT, TX US",31.23593,-94.75468,87.1,12/24/2018,0,NA,16.7,2.2
USW00093987,"LUFKIN ANGELINA CO AIRPORT, TX US",31.23593,-94.75468,87.1,12/25/2018,0,NA,18.3,12.2
USW00093987,"LUFKIN ANGELINA CO AIRPORT, TX US",31.23593,-94.75468,87.1,12/26/2018,17,NA,18.9,13.3
USW00093987,"LUFKIN ANGELINA CO AIRPORT, TX US",31.23593,-94.75468,87.1,12/27/2018,63.2,NA,18.9,9.4
USW00093987,"LUFKIN ANGELINA CO AIRPORT, TX US",31.23593,-94.75468,87.1,12/28/2018,0,NA,15,3.9
USW00093987,"LUFKIN ANGELINA CO AIRPORT, TX US",31.23593,-94.75468,87.1,12/29/2018,0,NA,8.9,5
USW00093987,"LUFKIN ANGELINA CO AIRPORT, TX US",31.23593,-94.75468,87.1,12/30/2018,7.9,NA,7.2,5.6
USW00093987,"LUFKIN ANGELINA CO AIRPORT, TX US",31.23593,-94.75468,87.1,12/31/2018,3.6,NA,14.4,5
USW00093987,"LUFKIN ANGELINA CO AIRPORT, TX US",31.23593,-94.75468,87.1,1/1/2019,0,NA,15.6,2.2
USW00093987,"LUFKIN ANGELINA CO AIRPORT, TX US",31.23593,-94.75468,87.1,1/2/2019,32.3,NA,9.4,7.2
USW00093987,"LUFKIN ANGELINA CO AIRPORT, TX US",31.23593,-94.75468,87.1,1/3/2019,16,NA,8.9,3.9
USW00093987,"LUFKIN ANGELINA CO AIRPORT, TX US",31.23593,-94.75468,87.1,1/4/2019,0,NA,13.9,1.1
USW00093987,"LUFKIN ANGELINA CO AIRPORT, TX US",31.23593,-94.75468,87.1,1/5/2019,0,NA,20,0.6
USW00093987,"LUFKIN ANGELINA CO AIRPORT, TX US",31.23593,-94.75468,87.1,1/6/2019,0,NA,20.6,2.8
USW00093987,"LUFKIN ANGELINA CO AIRPORT, TX US",31.23593,-94.75468,87.1,1/7/2019,0,NA,20.6,11.7
USW00093987,"LUFKIN ANGELINA CO AIRPORT, TX US",31.23593,-94.75468,87.1,1/8/2019,0,NA,22.8,12.2
USW00093987,"LUFKIN ANGELINA CO AIRPORT, TX US",31.23593,-94.75468,87.1,1/9/2019,0,NA,15.6,2.2
USW00093987,"LUFKIN ANGELINA CO AIRPORT, TX US",31.23593,-94.75468,87.1,1/10/2019,0,NA,11.7,0
USW00093987,"LUFKIN ANGELINA CO AIRPORT, TX US",31.23593,-94.75468,87.1,1/11/2019,0.3,NA,15.6,3.9
USW00093987,"LUFKIN ANGELINA CO AIRPORT, TX US",31.23593,-94.75468,87.1,1/12/2019,12.2,NA,15,7.2
USW00093987,"LUFKIN ANGELINA CO AIRPORT, TX US",31.23593,-94.75468,87.1,1/13/2019,0,NA,10,0.6
USW00093987,"LUFKIN ANGELINA CO AIRPORT, TX US",31.23593,-94.75468,87.1,1/14/2019,0,NA,8.9,0.6
USW00093987,"LUFKIN ANGELINA CO AIRPORT, TX US",31.23593,-94.75468,87.1,1/15/2019,0,NA,10,-1
USW00093987,"LUFKIN ANGELINA CO AIRPORT, TX US",31.23593,-94.75468,87.1,1/16/2019,0.5,NA,14.4,7.8
USW00093987,"LUFKIN ANGELINA CO AIRPORT, TX US",31.23593,-94.75468,87.1,1/17/2019,0.3,NA,20.6,7.8
USW00093987,"LUFKIN ANGELINA CO AIRPORT, TX US",31.23593,-94.75468,87.1,1/18/2019,0.5,NA,18.9,5.6
USW00093987,"LUFKIN ANGELINA CO AIRPORT, TX US",31.23593,-94.75468,87.1,1/19/2019,7.4,NA,20,0
USW00093987,"LUFKIN ANGELINA CO AIRPORT, TX US",31.23593,-94.75468,87.1,1/20/2019,0,NA,8.9,-3.2
USW00093987,"LUFKIN ANGELINA CO AIRPORT, TX US",31.23593,-94.75468,87.1,1/21/2019,0,NA,12.8,-1
USW00093987,"LUFKIN ANGELINA CO AIRPORT, TX US",31.23593,-94.75468,87.1,1/22/2019,11.7,NA,19.4,9.4
USW00093987,"LUFKIN ANGELINA CO AIRPORT, TX US",31.23593,-94.75468,87.1,1/23/2019,38.4,NA,9.4,-2.7
USW00093987,"LUFKIN ANGELINA CO AIRPORT, TX US",31.23593,-94.75468,87.1,1/24/2019,0,NA,13.9,-4.3
USW00093987,"LUFKIN ANGELINA CO AIRPORT, TX US",31.23593,-94.75468,87.1,1/25/2019,0,NA,15,-2.1
USW00093987,"LUFKIN ANGELINA CO AIRPORT, TX US",31.23593,-94.75468,87.1,1/26/2019,0.5,NA,11.7,2.2
USW00093987,"LUFKIN ANGELINA CO AIRPORT, TX US",31.23593,-94.75468,87.1,1/27/2019,0,NA,17.2,3.3
USW00093987,"LUFKIN ANGELINA CO AIRPORT, TX US",31.23593,-94.75468,87.1,1/28/2019,0.3,NA,19.4,1.7
USW00093987,"LUFKIN ANGELINA CO AIRPORT, TX US",31.23593,-94.75468,87.1,1/29/2019,0,NA,8.3,-1
USW00093987,"LUFKIN ANGELINA CO AIRPORT, TX US",31.23593,-94.75468,87.1,1/30/2019,0,NA,10,0
USW00093987,"LUFKIN ANGELINA CO AIRPORT, TX US",31.23593,-94.75468,87.1,1/31/2019,0,NA,14.4,-0.5
USW00093987,"LUFKIN ANGELINA CO AIRPORT, TX US",31.23593,-94.75468,87.1,2/1/2019,0,NA,20,9.4
USW00093987,"LUFKIN ANGELINA CO AIRPORT, TX US",31.23593,-94.75468,87.1,2/2/2019,0,NA,20.6,9.4
USW00093987,"LUFKIN ANGELINA CO AIRPORT, TX US",31.23593,-94.75468,87.1,2/3/2019,0,NA,18.9,10.6
USW00093987,"LUFKIN ANGELINA CO AIRPORT, TX US",31.23593,-94.75468,87.1,2/4/2019,0.3,NA,23.9,16.7
USW00093987,"LUFKIN ANGELINA CO AIRPORT, TX US",31.23593,-94.75468,87.1,2/5/2019,0,NA,24.4,18.3
USW00093987,"LUFKIN ANGELINA CO AIRPORT, TX US",31.23593,-94.75468,87.1,2/6/2019,0,NA,24.4,19.4
USW00093987,"LUFKIN ANGELINA CO AIRPORT, TX US",31.23593,-94.75468,87.1,2/7/2019,5.6,NA,22.8,1.7
USW00093987,"LUFKIN ANGELINA CO AIRPORT, TX US",31.23593,-94.75468,87.1,2/8/2019,0.3,NA,1.7,-1
USW00093987,"LUFKIN ANGELINA CO AIRPORT, TX US",31.23593,-94.75468,87.1,2/9/2019,0.8,NA,3.9,-0.5
USW00093987,"LUFKIN ANGELINA CO AIRPORT, TX US",31.23593,-94.75468,87.1,2/10/2019,0,NA,20,3.3
USW00093987,"LUFKIN ANGELINA CO AIRPORT, TX US",31.23593,-94.75468,87.1,2/11/2019,14.5,NA,21.1,16.1
USW00093987,"LUFKIN ANGELINA CO AIRPORT, TX US",31.23593,-94.75468,87.1,2/12/2019,0,NA,16.1,2.8
USW00093987,"LUFKIN ANGELINA CO AIRPORT, TX US",31.23593,-94.75468,87.1,2/13/2019,0,NA,17.2,-1
USW00093987,"LUFKIN ANGELINA CO AIRPORT, TX US",31.23593,-94.75468,87.1,2/14/2019,0,NA,22.2,8.9
USW00093987,"LUFKIN ANGELINA CO AIRPORT, TX US",31.23593,-94.75468,87.1,2/15/2019,0,NA,24.4,10.6
USW00093987,"LUFKIN ANGELINA CO AIRPORT, TX US",31.23593,-94.75468,87.1,2/16/2019,0,NA,17.2,8.3
USW00093987,"LUFKIN ANGELINA CO AIRPORT, TX US",31.23593,-94.75468,87.1,2/17/2019,0,NA,12.2,5.6
USW00093987,"LUFKIN ANGELINA CO AIRPORT, TX US",31.23593,-94.75468,87.1,2/18/2019,0,NA,14.4,5.6
USW00093987,"LUFKIN ANGELINA CO AIRPORT, TX US",31.23593,-94.75468,87.1,2/19/2019,8.4,NA,6.7,3.9
USW00093987,"LUFKIN ANGELINA CO AIRPORT, TX US",31.23593,-94.75468,87.1,2/20/2019,1,NA,15,4.4
USW00093987,"LUFKIN ANGELINA CO AIRPORT, TX US",31.23593,-94.75468,87.1,2/21/2019,9.1,NA,8.3,5.6
USW00093987,"LUFKIN ANGELINA CO AIRPORT, TX US",31.23593,-94.75468,87.1,2/22/2019,5.6,NA,15,7.2
USW00093987,"LUFKIN ANGELINA CO AIRPORT, TX US",31.23593,-94.75468,87.1,2/23/2019,1.8,NA,21.7,11.1
USW00093987,"LUFKIN ANGELINA CO AIRPORT, TX US",31.23593,-94.75468,87.1,2/24/2019,0,NA,17.2,5.6
USW00093987,"LUFKIN ANGELINA CO AIRPORT, TX US",31.23593,-94.75468,87.1,2/25/2019,0,NA,15.6,3.9
USW00093987,"LUFKIN ANGELINA CO AIRPORT, TX US",31.23593,-94.75468,87.1,2/26/2019,1.8,NA,13.3,9.4
USW00093987,"LUFKIN ANGELINA CO AIRPORT, TX US",31.23593,-94.75468,87.1,2/27/2019,2.5,NA,17.8,12.8
USW00093987,"LUFKIN ANGELINA CO AIRPORT, TX US",31.23593,-94.75468,87.1,2/28/2019,0.3,NA,16.7,5
USW00093987,"LUFKIN ANGELINA CO AIRPORT, TX US",31.23593,-94.75468,87.1,3/1/2019,0,NA,11.7,4.4
USW00093987,"LUFKIN ANGELINA CO AIRPORT, TX US",31.23593,-94.75468,87.1,3/2/2019,0.3,NA,14.4,8.9
USW00093987,"LUFKIN ANGELINA CO AIRPORT, TX US",31.23593,-94.75468,87.1,3/3/2019,1,NA,12.2,1.1
USW00093987,"LUFKIN ANGELINA CO AIRPORT, TX US",31.23593,-94.75468,87.1,3/4/2019,0,NA,2.2,-2.1
USW00093987,"LUFKIN ANGELINA CO AIRPORT, TX US",31.23593,-94.75468,87.1,3/5/2019,0,NA,8.3,-4.3
USW00093987,"LUFKIN ANGELINA CO AIRPORT, TX US",31.23593,-94.75468,87.1,3/6/2019,0,NA,14.4,-4.3
USW00093987,"LUFKIN ANGELINA CO AIRPORT, TX US",31.23593,-94.75468,87.1,3/7/2019,0,NA,17.8,7.8
USW00093987,"LUFKIN ANGELINA CO AIRPORT, TX US",31.23593,-94.75468,87.1,3/8/2019,0,NA,26.1,17.8
USW00093987,"LUFKIN ANGELINA CO AIRPORT, TX US",31.23593,-94.75468,87.1,3/9/2019,0.3,NA,25.6,13.3
USW00093987,"LUFKIN ANGELINA CO AIRPORT, TX US",31.23593,-94.75468,87.1,3/10/2019,0.5,NA,26.7,13.3
USW00093987,"LUFKIN ANGELINA CO AIRPORT, TX US",31.23593,-94.75468,87.1,3/11/2019,0,NA,19.4,12.2
USW00093987,"LUFKIN ANGELINA CO AIRPORT, TX US",31.23593,-94.75468,87.1,3/12/2019,0.3,NA,21.7,12.8
USW00093987,"LUFKIN ANGELINA CO AIRPORT, TX US",31.23593,-94.75468,87.1,3/13/2019,17,NA,21.1,11.7
USW00093987,"LUFKIN ANGELINA CO AIRPORT, TX US",31.23593,-94.75468,87.1,3/14/2019,7.6,NA,21.7,11.1
USW00093987,"LUFKIN ANGELINA CO AIRPORT, TX US",31.23593,-94.75468,87.1,3/15/2019,0,NA,16.7,7.2
USW00093987,"LUFKIN ANGELINA CO AIRPORT, TX US",31.23593,-94.75468,87.1,3/16/2019,0,NA,16.7,5
USW00093987,"LUFKIN ANGELINA CO AIRPORT, TX US",31.23593,-94.75468,87.1,3/17/2019,0,NA,19.4,3.9
USW00093987,"LUFKIN ANGELINA CO AIRPORT, TX US",31.23593,-94.75468,87.1,3/18/2019,0,NA,21.1,2.8
USW00093987,"LUFKIN ANGELINA CO AIRPORT, TX US",31.23593,-94.75468,87.1,3/19/2019,0,NA,21.1,6.1
USW00093987,"LUFKIN ANGELINA CO AIRPORT, TX US",31.23593,-94.75468,87.1,3/20/2019,0,NA,22.2,6.1
USW00093987,"LUFKIN ANGELINA CO AIRPORT, TX US",31.23593,-94.75468,87.1,3/21/2019,0,NA,23.9,3.9
USW00093987,"LUFKIN ANGELINA CO AIRPORT, TX US",31.23593,-94.75468,87.1,3/22/2019,0,NA,25.6,5.6
USW00093987,"LUFKIN ANGELINA CO AIRPORT, TX US",31.23593,-94.75468,87.1,3/23/2019,0,NA,23.9,8.9
USW00093987,"LUFKIN ANGELINA CO AIRPORT, TX US",31.23593,-94.75468,87.1,3/24/2019,0,NA,25,12.8
USW00093987,"LUFKIN ANGELINA CO AIRPORT, TX US",31.23593,-94.75468,87.1,3/25/2019,3.3,NA,26.1,12.2
USW00093987,"LUFKIN ANGELINA CO AIRPORT, TX US",31.23593,-94.75468,87.1,3/26/2019,0,NA,22.2,7.2
USW00093987,"LUFKIN ANGELINA CO AIRPORT, TX US",31.23593,-94.75468,87.1,3/27/2019,0,NA,22.2,7.2
USW00093987,"LUFKIN ANGELINA CO AIRPORT, TX US",31.23593,-94.75468,87.1,3/28/2019,0,NA,23.3,7.2
USW00093987,"LUFKIN ANGELINA CO AIRPORT, TX US",31.23593,-94.75468,87.1,3/29/2019,1.5,NA,23.9,13.3
USW00093987,"LUFKIN ANGELINA CO AIRPORT, TX US",31.23593,-94.75468,87.1,3/30/2019,0.3,NA,22.2,7.8
USW00093987,"LUFKIN ANGELINA CO AIRPORT, TX US",31.23593,-94.75468,87.1,3/31/2019,0,NA,12.8,1.7
USW00093987,"LUFKIN ANGELINA CO AIRPORT, TX US",31.23593,-94.75468,87.1,4/1/2019,0,NA,12.8,0
USW00093987,"LUFKIN ANGELINA CO AIRPORT, TX US",31.23593,-94.75468,87.1,4/2/2019,0,NA,19.4,0
USW00093987,"LUFKIN ANGELINA CO AIRPORT, TX US",31.23593,-94.75468,87.1,4/3/2019,0,NA,20.6,4.4
USW00093987,"LUFKIN ANGELINA CO AIRPORT, TX US",31.23593,-94.75468,87.1,4/4/2019,11.7,NA,27.2,15.6
USW00093987,"LUFKIN ANGELINA CO AIRPORT, TX US",31.23593,-94.75468,87.1,4/5/2019,0,NA,20,16.1
USW00093987,"LUFKIN ANGELINA CO AIRPORT, TX US",31.23593,-94.75468,87.1,4/6/2019,9.9,NA,22.8,16.7
USW00093987,"LUFKIN ANGELINA CO AIRPORT, TX US",31.23593,-94.75468,87.1,4/7/2019,18.5,NA,25,16.7
USW00093987,"LUFKIN ANGELINA CO AIRPORT, TX US",31.23593,-94.75468,87.1,4/8/2019,4.3,NA,25.6,15
USW00093987,"LUFKIN ANGELINA CO AIRPORT, TX US",31.23593,-94.75468,87.1,4/9/2019,0,NA,30,11.1
USW00093987,"LUFKIN ANGELINA CO AIRPORT, TX US",31.23593,-94.75468,87.1,4/10/2019,0,NA,30,13.3
USW00093987,"LUFKIN ANGELINA CO AIRPORT, TX US",31.23593,-94.75468,87.1,4/11/2019,1.8,NA,24.4,11.7
USW00093987,"LUFKIN ANGELINA CO AIRPORT, TX US",31.23593,-94.75468,87.1,4/12/2019,0,NA,22.8,10.6
USW00093987,"LUFKIN ANGELINA CO AIRPORT, TX US",31.23593,-94.75468,87.1,4/13/2019,8.6,NA,24.4,9.4
USW00093987,"LUFKIN ANGELINA CO AIRPORT, TX US",31.23593,-94.75468,87.1,4/14/2019,0,NA,20.6,7.2
USW00093987,"LUFKIN ANGELINA CO AIRPORT, TX US",31.23593,-94.75468,87.1,4/15/2019,0,NA,25,6.1
USW00093987,"LUFKIN ANGELINA CO AIRPORT, TX US",31.23593,-94.75468,87.1,4/16/2019,0,NA,26.1,10.6
USW00093987,"LUFKIN ANGELINA CO AIRPORT, TX US",31.23593,-94.75468,87.1,4/17/2019,0,NA,23.3,16.1
USW00093987,"LUFKIN ANGELINA CO AIRPORT, TX US",31.23593,-94.75468,87.1,4/18/2019,47.5,NA,21.1,11.7
USW00093987,"LUFKIN ANGELINA CO AIRPORT, TX US",31.23593,-94.75468,87.1,4/19/2019,0,NA,19.4,8.9
USW00093987,"LUFKIN ANGELINA CO AIRPORT, TX US",31.23593,-94.75468,87.1,4/20/2019,0,NA,23.9,5
USW00093987,"LUFKIN ANGELINA CO AIRPORT, TX US",31.23593,-94.75468,87.1,4/21/2019,0,NA,26.7,8.9
USW00093987,"LUFKIN ANGELINA CO AIRPORT, TX US",31.23593,-94.75468,87.1,4/22/2019,0,NA,26.1,12.2
USW00093987,"LUFKIN ANGELINA CO AIRPORT, TX US",31.23593,-94.75468,87.1,4/23/2019,0,NA,23.3,16.1
USW00093987,"LUFKIN ANGELINA CO AIRPORT, TX US",31.23593,-94.75468,87.1,4/24/2019,32.3,NA,22.8,15.6
USW00093987,"LUFKIN ANGELINA CO AIRPORT, TX US",31.23593,-94.75468,87.1,4/25/2019,0,NA,25.6,14.4
USW00093987,"LUFKIN ANGELINA CO AIRPORT, TX US",31.23593,-94.75468,87.1,4/26/2019,0,NA,26.1,12.2
USW00093987,"LUFKIN ANGELINA CO AIRPORT, TX US",31.23593,-94.75468,87.1,4/27/2019,0,NA,27.2,11.7
USW00093987,"LUFKIN ANGELINA CO AIRPORT, TX US",31.23593,-94.75468,87.1,4/28/2019,0,NA,27.2,14.4
USW00093987,"LUFKIN ANGELINA CO AIRPORT, TX US",31.23593,-94.75468,87.1,4/29/2019,0,NA,28.3,15
USW00093987,"LUFKIN ANGELINA CO AIRPORT, TX US",31.23593,-94.75468,87.1,4/30/2019,0,NA,29.4,22.2
USW00093987,"LUFKIN ANGELINA CO AIRPORT, TX US",31.23593,-94.75468,87.1,5/1/2019,0,NA,30,21.1
USW00093987,"LUFKIN ANGELINA CO AIRPORT, TX US",31.23593,-94.75468,87.1,5/2/2019,38.9,NA,28.3,17.2
USW00093987,"LUFKIN ANGELINA CO AIRPORT, TX US",31.23593,-94.75468,87.1,5/3/2019,2,NA,23.9,17.2
USW00093987,"LUFKIN ANGELINA CO AIRPORT, TX US",31.23593,-94.75468,87.1,5/4/2019,4.6,NA,26.1,16.7
USW00093987,"LUFKIN ANGELINA CO AIRPORT, TX US",31.23593,-94.75468,87.1,5/5/2019,0,NA,28.3,14.4
USW00093987,"LUFKIN ANGELINA CO AIRPORT, TX US",31.23593,-94.75468,87.1,5/6/2019,0,NA,28.3,15.6
USW00093987,"LUFKIN ANGELINA CO AIRPORT, TX US",31.23593,-94.75468,87.1,5/7/2019,0,NA,28.9,18.9
USW00093987,"LUFKIN ANGELINA CO AIRPORT, TX US",31.23593,-94.75468,87.1,5/8/2019,11.7,NA,26.1,17.8
USW00093987,"LUFKIN ANGELINA CO AIRPORT, TX US",31.23593,-94.75468,87.1,5/9/2019,2.5,NA,30,19.4
USW00093987,"LUFKIN ANGELINA CO AIRPORT, TX US",31.23593,-94.75468,87.1,5/10/2019,1.5,NA,23.9,15.6
USW00093987,"LUFKIN ANGELINA CO AIRPORT, TX US",31.23593,-94.75468,87.1,5/11/2019,11.7,NA,21.1,17.2
USW00093987,"LUFKIN ANGELINA CO AIRPORT, TX US",31.23593,-94.75468,87.1,5/12/2019,0,NA,22.8,13.9
USW00093987,"LUFKIN ANGELINA CO AIRPORT, TX US",31.23593,-94.75468,87.1,5/13/2019,0,NA,27.8,12.2
USW00093987,"LUFKIN ANGELINA CO AIRPORT, TX US",31.23593,-94.75468,87.1,5/14/2019,0,NA,29.4,13.3
USW00093987,"LUFKIN ANGELINA CO AIRPORT, TX US",31.23593,-94.75468,87.1,5/15/2019,0,NA,29.4,15
USW00093987,"LUFKIN ANGELINA CO AIRPORT, TX US",31.23593,-94.75468,87.1,5/16/2019,0,NA,30,15
USW00093987,"LUFKIN ANGELINA CO AIRPORT, TX US",31.23593,-94.75468,87.1,5/17/2019,0,NA,30.6,15.6
USW00093987,"LUFKIN ANGELINA CO AIRPORT, TX US",31.23593,-94.75468,87.1,5/18/2019,2.5,NA,29.4,22.8
USW00093987,"LUFKIN ANGELINA CO AIRPORT, TX US",31.23593,-94.75468,87.1,5/19/2019,27.4,NA,32.2,20
USW00093987,"LUFKIN ANGELINA CO AIRPORT, TX US",31.23593,-94.75468,87.1,5/20/2019,0,NA,31.1,20.6
USW00093987,"LUFKIN ANGELINA CO AIRPORT, TX US",31.23593,-94.75468,87.1,5/21/2019,0.3,NA,30,19.4
USW00093987,"LUFKIN ANGELINA CO AIRPORT, TX US",31.23593,-94.75468,87.1,5/22/2019,0,NA,31.7,23.3
USW00093987,"LUFKIN ANGELINA CO AIRPORT, TX US",31.23593,-94.75468,87.1,5/23/2019,0,NA,31.7,22.8
USW00093987,"LUFKIN ANGELINA CO AIRPORT, TX US",31.23593,-94.75468,87.1,5/24/2019,0,NA,31.7,21.7
USW00093987,"LUFKIN ANGELINA CO AIRPORT, TX US",31.23593,-94.75468,87.1,5/25/2019,0,NA,32.2,21.7
USW00093987,"LUFKIN ANGELINA CO AIRPORT, TX US",31.23593,-94.75468,87.1,5/26/2019,0,NA,31.7,21.1
USW00093987,"LUFKIN ANGELINA CO AIRPORT, TX US",31.23593,-94.75468,87.1,5/27/2019,0,NA,31.1,20
USW00093987,"LUFKIN ANGELINA CO AIRPORT, TX US",31.23593,-94.75468,87.1,5/28/2019,0,NA,31.7,22.2
USW00093987,"LUFKIN ANGELINA CO AIRPORT, TX US",31.23593,-94.75468,87.1,5/29/2019,0,NA,31.7,23.3
USW00093987,"LUFKIN ANGELINA CO AIRPORT, TX US",31.23593,-94.75468,87.1,5/30/2019,12.7,NA,28.3,20
USW00093987,"LUFKIN ANGELINA CO AIRPORT, TX US",31.23593,-94.75468,87.1,5/31/2019,6.1,NA,31.1,20
USW00093987,"LUFKIN ANGELINA CO AIRPORT, TX US",31.23593,-94.75468,87.1,6/1/2019,0,NA,32.2,17.8
USW00093987,"LUFKIN ANGELINA CO AIRPORT, TX US",31.23593,-94.75468,87.1,6/2/2019,3.3,NA,32.2,21.7
USW00093987,"LUFKIN ANGELINA CO AIRPORT, TX US",31.23593,-94.75468,87.1,6/3/2019,0,NA,32.2,20.6
USW00093987,"LUFKIN ANGELINA CO AIRPORT, TX US",31.23593,-94.75468,87.1,6/4/2019,4.8,NA,32.8,22.8
USW00093987,"LUFKIN ANGELINA CO AIRPORT, TX US",31.23593,-94.75468,87.1,6/5/2019,13,NA,24.4,21.7
USW00093987,"LUFKIN ANGELINA CO AIRPORT, TX US",31.23593,-94.75468,87.1,6/6/2019,0,NA,31.7,21.7
USW00093987,"LUFKIN ANGELINA CO AIRPORT, TX US",31.23593,-94.75468,87.1,6/7/2019,0.3,NA,30.6,20.6
USW00093987,"LUFKIN ANGELINA CO AIRPORT, TX US",31.23593,-94.75468,87.1,6/8/2019,0,NA,31.7,18.9
USW00093987,"LUFKIN ANGELINA CO AIRPORT, TX US",31.23593,-94.75468,87.1,6/9/2019,0,NA,32.8,18.9
USW00093987,"LUFKIN ANGELINA CO AIRPORT, TX US",31.23593,-94.75468,87.1,6/10/2019,0,NA,31.1,21.1
USW00093987,"LUFKIN ANGELINA CO AIRPORT, TX US",31.23593,-94.75468,87.1,6/11/2019,0,NA,28.9,18.9
USW00093987,"LUFKIN ANGELINA CO AIRPORT, TX US",31.23593,-94.75468,87.1,6/12/2019,0,NA,30.6,16.7
USW00093987,"LUFKIN ANGELINA CO AIRPORT, TX US",31.23593,-94.75468,87.1,6/13/2019,0,NA,30.6,17.8
USW00093987,"LUFKIN ANGELINA CO AIRPORT, TX US",31.23593,-94.75468,87.1,6/14/2019,0,NA,31.7,18.3
USW00093987,"LUFKIN ANGELINA CO AIRPORT, TX US",31.23593,-94.75468,87.1,6/15/2019,0,NA,34.4,20.6
USW00093987,"LUFKIN ANGELINA CO AIRPORT, TX US",31.23593,-94.75468,87.1,6/16/2019,46,NA,29.4,17.8
USW00093987,"LUFKIN ANGELINA CO AIRPORT, TX US",31.23593,-94.75468,87.1,6/17/2019,2,NA,29.4,18.3
USW00093987,"LUFKIN ANGELINA CO AIRPORT, TX US",31.23593,-94.75468,87.1,6/18/2019,0,NA,32.2,19.4
USW00093987,"LUFKIN ANGELINA CO AIRPORT, TX US",31.23593,-94.75468,87.1,6/19/2019,0,NA,33.3,22.8
USW00093987,"LUFKIN ANGELINA CO AIRPORT, TX US",31.23593,-94.75468,87.1,6/20/2019,0,NA,33.3,21.7
USW00093987,"LUFKIN ANGELINA CO AIRPORT, TX US",31.23593,-94.75468,87.1,6/21/2019,0,NA,33.9,25.6
USW00093987,"LUFKIN ANGELINA CO AIRPORT, TX US",31.23593,-94.75468,87.1,6/22/2019,0,NA,33.3,25.6
USW00093987,"LUFKIN ANGELINA CO AIRPORT, TX US",31.23593,-94.75468,87.1,6/23/2019,0.3,NA,33.3,23.3
USW00093987,"LUFKIN ANGELINA CO AIRPORT, TX US",31.23593,-94.75468,87.1,6/24/2019,38.9,NA,28.9,18.3
USW00093987,"LUFKIN ANGELINA CO AIRPORT, TX US",31.23593,-94.75468,87.1,6/25/2019,0,NA,30.6,20.6
USW00093987,"LUFKIN ANGELINA CO AIRPORT, TX US",31.23593,-94.75468,87.1,6/26/2019,0.3,NA,31.7,20
USW00093987,"LUFKIN ANGELINA CO AIRPORT, TX US",31.23593,-94.75468,87.1,6/27/2019,5.3,NA,31.7,20
USW00093987,"LUFKIN ANGELINA CO AIRPORT, TX US",31.23593,-94.75468,87.1,6/28/2019,0,NA,32.8,19.4
USW00093987,"LUFKIN ANGELINA CO AIRPORT, TX US",31.23593,-94.75468,87.1,6/29/2019,4.1,NA,23.9,20
USW00093987,"LUFKIN ANGELINA CO AIRPORT, TX US",31.23593,-94.75468,87.1,6/30/2019,0,NA,29.4,19.4
USW00093987,"LUFKIN ANGELINA CO AIRPORT, TX US",31.23593,-94.75468,87.1,7/1/2019,0,NA,31.7,21.7
USW00093987,"LUFKIN ANGELINA CO AIRPORT, TX US",31.23593,-94.75468,87.1,7/2/2019,0,NA,31.7,20.6
USW00093987,"LUFKIN ANGELINA CO AIRPORT, TX US",31.23593,-94.75468,87.1,7/3/2019,0,NA,31.1,21.7
USW00093987,"LUFKIN ANGELINA CO AIRPORT, TX US",31.23593,-94.75468,87.1,7/4/2019,2.8,NA,32.8,23.3
USW00093987,"LUFKIN ANGELINA CO AIRPORT, TX US",31.23593,-94.75468,87.1,7/5/2019,0,NA,33.3,23.3
USW00093987,"LUFKIN ANGELINA CO AIRPORT, TX US",31.23593,-94.75468,87.1,7/6/2019,0,NA,33.3,22.8
USW00093987,"LUFKIN ANGELINA CO AIRPORT, TX US",31.23593,-94.75468,87.1,7/7/2019,0,NA,33.9,22.8
USW00093987,"LUFKIN ANGELINA CO AIRPORT, TX US",31.23593,-94.75468,87.1,7/8/2019,0,NA,33.9,22.8
USW00093987,"LUFKIN ANGELINA CO AIRPORT, TX US",31.23593,-94.75468,87.1,7/9/2019,0,NA,33.9,23.9
USW00093987,"LUFKIN ANGELINA CO AIRPORT, TX US",31.23593,-94.75468,87.1,7/10/2019,0,NA,33.9,23.3
USW00093987,"LUFKIN ANGELINA CO AIRPORT, TX US",31.23593,-94.75468,87.1,7/11/2019,0,NA,34.4,22.2
USW00093987,"LUFKIN ANGELINA CO AIRPORT, TX US",31.23593,-94.75468,87.1,7/12/2019,0.3,NA,33.3,24.4
USW00093987,"LUFKIN ANGELINA CO AIRPORT, TX US",31.23593,-94.75468,87.1,7/13/2019,1.5,NA,31.1,23.9
USW00093987,"LUFKIN ANGELINA CO AIRPORT, TX US",31.23593,-94.75468,87.1,7/14/2019,5.6,NA,26.1,22.2
USW00093987,"LUFKIN ANGELINA CO AIRPORT, TX US",31.23593,-94.75468,87.1,7/15/2019,0,NA,31.1,20.6
USW00093987,"LUFKIN ANGELINA CO AIRPORT, TX US",31.23593,-94.75468,87.1,7/16/2019,0,NA,34.4,25
USW00093987,"LUFKIN ANGELINA CO AIRPORT, TX US",31.23593,-94.75468,87.1,7/17/2019,0,NA,34.4,23.3
USW00093987,"LUFKIN ANGELINA CO AIRPORT, TX US",31.23593,-94.75468,87.1,7/18/2019,0,NA,33.9,23.3
USW00093987,"LUFKIN ANGELINA CO AIRPORT, TX US",31.23593,-94.75468,87.1,7/19/2019,0,NA,34.4,22.8
USW00093987,"LUFKIN ANGELINA CO AIRPORT, TX US",31.23593,-94.75468,87.1,7/20/2019,0,NA,35,22.8
USW00093987,"LUFKIN ANGELINA CO AIRPORT, TX US",31.23593,-94.75468,87.1,7/21/2019,0,NA,33.9,22.8
USW00093987,"LUFKIN ANGELINA CO AIRPORT, TX US",31.23593,-94.75468,87.1,7/22/2019,0,NA,34.4,22.2
USW00093987,"LUFKIN ANGELINA CO AIRPORT, TX US",31.23593,-94.75468,87.1,7/23/2019,0,NA,31.7,21.1
USW00093987,"LUFKIN ANGELINA CO AIRPORT, TX US",31.23593,-94.75468,87.1,7/24/2019,0,NA,30,15
USW00093987,"LUFKIN ANGELINA CO AIRPORT, TX US",31.23593,-94.75468,87.1,7/25/2019,0,NA,31.1,16.7
USW00093987,"LUFKIN ANGELINA CO AIRPORT, TX US",31.23593,-94.75468,87.1,7/26/2019,0,NA,33.3,17.8
USW00093987,"LUFKIN ANGELINA CO AIRPORT, TX US",31.23593,-94.75468,87.1,7/27/2019,1.8,NA,33.9,20
USW00093987,"LUFKIN ANGELINA CO AIRPORT, TX US",31.23593,-94.75468,87.1,7/28/2019,0,NA,33.9,22.2
USW00093987,"LUFKIN ANGELINA CO AIRPORT, TX US",31.23593,-94.75468,87.1,7/29/2019,1,NA,33.9,22.2
USW00093987,"LUFKIN ANGELINA CO AIRPORT, TX US",31.23593,-94.75468,87.1,7/30/2019,27.2,NA,34.4,20.6
USW00093987,"LUFKIN ANGELINA CO AIRPORT, TX US",31.23593,-94.75468,87.1,7/31/2019,0,NA,33.9,19.4
USW00093987,"LUFKIN ANGELINA CO AIRPORT, TX US",31.23593,-94.75468,87.1,8/1/2019,0,NA,33.9,22.2
USW00093987,"LUFKIN ANGELINA CO AIRPORT, TX US",31.23593,-94.75468,87.1,8/2/2019,0,NA,34.4,22.8
USW00093987,"LUFKIN ANGELINA CO AIRPORT, TX US",31.23593,-94.75468,87.1,8/3/2019,0.5,NA,31.1,23.3
USW00093987,"LUFKIN ANGELINA CO AIRPORT, TX US",31.23593,-94.75468,87.1,8/4/2019,49.3,NA,29.4,22.8
USW00093987,"LUFKIN ANGELINA CO AIRPORT, TX US",31.23593,-94.75468,87.1,8/5/2019,0,NA,33.3,21.7
USW00093987,"LUFKIN ANGELINA CO AIRPORT, TX US",31.23593,-94.75468,87.1,8/6/2019,0,NA,34.4,23.3
USW00093987,"LUFKIN ANGELINA CO AIRPORT, TX US",31.23593,-94.75468,87.1,8/7/2019,0,NA,33.9,23.9
USW00093987,"LUFKIN ANGELINA CO AIRPORT, TX US",31.23593,-94.75468,87.1,8/8/2019,0,NA,35,24.4
USW00093987,"LUFKIN ANGELINA CO AIRPORT, TX US",31.23593,-94.75468,87.1,8/9/2019,0,NA,35,23.9
USW00093987,"LUFKIN ANGELINA CO AIRPORT, TX US",31.23593,-94.75468,87.1,8/10/2019,0,NA,34.4,22.2
USW00093987,"LUFKIN ANGELINA CO AIRPORT, TX US",31.23593,-94.75468,87.1,8/11/2019,0,NA,35.6,23.3
USW00093987,"LUFKIN ANGELINA CO AIRPORT, TX US",31.23593,-94.75468,87.1,8/12/2019,0,NA,35.6,23.9
USW00093987,"LUFKIN ANGELINA CO AIRPORT, TX US",31.23593,-94.75468,87.1,8/13/2019,0,NA,37.2,23.9
USW00093987,"LUFKIN ANGELINA CO AIRPORT, TX US",31.23593,-94.75468,87.1,8/14/2019,22.9,NA,36.7,23.9
USW00093987,"LUFKIN ANGELINA CO AIRPORT, TX US",31.23593,-94.75468,87.1,8/15/2019,1,NA,35.6,23.3
USW00093987,"LUFKIN ANGELINA CO AIRPORT, TX US",31.23593,-94.75468,87.1,8/16/2019,0,NA,35,22.8
USW00093987,"LUFKIN ANGELINA CO AIRPORT, TX US",31.23593,-94.75468,87.1,8/17/2019,0,NA,35.6,25
USW00093987,"LUFKIN ANGELINA CO AIRPORT, TX US",31.23593,-94.75468,87.1,8/18/2019,1.3,NA,35.6,24.4
USW00093987,"LUFKIN ANGELINA CO AIRPORT, TX US",31.23593,-94.75468,87.1,8/19/2019,0,NA,37.2,24.4
USW00093987,"LUFKIN ANGELINA CO AIRPORT, TX US",31.23593,-94.75468,87.1,8/20/2019,0.3,NA,36.1,24.4
USW00093987,"LUFKIN ANGELINA CO AIRPORT, TX US",31.23593,-94.75468,87.1,8/21/2019,0,NA,35.6,23.9
USW00093987,"LUFKIN ANGELINA CO AIRPORT, TX US",31.23593,-94.75468,87.1,8/22/2019,0,NA,35.6,23.3
USW00093987,"LUFKIN ANGELINA CO AIRPORT, TX US",31.23593,-94.75468,87.1,8/23/2019,5.1,NA,32.8,23.9
USW00093987,"LUFKIN ANGELINA CO AIRPORT, TX US",31.23593,-94.75468,87.1,8/24/2019,0,NA,33.9,23.9
USW00093987,"LUFKIN ANGELINA CO AIRPORT, TX US",31.23593,-94.75468,87.1,8/25/2019,2,NA,33.9,25
USW00093987,"LUFKIN ANGELINA CO AIRPORT, TX US",31.23593,-94.75468,87.1,8/26/2019,0,NA,35.6,25
USW00093987,"LUFKIN ANGELINA CO AIRPORT, TX US",31.23593,-94.75468,87.1,8/27/2019,0,NA,36.1,26.1
USW00093987,"LUFKIN ANGELINA CO AIRPORT, TX US",31.23593,-94.75468,87.1,8/28/2019,13.7,NA,31.7,21.7
USW00093987,"LUFKIN ANGELINA CO AIRPORT, TX US",31.23593,-94.75468,87.1,8/29/2019,0,NA,34.4,22.2
USW00093987,"LUFKIN ANGELINA CO AIRPORT, TX US",31.23593,-94.75468,87.1,8/30/2019,0,NA,34.4,21.7
USW00093987,"LUFKIN ANGELINA CO AIRPORT, TX US",31.23593,-94.75468,87.1,8/31/2019,0,NA,34.4,21.7
USW00093987,"LUFKIN ANGELINA CO AIRPORT, TX US",31.23593,-94.75468,87.1,9/1/2019,0,NA,35,22.8
USW00093987,"LUFKIN ANGELINA CO AIRPORT, TX US",31.23593,-94.75468,87.1,9/2/2019,0,NA,35,20.6
USW00093987,"LUFKIN ANGELINA CO AIRPORT, TX US",31.23593,-94.75468,87.1,9/3/2019,0,NA,35.6,22.2
USW00093987,"LUFKIN ANGELINA CO AIRPORT, TX US",31.23593,-94.75468,87.1,9/4/2019,0,NA,36.1,21.7
USW00093987,"LUFKIN ANGELINA CO AIRPORT, TX US",31.23593,-94.75468,87.1,9/5/2019,0,NA,37.2,20.6
USW00093987,"LUFKIN ANGELINA CO AIRPORT, TX US",31.23593,-94.75468,87.1,9/6/2019,0,NA,37.8,22.2
USW00093987,"LUFKIN ANGELINA CO AIRPORT, TX US",31.23593,-94.75468,87.1,9/7/2019,0,NA,37.2,21.1
USW00093987,"LUFKIN ANGELINA CO AIRPORT, TX US",31.23593,-94.75468,87.1,9/8/2019,0,NA,37.2,20
USW00093987,"LUFKIN ANGELINA CO AIRPORT, TX US",31.23593,-94.75468,87.1,9/9/2019,1,NA,34.4,20.6
USW00093987,"LUFKIN ANGELINA CO AIRPORT, TX US",31.23593,-94.75468,87.1,9/10/2019,0,NA,35,21.7
USW00093987,"LUFKIN ANGELINA CO AIRPORT, TX US",31.23593,-94.75468,87.1,9/11/2019,2.3,NA,34.4,21.7
USW00093987,"LUFKIN ANGELINA CO AIRPORT, TX US",31.23593,-94.75468,87.1,9/12/2019,0,NA,34.4,21.1
USW00093987,"LUFKIN ANGELINA CO AIRPORT, TX US",31.23593,-94.75468,87.1,9/13/2019,0,NA,36.1,20.6
USW00093987,"LUFKIN ANGELINA CO AIRPORT, TX US",31.23593,-94.75468,87.1,9/14/2019,0,NA,36.7,21.7
USW00093987,"LUFKIN ANGELINA CO AIRPORT, TX US",31.23593,-94.75468,87.1,9/15/2019,0,NA,35.6,20.6
USW00093987,"LUFKIN ANGELINA CO AIRPORT, TX US",31.23593,-94.75468,87.1,9/16/2019,0,NA,35.6,22.8
USW00093987,"LUFKIN ANGELINA CO AIRPORT, TX US",31.23593,-94.75468,87.1,9/17/2019,3,NA,31.7,22.2
USW00093987,"LUFKIN ANGELINA CO AIRPORT, TX US",31.23593,-94.75468,87.1,9/18/2019,84.8,NA,25.6,23.3
USW00093987,"LUFKIN ANGELINA CO AIRPORT, TX US",31.23593,-94.75468,87.1,9/19/2019,31.2,NA,27.2,22.8
USW00093987,"LUFKIN ANGELINA CO AIRPORT, TX US",31.23593,-94.75468,87.1,9/20/2019,0,NA,31.7,22.8
USW00093987,"LUFKIN ANGELINA CO AIRPORT, TX US",31.23593,-94.75468,87.1,9/21/2019,0,NA,32.2,22.2
USW00093987,"LUFKIN ANGELINA CO AIRPORT, TX US",31.23593,-94.75468,87.1,9/22/2019,1.5,NA,32.8,23.3
USW00093987,"LUFKIN ANGELINA CO AIRPORT, TX US",31.23593,-94.75468,87.1,9/23/2019,0,NA,33.3,22.8
USW00093987,"LUFKIN ANGELINA CO AIRPORT, TX US",31.23593,-94.75468,87.1,9/24/2019,0,NA,32.8,22.8
USW00093987,"LUFKIN ANGELINA CO AIRPORT, TX US",31.23593,-94.75468,87.1,9/25/2019,0,NA,32.2,20.6
USW00093987,"LUFKIN ANGELINA CO AIRPORT, TX US",31.23593,-94.75468,87.1,9/26/2019,0,NA,32.2,20
USW00093987,"LUFKIN ANGELINA CO AIRPORT, TX US",31.23593,-94.75468,87.1,9/27/2019,0.3,NA,32.2,20
USW00093987,"LUFKIN ANGELINA CO AIRPORT, TX US",31.23593,-94.75468,87.1,9/28/2019,0,NA,31.7,23.3
USW00093987,"LUFKIN ANGELINA CO AIRPORT, TX US",31.23593,-94.75468,87.1,9/29/2019,0,NA,33.3,22.8
USW00093987,"LUFKIN ANGELINA CO AIRPORT, TX US",31.23593,-94.75468,87.1,9/30/2019,0,NA,33.3,22.2
USW00093987,"LUFKIN ANGELINA CO AIRPORT, TX US",31.23593,-94.75468,87.1,10/1/2019,0,NA,33.3,22.2
USW00093987,"LUFKIN ANGELINA CO AIRPORT, TX US",31.23593,-94.75468,87.1,10/2/2019,0,NA,33.9,20.6
USW00093987,"LUFKIN ANGELINA CO AIRPORT, TX US",31.23593,-94.75468,87.1,10/3/2019,4.3,NA,34.4,21.7
USW00093987,"LUFKIN ANGELINA CO AIRPORT, TX US",31.23593,-94.75468,87.1,10/4/2019,0,NA,33.3,20
USW00093987,"LUFKIN ANGELINA CO AIRPORT, TX US",31.23593,-94.75468,87.1,10/5/2019,0,NA,32.8,20.6
USW00093987,"LUFKIN ANGELINA CO AIRPORT, TX US",31.23593,-94.75468,87.1,10/6/2019,0,NA,32.2,20.6
USW00093987,"LUFKIN ANGELINA CO AIRPORT, TX US",31.23593,-94.75468,87.1,10/7/2019,0,NA,25,16.7
USW00093987,"LUFKIN ANGELINA CO AIRPORT, TX US",31.23593,-94.75468,87.1,10/8/2019,0,NA,27.8,13.9
USW00093987,"LUFKIN ANGELINA CO AIRPORT, TX US",31.23593,-94.75468,87.1,10/9/2019,0,NA,29.4,13.3
USW00093987,"LUFKIN ANGELINA CO AIRPORT, TX US",31.23593,-94.75468,87.1,10/10/2019,0,NA,32.8,20
USW00093987,"LUFKIN ANGELINA CO AIRPORT, TX US",31.23593,-94.75468,87.1,10/11/2019,33,NA,22.8,8.3
USW00093987,"LUFKIN ANGELINA CO AIRPORT, TX US",31.23593,-94.75468,87.1,10/12/2019,0,NA,18.3,8.9
USW00093987,"LUFKIN ANGELINA CO AIRPORT, TX US",31.23593,-94.75468,87.1,10/13/2019,0,NA,22.8,11.1
USW00093987,"LUFKIN ANGELINA CO AIRPORT, TX US",31.23593,-94.75468,87.1,10/14/2019,20.6,NA,23.3,17.2
USW00093987,"LUFKIN ANGELINA CO AIRPORT, TX US",31.23593,-94.75468,87.1,10/15/2019,0.8,NA,27.8,21.7
USW00093987,"LUFKIN ANGELINA CO AIRPORT, TX US",31.23593,-94.75468,87.1,10/16/2019,6.6,NA,23.3,11.7
USW00093987,"LUFKIN ANGELINA CO AIRPORT, TX US",31.23593,-94.75468,87.1,10/17/2019,0,NA,19.4,10
USW00093987,"LUFKIN ANGELINA CO AIRPORT, TX US",31.23593,-94.75468,87.1,10/18/2019,0,NA,25,8.9
USW00093987,"LUFKIN ANGELINA CO AIRPORT, TX US",31.23593,-94.75468,87.1,10/19/2019,0,NA,30,12.2
USW00093987,"LUFKIN ANGELINA CO AIRPORT, TX US",31.23593,-94.75468,87.1,10/20/2019,0,NA,31.7,18.3
USW00093987,"LUFKIN ANGELINA CO AIRPORT, TX US",31.23593,-94.75468,87.1,10/21/2019,13,NA,26.1,10.6
USW00093987,"LUFKIN ANGELINA CO AIRPORT, TX US",31.23593,-94.75468,87.1,10/22/2019,0,NA,25,7.2
USW00093987,"LUFKIN ANGELINA CO AIRPORT, TX US",31.23593,-94.75468,87.1,10/23/2019,0,NA,25,7.8
USW00093987,"LUFKIN ANGELINA CO AIRPORT, TX US",31.23593,-94.75468,87.1,10/24/2019,0,NA,26.7,12.2
USW00093987,"LUFKIN ANGELINA CO AIRPORT, TX US",31.23593,-94.75468,87.1,10/25/2019,33,NA,17.2,10.6
USW00093987,"LUFKIN ANGELINA CO AIRPORT, TX US",31.23593,-94.75468,87.1,10/26/2019,0,NA,17.8,9.4
USW00093987,"LUFKIN ANGELINA CO AIRPORT, TX US",31.23593,-94.75468,87.1,10/27/2019,0,NA,23.3,8.3
USW00093987,"LUFKIN ANGELINA CO AIRPORT, TX US",31.23593,-94.75468,87.1,10/28/2019,0,NA,23.9,13.3
USW00093987,"LUFKIN ANGELINA CO AIRPORT, TX US",31.23593,-94.75468,87.1,10/29/2019,15.2,NA,20,15
USW00093987,"LUFKIN ANGELINA CO AIRPORT, TX US",31.23593,-94.75468,87.1,10/30/2019,18.3,NA,19.4,6.1
USW00093987,"LUFKIN ANGELINA CO AIRPORT, TX US",31.23593,-94.75468,87.1,10/31/2019,0.3,NA,12.2,1.1
USW00093987,"LUFKIN ANGELINA CO AIRPORT, TX US",31.23593,-94.75468,87.1,11/1/2019,0,NA,15,-1
USW00093987,"LUFKIN ANGELINA CO AIRPORT, TX US",31.23593,-94.75468,87.1,11/2/2019,0,NA,19.4,2.8
USW00093987,"LUFKIN ANGELINA CO AIRPORT, TX US",31.23593,-94.75468,87.1,11/3/2019,0,NA,18.9,2.2
USW00093987,"LUFKIN ANGELINA CO AIRPORT, TX US",31.23593,-94.75468,87.1,11/4/2019,0,NA,22.8,7.8
USW00093987,"LUFKIN ANGELINA CO AIRPORT, TX US",31.23593,-94.75468,87.1,11/5/2019,0,NA,27.2,15.6
USW00093987,"LUFKIN ANGELINA CO AIRPORT, TX US",31.23593,-94.75468,87.1,11/6/2019,0,NA,26.1,16.1
USW00093987,"LUFKIN ANGELINA CO AIRPORT, TX US",31.23593,-94.75468,87.1,11/7/2019,0.8,NA,22.2,10
USW00093987,"LUFKIN ANGELINA CO AIRPORT, TX US",31.23593,-94.75468,87.1,11/8/2019,0,NA,12.8,4.4
USW00093987,"LUFKIN ANGELINA CO AIRPORT, TX US",31.23593,-94.75468,87.1,11/9/2019,0,NA,19.4,1.1
USW00093987,"LUFKIN ANGELINA CO AIRPORT, TX US",31.23593,-94.75468,87.1,11/10/2019,0,NA,22.8,4.4
USW00093987,"LUFKIN ANGELINA CO AIRPORT, TX US",31.23593,-94.75468,87.1,11/11/2019,3,NA,20.6,2.2
USW00093987,"LUFKIN ANGELINA CO AIRPORT, TX US",31.23593,-94.75468,87.1,11/12/2019,0,NA,7.2,-2.7
USW00093987,"LUFKIN ANGELINA CO AIRPORT, TX US",31.23593,-94.75468,87.1,11/13/2019,0,NA,8.3,-5.5
USW00093987,"LUFKIN ANGELINA CO AIRPORT, TX US",31.23593,-94.75468,87.1,11/14/2019,9.7,NA,7.2,3.3
USW00093987,"LUFKIN ANGELINA CO AIRPORT, TX US",31.23593,-94.75468,87.1,11/15/2019,0,NA,16.1,1.7
USW00093987,"LUFKIN ANGELINA CO AIRPORT, TX US",31.23593,-94.75468,87.1,11/16/2019,0,NA,16.7,-0.5
USW00093987,"LUFKIN ANGELINA CO AIRPORT, TX US",31.23593,-94.75468,87.1,11/17/2019,0,NA,18.9,0
USW00093987,"LUFKIN ANGELINA CO AIRPORT, TX US",31.23593,-94.75468,87.1,11/18/2019,0,NA,21.7,5
USW00093987,"LUFKIN ANGELINA CO AIRPORT, TX US",31.23593,-94.75468,87.1,11/19/2019,0,NA,26.1,5
USW00093987,"LUFKIN ANGELINA CO AIRPORT, TX US",31.23593,-94.75468,87.1,11/20/2019,0,NA,26.1,10
USW00093987,"LUFKIN ANGELINA CO AIRPORT, TX US",31.23593,-94.75468,87.1,11/21/2019,0.3,NA,26.1,17.2
USW00093987,"LUFKIN ANGELINA CO AIRPORT, TX US",31.23593,-94.75468,87.1,11/22/2019,15.5,NA,22.2,8.9
USW00093987,"LUFKIN ANGELINA CO AIRPORT, TX US",31.23593,-94.75468,87.1,11/23/2019,0,NA,16.7,5
USW00093987,"LUFKIN ANGELINA CO AIRPORT, TX US",31.23593,-94.75468,87.1,11/24/2019,0,NA,18.9,2.2
USW00093987,"LUFKIN ANGELINA CO AIRPORT, TX US",31.23593,-94.75468,87.1,11/25/2019,0,NA,24.4,6.1
USW00093987,"LUFKIN ANGELINA CO AIRPORT, TX US",31.23593,-94.75468,87.1,11/26/2019,0,NA,25.6,20.6
USW00093987,"LUFKIN ANGELINA CO AIRPORT, TX US",31.23593,-94.75468,87.1,11/27/2019,0,NA,21.7,12.8
USW00093987,"LUFKIN ANGELINA CO AIRPORT, TX US",31.23593,-94.75468,87.1,11/28/2019,0,NA,19.4,13.3
USW00093987,"LUFKIN ANGELINA CO AIRPORT, TX US",31.23593,-94.75468,87.1,11/29/2019,0,NA,22.8,16.1
USW00093987,"LUFKIN ANGELINA CO AIRPORT, TX US",31.23593,-94.75468,87.1,11/30/2019,4.3,NA,26.1,15
USW00093987,"LUFKIN ANGELINA CO AIRPORT, TX US",31.23593,-94.75468,87.1,12/1/2019,0,NA,16.7,4.4
USW00093987,"LUFKIN ANGELINA CO AIRPORT, TX US",31.23593,-94.75468,87.1,12/2/2019,0,NA,15.6,2.2
USW00093987,"LUFKIN ANGELINA CO AIRPORT, TX US",31.23593,-94.75468,87.1,12/3/2019,0,NA,20,0.6
USW00093987,"LUFKIN ANGELINA CO AIRPORT, TX US",31.23593,-94.75468,87.1,12/4/2019,0,NA,21.7,2.8
USW00093987,"LUFKIN ANGELINA CO AIRPORT, TX US",31.23593,-94.75468,87.1,12/5/2019,0,NA,23.3,6.7
USW00093987,"LUFKIN ANGELINA CO AIRPORT, TX US",31.23593,-94.75468,87.1,12/6/2019,0,NA,20,13.3
USW00093987,"LUFKIN ANGELINA CO AIRPORT, TX US",31.23593,-94.75468,87.1,12/7/2019,0,NA,21.1,7.2
USW00093987,"LUFKIN ANGELINA CO AIRPORT, TX US",31.23593,-94.75468,87.1,12/8/2019,0,NA,18.9,6.7
USW00093987,"LUFKIN ANGELINA CO AIRPORT, TX US",31.23593,-94.75468,87.1,12/9/2019,2.3,NA,24.4,15.6
USW00093987,"LUFKIN ANGELINA CO AIRPORT, TX US",31.23593,-94.75468,87.1,12/10/2019,15.7,NA,16.1,5
USW00093987,"LUFKIN ANGELINA CO AIRPORT, TX US",31.23593,-94.75468,87.1,12/11/2019,0,NA,13.3,2.2
USW00093987,"LUFKIN ANGELINA CO AIRPORT, TX US",31.23593,-94.75468,87.1,12/12/2019,0,NA,15,-1
USW00093987,"LUFKIN ANGELINA CO AIRPORT, TX US",31.23593,-94.75468,87.1,12/13/2019,0,NA,20.6,5
USW00093987,"LUFKIN ANGELINA CO AIRPORT, TX US",31.23593,-94.75468,87.1,12/14/2019,0,NA,20.6,2.2
USW00093987,"LUFKIN ANGELINA CO AIRPORT, TX US",31.23593,-94.75468,87.1,12/15/2019,0,NA,27.2,12.8
USW00093987,"LUFKIN ANGELINA CO AIRPORT, TX US",31.23593,-94.75468,87.1,12/16/2019,3.6,NA,22.8,5
USW00093987,"LUFKIN ANGELINA CO AIRPORT, TX US",31.23593,-94.75468,87.1,12/17/2019,0,NA,10.6,-1
USW00093987,"LUFKIN ANGELINA CO AIRPORT, TX US",31.23593,-94.75468,87.1,12/18/2019,0,NA,14.4,-2.7
USW00093987,"LUFKIN ANGELINA CO AIRPORT, TX US",31.23593,-94.75468,87.1,12/19/2019,0,NA,14.4,-2.7
USW00093987,"LUFKIN ANGELINA CO AIRPORT, TX US",31.23593,-94.75468,87.1,12/20/2019,1,NA,10.6,0.6
USW00093987,"LUFKIN ANGELINA CO AIRPORT, TX US",31.23593,-94.75468,87.1,12/21/2019,0.3,NA,12.2,3.3
USW00093987,"LUFKIN ANGELINA CO AIRPORT, TX US",31.23593,-94.75468,87.1,12/22/2019,0,NA,16.1,1.7
USW00093987,"LUFKIN ANGELINA CO AIRPORT, TX US",31.23593,-94.75468,87.1,12/23/2019,0,NA,21.1,1.7
USW00093987,"LUFKIN ANGELINA CO AIRPORT, TX US",31.23593,-94.75468,87.1,12/24/2019,0,NA,22.2,3.3
USW00093987,"LUFKIN ANGELINA CO AIRPORT, TX US",31.23593,-94.75468,87.1,12/25/2019,0,NA,21.7,5.6
USW00093987,"LUFKIN ANGELINA CO AIRPORT, TX US",31.23593,-94.75468,87.1,12/26/2019,0,NA,23.3,7.2
USW00093987,"LUFKIN ANGELINA CO AIRPORT, TX US",31.23593,-94.75468,87.1,12/27/2019,0,NA,22.2,10.6
USW00093987,"LUFKIN ANGELINA CO AIRPORT, TX US",31.23593,-94.75468,87.1,12/28/2019,12.7,NA,21.7,14.4
USW00093987,"LUFKIN ANGELINA CO AIRPORT, TX US",31.23593,-94.75468,87.1,12/29/2019,5.6,NA,17.8,3.9
USW00093987,"LUFKIN ANGELINA CO AIRPORT, TX US",31.23593,-94.75468,87.1,12/30/2019,0,NA,14.4,0.6
USW00093987,"LUFKIN ANGELINA CO AIRPORT, TX US",31.23593,-94.75468,87.1,12/31/2019,0,NA,15,-1
USW00093987,"LUFKIN ANGELINA CO AIRPORT, TX US",31.23593,-94.75468,87.1,1/1/2020,2.5,NA,12.2,3.9
USW00093987,"LUFKIN ANGELINA CO AIRPORT, TX US",31.23593,-94.75468,87.1,1/2/2020,29.7,NA,15,10
USW00093987,"LUFKIN ANGELINA CO AIRPORT, TX US",31.23593,-94.75468,87.1,1/3/2020,0,NA,18.9,7.2
USW00093987,"LUFKIN ANGELINA CO AIRPORT, TX US",31.23593,-94.75468,87.1,1/4/2020,0,NA,17.8,2.2
USW00093987,"LUFKIN ANGELINA CO AIRPORT, TX US",31.23593,-94.75468,87.1,1/5/2020,0,NA,21.7,2.2
USW00093987,"LUFKIN ANGELINA CO AIRPORT, TX US",31.23593,-94.75468,87.1,1/6/2020,0,NA,22.2,4.4
USW00093987,"LUFKIN ANGELINA CO AIRPORT, TX US",31.23593,-94.75468,87.1,1/7/2020,0,NA,18.3,1.7
USW00093987,"LUFKIN ANGELINA CO AIRPORT, TX US",31.23593,-94.75468,87.1,1/8/2020,0,NA,18.9,0
USW00093987,"LUFKIN ANGELINA CO AIRPORT, TX US",31.23593,-94.75468,87.1,1/9/2020,0,NA,22.2,13.3
USW00093987,"LUFKIN ANGELINA CO AIRPORT, TX US",31.23593,-94.75468,87.1,1/10/2020,6.9,NA,23.3,18.9
USW00093987,"LUFKIN ANGELINA CO AIRPORT, TX US",31.23593,-94.75468,87.1,1/11/2020,27.4,NA,22.8,0
USW00093987,"LUFKIN ANGELINA CO AIRPORT, TX US",31.23593,-94.75468,87.1,1/12/2020,0,NA,12.8,-0.5
USW00093987,"LUFKIN ANGELINA CO AIRPORT, TX US",31.23593,-94.75468,87.1,1/13/2020,0.8,NA,18.3,5
USW00093987,"LUFKIN ANGELINA CO AIRPORT, TX US",31.23593,-94.75468,87.1,1/14/2020,28.2,NA,20.6,15.6
USW00093987,"LUFKIN ANGELINA CO AIRPORT, TX US",31.23593,-94.75468,87.1,1/15/2020,0,NA,25.6,18.9
USW00093987,"LUFKIN ANGELINA CO AIRPORT, TX US",31.23593,-94.75468,87.1,1/16/2020,1.8,NA,21.7,13.3
USW00093987,"LUFKIN ANGELINA CO AIRPORT, TX US",31.23593,-94.75468,87.1,1/17/2020,1,NA,20.6,11.7
USW00093987,"LUFKIN ANGELINA CO AIRPORT, TX US",31.23593,-94.75468,87.1,1/18/2020,5.8,NA,21.7,9.4
USW00093987,"LUFKIN ANGELINA CO AIRPORT, TX US",31.23593,-94.75468,87.1,1/19/2020,0,NA,14.4,2.2
USW00093987,"LUFKIN ANGELINA CO AIRPORT, TX US",31.23593,-94.75468,87.1,1/20/2020,0,NA,14.4,0
USW00093987,"LUFKIN ANGELINA CO AIRPORT, TX US",31.23593,-94.75468,87.1,1/21/2020,0,NA,11.7,0
USW00093987,"LUFKIN ANGELINA CO AIRPORT, TX US",31.23593,-94.75468,87.1,1/22/2020,22.1,NA,9.4,2.8
USW00093987,"LUFKIN ANGELINA CO AIRPORT, TX US",31.23593,-94.75468,87.1,1/23/2020,3.6,NA,14.4,3.9
USW00093987,"LUFKIN ANGELINA CO AIRPORT, TX US",31.23593,-94.75468,87.1,1/24/2020,0,NA,17.2,0.6
USW00093987,"LUFKIN ANGELINA CO AIRPORT, TX US",31.23593,-94.75468,87.1,1/25/2020,0,NA,18.3,1.1
USW00093987,"LUFKIN ANGELINA CO AIRPORT, TX US",31.23593,-94.75468,87.1,1/26/2020,7.9,NA,19.4,8.3
USW00093987,"LUFKIN ANGELINA CO AIRPORT, TX US",31.23593,-94.75468,87.1,1/27/2020,0,NA,14.4,8.3
USW00093987,"LUFKIN ANGELINA CO AIRPORT, TX US",31.23593,-94.75468,87.1,1/28/2020,11.2,NA,14.4,9.4
USW00093987,"LUFKIN ANGELINA CO AIRPORT, TX US",31.23593,-94.75468,87.1,1/29/2020,0,NA,10,6.7
USW00093987,"LUFKIN ANGELINA CO AIRPORT, TX US",31.23593,-94.75468,87.1,1/30/2020,0,NA,11.1,7.8
USW00093987,"LUFKIN ANGELINA CO AIRPORT, TX US",31.23593,-94.75468,87.1,1/31/2020,0,NA,12.8,3.9
USW00093987,"LUFKIN ANGELINA CO AIRPORT, TX US",31.23593,-94.75468,87.1,2/1/2020,0,NA,18.9,1.1
USW00093987,"LUFKIN ANGELINA CO AIRPORT, TX US",31.23593,-94.75468,87.1,2/2/2020,0,NA,25,2.8
USW00093987,"LUFKIN ANGELINA CO AIRPORT, TX US",31.23593,-94.75468,87.1,2/3/2020,0,NA,22.8,7.8
USW00093987,"LUFKIN ANGELINA CO AIRPORT, TX US",31.23593,-94.75468,87.1,2/4/2020,0.3,NA,25,13.3
USW00093987,"LUFKIN ANGELINA CO AIRPORT, TX US",31.23593,-94.75468,87.1,2/5/2020,0.8,NA,13.3,4.4
USW00093987,"LUFKIN ANGELINA CO AIRPORT, TX US",31.23593,-94.75468,87.1,2/6/2020,1,NA,7.8,-1.6
USW00093987,"LUFKIN ANGELINA CO AIRPORT, TX US",31.23593,-94.75468,87.1,2/7/2020,0,NA,21.1,-2.1
USW00093987,"LUFKIN ANGELINA CO AIRPORT, TX US",31.23593,-94.75468,87.1,2/8/2020,0,NA,19.4,1.7
USW00093987,"LUFKIN ANGELINA CO AIRPORT, TX US",31.23593,-94.75468,87.1,2/9/2020,2.3,NA,21.7,11.1
USW00093987,"LUFKIN ANGELINA CO AIRPORT, TX US",31.23593,-94.75468,87.1,2/10/2020,4.8,NA,26.1,10.6
USW00093987,"LUFKIN ANGELINA CO AIRPORT, TX US",31.23593,-94.75468,87.1,2/11/2020,14,NA,11.1,8.3
USW00093987,"LUFKIN ANGELINA CO AIRPORT, TX US",31.23593,-94.75468,87.1,2/12/2020,7.1,NA,10.6,7.2
USW00093987,"LUFKIN ANGELINA CO AIRPORT, TX US",31.23593,-94.75468,87.1,2/13/2020,0,NA,12.2,4.4
USW00093987,"LUFKIN ANGELINA CO AIRPORT, TX US",31.23593,-94.75468,87.1,2/14/2020,0,NA,13.9,1.7
USW00093987,"LUFKIN ANGELINA CO AIRPORT, TX US",31.23593,-94.75468,87.1,2/15/2020,0,NA,17.2,0.6
USW00093987,"LUFKIN ANGELINA CO AIRPORT, TX US",31.23593,-94.75468,87.1,2/16/2020,0,NA,19.4,12.8
USW00093987,"LUFKIN ANGELINA CO AIRPORT, TX US",31.23593,-94.75468,87.1,2/17/2020,0,NA,22.2,12.8
USW00093987,"LUFKIN ANGELINA CO AIRPORT, TX US",31.23593,-94.75468,87.1,2/18/2020,9.9,NA,24.4,11.1
USW00093987,"LUFKIN ANGELINA CO AIRPORT, TX US",31.23593,-94.75468,87.1,2/19/2020,8.1,NA,11.1,7.2
USW00093987,"LUFKIN ANGELINA CO AIRPORT, TX US",31.23593,-94.75468,87.1,2/20/2020,17,NA,11.1,5.6
USW00093987,"LUFKIN ANGELINA CO AIRPORT, TX US",31.23593,-94.75468,87.1,2/21/2020,0,NA,11.7,1.1
USW00093987,"LUFKIN ANGELINA CO AIRPORT, TX US",31.23593,-94.75468,87.1,2/22/2020,0,NA,15,0.6
USW00093987,"LUFKIN ANGELINA CO AIRPORT, TX US",31.23593,-94.75468,87.1,2/23/2020,0.3,NA,16.1,5
USW00093987,"LUFKIN ANGELINA CO AIRPORT, TX US",31.23593,-94.75468,87.1,2/24/2020,5.1,NA,21.7,8.9
USW00093987,"LUFKIN ANGELINA CO AIRPORT, TX US",31.23593,-94.75468,87.1,2/25/2020,0,NA,19.4,5.6
USW00093987,"LUFKIN ANGELINA CO AIRPORT, TX US",31.23593,-94.75468,87.1,2/26/2020,0,NA,12.2,-0.5
USW00093987,"LUFKIN ANGELINA CO AIRPORT, TX US",31.23593,-94.75468,87.1,2/27/2020,0,NA,13.9,-3.2
USW00093987,"LUFKIN ANGELINA CO AIRPORT, TX US",31.23593,-94.75468,87.1,2/28/2020,0,NA,21.1,1.7
USW00093987,"LUFKIN ANGELINA CO AIRPORT, TX US",31.23593,-94.75468,87.1,2/29/2020,0,NA,23.3,3.3
USW00093987,"LUFKIN ANGELINA CO AIRPORT, TX US",31.23593,-94.75468,87.1,3/1/2020,0,NA,21.7,12.2
USW00093987,"LUFKIN ANGELINA CO AIRPORT, TX US",31.23593,-94.75468,87.1,3/2/2020,0,NA,23.9,16.7
USW00093987,"LUFKIN ANGELINA CO AIRPORT, TX US",31.23593,-94.75468,87.1,3/3/2020,0,NA,26.1,17.2
USW00093987,"LUFKIN ANGELINA CO AIRPORT, TX US",31.23593,-94.75468,87.1,3/4/2020,20.6,NA,20,11.1
USW00093987,"LUFKIN ANGELINA CO AIRPORT, TX US",31.23593,-94.75468,87.1,3/5/2020,0.3,NA,22.8,7.8
USW00093987,"LUFKIN ANGELINA CO AIRPORT, TX US",31.23593,-94.75468,87.1,3/6/2020,0,NA,21.7,5.6
USW00093987,"LUFKIN ANGELINA CO AIRPORT, TX US",31.23593,-94.75468,87.1,3/7/2020,0,NA,16.7,4.4
USW00093987,"LUFKIN ANGELINA CO AIRPORT, TX US",31.23593,-94.75468,87.1,3/8/2020,0,NA,22.2,4.4
USW00093987,"LUFKIN ANGELINA CO AIRPORT, TX US",31.23593,-94.75468,87.1,3/9/2020,3.6,NA,20,13.9
USW00093987,"LUFKIN ANGELINA CO AIRPORT, TX US",31.23593,-94.75468,87.1,3/10/2020,0,NA,26.1,15
USW00093987,"LUFKIN ANGELINA CO AIRPORT, TX US",31.23593,-94.75468,87.1,3/11/2020,0,NA,27.2,15.6
USW00093987,"LUFKIN ANGELINA CO AIRPORT, TX US",31.23593,-94.75468,87.1,3/12/2020,0,NA,28.3,19.4
USW00093987,"LUFKIN ANGELINA CO AIRPORT, TX US",31.23593,-94.75468,87.1,3/13/2020,0,NA,27.2,19.4
USW00093987,"LUFKIN ANGELINA CO AIRPORT, TX US",31.23593,-94.75468,87.1,3/14/2020,0,NA,26.1,19.4
USW00093987,"LUFKIN ANGELINA CO AIRPORT, TX US",31.23593,-94.75468,87.1,3/15/2020,0,NA,28.3,16.1
USW00093987,"LUFKIN ANGELINA CO AIRPORT, TX US",31.23593,-94.75468,87.1,3/16/2020,0,NA,23.3,13.9
USW00093987,"LUFKIN ANGELINA CO AIRPORT, TX US",31.23593,-94.75468,87.1,3/17/2020,11.4,NA,28.3,16.7
USW00093987,"LUFKIN ANGELINA CO AIRPORT, TX US",31.23593,-94.75468,87.1,3/18/2020,0,NA,27.8,19.4
USW00093987,"LUFKIN ANGELINA CO AIRPORT, TX US",31.23593,-94.75468,87.1,3/19/2020,2.3,NA,28.9,21.1
USW00093987,"LUFKIN ANGELINA CO AIRPORT, TX US",31.23593,-94.75468,87.1,3/20/2020,33.8,NA,22.8,10.6
USW00093987,"LUFKIN ANGELINA CO AIRPORT, TX US",31.23593,-94.75468,87.1,3/21/2020,36.3,NA,13.9,8.9
USW00093987,"LUFKIN ANGELINA CO AIRPORT, TX US",31.23593,-94.75468,87.1,3/22/2020,2,NA,20.6,11.7
USW00093987,"LUFKIN ANGELINA CO AIRPORT, TX US",31.23593,-94.75468,87.1,3/23/2020,0,NA,27.2,20
USW00093987,"LUFKIN ANGELINA CO AIRPORT, TX US",31.23593,-94.75468,87.1,3/24/2020,0,NA,28.3,18.3
USW00093987,"LUFKIN ANGELINA CO AIRPORT, TX US",31.23593,-94.75468,87.1,3/25/2020,0,NA,31.1,17.8
USW00093987,"LUFKIN ANGELINA CO AIRPORT, TX US",31.23593,-94.75468,87.1,3/26/2020,0,NA,31.1,18.3
USW00093987,"LUFKIN ANGELINA CO AIRPORT, TX US",31.23593,-94.75468,87.1,3/27/2020,0,NA,32.2,20.6
USW00093987,"LUFKIN ANGELINA CO AIRPORT, TX US",31.23593,-94.75468,87.1,3/28/2020,1.8,NA,25.6,11.7
USW00093987,"LUFKIN ANGELINA CO AIRPORT, TX US",31.23593,-94.75468,87.1,3/29/2020,0,NA,25.6,8.9
USW00093987,"LUFKIN ANGELINA CO AIRPORT, TX US",31.23593,-94.75468,87.1,3/30/2020,0.3,NA,21.1,16.7
USW00093987,"LUFKIN ANGELINA CO AIRPORT, TX US",31.23593,-94.75468,87.1,3/31/2020,1.3,NA,21.1,9.4
USW00093987,"LUFKIN ANGELINA CO AIRPORT, TX US",31.23593,-94.75468,87.1,4/1/2020,0,NA,23.3,7.8
USW00093987,"LUFKIN ANGELINA CO AIRPORT, TX US",31.23593,-94.75468,87.1,4/2/2020,1.3,NA,23.3,12.8
USW00093987,"LUFKIN ANGELINA CO AIRPORT, TX US",31.23593,-94.75468,87.1,4/3/2020,3.8,NA,24.4,14.4
USW00093987,"LUFKIN ANGELINA CO AIRPORT, TX US",31.23593,-94.75468,87.1,4/4/2020,4.8,NA,14.4,10
USW00093987,"LUFKIN ANGELINA CO AIRPORT, TX US",31.23593,-94.75468,87.1,4/5/2020,0,NA,22.2,12.8
USW00093987,"LUFKIN ANGELINA CO AIRPORT, TX US",31.23593,-94.75468,87.1,4/6/2020,0,NA,27.8,15.6
USW00093987,"LUFKIN ANGELINA CO AIRPORT, TX US",31.23593,-94.75468,87.1,4/7/2020,0,NA,28.9,21.7
USW00093987,"LUFKIN ANGELINA CO AIRPORT, TX US",31.23593,-94.75468,87.1,4/8/2020,0,NA,30.6,22.2
USW00093987,"LUFKIN ANGELINA CO AIRPORT, TX US",31.23593,-94.75468,87.1,4/9/2020,23.4,NA,30.6,18.3
USW00093987,"LUFKIN ANGELINA CO AIRPORT, TX US",31.23593,-94.75468,87.1,4/10/2020,0,NA,22.2,12.2
USW00093987,"LUFKIN ANGELINA CO AIRPORT, TX US",31.23593,-94.75468,87.1,4/11/2020,0,NA,25,10
USW00093987,"LUFKIN ANGELINA CO AIRPORT, TX US",31.23593,-94.75468,87.1,4/12/2020,7.6,NA,28.9,16.7
USW00093987,"LUFKIN ANGELINA CO AIRPORT, TX US",31.23593,-94.75468,87.1,4/13/2020,0,NA,17.2,8.3
USW00093987,"LUFKIN ANGELINA CO AIRPORT, TX US",31.23593,-94.75468,87.1,4/14/2020,0,NA,18.9,7.2
USW00093987,"LUFKIN ANGELINA CO AIRPORT, TX US",31.23593,-94.75468,87.1,4/15/2020,0,NA,20,5.6
USW00093987,"LUFKIN ANGELINA CO AIRPORT, TX US",31.23593,-94.75468,87.1,4/16/2020,0,NA,24.4,6.7
USW00093987,"LUFKIN ANGELINA CO AIRPORT, TX US",31.23593,-94.75468,87.1,4/17/2020,3.3,NA,24.4,12.2
USW00093987,"LUFKIN ANGELINA CO AIRPORT, TX US",31.23593,-94.75468,87.1,4/18/2020,0,NA,20.6,12.2
USW00093987,"LUFKIN ANGELINA CO AIRPORT, TX US",31.23593,-94.75468,87.1,4/19/2020,49.5,NA,23.9,16.7
USW00093987,"LUFKIN ANGELINA CO AIRPORT, TX US",31.23593,-94.75468,87.1,4/20/2020,0,NA,27.2,17.2
USW00093987,"LUFKIN ANGELINA CO AIRPORT, TX US",31.23593,-94.75468,87.1,4/21/2020,0,NA,29.4,16.1
USW00093987,"LUFKIN ANGELINA CO AIRPORT, TX US",31.23593,-94.75468,87.1,4/22/2020,3,NA,25,17.2
USW00093987,"LUFKIN ANGELINA CO AIRPORT, TX US",31.23593,-94.75468,87.1,4/23/2020,0,NA,27.8,15
USW00093987,"LUFKIN ANGELINA CO AIRPORT, TX US",31.23593,-94.75468,87.1,4/24/2020,0.5,NA,30.6,13.3
USW00093987,"LUFKIN ANGELINA CO AIRPORT, TX US",31.23593,-94.75468,87.1,4/25/2020,0,NA,25.6,14.4
USW00093987,"LUFKIN ANGELINA CO AIRPORT, TX US",31.23593,-94.75468,87.1,4/26/2020,0,NA,28.3,11.1
USW00093987,"LUFKIN ANGELINA CO AIRPORT, TX US",31.23593,-94.75468,87.1,4/27/2020,0,NA,29.4,13.3
USW00093987,"LUFKIN ANGELINA CO AIRPORT, TX US",31.23593,-94.75468,87.1,4/28/2020,0,NA,30,18.3
USW00093987,"LUFKIN ANGELINA CO AIRPORT, TX US",31.23593,-94.75468,87.1,4/29/2020,22.4,NA,26.7,12.8
USW00093987,"LUFKIN ANGELINA CO AIRPORT, TX US",31.23593,-94.75468,87.1,4/30/2020,0,NA,27.2,10
USW00093987,"LUFKIN ANGELINA CO AIRPORT, TX US",31.23593,-94.75468,87.1,5/1/2020,0,NA,29.4,11.7
USW00093987,"LUFKIN ANGELINA CO AIRPORT, TX US",31.23593,-94.75468,87.1,5/2/2020,0,NA,30.6,15.6
USW00093987,"LUFKIN ANGELINA CO AIRPORT, TX US",31.23593,-94.75468,87.1,5/3/2020,0,NA,30.6,20
USW00093987,"LUFKIN ANGELINA CO AIRPORT, TX US",31.23593,-94.75468,87.1,5/4/2020,0,NA,31.7,20
USW00093987,"LUFKIN ANGELINA CO AIRPORT, TX US",31.23593,-94.75468,87.1,5/5/2020,6.1,NA,26.7,17.8
USW00093987,"LUFKIN ANGELINA CO AIRPORT, TX US",31.23593,-94.75468,87.1,5/6/2020,0,NA,28.9,13.3
USW00093987,"LUFKIN ANGELINA CO AIRPORT, TX US",31.23593,-94.75468,87.1,5/7/2020,0,NA,29.4,13.3
USW00093987,"LUFKIN ANGELINA CO AIRPORT, TX US",31.23593,-94.75468,87.1,5/8/2020,2.3,NA,26.7,15
USW00093987,"LUFKIN ANGELINA CO AIRPORT, TX US",31.23593,-94.75468,87.1,5/9/2020,0,NA,21.1,12.2
USW00093987,"LUFKIN ANGELINA CO AIRPORT, TX US",31.23593,-94.75468,87.1,5/10/2020,0,NA,26.1,9.4
USW00093987,"LUFKIN ANGELINA CO AIRPORT, TX US",31.23593,-94.75468,87.1,5/11/2020,0,NA,27.8,10.6
USW00093987,"LUFKIN ANGELINA CO AIRPORT, TX US",31.23593,-94.75468,87.1,5/12/2020,6.9,NA,27.2,13.9
USW00093987,"LUFKIN ANGELINA CO AIRPORT, TX US",31.23593,-94.75468,87.1,5/13/2020,1.8,NA,27.8,20.6
USW00093987,"LUFKIN ANGELINA CO AIRPORT, TX US",31.23593,-94.75468,87.1,5/14/2020,1,NA,29.4,20.6
USW00093987,"LUFKIN ANGELINA CO AIRPORT, TX US",31.23593,-94.75468,87.1,5/15/2020,0,NA,30.6,20.6
USW00093987,"LUFKIN ANGELINA CO AIRPORT, TX US",31.23593,-94.75468,87.1,5/16/2020,9.4,NA,25.6,20
USW00093987,"LUFKIN ANGELINA CO AIRPORT, TX US",31.23593,-94.75468,87.1,5/17/2020,2,NA,28.3,18.9
USW00093987,"LUFKIN ANGELINA CO AIRPORT, TX US",31.23593,-94.75468,87.1,5/18/2020,0,NA,31.7,15.6
USW00093987,"LUFKIN ANGELINA CO AIRPORT, TX US",31.23593,-94.75468,87.1,5/19/2020,0,NA,33.9,18.9
USW00093987,"LUFKIN ANGELINA CO AIRPORT, TX US",31.23593,-94.75468,87.1,5/20/2020,0,NA,32.2,21.7
USW00093987,"LUFKIN ANGELINA CO AIRPORT, TX US",31.23593,-94.75468,87.1,5/21/2020,0,NA,32.2,21.7
USW00093987,"LUFKIN ANGELINA CO AIRPORT, TX US",31.23593,-94.75468,87.1,5/22/2020,0,NA,34.4,22.8
USW00093987,"LUFKIN ANGELINA CO AIRPORT, TX US",31.23593,-94.75468,87.1,5/23/2020,6.4,NA,30.6,23.3
USW00093987,"LUFKIN ANGELINA CO AIRPORT, TX US",31.23593,-94.75468,87.1,5/24/2020,21.3,NA,32.2,18.9
USW00093987,"LUFKIN ANGELINA CO AIRPORT, TX US",31.23593,-94.75468,87.1,5/25/2020,0,NA,28.9,17.8
USW00093987,"LUFKIN ANGELINA CO AIRPORT, TX US",31.23593,-94.75468,87.1,5/26/2020,0,NA,29.4,17.2
USW00093987,"LUFKIN ANGELINA CO AIRPORT, TX US",31.23593,-94.75468,87.1,5/27/2020,0,NA,29.4,16.1
USW00093987,"LUFKIN ANGELINA CO AIRPORT, TX US",31.23593,-94.75468,87.1,5/28/2020,16.5,NA,27.2,16.7
USW00093987,"LUFKIN ANGELINA CO AIRPORT, TX US",31.23593,-94.75468,87.1,5/29/2020,0,NA,31.1,18.3
USW00093987,"LUFKIN ANGELINA CO AIRPORT, TX US",31.23593,-94.75468,87.1,5/30/2020,0,NA,31.1,18.3
USW00093987,"LUFKIN ANGELINA CO AIRPORT, TX US",31.23593,-94.75468,87.1,5/31/2020,0,NA,31.1,20.6
USW00093987,"LUFKIN ANGELINA CO AIRPORT, TX US",31.23593,-94.75468,87.1,6/1/2020,0,NA,30,21.1
USW00093987,"LUFKIN ANGELINA CO AIRPORT, TX US",31.23593,-94.75468,87.1,6/2/2020,0,NA,32.8,21.7
USW00093987,"LUFKIN ANGELINA CO AIRPORT, TX US",31.23593,-94.75468,87.1,6/3/2020,0,NA,33.3,21.1
USW00093987,"LUFKIN ANGELINA CO AIRPORT, TX US",31.23593,-94.75468,87.1,6/4/2020,0,NA,33.9,20.6
USW00093987,"LUFKIN ANGELINA CO AIRPORT, TX US",31.23593,-94.75468,87.1,6/5/2020,0,NA,34.4,22.2
USW00093987,"LUFKIN ANGELINA CO AIRPORT, TX US",31.23593,-94.75468,87.1,6/6/2020,1.8,NA,34.4,22.8
USW00093987,"LUFKIN ANGELINA CO AIRPORT, TX US",31.23593,-94.75468,87.1,6/7/2020,0,NA,33.9,22.8
USW00093987,"LUFKIN ANGELINA CO AIRPORT, TX US",31.23593,-94.75468,87.1,6/8/2020,0,NA,34.4,24.4
USW00093987,"LUFKIN ANGELINA CO AIRPORT, TX US",31.23593,-94.75468,87.1,6/9/2020,0,NA,35,24.4
USW00093987,"LUFKIN ANGELINA CO AIRPORT, TX US",31.23593,-94.75468,87.1,6/10/2020,0,NA,32.2,17.2
USW00093987,"LUFKIN ANGELINA CO AIRPORT, TX US",31.23593,-94.75468,87.1,6/11/2020,0,NA,32.2,13.9
USW00093987,"LUFKIN ANGELINA CO AIRPORT, TX US",31.23593,-94.75468,87.1,6/12/2020,0,NA,32.8,16.1
USW00093987,"LUFKIN ANGELINA CO AIRPORT, TX US",31.23593,-94.75468,87.1,6/13/2020,0,NA,33.3,17.8
USW00093987,"LUFKIN ANGELINA CO AIRPORT, TX US",31.23593,-94.75468,87.1,6/14/2020,0,NA,34.4,17.8
USW00093987,"LUFKIN ANGELINA CO AIRPORT, TX US",31.23593,-94.75468,87.1,6/15/2020,1.5,NA,35,21.1
USW00093987,"LUFKIN ANGELINA CO AIRPORT, TX US",31.23593,-94.75468,87.1,6/16/2020,10.7,NA,33.9,20.6
USW00093987,"LUFKIN ANGELINA CO AIRPORT, TX US",31.23593,-94.75468,87.1,6/17/2020,0,NA,33.9,21.1
USW00093987,"LUFKIN ANGELINA CO AIRPORT, TX US",31.23593,-94.75468,87.1,6/18/2020,0,NA,33.9,21.1
USW00093987,"LUFKIN ANGELINA CO AIRPORT, TX US",31.23593,-94.75468,87.1,6/19/2020,0,NA,34.4,20
USW00093987,"LUFKIN ANGELINA CO AIRPORT, TX US",31.23593,-94.75468,87.1,6/20/2020,0,NA,33.3,21.7
USW00093987,"LUFKIN ANGELINA CO AIRPORT, TX US",31.23593,-94.75468,87.1,6/21/2020,0,NA,34.4,22.8
USW00093987,"LUFKIN ANGELINA CO AIRPORT, TX US",31.23593,-94.75468,87.1,6/22/2020,0.5,NA,28.3,21.1
USW00093987,"LUFKIN ANGELINA CO AIRPORT, TX US",31.23593,-94.75468,87.1,6/23/2020,9.1,NA,32.8,20.6
USW00093987,"LUFKIN ANGELINA CO AIRPORT, TX US",31.23593,-94.75468,87.1,6/24/2020,5.3,NA,28.9,22.8
USW00093987,"LUFKIN ANGELINA CO AIRPORT, TX US",31.23593,-94.75468,87.1,6/25/2020,19.6,NA,28.3,22.8
USW00093987,"LUFKIN ANGELINA CO AIRPORT, TX US",31.23593,-94.75468,87.1,6/26/2020,0,NA,30.6,23.9
USW00093987,"LUFKIN ANGELINA CO AIRPORT, TX US",31.23593,-94.75468,87.1,6/27/2020,0,NA,33.3,25
USW00093987,"LUFKIN ANGELINA CO AIRPORT, TX US",31.23593,-94.75468,87.1,6/28/2020,0,NA,33.9,25
USW00093987,"LUFKIN ANGELINA CO AIRPORT, TX US",31.23593,-94.75468,87.1,6/29/2020,0,NA,31.7,26.7
USW00093987,"LUFKIN ANGELINA CO AIRPORT, TX US",31.23593,-94.75468,87.1,6/30/2020,0,NA,30.6,25.6
USW00093987,"LUFKIN ANGELINA CO AIRPORT, TX US",31.23593,-94.75468,87.1,7/1/2020,0,NA,34.4,26.1
USW00093987,"LUFKIN ANGELINA CO AIRPORT, TX US",31.23593,-94.75468,87.1,7/2/2020,0,NA,34.4,25.6
USW00093987,"LUFKIN ANGELINA CO AIRPORT, TX US",31.23593,-94.75468,87.1,7/3/2020,13.7,NA,35.6,21.7
USW00093987,"LUFKIN ANGELINA CO AIRPORT, TX US",31.23593,-94.75468,87.1,7/4/2020,0,NA,35,20.6
USW00093987,"LUFKIN ANGELINA CO AIRPORT, TX US",31.23593,-94.75468,87.1,7/5/2020,0.3,NA,33.9,25
USW00093987,"LUFKIN ANGELINA CO AIRPORT, TX US",31.23593,-94.75468,87.1,7/6/2020,16.8,NA,31.1,22.8
USW00093987,"LUFKIN ANGELINA CO AIRPORT, TX US",31.23593,-94.75468,87.1,7/7/2020,24.1,NA,29.4,23.3
USW00093987,"LUFKIN ANGELINA CO AIRPORT, TX US",31.23593,-94.75468,87.1,7/8/2020,0,NA,33.9,24.4
USW00093987,"LUFKIN ANGELINA CO AIRPORT, TX US",31.23593,-94.75468,87.1,7/9/2020,0,NA,35,25
USW00093987,"LUFKIN ANGELINA CO AIRPORT, TX US",31.23593,-94.75468,87.1,7/10/2020,0,NA,35.6,23.3
USW00093987,"LUFKIN ANGELINA CO AIRPORT, TX US",31.23593,-94.75468,87.1,7/11/2020,0,NA,35.6,25
USW00093987,"LUFKIN ANGELINA CO AIRPORT, TX US",31.23593,-94.75468,87.1,7/12/2020,0,NA,37.2,25
USW00093987,"LUFKIN ANGELINA CO AIRPORT, TX US",31.23593,-94.75468,87.1,7/13/2020,0,NA,36.1,25.6
USW00093987,"LUFKIN ANGELINA CO AIRPORT, TX US",31.23593,-94.75468,87.1,7/14/2020,0,NA,35.6,23.9
USW00093987,"LUFKIN ANGELINA CO AIRPORT, TX US",31.23593,-94.75468,87.1,7/15/2020,0,NA,34.4,25
USW00093987,"LUFKIN ANGELINA CO AIRPORT, TX US",31.23593,-94.75468,87.1,7/16/2020,0,NA,36.1,25
USW00093987,"LUFKIN ANGELINA CO AIRPORT, TX US",31.23593,-94.75468,87.1,7/17/2020,0,NA,35,23.9
USW00093987,"LUFKIN ANGELINA CO AIRPORT, TX US",31.23593,-94.75468,87.1,7/18/2020,0.3,NA,34.4,22.8
USW00093987,"LUFKIN ANGELINA CO AIRPORT, TX US",31.23593,-94.75468,87.1,7/19/2020,5.8,NA,35.6,22.8
USW00093987,"LUFKIN ANGELINA CO AIRPORT, TX US",31.23593,-94.75468,87.1,7/20/2020,0.3,NA,32.8,23.3
USW00093987,"LUFKIN ANGELINA CO AIRPORT, TX US",31.23593,-94.75468,87.1,7/21/2020,1.8,NA,31.1,23.9
USW00093987,"LUFKIN ANGELINA CO AIRPORT, TX US",31.23593,-94.75468,87.1,7/22/2020,13.5,NA,33.3,23.9
USW00093987,"LUFKIN ANGELINA CO AIRPORT, TX US",31.23593,-94.75468,87.1,7/23/2020,0,NA,35,23.3
USW00093987,"LUFKIN ANGELINA CO AIRPORT, TX US",31.23593,-94.75468,87.1,7/24/2020,1,NA,34.4,25
USW00093987,"LUFKIN ANGELINA CO AIRPORT, TX US",31.23593,-94.75468,87.1,7/25/2020,3.8,NA,32.8,23.9
USW00093987,"LUFKIN ANGELINA CO AIRPORT, TX US",31.23593,-94.75468,87.1,7/26/2020,5.1,NA,33.3,23.3
USW00093987,"LUFKIN ANGELINA CO AIRPORT, TX US",31.23593,-94.75468,87.1,7/27/2020,0,NA,33.3,22.8
USW00093987,"LUFKIN ANGELINA CO AIRPORT, TX US",31.23593,-94.75468,87.1,7/28/2020,20.6,NA,34.4,23.9
USW00093987,"LUFKIN ANGELINA CO AIRPORT, TX US",31.23593,-94.75468,87.1,7/29/2020,0.5,NA,33.3,22.8
USW00093987,"LUFKIN ANGELINA CO AIRPORT, TX US",31.23593,-94.75468,87.1,7/30/2020,0,NA,35,24.4
USW00093987,"LUFKIN ANGELINA CO AIRPORT, TX US",31.23593,-94.75468,87.1,7/31/2020,22.4,NA,34.4,22.8
USW00093987,"LUFKIN ANGELINA CO AIRPORT, TX US",31.23593,-94.75468,87.1,8/1/2020,0,NA,32.8,22.2
USW00093987,"LUFKIN ANGELINA CO AIRPORT, TX US",31.23593,-94.75468,87.1,8/2/2020,0,NA,33.3,21.1
USW00093987,"LUFKIN ANGELINA CO AIRPORT, TX US",31.23593,-94.75468,87.1,8/3/2020,0,NA,35.6,20.6
USW00093987,"LUFKIN ANGELINA CO AIRPORT, TX US",31.23593,-94.75468,87.1,8/4/2020,0,NA,36.1,22.8
USW00093987,"LUFKIN ANGELINA CO AIRPORT, TX US",31.23593,-94.75468,87.1,8/5/2020,0,NA,34.4,23.9
USW00093987,"LUFKIN ANGELINA CO AIRPORT, TX US",31.23593,-94.75468,87.1,8/6/2020,0,NA,35,23.3
USW00093987,"LUFKIN ANGELINA CO AIRPORT, TX US",31.23593,-94.75468,87.1,8/7/2020,0,NA,35.6,23.9
USW00093987,"LUFKIN ANGELINA CO AIRPORT, TX US",31.23593,-94.75468,87.1,8/8/2020,0,NA,35.6,23.3
USW00093987,"LUFKIN ANGELINA CO AIRPORT, TX US",31.23593,-94.75468,87.1,8/9/2020,0,NA,36.1,23.3
USW00093987,"LUFKIN ANGELINA CO AIRPORT, TX US",31.23593,-94.75468,87.1,8/10/2020,0,NA,36.1,23.9
USW00093987,"LUFKIN ANGELINA CO AIRPORT, TX US",31.23593,-94.75468,87.1,8/11/2020,0,NA,36.7,23.9
USW00093987,"LUFKIN ANGELINA CO AIRPORT, TX US",31.23593,-94.75468,87.1,8/12/2020,0,NA,36.7,25
USW00093987,"LUFKIN ANGELINA CO AIRPORT, TX US",31.23593,-94.75468,87.1,8/13/2020,0,NA,37.8,24.4
USW00093987,"LUFKIN ANGELINA CO AIRPORT, TX US",31.23593,-94.75468,87.1,8/14/2020,0,NA,37.2,24.4
USW00093987,"LUFKIN ANGELINA CO AIRPORT, TX US",31.23593,-94.75468,87.1,8/15/2020,0,NA,38.9,25
USW00093987,"LUFKIN ANGELINA CO AIRPORT, TX US",31.23593,-94.75468,87.1,8/16/2020,24.1,NA,39.4,22.8
USW00093987,"LUFKIN ANGELINA CO AIRPORT, TX US",31.23593,-94.75468,87.1,8/17/2020,5.1,NA,35,21.7
USW00093987,"LUFKIN ANGELINA CO AIRPORT, TX US",31.23593,-94.75468,87.1,8/18/2020,0,NA,35.6,21.7
USW00093987,"LUFKIN ANGELINA CO AIRPORT, TX US",31.23593,-94.75468,87.1,8/19/2020,0,NA,33.9,19.4
USW00093987,"LUFKIN ANGELINA CO AIRPORT, TX US",31.23593,-94.75468,87.1,8/20/2020,0,NA,33.3,20.6
USW00093987,"LUFKIN ANGELINA CO AIRPORT, TX US",31.23593,-94.75468,87.1,8/21/2020,0,NA,34.4,18.3
USW00093987,"LUFKIN ANGELINA CO AIRPORT, TX US",31.23593,-94.75468,87.1,8/22/2020,0,NA,33.9,18.9
USW00093987,"LUFKIN ANGELINA CO AIRPORT, TX US",31.23593,-94.75468,87.1,8/23/2020,0,NA,35.6,21.7
USW00093987,"LUFKIN ANGELINA CO AIRPORT, TX US",31.23593,-94.75468,87.1,8/24/2020,0,NA,35.6,21.7
USW00093987,"LUFKIN ANGELINA CO AIRPORT, TX US",31.23593,-94.75468,87.1,8/25/2020,0,NA,35.6,22.8
USW00093987,"LUFKIN ANGELINA CO AIRPORT, TX US",31.23593,-94.75468,87.1,8/26/2020,1.3,NA,35,26.1
USW00093987,"LUFKIN ANGELINA CO AIRPORT, TX US",31.23593,-94.75468,87.1,8/27/2020,11.7,NA,33.9,23.3
USW00093987,"LUFKIN ANGELINA CO AIRPORT, TX US",31.23593,-94.75468,87.1,8/28/2020,2.8,NA,33.3,23.9
USW00093987,"LUFKIN ANGELINA CO AIRPORT, TX US",31.23593,-94.75468,87.1,8/29/2020,0,NA,36.1,23.9
USW00093987,"LUFKIN ANGELINA CO AIRPORT, TX US",31.23593,-94.75468,87.1,8/30/2020,0,NA,35.6,25.6
USW00093987,"LUFKIN ANGELINA CO AIRPORT, TX US",31.23593,-94.75468,87.1,8/31/2020,0,NA,36.7,26.1
USW00093987,"LUFKIN ANGELINA CO AIRPORT, TX US",31.23593,-94.75468,87.1,9/1/2020,0,NA,36.1,27.2
USW00093987,"LUFKIN ANGELINA CO AIRPORT, TX US",31.23593,-94.75468,87.1,9/2/2020,8.6,NA,32.2,23.3
USW00093987,"LUFKIN ANGELINA CO AIRPORT, TX US",31.23593,-94.75468,87.1,9/3/2020,9.1,NA,32.2,23.9
USW00093987,"LUFKIN ANGELINA CO AIRPORT, TX US",31.23593,-94.75468,87.1,9/4/2020,2,NA,32.8,22.8
USW00093987,"LUFKIN ANGELINA CO AIRPORT, TX US",31.23593,-94.75468,87.1,9/5/2020,3.3,NA,33.3,22.8
USW00093987,"LUFKIN ANGELINA CO AIRPORT, TX US",31.23593,-94.75468,87.1,9/6/2020,0,NA,34.4,21.7
USW00093987,"LUFKIN ANGELINA CO AIRPORT, TX US",31.23593,-94.75468,87.1,9/7/2020,0,NA,34.4,20
USW00093987,"LUFKIN ANGELINA CO AIRPORT, TX US",31.23593,-94.75468,87.1,9/8/2020,10.4,NA,32.8,22.2
USW00093987,"LUFKIN ANGELINA CO AIRPORT, TX US",31.23593,-94.75468,87.1,9/9/2020,0,NA,32.8,23.3
USW00093987,"LUFKIN ANGELINA CO AIRPORT, TX US",31.23593,-94.75468,87.1,9/10/2020,13,NA,31.7,22.2
USW00093987,"LUFKIN ANGELINA CO AIRPORT, TX US",31.23593,-94.75468,87.1,9/11/2020,0.3,NA,31.7,20.6
USW00093987,"LUFKIN ANGELINA CO AIRPORT, TX US",31.23593,-94.75468,87.1,9/12/2020,0,NA,33.3,21.7
USW00093987,"LUFKIN ANGELINA CO AIRPORT, TX US",31.23593,-94.75468,87.1,9/13/2020,1.8,NA,32.2,23.3
USW00093987,"LUFKIN ANGELINA CO AIRPORT, TX US",31.23593,-94.75468,87.1,9/14/2020,0,NA,32.2,23.9
USW00093987,"LUFKIN ANGELINA CO AIRPORT, TX US",31.23593,-94.75468,87.1,9/15/2020,0.3,NA,33.3,23.3
USW00093987,"LUFKIN ANGELINA CO AIRPORT, TX US",31.23593,-94.75468,87.1,9/16/2020,0,NA,33.9,22.8
USW00093987,"LUFKIN ANGELINA CO AIRPORT, TX US",31.23593,-94.75468,87.1,9/17/2020,0,NA,32.8,23.3
USW00093987,"LUFKIN ANGELINA CO AIRPORT, TX US",31.23593,-94.75468,87.1,9/18/2020,0,NA,31.1,21.1
USW00093987,"LUFKIN ANGELINA CO AIRPORT, TX US",31.23593,-94.75468,87.1,9/19/2020,0,NA,28.3,18.3
USW00093987,"LUFKIN ANGELINA CO AIRPORT, TX US",31.23593,-94.75468,87.1,9/20/2020,0,NA,29.4,16.1
USW00093987,"LUFKIN ANGELINA CO AIRPORT, TX US",31.23593,-94.75468,87.1,9/21/2020,10.9,NA,23.9,19.4
USW00093987,"LUFKIN ANGELINA CO AIRPORT, TX US",31.23593,-94.75468,87.1,9/22/2020,10.4,NA,24.4,21.1
USW00093987,"LUFKIN ANGELINA CO AIRPORT, TX US",31.23593,-94.75468,87.1,9/23/2020,12.2,NA,22.2,20
USW00093987,"LUFKIN ANGELINA CO AIRPORT, TX US",31.23593,-94.75468,87.1,9/24/2020,0,NA,23.9,18.9
USW00093987,"LUFKIN ANGELINA CO AIRPORT, TX US",31.23593,-94.75468,87.1,9/25/2020,0,NA,26.7,17.8
USW00093987,"LUFKIN ANGELINA CO AIRPORT, TX US",31.23593,-94.75468,87.1,9/26/2020,0,NA,28.9,17.2
USW00093987,"LUFKIN ANGELINA CO AIRPORT, TX US",31.23593,-94.75468,87.1,9/27/2020,0,NA,32.2,18.9
USW00093987,"LUFKIN ANGELINA CO AIRPORT, TX US",31.23593,-94.75468,87.1,9/28/2020,1.3,NA,25.6,13.9
USW00093987,"LUFKIN ANGELINA CO AIRPORT, TX US",31.23593,-94.75468,87.1,9/29/2020,0,NA,27.2,9.4
USW00093987,"LUFKIN ANGELINA CO AIRPORT, TX US",31.23593,-94.75468,87.1,9/30/2020,0,NA,30,9.4
USW00093987,"LUFKIN ANGELINA CO AIRPORT, TX US",31.23593,-94.75468,87.1,10/1/2020,0,NA,28.9,11.1
USW00093987,"LUFKIN ANGELINA CO AIRPORT, TX US",31.23593,-94.75468,87.1,10/2/2020,0,NA,26.7,12.8
USW00093987,"LUFKIN ANGELINA CO AIRPORT, TX US",31.23593,-94.75468,87.1,10/3/2020,0,NA,27.8,10
USW00093987,"LUFKIN ANGELINA CO AIRPORT, TX US",31.23593,-94.75468,87.1,10/4/2020,0,NA,30,11.7
USW00093987,"LUFKIN ANGELINA CO AIRPORT, TX US",31.23593,-94.75468,87.1,10/5/2020,0,NA,27.8,14.4
USW00093987,"LUFKIN ANGELINA CO AIRPORT, TX US",31.23593,-94.75468,87.1,10/6/2020,0,NA,29.4,11.1
USW00093987,"LUFKIN ANGELINA CO AIRPORT, TX US",31.23593,-94.75468,87.1,10/7/2020,0,NA,31.1,10.6
USW00093987,"LUFKIN ANGELINA CO AIRPORT, TX US",31.23593,-94.75468,87.1,10/8/2020,0,NA,29.4,21.1
USW00093987,"LUFKIN ANGELINA CO AIRPORT, TX US",31.23593,-94.75468,87.1,10/9/2020,17.3,NA,23.3,20.6
USW00093987,"LUFKIN ANGELINA CO AIRPORT, TX US",31.23593,-94.75468,87.1,10/10/2020,0,NA,31.1,18.3
USW00093987,"LUFKIN ANGELINA CO AIRPORT, TX US",31.23593,-94.75468,87.1,10/11/2020,0,NA,33.3,17.2
USW00093987,"LUFKIN ANGELINA CO AIRPORT, TX US",31.23593,-94.75468,87.1,10/12/2020,0,NA,31.1,17.2
USW00093987,"LUFKIN ANGELINA CO AIRPORT, TX US",31.23593,-94.75468,87.1,10/13/2020,0,NA,30,12.8
USW00093987,"LUFKIN ANGELINA CO AIRPORT, TX US",31.23593,-94.75468,87.1,10/14/2020,0,NA,30,11.1
USW00093987,"LUFKIN ANGELINA CO AIRPORT, TX US",31.23593,-94.75468,87.1,10/15/2020,0,NA,30.6,16.1
USW00093987,"LUFKIN ANGELINA CO AIRPORT, TX US",31.23593,-94.75468,87.1,10/16/2020,2.8,NA,22.8,10.6
USW00093987,"LUFKIN ANGELINA CO AIRPORT, TX US",31.23593,-94.75468,87.1,10/17/2020,0,NA,24.4,8.3
USW00093987,"LUFKIN ANGELINA CO AIRPORT, TX US",31.23593,-94.75468,87.1,10/18/2020,0,NA,30.6,21.1
USW00093987,"LUFKIN ANGELINA CO AIRPORT, TX US",31.23593,-94.75468,87.1,10/19/2020,0,NA,31.1,21.7
USW00093987,"LUFKIN ANGELINA CO AIRPORT, TX US",31.23593,-94.75468,87.1,10/20/2020,0,NA,30.6,19.4
USW00093987,"LUFKIN ANGELINA CO AIRPORT, TX US",31.23593,-94.75468,87.1,10/21/2020,0,NA,31.1,17.8
USW00093987,"LUFKIN ANGELINA CO AIRPORT, TX US",31.23593,-94.75468,87.1,10/22/2020,0,NA,31.1,18.3
USW00093987,"LUFKIN ANGELINA CO AIRPORT, TX US",31.23593,-94.75468,87.1,10/23/2020,19,NA,27.8,13.3
USW00093987,"LUFKIN ANGELINA CO AIRPORT, TX US",31.23593,-94.75468,87.1,10/24/2020,0,NA,17.8,10
USW00093987,"LUFKIN ANGELINA CO AIRPORT, TX US",31.23593,-94.75468,87.1,10/25/2020,0,NA,17.2,13.3
USW00093987,"LUFKIN ANGELINA CO AIRPORT, TX US",31.23593,-94.75468,87.1,10/26/2020,0,NA,26.7,17.2
USW00093987,"LUFKIN ANGELINA CO AIRPORT, TX US",31.23593,-94.75468,87.1,10/27/2020,0.8,NA,20.6,17.2
USW00093987,"LUFKIN ANGELINA CO AIRPORT, TX US",31.23593,-94.75468,87.1,10/28/2020,9.7,NA,17.2,5.6
USW00093987,"LUFKIN ANGELINA CO AIRPORT, TX US",31.23593,-94.75468,87.1,10/29/2020,0,NA,15,3.9
USW00093987,"LUFKIN ANGELINA CO AIRPORT, TX US",31.23593,-94.75468,87.1,10/30/2020,0,NA,20.6,5
USW00093987,"LUFKIN ANGELINA CO AIRPORT, TX US",31.23593,-94.75468,87.1,10/31/2020,0,NA,22.8,3.9
USW00093987,"LUFKIN ANGELINA CO AIRPORT, TX US",31.23593,-94.75468,87.1,11/1/2020,0,NA,24.4,7.2
USW00093987,"LUFKIN ANGELINA CO AIRPORT, TX US",31.23593,-94.75468,87.1,11/2/2020,0,NA,21.7,4.4
USW00093987,"LUFKIN ANGELINA CO AIRPORT, TX US",31.23593,-94.75468,87.1,11/3/2020,0,NA,25,3.3
USW00093987,"LUFKIN ANGELINA CO AIRPORT, TX US",31.23593,-94.75468,87.1,11/4/2020,0,NA,25,4.4
USW00093987,"LUFKIN ANGELINA CO AIRPORT, TX US",31.23593,-94.75468,87.1,11/5/2020,0,NA,26.1,11.1
USW00093987,"LUFKIN ANGELINA CO AIRPORT, TX US",31.23593,-94.75468,87.1,11/6/2020,0,NA,26.1,8.9
USW00093987,"LUFKIN ANGELINA CO AIRPORT, TX US",31.23593,-94.75468,87.1,11/7/2020,0,NA,27.2,11.1
USW00093987,"LUFKIN ANGELINA CO AIRPORT, TX US",31.23593,-94.75468,87.1,11/8/2020,0,NA,25.6,13.9
USW00093987,"LUFKIN ANGELINA CO AIRPORT, TX US",31.23593,-94.75468,87.1,11/9/2020,0.5,NA,27.2,20.6
USW00093987,"LUFKIN ANGELINA CO AIRPORT, TX US",31.23593,-94.75468,87.1,11/10/2020,0.5,NA,28.3,18.9
USW00093987,"LUFKIN ANGELINA CO AIRPORT, TX US",31.23593,-94.75468,87.1,11/11/2020,0,NA,28.3,14.4
USW00093987,"LUFKIN ANGELINA CO AIRPORT, TX US",31.23593,-94.75468,87.1,11/12/2020,0,NA,28.3,10.6
USW00093987,"LUFKIN ANGELINA CO AIRPORT, TX US",31.23593,-94.75468,87.1,11/13/2020,0,NA,28.3,11.1
USW00093987,"LUFKIN ANGELINA CO AIRPORT, TX US",31.23593,-94.75468,87.1,11/14/2020,0,NA,28.9,15.6
USW00093987,"LUFKIN ANGELINA CO AIRPORT, TX US",31.23593,-94.75468,87.1,11/15/2020,1,NA,22.8,4.4
USW00093987,"LUFKIN ANGELINA CO AIRPORT, TX US",31.23593,-94.75468,87.1,11/16/2020,0,NA,22.2,0.6
USW00093987,"LUFKIN ANGELINA CO AIRPORT, TX US",31.23593,-94.75468,87.1,11/17/2020,0,NA,23.9,2.2
USW00093987,"LUFKIN ANGELINA CO AIRPORT, TX US",31.23593,-94.75468,87.1,11/18/2020,0,NA,23.9,7.2
USW00093987,"LUFKIN ANGELINA CO AIRPORT, TX US",31.23593,-94.75468,87.1,11/19/2020,0,NA,25.6,5
USW00093987,"LUFKIN ANGELINA CO AIRPORT, TX US",31.23593,-94.75468,87.1,11/20/2020,0,NA,24.4,13.9
USW00093987,"LUFKIN ANGELINA CO AIRPORT, TX US",31.23593,-94.75468,87.1,11/21/2020,0,NA,26.7,11.7
USW00093987,"LUFKIN ANGELINA CO AIRPORT, TX US",31.23593,-94.75468,87.1,11/22/2020,0,NA,27.8,11.7
USW00093987,"LUFKIN ANGELINA CO AIRPORT, TX US",31.23593,-94.75468,87.1,11/23/2020,0,NA,20.6,10.6
USW00093987,"LUFKIN ANGELINA CO AIRPORT, TX US",31.23593,-94.75468,87.1,11/24/2020,0.3,NA,22.8,10
USW00093987,"LUFKIN ANGELINA CO AIRPORT, TX US",31.23593,-94.75468,87.1,11/25/2020,17.8,NA,23.3,7.2
USW00093987,"LUFKIN ANGELINA CO AIRPORT, TX US",31.23593,-94.75468,87.1,11/26/2020,0,NA,23.9,5
USW00093987,"LUFKIN ANGELINA CO AIRPORT, TX US",31.23593,-94.75468,87.1,11/27/2020,28.4,NA,20.6,16.1
USW00093987,"LUFKIN ANGELINA CO AIRPORT, TX US",31.23593,-94.75468,87.1,11/28/2020,2,NA,16.1,11.7
USW00093987,"LUFKIN ANGELINA CO AIRPORT, TX US",31.23593,-94.75468,87.1,11/29/2020,9.1,NA,13.3,6.1
USW00093987,"LUFKIN ANGELINA CO AIRPORT, TX US",31.23593,-94.75468,87.1,11/30/2020,0,NA,12.2,-1
USW00093987,"LUFKIN ANGELINA CO AIRPORT, TX US",31.23593,-94.75468,87.1,12/1/2020,0,NA,15.6,-3.8
USW00093987,"LUFKIN ANGELINA CO AIRPORT, TX US",31.23593,-94.75468,87.1,12/2/2020,29.7,NA,12.8,7.8
USW00093987,"LUFKIN ANGELINA CO AIRPORT, TX US",31.23593,-94.75468,87.1,12/3/2020,0,NA,11.7,3.3
USW00093987,"LUFKIN ANGELINA CO AIRPORT, TX US",31.23593,-94.75468,87.1,12/4/2020,0,NA,12.2,1.1
USW00093987,"LUFKIN ANGELINA CO AIRPORT, TX US",31.23593,-94.75468,87.1,12/5/2020,0,NA,16.1,-1
USW00093987,"LUFKIN ANGELINA CO AIRPORT, TX US",31.23593,-94.75468,87.1,12/6/2020,0,NA,18.9,4.4
USW00093987,"LUFKIN ANGELINA CO AIRPORT, TX US",31.23593,-94.75468,87.1,12/7/2020,0,NA,17.8,1.1
USW00093987,"LUFKIN ANGELINA CO AIRPORT, TX US",31.23593,-94.75468,87.1,12/8/2020,0,NA,23.3,0.6
USW00093987,"LUFKIN ANGELINA CO AIRPORT, TX US",31.23593,-94.75468,87.1,12/9/2020,0,NA,25.6,1.7
USW00093987,"LUFKIN ANGELINA CO AIRPORT, TX US",31.23593,-94.75468,87.1,12/10/2020,0,NA,23.9,3.3
USW00093987,"LUFKIN ANGELINA CO AIRPORT, TX US",31.23593,-94.75468,87.1,12/11/2020,35.6,NA,21.7,12.2
USW00093987,"LUFKIN ANGELINA CO AIRPORT, TX US",31.23593,-94.75468,87.1,12/12/2020,0,NA,17.8,6.7
USW00093987,"LUFKIN ANGELINA CO AIRPORT, TX US",31.23593,-94.75468,87.1,12/13/2020,3.3,NA,13.9,4.4
USW00093987,"LUFKIN ANGELINA CO AIRPORT, TX US",31.23593,-94.75468,87.1,12/14/2020,0,NA,11.1,1.1
USW00093987,"LUFKIN ANGELINA CO AIRPORT, TX US",31.23593,-94.75468,87.1,12/15/2020,6.6,NA,7.8,1.1
USW00093987,"LUFKIN ANGELINA CO AIRPORT, TX US",31.23593,-94.75468,87.1,12/16/2020,0.5,NA,6.7,-1
USW00093987,"LUFKIN ANGELINA CO AIRPORT, TX US",31.23593,-94.75468,87.1,12/17/2020,0,NA,13.9,-2.7
USW00093987,"LUFKIN ANGELINA CO AIRPORT, TX US",31.23593,-94.75468,87.1,12/18/2020,0,NA,17.8,-0.5
USW00093987,"LUFKIN ANGELINA CO AIRPORT, TX US",31.23593,-94.75468,87.1,12/19/2020,17,NA,15,8.9
USW00093987,"LUFKIN ANGELINA CO AIRPORT, TX US",31.23593,-94.75468,87.1,12/20/2020,0,NA,18.3,5
USW00093987,"LUFKIN ANGELINA CO AIRPORT, TX US",31.23593,-94.75468,87.1,12/21/2020,0,NA,21.7,2.2
USW00093987,"LUFKIN ANGELINA CO AIRPORT, TX US",31.23593,-94.75468,87.1,12/22/2020,0,NA,21.1,4.4
USW00093987,"LUFKIN ANGELINA CO AIRPORT, TX US",31.23593,-94.75468,87.1,12/23/2020,0,NA,24.4,10
USW00093987,"LUFKIN ANGELINA CO AIRPORT, TX US",31.23593,-94.75468,87.1,12/24/2020,0,NA,10.6,1.7
USW00093987,"LUFKIN ANGELINA CO AIRPORT, TX US",31.23593,-94.75468,87.1,12/25/2020,0,NA,15,-1.6
USW00093987,"LUFKIN ANGELINA CO AIRPORT, TX US",31.23593,-94.75468,87.1,12/26/2020,0,NA,19.4,0
USW00093987,"LUFKIN ANGELINA CO AIRPORT, TX US",31.23593,-94.75468,87.1,12/27/2020,0,NA,22.2,6.1
USW00093987,"LUFKIN ANGELINA CO AIRPORT, TX US",31.23593,-94.75468,87.1,12/28/2020,0,NA,24.4,10
USW00093987,"LUFKIN ANGELINA CO AIRPORT, TX US",31.23593,-94.75468,87.1,12/29/2020,0,NA,22.8,10.6
USW00093987,"LUFKIN ANGELINA CO AIRPORT, TX US",31.23593,-94.75468,87.1,12/30/2020,33.3,NA,23.9,12.2
USW00093987,"LUFKIN ANGELINA CO AIRPORT, TX US",31.23593,-94.75468,87.1,12/31/2020,32,NA,13.3,6.7
USW00093987,"LUFKIN ANGELINA CO AIRPORT, TX US",31.23593,-94.75468,87.1,1/1/2021,0,NA,7.8,4.4
USW00093987,"LUFKIN ANGELINA CO AIRPORT, TX US",31.23593,-94.75468,87.1,1/2/2021,0,NA,12.8,1.7
USW00093987,"LUFKIN ANGELINA CO AIRPORT, TX US",31.23593,-94.75468,87.1,1/3/2021,0,NA,18.3,0.6
USW00093987,"LUFKIN ANGELINA CO AIRPORT, TX US",31.23593,-94.75468,87.1,1/4/2021,0,NA,22.8,4.4
USW00093987,"LUFKIN ANGELINA CO AIRPORT, TX US",31.23593,-94.75468,87.1,1/5/2021,0,NA,20,1.7
USW00093987,"LUFKIN ANGELINA CO AIRPORT, TX US",31.23593,-94.75468,87.1,1/6/2021,23.1,NA,18.3,8.9
USW00093987,"LUFKIN ANGELINA CO AIRPORT, TX US",31.23593,-94.75468,87.1,1/7/2021,0,NA,9.4,6.7
USW00093987,"LUFKIN ANGELINA CO AIRPORT, TX US",31.23593,-94.75468,87.1,1/8/2021,0,NA,8.9,0.6
USW00093987,"LUFKIN ANGELINA CO AIRPORT, TX US",31.23593,-94.75468,87.1,1/9/2021,0,NA,11.1,-2.1
USW00093987,"LUFKIN ANGELINA CO AIRPORT, TX US",31.23593,-94.75468,87.1,1/10/2021,16.8,NA,4.4,0.6
USW00093987,"LUFKIN ANGELINA CO AIRPORT, TX US",31.23593,-94.75468,87.1,1/11/2021,0,NA,3.3,-2.1
USW00093987,"LUFKIN ANGELINA CO AIRPORT, TX US",31.23593,-94.75468,87.1,1/12/2021,0,NA,11.7,-3.8
USW00093987,"LUFKIN ANGELINA CO AIRPORT, TX US",31.23593,-94.75468,87.1,1/13/2021,0,NA,15,0.6
USW00093987,"LUFKIN ANGELINA CO AIRPORT, TX US",31.23593,-94.75468,87.1,1/14/2021,0,NA,19.4,3.3
USW00093987,"LUFKIN ANGELINA CO AIRPORT, TX US",31.23593,-94.75468,87.1,1/15/2021,0,NA,13.3,1.7
USW00093987,"LUFKIN ANGELINA CO AIRPORT, TX US",31.23593,-94.75468,87.1,1/16/2021,0,NA,13.9,-1.6
USW00093987,"LUFKIN ANGELINA CO AIRPORT, TX US",31.23593,-94.75468,87.1,1/17/2021,0,NA,18.3,-1
USW00093987,"LUFKIN ANGELINA CO AIRPORT, TX US",31.23593,-94.75468,87.1,1/18/2021,0,NA,20.6,-0.5
USW00093987,"LUFKIN ANGELINA CO AIRPORT, TX US",31.23593,-94.75468,87.1,1/19/2021,0,NA,21.7,10
USW00093987,"LUFKIN ANGELINA CO AIRPORT, TX US",31.23593,-94.75468,87.1,1/20/2021,0,NA,18.3,10
USW00093987,"LUFKIN ANGELINA CO AIRPORT, TX US",31.23593,-94.75468,87.1,1/21/2021,6.4,NA,19.4,12.8
USW00093987,"LUFKIN ANGELINA CO AIRPORT, TX US",31.23593,-94.75468,87.1,1/22/2021,0.5,NA,17.8,11.7
USW00093987,"LUFKIN ANGELINA CO AIRPORT, TX US",31.23593,-94.75468,87.1,1/23/2021,0,NA,13.9,11.1
USW00093987,"LUFKIN ANGELINA CO AIRPORT, TX US",31.23593,-94.75468,87.1,1/24/2021,0.8,NA,21.1,12.8
USW00093987,"LUFKIN ANGELINA CO AIRPORT, TX US",31.23593,-94.75468,87.1,1/25/2021,2.3,NA,24.4,10
USW00093987,"LUFKIN ANGELINA CO AIRPORT, TX US",31.23593,-94.75468,87.1,1/26/2021,0,NA,21.7,7.8
USW00093987,"LUFKIN ANGELINA CO AIRPORT, TX US",31.23593,-94.75468,87.1,1/27/2021,0,NA,17.8,5.6
USW00093987,"LUFKIN ANGELINA CO AIRPORT, TX US",31.23593,-94.75468,87.1,1/28/2021,0,NA,13.9,0.6
USW00093987,"LUFKIN ANGELINA CO AIRPORT, TX US",31.23593,-94.75468,87.1,1/29/2021,0,NA,17.8,1.1
USW00093987,"LUFKIN ANGELINA CO AIRPORT, TX US",31.23593,-94.75468,87.1,1/30/2021,0.8,NA,19.4,8.3
USW00093987,"LUFKIN ANGELINA CO AIRPORT, TX US",31.23593,-94.75468,87.1,1/31/2021,0,NA,17.8,6.1
USW00093987,"LUFKIN ANGELINA CO AIRPORT, TX US",31.23593,-94.75468,87.1,2/1/2021,0,NA,16.7,1.7
USW00093987,"LUFKIN ANGELINA CO AIRPORT, TX US",31.23593,-94.75468,87.1,2/2/2021,0,NA,17.2,0.6
USW00093987,"LUFKIN ANGELINA CO AIRPORT, TX US",31.23593,-94.75468,87.1,2/3/2021,0,NA,20,2.2
USW00093987,"LUFKIN ANGELINA CO AIRPORT, TX US",31.23593,-94.75468,87.1,2/4/2021,0,NA,26.7,10
USW00093987,"LUFKIN ANGELINA CO AIRPORT, TX US",31.23593,-94.75468,87.1,2/5/2021,3.3,NA,12.8,5
USW00093987,"LUFKIN ANGELINA CO AIRPORT, TX US",31.23593,-94.75468,87.1,2/6/2021,0,NA,17.8,5.6
USW00093987,"LUFKIN ANGELINA CO AIRPORT, TX US",31.23593,-94.75468,87.1,2/7/2021,0,NA,17.8,5
USW00093987,"LUFKIN ANGELINA CO AIRPORT, TX US",31.23593,-94.75468,87.1,2/8/2021,0,NA,17.8,4.4
USW00093987,"LUFKIN ANGELINA CO AIRPORT, TX US",31.23593,-94.75468,87.1,2/9/2021,0,NA,20,11.7
USW00093987,"LUFKIN ANGELINA CO AIRPORT, TX US",31.23593,-94.75468,87.1,2/10/2021,1,NA,14.4,6.1
USW00093987,"LUFKIN ANGELINA CO AIRPORT, TX US",31.23593,-94.75468,87.1,2/11/2021,2.8,NA,6.1,1.7
USW00093987,"LUFKIN ANGELINA CO AIRPORT, TX US",31.23593,-94.75468,87.1,2/12/2021,0,NA,3.9,1.1
USW00093987,"LUFKIN ANGELINA CO AIRPORT, TX US",31.23593,-94.75468,87.1,2/13/2021,0,NA,5.6,0
USW00093987,"LUFKIN ANGELINA CO AIRPORT, TX US",31.23593,-94.75468,87.1,2/14/2021,3,NA,1.1,-4.9
USW00093987,"LUFKIN ANGELINA CO AIRPORT, TX US",31.23593,-94.75468,87.1,2/15/2021,6.4,NA,-4.9,-12.7
USW00093987,"LUFKIN ANGELINA CO AIRPORT, TX US",31.23593,-94.75468,87.1,2/16/2021,0,NA,0.6,-16
USW00093987,"LUFKIN ANGELINA CO AIRPORT, TX US",31.23593,-94.75468,87.1,2/17/2021,36.3,NA,1.1,-2.7
USW00093987,"LUFKIN ANGELINA CO AIRPORT, TX US",31.23593,-94.75468,87.1,2/18/2021,0,NA,0.6,-3.8
USW00093987,"LUFKIN ANGELINA CO AIRPORT, TX US",31.23593,-94.75468,87.1,2/19/2021,0,NA,5,-7.1
USW00093987,"LUFKIN ANGELINA CO AIRPORT, TX US",31.23593,-94.75468,87.1,2/20/2021,0,NA,16.1,-4.3
USW00093987,"LUFKIN ANGELINA CO AIRPORT, TX US",31.23593,-94.75468,87.1,2/21/2021,0.5,NA,21.7,1.1
USW00093987,"LUFKIN ANGELINA CO AIRPORT, TX US",31.23593,-94.75468,87.1,2/22/2021,0,NA,22.2,2.8
USW00093987,"LUFKIN ANGELINA CO AIRPORT, TX US",31.23593,-94.75468,87.1,2/23/2021,0,NA,25.6,2.8
USW00093987,"LUFKIN ANGELINA CO AIRPORT, TX US",31.23593,-94.75468,87.1,2/24/2021,0,NA,27.2,8.9
USW00093987,"LUFKIN ANGELINA CO AIRPORT, TX US",31.23593,-94.75468,87.1,2/25/2021,1.5,NA,21.7,11.1
USW00093987,"LUFKIN ANGELINA CO AIRPORT, TX US",31.23593,-94.75468,87.1,2/26/2021,5.1,NA,25.6,16.7
USW00093987,"LUFKIN ANGELINA CO AIRPORT, TX US",31.23593,-94.75468,87.1,2/27/2021,0,NA,27.2,17.8
USW00093987,"LUFKIN ANGELINA CO AIRPORT, TX US",31.23593,-94.75468,87.1,2/28/2021,0,NA,27.2,20.6
USW00093987,"LUFKIN ANGELINA CO AIRPORT, TX US",31.23593,-94.75468,87.1,3/1/2021,23.4,NA,22.2,8.3
USW00093987,"LUFKIN ANGELINA CO AIRPORT, TX US",31.23593,-94.75468,87.1,3/2/2021,1.3,NA,16.7,5
USW00093987,"LUFKIN ANGELINA CO AIRPORT, TX US",31.23593,-94.75468,87.1,3/3/2021,0,NA,20.6,1.1
USW00093987,"LUFKIN ANGELINA CO AIRPORT, TX US",31.23593,-94.75468,87.1,3/4/2021,0,NA,22.8,2.8
USW00093987,"LUFKIN ANGELINA CO AIRPORT, TX US",31.23593,-94.75468,87.1,3/5/2021,0.3,NA,15.6,8.3
USW00093987,"LUFKIN ANGELINA CO AIRPORT, TX US",31.23593,-94.75468,87.1,3/6/2021,0,NA,18.9,5.6
USW00093987,"LUFKIN ANGELINA CO AIRPORT, TX US",31.23593,-94.75468,87.1,3/7/2021,0,NA,20.6,1.1
USW00093987,"LUFKIN ANGELINA CO AIRPORT, TX US",31.23593,-94.75468,87.1,3/8/2021,0,NA,22.8,2.2
USW00093987,"LUFKIN ANGELINA CO AIRPORT, TX US",31.23593,-94.75468,87.1,3/9/2021,0,NA,23.3,10
USW00093987,"LUFKIN ANGELINA CO AIRPORT, TX US",31.23593,-94.75468,87.1,3/10/2021,0,NA,26.1,13.3
USW00093987,"LUFKIN ANGELINA CO AIRPORT, TX US",31.23593,-94.75468,87.1,3/11/2021,0,NA,27.2,19.4
USW00093987,"LUFKIN ANGELINA CO AIRPORT, TX US",31.23593,-94.75468,87.1,3/12/2021,0,NA,27.2,17.2
USW00093987,"LUFKIN ANGELINA CO AIRPORT, TX US",31.23593,-94.75468,87.1,3/13/2021,0,NA,28.3,16.1
USW00093987,"LUFKIN ANGELINA CO AIRPORT, TX US",31.23593,-94.75468,87.1,3/14/2021,9.1,NA,25,13.9
USW00093987,"LUFKIN ANGELINA CO AIRPORT, TX US",31.23593,-94.75468,87.1,3/15/2021,0,NA,25.6,12.8
USW00093987,"LUFKIN ANGELINA CO AIRPORT, TX US",31.23593,-94.75468,87.1,3/16/2021,0,NA,26.7,18.9
USW00093987,"LUFKIN ANGELINA CO AIRPORT, TX US",31.23593,-94.75468,87.1,3/17/2021,3.8,NA,25,10.6
USW00093987,"LUFKIN ANGELINA CO AIRPORT, TX US",31.23593,-94.75468,87.1,3/18/2021,0,NA,16.1,6.7
USW00093987,"LUFKIN ANGELINA CO AIRPORT, TX US",31.23593,-94.75468,87.1,3/19/2021,0,NA,12.8,5
USW00093987,"LUFKIN ANGELINA CO AIRPORT, TX US",31.23593,-94.75468,87.1,3/20/2021,0,NA,19.4,2.2
USW00093987,"LUFKIN ANGELINA CO AIRPORT, TX US",31.23593,-94.75468,87.1,3/21/2021,0,NA,22.2,3.3
USW00093987,"LUFKIN ANGELINA CO AIRPORT, TX US",31.23593,-94.75468,87.1,3/22/2021,0,NA,22.2,8.3
USW00093987,"LUFKIN ANGELINA CO AIRPORT, TX US",31.23593,-94.75468,87.1,3/23/2021,5.1,NA,27.2,10
USW00093987,"LUFKIN ANGELINA CO AIRPORT, TX US",31.23593,-94.75468,87.1,3/24/2021,0,NA,22.2,9.4
USW00093987,"LUFKIN ANGELINA CO AIRPORT, TX US",31.23593,-94.75468,87.1,3/25/2021,0.3,NA,25,10.6
USW00093987,"LUFKIN ANGELINA CO AIRPORT, TX US",31.23593,-94.75468,87.1,3/26/2021,0,NA,28.9,8.3
USW00093987,"LUFKIN ANGELINA CO AIRPORT, TX US",31.23593,-94.75468,87.1,3/27/2021,0,NA,27.8,20.6
USW00093987,"LUFKIN ANGELINA CO AIRPORT, TX US",31.23593,-94.75468,87.1,3/28/2021,0,NA,23.3,7.8
USW00093987,"LUFKIN ANGELINA CO AIRPORT, TX US",31.23593,-94.75468,87.1,3/29/2021,0,NA,24.4,4.4
USW00093987,"LUFKIN ANGELINA CO AIRPORT, TX US",31.23593,-94.75468,87.1,3/30/2021,0,NA,28.3,13.3
USW00093987,"LUFKIN ANGELINA CO AIRPORT, TX US",31.23593,-94.75468,87.1,3/31/2021,0.8,NA,22.2,6.7
USW00093987,"LUFKIN ANGELINA CO AIRPORT, TX US",31.23593,-94.75468,87.1,4/1/2021,0,NA,20.6,2.2
USW00093987,"LUFKIN ANGELINA CO AIRPORT, TX US",31.23593,-94.75468,87.1,4/2/2021,0,NA,20.6,2.8
USW00093987,"LUFKIN ANGELINA CO AIRPORT, TX US",31.23593,-94.75468,87.1,4/3/2021,0,NA,18.3,7.8
USW00093987,"LUFKIN ANGELINA CO AIRPORT, TX US",31.23593,-94.75468,87.1,4/4/2021,0,NA,25,8.9
USW00093987,"LUFKIN ANGELINA CO AIRPORT, TX US",31.23593,-94.75468,87.1,4/5/2021,0,NA,26.1,12.8
USW00093987,"LUFKIN ANGELINA CO AIRPORT, TX US",31.23593,-94.75468,87.1,4/6/2021,0,NA,29.4,15
USW00093987,"LUFKIN ANGELINA CO AIRPORT, TX US",31.23593,-94.75468,87.1,4/7/2021,35.1,NA,26.1,12.8
USW00093987,"LUFKIN ANGELINA CO AIRPORT, TX US",31.23593,-94.75468,87.1,4/8/2021,0,NA,29.4,8.9
USW00093987,"LUFKIN ANGELINA CO AIRPORT, TX US",31.23593,-94.75468,87.1,4/9/2021,2.5,NA,28.3,19.4
USW00093987,"LUFKIN ANGELINA CO AIRPORT, TX US",31.23593,-94.75468,87.1,4/10/2021,0.8,NA,25.6,11.1
USW00093987,"LUFKIN ANGELINA CO AIRPORT, TX US",31.23593,-94.75468,87.1,4/11/2021,0,NA,28.9,7.8
USW00093987,"LUFKIN ANGELINA CO AIRPORT, TX US",31.23593,-94.75468,87.1,4/12/2021,0,NA,31.1,11.1
USW00093987,"LUFKIN ANGELINA CO AIRPORT, TX US",31.23593,-94.75468,87.1,4/13/2021,0,NA,29.4,17.8
USW00093987,"LUFKIN ANGELINA CO AIRPORT, TX US",31.23593,-94.75468,87.1,4/14/2021,0.3,NA,21.7,17.2
USW00093987,"LUFKIN ANGELINA CO AIRPORT, TX US",31.23593,-94.75468,87.1,4/15/2021,5.3,NA,19.4,14.4
USW00093987,"LUFKIN ANGELINA CO AIRPORT, TX US",31.23593,-94.75468,87.1,4/16/2021,31,NA,18.9,14.4
USW00093987,"LUFKIN ANGELINA CO AIRPORT, TX US",31.23593,-94.75468,87.1,4/17/2021,0,NA,16.7,11.1
USW00093987,"LUFKIN ANGELINA CO AIRPORT, TX US",31.23593,-94.75468,87.1,4/18/2021,0,NA,20,7.2
USW00093987,"LUFKIN ANGELINA CO AIRPORT, TX US",31.23593,-94.75468,87.1,4/19/2021,0,NA,22.8,6.1
USW00093987,"LUFKIN ANGELINA CO AIRPORT, TX US",31.23593,-94.75468,87.1,4/20/2021,0,NA,26.7,8.9
USW00093987,"LUFKIN ANGELINA CO AIRPORT, TX US",31.23593,-94.75468,87.1,4/21/2021,0,NA,18.3,5.6
USW00093987,"LUFKIN ANGELINA CO AIRPORT, TX US",31.23593,-94.75468,87.1,4/22/2021,0,NA,22.2,7.2
USW00093987,"LUFKIN ANGELINA CO AIRPORT, TX US",31.23593,-94.75468,87.1,4/23/2021,25.7,NA,22.2,16.7
USW00093987,"LUFKIN ANGELINA CO AIRPORT, TX US",31.23593,-94.75468,87.1,4/24/2021,0,NA,26.7,16.1
USW00093987,"LUFKIN ANGELINA CO AIRPORT, TX US",31.23593,-94.75468,87.1,4/25/2021,0,NA,27.8,12.8
USW00093987,"LUFKIN ANGELINA CO AIRPORT, TX US",31.23593,-94.75468,87.1,4/26/2021,0,NA,28.9,13.9
USW00093987,"LUFKIN ANGELINA CO AIRPORT, TX US",31.23593,-94.75468,87.1,4/27/2021,0,NA,26.1,20
USW00093987,"LUFKIN ANGELINA CO AIRPORT, TX US",31.23593,-94.75468,87.1,4/28/2021,0,NA,32.2,22.8
USW00093987,"LUFKIN ANGELINA CO AIRPORT, TX US",31.23593,-94.75468,87.1,4/29/2021,21.1,NA,30,21.1
USW00093987,"LUFKIN ANGELINA CO AIRPORT, TX US",31.23593,-94.75468,87.1,4/30/2021,105.9,NA,22.8,19.4
USW00093987,"LUFKIN ANGELINA CO AIRPORT, TX US",31.23593,-94.75468,87.1,5/1/2021,3,NA,23.9,18.3
USW00093987,"LUFKIN ANGELINA CO AIRPORT, TX US",31.23593,-94.75468,87.1,5/2/2021,10.4,NA,28.9,20
USW00093987,"LUFKIN ANGELINA CO AIRPORT, TX US",31.23593,-94.75468,87.1,5/3/2021,0,NA,31.7,23.3
USW00093987,"LUFKIN ANGELINA CO AIRPORT, TX US",31.23593,-94.75468,87.1,5/4/2021,5.6,NA,25.6,16.7
USW00093987,"LUFKIN ANGELINA CO AIRPORT, TX US",31.23593,-94.75468,87.1,5/5/2021,0,NA,26.1,13.3
USW00093987,"LUFKIN ANGELINA CO AIRPORT, TX US",31.23593,-94.75468,87.1,5/6/2021,0,NA,28.9,13.3
USW00093987,"LUFKIN ANGELINA CO AIRPORT, TX US",31.23593,-94.75468,87.1,5/7/2021,0,NA,30.6,13.9
USW00093987,"LUFKIN ANGELINA CO AIRPORT, TX US",31.23593,-94.75468,87.1,5/8/2021,0,NA,30.6,14.4
USW00093987,"LUFKIN ANGELINA CO AIRPORT, TX US",31.23593,-94.75468,87.1,5/9/2021,91.2,NA,31.1,19.4
USW00093987,"LUFKIN ANGELINA CO AIRPORT, TX US",31.23593,-94.75468,87.1,5/10/2021,1.5,NA,27.8,20.6
USW00093987,"LUFKIN ANGELINA CO AIRPORT, TX US",31.23593,-94.75468,87.1,5/11/2021,46.2,NA,25.6,17.2
USW00093987,"LUFKIN ANGELINA CO AIRPORT, TX US",31.23593,-94.75468,87.1,5/12/2021,3.6,NA,19.4,15.6
USW00093987,"LUFKIN ANGELINA CO AIRPORT, TX US",31.23593,-94.75468,87.1,5/13/2021,0,NA,26.1,14.4
USW00093987,"LUFKIN ANGELINA CO AIRPORT, TX US",31.23593,-94.75468,87.1,5/14/2021,0,NA,26.7,13.3
USW00093987,"LUFKIN ANGELINA CO AIRPORT, TX US",31.23593,-94.75468,87.1,5/15/2021,0,NA,28.3,13.9
USW00093987,"LUFKIN ANGELINA CO AIRPORT, TX US",31.23593,-94.75468,87.1,5/16/2021,4.6,NA,28.9,18.9
USW00093987,"LUFKIN ANGELINA CO AIRPORT, TX US",31.23593,-94.75468,87.1,5/17/2021,15,NA,22.8,17.8
USW00093987,"LUFKIN ANGELINA CO AIRPORT, TX US",31.23593,-94.75468,87.1,5/18/2021,17.8,NA,27.8,17.8
USW00093987,"LUFKIN ANGELINA CO AIRPORT, TX US",31.23593,-94.75468,87.1,5/19/2021,24.6,NA,25.6,17.8
USW00093987,"LUFKIN ANGELINA CO AIRPORT, TX US",31.23593,-94.75468,87.1,5/20/2021,6.4,NA,26.1,20.6
USW00093987,"LUFKIN ANGELINA CO AIRPORT, TX US",31.23593,-94.75468,87.1,5/21/2021,14,NA,27.2,20.6
USW00093987,"LUFKIN ANGELINA CO AIRPORT, TX US",31.23593,-94.75468,87.1,5/22/2021,0,NA,25.6,21.1
USW00093987,"LUFKIN ANGELINA CO AIRPORT, TX US",31.23593,-94.75468,87.1,5/23/2021,0,NA,28.3,20
USW00093987,"LUFKIN ANGELINA CO AIRPORT, TX US",31.23593,-94.75468,87.1,5/24/2021,2.8,NA,28.3,21.7
USW00093987,"LUFKIN ANGELINA CO AIRPORT, TX US",31.23593,-94.75468,87.1,5/25/2021,43.2,NA,29.4,19.4
USW00093987,"LUFKIN ANGELINA CO AIRPORT, TX US",31.23593,-94.75468,87.1,5/26/2021,0,NA,31.1,20
USW00093987,"LUFKIN ANGELINA CO AIRPORT, TX US",31.23593,-94.75468,87.1,5/27/2021,0,NA,32.2,22.8
USW00093987,"LUFKIN ANGELINA CO AIRPORT, TX US",31.23593,-94.75468,87.1,5/28/2021,11.9,NA,28.3,18.9
USW00093987,"LUFKIN ANGELINA CO AIRPORT, TX US",31.23593,-94.75468,87.1,5/29/2021,0,NA,30.6,21.1
USW00093987,"LUFKIN ANGELINA CO AIRPORT, TX US",31.23593,-94.75468,87.1,5/30/2021,0,NA,26.7,17.2
USW00093987,"LUFKIN ANGELINA CO AIRPORT, TX US",31.23593,-94.75468,87.1,5/31/2021,0.3,NA,30.6,18.3
USW00093987,"LUFKIN ANGELINA CO AIRPORT, TX US",31.23593,-94.75468,87.1,6/1/2021,17,NA,27.8,21.1
USW00093987,"LUFKIN ANGELINA CO AIRPORT, TX US",31.23593,-94.75468,87.1,6/2/2021,0,NA,30.6,18.9
USW00093987,"LUFKIN ANGELINA CO AIRPORT, TX US",31.23593,-94.75468,87.1,6/3/2021,6.6,NA,28.9,21.1
USW00093987,"LUFKIN ANGELINA CO AIRPORT, TX US",31.23593,-94.75468,87.1,6/4/2021,14.7,NA,25.6,21.1
USW00093987,"LUFKIN ANGELINA CO AIRPORT, TX US",31.23593,-94.75468,87.1,6/5/2021,29.7,NA,29.4,21.7
USW00093987,"LUFKIN ANGELINA CO AIRPORT, TX US",31.23593,-94.75468,87.1,6/6/2021,6.6,NA,31.1,20.6
USW00093987,"LUFKIN ANGELINA CO AIRPORT, TX US",31.23593,-94.75468,87.1,6/7/2021,37.8,NA,31.7,21.1
USW00093987,"LUFKIN ANGELINA CO AIRPORT, TX US",31.23593,-94.75468,87.1,6/8/2021,0,NA,32.8,22.2
USW00093987,"LUFKIN ANGELINA CO AIRPORT, TX US",31.23593,-94.75468,87.1,6/9/2021,0,NA,33.9,25
USW00093987,"LUFKIN ANGELINA CO AIRPORT, TX US",31.23593,-94.75468,87.1,6/10/2021,0,NA,33.9,24.4
USW00093987,"LUFKIN ANGELINA CO AIRPORT, TX US",31.23593,-94.75468,87.1,6/11/2021,0,NA,33.3,23.9
USW00093987,"LUFKIN ANGELINA CO AIRPORT, TX US",31.23593,-94.75468,87.1,6/12/2021,0,NA,33.9,23.9
USW00093987,"LUFKIN ANGELINA CO AIRPORT, TX US",31.23593,-94.75468,87.1,6/13/2021,0,NA,36.1,23.9
USW00093987,"LUFKIN ANGELINA CO AIRPORT, TX US",31.23593,-94.75468,87.1,6/14/2021,0,NA,36.1,22.8
USW00093987,"LUFKIN ANGELINA CO AIRPORT, TX US",31.23593,-94.75468,87.1,6/15/2021,0,NA,35.6,23.3
USW00093987,"LUFKIN ANGELINA CO AIRPORT, TX US",31.23593,-94.75468,87.1,6/16/2021,0,NA,35.6,22.8
USW00093987,"LUFKIN ANGELINA CO AIRPORT, TX US",31.23593,-94.75468,87.1,6/17/2021,0,NA,33.3,23.9
USW00093987,"LUFKIN ANGELINA CO AIRPORT, TX US",31.23593,-94.75468,87.1,6/18/2021,0,NA,33.9,20.6
USW00093987,"LUFKIN ANGELINA CO AIRPORT, TX US",31.23593,-94.75468,87.1,6/19/2021,0,NA,35,22.2
USW00093987,"LUFKIN ANGELINA CO AIRPORT, TX US",31.23593,-94.75468,87.1,6/20/2021,0,NA,34.4,23.3
USW00093987,"LUFKIN ANGELINA CO AIRPORT, TX US",31.23593,-94.75468,87.1,6/21/2021,4.3,NA,33.9,24.4
USW00093987,"LUFKIN ANGELINA CO AIRPORT, TX US",31.23593,-94.75468,87.1,6/22/2021,0.3,NA,30.6,22.2
USW00093987,"LUFKIN ANGELINA CO AIRPORT, TX US",31.23593,-94.75468,87.1,6/23/2021,0,NA,35.6,23.3
USW00093987,"LUFKIN ANGELINA CO AIRPORT, TX US",31.23593,-94.75468,87.1,6/24/2021,0,NA,35.6,25.6
USW00093987,"LUFKIN ANGELINA CO AIRPORT, TX US",31.23593,-94.75468,87.1,6/25/2021,0,NA,35.6,24.4
USW00093987,"LUFKIN ANGELINA CO AIRPORT, TX US",31.23593,-94.75468,87.1,6/26/2021,0,NA,34.4,23.9
USW00093987,"LUFKIN ANGELINA CO AIRPORT, TX US",31.23593,-94.75468,87.1,6/27/2021,1.3,NA,34.4,23.9
USW00093987,"LUFKIN ANGELINA CO AIRPORT, TX US",31.23593,-94.75468,87.1,6/28/2021,3.6,NA,28.9,23.3
USW00093987,"LUFKIN ANGELINA CO AIRPORT, TX US",31.23593,-94.75468,87.1,6/29/2021,0.3,NA,32.2,23.3
USW00093987,"LUFKIN ANGELINA CO AIRPORT, TX US",31.23593,-94.75468,87.1,6/30/2021,0,NA,34.4,23.3
USW00093987,"LUFKIN ANGELINA CO AIRPORT, TX US",31.23593,-94.75468,87.1,7/1/2021,0,NA,34.4,22.8
USW00093987,"LUFKIN ANGELINA CO AIRPORT, TX US",31.23593,-94.75468,87.1,7/2/2021,0.5,NA,33.3,24.4
USW00093987,"LUFKIN ANGELINA CO AIRPORT, TX US",31.23593,-94.75468,87.1,7/3/2021,0,NA,31.7,24.4
USW00093987,"LUFKIN ANGELINA CO AIRPORT, TX US",31.23593,-94.75468,87.1,7/4/2021,0,NA,32.8,22.2
USW00093987,"LUFKIN ANGELINA CO AIRPORT, TX US",31.23593,-94.75468,87.1,7/5/2021,12.2,NA,33.9,22.8
USW00093987,"LUFKIN ANGELINA CO AIRPORT, TX US",31.23593,-94.75468,87.1,7/6/2021,30.7,NA,33.3,22.2
USW00093987,"LUFKIN ANGELINA CO AIRPORT, TX US",31.23593,-94.75468,87.1,7/7/2021,8.1,NA,30,22.2
USW00093987,"LUFKIN ANGELINA CO AIRPORT, TX US",31.23593,-94.75468,87.1,7/8/2021,0,NA,33.9,22.8
USW00093987,"LUFKIN ANGELINA CO AIRPORT, TX US",31.23593,-94.75468,87.1,7/9/2021,1.8,NA,31.7,23.3
USW00093987,"LUFKIN ANGELINA CO AIRPORT, TX US",31.23593,-94.75468,87.1,7/10/2021,0,NA,33.9,23.3
USW00093987,"LUFKIN ANGELINA CO AIRPORT, TX US",31.23593,-94.75468,87.1,7/11/2021,3,NA,30.6,21.7
USW00093987,"LUFKIN ANGELINA CO AIRPORT, TX US",31.23593,-94.75468,87.1,7/12/2021,15,NA,27.8,20
USW00093987,"LUFKIN ANGELINA CO AIRPORT, TX US",31.23593,-94.75468,87.1,7/13/2021,75.2,NA,33.9,20
USW00093987,"LUFKIN ANGELINA CO AIRPORT, TX US",31.23593,-94.75468,87.1,7/14/2021,0.5,NA,33.3,21.1
USW00093987,"LUFKIN ANGELINA CO AIRPORT, TX US",31.23593,-94.75468,87.1,7/15/2021,9.9,NA,32.2,23.9
USW00093987,"LUFKIN ANGELINA CO AIRPORT, TX US",31.23593,-94.75468,87.1,7/16/2021,0,NA,33.3,23.3
USW00093987,"LUFKIN ANGELINA CO AIRPORT, TX US",31.23593,-94.75468,87.1,7/17/2021,0,NA,33.9,24.4
USW00093987,"LUFKIN ANGELINA CO AIRPORT, TX US",31.23593,-94.75468,87.1,7/18/2021,0,NA,34.4,23.9
USW00093987,"LUFKIN ANGELINA CO AIRPORT, TX US",31.23593,-94.75468,87.1,7/19/2021,1,NA,31.1,23.3
USW00093987,"LUFKIN ANGELINA CO AIRPORT, TX US",31.23593,-94.75468,87.1,7/20/2021,0.5,NA,32.2,22.8
USW00093987,"LUFKIN ANGELINA CO AIRPORT, TX US",31.23593,-94.75468,87.1,7/21/2021,4.1,NA,33.3,22.8
USW00093987,"LUFKIN ANGELINA CO AIRPORT, TX US",31.23593,-94.75468,87.1,7/22/2021,0,NA,32.8,22.8
USW00093987,"LUFKIN ANGELINA CO AIRPORT, TX US",31.23593,-94.75468,87.1,7/23/2021,0,NA,35,23.3
USW00093987,"LUFKIN ANGELINA CO AIRPORT, TX US",31.23593,-94.75468,87.1,7/24/2021,0,NA,35,24.4
USW00093987,"LUFKIN ANGELINA CO AIRPORT, TX US",31.23593,-94.75468,87.1,7/25/2021,0,NA,35,23.3
USW00093987,"LUFKIN ANGELINA CO AIRPORT, TX US",31.23593,-94.75468,87.1,7/26/2021,0,NA,35.6,23.9
USW00093987,"LUFKIN ANGELINA CO AIRPORT, TX US",31.23593,-94.75468,87.1,7/27/2021,0,NA,36.1,23.9
USW00093987,"LUFKIN ANGELINA CO AIRPORT, TX US",31.23593,-94.75468,87.1,7/28/2021,0,NA,35.6,23.3
USW00093987,"LUFKIN ANGELINA CO AIRPORT, TX US",31.23593,-94.75468,87.1,7/29/2021,0,NA,36.7,24.4
USW00093987,"LUFKIN ANGELINA CO AIRPORT, TX US",31.23593,-94.75468,87.1,7/30/2021,0,NA,36.1,24.4
USW00093987,"LUFKIN ANGELINA CO AIRPORT, TX US",31.23593,-94.75468,87.1,7/31/2021,0,NA,35.6,25
USW00093987,"LUFKIN ANGELINA CO AIRPORT, TX US",31.23593,-94.75468,87.1,8/1/2021,0,NA,36.1,25
USW00093987,"LUFKIN ANGELINA CO AIRPORT, TX US",31.23593,-94.75468,87.1,8/2/2021,7.6,NA,27.8,23.9
USW00093987,"LUFKIN ANGELINA CO AIRPORT, TX US",31.23593,-94.75468,87.1,8/3/2021,0,NA,33.3,23.3
USW00093987,"LUFKIN ANGELINA CO AIRPORT, TX US",31.23593,-94.75468,87.1,8/4/2021,0,NA,32.8,22.8
USW00093987,"LUFKIN ANGELINA CO AIRPORT, TX US",31.23593,-94.75468,87.1,8/5/2021,0,NA,32.2,20
USW00093987,"LUFKIN ANGELINA CO AIRPORT, TX US",31.23593,-94.75468,87.1,8/6/2021,0,NA,33.9,21.1
USW00093987,"LUFKIN ANGELINA CO AIRPORT, TX US",31.23593,-94.75468,87.1,8/7/2021,0,NA,35.6,22.2
USW00093987,"LUFKIN ANGELINA CO AIRPORT, TX US",31.23593,-94.75468,87.1,8/8/2021,0,NA,36.7,23.9
USW00093987,"LUFKIN ANGELINA CO AIRPORT, TX US",31.23593,-94.75468,87.1,8/9/2021,0,NA,35.6,24.4
USW00093987,"LUFKIN ANGELINA CO AIRPORT, TX US",31.23593,-94.75468,87.1,8/10/2021,0,NA,36.7,25
USW00093987,"LUFKIN ANGELINA CO AIRPORT, TX US",31.23593,-94.75468,87.1,8/11/2021,0,NA,36.7,23.9
USW00093987,"LUFKIN ANGELINA CO AIRPORT, TX US",31.23593,-94.75468,87.1,8/12/2021,0.8,NA,36.7,23.3
USW00093987,"LUFKIN ANGELINA CO AIRPORT, TX US",31.23593,-94.75468,87.1,8/13/2021,0,NA,35,23.3
USW00093987,"LUFKIN ANGELINA CO AIRPORT, TX US",31.23593,-94.75468,87.1,8/14/2021,4.1,NA,36.1,22.8
USW00093987,"LUFKIN ANGELINA CO AIRPORT, TX US",31.23593,-94.75468,87.1,8/15/2021,0,NA,33.9,22.2
USW00093987,"LUFKIN ANGELINA CO AIRPORT, TX US",31.23593,-94.75468,87.1,8/16/2021,0,NA,34.4,22.8
USW00093987,"LUFKIN ANGELINA CO AIRPORT, TX US",31.23593,-94.75468,87.1,8/17/2021,0,NA,35,23.3
USW00093987,"LUFKIN ANGELINA CO AIRPORT, TX US",31.23593,-94.75468,87.1,8/18/2021,3.3,NA,33.3,25
USW00093987,"LUFKIN ANGELINA CO AIRPORT, TX US",31.23593,-94.75468,87.1,8/19/2021,1,NA,33.9,25.6
USW00093987,"LUFKIN ANGELINA CO AIRPORT, TX US",31.23593,-94.75468,87.1,8/20/2021,0,NA,36.1,24.4
USW00093987,"LUFKIN ANGELINA CO AIRPORT, TX US",31.23593,-94.75468,87.1,8/21/2021,0,NA,36.1,22.8
USW00093987,"LUFKIN ANGELINA CO AIRPORT, TX US",31.23593,-94.75468,87.1,8/22/2021,0,NA,36.7,22.2
USW00093987,"LUFKIN ANGELINA CO AIRPORT, TX US",31.23593,-94.75468,87.1,8/23/2021,0,NA,37.2,22.2
USW00093987,"LUFKIN ANGELINA CO AIRPORT, TX US",31.23593,-94.75468,87.1,8/24/2021,0,NA,37.2,22.2
USW00093987,"LUFKIN ANGELINA CO AIRPORT, TX US",31.23593,-94.75468,87.1,8/25/2021,0.3,NA,37.2,23.3
USW00093987,"LUFKIN ANGELINA CO AIRPORT, TX US",31.23593,-94.75468,87.1,8/26/2021,0.3,NA,37.2,23.3
USW00093987,"LUFKIN ANGELINA CO AIRPORT, TX US",31.23593,-94.75468,87.1,8/27/2021,0,NA,35,23.3
USW00093987,"LUFKIN ANGELINA CO AIRPORT, TX US",31.23593,-94.75468,87.1,8/28/2021,2,NA,32.2,22.8
USW00093987,"LUFKIN ANGELINA CO AIRPORT, TX US",31.23593,-94.75468,87.1,8/29/2021,0,NA,35.6,22.8
USW00093987,"LUFKIN ANGELINA CO AIRPORT, TX US",31.23593,-94.75468,87.1,8/30/2021,0,NA,35,22.8
USW00093987,"LUFKIN ANGELINA CO AIRPORT, TX US",31.23593,-94.75468,87.1,8/31/2021,0,NA,37.2,22.2
USW00093987,"LUFKIN ANGELINA CO AIRPORT, TX US",31.23593,-94.75468,87.1,9/1/2021,0,NA,36.7,24.4
USW00093987,"LUFKIN ANGELINA CO AIRPORT, TX US",31.23593,-94.75468,87.1,9/2/2021,0.3,NA,36.7,23.9
USW00093987,"LUFKIN ANGELINA CO AIRPORT, TX US",31.23593,-94.75468,87.1,9/3/2021,0,NA,36.1,22.8
USW00093987,"LUFKIN ANGELINA CO AIRPORT, TX US",31.23593,-94.75468,87.1,9/4/2021,0,NA,36.1,22.8
USW00093987,"LUFKIN ANGELINA CO AIRPORT, TX US",31.23593,-94.75468,87.1,9/5/2021,0.3,NA,37.2,23.9
USW00093987,"LUFKIN ANGELINA CO AIRPORT, TX US",31.23593,-94.75468,87.1,9/6/2021,0,NA,35,20.6
USW00093987,"LUFKIN ANGELINA CO AIRPORT, TX US",31.23593,-94.75468,87.1,9/7/2021,0,NA,34.4,17.2
USW00093987,"LUFKIN ANGELINA CO AIRPORT, TX US",31.23593,-94.75468,87.1,9/8/2021,0,NA,34.4,15
USW00093987,"LUFKIN ANGELINA CO AIRPORT, TX US",31.23593,-94.75468,87.1,9/9/2021,0,NA,34.4,20.6
USW00093987,"LUFKIN ANGELINA CO AIRPORT, TX US",31.23593,-94.75468,87.1,9/10/2021,0,NA,32.8,15
USW00093987,"LUFKIN ANGELINA CO AIRPORT, TX US",31.23593,-94.75468,87.1,9/11/2021,0,NA,32.2,15
USW00093987,"LUFKIN ANGELINA CO AIRPORT, TX US",31.23593,-94.75468,87.1,9/12/2021,0,NA,32.2,15
USW00093987,"LUFKIN ANGELINA CO AIRPORT, TX US",31.23593,-94.75468,87.1,9/13/2021,1.5,NA,32.8,22.8
USW00093987,"LUFKIN ANGELINA CO AIRPORT, TX US",31.23593,-94.75468,87.1,9/14/2021,11.7,NA,26.1,22.2
USW00093987,"LUFKIN ANGELINA CO AIRPORT, TX US",31.23593,-94.75468,87.1,9/15/2021,0,NA,29.4,21.7
USW00093987,"LUFKIN ANGELINA CO AIRPORT, TX US",31.23593,-94.75468,87.1,9/16/2021,0,NA,26.1,21.7
USW00093987,"LUFKIN ANGELINA CO AIRPORT, TX US",31.23593,-94.75468,87.1,9/17/2021,0,NA,33.3,22.2
USW00093987,"LUFKIN ANGELINA CO AIRPORT, TX US",31.23593,-94.75468,87.1,9/18/2021,0,NA,32.8,22.2
USW00093987,"LUFKIN ANGELINA CO AIRPORT, TX US",31.23593,-94.75468,87.1,9/19/2021,0,NA,34.4,20.6
USW00093987,"LUFKIN ANGELINA CO AIRPORT, TX US",31.23593,-94.75468,87.1,9/20/2021,0,NA,35.6,22.2
USW00093987,"LUFKIN ANGELINA CO AIRPORT, TX US",31.23593,-94.75468,87.1,9/21/2021,0,NA,36.1,23.9
USW00093987,"LUFKIN ANGELINA CO AIRPORT, TX US",31.23593,-94.75468,87.1,9/22/2021,0,NA,29.4,13.3
USW00093987,"LUFKIN ANGELINA CO AIRPORT, TX US",31.23593,-94.75468,87.1,9/23/2021,0,NA,30.6,10
USW00093987,"LUFKIN ANGELINA CO AIRPORT, TX US",31.23593,-94.75468,87.1,9/24/2021,0,NA,30,12.2
USW00093987,"LUFKIN ANGELINA CO AIRPORT, TX US",31.23593,-94.75468,87.1,9/25/2021,0,NA,31.7,12.2
USW00093987,"LUFKIN ANGELINA CO AIRPORT, TX US",31.23593,-94.75468,87.1,9/26/2021,0,NA,32.2,14.4
USW00093987,"LUFKIN ANGELINA CO AIRPORT, TX US",31.23593,-94.75468,87.1,9/27/2021,0,NA,33.3,15.6
USW00093987,"LUFKIN ANGELINA CO AIRPORT, TX US",31.23593,-94.75468,87.1,9/28/2021,0,NA,32.8,23.3
USW00093987,"LUFKIN ANGELINA CO AIRPORT, TX US",31.23593,-94.75468,87.1,9/29/2021,0.5,NA,30.6,21.7
USW00093987,"LUFKIN ANGELINA CO AIRPORT, TX US",31.23593,-94.75468,87.1,9/30/2021,8.1,NA,33.9,22.8
USW00093987,"LUFKIN ANGELINA CO AIRPORT, TX US",31.23593,-94.75468,87.1,10/1/2021,15.2,NA,24.4,22.2
USW00093987,"LUFKIN ANGELINA CO AIRPORT, TX US",31.23593,-94.75468,87.1,10/2/2021,0,NA,30.6,22.8
USW00093987,"LUFKIN ANGELINA CO AIRPORT, TX US",31.23593,-94.75468,87.1,10/3/2021,0,NA,32.8,19.4
USW00093987,"LUFKIN ANGELINA CO AIRPORT, TX US",31.23593,-94.75468,87.1,10/4/2021,0,NA,31.1,17.2
USW00093987,"LUFKIN ANGELINA CO AIRPORT, TX US",31.23593,-94.75468,87.1,10/5/2021,0,NA,31.7,15.6
USW00093987,"LUFKIN ANGELINA CO AIRPORT, TX US",31.23593,-94.75468,87.1,10/6/2021,0,NA,31.7,15
USW00093987,"LUFKIN ANGELINA CO AIRPORT, TX US",31.23593,-94.75468,87.1,10/7/2021,0,NA,32.8,14.4
USW00093987,"LUFKIN ANGELINA CO AIRPORT, TX US",31.23593,-94.75468,87.1,10/8/2021,0,NA,32.8,15.6
USW00093987,"LUFKIN ANGELINA CO AIRPORT, TX US",31.23593,-94.75468,87.1,10/9/2021,0,NA,32.2,16.1
USW00093987,"LUFKIN ANGELINA CO AIRPORT, TX US",31.23593,-94.75468,87.1,10/10/2021,0,NA,32.2,18.9
USW00093987,"LUFKIN ANGELINA CO AIRPORT, TX US",31.23593,-94.75468,87.1,10/11/2021,14.5,NA,30,18.3
USW00093987,"LUFKIN ANGELINA CO AIRPORT, TX US",31.23593,-94.75468,87.1,10/12/2021,0.3,NA,32.8,18.3
USW00093987,"LUFKIN ANGELINA CO AIRPORT, TX US",31.23593,-94.75468,87.1,10/13/2021,0,NA,32.8,22.8
USW00093987,"LUFKIN ANGELINA CO AIRPORT, TX US",31.23593,-94.75468,87.1,10/14/2021,3.8,NA,27.8,22.8
USW00093987,"LUFKIN ANGELINA CO AIRPORT, TX US",31.23593,-94.75468,87.1,10/15/2021,0,NA,33.3,18.3
USW00093987,"LUFKIN ANGELINA CO AIRPORT, TX US",31.23593,-94.75468,87.1,10/16/2021,0,NA,25,8.9
USW00093987,"LUFKIN ANGELINA CO AIRPORT, TX US",31.23593,-94.75468,87.1,10/17/2021,0,NA,25,6.1
USW00093987,"LUFKIN ANGELINA CO AIRPORT, TX US",31.23593,-94.75468,87.1,10/18/2021,0,NA,25,8.3
USW00093987,"LUFKIN ANGELINA CO AIRPORT, TX US",31.23593,-94.75468,87.1,10/19/2021,0,NA,28.3,7.8
USW00093987,"LUFKIN ANGELINA CO AIRPORT, TX US",31.23593,-94.75468,87.1,10/20/2021,0,NA,31.7,13.9
USW00093987,"LUFKIN ANGELINA CO AIRPORT, TX US",31.23593,-94.75468,87.1,10/21/2021,0,NA,33.3,18.3
USW00093987,"LUFKIN ANGELINA CO AIRPORT, TX US",31.23593,-94.75468,87.1,10/22/2021,0,NA,31.7,19.4
USW00093987,"LUFKIN ANGELINA CO AIRPORT, TX US",31.23593,-94.75468,87.1,10/23/2021,1.3,NA,30.6,18.3
USW00093987,"LUFKIN ANGELINA CO AIRPORT, TX US",31.23593,-94.75468,87.1,10/24/2021,0,NA,31.1,17.2
USW00093987,"LUFKIN ANGELINA CO AIRPORT, TX US",31.23593,-94.75468,87.1,10/25/2021,0,NA,33.3,21.7
USW00093987,"LUFKIN ANGELINA CO AIRPORT, TX US",31.23593,-94.75468,87.1,10/26/2021,0,NA,30.6,20.6
USW00093987,"LUFKIN ANGELINA CO AIRPORT, TX US",31.23593,-94.75468,87.1,10/27/2021,16.8,NA,25.6,15
USW00093987,"LUFKIN ANGELINA CO AIRPORT, TX US",31.23593,-94.75468,87.1,10/28/2021,0,NA,23.9,12.8
USW00093987,"LUFKIN ANGELINA CO AIRPORT, TX US",31.23593,-94.75468,87.1,10/29/2021,0,NA,21.7,8.3
USW00093987,"LUFKIN ANGELINA CO AIRPORT, TX US",31.23593,-94.75468,87.1,10/30/2021,0,NA,24.4,4.4
USW00093987,"LUFKIN ANGELINA CO AIRPORT, TX US",31.23593,-94.75468,87.1,10/31/2021,0,NA,28.3,5
USW00093987,"LUFKIN ANGELINA CO AIRPORT, TX US",31.23593,-94.75468,87.1,11/1/2021,0,NA,26.1,7.2
USW00093987,"LUFKIN ANGELINA CO AIRPORT, TX US",31.23593,-94.75468,87.1,11/2/2021,0,NA,26.7,8.9
USW00093987,"LUFKIN ANGELINA CO AIRPORT, TX US",31.23593,-94.75468,87.1,11/3/2021,17.3,NA,16.1,8.9
USW00093987,"LUFKIN ANGELINA CO AIRPORT, TX US",31.23593,-94.75468,87.1,11/4/2021,0,NA,17.2,5.6
USW00093987,"LUFKIN ANGELINA CO AIRPORT, TX US",31.23593,-94.75468,87.1,11/5/2021,0,NA,17.8,2.8
USW00093987,"LUFKIN ANGELINA CO AIRPORT, TX US",31.23593,-94.75468,87.1,11/6/2021,0,NA,20,2.2
USW00093987,"LUFKIN ANGELINA CO AIRPORT, TX US",31.23593,-94.75468,87.1,11/7/2021,0,NA,21.7,3.3
USW00093987,"LUFKIN ANGELINA CO AIRPORT, TX US",31.23593,-94.75468,87.1,11/8/2021,0,NA,24.4,4.4
USW00093987,"LUFKIN ANGELINA CO AIRPORT, TX US",31.23593,-94.75468,87.1,11/9/2021,0,NA,24.4,8.9
USW00093987,"LUFKIN ANGELINA CO AIRPORT, TX US",31.23593,-94.75468,87.1,11/10/2021,0,NA,25,11.7
USW00093987,"LUFKIN ANGELINA CO AIRPORT, TX US",31.23593,-94.75468,87.1,11/11/2021,23.1,NA,23.3,10
USW00093987,"LUFKIN ANGELINA CO AIRPORT, TX US",31.23593,-94.75468,87.1,11/12/2021,0,NA,23.9,5.6
USW00093987,"LUFKIN ANGELINA CO AIRPORT, TX US",31.23593,-94.75468,87.1,11/13/2021,0,NA,17.8,2.2
USW00093987,"LUFKIN ANGELINA CO AIRPORT, TX US",31.23593,-94.75468,87.1,11/14/2021,0,NA,24.4,3.9
USW00093987,"LUFKIN ANGELINA CO AIRPORT, TX US",31.23593,-94.75468,87.1,11/15/2021,0,NA,26.7,9.4
USW00093987,"LUFKIN ANGELINA CO AIRPORT, TX US",31.23593,-94.75468,87.1,11/16/2021,0,NA,27.2,13.9
USW00093987,"LUFKIN ANGELINA CO AIRPORT, TX US",31.23593,-94.75468,87.1,11/17/2021,0,NA,28.9,16.1
USW00093987,"LUFKIN ANGELINA CO AIRPORT, TX US",31.23593,-94.75468,87.1,11/18/2021,0.3,NA,19.4,8.9
USW00093987,"LUFKIN ANGELINA CO AIRPORT, TX US",31.23593,-94.75468,87.1,11/19/2021,0,NA,18.3,3.9
USW00093987,"LUFKIN ANGELINA CO AIRPORT, TX US",31.23593,-94.75468,87.1,11/20/2021,0,NA,23.9,5
USW00093987,"LUFKIN ANGELINA CO AIRPORT, TX US",31.23593,-94.75468,87.1,11/21/2021,1.8,NA,23.3,14.4
USW00093987,"LUFKIN ANGELINA CO AIRPORT, TX US",31.23593,-94.75468,87.1,11/22/2021,0,NA,21.1,5.6
USW00093987,"LUFKIN ANGELINA CO AIRPORT, TX US",31.23593,-94.75468,87.1,11/23/2021,0,NA,20.6,2.8
USW00093987,"LUFKIN ANGELINA CO AIRPORT, TX US",31.23593,-94.75468,87.1,11/24/2021,0,NA,24.4,10
USW00093987,"LUFKIN ANGELINA CO AIRPORT, TX US",31.23593,-94.75468,87.1,11/25/2021,18.5,NA,20,8.9
USW00093987,"LUFKIN ANGELINA CO AIRPORT, TX US",31.23593,-94.75468,87.1,11/26/2021,0,NA,13.9,4.4
USW00093987,"LUFKIN ANGELINA CO AIRPORT, TX US",31.23593,-94.75468,87.1,11/27/2021,8.6,NA,11.7,3.9
USW00093987,"LUFKIN ANGELINA CO AIRPORT, TX US",31.23593,-94.75468,87.1,11/28/2021,2.5,NA,16.7,6.7
USW00093987,"LUFKIN ANGELINA CO AIRPORT, TX US",31.23593,-94.75468,87.1,11/29/2021,0,NA,21.1,2.8
USW00093987,"LUFKIN ANGELINA CO AIRPORT, TX US",31.23593,-94.75468,87.1,11/30/2021,0,NA,21.7,5
USW00093987,"LUFKIN ANGELINA CO AIRPORT, TX US",31.23593,-94.75468,87.1,12/1/2021,0,NA,24.4,7.8
USW00093987,"LUFKIN ANGELINA CO AIRPORT, TX US",31.23593,-94.75468,87.1,12/2/2021,0,NA,25,9.4
USW00093987,"LUFKIN ANGELINA CO AIRPORT, TX US",31.23593,-94.75468,87.1,12/3/2021,0,NA,25,15.6
USW00093987,"LUFKIN ANGELINA CO AIRPORT, TX US",31.23593,-94.75468,87.1,12/4/2021,0,NA,27.2,19.4
USW00093987,"LUFKIN ANGELINA CO AIRPORT, TX US",31.23593,-94.75468,87.1,12/5/2021,0,NA,25,20
USW00093987,"LUFKIN ANGELINA CO AIRPORT, TX US",31.23593,-94.75468,87.1,12/6/2021,18.3,NA,22.8,11.1
USW00093987,"LUFKIN ANGELINA CO AIRPORT, TX US",31.23593,-94.75468,87.1,12/7/2021,0,NA,16.1,8.3
USW00093987,"LUFKIN ANGELINA CO AIRPORT, TX US",31.23593,-94.75468,87.1,12/8/2021,0,NA,17.8,9.4
USW00093987,"LUFKIN ANGELINA CO AIRPORT, TX US",31.23593,-94.75468,87.1,12/9/2021,0,NA,27.2,13.3
USW00093987,"LUFKIN ANGELINA CO AIRPORT, TX US",31.23593,-94.75468,87.1,12/10/2021,0,NA,28.3,22.2
USW00093987,"LUFKIN ANGELINA CO AIRPORT, TX US",31.23593,-94.75468,87.1,12/11/2021,11.2,NA,23.9,4.4
USW00093987,"LUFKIN ANGELINA CO AIRPORT, TX US",31.23593,-94.75468,87.1,12/12/2021,0,NA,16.1,-0.5
USW00093987,"LUFKIN ANGELINA CO AIRPORT, TX US",31.23593,-94.75468,87.1,12/13/2021,0.3,NA,17.8,5
USW00093987,"LUFKIN ANGELINA CO AIRPORT, TX US",31.23593,-94.75468,87.1,12/14/2021,0,NA,25.6,16.7
USW00093987,"LUFKIN ANGELINA CO AIRPORT, TX US",31.23593,-94.75468,87.1,12/15/2021,0,NA,27.2,20
USW00093987,"LUFKIN ANGELINA CO AIRPORT, TX US",31.23593,-94.75468,87.1,12/16/2021,0,NA,27.8,21.1
USW00093987,"LUFKIN ANGELINA CO AIRPORT, TX US",31.23593,-94.75468,87.1,12/17/2021,0,NA,26.7,18.9
USW00093987,"LUFKIN ANGELINA CO AIRPORT, TX US",31.23593,-94.75468,87.1,12/18/2021,28.2,NA,22.2,10
USW00093987,"LUFKIN ANGELINA CO AIRPORT, TX US",31.23593,-94.75468,87.1,12/19/2021,0,NA,13.3,4.4
USW00093987,"LUFKIN ANGELINA CO AIRPORT, TX US",31.23593,-94.75468,87.1,12/20/2021,2.3,NA,10.6,3.3
USW00093987,"LUFKIN ANGELINA CO AIRPORT, TX US",31.23593,-94.75468,87.1,12/21/2021,0,NA,15,0
USW00093987,"LUFKIN ANGELINA CO AIRPORT, TX US",31.23593,-94.75468,87.1,12/22/2021,0,NA,20,2.2
USW00093987,"LUFKIN ANGELINA CO AIRPORT, TX US",31.23593,-94.75468,87.1,12/23/2021,0,NA,23.3,8.3
USW00093987,"LUFKIN ANGELINA CO AIRPORT, TX US",31.23593,-94.75468,87.1,12/24/2021,0,NA,26.1,13.9
USW00093987,"LUFKIN ANGELINA CO AIRPORT, TX US",31.23593,-94.75468,87.1,12/25/2021,0,NA,23.9,16.1
USW00093987,"LUFKIN ANGELINA CO AIRPORT, TX US",31.23593,-94.75468,87.1,12/26/2021,0,NA,26.7,15
USW00093987,"LUFKIN ANGELINA CO AIRPORT, TX US",31.23593,-94.75468,87.1,12/27/2021,0,NA,27.2,17.8
USW00093987,"LUFKIN ANGELINA CO AIRPORT, TX US",31.23593,-94.75468,87.1,12/28/2021,0,NA,25.6,18.9
USW00093987,"LUFKIN ANGELINA CO AIRPORT, TX US",31.23593,-94.75468,87.1,12/29/2021,0,NA,27.8,17.8
USW00093987,"LUFKIN ANGELINA CO AIRPORT, TX US",31.23593,-94.75468,87.1,12/30/2021,0,NA,27.8,13.3
USW00093987,"LUFKIN ANGELINA CO AIRPORT, TX US",31.23593,-94.75468,87.1,12/31/2021,0,NA,27.8,18.3
USW00093987,"LUFKIN ANGELINA CO AIRPORT, TX US",31.23593,-94.75468,87.1,1/1/2022,0,NA,28.3,10.6
USW00093987,"LUFKIN ANGELINA CO AIRPORT, TX US",31.23593,-94.75468,87.1,1/2/2022,1.8,NA,10.6,-2.7
USW00093987,"LUFKIN ANGELINA CO AIRPORT, TX US",31.23593,-94.75468,87.1,1/3/2022,0,NA,11.1,-4.9
USW00093987,"LUFKIN ANGELINA CO AIRPORT, TX US",31.23593,-94.75468,87.1,1/4/2022,0,NA,17.2,-1.6
USW00093987,"LUFKIN ANGELINA CO AIRPORT, TX US",31.23593,-94.75468,87.1,1/5/2022,0,NA,23.3,6.7
USW00093987,"LUFKIN ANGELINA CO AIRPORT, TX US",31.23593,-94.75468,87.1,1/6/2022,0,NA,17.8,3.3
USW00093987,"LUFKIN ANGELINA CO AIRPORT, TX US",31.23593,-94.75468,87.1,1/7/2022,0,NA,11.7,0
USW00093987,"LUFKIN ANGELINA CO AIRPORT, TX US",31.23593,-94.75468,87.1,1/8/2022,13.7,NA,21.1,8.9
USW00093987,"LUFKIN ANGELINA CO AIRPORT, TX US",31.23593,-94.75468,87.1,1/9/2022,18,NA,24.4,11.7
USW00093987,"LUFKIN ANGELINA CO AIRPORT, TX US",31.23593,-94.75468,87.1,1/10/2022,0,NA,13.9,1.1
USW00093987,"LUFKIN ANGELINA CO AIRPORT, TX US",31.23593,-94.75468,87.1,1/11/2022,0,NA,14.4,-1.6
USW00093987,"LUFKIN ANGELINA CO AIRPORT, TX US",31.23593,-94.75468,87.1,1/12/2022,0,NA,17.8,5.6
USW00093987,"LUFKIN ANGELINA CO AIRPORT, TX US",31.23593,-94.75468,87.1,1/13/2022,0,NA,22.8,3.3
USW00093987,"LUFKIN ANGELINA CO AIRPORT, TX US",31.23593,-94.75468,87.1,1/14/2022,0,NA,23.3,3.3
USW00093987,"LUFKIN ANGELINA CO AIRPORT, TX US",31.23593,-94.75468,87.1,1/15/2022,0,NA,15,-0.5
USW00093987,"LUFKIN ANGELINA CO AIRPORT, TX US",31.23593,-94.75468,87.1,1/16/2022,0,NA,12.8,-1.6
USW00093987,"LUFKIN ANGELINA CO AIRPORT, TX US",31.23593,-94.75468,87.1,1/17/2022,0,NA,18.3,-1.6
USW00093987,"LUFKIN ANGELINA CO AIRPORT, TX US",31.23593,-94.75468,87.1,1/18/2022,0,NA,22.2,2.2
USW00093987,"LUFKIN ANGELINA CO AIRPORT, TX US",31.23593,-94.75468,87.1,1/19/2022,35.1,NA,26.1,8.9
USW00093987,"LUFKIN ANGELINA CO AIRPORT, TX US",31.23593,-94.75468,87.1,1/20/2022,0,NA,8.9,3.3
USW00093987,"LUFKIN ANGELINA CO AIRPORT, TX US",31.23593,-94.75468,87.1,1/21/2022,0,NA,8.9,-1.6
USW00093987,"LUFKIN ANGELINA CO AIRPORT, TX US",31.23593,-94.75468,87.1,1/22/2022,0,NA,11.1,-3.8
USW00093987,"LUFKIN ANGELINA CO AIRPORT, TX US",31.23593,-94.75468,87.1,1/23/2022,0,NA,17.2,-3.8
USW00093987,"LUFKIN ANGELINA CO AIRPORT, TX US",31.23593,-94.75468,87.1,1/24/2022,13.5,NA,10.6,2.8
USW00093987,"LUFKIN ANGELINA CO AIRPORT, TX US",31.23593,-94.75468,87.1,1/25/2022,3,NA,13.3,4.4
USW00093987,"LUFKIN ANGELINA CO AIRPORT, TX US",31.23593,-94.75468,87.1,1/26/2022,0,NA,11.7,0
USW00093987,"LUFKIN ANGELINA CO AIRPORT, TX US",31.23593,-94.75468,87.1,1/27/2022,0,NA,15.6,2.2
USW00093987,"LUFKIN ANGELINA CO AIRPORT, TX US",31.23593,-94.75468,87.1,1/28/2022,0,NA,13.9,0.6
USW00093987,"LUFKIN ANGELINA CO AIRPORT, TX US",31.23593,-94.75468,87.1,1/29/2022,0,NA,16.7,-2.1
USW00093987,"LUFKIN ANGELINA CO AIRPORT, TX US",31.23593,-94.75468,87.1,1/30/2022,0,NA,20.6,0.6
USW00093987,"LUFKIN ANGELINA CO AIRPORT, TX US",31.23593,-94.75468,87.1,1/31/2022,1.3,NA,17.2,5.6
USW00093987,"LUFKIN ANGELINA CO AIRPORT, TX US",31.23593,-94.75468,87.1,2/1/2022,1,NA,20.6,12.8
USW00093987,"LUFKIN ANGELINA CO AIRPORT, TX US",31.23593,-94.75468,87.1,2/2/2022,2.3,NA,21.7,7.8
USW00093987,"LUFKIN ANGELINA CO AIRPORT, TX US",31.23593,-94.75468,87.1,2/3/2022,12.2,NA,7.8,-2.1
USW00093987,"LUFKIN ANGELINA CO AIRPORT, TX US",31.23593,-94.75468,87.1,2/4/2022,0,NA,0.6,-2.7
USW00093987,"LUFKIN ANGELINA CO AIRPORT, TX US",31.23593,-94.75468,87.1,2/5/2022,0,NA,10.6,-6
USW00093987,"LUFKIN ANGELINA CO AIRPORT, TX US",31.23593,-94.75468,87.1,2/6/2022,0,NA,15,-4.3
USW00093987,"LUFKIN ANGELINA CO AIRPORT, TX US",31.23593,-94.75468,87.1,2/7/2022,0,NA,16.7,-1
USW00093987,"LUFKIN ANGELINA CO AIRPORT, TX US",31.23593,-94.75468,87.1,2/8/2022,0,NA,18.3,-2.1
USW00093987,"LUFKIN ANGELINA CO AIRPORT, TX US",31.23593,-94.75468,87.1,2/9/2022,0,NA,22.2,0.6
USW00093987,"LUFKIN ANGELINA CO AIRPORT, TX US",31.23593,-94.75468,87.1,2/10/2022,0,NA,22.8,2.2
USW00093987,"LUFKIN ANGELINA CO AIRPORT, TX US",31.23593,-94.75468,87.1,2/11/2022,0,NA,23.3,5
USW00093987,"LUFKIN ANGELINA CO AIRPORT, TX US",31.23593,-94.75468,87.1,2/12/2022,4.1,NA,11.7,-1
USW00093987,"LUFKIN ANGELINA CO AIRPORT, TX US",31.23593,-94.75468,87.1,2/13/2022,0,NA,15.6,-5.5
USW00093987,"LUFKIN ANGELINA CO AIRPORT, TX US",31.23593,-94.75468,87.1,2/14/2022,0,NA,21.1,-1
USW00093987,"LUFKIN ANGELINA CO AIRPORT, TX US",31.23593,-94.75468,87.1,2/15/2022,0,NA,21.7,2.8
USW00093987,"LUFKIN ANGELINA CO AIRPORT, TX US",31.23593,-94.75468,87.1,2/16/2022,0.8,NA,26.1,15
USW00093987,"LUFKIN ANGELINA CO AIRPORT, TX US",31.23593,-94.75468,87.1,2/17/2022,7.1,NA,23.3,3.3
USW00093987,"LUFKIN ANGELINA CO AIRPORT, TX US",31.23593,-94.75468,87.1,2/18/2022,0,NA,13.9,1.1
USW00093987,"LUFKIN ANGELINA CO AIRPORT, TX US",31.23593,-94.75468,87.1,2/19/2022,0,NA,19.4,-2.1
USW00093987,"LUFKIN ANGELINA CO AIRPORT, TX US",31.23593,-94.75468,87.1,2/20/2022,0,NA,18.3,1.7
USW00093987,"LUFKIN ANGELINA CO AIRPORT, TX US",31.23593,-94.75468,87.1,2/21/2022,1.3,NA,27.8,13.9
USW00093987,"LUFKIN ANGELINA CO AIRPORT, TX US",31.23593,-94.75468,87.1,2/22/2022,0,NA,26.7,12.8
USW00093987,"LUFKIN ANGELINA CO AIRPORT, TX US",31.23593,-94.75468,87.1,2/23/2022,0,NA,12.8,2.8
USW00093987,"LUFKIN ANGELINA CO AIRPORT, TX US",31.23593,-94.75468,87.1,2/24/2022,0.3,NA,6.1,2.8
USW00093987,"LUFKIN ANGELINA CO AIRPORT, TX US",31.23593,-94.75468,87.1,2/25/2022,0.5,NA,6.1,1.1
USW00093987,"LUFKIN ANGELINA CO AIRPORT, TX US",31.23593,-94.75468,87.1,2/26/2022,15.2,NA,4.4,2.2
USW00093987,"LUFKIN ANGELINA CO AIRPORT, TX US",31.23593,-94.75468,87.1,2/27/2022,0,NA,14.4,1.1
USW00093987,"LUFKIN ANGELINA CO AIRPORT, TX US",31.23593,-94.75468,87.1,2/28/2022,0,NA,19.4,-2.1
USW00093987,"LUFKIN ANGELINA CO AIRPORT, TX US",31.23593,-94.75468,87.1,3/1/2022,0,NA,21.7,0
USW00093987,"LUFKIN ANGELINA CO AIRPORT, TX US",31.23593,-94.75468,87.1,3/2/2022,0,NA,23.9,5.6
USW00093987,"LUFKIN ANGELINA CO AIRPORT, TX US",31.23593,-94.75468,87.1,3/3/2022,0,NA,25,7.2
USW00093987,"LUFKIN ANGELINA CO AIRPORT, TX US",31.23593,-94.75468,87.1,3/4/2022,0,NA,23.3,8.3
USW00093987,"LUFKIN ANGELINA CO AIRPORT, TX US",31.23593,-94.75468,87.1,3/5/2022,0,NA,27.8,16.7
USW00093987,"LUFKIN ANGELINA CO AIRPORT, TX US",31.23593,-94.75468,87.1,3/6/2022,1.3,NA,27.8,18.9
USW00093987,"LUFKIN ANGELINA CO AIRPORT, TX US",31.23593,-94.75468,87.1,3/7/2022,4.6,NA,21.7,7.2
USW00093987,"LUFKIN ANGELINA CO AIRPORT, TX US",31.23593,-94.75468,87.1,3/8/2022,29.7,NA,7.8,5
USW00093987,"LUFKIN ANGELINA CO AIRPORT, TX US",31.23593,-94.75468,87.1,3/9/2022,0,NA,13.9,3.3
USW00093987,"LUFKIN ANGELINA CO AIRPORT, TX US",31.23593,-94.75468,87.1,3/10/2022,0,NA,21.1,3.9
USW00093987,"LUFKIN ANGELINA CO AIRPORT, TX US",31.23593,-94.75468,87.1,3/11/2022,0.5,NA,17.2,2.2
USW00093987,"LUFKIN ANGELINA CO AIRPORT, TX US",31.23593,-94.75468,87.1,3/12/2022,0,NA,13.3,-2.1
USW00093987,"LUFKIN ANGELINA CO AIRPORT, TX US",31.23593,-94.75468,87.1,3/13/2022,0,NA,18.9,-0.5
USW00093987,"LUFKIN ANGELINA CO AIRPORT, TX US",31.23593,-94.75468,87.1,3/14/2022,17,NA,22.2,8.9
USW00093987,"LUFKIN ANGELINA CO AIRPORT, TX US",31.23593,-94.75468,87.1,3/15/2022,0,NA,21.1,8.9
USW00093987,"LUFKIN ANGELINA CO AIRPORT, TX US",31.23593,-94.75468,87.1,3/16/2022,0,NA,25.6,6.1
USW00093987,"LUFKIN ANGELINA CO AIRPORT, TX US",31.23593,-94.75468,87.1,3/17/2022,3.6,NA,25,9.4
USW00093987,"LUFKIN ANGELINA CO AIRPORT, TX US",31.23593,-94.75468,87.1,3/18/2022,0,NA,20.6,7.8
USW00093987,"LUFKIN ANGELINA CO AIRPORT, TX US",31.23593,-94.75468,87.1,3/19/2022,0,NA,23.9,2.8
USW00093987,"LUFKIN ANGELINA CO AIRPORT, TX US",31.23593,-94.75468,87.1,3/20/2022,0,NA,26.7,4.4
USW00093987,"LUFKIN ANGELINA CO AIRPORT, TX US",31.23593,-94.75468,87.1,3/21/2022,2.3,NA,22.8,14.4
USW00093987,"LUFKIN ANGELINA CO AIRPORT, TX US",31.23593,-94.75468,87.1,3/22/2022,6.1,NA,22.8,8.9
USW00093987,"LUFKIN ANGELINA CO AIRPORT, TX US",31.23593,-94.75468,87.1,3/23/2022,0,NA,18.9,5
USW00093987,"LUFKIN ANGELINA CO AIRPORT, TX US",31.23593,-94.75468,87.1,3/24/2022,0,NA,19.4,4.4
USW00093987,"LUFKIN ANGELINA CO AIRPORT, TX US",31.23593,-94.75468,87.1,3/25/2022,0,NA,26.7,3.3
USW00093987,"LUFKIN ANGELINA CO AIRPORT, TX US",31.23593,-94.75468,87.1,3/26/2022,0,NA,28.9,6.7
USW00093987,"LUFKIN ANGELINA CO AIRPORT, TX US",31.23593,-94.75468,87.1,3/27/2022,0,NA,30,11.1
USW00093987,"LUFKIN ANGELINA CO AIRPORT, TX US",31.23593,-94.75468,87.1,3/28/2022,0,NA,28.3,13.9
USW00093987,"LUFKIN ANGELINA CO AIRPORT, TX US",31.23593,-94.75468,87.1,3/29/2022,0,NA,28.3,20
USW00093987,"LUFKIN ANGELINA CO AIRPORT, TX US",31.23593,-94.75468,87.1,3/30/2022,14,NA,25,12.2
USW00093987,"LUFKIN ANGELINA CO AIRPORT, TX US",31.23593,-94.75468,87.1,3/31/2022,0,NA,22.2,5.6
USW00093987,"LUFKIN ANGELINA CO AIRPORT, TX US",31.23593,-94.75468,87.1,4/1/2022,0,NA,24.4,7.2
USW00093987,"LUFKIN ANGELINA CO AIRPORT, TX US",31.23593,-94.75468,87.1,4/2/2022,0.3,NA,28.3,10
USW00093987,"LUFKIN ANGELINA CO AIRPORT, TX US",31.23593,-94.75468,87.1,4/3/2022,0,NA,29.4,12.8
USW00093987,"LUFKIN ANGELINA CO AIRPORT, TX US",31.23593,-94.75468,87.1,4/4/2022,0.8,NA,26.7,12.2
USW00093987,"LUFKIN ANGELINA CO AIRPORT, TX US",31.23593,-94.75468,87.1,4/5/2022,13,NA,30.6,17.2
USW00093987,"LUFKIN ANGELINA CO AIRPORT, TX US",31.23593,-94.75468,87.1,4/6/2022,0,NA,26.1,12.2
USW00093987,"LUFKIN ANGELINA CO AIRPORT, TX US",31.23593,-94.75468,87.1,4/7/2022,0,NA,22.8,7.2
USW00093987,"LUFKIN ANGELINA CO AIRPORT, TX US",31.23593,-94.75468,87.1,4/8/2022,0,NA,21.1,5
USW00093987,"LUFKIN ANGELINA CO AIRPORT, TX US",31.23593,-94.75468,87.1,4/9/2022,0,NA,28.3,3.3
USW00093987,"LUFKIN ANGELINA CO AIRPORT, TX US",31.23593,-94.75468,87.1,4/10/2022,0,NA,27.2,14.4
USW00093987,"LUFKIN ANGELINA CO AIRPORT, TX US",31.23593,-94.75468,87.1,4/11/2022,0,NA,30,20
USW00093987,"LUFKIN ANGELINA CO AIRPORT, TX US",31.23593,-94.75468,87.1,4/12/2022,1,NA,26.7,17.8
USW00093987,"LUFKIN ANGELINA CO AIRPORT, TX US",31.23593,-94.75468,87.1,4/13/2022,5.1,NA,25.6,16.1
USW00093987,"LUFKIN ANGELINA CO AIRPORT, TX US",31.23593,-94.75468,87.1,4/14/2022,0,NA,26.7,8.3
USW00093987,"LUFKIN ANGELINA CO AIRPORT, TX US",31.23593,-94.75468,87.1,4/15/2022,0,NA,26.7,11.7
USW00093987,"LUFKIN ANGELINA CO AIRPORT, TX US",31.23593,-94.75468,87.1,4/16/2022,0,NA,30.6,21.7
USW00093987,"LUFKIN ANGELINA CO AIRPORT, TX US",31.23593,-94.75468,87.1,4/17/2022,0,NA,30,18.9
USW00093987,"LUFKIN ANGELINA CO AIRPORT, TX US",31.23593,-94.75468,87.1,4/18/2022,0,NA,24.4,13.9
USW00093987,"LUFKIN ANGELINA CO AIRPORT, TX US",31.23593,-94.75468,87.1,4/19/2022,0,NA,25.6,9.4
USW00093987,"LUFKIN ANGELINA CO AIRPORT, TX US",31.23593,-94.75468,87.1,4/20/2022,0,NA,27.8,17.2
USW00093987,"LUFKIN ANGELINA CO AIRPORT, TX US",31.23593,-94.75468,87.1,4/21/2022,0,NA,28.9,20.6
USW00093987,"LUFKIN ANGELINA CO AIRPORT, TX US",31.23593,-94.75468,87.1,4/22/2022,0,NA,30,19.4
USW00093987,"LUFKIN ANGELINA CO AIRPORT, TX US",31.23593,-94.75468,87.1,4/23/2022,0,NA,30,18.9
USW00093987,"LUFKIN ANGELINA CO AIRPORT, TX US",31.23593,-94.75468,87.1,4/24/2022,0.5,NA,31.1,21.1
USW00093987,"LUFKIN ANGELINA CO AIRPORT, TX US",31.23593,-94.75468,87.1,4/25/2022,48.5,NA,23.9,17.2
USW00093987,"LUFKIN ANGELINA CO AIRPORT, TX US",31.23593,-94.75468,87.1,4/26/2022,0,NA,25,14.4
USW00093987,"LUFKIN ANGELINA CO AIRPORT, TX US",31.23593,-94.75468,87.1,4/27/2022,0,NA,26.7,11.7
USW00093987,"LUFKIN ANGELINA CO AIRPORT, TX US",31.23593,-94.75468,87.1,4/28/2022,0,NA,28.9,13.3
USW00093987,"LUFKIN ANGELINA CO AIRPORT, TX US",31.23593,-94.75468,87.1,4/29/2022,0,NA,30,16.1
USW00093987,"LUFKIN ANGELINA CO AIRPORT, TX US",31.23593,-94.75468,87.1,4/30/2022,0,NA,31.1,20.6
USW00093987,"LUFKIN ANGELINA CO AIRPORT, TX US",31.23593,-94.75468,87.1,5/1/2022,1,NA,31.7,21.7
USW00093987,"LUFKIN ANGELINA CO AIRPORT, TX US",31.23593,-94.75468,87.1,5/2/2022,0.3,NA,31.1,21.1
USW00093987,"LUFKIN ANGELINA CO AIRPORT, TX US",31.23593,-94.75468,87.1,5/3/2022,1.3,NA,29.4,18.9
USW00093987,"LUFKIN ANGELINA CO AIRPORT, TX US",31.23593,-94.75468,87.1,5/4/2022,0,NA,32.2,22.2
USW00093987,"LUFKIN ANGELINA CO AIRPORT, TX US",31.23593,-94.75468,87.1,5/5/2022,21.8,NA,31.1,18.9
USW00093987,"LUFKIN ANGELINA CO AIRPORT, TX US",31.23593,-94.75468,87.1,5/6/2022,0,NA,30,16.1
USW00093987,"LUFKIN ANGELINA CO AIRPORT, TX US",31.23593,-94.75468,87.1,5/7/2022,8.4,NA,32.2,20.6
USW00093987,"LUFKIN ANGELINA CO AIRPORT, TX US",31.23593,-94.75468,87.1,5/8/2022,0,NA,33.3,22.8
USW00093987,"LUFKIN ANGELINA CO AIRPORT, TX US",31.23593,-94.75468,87.1,5/9/2022,0,NA,33.9,23.9
USW00093987,"LUFKIN ANGELINA CO AIRPORT, TX US",31.23593,-94.75468,87.1,5/10/2022,0,NA,32.8,23.3
USW00093987,"LUFKIN ANGELINA CO AIRPORT, TX US",31.23593,-94.75468,87.1,5/11/2022,0,NA,33.3,20.6
USW00093987,"LUFKIN ANGELINA CO AIRPORT, TX US",31.23593,-94.75468,87.1,5/12/2022,0,NA,33.3,18.3
USW00093987,"LUFKIN ANGELINA CO AIRPORT, TX US",31.23593,-94.75468,87.1,5/13/2022,0,NA,32.8,18.3
USW00093987,"LUFKIN ANGELINA CO AIRPORT, TX US",31.23593,-94.75468,87.1,5/14/2022,0,NA,31.7,20.6
USW00093987,"LUFKIN ANGELINA CO AIRPORT, TX US",31.23593,-94.75468,87.1,5/15/2022,0,NA,32.2,20.6
USW00093987,"LUFKIN ANGELINA CO AIRPORT, TX US",31.23593,-94.75468,87.1,5/16/2022,0.8,NA,33.9,20.6
USW00093987,"LUFKIN ANGELINA CO AIRPORT, TX US",31.23593,-94.75468,87.1,5/17/2022,0,NA,33.9,20
USW00093987,"LUFKIN ANGELINA CO AIRPORT, TX US",31.23593,-94.75468,87.1,5/18/2022,0,NA,34.4,22.2
USW00093987,"LUFKIN ANGELINA CO AIRPORT, TX US",31.23593,-94.75468,87.1,5/19/2022,0,NA,33.9,21.7
USW00093987,"LUFKIN ANGELINA CO AIRPORT, TX US",31.23593,-94.75468,87.1,5/20/2022,0,NA,35,22.8
USW00093987,"LUFKIN ANGELINA CO AIRPORT, TX US",31.23593,-94.75468,87.1,5/21/2022,10.4,NA,35,21.1
USW00093987,"LUFKIN ANGELINA CO AIRPORT, TX US",31.23593,-94.75468,87.1,5/22/2022,10.2,NA,26.7,18.3
USW00093987,"LUFKIN ANGELINA CO AIRPORT, TX US",31.23593,-94.75468,87.1,5/23/2022,0,NA,25.6,18.9
USW00093987,"LUFKIN ANGELINA CO AIRPORT, TX US",31.23593,-94.75468,87.1,5/24/2022,10.9,NA,27.2,20.6
USW00093987,"LUFKIN ANGELINA CO AIRPORT, TX US",31.23593,-94.75468,87.1,5/25/2022,19,NA,27.2,15.6
USW00093987,"LUFKIN ANGELINA CO AIRPORT, TX US",31.23593,-94.75468,87.1,5/26/2022,0,NA,32.2,14.4
USW00093987,"LUFKIN ANGELINA CO AIRPORT, TX US",31.23593,-94.75468,87.1,5/27/2022,0,NA,32.2,15
USW00093987,"LUFKIN ANGELINA CO AIRPORT, TX US",31.23593,-94.75468,87.1,5/28/2022,0,NA,33.3,15
USW00093987,"LUFKIN ANGELINA CO AIRPORT, TX US",31.23593,-94.75468,87.1,5/29/2022,0,NA,33.9,22.2
USW00093987,"LUFKIN ANGELINA CO AIRPORT, TX US",31.23593,-94.75468,87.1,5/30/2022,0,NA,33.9,22.2
USW00093987,"LUFKIN ANGELINA CO AIRPORT, TX US",31.23593,-94.75468,87.1,6/1/2022,1,NA,32.2,23.3
USW00093987,"LUFKIN ANGELINA CO AIRPORT, TX US",31.23593,-94.75468,87.1,6/2/2022,0,NA,30.6,21.7
USW00093987,"LUFKIN ANGELINA CO AIRPORT, TX US",31.23593,-94.75468,87.1,6/3/2022,0,NA,31.1,21.1
USW00093987,"LUFKIN ANGELINA CO AIRPORT, TX US",31.23593,-94.75468,87.1,6/4/2022,1.8,NA,32.2,21.7
USW00093987,"LUFKIN ANGELINA CO AIRPORT, TX US",31.23593,-94.75468,87.1,6/5/2022,0,NA,33.9,20.6
USW00093987,"LUFKIN ANGELINA CO AIRPORT, TX US",31.23593,-94.75468,87.1,6/6/2022,0,NA,34.4,23.3
USW00093987,"LUFKIN ANGELINA CO AIRPORT, TX US",31.23593,-94.75468,87.1,6/7/2022,0,NA,35,22.8
USW00093987,"LUFKIN ANGELINA CO AIRPORT, TX US",31.23593,-94.75468,87.1,6/8/2022,0,NA,35,23.3
USW00093987,"LUFKIN ANGELINA CO AIRPORT, TX US",31.23593,-94.75468,87.1,6/9/2022,0,NA,35.6,24.4
USW00093987,"LUFKIN ANGELINA CO AIRPORT, TX US",31.23593,-94.75468,87.1,6/10/2022,0,NA,36.1,23.3
USW00093987,"LUFKIN ANGELINA CO AIRPORT, TX US",31.23593,-94.75468,87.1,6/11/2022,0,NA,34.4,24.4
USW00093987,"LUFKIN ANGELINA CO AIRPORT, TX US",31.23593,-94.75468,87.1,6/12/2022,0,NA,37.2,25
USW00093987,"LUFKIN ANGELINA CO AIRPORT, TX US",31.23593,-94.75468,87.1,6/13/2022,0,NA,37.2,25
USW00093987,"LUFKIN ANGELINA CO AIRPORT, TX US",31.23593,-94.75468,87.1,6/14/2022,0,NA,36.1,24.4
USW00093987,"LUFKIN ANGELINA CO AIRPORT, TX US",31.23593,-94.75468,87.1,6/15/2022,0,NA,37.2,23.3
USW00093987,"LUFKIN ANGELINA CO AIRPORT, TX US",31.23593,-94.75468,87.1,6/16/2022,0,NA,38.3,22.8
USW00093987,"LUFKIN ANGELINA CO AIRPORT, TX US",31.23593,-94.75468,87.1,6/17/2022,0,NA,35,23.3
USW00093987,"LUFKIN ANGELINA CO AIRPORT, TX US",31.23593,-94.75468,87.1,6/18/2022,0,NA,36.7,22.2
USW00093987,"LUFKIN ANGELINA CO AIRPORT, TX US",31.23593,-94.75468,87.1,6/19/2022,0,NA,37.2,23.9
USW00093987,"LUFKIN ANGELINA CO AIRPORT, TX US",31.23593,-94.75468,87.1,6/20/2022,0,NA,37.8,22.2
USW00093987,"LUFKIN ANGELINA CO AIRPORT, TX US",31.23593,-94.75468,87.1,6/21/2022,0,NA,37.8,22.8
USW00093987,"LUFKIN ANGELINA CO AIRPORT, TX US",31.23593,-94.75468,87.1,6/22/2022,13,NA,36.1,22.8
USW00093987,"LUFKIN ANGELINA CO AIRPORT, TX US",31.23593,-94.75468,87.1,6/23/2022,0,NA,37.2,23.9
USW00093987,"LUFKIN ANGELINA CO AIRPORT, TX US",31.23593,-94.75468,87.1,6/24/2022,0,NA,38.3,23.3
USW00093987,"LUFKIN ANGELINA CO AIRPORT, TX US",31.23593,-94.75468,87.1,6/25/2022,0,NA,38.3,23.9
USW00093987,"LUFKIN ANGELINA CO AIRPORT, TX US",31.23593,-94.75468,87.1,6/26/2022,0,NA,38.9,22.8
USW00093987,"LUFKIN ANGELINA CO AIRPORT, TX US",31.23593,-94.75468,87.1,6/27/2022,0,NA,35,25.6
USW00093987,"LUFKIN ANGELINA CO AIRPORT, TX US",31.23593,-94.75468,87.1,6/28/2022,0,NA,35.6,22.8
USW00093987,"LUFKIN ANGELINA CO AIRPORT, TX US",31.23593,-94.75468,87.1,6/29/2022,0,NA,37.2,22.2
USW00093987,"LUFKIN ANGELINA CO AIRPORT, TX US",31.23593,-94.75468,87.1,6/30/2022,0,NA,32.8,22.8
USW00093987,"LUFKIN ANGELINA CO AIRPORT, TX US",31.23593,-94.75468,87.1,7/1/2022,18,NA,27.8,23.3
USW00093987,"LUFKIN ANGELINA CO AIRPORT, TX US",31.23593,-94.75468,87.1,7/2/2022,12.2,NA,33.3,23.9
USW00093987,"LUFKIN ANGELINA CO AIRPORT, TX US",31.23593,-94.75468,87.1,7/3/2022,0,NA,36.7,25
USW00093987,"LUFKIN ANGELINA CO AIRPORT, TX US",31.23593,-94.75468,87.1,7/4/2022,0,NA,36.7,23.3
USW00093987,"LUFKIN ANGELINA CO AIRPORT, TX US",31.23593,-94.75468,87.1,7/5/2022,0,NA,36.7,24.4
USW00093987,"LUFKIN ANGELINA CO AIRPORT, TX US",31.23593,-94.75468,87.1,7/6/2022,0,NA,36.1,24.4
USW00093987,"LUFKIN ANGELINA CO AIRPORT, TX US",31.23593,-94.75468,87.1,7/7/2022,0,NA,37.8,24.4
USW00093987,"LUFKIN ANGELINA CO AIRPORT, TX US",31.23593,-94.75468,87.1,7/8/2022,0,NA,38.3,25
USW00093987,"LUFKIN ANGELINA CO AIRPORT, TX US",31.23593,-94.75468,87.1,7/9/2022,0,NA,40.6,25.6
USW00093987,"LUFKIN ANGELINA CO AIRPORT, TX US",31.23593,-94.75468,87.1,7/10/2022,0,NA,41.1,27.2
USW00093987,"LUFKIN ANGELINA CO AIRPORT, TX US",31.23593,-94.75468,87.1,7/11/2022,0.3,NA,40.6,25
USW00093987,"LUFKIN ANGELINA CO AIRPORT, TX US",31.23593,-94.75468,87.1,7/12/2022,0,NA,40.6,25
USW00093987,"LUFKIN ANGELINA CO AIRPORT, TX US",31.23593,-94.75468,87.1,7/13/2022,0,NA,40,25.6
USW00093987,"LUFKIN ANGELINA CO AIRPORT, TX US",31.23593,-94.75468,87.1,7/14/2022,0.5,NA,36.1,23.9
USW00093987,"LUFKIN ANGELINA CO AIRPORT, TX US",31.23593,-94.75468,87.1,7/15/2022,0.5,NA,36.1,22.8
USW00093987,"LUFKIN ANGELINA CO AIRPORT, TX US",31.23593,-94.75468,87.1,7/16/2022,0,NA,37.2,21.7
USW00093987,"LUFKIN ANGELINA CO AIRPORT, TX US",31.23593,-94.75468,87.1,7/17/2022,0,NA,38.9,24.4
USW00093987,"LUFKIN ANGELINA CO AIRPORT, TX US",31.23593,-94.75468,87.1,7/18/2022,0,NA,38.9,26.7
USW00093987,"LUFKIN ANGELINA CO AIRPORT, TX US",31.23593,-94.75468,87.1,7/19/2022,0,NA,38.9,25
USW00093987,"LUFKIN ANGELINA CO AIRPORT, TX US",31.23593,-94.75468,87.1,7/20/2022,0,NA,40.6,25.6
USW00093987,"LUFKIN ANGELINA CO AIRPORT, TX US",31.23593,-94.75468,87.1,7/21/2022,0,NA,37.8,26.1
USW00093987,"LUFKIN ANGELINA CO AIRPORT, TX US",31.23593,-94.75468,87.1,7/22/2022,18.8,NA,35.6,23.9
USW00093987,"LUFKIN ANGELINA CO AIRPORT, TX US",31.23593,-94.75468,87.1,7/23/2022,0,NA,37.2,23.3
USW00093987,"LUFKIN ANGELINA CO AIRPORT, TX US",31.23593,-94.75468,87.1,7/24/2022,0,NA,38.9,23.9
USW00093987,"LUFKIN ANGELINA CO AIRPORT, TX US",31.23593,-94.75468,87.1,7/25/2022,0,NA,38.3,24.4
USW00093987,"LUFKIN ANGELINA CO AIRPORT, TX US",31.23593,-94.75468,87.1,7/26/2022,0,NA,38.3,24.4
USW00093987,"LUFKIN ANGELINA CO AIRPORT, TX US",31.23593,-94.75468,87.1,7/27/2022,0,NA,37.8,25
USW00093987,"LUFKIN ANGELINA CO AIRPORT, TX US",31.23593,-94.75468,87.1,7/28/2022,0,NA,37.8,23.9
USW00093987,"LUFKIN ANGELINA CO AIRPORT, TX US",31.23593,-94.75468,87.1,7/29/2022,0,NA,37.8,23.9
USW00093987,"LUFKIN ANGELINA CO AIRPORT, TX US",31.23593,-94.75468,87.1,7/30/2022,25.4,NA,38.3,25
USW00093987,"LUFKIN ANGELINA CO AIRPORT, TX US",31.23593,-94.75468,87.1,7/31/2022,0,NA,37.8,24.4
USW00093987,"LUFKIN ANGELINA CO AIRPORT, TX US",31.23593,-94.75468,87.1,8/1/2022,0,NA,37.2,23.9
USW00093987,"LUFKIN ANGELINA CO AIRPORT, TX US",31.23593,-94.75468,87.1,8/2/2022,0,NA,38.3,25
USW00093987,"LUFKIN ANGELINA CO AIRPORT, TX US",31.23593,-94.75468,87.1,8/3/2022,0,NA,38.9,24.4
USW00093987,"LUFKIN ANGELINA CO AIRPORT, TX US",31.23593,-94.75468,87.1,8/4/2022,0,NA,38.9,24.4
USW00093987,"LUFKIN ANGELINA CO AIRPORT, TX US",31.23593,-94.75468,87.1,8/5/2022,0,NA,38.3,24.4
USW00093987,"LUFKIN ANGELINA CO AIRPORT, TX US",31.23593,-94.75468,87.1,8/6/2022,16,NA,35.6,23.9
USW00093987,"LUFKIN ANGELINA CO AIRPORT, TX US",31.23593,-94.75468,87.1,8/7/2022,0,NA,37.8,23.3
USW00093987,"LUFKIN ANGELINA CO AIRPORT, TX US",31.23593,-94.75468,87.1,8/8/2022,0.3,NA,37.8,23.3
USW00093987,"LUFKIN ANGELINA CO AIRPORT, TX US",31.23593,-94.75468,87.1,8/9/2022,2.8,NA,35.6,23.3
USW00093987,"LUFKIN ANGELINA CO AIRPORT, TX US",31.23593,-94.75468,87.1,8/10/2022,0,NA,35,23.3
USW00093987,"LUFKIN ANGELINA CO AIRPORT, TX US",31.23593,-94.75468,87.1,8/11/2022,0.5,NA,37.2,22.8
USW00093987,"LUFKIN ANGELINA CO AIRPORT, TX US",31.23593,-94.75468,87.1,8/12/2022,0.5,NA,35.6,23.3
USW00093987,"LUFKIN ANGELINA CO AIRPORT, TX US",31.23593,-94.75468,87.1,8/13/2022,0,NA,36.1,23.9
USW00093987,"LUFKIN ANGELINA CO AIRPORT, TX US",31.23593,-94.75468,87.1,8/14/2022,0.5,NA,35.6,23.9
USW00093987,"LUFKIN ANGELINA CO AIRPORT, TX US",31.23593,-94.75468,87.1,8/15/2022,0,NA,38.9,22.8
USW00093987,"LUFKIN ANGELINA CO AIRPORT, TX US",31.23593,-94.75468,87.1,8/16/2022,0,NA,37.8,22.8
USW00093987,"LUFKIN ANGELINA CO AIRPORT, TX US",31.23593,-94.75468,87.1,8/17/2022,0,NA,40.6,24.4
USW00093987,"LUFKIN ANGELINA CO AIRPORT, TX US",31.23593,-94.75468,87.1,8/18/2022,94.5,NA,34.4,23.3
USW00093987,"LUFKIN ANGELINA CO AIRPORT, TX US",31.23593,-94.75468,87.1,8/19/2022,0,NA,29.4,22.8
USW00093987,"LUFKIN ANGELINA CO AIRPORT, TX US",31.23593,-94.75468,87.1,8/20/2022,7.6,NA,33.3,22.8
USW00093987,"LUFKIN ANGELINA CO AIRPORT, TX US",31.23593,-94.75468,87.1,8/21/2022,5.6,NA,32.8,23.3
USW00093987,"LUFKIN ANGELINA CO AIRPORT, TX US",31.23593,-94.75468,87.1,8/22/2022,28.7,NA,29.4,24.4
USW00093987,"LUFKIN ANGELINA CO AIRPORT, TX US",31.23593,-94.75468,87.1,8/23/2022,0,NA,31.1,23.9
USW00093987,"LUFKIN ANGELINA CO AIRPORT, TX US",31.23593,-94.75468,87.1,8/24/2022,10.4,NA,31.1,23.3
USW00093987,"LUFKIN ANGELINA CO AIRPORT, TX US",31.23593,-94.75468,87.1,8/25/2022,0,NA,31.7,22.8
USW00093987,"LUFKIN ANGELINA CO AIRPORT, TX US",31.23593,-94.75468,87.1,8/26/2022,0,NA,33.9,23.9
USW00093987,"LUFKIN ANGELINA CO AIRPORT, TX US",31.23593,-94.75468,87.1,8/27/2022,0,NA,34.4,23.9
USW00093987,"LUFKIN ANGELINA CO AIRPORT, TX US",31.23593,-94.75468,87.1,8/28/2022,0.8,NA,35.6,23.9
USW00093987,"LUFKIN ANGELINA CO AIRPORT, TX US",31.23593,-94.75468,87.1,8/29/2022,0.5,NA,32.2,24.4
USW00093987,"LUFKIN ANGELINA CO AIRPORT, TX US",31.23593,-94.75468,87.1,8/30/2022,0.8,NA,28.9,23.9
USW00093987,"LUFKIN ANGELINA CO AIRPORT, TX US",31.23593,-94.75468,87.1,8/31/2022,0,NA,34.4,22.8
USW00093987,"LUFKIN ANGELINA CO AIRPORT, TX US",31.23593,-94.75468,87.1,9/1/2022,7.1,NA,35.6,23.9
USW00093987,"LUFKIN ANGELINA CO AIRPORT, TX US",31.23593,-94.75468,87.1,9/2/2022,90.7,NA,32.8,22.2
USW00093987,"LUFKIN ANGELINA CO AIRPORT, TX US",31.23593,-94.75468,87.1,9/3/2022,15.2,NA,32.2,22.2
USW00093987,"LUFKIN ANGELINA CO AIRPORT, TX US",31.23593,-94.75468,87.1,9/4/2022,0,NA,30.6,21.7
USW00093987,"LUFKIN ANGELINA CO AIRPORT, TX US",31.23593,-94.75468,87.1,9/5/2022,0,NA,32.8,22.2
USW00093987,"LUFKIN ANGELINA CO AIRPORT, TX US",31.23593,-94.75468,87.1,9/6/2022,0,NA,32.8,22.2
USW00093987,"LUFKIN ANGELINA CO AIRPORT, TX US",31.23593,-94.75468,87.1,9/7/2022,0,NA,33.3,22.8
USW00093987,"LUFKIN ANGELINA CO AIRPORT, TX US",31.23593,-94.75468,87.1,9/8/2022,0,NA,32.8,21.7
USW00093987,"LUFKIN ANGELINA CO AIRPORT, TX US",31.23593,-94.75468,87.1,9/9/2022,0,NA,32.2,19.4
USW00093987,"LUFKIN ANGELINA CO AIRPORT, TX US",31.23593,-94.75468,87.1,9/10/2022,0,NA,33.3,18.3
USW00093987,"LUFKIN ANGELINA CO AIRPORT, TX US",31.23593,-94.75468,87.1,9/11/2022,0,NA,33.3,21.1
USW00093987,"LUFKIN ANGELINA CO AIRPORT, TX US",31.23593,-94.75468,87.1,9/12/2022,0,NA,31.1,20
USW00093987,"LUFKIN ANGELINA CO AIRPORT, TX US",31.23593,-94.75468,87.1,9/13/2022,0,NA,31.1,16.7
USW00093987,"LUFKIN ANGELINA CO AIRPORT, TX US",31.23593,-94.75468,87.1,9/14/2022,0,NA,30.6,13.9
USW00093987,"LUFKIN ANGELINA CO AIRPORT, TX US",31.23593,-94.75468,87.1,9/15/2022,0,NA,31.7,15
USW00093987,"LUFKIN ANGELINA CO AIRPORT, TX US",31.23593,-94.75468,87.1,9/16/2022,0,NA,32.2,19.4
USW00093987,"LUFKIN ANGELINA CO AIRPORT, TX US",31.23593,-94.75468,87.1,9/17/2022,0,NA,33.9,21.7
USW00093987,"LUFKIN ANGELINA CO AIRPORT, TX US",31.23593,-94.75468,87.1,9/18/2022,0,NA,34.4,21.1
USW00093987,"LUFKIN ANGELINA CO AIRPORT, TX US",31.23593,-94.75468,87.1,9/19/2022,0,NA,35,22.2
USW00093987,"LUFKIN ANGELINA CO AIRPORT, TX US",31.23593,-94.75468,87.1,9/20/2022,0,NA,35,21.7
USW00093987,"LUFKIN ANGELINA CO AIRPORT, TX US",31.23593,-94.75468,87.1,9/21/2022,0,NA,35.6,20.6
USW00093987,"LUFKIN ANGELINA CO AIRPORT, TX US",31.23593,-94.75468,87.1,9/22/2022,0,NA,37.2,21.1
USW00093987,"LUFKIN ANGELINA CO AIRPORT, TX US",31.23593,-94.75468,87.1,9/23/2022,0,NA,35.6,22.8
USW00093987,"LUFKIN ANGELINA CO AIRPORT, TX US",31.23593,-94.75468,87.1,9/24/2022,0,NA,35.6,21.1
USW00093987,"LUFKIN ANGELINA CO AIRPORT, TX US",31.23593,-94.75468,87.1,9/25/2022,0,NA,36.1,19.4
USW00093987,"LUFKIN ANGELINA CO AIRPORT, TX US",31.23593,-94.75468,87.1,9/26/2022,0,NA,31.7,15
USW00093987,"LUFKIN ANGELINA CO AIRPORT, TX US",31.23593,-94.75468,87.1,9/27/2022,0,NA,31.7,11.7
USW00093987,"LUFKIN ANGELINA CO AIRPORT, TX US",31.23593,-94.75468,87.1,9/28/2022,0,NA,32.2,12.2
USW00093987,"LUFKIN ANGELINA CO AIRPORT, TX US",31.23593,-94.75468,87.1,9/29/2022,0,NA,28.9,12.2
USW00093987,"LUFKIN ANGELINA CO AIRPORT, TX US",31.23593,-94.75468,87.1,9/30/2022,0,NA,28.3,9.4
USW00093987,"LUFKIN ANGELINA CO AIRPORT, TX US",31.23593,-94.75468,87.1,10/1/2022,0,NA,29.4,8.9
USW00093987,"LUFKIN ANGELINA CO AIRPORT, TX US",31.23593,-94.75468,87.1,10/2/2022,0,NA,30.6,8.9
USW00093987,"LUFKIN ANGELINA CO AIRPORT, TX US",31.23593,-94.75468,87.1,10/3/2022,0,NA,32.2,9.4
USW00093987,"LUFKIN ANGELINA CO AIRPORT, TX US",31.23593,-94.75468,87.1,10/4/2022,0,NA,30.6,11.7
USW00093987,"LUFKIN ANGELINA CO AIRPORT, TX US",31.23593,-94.75468,87.1,10/5/2022,0,NA,30.6,11.7
USW00093987,"LUFKIN ANGELINA CO AIRPORT, TX US",31.23593,-94.75468,87.1,10/6/2022,0,NA,32.2,11.7
USW00093987,"LUFKIN ANGELINA CO AIRPORT, TX US",31.23593,-94.75468,87.1,10/7/2022,0,NA,32.8,13.9
USW00093987,"LUFKIN ANGELINA CO AIRPORT, TX US",31.23593,-94.75468,87.1,10/8/2022,0,NA,30.6,17.8
USW00093987,"LUFKIN ANGELINA CO AIRPORT, TX US",31.23593,-94.75468,87.1,10/9/2022,0,NA,30.6,14.4
USW00093987,"LUFKIN ANGELINA CO AIRPORT, TX US",31.23593,-94.75468,87.1,10/10/2022,0,NA,30.6,13.9
USW00093987,"LUFKIN ANGELINA CO AIRPORT, TX US",31.23593,-94.75468,87.1,10/11/2022,0,NA,30,12.8
USW00093987,"LUFKIN ANGELINA CO AIRPORT, TX US",31.23593,-94.75468,87.1,10/12/2022,0,NA,33.9,17.2
USW00093987,"LUFKIN ANGELINA CO AIRPORT, TX US",31.23593,-94.75468,87.1,10/13/2022,1,NA,31.7,13.3
USW00093987,"LUFKIN ANGELINA CO AIRPORT, TX US",31.23593,-94.75468,87.1,10/14/2022,0,NA,31.7,9.4
USW00093987,"LUFKIN ANGELINA CO AIRPORT, TX US",31.23593,-94.75468,87.1,10/15/2022,0,NA,33.3,15.6
USW00093987,"LUFKIN ANGELINA CO AIRPORT, TX US",31.23593,-94.75468,87.1,10/16/2022,0,NA,30.6,19.4
USW00093987,"LUFKIN ANGELINA CO AIRPORT, TX US",31.23593,-94.75468,87.1,10/17/2022,9.1,NA,25,13.3
USW00093987,"LUFKIN ANGELINA CO AIRPORT, TX US",31.23593,-94.75468,87.1,10/18/2022,0,NA,19.4,6.7
USW00093987,"LUFKIN ANGELINA CO AIRPORT, TX US",31.23593,-94.75468,87.1,10/19/2022,0,NA,20,0.6
USW00093987,"LUFKIN ANGELINA CO AIRPORT, TX US",31.23593,-94.75468,87.1,10/20/2022,0,NA,28.3,5
USW00093987,"LUFKIN ANGELINA CO AIRPORT, TX US",31.23593,-94.75468,87.1,10/21/2022,0,NA,29.4,11.1
USW00093987,"LUFKIN ANGELINA CO AIRPORT, TX US",31.23593,-94.75468,87.1,10/22/2022,0,NA,30,13.9
USW00093987,"LUFKIN ANGELINA CO AIRPORT, TX US",31.23593,-94.75468,87.1,10/23/2022,0,NA,30.6,17.8
USW00093987,"LUFKIN ANGELINA CO AIRPORT, TX US",31.23593,-94.75468,87.1,10/24/2022,7.4,NA,26.7,20.6
USW00093987,"LUFKIN ANGELINA CO AIRPORT, TX US",31.23593,-94.75468,87.1,10/25/2022,1.3,NA,21.7,8.3
USW00093987,"LUFKIN ANGELINA CO AIRPORT, TX US",31.23593,-94.75468,87.1,10/26/2022,0,NA,24.4,4.4
USW00093987,"LUFKIN ANGELINA CO AIRPORT, TX US",31.23593,-94.75468,87.1,10/27/2022,0,NA,25,6.1
USW00093987,"LUFKIN ANGELINA CO AIRPORT, TX US",31.23593,-94.75468,87.1,10/28/2022,23.4,NA,18.3,14.4
USW00093987,"LUFKIN ANGELINA CO AIRPORT, TX US",31.23593,-94.75468,87.1,10/29/2022,1.3,NA,17.2,12.8
USW00093987,"LUFKIN ANGELINA CO AIRPORT, TX US",31.23593,-94.75468,87.1,10/30/2022,0,NA,24.4,11.1
USW00093987,"LUFKIN ANGELINA CO AIRPORT, TX US",31.23593,-94.75468,87.1,10/31/2022,0,NA,25,10.6
USW00093987,"LUFKIN ANGELINA CO AIRPORT, TX US",31.23593,-94.75468,87.1,11/1/2022,0.8,NA,18.3,12.8
USW00093987,"LUFKIN ANGELINA CO AIRPORT, TX US",31.23593,-94.75468,87.1,11/2/2022,0,NA,26.1,11.7
USW00093987,"LUFKIN ANGELINA CO AIRPORT, TX US",31.23593,-94.75468,87.1,11/3/2022,0,NA,28.9,17.8
USW00093987,"LUFKIN ANGELINA CO AIRPORT, TX US",31.23593,-94.75468,87.1,11/4/2022,4.6,NA,29.4,14.4
USW00093987,"LUFKIN ANGELINA CO AIRPORT, TX US",31.23593,-94.75468,87.1,11/5/2022,0,NA,22.2,11.7
USW00093987,"LUFKIN ANGELINA CO AIRPORT, TX US",31.23593,-94.75468,87.1,11/6/2022,2.5,NA,28.9,10
USW00093987,"LUFKIN ANGELINA CO AIRPORT, TX US",31.23593,-94.75468,87.1,11/7/2022,0,NA,30.6,20.6
USW00093987,"LUFKIN ANGELINA CO AIRPORT, TX US",31.23593,-94.75468,87.1,11/8/2022,0,NA,30.6,20
USW00093987,"LUFKIN ANGELINA CO AIRPORT, TX US",31.23593,-94.75468,87.1,11/9/2022,0,NA,28.3,18.3
USW00093987,"LUFKIN ANGELINA CO AIRPORT, TX US",31.23593,-94.75468,87.1,11/10/2022,0,NA,27.2,15.6
USW00093987,"LUFKIN ANGELINA CO AIRPORT, TX US",31.23593,-94.75468,87.1,11/11/2022,24.4,NA,24.4,7.2
USW00093987,"LUFKIN ANGELINA CO AIRPORT, TX US",31.23593,-94.75468,87.1,11/12/2022,0,NA,13.3,1.1
USW00093987,"LUFKIN ANGELINA CO AIRPORT, TX US",31.23593,-94.75468,87.1,11/13/2022,0,NA,13.3,-1
USW00093987,"LUFKIN ANGELINA CO AIRPORT, TX US",31.23593,-94.75468,87.1,11/14/2022,20.6,NA,9.4,4.4
USW00093987,"LUFKIN ANGELINA CO AIRPORT, TX US",31.23593,-94.75468,87.1,11/15/2022,0,NA,10.6,3.9
USW00093987,"LUFKIN ANGELINA CO AIRPORT, TX US",31.23593,-94.75468,87.1,11/16/2022,0,NA,12.8,3.3
USW00093987,"LUFKIN ANGELINA CO AIRPORT, TX US",31.23593,-94.75468,87.1,11/17/2022,0,NA,15.6,2.8
USW00093987,"LUFKIN ANGELINA CO AIRPORT, TX US",31.23593,-94.75468,87.1,11/18/2022,0,NA,16.1,0
USW00093987,"LUFKIN ANGELINA CO AIRPORT, TX US",31.23593,-94.75468,87.1,11/19/2022,0,NA,10,5.6
USW00093987,"LUFKIN ANGELINA CO AIRPORT, TX US",31.23593,-94.75468,87.1,11/20/2022,0,NA,13.9,0
USW00093987,"LUFKIN ANGELINA CO AIRPORT, TX US",31.23593,-94.75468,87.1,11/21/2022,2.5,NA,9.4,6.7
USW00093987,"LUFKIN ANGELINA CO AIRPORT, TX US",31.23593,-94.75468,87.1,11/22/2022,0.3,NA,17.8,7.2
USW00093987,"LUFKIN ANGELINA CO AIRPORT, TX US",31.23593,-94.75468,87.1,11/23/2022,0,NA,21.7,7.8
USW00093987,"LUFKIN ANGELINA CO AIRPORT, TX US",31.23593,-94.75468,87.1,11/24/2022,27.2,NA,20.6,15
USW00093987,"LUFKIN ANGELINA CO AIRPORT, TX US",31.23593,-94.75468,87.1,11/25/2022,0.3,NA,16.1,14.4
USW00093987,"LUFKIN ANGELINA CO AIRPORT, TX US",31.23593,-94.75468,87.1,11/26/2022,18,NA,18.3,7.8
USW00093987,"LUFKIN ANGELINA CO AIRPORT, TX US",31.23593,-94.75468,87.1,11/27/2022,0,NA,20.6,4.4
USW00093987,"LUFKIN ANGELINA CO AIRPORT, TX US",31.23593,-94.75468,87.1,11/28/2022,0,NA,22.8,4.4
USW00093987,"LUFKIN ANGELINA CO AIRPORT, TX US",31.23593,-94.75468,87.1,11/29/2022,1.3,NA,28.3,13.3
USW00093987,"LUFKIN ANGELINA CO AIRPORT, TX US",31.23593,-94.75468,87.1,11/30/2022,0,NA,21.7,6.1
USW00093987,"LUFKIN ANGELINA CO AIRPORT, TX US",31.23593,-94.75468,87.1,12/1/2022,0,NA,16.7,2.2
USW00093987,"LUFKIN ANGELINA CO AIRPORT, TX US",31.23593,-94.75468,87.1,12/2/2022,0,NA,23.9,9.4
USW00093987,"LUFKIN ANGELINA CO AIRPORT, TX US",31.23593,-94.75468,87.1,12/3/2022,0,NA,25,16.1
USW00093987,"LUFKIN ANGELINA CO AIRPORT, TX US",31.23593,-94.75468,87.1,12/4/2022,0,NA,21.1,12.2
USW00093987,"LUFKIN ANGELINA CO AIRPORT, TX US",31.23593,-94.75468,87.1,12/5/2022,0,NA,26.7,17.2
USW00093987,"LUFKIN ANGELINA CO AIRPORT, TX US",31.23593,-94.75468,87.1,12/6/2022,0,NA,26.7,20.6
USW00093987,"LUFKIN ANGELINA CO AIRPORT, TX US",31.23593,-94.75468,87.1,12/7/2022,0,NA,27.8,17.8
USW00093987,"LUFKIN ANGELINA CO AIRPORT, TX US",31.23593,-94.75468,87.1,12/8/2022,0,NA,27.8,20
USW00093987,"LUFKIN ANGELINA CO AIRPORT, TX US",31.23593,-94.75468,87.1,12/9/2022,0,NA,27.8,19.4
USW00093987,"LUFKIN ANGELINA CO AIRPORT, TX US",31.23593,-94.75468,87.1,12/10/2022,7.1,NA,26.1,17.8
USW00093987,"LUFKIN ANGELINA CO AIRPORT, TX US",31.23593,-94.75468,87.1,12/11/2022,20.1,NA,18.9,16.1
USW00093987,"LUFKIN ANGELINA CO AIRPORT, TX US",31.23593,-94.75468,87.1,12/12/2022,0,NA,18.3,15
USW00093987,"LUFKIN ANGELINA CO AIRPORT, TX US",31.23593,-94.75468,87.1,12/13/2022,5.1,NA,25,14.4
USW00093987,"LUFKIN ANGELINA CO AIRPORT, TX US",31.23593,-94.75468,87.1,12/14/2022,2.8,NA,18.3,4.4
USW00093987,"LUFKIN ANGELINA CO AIRPORT, TX US",31.23593,-94.75468,87.1,12/15/2022,0,NA,15.6,1.1
USW00093987,"LUFKIN ANGELINA CO AIRPORT, TX US",31.23593,-94.75468,87.1,12/16/2022,1.8,NA,12.8,1.1
USW00093987,"LUFKIN ANGELINA CO AIRPORT, TX US",31.23593,-94.75468,87.1,12/17/2022,0,NA,13.9,-0.5
USW00093987,"LUFKIN ANGELINA CO AIRPORT, TX US",31.23593,-94.75468,87.1,12/18/2022,0,NA,13.9,-2.1
USW00093987,"LUFKIN ANGELINA CO AIRPORT, TX US",31.23593,-94.75468,87.1,12/19/2022,49.3,NA,8.9,4.4
USW00093987,"LUFKIN ANGELINA CO AIRPORT, TX US",31.23593,-94.75468,87.1,12/20/2022,13,NA,9.4,3.3
USW00093987,"LUFKIN ANGELINA CO AIRPORT, TX US",31.23593,-94.75468,87.1,12/21/2022,0,NA,11.1,0
USW00093987,"LUFKIN ANGELINA CO AIRPORT, TX US",31.23593,-94.75468,87.1,12/22/2022,0,NA,10.6,-8.8
USW00093987,"LUFKIN ANGELINA CO AIRPORT, TX US",31.23593,-94.75468,87.1,12/23/2022,0,NA,-1,-11
USW00093987,"LUFKIN ANGELINA CO AIRPORT, TX US",31.23593,-94.75468,87.1,12/24/2022,0,NA,5.6,-6.6
USW00093987,"LUFKIN ANGELINA CO AIRPORT, TX US",31.23593,-94.75468,87.1,12/25/2022,0,NA,10,-6.6
USW00093987,"LUFKIN ANGELINA CO AIRPORT, TX US",31.23593,-94.75468,87.1,12/26/2022,0,NA,14.4,-3.8
USW00093987,"LUFKIN ANGELINA CO AIRPORT, TX US",31.23593,-94.75468,87.1,12/27/2022,0,NA,11.7,-2.7
USW00093987,"LUFKIN ANGELINA CO AIRPORT, TX US",31.23593,-94.75468,87.1,12/28/2022,0,NA,23.9,-1.6
USW00093987,"LUFKIN ANGELINA CO AIRPORT, TX US",31.23593,-94.75468,87.1,12/29/2022,34,NA,26.7,17.2
USW00093987,"LUFKIN ANGELINA CO AIRPORT, TX US",31.23593,-94.75468,87.1,12/30/2022,18.8,NA,18.9,13.9
USW00093987,"LUFKIN ANGELINA CO AIRPORT, TX US",31.23593,-94.75468,87.1,12/31/2022,0,NA,22.2,12.8
USW00093987,"LUFKIN ANGELINA CO AIRPORT, TX US",31.23593,-94.75468,87.1,1/1/2023,0,NA,23.9,11.7
USW00093987,"LUFKIN ANGELINA CO AIRPORT, TX US",31.23593,-94.75468,87.1,1/2/2023,9.7,NA,25,19.4
USW00093987,"LUFKIN ANGELINA CO AIRPORT, TX US",31.23593,-94.75468,87.1,1/3/2023,4.8,NA,23.9,11.1
USW00093987,"LUFKIN ANGELINA CO AIRPORT, TX US",31.23593,-94.75468,87.1,1/4/2023,0,NA,21.1,6.1
USW00093987,"LUFKIN ANGELINA CO AIRPORT, TX US",31.23593,-94.75468,87.1,1/5/2023,0,NA,20,3.3
USW00093987,"LUFKIN ANGELINA CO AIRPORT, TX US",31.23593,-94.75468,87.1,1/6/2023,0,NA,23.9,5.6
USW00093987,"LUFKIN ANGELINA CO AIRPORT, TX US",31.23593,-94.75468,87.1,1/7/2023,16.8,NA,24.4,12.8
USW00093987,"LUFKIN ANGELINA CO AIRPORT, TX US",31.23593,-94.75468,87.1,1/8/2023,7.4,NA,20.6,6.1
USW00093987,"LUFKIN ANGELINA CO AIRPORT, TX US",31.23593,-94.75468,87.1,1/9/2023,0,NA,19.4,4.4
USW00093987,"LUFKIN ANGELINA CO AIRPORT, TX US",31.23593,-94.75468,87.1,1/10/2023,0,NA,23.3,8.9
USW00093987,"LUFKIN ANGELINA CO AIRPORT, TX US",31.23593,-94.75468,87.1,1/11/2023,0,NA,25.6,14.4
USW00093987,"LUFKIN ANGELINA CO AIRPORT, TX US",31.23593,-94.75468,87.1,1/12/2023,0.5,NA,21.1,7.2
USW00093987,"LUFKIN ANGELINA CO AIRPORT, TX US",31.23593,-94.75468,87.1,1/13/2023,0,NA,16.1,2.2
USW00093987,"LUFKIN ANGELINA CO AIRPORT, TX US",31.23593,-94.75468,87.1,1/14/2023,0,NA,16.1,-0.5
USW00093987,"LUFKIN ANGELINA CO AIRPORT, TX US",31.23593,-94.75468,87.1,1/15/2023,0,NA,21.7,5
USW00093987,"LUFKIN ANGELINA CO AIRPORT, TX US",31.23593,-94.75468,87.1,1/16/2023,0,NA,23.9,15
USW00093987,"LUFKIN ANGELINA CO AIRPORT, TX US",31.23593,-94.75468,87.1,1/17/2023,0,NA,24.4,15
USW00093987,"LUFKIN ANGELINA CO AIRPORT, TX US",31.23593,-94.75468,87.1,1/18/2023,4.6,NA,22.8,10
USW00093987,"LUFKIN ANGELINA CO AIRPORT, TX US",31.23593,-94.75468,87.1,1/19/2023,0,NA,18.9,5.6
USW00093987,"LUFKIN ANGELINA CO AIRPORT, TX US",31.23593,-94.75468,87.1,1/20/2023,3.6,NA,12.2,5
USW00093987,"LUFKIN ANGELINA CO AIRPORT, TX US",31.23593,-94.75468,87.1,1/21/2023,1.8,NA,11.1,8.3
USW00093987,"LUFKIN ANGELINA CO AIRPORT, TX US",31.23593,-94.75468,87.1,1/22/2023,0,NA,14.4,1.1
USW00093987,"LUFKIN ANGELINA CO AIRPORT, TX US",31.23593,-94.75468,87.1,1/23/2023,0,NA,14.4,0.6
USW00093987,"LUFKIN ANGELINA CO AIRPORT, TX US",31.23593,-94.75468,87.1,1/24/2023,69.3,NA,10.6,6.7
USW00093987,"LUFKIN ANGELINA CO AIRPORT, TX US",31.23593,-94.75468,87.1,1/25/2023,0,NA,7.8,3.9
USW00093987,"LUFKIN ANGELINA CO AIRPORT, TX US",31.23593,-94.75468,87.1,1/26/2023,0,NA,13.3,-1
USW00093987,"LUFKIN ANGELINA CO AIRPORT, TX US",31.23593,-94.75468,87.1,1/27/2023,0,NA,14.4,-1
USW00093987,"LUFKIN ANGELINA CO AIRPORT, TX US",31.23593,-94.75468,87.1,1/28/2023,7.4,NA,21.1,8.9
USW00093987,"LUFKIN ANGELINA CO AIRPORT, TX US",31.23593,-94.75468,87.1,1/29/2023,9.9,NA,20.6,7.8
USW00093987,"LUFKIN ANGELINA CO AIRPORT, TX US",31.23593,-94.75468,87.1,1/30/2023,1.3,NA,7.8,2.2
USW00093987,"LUFKIN ANGELINA CO AIRPORT, TX US",31.23593,-94.75468,87.1,1/31/2023,0,NA,5.6,2.2
USW00093987,"LUFKIN ANGELINA CO AIRPORT, TX US",31.23593,-94.75468,87.1,2/1/2023,21.3,NA,3.9,2.2
USW00093987,"LUFKIN ANGELINA CO AIRPORT, TX US",31.23593,-94.75468,87.1,2/2/2023,21.6,NA,5.6,2.8
USW00093987,"LUFKIN ANGELINA CO AIRPORT, TX US",31.23593,-94.75468,87.1,2/3/2023,0,NA,15,3.3
USW00093987,"LUFKIN ANGELINA CO AIRPORT, TX US",31.23593,-94.75468,87.1,2/4/2023,0,NA,16.7,-0.5
USW00093987,"LUFKIN ANGELINA CO AIRPORT, TX US",31.23593,-94.75468,87.1,2/5/2023,0,NA,22.2,5
USW00093987,"LUFKIN ANGELINA CO AIRPORT, TX US",31.23593,-94.75468,87.1,2/6/2023,0,NA,22.8,9.4
USW00093987,"LUFKIN ANGELINA CO AIRPORT, TX US",31.23593,-94.75468,87.1,2/7/2023,0,NA,22.8,13.9
USW00093987,"LUFKIN ANGELINA CO AIRPORT, TX US",31.23593,-94.75468,87.1,2/8/2023,1.5,NA,25.6,5.6
USW00093987,"LUFKIN ANGELINA CO AIRPORT, TX US",31.23593,-94.75468,87.1,2/9/2023,0,NA,21.7,2.8
USW00093987,"LUFKIN ANGELINA CO AIRPORT, TX US",31.23593,-94.75468,87.1,2/10/2023,0,NA,13.3,5
USW00093987,"LUFKIN ANGELINA CO AIRPORT, TX US",31.23593,-94.75468,87.1,2/11/2023,0.5,NA,10.6,3.3
USW00093987,"LUFKIN ANGELINA CO AIRPORT, TX US",31.23593,-94.75468,87.1,2/12/2023,0,NA,18.9,0
USW00093987,"LUFKIN ANGELINA CO AIRPORT, TX US",31.23593,-94.75468,87.1,2/13/2023,0,NA,22.2,3.9
USW00093987,"LUFKIN ANGELINA CO AIRPORT, TX US",31.23593,-94.75468,87.1,2/14/2023,4.6,NA,26.1,12.8
USW00093987,"LUFKIN ANGELINA CO AIRPORT, TX US",31.23593,-94.75468,87.1,2/15/2023,0,NA,25.6,12.8
USW00093987,"LUFKIN ANGELINA CO AIRPORT, TX US",31.23593,-94.75468,87.1,2/16/2023,7.6,NA,22.8,5.6
USW00093987,"LUFKIN ANGELINA CO AIRPORT, TX US",31.23593,-94.75468,87.1,2/17/2023,0,NA,11.1,0
USW00093987,"LUFKIN ANGELINA CO AIRPORT, TX US",31.23593,-94.75468,87.1,2/18/2023,0,NA,13.3,-2.1
USW00093987,"LUFKIN ANGELINA CO AIRPORT, TX US",31.23593,-94.75468,87.1,2/19/2023,0,NA,22.8,6.1
USW00093987,"LUFKIN ANGELINA CO AIRPORT, TX US",31.23593,-94.75468,87.1,2/20/2023,0,NA,28.3,14.4
USW00093987,"LUFKIN ANGELINA CO AIRPORT, TX US",31.23593,-94.75468,87.1,2/21/2023,0,NA,28.9,18.3
USW00093987,"LUFKIN ANGELINA CO AIRPORT, TX US",31.23593,-94.75468,87.1,2/22/2023,0.8,NA,27.8,20.6
USW00093987,"LUFKIN ANGELINA CO AIRPORT, TX US",31.23593,-94.75468,87.1,2/23/2023,0,NA,27.2,21.1
USW00093987,"LUFKIN ANGELINA CO AIRPORT, TX US",31.23593,-94.75468,87.1,2/24/2023,0.3,NA,26.1,17.2
USW00093987,"LUFKIN ANGELINA CO AIRPORT, TX US",31.23593,-94.75468,87.1,2/25/2023,0,NA,25.6,15
USW00093987,"LUFKIN ANGELINA CO AIRPORT, TX US",31.23593,-94.75468,87.1,2/26/2023,0,NA,28.3,16.7
USW00093987,"LUFKIN ANGELINA CO AIRPORT, TX US",31.23593,-94.75468,87.1,2/27/2023,0.3,NA,26.7,10.6
USW00093987,"LUFKIN ANGELINA CO AIRPORT, TX US",31.23593,-94.75468,87.1,2/28/2023,0,NA,30,7.8
USW00093987,"LUFKIN ANGELINA CO AIRPORT, TX US",31.23593,-94.75468,87.1,3/1/2023,0,NA,28.3,20
USW00093987,"LUFKIN ANGELINA CO AIRPORT, TX US",31.23593,-94.75468,87.1,3/2/2023,16.3,NA,27.8,17.8
USW00093987,"LUFKIN ANGELINA CO AIRPORT, TX US",31.23593,-94.75468,87.1,3/3/2023,0.3,NA,20,8.9
USW00093987,"LUFKIN ANGELINA CO AIRPORT, TX US",31.23593,-94.75468,87.1,3/4/2023,0,NA,25.6,6.7
USW00093987,"LUFKIN ANGELINA CO AIRPORT, TX US",31.23593,-94.75468,87.1,3/5/2023,0,NA,27.2,8.3
USW00093987,"LUFKIN ANGELINA CO AIRPORT, TX US",31.23593,-94.75468,87.1,3/6/2023,0,NA,26.7,10
USW00093987,"LUFKIN ANGELINA CO AIRPORT, TX US",31.23593,-94.75468,87.1,3/7/2023,0,NA,28.3,17.8
USW00093987,"LUFKIN ANGELINA CO AIRPORT, TX US",31.23593,-94.75468,87.1,3/8/2023,0,NA,29.4,18.9
USW00093987,"LUFKIN ANGELINA CO AIRPORT, TX US",31.23593,-94.75468,87.1,3/9/2023,0,NA,28.9,17.8
USW00093987,"LUFKIN ANGELINA CO AIRPORT, TX US",31.23593,-94.75468,87.1,3/10/2023,0,NA,22.2,15
USW00093987,"LUFKIN ANGELINA CO AIRPORT, TX US",31.23593,-94.75468,87.1,3/11/2023,0,NA,28.9,15
USW00093987,"LUFKIN ANGELINA CO AIRPORT, TX US",31.23593,-94.75468,87.1,3/12/2023,0,NA,24.4,11.7
USW00093987,"LUFKIN ANGELINA CO AIRPORT, TX US",31.23593,-94.75468,87.1,3/13/2023,0,NA,20.6,8.9
USW00093987,"LUFKIN ANGELINA CO AIRPORT, TX US",31.23593,-94.75468,87.1,3/14/2023,1,NA,17.2,6.7
USW00093987,"LUFKIN ANGELINA CO AIRPORT, TX US",31.23593,-94.75468,87.1,3/15/2023,0,NA,21.7,4.4
USW00093987,"LUFKIN ANGELINA CO AIRPORT, TX US",31.23593,-94.75468,87.1,3/16/2023,50.8,NA,21.7,12.2
USW00093987,"LUFKIN ANGELINA CO AIRPORT, TX US",31.23593,-94.75468,87.1,3/17/2023,0,NA,17.8,6.7
USW00093987,"LUFKIN ANGELINA CO AIRPORT, TX US",31.23593,-94.75468,87.1,3/18/2023,0,NA,12.8,6.1
USW00093987,"LUFKIN ANGELINA CO AIRPORT, TX US",31.23593,-94.75468,87.1,3/19/2023,0,NA,13.9,-0.5
USW00093987,"LUFKIN ANGELINA CO AIRPORT, TX US",31.23593,-94.75468,87.1,3/20/2023,0,NA,13.9,-0.5
USW00093987,"LUFKIN ANGELINA CO AIRPORT, TX US",31.23593,-94.75468,87.1,3/21/2023,0,NA,22.8,9.4
USW00093987,"LUFKIN ANGELINA CO AIRPORT, TX US",31.23593,-94.75468,87.1,3/22/2023,0,NA,28.9,19.4
USW00093987,"LUFKIN ANGELINA CO AIRPORT, TX US",31.23593,-94.75468,87.1,3/23/2023,0,NA,28.9,21.1
USW00093987,"LUFKIN ANGELINA CO AIRPORT, TX US",31.23593,-94.75468,87.1,3/24/2023,0.3,NA,26.1,16.7
USW00093987,"LUFKIN ANGELINA CO AIRPORT, TX US",31.23593,-94.75468,87.1,3/25/2023,0,NA,28.9,11.1
USW00093987,"LUFKIN ANGELINA CO AIRPORT, TX US",31.23593,-94.75468,87.1,3/26/2023,31.8,NA,23.9,10
USW00093987,"LUFKIN ANGELINA CO AIRPORT, TX US",31.23593,-94.75468,87.1,3/27/2023,0,NA,26.7,13.3
USW00093987,"LUFKIN ANGELINA CO AIRPORT, TX US",31.23593,-94.75468,87.1,3/28/2023,0,NA,23.3,13.3
USW00093987,"LUFKIN ANGELINA CO AIRPORT, TX US",31.23593,-94.75468,87.1,3/29/2023,3,NA,20.6,10.6
USW00093987,"LUFKIN ANGELINA CO AIRPORT, TX US",31.23593,-94.75468,87.1,3/30/2023,0,NA,23.3,13.9
USW00093987,"LUFKIN ANGELINA CO AIRPORT, TX US",31.23593,-94.75468,87.1,3/31/2023,2,NA,28.9,18.9
USW00093987,"LUFKIN ANGELINA CO AIRPORT, TX US",31.23593,-94.75468,87.1,4/1/2023,0,NA,28.3,12.8
USW00093987,"LUFKIN ANGELINA CO AIRPORT, TX US",31.23593,-94.75468,87.1,4/2/2023,0,NA,27.8,14.4
USW00093987,"LUFKIN ANGELINA CO AIRPORT, TX US",31.23593,-94.75468,87.1,4/3/2023,0,NA,31.1,21.7
USW00093987,"LUFKIN ANGELINA CO AIRPORT, TX US",31.23593,-94.75468,87.1,4/4/2023,0,NA,29.4,22.8
USW00093987,"LUFKIN ANGELINA CO AIRPORT, TX US",31.23593,-94.75468,87.1,4/5/2023,13.2,NA,26.1,13.9
USW00093987,"LUFKIN ANGELINA CO AIRPORT, TX US",31.23593,-94.75468,87.1,4/6/2023,106.7,NA,13.9,11.7
USW00093987,"LUFKIN ANGELINA CO AIRPORT, TX US",31.23593,-94.75468,87.1,4/7/2023,14,NA,12.2,10.6
USW00093987,"LUFKIN ANGELINA CO AIRPORT, TX US",31.23593,-94.75468,87.1,4/8/2023,0,NA,22.8,11.7
USW00093987,"LUFKIN ANGELINA CO AIRPORT, TX US",31.23593,-94.75468,87.1,4/9/2023,0,NA,20.6,16.7
USW00093987,"LUFKIN ANGELINA CO AIRPORT, TX US",31.23593,-94.75468,87.1,4/10/2023,0,NA,21.7,12.8
USW00093987,"LUFKIN ANGELINA CO AIRPORT, TX US",31.23593,-94.75468,87.1,4/11/2023,0,NA,25,11.7
USW00093987,"LUFKIN ANGELINA CO AIRPORT, TX US",31.23593,-94.75468,87.1,4/12/2023,0,NA,24.4,11.7
USW00093987,"LUFKIN ANGELINA CO AIRPORT, TX US",31.23593,-94.75468,87.1,4/13/2023,0,NA,25,11.7
USW00093987,"LUFKIN ANGELINA CO AIRPORT, TX US",31.23593,-94.75468,87.1,4/14/2023,0,NA,27.8,12.2
USW00093987,"LUFKIN ANGELINA CO AIRPORT, TX US",31.23593,-94.75468,87.1,4/15/2023,0,NA,32.2,19.4
USW00093987,"LUFKIN ANGELINA CO AIRPORT, TX US",31.23593,-94.75468,87.1,4/16/2023,0,NA,23.3,9.4
USW00093987,"LUFKIN ANGELINA CO AIRPORT, TX US",31.23593,-94.75468,87.1,4/17/2023,0,NA,26.1,7.2
USW00093987,"LUFKIN ANGELINA CO AIRPORT, TX US",31.23593,-94.75468,87.1,4/18/2023,0.3,NA,23.3,12.2
USW00093987,"LUFKIN ANGELINA CO AIRPORT, TX US",31.23593,-94.75468,87.1,4/19/2023,0,NA,30,17.2
USW00093987,"LUFKIN ANGELINA CO AIRPORT, TX US",31.23593,-94.75468,87.1,4/20/2023,18.5,NA,27.2,18.3
USW00093987,"LUFKIN ANGELINA CO AIRPORT, TX US",31.23593,-94.75468,87.1,4/21/2023,0,NA,25,14.4
USW00093987,"LUFKIN ANGELINA CO AIRPORT, TX US",31.23593,-94.75468,87.1,4/22/2023,0,NA,26.7,10.6
USW00093987,"LUFKIN ANGELINA CO AIRPORT, TX US",31.23593,-94.75468,87.1,4/23/2023,1.8,NA,17.8,10.6
USW00093987,"LUFKIN ANGELINA CO AIRPORT, TX US",31.23593,-94.75468,87.1,4/24/2023,0,NA,20,10
USW00093987,"LUFKIN ANGELINA CO AIRPORT, TX US",31.23593,-94.75468,87.1,4/25/2023,1.8,NA,22.8,12.8
USW00093987,"LUFKIN ANGELINA CO AIRPORT, TX US",31.23593,-94.75468,87.1,4/26/2023,30.7,NA,26.7,14.4
USW00093987,"LUFKIN ANGELINA CO AIRPORT, TX US",31.23593,-94.75468,87.1,4/27/2023,6.4,NA,23.3,12.8
USW00093987,"LUFKIN ANGELINA CO AIRPORT, TX US",31.23593,-94.75468,87.1,4/28/2023,13,NA,28.3,10
USW00093987,"LUFKIN ANGELINA CO AIRPORT, TX US",31.23593,-94.75468,87.1,4/29/2023,0,NA,19.4,10.6
USW00093987,"LUFKIN ANGELINA CO AIRPORT, TX US",31.23593,-94.75468,87.1,4/30/2023,0,NA,28.9,8.9
USW00093987,"LUFKIN ANGELINA CO AIRPORT, TX US",31.23593,-94.75468,87.1,5/1/2023,0,NA,27.8,13.3
USW00093987,"LUFKIN ANGELINA CO AIRPORT, TX US",31.23593,-94.75468,87.1,5/2/2023,0,NA,28.3,12.2
USW00093987,"LUFKIN ANGELINA CO AIRPORT, TX US",31.23593,-94.75468,87.1,5/3/2023,0,NA,29.4,16.1
USW00093987,"LUFKIN ANGELINA CO AIRPORT, TX US",31.23593,-94.75468,87.1,5/4/2023,0,NA,28.3,16.1
USW00093987,"LUFKIN ANGELINA CO AIRPORT, TX US",31.23593,-94.75468,87.1,5/5/2023,23.4,NA,32.2,18.3
USW00093987,"LUFKIN ANGELINA CO AIRPORT, TX US",31.23593,-94.75468,87.1,5/6/2023,7.4,NA,31.7,18.9
USW00093987,"LUFKIN ANGELINA CO AIRPORT, TX US",31.23593,-94.75468,87.1,5/7/2023,0,NA,30,22.2
USW00093987,"LUFKIN ANGELINA CO AIRPORT, TX US",31.23593,-94.75468,87.1,5/8/2023,0,NA,28.9,18.3
USW00093987,"LUFKIN ANGELINA CO AIRPORT, TX US",31.23593,-94.75468,87.1,5/9/2023,1.5,NA,26.7,17.8
USW00093987,"LUFKIN ANGELINA CO AIRPORT, TX US",31.23593,-94.75468,87.1,5/10/2023,49,NA,22.2,20
USW00093987,"LUFKIN ANGELINA CO AIRPORT, TX US",31.23593,-94.75468,87.1,5/11/2023,0.5,NA,30.6,21.7
USW00093987,"LUFKIN ANGELINA CO AIRPORT, TX US",31.23593,-94.75468,87.1,5/12/2023,0,NA,32.8,24.4
USW00093987,"LUFKIN ANGELINA CO AIRPORT, TX US",31.23593,-94.75468,87.1,5/13/2023,0,NA,31.7,22.8
USW00093987,"LUFKIN ANGELINA CO AIRPORT, TX US",31.23593,-94.75468,87.1,5/14/2023,32.3,NA,30,20
USW00093987,"LUFKIN ANGELINA CO AIRPORT, TX US",31.23593,-94.75468,87.1,5/15/2023,0.8,NA,31.7,20
USW00093987,"LUFKIN ANGELINA CO AIRPORT, TX US",31.23593,-94.75468,87.1,5/16/2023,0,NA,29.4,20
USW00093987,"LUFKIN ANGELINA CO AIRPORT, TX US",31.23593,-94.75468,87.1,5/17/2023,0,NA,28.3,18.3
USW00093987,"LUFKIN ANGELINA CO AIRPORT, TX US",31.23593,-94.75468,87.1,5/18/2023,0,NA,31.7,17.2
USW00093987,"LUFKIN ANGELINA CO AIRPORT, TX US",31.23593,-94.75468,87.1,5/19/2023,0,NA,33.9,20
USW00093987,"LUFKIN ANGELINA CO AIRPORT, TX US",31.23593,-94.75468,87.1,5/20/2023,0,NA,27.8,19.4
USW00093987,"LUFKIN ANGELINA CO AIRPORT, TX US",31.23593,-94.75468,87.1,5/21/2023,0,NA,25.6,18.3
USW00093987,"LUFKIN ANGELINA CO AIRPORT, TX US",31.23593,-94.75468,87.1,5/22/2023,0,NA,28.9,17.2
USW00093987,"LUFKIN ANGELINA CO AIRPORT, TX US",31.23593,-94.75468,87.1,5/23/2023,0,NA,28.3,16.7
USW00093987,"LUFKIN ANGELINA CO AIRPORT, TX US",31.23593,-94.75468,87.1,5/24/2023,0,NA,28.9,17.8
USW00093987,"LUFKIN ANGELINA CO AIRPORT, TX US",31.23593,-94.75468,87.1,5/25/2023,0,NA,30,17.8
USW00093987,"LUFKIN ANGELINA CO AIRPORT, TX US",31.23593,-94.75468,87.1,5/26/2023,0,NA,31.1,18.3
USW00093987,"LUFKIN ANGELINA CO AIRPORT, TX US",31.23593,-94.75468,87.1,5/27/2023,0,NA,31.7,17.8
USW00093987,"LUFKIN ANGELINA CO AIRPORT, TX US",31.23593,-94.75468,87.1,5/28/2023,0,NA,32.8,17.2
USW00093987,"LUFKIN ANGELINA CO AIRPORT, TX US",31.23593,-94.75468,87.1,5/29/2023,32.8,NA,32.2,19.4
USW00093987,"LUFKIN ANGELINA CO AIRPORT, TX US",31.23593,-94.75468,87.1,5/30/2023,19,NA,32.2,20
USW00093987,"LUFKIN ANGELINA CO AIRPORT, TX US",31.23593,-94.75468,87.1,5/31/2023,0,NA,32.2,19.4
USW00093987,"LUFKIN ANGELINA CO AIRPORT, TX US",31.23593,-94.75468,87.1,6/1/2023,0,NA,32.8,20
USW00093987,"LUFKIN ANGELINA CO AIRPORT, TX US",31.23593,-94.75468,87.1,6/2/2023,0,NA,33.3,20.6
USW00093987,"LUFKIN ANGELINA CO AIRPORT, TX US",31.23593,-94.75468,87.1,6/3/2023,0,NA,32.2,20.6
USW00093987,"LUFKIN ANGELINA CO AIRPORT, TX US",31.23593,-94.75468,87.1,6/4/2023,0,NA,29.4,19.4
USW00093987,"LUFKIN ANGELINA CO AIRPORT, TX US",31.23593,-94.75468,87.1,6/5/2023,20.8,NA,31.1,19.4
USW00093987,"LUFKIN ANGELINA CO AIRPORT, TX US",31.23593,-94.75468,87.1,6/6/2023,0,NA,31.7,19.4
USW00093987,"LUFKIN ANGELINA CO AIRPORT, TX US",31.23593,-94.75468,87.1,6/7/2023,0,NA,32.8,20.6
USW00093987,"LUFKIN ANGELINA CO AIRPORT, TX US",31.23593,-94.75468,87.1,6/8/2023,0,NA,32.8,20
USW00093987,"LUFKIN ANGELINA CO AIRPORT, TX US",31.23593,-94.75468,87.1,6/9/2023,0,NA,34.4,19.4
USW00093987,"LUFKIN ANGELINA CO AIRPORT, TX US",31.23593,-94.75468,87.1,6/10/2023,36.1,NA,34.4,20
USW00093987,"LUFKIN ANGELINA CO AIRPORT, TX US",31.23593,-94.75468,87.1,6/11/2023,0,NA,32.2,18.9
USW00093987,"LUFKIN ANGELINA CO AIRPORT, TX US",31.23593,-94.75468,87.1,6/12/2023,0,NA,34.4,24.4
USW00093987,"LUFKIN ANGELINA CO AIRPORT, TX US",31.23593,-94.75468,87.1,6/13/2023,0,NA,33.9,24.4
USW00093987,"LUFKIN ANGELINA CO AIRPORT, TX US",31.23593,-94.75468,87.1,6/14/2023,0,NA,34.4,24.4
USW00093987,"LUFKIN ANGELINA CO AIRPORT, TX US",31.23593,-94.75468,87.1,6/15/2023,0,NA,35,25.6
USW00093987,"LUFKIN ANGELINA CO AIRPORT, TX US",31.23593,-94.75468,87.1,6/16/2023,0,NA,36.1,23.9
USW00093987,"LUFKIN ANGELINA CO AIRPORT, TX US",31.23593,-94.75468,87.1,6/17/2023,0,NA,35,25.6
USW00093987,"LUFKIN ANGELINA CO AIRPORT, TX US",31.23593,-94.75468,87.1,6/18/2023,0,NA,36.1,26.1
USW00093987,"LUFKIN ANGELINA CO AIRPORT, TX US",31.23593,-94.75468,87.1,6/19/2023,0,NA,36.7,25.6
USW00093987,"LUFKIN ANGELINA CO AIRPORT, TX US",31.23593,-94.75468,87.1,6/20/2023,1,NA,35,27.2
USW00093987,"LUFKIN ANGELINA CO AIRPORT, TX US",31.23593,-94.75468,87.1,6/21/2023,1.5,NA,35.6,26.1
USW00093987,"LUFKIN ANGELINA CO AIRPORT, TX US",31.23593,-94.75468,87.1,6/22/2023,1.8,NA,33.3,25
USW00093987,"LUFKIN ANGELINA CO AIRPORT, TX US",31.23593,-94.75468,87.1,6/23/2023,0.3,NA,33.3,25.6
USW00093987,"LUFKIN ANGELINA CO AIRPORT, TX US",31.23593,-94.75468,87.1,6/24/2023,0,NA,36.1,25
USW00093987,"LUFKIN ANGELINA CO AIRPORT, TX US",31.23593,-94.75468,87.1,6/25/2023,0,NA,36.1,26.1
USW00093987,"LUFKIN ANGELINA CO AIRPORT, TX US",31.23593,-94.75468,87.1,6/26/2023,0,NA,35.6,25.6
USW00093987,"LUFKIN ANGELINA CO AIRPORT, TX US",31.23593,-94.75468,87.1,6/27/2023,0,NA,37.2,24.4
USW00093987,"LUFKIN ANGELINA CO AIRPORT, TX US",31.23593,-94.75468,87.1,6/28/2023,0,NA,36.7,25.6
USW00093987,"LUFKIN ANGELINA CO AIRPORT, TX US",31.23593,-94.75468,87.1,6/29/2023,0,NA,37.2,25.6
USW00093987,"LUFKIN ANGELINA CO AIRPORT, TX US",31.23593,-94.75468,87.1,6/30/2023,0,NA,36.7,24.4
USW00093987,"LUFKIN ANGELINA CO AIRPORT, TX US",31.23593,-94.75468,87.1,7/1/2023,0,NA,37.2,25
USW00093987,"LUFKIN ANGELINA CO AIRPORT, TX US",31.23593,-94.75468,87.1,7/2/2023,0,NA,35.6,25
USW00093987,"LUFKIN ANGELINA CO AIRPORT, TX US",31.23593,-94.75468,87.1,7/3/2023,0,NA,35.6,25.6
USW00093987,"LUFKIN ANGELINA CO AIRPORT, TX US",31.23593,-94.75468,87.1,7/4/2023,0.8,NA,35,24.4
USW00093987,"LUFKIN ANGELINA CO AIRPORT, TX US",31.23593,-94.75468,87.1,7/5/2023,0.3,NA,33.9,25
USW00093987,"LUFKIN ANGELINA CO AIRPORT, TX US",31.23593,-94.75468,87.1,7/6/2023,0,NA,35,23.9
USW00093987,"LUFKIN ANGELINA CO AIRPORT, TX US",31.23593,-94.75468,87.1,7/7/2023,0,NA,35,21.7
USW00093987,"LUFKIN ANGELINA CO AIRPORT, TX US",31.23593,-94.75468,87.1,7/8/2023,0,NA,36.1,23.3
USW00093987,"LUFKIN ANGELINA CO AIRPORT, TX US",31.23593,-94.75468,87.1,7/9/2023,0,NA,36.7,24.4
USW00093987,"LUFKIN ANGELINA CO AIRPORT, TX US",31.23593,-94.75468,87.1,7/10/2023,0,NA,37.2,26.7
USW00093987,"LUFKIN ANGELINA CO AIRPORT, TX US",31.23593,-94.75468,87.1,7/11/2023,0,NA,36.1,26.7
USW00093987,"LUFKIN ANGELINA CO AIRPORT, TX US",31.23593,-94.75468,87.1,7/12/2023,0,NA,36.7,27.2
USW00093987,"LUFKIN ANGELINA CO AIRPORT, TX US",31.23593,-94.75468,87.1,7/13/2023,0,NA,38.3,25.6
USW00093987,"LUFKIN ANGELINA CO AIRPORT, TX US",31.23593,-94.75468,87.1,7/14/2023,0,NA,37.2,26.1
USW00093987,"LUFKIN ANGELINA CO AIRPORT, TX US",31.23593,-94.75468,87.1,7/15/2023,0,NA,38.3,26.1
USW00093987,"LUFKIN ANGELINA CO AIRPORT, TX US",31.23593,-94.75468,87.1,7/16/2023,4.1,NA,36.7,26.1
USW00093987,"LUFKIN ANGELINA CO AIRPORT, TX US",31.23593,-94.75468,87.1,7/17/2023,0,NA,38.3,23.9
USW00093987,"LUFKIN ANGELINA CO AIRPORT, TX US",31.23593,-94.75468,87.1,7/18/2023,0,NA,38.9,25.6
USW00093987,"LUFKIN ANGELINA CO AIRPORT, TX US",31.23593,-94.75468,87.1,7/19/2023,0,NA,38.3,25
USW00093987,"LUFKIN ANGELINA CO AIRPORT, TX US",31.23593,-94.75468,87.1,7/20/2023,0,NA,38.3,25
USW00093987,"LUFKIN ANGELINA CO AIRPORT, TX US",31.23593,-94.75468,87.1,7/21/2023,0,NA,38.9,23.3
USW00093987,"LUFKIN ANGELINA CO AIRPORT, TX US",31.23593,-94.75468,87.1,7/22/2023,1.5,NA,38.9,25.6
USW00093987,"LUFKIN ANGELINA CO AIRPORT, TX US",31.23593,-94.75468,87.1,7/23/2023,0,NA,37.2,24.4
USW00093987,"LUFKIN ANGELINA CO AIRPORT, TX US",31.23593,-94.75468,87.1,7/24/2023,0,NA,39.4,22.2
USW00093987,"LUFKIN ANGELINA CO AIRPORT, TX US",31.23593,-94.75468,87.1,7/25/2023,0,NA,37.8,23.9
USW00093987,"LUFKIN ANGELINA CO AIRPORT, TX US",31.23593,-94.75468,87.1,7/26/2023,0,NA,37.8,23.3
USW00093987,"LUFKIN ANGELINA CO AIRPORT, TX US",31.23593,-94.75468,87.1,7/27/2023,0,NA,37.8,22.8
USW00093987,"LUFKIN ANGELINA CO AIRPORT, TX US",31.23593,-94.75468,87.1,7/28/2023,0,NA,37.8,22.8
USW00093987,"LUFKIN ANGELINA CO AIRPORT, TX US",31.23593,-94.75468,87.1,7/29/2023,0,NA,38.3,22.8
USW00093987,"LUFKIN ANGELINA CO AIRPORT, TX US",31.23593,-94.75468,87.1,7/30/2023,0,NA,39.4,23.3
USW00093987,"LUFKIN ANGELINA CO AIRPORT, TX US",31.23593,-94.75468,87.1,7/31/2023,0,NA,40.6,23.9
USW00093987,"LUFKIN ANGELINA CO AIRPORT, TX US",31.23593,-94.75468,87.1,8/1/2023,0,NA,40.6,25
USW00093987,"LUFKIN ANGELINA CO AIRPORT, TX US",31.23593,-94.75468,87.1,8/2/2023,0,NA,41.1,25
USW00093987,"LUFKIN ANGELINA CO AIRPORT, TX US",31.23593,-94.75468,87.1,8/3/2023,0,NA,40.6,25.6
USW00093987,"LUFKIN ANGELINA CO AIRPORT, TX US",31.23593,-94.75468,87.1,8/4/2023,0,NA,40,26.1
USW00093987,"LUFKIN ANGELINA CO AIRPORT, TX US",31.23593,-94.75468,87.1,8/5/2023,0,NA,40,26.1
USW00093987,"LUFKIN ANGELINA CO AIRPORT, TX US",31.23593,-94.75468,87.1,8/6/2023,0,NA,39.4,26.1
USW00093987,"LUFKIN ANGELINA CO AIRPORT, TX US",31.23593,-94.75468,87.1,8/7/2023,0,NA,40.6,26.7
USW00093987,"LUFKIN ANGELINA CO AIRPORT, TX US",31.23593,-94.75468,87.1,8/8/2023,0,NA,39.4,26.7
USW00093987,"LUFKIN ANGELINA CO AIRPORT, TX US",31.23593,-94.75468,87.1,8/9/2023,0,NA,40.6,26.1
USW00093987,"LUFKIN ANGELINA CO AIRPORT, TX US",31.23593,-94.75468,87.1,8/10/2023,0,NA,41.1,27.2
USW00093987,"LUFKIN ANGELINA CO AIRPORT, TX US",31.23593,-94.75468,87.1,8/11/2023,0,NA,41.1,26.7
USW00093987,"LUFKIN ANGELINA CO AIRPORT, TX US",31.23593,-94.75468,87.1,8/12/2023,0,NA,40.6,25.6
USW00093987,"LUFKIN ANGELINA CO AIRPORT, TX US",31.23593,-94.75468,87.1,8/13/2023,0,NA,41.1,25.6
USW00093987,"LUFKIN ANGELINA CO AIRPORT, TX US",31.23593,-94.75468,87.1,8/14/2023,0,NA,41.1,25.6
USW00093987,"LUFKIN ANGELINA CO AIRPORT, TX US",31.23593,-94.75468,87.1,8/15/2023,0,NA,37.8,26.7
USW00093987,"LUFKIN ANGELINA CO AIRPORT, TX US",31.23593,-94.75468,87.1,8/16/2023,0,NA,37.2,18.3
USW00093987,"LUFKIN ANGELINA CO AIRPORT, TX US",31.23593,-94.75468,87.1,8/17/2023,0,NA,41.7,20.6
USW00093987,"LUFKIN ANGELINA CO AIRPORT, TX US",31.23593,-94.75468,87.1,8/18/2023,0,NA,41.1,23.3
USW00093987,"LUFKIN ANGELINA CO AIRPORT, TX US",31.23593,-94.75468,87.1,8/19/2023,0,NA,42.2,25
USW00093987,"LUFKIN ANGELINA CO AIRPORT, TX US",31.23593,-94.75468,87.1,8/20/2023,0,NA,43.3,26.7
USW00093987,"LUFKIN ANGELINA CO AIRPORT, TX US",31.23593,-94.75468,87.1,8/21/2023,0,NA,40.6,26.7
USW00093987,"LUFKIN ANGELINA CO AIRPORT, TX US",31.23593,-94.75468,87.1,8/22/2023,0,NA,40.6,26.1
USW00093987,"LUFKIN ANGELINA CO AIRPORT, TX US",31.23593,-94.75468,87.1,8/23/2023,0,NA,41.1,25.6
USW00093987,"LUFKIN ANGELINA CO AIRPORT, TX US",31.23593,-94.75468,87.1,8/24/2023,0,NA,42.2,27.2
USW00093987,"LUFKIN ANGELINA CO AIRPORT, TX US",31.23593,-94.75468,87.1,8/25/2023,3.3,NA,41.7,25.6
USW00093987,"LUFKIN ANGELINA CO AIRPORT, TX US",31.23593,-94.75468,87.1,8/26/2023,0,NA,41.7,25
USW00093987,"LUFKIN ANGELINA CO AIRPORT, TX US",31.23593,-94.75468,87.1,8/27/2023,35.3,NA,43.9,22.8
USW00093987,"LUFKIN ANGELINA CO AIRPORT, TX US",31.23593,-94.75468,87.1,8/28/2023,0.5,NA,33.9,23.3
USW00093987,"LUFKIN ANGELINA CO AIRPORT, TX US",31.23593,-94.75468,87.1,8/29/2023,0,NA,35.6,22.2
USW00093987,"LUFKIN ANGELINA CO AIRPORT, TX US",31.23593,-94.75468,87.1,8/30/2023,0,NA,36.1,18.9
USW00093987,"LUFKIN ANGELINA CO AIRPORT, TX US",31.23593,-94.75468,87.1,8/31/2023,0,NA,36.1,20.6
USW00093987,"LUFKIN ANGELINA CO AIRPORT, TX US",31.23593,-94.75468,87.1,9/1/2023,0,NA,36.7,20.6
USW00093987,"LUFKIN ANGELINA CO AIRPORT, TX US",31.23593,-94.75468,87.1,9/2/2023,0,NA,37.8,17.8
USW00093987,"LUFKIN ANGELINA CO AIRPORT, TX US",31.23593,-94.75468,87.1,9/3/2023,2.8,NA,36.1,22.8
USW00093987,"LUFKIN ANGELINA CO AIRPORT, TX US",31.23593,-94.75468,87.1,9/4/2023,27.4,NA,33.9,24.4
USW00093987,"LUFKIN ANGELINA CO AIRPORT, TX US",31.23593,-94.75468,87.1,9/5/2023,0.8,NA,36.1,25
USW00093987,"LUFKIN ANGELINA CO AIRPORT, TX US",31.23593,-94.75468,87.1,9/6/2023,0,NA,38.3,25
USW00093987,"LUFKIN ANGELINA CO AIRPORT, TX US",31.23593,-94.75468,87.1,9/7/2023,0,NA,40.6,26.1
USW00093987,"LUFKIN ANGELINA CO AIRPORT, TX US",31.23593,-94.75468,87.1,9/8/2023,5.1,NA,37.8,22.2
USW00093987,"LUFKIN ANGELINA CO AIRPORT, TX US",31.23593,-94.75468,87.1,9/9/2023,8.1,NA,33.3,21.1
USW00093987,"LUFKIN ANGELINA CO AIRPORT, TX US",31.23593,-94.75468,87.1,9/10/2023,0,NA,32.8,18.3
USW00093987,"LUFKIN ANGELINA CO AIRPORT, TX US",31.23593,-94.75468,87.1,9/11/2023,0,NA,32.2,17.8
USW00093987,"LUFKIN ANGELINA CO AIRPORT, TX US",31.23593,-94.75468,87.1,9/12/2023,1.5,NA,33.3,20
USW00093987,"LUFKIN ANGELINA CO AIRPORT, TX US",31.23593,-94.75468,87.1,9/13/2023,0.8,NA,28.3,22.8
USW00093987,"LUFKIN ANGELINA CO AIRPORT, TX US",31.23593,-94.75468,87.1,9/14/2023,21.6,NA,27.2,22.8
USW00093987,"LUFKIN ANGELINA CO AIRPORT, TX US",31.23593,-94.75468,87.1,9/15/2023,37.8,NA,28.3,21.1
USW00093987,"LUFKIN ANGELINA CO AIRPORT, TX US",31.23593,-94.75468,87.1,9/16/2023,0,NA,31.7,20.6
USW00093987,"LUFKIN ANGELINA CO AIRPORT, TX US",31.23593,-94.75468,87.1,9/17/2023,0,NA,33.3,18.9
USW00093987,"LUFKIN ANGELINA CO AIRPORT, TX US",31.23593,-94.75468,87.1,9/18/2023,0,NA,33.3,16.1
USW00093987,"LUFKIN ANGELINA CO AIRPORT, TX US",31.23593,-94.75468,87.1,9/19/2023,0,NA,33.9,16.7
USW00093987,"LUFKIN ANGELINA CO AIRPORT, TX US",31.23593,-94.75468,87.1,9/20/2023,0,NA,33.9,20.6
USW00093987,"LUFKIN ANGELINA CO AIRPORT, TX US",31.23593,-94.75468,87.1,9/21/2023,0,NA,35,22.2
USW00093987,"LUFKIN ANGELINA CO AIRPORT, TX US",31.23593,-94.75468,87.1,9/22/2023,0,NA,35,22.8
USW00093987,"LUFKIN ANGELINA CO AIRPORT, TX US",31.23593,-94.75468,87.1,9/23/2023,0,NA,35.6,22.8
USW00093987,"LUFKIN ANGELINA CO AIRPORT, TX US",31.23593,-94.75468,87.1,9/24/2023,36.8,NA,31.7,21.7
USW00093987,"LUFKIN ANGELINA CO AIRPORT, TX US",31.23593,-94.75468,87.1,9/25/2023,64.3,NA,32.2,21.7
USW00093987,"LUFKIN ANGELINA CO AIRPORT, TX US",31.23593,-94.75468,87.1,9/26/2023,0,NA,33.3,22.2
USW00093987,"LUFKIN ANGELINA CO AIRPORT, TX US",31.23593,-94.75468,87.1,9/27/2023,0,NA,35,21.1
USW00093987,"LUFKIN ANGELINA CO AIRPORT, TX US",31.23593,-94.75468,87.1,9/28/2023,0,NA,34.4,21.1
USW00093987,"LUFKIN ANGELINA CO AIRPORT, TX US",31.23593,-94.75468,87.1,9/29/2023,0,NA,33.3,21.1
USW00093987,"LUFKIN ANGELINA CO AIRPORT, TX US",31.23593,-94.75468,87.1,9/30/2023,0,NA,33.9,20
USW00093987,"LUFKIN ANGELINA CO AIRPORT, TX US",31.23593,-94.75468,87.1,10/1/2023,0,NA,33.3,18.3
USW00093987,"LUFKIN ANGELINA CO AIRPORT, TX US",31.23593,-94.75468,87.1,10/2/2023,0,NA,32.2,19.4
USW00093987,"LUFKIN ANGELINA CO AIRPORT, TX US",31.23593,-94.75468,87.1,10/3/2023,0.5,NA,30.6,18.3
USW00093987,"LUFKIN ANGELINA CO AIRPORT, TX US",31.23593,-94.75468,87.1,10/4/2023,2.3,NA,30.6,24.4
USW00093987,"LUFKIN ANGELINA CO AIRPORT, TX US",31.23593,-94.75468,87.1,10/5/2023,44.5,NA,26.1,19.4
USW00093987,"LUFKIN ANGELINA CO AIRPORT, TX US",31.23593,-94.75468,87.1,10/6/2023,0,NA,28.9,18.9
USW00093987,"LUFKIN ANGELINA CO AIRPORT, TX US",31.23593,-94.75468,87.1,10/7/2023,0,NA,22.2,10.6
USW00093987,"LUFKIN ANGELINA CO AIRPORT, TX US",31.23593,-94.75468,87.1,10/8/2023,0,NA,25,8.3
USW00093987,"LUFKIN ANGELINA CO AIRPORT, TX US",31.23593,-94.75468,87.1,10/9/2023,0,NA,28.9,10
USW00093987,"LUFKIN ANGELINA CO AIRPORT, TX US",31.23593,-94.75468,87.1,10/10/2023,0,NA,28.3,15.6
USW00093987,"LUFKIN ANGELINA CO AIRPORT, TX US",31.23593,-94.75468,87.1,10/11/2023,4.6,NA,21.1,15.6
USW00093987,"LUFKIN ANGELINA CO AIRPORT, TX US",31.23593,-94.75468,87.1,10/12/2023,0,NA,23.9,15
USW00093987,"LUFKIN ANGELINA CO AIRPORT, TX US",31.23593,-94.75468,87.1,10/13/2023,0,NA,30,15.6
USW00093987,"LUFKIN ANGELINA CO AIRPORT, TX US",31.23593,-94.75468,87.1,10/14/2023,0,NA,22.8,10.6
USW00093987,"LUFKIN ANGELINA CO AIRPORT, TX US",31.23593,-94.75468,87.1,10/15/2023,0,NA,20.6,9.4
USW00093987,"LUFKIN ANGELINA CO AIRPORT, TX US",31.23593,-94.75468,87.1,10/16/2023,0,NA,20,7.8
USW00093987,"LUFKIN ANGELINA CO AIRPORT, TX US",31.23593,-94.75468,87.1,10/17/2023,0,NA,23.9,5
USW00093987,"LUFKIN ANGELINA CO AIRPORT, TX US",31.23593,-94.75468,87.1,10/18/2023,0,NA,27.2,7.8
USW00093987,"LUFKIN ANGELINA CO AIRPORT, TX US",31.23593,-94.75468,87.1,10/19/2023,0,NA,28.9,14.4
USW00093987,"LUFKIN ANGELINA CO AIRPORT, TX US",31.23593,-94.75468,87.1,10/20/2023,0,NA,32.8,12.2
USW00093987,"LUFKIN ANGELINA CO AIRPORT, TX US",31.23593,-94.75468,87.1,10/21/2023,0,NA,32.8,12.2
USW00093987,"LUFKIN ANGELINA CO AIRPORT, TX US",31.23593,-94.75468,87.1,10/22/2023,0,NA,30,17.2
USW00093987,"LUFKIN ANGELINA CO AIRPORT, TX US",31.23593,-94.75468,87.1,10/23/2023,2.3,NA,30,18.9
USW00093987,"LUFKIN ANGELINA CO AIRPORT, TX US",31.23593,-94.75468,87.1,10/24/2023,0,NA,31.1,21.1
USW00093987,"LUFKIN ANGELINA CO AIRPORT, TX US",31.23593,-94.75468,87.1,10/25/2023,0,NA,31.1,21.7
USW00093987,"LUFKIN ANGELINA CO AIRPORT, TX US",31.23593,-94.75468,87.1,10/26/2023,27.7,NA,28.9,21.7
USW00093987,"LUFKIN ANGELINA CO AIRPORT, TX US",31.23593,-94.75468,87.1,10/27/2023,0,NA,29.4,22.8
USW00093987,"LUFKIN ANGELINA CO AIRPORT, TX US",31.23593,-94.75468,87.1,10/28/2023,0,NA,30.6,22.8
USW00093987,"LUFKIN ANGELINA CO AIRPORT, TX US",31.23593,-94.75468,87.1,10/29/2023,0,NA,30,10
USW00093987,"LUFKIN ANGELINA CO AIRPORT, TX US",31.23593,-94.75468,87.1,10/30/2023,11.2,NA,10,6.7
USW00093987,"LUFKIN ANGELINA CO AIRPORT, TX US",31.23593,-94.75468,87.1,10/31/2023,0,NA,15.6,3.9
USW00093987,"LUFKIN ANGELINA CO AIRPORT, TX US",31.23593,-94.75468,87.1,11/1/2023,0,NA,14.4,2.8
USW00093987,"LUFKIN ANGELINA CO AIRPORT, TX US",31.23593,-94.75468,87.1,11/2/2023,0,NA,18.3,0.6
USW00093987,"LUFKIN ANGELINA CO AIRPORT, TX US",31.23593,-94.75468,87.1,11/3/2023,0,NA,23.9,3.3
USW00093987,"LUFKIN ANGELINA CO AIRPORT, TX US",31.23593,-94.75468,87.1,11/4/2023,0,NA,26.1,9.4
USW00093987,"LUFKIN ANGELINA CO AIRPORT, TX US",31.23593,-94.75468,87.1,11/5/2023,0,NA,26.7,13.3
USW00093987,"LUFKIN ANGELINA CO AIRPORT, TX US",31.23593,-94.75468,87.1,11/6/2023,0,NA,26.7,15
USW00093987,"LUFKIN ANGELINA CO AIRPORT, TX US",31.23593,-94.75468,87.1,11/7/2023,0,NA,29.4,16.7
USW00093987,"LUFKIN ANGELINA CO AIRPORT, TX US",31.23593,-94.75468,87.1,11/8/2023,0,NA,28.9,18.3
USW00093987,"LUFKIN ANGELINA CO AIRPORT, TX US",31.23593,-94.75468,87.1,11/9/2023,21.6,NA,28.3,17.2
USW00093987,"LUFKIN ANGELINA CO AIRPORT, TX US",31.23593,-94.75468,87.1,11/10/2023,6.6,NA,19.4,12.2
USW00093987,"LUFKIN ANGELINA CO AIRPORT, TX US",31.23593,-94.75468,87.1,11/11/2023,0.5,NA,15,12.2
USW00093987,"LUFKIN ANGELINA CO AIRPORT, TX US",31.23593,-94.75468,87.1,11/12/2023,1,NA,19.4,13.3
USW00093987,"LUFKIN ANGELINA CO AIRPORT, TX US",31.23593,-94.75468,87.1,11/13/2023,3,NA,18.3,13.3
USW00093987,"LUFKIN ANGELINA CO AIRPORT, TX US",31.23593,-94.75468,87.1,11/14/2023,0.3,NA,21.1,10.6
USW00093987,"LUFKIN ANGELINA CO AIRPORT, TX US",31.23593,-94.75468,87.1,11/15/2023,0,NA,17.2,8.3
USW00093987,"LUFKIN ANGELINA CO AIRPORT, TX US",31.23593,-94.75468,87.1,11/16/2023,0,NA,18.9,14.4
USW00093987,"LUFKIN ANGELINA CO AIRPORT, TX US",31.23593,-94.75468,87.1,11/17/2023,0,NA,25,15
USW00093987,"LUFKIN ANGELINA CO AIRPORT, TX US",31.23593,-94.75468,87.1,11/18/2023,0,NA,23.9,11.7
USW00093987,"LUFKIN ANGELINA CO AIRPORT, TX US",31.23593,-94.75468,87.1,11/19/2023,0,NA,22.8,11.1
USW00093987,"LUFKIN ANGELINA CO AIRPORT, TX US",31.23593,-94.75468,87.1,11/20/2023,11.2,NA,24.4,15
USW00093987,"LUFKIN ANGELINA CO AIRPORT, TX US",31.23593,-94.75468,87.1,11/21/2023,0,NA,15,6.7
USW00093987,"LUFKIN ANGELINA CO AIRPORT, TX US",31.23593,-94.75468,87.1,11/22/2023,0,NA,15,2.8
USW00093987,"LUFKIN ANGELINA CO AIRPORT, TX US",31.23593,-94.75468,87.1,11/23/2023,0.8,NA,12.2,2.2
USW00093987,"LUFKIN ANGELINA CO AIRPORT, TX US",31.23593,-94.75468,87.1,11/24/2023,0,NA,18.9,5
USW00093987,"LUFKIN ANGELINA CO AIRPORT, TX US",31.23593,-94.75468,87.1,11/25/2023,0,NA,18.9,4.4
USW00093987,"LUFKIN ANGELINA CO AIRPORT, TX US",31.23593,-94.75468,87.1,11/26/2023,1.3,NA,13.9,2.2
USW00093987,"LUFKIN ANGELINA CO AIRPORT, TX US",31.23593,-94.75468,87.1,11/27/2023,0,NA,13.3,0
USW00093987,"LUFKIN ANGELINA CO AIRPORT, TX US",31.23593,-94.75468,87.1,11/28/2023,0,NA,17.8,3.9
USW00093987,"LUFKIN ANGELINA CO AIRPORT, TX US",31.23593,-94.75468,87.1,11/29/2023,0,NA,18.3,2.2
USW00093987,"LUFKIN ANGELINA CO AIRPORT, TX US",31.23593,-94.75468,87.1,11/30/2023,7.4,NA,19.4,11.1
USW00093987,"LUFKIN ANGELINA CO AIRPORT, TX US",31.23593,-94.75468,87.1,12/1/2023,0,NA,21.7,16.1
USW00093987,"LUFKIN ANGELINA CO AIRPORT, TX US",31.23593,-94.75468,87.1,12/2/2023,0,NA,23.3,10
USW00093987,"LUFKIN ANGELINA CO AIRPORT, TX US",31.23593,-94.75468,87.1,12/3/2023,0,NA,21.7,5.6
USW00093987,"LUFKIN ANGELINA CO AIRPORT, TX US",31.23593,-94.75468,87.1,12/4/2023,0,NA,20,3.9
USW00093987,"LUFKIN ANGELINA CO AIRPORT, TX US",31.23593,-94.75468,87.1,12/5/2023,0,NA,21.7,2.2
USW00093987,"LUFKIN ANGELINA CO AIRPORT, TX US",31.23593,-94.75468,87.1,12/6/2023,0,NA,18.9,5.6
USW00093987,"LUFKIN ANGELINA CO AIRPORT, TX US",31.23593,-94.75468,87.1,12/7/2023,0,NA,20.6,3.9
USW00093987,"LUFKIN ANGELINA CO AIRPORT, TX US",31.23593,-94.75468,87.1,12/8/2023,1,NA,23.3,13.3
USW00093987,"LUFKIN ANGELINA CO AIRPORT, TX US",31.23593,-94.75468,87.1,12/9/2023,0,NA,28.3,13.3
USW00093987,"LUFKIN ANGELINA CO AIRPORT, TX US",31.23593,-94.75468,87.1,12/10/2023,0,NA,15,0.6
USW00093987,"LUFKIN ANGELINA CO AIRPORT, TX US",31.23593,-94.75468,87.1,12/11/2023,0,NA,17.8,-2.1
USW00093987,"LUFKIN ANGELINA CO AIRPORT, TX US",31.23593,-94.75468,87.1,12/12/2023,0,NA,18.9,0.6
USW00093987,"LUFKIN ANGELINA CO AIRPORT, TX US",31.23593,-94.75468,87.1,12/13/2023,0,NA,14.4,2.8
USW00093987,"LUFKIN ANGELINA CO AIRPORT, TX US",31.23593,-94.75468,87.1,12/14/2023,0,NA,21.7,5.6
USW00093987,"LUFKIN ANGELINA CO AIRPORT, TX US",31.23593,-94.75468,87.1,12/15/2023,26.4,NA,21.1,7.8
USW00093987,"LUFKIN ANGELINA CO AIRPORT, TX US",31.23593,-94.75468,87.1,12/16/2023,2.8,NA,16.7,4.4
USW00093987,"LUFKIN ANGELINA CO AIRPORT, TX US",31.23593,-94.75468,87.1,12/17/2023,0,NA,18.9,1.1
USW00093987,"LUFKIN ANGELINA CO AIRPORT, TX US",31.23593,-94.75468,87.1,12/18/2023,0,NA,21.1,2.8
USW00093987,"LUFKIN ANGELINA CO AIRPORT, TX US",31.23593,-94.75468,87.1,12/19/2023,0,NA,15,2.8
USW00093987,"LUFKIN ANGELINA CO AIRPORT, TX US",31.23593,-94.75468,87.1,12/20/2023,0,NA,20.6,5.6
USW00093987,"LUFKIN ANGELINA CO AIRPORT, TX US",31.23593,-94.75468,87.1,12/21/2023,0,NA,18.3,9.4
USW00093987,"LUFKIN ANGELINA CO AIRPORT, TX US",31.23593,-94.75468,87.1,12/22/2023,9.4,NA,22.2,12.2
USW00093987,"LUFKIN ANGELINA CO AIRPORT, TX US",31.23593,-94.75468,87.1,12/23/2023,3.3,NA,22.8,15
USW00093987,"LUFKIN ANGELINA CO AIRPORT, TX US",31.23593,-94.75468,87.1,12/24/2023,19,NA,17.8,13.9
USW00093987,"LUFKIN ANGELINA CO AIRPORT, TX US",31.23593,-94.75468,87.1,12/25/2023,0,NA,14.4,3.9
USW00093987,"LUFKIN ANGELINA CO AIRPORT, TX US",31.23593,-94.75468,87.1,12/26/2023,0,NA,13.9,0
USW00093987,"LUFKIN ANGELINA CO AIRPORT, TX US",31.23593,-94.75468,87.1,12/27/2023,0,NA,16.1,2.8
USW00093987,"LUFKIN ANGELINA CO AIRPORT, TX US",31.23593,-94.75468,87.1,12/28/2023,0,NA,11.1,-0.5
USW00093987,"LUFKIN ANGELINA CO AIRPORT, TX US",31.23593,-94.75468,87.1,12/29/2023,0,NA,12.8,-2.1
USW00093987,"LUFKIN ANGELINA CO AIRPORT, TX US",31.23593,-94.75468,87.1,12/30/2023,0,NA,17.2,-1
USW00093987,"LUFKIN ANGELINA CO AIRPORT, TX US",31.23593,-94.75468,87.1,12/31/2023,0,NA,21.7,0.6
USW00093987,"LUFKIN ANGELINA CO AIRPORT, TX US",31.23593,-94.75468,87.1,1/1/2024,10.2,NA,14.4,5
USW00093987,"LUFKIN ANGELINA CO AIRPORT, TX US",31.23593,-94.75468,87.1,1/2/2024,13.2,NA,15,0.6
USW00093987,"LUFKIN ANGELINA CO AIRPORT, TX US",31.23593,-94.75468,87.1,1/3/2024,3,NA,13.9,3.3
USW00093987,"LUFKIN ANGELINA CO AIRPORT, TX US",31.23593,-94.75468,87.1,1/4/2024,0,NA,16.7,0.6
USW00093987,"LUFKIN ANGELINA CO AIRPORT, TX US",31.23593,-94.75468,87.1,1/5/2024,34.3,NA,10.6,3.3
USW00093987,"LUFKIN ANGELINA CO AIRPORT, TX US",31.23593,-94.75468,87.1,1/6/2024,0,NA,13.3,1.7
USW00093987,"LUFKIN ANGELINA CO AIRPORT, TX US",31.23593,-94.75468,87.1,1/7/2024,0,NA,16.1,-1
USW00093987,"LUFKIN ANGELINA CO AIRPORT, TX US",31.23593,-94.75468,87.1,1/8/2024,10.9,NA,18.9,8.3
USW00093987,"LUFKIN ANGELINA CO AIRPORT, TX US",31.23593,-94.75468,87.1,1/9/2024,0,NA,11.1,-0.5
USW00093987,"LUFKIN ANGELINA CO AIRPORT, TX US",31.23593,-94.75468,87.1,1/10/2024,0,NA,18.9,-2.1
USW00093987,"LUFKIN ANGELINA CO AIRPORT, TX US",31.23593,-94.75468,87.1,1/11/2024,0,NA,24.4,6.7
USW00093987,"LUFKIN ANGELINA CO AIRPORT, TX US",31.23593,-94.75468,87.1,1/12/2024,0,NA,21.1,-1.6
USW00093987,"LUFKIN ANGELINA CO AIRPORT, TX US",31.23593,-94.75468,87.1,1/13/2024,0,NA,16.1,-3.2
USW00093987,"LUFKIN ANGELINA CO AIRPORT, TX US",31.23593,-94.75468,87.1,1/14/2024,0,NA,7.2,-2.1
USW00093987,"LUFKIN ANGELINA CO AIRPORT, TX US",31.23593,-94.75468,87.1,1/15/2024,0.5,NA,-2.1,-5.5
USW00093987,"LUFKIN ANGELINA CO AIRPORT, TX US",31.23593,-94.75468,87.1,1/16/2024,0,NA,-0.5,-8.8
USW00093987,"LUFKIN ANGELINA CO AIRPORT, TX US",31.23593,-94.75468,87.1,1/17/2024,0,NA,7.8,-9.9
USW00093987,"LUFKIN ANGELINA CO AIRPORT, TX US",31.23593,-94.75468,87.1,1/18/2024,0,NA,18.3,2.8
USW00093987,"LUFKIN ANGELINA CO AIRPORT, TX US",31.23593,-94.75468,87.1,1/19/2024,0,NA,10.6,-0.5
USW00093987,"LUFKIN ANGELINA CO AIRPORT, TX US",31.23593,-94.75468,87.1,1/20/2024,0,NA,7.8,-3.2
USW00093987,"LUFKIN ANGELINA CO AIRPORT, TX US",31.23593,-94.75468,87.1,1/21/2024,0,NA,5.6,-1.6
USW00093987,"LUFKIN ANGELINA CO AIRPORT, TX US",31.23593,-94.75468,87.1,1/22/2024,55.1,NA,16.7,3.9
USW00093987,"LUFKIN ANGELINA CO AIRPORT, TX US",31.23593,-94.75468,87.1,1/23/2024,105.7,NA,19.4,16.1
USW00093987,"LUFKIN ANGELINA CO AIRPORT, TX US",31.23593,-94.75468,87.1,1/24/2024,42.4,NA,17.2,15.6
USW00093987,"LUFKIN ANGELINA CO AIRPORT, TX US",31.23593,-94.75468,87.1,1/25/2024,19.8,NA,16.7,8.3
USW00093987,"LUFKIN ANGELINA CO AIRPORT, TX US",31.23593,-94.75468,87.1,1/26/2024,11.7,NA,18.3,8.9
USW00093987,"LUFKIN ANGELINA CO AIRPORT, TX US",31.23593,-94.75468,87.1,1/27/2024,0,NA,15,6.7
USW00093987,"LUFKIN ANGELINA CO AIRPORT, TX US",31.23593,-94.75468,87.1,1/28/2024,0,NA,17.2,4.4
USW00093987,"LUFKIN ANGELINA CO AIRPORT, TX US",31.23593,-94.75468,87.1,1/29/2024,0,NA,20.6,1.7
USW00093987,"LUFKIN ANGELINA CO AIRPORT, TX US",31.23593,-94.75468,87.1,1/30/2024,0,NA,24.4,6.1
USW00093987,"LUFKIN ANGELINA CO AIRPORT, TX US",31.23593,-94.75468,87.1,1/31/2024,0,NA,24.4,5.6
USW00093987,"LUFKIN ANGELINA CO AIRPORT, TX US",31.23593,-94.75468,87.1,2/1/2024,0,NA,22.2,7.8
USW00093987,"LUFKIN ANGELINA CO AIRPORT, TX US",31.23593,-94.75468,87.1,2/2/2024,2,NA,23.9,10
USW00093987,"LUFKIN ANGELINA CO AIRPORT, TX US",31.23593,-94.75468,87.1,2/3/2024,54.1,NA,16.7,10.6
USW00093987,"LUFKIN ANGELINA CO AIRPORT, TX US",31.23593,-94.75468,87.1,2/4/2024,0,NA,18.3,10.6
USW00093987,"LUFKIN ANGELINA CO AIRPORT, TX US",31.23593,-94.75468,87.1,2/5/2024,0,NA,18.9,8.3
USW00093987,"LUFKIN ANGELINA CO AIRPORT, TX US",31.23593,-94.75468,87.1,2/6/2024,0,NA,21.1,3.3
USW00093987,"LUFKIN ANGELINA CO AIRPORT, TX US",31.23593,-94.75468,87.1,2/7/2024,0,NA,21.7,7.8
USW00093987,"LUFKIN ANGELINA CO AIRPORT, TX US",31.23593,-94.75468,87.1,2/8/2024,0,NA,22.8,15
USW00093987,"LUFKIN ANGELINA CO AIRPORT, TX US",31.23593,-94.75468,87.1,2/9/2024,0.8,NA,23.9,17.2
USW00093987,"LUFKIN ANGELINA CO AIRPORT, TX US",31.23593,-94.75468,87.1,2/10/2024,44.7,NA,19.4,15
USW00093987,"LUFKIN ANGELINA CO AIRPORT, TX US",31.23593,-94.75468,87.1,2/11/2024,1.8,NA,21.7,10.6
USW00093987,"LUFKIN ANGELINA CO AIRPORT, TX US",31.23593,-94.75468,87.1,2/12/2024,0,NA,13.9,3.3
USW00093987,"LUFKIN ANGELINA CO AIRPORT, TX US",31.23593,-94.75468,87.1,2/13/2024,0,NA,18.3,1.1
USW00093987,"LUFKIN ANGELINA CO AIRPORT, TX US",31.23593,-94.75468,87.1,2/14/2024,0,NA,20,2.2
USW00093987,"LUFKIN ANGELINA CO AIRPORT, TX US",31.23593,-94.75468,87.1,2/15/2024,0,NA,23.3,7.8
USW00093987,"LUFKIN ANGELINA CO AIRPORT, TX US",31.23593,-94.75468,87.1,2/16/2024,0,NA,21.7,12.2
USW00093987,"LUFKIN ANGELINA CO AIRPORT, TX US",31.23593,-94.75468,87.1,2/17/2024,0,NA,12.2,1.1
USW00093987,"LUFKIN ANGELINA CO AIRPORT, TX US",31.23593,-94.75468,87.1,2/18/2024,0,NA,13.3,0
USW00093987,"LUFKIN ANGELINA CO AIRPORT, TX US",31.23593,-94.75468,87.1,2/19/2024,0,NA,18.3,-2.1
USW00093987,"LUFKIN ANGELINA CO AIRPORT, TX US",31.23593,-94.75468,87.1,2/20/2024,0,NA,25.6,3.9
USW00093987,"LUFKIN ANGELINA CO AIRPORT, TX US",31.23593,-94.75468,87.1,2/21/2024,0,NA,26.7,15
USW00093987,"LUFKIN ANGELINA CO AIRPORT, TX US",31.23593,-94.75468,87.1,2/22/2024,0,NA,26.1,16.7
USW00093987,"LUFKIN ANGELINA CO AIRPORT, TX US",31.23593,-94.75468,87.1,2/23/2024,0,NA,24.4,9.4
USW00093987,"LUFKIN ANGELINA CO AIRPORT, TX US",31.23593,-94.75468,87.1,2/24/2024,0,NA,26.1,5.6
USW00093987,"LUFKIN ANGELINA CO AIRPORT, TX US",31.23593,-94.75468,87.1,2/25/2024,0,NA,27.8,7.8
USW00093987,"LUFKIN ANGELINA CO AIRPORT, TX US",31.23593,-94.75468,87.1,2/26/2024,0,NA,29.4,18.3
USW00093987,"LUFKIN ANGELINA CO AIRPORT, TX US",31.23593,-94.75468,87.1,2/27/2024,0,NA,30.6,20
USW00093987,"LUFKIN ANGELINA CO AIRPORT, TX US",31.23593,-94.75468,87.1,2/28/2024,0,NA,22.2,9.4
USW00093987,"LUFKIN ANGELINA CO AIRPORT, TX US",31.23593,-94.75468,87.1,2/29/2024,0,NA,11.7,7.2
USW00093987,"LUFKIN ANGELINA CO AIRPORT, TX US",31.23593,-94.75468,87.1,3/1/2024,0,NA,21.1,7.2
USW00093987,"LUFKIN ANGELINA CO AIRPORT, TX US",31.23593,-94.75468,87.1,3/2/2024,0,NA,25,7.8
USW00093987,"LUFKIN ANGELINA CO AIRPORT, TX US",31.23593,-94.75468,87.1,3/3/2024,0,NA,27.2,14.4
USW00093987,"LUFKIN ANGELINA CO AIRPORT, TX US",31.23593,-94.75468,87.1,3/4/2024,3.8,NA,27.8,20
USW00093987,"LUFKIN ANGELINA CO AIRPORT, TX US",31.23593,-94.75468,87.1,3/5/2024,14,NA,26.1,16.1
USW00093987,"LUFKIN ANGELINA CO AIRPORT, TX US",31.23593,-94.75468,87.1,3/6/2024,0,NA,28.9,13.3
USW00093987,"LUFKIN ANGELINA CO AIRPORT, TX US",31.23593,-94.75468,87.1,3/7/2024,0.3,NA,25,15
USW00093987,"LUFKIN ANGELINA CO AIRPORT, TX US",31.23593,-94.75468,87.1,3/8/2024,7.9,NA,22.8,15.6
USW00093987,"LUFKIN ANGELINA CO AIRPORT, TX US",31.23593,-94.75468,87.1,3/9/2024,0,NA,16.1,7.2
USW00093987,"LUFKIN ANGELINA CO AIRPORT, TX US",31.23593,-94.75468,87.1,3/10/2024,0,NA,20.6,3.3
USW00093987,"LUFKIN ANGELINA CO AIRPORT, TX US",31.23593,-94.75468,87.1,3/11/2024,0,NA,22.8,9.4
USW00093987,"LUFKIN ANGELINA CO AIRPORT, TX US",31.23593,-94.75468,87.1,3/12/2024,0,NA,25.6,8.3
USW00093987,"LUFKIN ANGELINA CO AIRPORT, TX US",31.23593,-94.75468,87.1,3/13/2024,0,NA,28.9,17.2
USW00093987,"LUFKIN ANGELINA CO AIRPORT, TX US",31.23593,-94.75468,87.1,3/14/2024,0,NA,31.1,22.2
USW00093987,"LUFKIN ANGELINA CO AIRPORT, TX US",31.23593,-94.75468,87.1,3/15/2024,4.1,NA,25.6,18.3
USW00093987,"LUFKIN ANGELINA CO AIRPORT, TX US",31.23593,-94.75468,87.1,3/16/2024,0,NA,22.2,16.1
USW00093987,"LUFKIN ANGELINA CO AIRPORT, TX US",31.23593,-94.75468,87.1,3/17/2024,20.3,NA,20.6,16.1
USW00093987,"LUFKIN ANGELINA CO AIRPORT, TX US",31.23593,-94.75468,87.1,3/18/2024,0,NA,19.4,7.2
USW00093987,"LUFKIN ANGELINA CO AIRPORT, TX US",31.23593,-94.75468,87.1,3/19/2024,0,NA,19.4,2.8
USW00093987,"LUFKIN ANGELINA CO AIRPORT, TX US",31.23593,-94.75468,87.1,3/20/2024,0,NA,NA,NA
USW00093987,"LUFKIN ANGELINA CO AIRPORT, TX US",31.23593,-94.75468,87.1,3/21/2024,13.5,NA,NA,NA
USW00093987,"LUFKIN ANGELINA CO AIRPORT, TX US",31.23593,-94.75468,87.1,3/22/2024,9.4,NA,NA,NA
USW00093987,"LUFKIN ANGELINA CO AIRPORT, TX US",31.23593,-94.75468,87.1,3/23/2024,0,NA,NA,NA
USW00093987,"LUFKIN ANGELINA CO AIRPORT, TX US",31.23593,-94.75468,87.1,3/24/2024,0,NA,NA,NA
USW00093987,"LUFKIN ANGELINA CO AIRPORT, TX US",31.23593,-94.75468,87.1,3/25/2024,9.1,NA,NA,NA
USW00093987,"LUFKIN ANGELINA CO AIRPORT, TX US",31.23593,-94.75468,87.1,3/26/2024,0,NA,19.4,8.3
USW00093987,"LUFKIN ANGELINA CO AIRPORT, TX US",31.23593,-94.75468,87.1,3/27/2024,0,NA,19.4,7.2
USW00093987,"LUFKIN ANGELINA CO AIRPORT, TX US",31.23593,-94.75468,87.1,3/28/2024,0,NA,23.3,5.6
USW00093987,"LUFKIN ANGELINA CO AIRPORT, TX US",31.23593,-94.75468,87.1,3/29/2024,0,NA,25.6,10
USW00093987,"LUFKIN ANGELINA CO AIRPORT, TX US",31.23593,-94.75468,87.1,3/30/2024,0,NA,23.9,13.3
USW00093987,"LUFKIN ANGELINA CO AIRPORT, TX US",31.23593,-94.75468,87.1,3/31/2024,0,NA,28.3,17.2
USW00093987,"LUFKIN ANGELINA CO AIRPORT, TX US",31.23593,-94.75468,87.1,4/1/2024,0,NA,27.2,21.1
USW00093987,"LUFKIN ANGELINA CO AIRPORT, TX US",31.23593,-94.75468,87.1,4/2/2024,1.5,NA,26.7,12.8
USW00093987,"LUFKIN ANGELINA CO AIRPORT, TX US",31.23593,-94.75468,87.1,4/3/2024,0,NA,25,7.2
USW00093987,"LUFKIN ANGELINA CO AIRPORT, TX US",31.23593,-94.75468,87.1,4/4/2024,0,NA,27.8,5.6
USW00093987,"LUFKIN ANGELINA CO AIRPORT, TX US",31.23593,-94.75468,87.1,4/5/2024,0,NA,29.4,10
USW00093987,"LUFKIN ANGELINA CO AIRPORT, TX US",31.23593,-94.75468,87.1,4/6/2024,0,NA,28.9,11.7
USW00093987,"LUFKIN ANGELINA CO AIRPORT, TX US",31.23593,-94.75468,87.1,4/7/2024,0,NA,27.8,18.9
USW00093987,"LUFKIN ANGELINA CO AIRPORT, TX US",31.23593,-94.75468,87.1,4/8/2024,28.7,NA,27.2,18.9
USW00093987,"LUFKIN ANGELINA CO AIRPORT, TX US",31.23593,-94.75468,87.1,4/9/2024,17.8,NA,24.4,17.8
USW00093987,"LUFKIN ANGELINA CO AIRPORT, TX US",31.23593,-94.75468,87.1,4/10/2024,16.8,NA,22.2,15
USW00093987,"LUFKIN ANGELINA CO AIRPORT, TX US",31.23593,-94.75468,87.1,4/11/2024,0,NA,25.6,10.6
USW00093987,"LUFKIN ANGELINA CO AIRPORT, TX US",31.23593,-94.75468,87.1,4/12/2024,0,NA,27.8,7.8
USW00093987,"LUFKIN ANGELINA CO AIRPORT, TX US",31.23593,-94.75468,87.1,4/13/2024,0,NA,28.3,10
USW00093987,"LUFKIN ANGELINA CO AIRPORT, TX US",31.23593,-94.75468,87.1,4/14/2024,0,NA,27.8,13.9
USW00093987,"LUFKIN ANGELINA CO AIRPORT, TX US",31.23593,-94.75468,87.1,4/15/2024,0,NA,26.7,18.9
USW00093987,"LUFKIN ANGELINA CO AIRPORT, TX US",31.23593,-94.75468,87.1,4/16/2024,0,NA,28.9,20.6
USW00093987,"LUFKIN ANGELINA CO AIRPORT, TX US",31.23593,-94.75468,87.1,4/17/2024,0,NA,26.7,21.7
USW00093987,"LUFKIN ANGELINA CO AIRPORT, TX US",31.23593,-94.75468,87.1,4/18/2024,2.3,NA,30,21.1
USW00093987,"LUFKIN ANGELINA CO AIRPORT, TX US",31.23593,-94.75468,87.1,4/19/2024,0,NA,30,20.6
USW00093987,"LUFKIN ANGELINA CO AIRPORT, TX US",31.23593,-94.75468,87.1,4/20/2024,44.2,NA,21.7,10.6
USW00093987,"LUFKIN ANGELINA CO AIRPORT, TX US",31.23593,-94.75468,87.1,4/21/2024,1.8,NA,20.6,10
USW00093987,"LUFKIN ANGELINA CO AIRPORT, TX US",31.23593,-94.75468,87.1,4/22/2024,0,NA,21.7,7.8
USW00093987,"LUFKIN ANGELINA CO AIRPORT, TX US",31.23593,-94.75468,87.1,4/23/2024,0,NA,25,8.9
USW00093987,"LUFKIN ANGELINA CO AIRPORT, TX US",31.23593,-94.75468,87.1,4/24/2024,0,NA,28.9,18.9
USW00093987,"LUFKIN ANGELINA CO AIRPORT, TX US",31.23593,-94.75468,87.1,4/25/2024,0,NA,28.3,17.2
USW00093987,"LUFKIN ANGELINA CO AIRPORT, TX US",31.23593,-94.75468,87.1,4/26/2024,0,NA,28.9,21.7
USW00093987,"LUFKIN ANGELINA CO AIRPORT, TX US",31.23593,-94.75468,87.1,4/27/2024,0,NA,29.4,22.2
USW00093987,"LUFKIN ANGELINA CO AIRPORT, TX US",31.23593,-94.75468,87.1,4/28/2024,53.1,NA,28.3,18.3
USW00093987,"LUFKIN ANGELINA CO AIRPORT, TX US",31.23593,-94.75468,87.1,4/29/2024,1.5,NA,26.1,17.8
USW00093987,"LUFKIN ANGELINA CO AIRPORT, TX US",31.23593,-94.75468,87.1,4/30/2024,0,NA,30,17.2
USW00093987,"LUFKIN ANGELINA CO AIRPORT, TX US",31.23593,-94.75468,87.1,5/1/2024,19.8,NA,30.6,17.2
USW00093987,"LUFKIN ANGELINA CO AIRPORT, TX US",31.23593,-94.75468,87.1,5/2/2024,51.1,NA,25,20
USW00093987,"LUFKIN ANGELINA CO AIRPORT, TX US",31.23593,-94.75468,87.1,5/3/2024,3.3,NA,24.4,18.3
USW00093987,"LUFKIN ANGELINA CO AIRPORT, TX US",31.23593,-94.75468,87.1,5/4/2024,1.5,NA,26.7,18.3
USW00093987,"LUFKIN ANGELINA CO AIRPORT, TX US",31.23593,-94.75468,87.1,5/5/2024,41.9,NA,28.3,19.4
USW00093987,"LUFKIN ANGELINA CO AIRPORT, TX US",31.23593,-94.75468,87.1,5/6/2024,0,NA,29.4,20.6
USW00093987,"LUFKIN ANGELINA CO AIRPORT, TX US",31.23593,-94.75468,87.1,5/7/2024,0,NA,31.7,24.4
USW00093987,"LUFKIN ANGELINA CO AIRPORT, TX US",31.23593,-94.75468,87.1,5/8/2024,0,NA,30.6,23.3
USW00093987,"LUFKIN ANGELINA CO AIRPORT, TX US",31.23593,-94.75468,87.1,5/9/2024,29,NA,31.1,22.8
USW00093987,"LUFKIN ANGELINA CO AIRPORT, TX US",31.23593,-94.75468,87.1,5/10/2024,0,NA,30,18.3
USW00093987,"LUFKIN ANGELINA CO AIRPORT, TX US",31.23593,-94.75468,87.1,5/11/2024,4.3,NA,27.8,17.8
USW00093987,"LUFKIN ANGELINA CO AIRPORT, TX US",31.23593,-94.75468,87.1,5/12/2024,103.4,NA,19.4,17.8
USW00093987,"LUFKIN ANGELINA CO AIRPORT, TX US",31.23593,-94.75468,87.1,5/13/2024,2.5,NA,27.2,18.3
USW00093987,"LUFKIN ANGELINA CO AIRPORT, TX US",31.23593,-94.75468,87.1,5/14/2024,0,NA,29.4,17.8
USW00093987,"LUFKIN ANGELINA CO AIRPORT, TX US",31.23593,-94.75468,87.1,5/15/2024,0,NA,31.7,15
USW00093987,"LUFKIN ANGELINA CO AIRPORT, TX US",31.23593,-94.75468,87.1,5/16/2024,33.5,NA,28.3,18.9
USW00093987,"LUFKIN ANGELINA CO AIRPORT, TX US",31.23593,-94.75468,87.1,5/17/2024,0,NA,26.7,17.8
USW00093987,"LUFKIN ANGELINA CO AIRPORT, TX US",31.23593,-94.75468,87.1,5/18/2024,0,NA,32.8,17.8
USW00093987,"LUFKIN ANGELINA CO AIRPORT, TX US",31.23593,-94.75468,87.1,5/19/2024,0,NA,32.8,21.1
USW00093987,"LUFKIN ANGELINA CO AIRPORT, TX US",31.23593,-94.75468,87.1,5/20/2024,0,NA,32.2,20.6
USW00093987,"LUFKIN ANGELINA CO AIRPORT, TX US",31.23593,-94.75468,87.1,5/21/2024,0,NA,32.8,23.9
USW00093987,"LUFKIN ANGELINA CO AIRPORT, TX US",31.23593,-94.75468,87.1,5/22/2024,1,NA,32.8,24.4
USW00093987,"LUFKIN ANGELINA CO AIRPORT, TX US",31.23593,-94.75468,87.1,5/23/2024,0,NA,29.4,24.4
USW00093987,"LUFKIN ANGELINA CO AIRPORT, TX US",31.23593,-94.75468,87.1,5/24/2024,0,NA,32.8,24.4
USW00093987,"LUFKIN ANGELINA CO AIRPORT, TX US",31.23593,-94.75468,87.1,5/25/2024,0,NA,33.9,24.4
USW00093987,"LUFKIN ANGELINA CO AIRPORT, TX US",31.23593,-94.75468,87.1,5/26/2024,0,NA,32.8,24.4
USW00093987,"LUFKIN ANGELINA CO AIRPORT, TX US",31.23593,-94.75468,87.1,5/27/2024,0,NA,32.8,23.9
USW00093987,"LUFKIN ANGELINA CO AIRPORT, TX US",31.23593,-94.75468,87.1,5/28/2024,10.2,NA,27.8,18.9
USW00093987,"LUFKIN ANGELINA CO AIRPORT, TX US",31.23593,-94.75468,87.1,5/29/2024,2.8,NA,30.6,19.4
USW00093987,"LUFKIN ANGELINA CO AIRPORT, TX US",31.23593,-94.75468,87.1,5/30/2024,65.3,NA,31.7,18.9
USW00093987,"LUFKIN ANGELINA CO AIRPORT, TX US",31.23593,-94.75468,87.1,5/31/2024,7.1,NA,27.8,18.9
USW00093987,"LUFKIN ANGELINA CO AIRPORT, TX US",31.23593,-94.75468,87.1,6/1/2024,9.9,NA,31.7,18.9
USW00093987,"LUFKIN ANGELINA CO AIRPORT, TX US",31.23593,-94.75468,87.1,6/2/2024,41.1,NA,32.2,20.6
USW00093987,"LUFKIN ANGELINA CO AIRPORT, TX US",31.23593,-94.75468,87.1,6/3/2024,2.3,NA,31.7,19.4
USW00093987,"LUFKIN ANGELINA CO AIRPORT, TX US",31.23593,-94.75468,87.1,6/4/2024,2.8,NA,30.6,21.1
USW00093987,"LUFKIN ANGELINA CO AIRPORT, TX US",31.23593,-94.75468,87.1,6/5/2024,8.4,NA,30,20.6
USW00093987,"LUFKIN ANGELINA CO AIRPORT, TX US",31.23593,-94.75468,87.1,6/6/2024,0,NA,33.9,21.1
USW00093987,"LUFKIN ANGELINA CO AIRPORT, TX US",31.23593,-94.75468,87.1,6/7/2024,0,NA,35,20.6
USW00093987,"LUFKIN ANGELINA CO AIRPORT, TX US",31.23593,-94.75468,87.1,6/8/2024,0,NA,34.4,21.7
USW00093987,"LUFKIN ANGELINA CO AIRPORT, TX US",31.23593,-94.75468,87.1,6/9/2024,0,NA,34.4,22.2
USW00093987,"LUFKIN ANGELINA CO AIRPORT, TX US",31.23593,-94.75468,87.1,6/10/2024,1,NA,31.1,25
USW00093987,"LUFKIN ANGELINA CO AIRPORT, TX US",31.23593,-94.75468,87.1,6/11/2024,0.5,NA,32.8,22.8
USW00093987,"LUFKIN ANGELINA CO AIRPORT, TX US",31.23593,-94.75468,87.1,6/12/2024,0,NA,32.2,22.8
USW00093987,"LUFKIN ANGELINA CO AIRPORT, TX US",31.23593,-94.75468,87.1,6/13/2024,0,NA,33.3,21.7
USW00093987,"LUFKIN ANGELINA CO AIRPORT, TX US",31.23593,-94.75468,87.1,6/14/2024,0,NA,34.4,18.9
USW00093987,"LUFKIN ANGELINA CO AIRPORT, TX US",31.23593,-94.75468,87.1,6/15/2024,0,NA,34.4,20.6
USW00093987,"LUFKIN ANGELINA CO AIRPORT, TX US",31.23593,-94.75468,87.1,6/16/2024,0,NA,34.4,22.2
USW00093987,"LUFKIN ANGELINA CO AIRPORT, TX US",31.23593,-94.75468,87.1,6/17/2024,1,NA,33.9,23.9
USW00093987,"LUFKIN ANGELINA CO AIRPORT, TX US",31.23593,-94.75468,87.1,6/18/2024,6.9,NA,32.2,22.8
USW00093987,"LUFKIN ANGELINA CO AIRPORT, TX US",31.23593,-94.75468,87.1,6/19/2024,0.5,NA,32.2,23.9
USW00093987,"LUFKIN ANGELINA CO AIRPORT, TX US",31.23593,-94.75468,87.1,6/20/2024,0,NA,33.9,23.9
USW00093987,"LUFKIN ANGELINA CO AIRPORT, TX US",31.23593,-94.75468,87.1,6/21/2024,0,NA,33.9,23.3
USW00093987,"LUFKIN ANGELINA CO AIRPORT, TX US",31.23593,-94.75468,87.1,6/22/2024,0,NA,35,23.3
USW00093987,"LUFKIN ANGELINA CO AIRPORT, TX US",31.23593,-94.75468,87.1,6/23/2024,0,NA,35.6,23.3
USW00093987,"LUFKIN ANGELINA CO AIRPORT, TX US",31.23593,-94.75468,87.1,6/24/2024,0,NA,35.6,23.9
USW00093987,"LUFKIN ANGELINA CO AIRPORT, TX US",31.23593,-94.75468,87.1,6/25/2024,0,NA,36.1,24.4
USW00093987,"LUFKIN ANGELINA CO AIRPORT, TX US",31.23593,-94.75468,87.1,6/26/2024,0,NA,35.6,22.8
USW00093987,"LUFKIN ANGELINA CO AIRPORT, TX US",31.23593,-94.75468,87.1,6/27/2024,0.8,NA,34.4,22.8
USW00093987,"LUFKIN ANGELINA CO AIRPORT, TX US",31.23593,-94.75468,87.1,6/28/2024,0,NA,36.1,23.9
USW00093987,"LUFKIN ANGELINA CO AIRPORT, TX US",31.23593,-94.75468,87.1,6/29/2024,0,NA,36.7,25.6
USW00093987,"LUFKIN ANGELINA CO AIRPORT, TX US",31.23593,-94.75468,87.1,6/30/2024,0,NA,36.7,24.4
USW00093987,"LUFKIN ANGELINA CO AIRPORT, TX US",31.23593,-94.75468,87.1,7/1/2024,1,NA,36.7,25
USW00093987,"LUFKIN ANGELINA CO AIRPORT, TX US",31.23593,-94.75468,87.1,7/2/2024,0,NA,36.1,23.9
USW00093987,"LUFKIN ANGELINA CO AIRPORT, TX US",31.23593,-94.75468,87.1,7/3/2024,0,NA,36.1,25
USW00093987,"LUFKIN ANGELINA CO AIRPORT, TX US",31.23593,-94.75468,87.1,7/4/2024,0,NA,36.1,24.4
USW00093987,"LUFKIN ANGELINA CO AIRPORT, TX US",31.23593,-94.75468,87.1,7/5/2024,2,NA,36.1,24.4
USW00093987,"LUFKIN ANGELINA CO AIRPORT, TX US",31.23593,-94.75468,87.1,7/6/2024,0,NA,33.9,23.9
USW00093987,"LUFKIN ANGELINA CO AIRPORT, TX US",31.23593,-94.75468,87.1,7/7/2024,12.2,NA,33.9,22.2
USW00093987,"LUFKIN ANGELINA CO AIRPORT, TX US",31.23593,-94.75468,87.1,7/8/2024,87.6,NA,25,21.7
USW00093987,"LUFKIN ANGELINA CO AIRPORT, TX US",31.23593,-94.75468,87.1,7/9/2024,0,NA,32.2,20
USW00093987,"LUFKIN ANGELINA CO AIRPORT, TX US",31.23593,-94.75468,87.1,7/10/2024,0,NA,34.4,20.6
USW00093987,"LUFKIN ANGELINA CO AIRPORT, TX US",31.23593,-94.75468,87.1,7/11/2024,0,NA,34.4,21.7
USW00093987,"LUFKIN ANGELINA CO AIRPORT, TX US",31.23593,-94.75468,87.1,7/12/2024,0,NA,30,22.8
USW00093987,"LUFKIN ANGELINA CO AIRPORT, TX US",31.23593,-94.75468,87.1,7/13/2024,1.8,NA,30,23.3
USW00093987,"LUFKIN ANGELINA CO AIRPORT, TX US",31.23593,-94.75468,87.1,7/14/2024,0.3,NA,32.8,22.8
USW00093987,"LUFKIN ANGELINA CO AIRPORT, TX US",31.23593,-94.75468,87.1,7/15/2024,0,NA,34.4,23.3
USW00093987,"LUFKIN ANGELINA CO AIRPORT, TX US",31.23593,-94.75468,87.1,7/16/2024,0,NA,34.4,23.9
USW00093987,"LUFKIN ANGELINA CO AIRPORT, TX US",31.23593,-94.75468,87.1,7/17/2024,0,NA,35,23.9
USW00093987,"LUFKIN ANGELINA CO AIRPORT, TX US",31.23593,-94.75468,87.1,7/18/2024,49.5,NA,27.8,22.2
USW00093987,"LUFKIN ANGELINA CO AIRPORT, TX US",31.23593,-94.75468,87.1,7/19/2024,0,NA,32.2,23.3
USW00093987,"LUFKIN ANGELINA CO AIRPORT, TX US",31.23593,-94.75468,87.1,7/20/2024,0,NA,33.3,22.2
USW00093987,"LUFKIN ANGELINA CO AIRPORT, TX US",31.23593,-94.75468,87.1,7/21/2024,26.4,NA,35,22.2
USW00093987,"LUFKIN ANGELINA CO AIRPORT, TX US",31.23593,-94.75468,87.1,7/22/2024,7.9,NA,30,22.8
USW00093987,"LUFKIN ANGELINA CO AIRPORT, TX US",31.23593,-94.75468,87.1,7/23/2024,13.7,NA,27.8,22.2
USW00093987,"LUFKIN ANGELINA CO AIRPORT, TX US",31.23593,-94.75468,87.1,7/24/2024,1,NA,30,22.8
USW00093987,"LUFKIN ANGELINA CO AIRPORT, TX US",31.23593,-94.75468,87.1,7/25/2024,6.6,NA,25,21.7
USW00093987,"LUFKIN ANGELINA CO AIRPORT, TX US",31.23593,-94.75468,87.1,7/26/2024,59.4,NA,27.2,21.1
USW00093987,"LUFKIN ANGELINA CO AIRPORT, TX US",31.23593,-94.75468,87.1,7/27/2024,0.5,NA,28.9,23.3
USW00093987,"LUFKIN ANGELINA CO AIRPORT, TX US",31.23593,-94.75468,87.1,7/28/2024,0.3,NA,31.7,23.9
USW00093987,"LUFKIN ANGELINA CO AIRPORT, TX US",31.23593,-94.75468,87.1,7/29/2024,0,NA,34.4,25
USW00093987,"LUFKIN ANGELINA CO AIRPORT, TX US",31.23593,-94.75468,87.1,7/30/2024,0,NA,35,25.6
USW00093987,"LUFKIN ANGELINA CO AIRPORT, TX US",31.23593,-94.75468,87.1,7/31/2024,0,NA,35,25
USW00093987,"LUFKIN ANGELINA CO AIRPORT, TX US",31.23593,-94.75468,87.1,8/1/2024,0,NA,35,24.4
USW00093987,"LUFKIN ANGELINA CO AIRPORT, TX US",31.23593,-94.75468,87.1,8/2/2024,0,NA,36.1,24.4
USW00093987,"LUFKIN ANGELINA CO AIRPORT, TX US",31.23593,-94.75468,87.1,8/3/2024,0,NA,36.1,25
USW00093987,"LUFKIN ANGELINA CO AIRPORT, TX US",31.23593,-94.75468,87.1,8/4/2024,0,NA,36.1,23.9
USW00093987,"LUFKIN ANGELINA CO AIRPORT, TX US",31.23593,-94.75468,87.1,8/5/2024,0,NA,36.1,23.3
USW00093987,"LUFKIN ANGELINA CO AIRPORT, TX US",31.23593,-94.75468,87.1,8/6/2024,0,NA,36.7,23.3
USW00093987,"LUFKIN ANGELINA CO AIRPORT, TX US",31.23593,-94.75468,87.1,8/7/2024,0,NA,37.2,22.8
USW00093987,"LUFKIN ANGELINA CO AIRPORT, TX US",31.23593,-94.75468,87.1,8/8/2024,0,NA,37.2,23.9
USW00093987,"LUFKIN ANGELINA CO AIRPORT, TX US",31.23593,-94.75468,87.1,8/9/2024,0,NA,35,25
USW00093987,"LUFKIN ANGELINA CO AIRPORT, TX US",31.23593,-94.75468,87.1,8/10/2024,0,NA,33.9,23.9
USW00093987,"LUFKIN ANGELINA CO AIRPORT, TX US",31.23593,-94.75468,87.1,8/11/2024,0,NA,34.4,22.2
USW00093987,"LUFKIN ANGELINA CO AIRPORT, TX US",31.23593,-94.75468,87.1,8/12/2024,0,NA,35.6,22.8
USW00093987,"LUFKIN ANGELINA CO AIRPORT, TX US",31.23593,-94.75468,87.1,8/13/2024,0,NA,36.1,24.4
USW00093987,"LUFKIN ANGELINA CO AIRPORT, TX US",31.23593,-94.75468,87.1,8/14/2024,0,NA,36.1,25
USW00093987,"LUFKIN ANGELINA CO AIRPORT, TX US",31.23593,-94.75468,87.1,8/15/2024,0,NA,36.7,23.9
USW00093987,"LUFKIN ANGELINA CO AIRPORT, TX US",31.23593,-94.75468,87.1,8/16/2024,0,NA,36.7,24.4
USW00093987,"LUFKIN ANGELINA CO AIRPORT, TX US",31.23593,-94.75468,87.1,8/17/2024,0,NA,36.7,24.4
USW00093987,"LUFKIN ANGELINA CO AIRPORT, TX US",31.23593,-94.75468,87.1,8/18/2024,0,NA,37.2,25.6
USW00093987,"LUFKIN ANGELINA CO AIRPORT, TX US",31.23593,-94.75468,87.1,8/19/2024,0,NA,36.1,24.4
USW00093987,"LUFKIN ANGELINA CO AIRPORT, TX US",31.23593,-94.75468,87.1,8/20/2024,0,NA,37.8,26.1
USW00093987,"LUFKIN ANGELINA CO AIRPORT, TX US",31.23593,-94.75468,87.1,8/21/2024,0,NA,35,23.9
USW00093987,"LUFKIN ANGELINA CO AIRPORT, TX US",31.23593,-94.75468,87.1,8/22/2024,0,NA,35.6,23.3
USW00093987,"LUFKIN ANGELINA CO AIRPORT, TX US",31.23593,-94.75468,87.1,8/23/2024,0,NA,36.1,25
USW00093987,"LUFKIN ANGELINA CO AIRPORT, TX US",31.23593,-94.75468,87.1,8/24/2024,0,NA,35.6,23.3
USW00093987,"LUFKIN ANGELINA CO AIRPORT, TX US",31.23593,-94.75468,87.1,8/25/2024,0,NA,35.6,22.2
USW00093987,"LUFKIN ANGELINA CO AIRPORT, TX US",31.23593,-94.75468,87.1,8/26/2024,0,NA,34.4,22.8
USW00093987,"LUFKIN ANGELINA CO AIRPORT, TX US",31.23593,-94.75468,87.1,8/27/2024,0,NA,35,23.3
USW00093987,"LUFKIN ANGELINA CO AIRPORT, TX US",31.23593,-94.75468,87.1,8/28/2024,22.1,NA,35.6,22.8
USW00093987,"LUFKIN ANGELINA CO AIRPORT, TX US",31.23593,-94.75468,87.1,8/29/2024,13.7,NA,30,22.8
USW00093987,"LUFKIN ANGELINA CO AIRPORT, TX US",31.23593,-94.75468,87.1,8/30/2024,9.9,NA,32.2,23.3
USW00093987,"LUFKIN ANGELINA CO AIRPORT, TX US",31.23593,-94.75468,87.1,8/31/2024,5.8,NA,32.2,23.9
USW00093987,"LUFKIN ANGELINA CO AIRPORT, TX US",31.23593,-94.75468,87.1,9/1/2024,9.7,NA,31.1,23.9
USW00093987,"LUFKIN ANGELINA CO AIRPORT, TX US",31.23593,-94.75468,87.1,9/2/2024,3.6,NA,33.9,23.9
USW00093987,"LUFKIN ANGELINA CO AIRPORT, TX US",31.23593,-94.75468,87.1,9/3/2024,0.3,NA,34.4,23.3
USW00093987,"LUFKIN ANGELINA CO AIRPORT, TX US",31.23593,-94.75468,87.1,9/4/2024,0,NA,32.8,23.9
USW00093987,"LUFKIN ANGELINA CO AIRPORT, TX US",31.23593,-94.75468,87.1,9/5/2024,7.4,NA,26.7,23.9
USW00093987,"LUFKIN ANGELINA CO AIRPORT, TX US",31.23593,-94.75468,87.1,9/6/2024,0.3,NA,28.9,21.1
USW00093987,"LUFKIN ANGELINA CO AIRPORT, TX US",31.23593,-94.75468,87.1,9/7/2024,0,NA,29.4,20
USW00093987,"LUFKIN ANGELINA CO AIRPORT, TX US",31.23593,-94.75468,87.1,9/8/2024,0,NA,28.3,16.7
USW00093987,"LUFKIN ANGELINA CO AIRPORT, TX US",31.23593,-94.75468,87.1,9/9/2024,0,NA,30.6,14.4
USW00093987,"LUFKIN ANGELINA CO AIRPORT, TX US",31.23593,-94.75468,87.1,9/10/2024,14,NA,29.4,20
USW00093987,"LUFKIN ANGELINA CO AIRPORT, TX US",31.23593,-94.75468,87.1,9/11/2024,16.8,NA,26.1,22.8
USW00093987,"LUFKIN ANGELINA CO AIRPORT, TX US",31.23593,-94.75468,87.1,9/12/2024,0,NA,26.1,20.6
USW00093987,"LUFKIN ANGELINA CO AIRPORT, TX US",31.23593,-94.75468,87.1,9/13/2024,0,NA,33.3,17.8
USW00093987,"LUFKIN ANGELINA CO AIRPORT, TX US",31.23593,-94.75468,87.1,9/14/2024,0,NA,35,22.2
USW00093987,"LUFKIN ANGELINA CO AIRPORT, TX US",31.23593,-94.75468,87.1,9/15/2024,0,NA,31.7,22.2
USW00093987,"LUFKIN ANGELINA CO AIRPORT, TX US",31.23593,-94.75468,87.1,9/16/2024,0,NA,31.1,20
USW00093987,"LUFKIN ANGELINA CO AIRPORT, TX US",31.23593,-94.75468,87.1,9/17/2024,0,NA,32.2,19.4
USW00093987,"LUFKIN ANGELINA CO AIRPORT, TX US",31.23593,-94.75468,87.1,9/18/2024,0,NA,33.9,21.1
USW00093987,"LUFKIN ANGELINA CO AIRPORT, TX US",31.23593,-94.75468,87.1,9/19/2024,0,NA,34.4,21.7
USW00093987,"LUFKIN ANGELINA CO AIRPORT, TX US",31.23593,-94.75468,87.1,9/20/2024,0,NA,35,22.2
USW00093987,"LUFKIN ANGELINA CO AIRPORT, TX US",31.23593,-94.75468,87.1,9/21/2024,0,NA,33.9,22.8
USW00093987,"LUFKIN ANGELINA CO AIRPORT, TX US",31.23593,-94.75468,87.1,9/22/2024,0,NA,32.8,21.7
USW00093987,"LUFKIN ANGELINA CO AIRPORT, TX US",31.23593,-94.75468,87.1,9/23/2024,0,NA,33.3,21.1
USW00093987,"LUFKIN ANGELINA CO AIRPORT, TX US",31.23593,-94.75468,87.1,9/24/2024,3,NA,33.3,21.7
USW00093987,"LUFKIN ANGELINA CO AIRPORT, TX US",31.23593,-94.75468,87.1,9/25/2024,0.5,NA,30,21.1
USW00093987,"LUFKIN ANGELINA CO AIRPORT, TX US",31.23593,-94.75468,87.1,9/26/2024,0,NA,30.6,16.7
USW00093987,"LUFKIN ANGELINA CO AIRPORT, TX US",31.23593,-94.75468,87.1,9/27/2024,0,NA,30.6,15
USW00093987,"LUFKIN ANGELINA CO AIRPORT, TX US",31.23593,-94.75468,87.1,9/28/2024,0,NA,31.7,15
USW00093987,"LUFKIN ANGELINA CO AIRPORT, TX US",31.23593,-94.75468,87.1,9/29/2024,0,NA,32.2,14.4
USW00093987,"LUFKIN ANGELINA CO AIRPORT, TX US",31.23593,-94.75468,87.1,9/30/2024,0,NA,33.3,17.2
USW00093987,"LUFKIN ANGELINA CO AIRPORT, TX US",31.23593,-94.75468,87.1,10/1/2024,0,NA,33.9,18.3
USW00093987,"LUFKIN ANGELINA CO AIRPORT, TX US",31.23593,-94.75468,87.1,10/2/2024,0,NA,33.3,19.4
USW00093987,"LUFKIN ANGELINA CO AIRPORT, TX US",31.23593,-94.75468,87.1,10/3/2024,0,NA,32.2,17.8
USW00093987,"LUFKIN ANGELINA CO AIRPORT, TX US",31.23593,-94.75468,87.1,10/4/2024,0,NA,33.3,18.9
USW00093987,"LUFKIN ANGELINA CO AIRPORT, TX US",31.23593,-94.75468,87.1,10/5/2024,0,NA,31.1,19.4
USW00093987,"LUFKIN ANGELINA CO AIRPORT, TX US",31.23593,-94.75468,87.1,10/6/2024,0,NA,33.3,19.4
USW00093987,"LUFKIN ANGELINA CO AIRPORT, TX US",31.23593,-94.75468,87.1,10/7/2024,0,NA,33.3,16.7
USW00093987,"LUFKIN ANGELINA CO AIRPORT, TX US",31.23593,-94.75468,87.1,10/8/2024,0,NA,29.4,15
USW00093987,"LUFKIN ANGELINA CO AIRPORT, TX US",31.23593,-94.75468,87.1,10/9/2024,0,NA,30.6,10.6
USW00093987,"LUFKIN ANGELINA CO AIRPORT, TX US",31.23593,-94.75468,87.1,10/10/2024,0,NA,31.1,11.1
USW00093987,"LUFKIN ANGELINA CO AIRPORT, TX US",31.23593,-94.75468,87.1,10/11/2024,0,NA,31.7,11.7
USW00093987,"LUFKIN ANGELINA CO AIRPORT, TX US",31.23593,-94.75468,87.1,10/12/2024,0,NA,32.8,13.9
USW00093987,"LUFKIN ANGELINA CO AIRPORT, TX US",31.23593,-94.75468,87.1,10/13/2024,0,NA,34.4,17.8
USW00093987,"LUFKIN ANGELINA CO AIRPORT, TX US",31.23593,-94.75468,87.1,10/14/2024,0,NA,31.1,17.2
USW00093987,"LUFKIN ANGELINA CO AIRPORT, TX US",31.23593,-94.75468,87.1,10/15/2024,0,NA,33.3,12.8
USW00093987,"LUFKIN ANGELINA CO AIRPORT, TX US",31.23593,-94.75468,87.1,10/16/2024,0,NA,21.7,7.8
USW00093987,"LUFKIN ANGELINA CO AIRPORT, TX US",31.23593,-94.75468,87.1,10/17/2024,0,NA,22.2,4.4
USW00093987,"LUFKIN ANGELINA CO AIRPORT, TX US",31.23593,-94.75468,87.1,10/18/2024,0,NA,25,5.6
USW00093987,"LUFKIN ANGELINA CO AIRPORT, TX US",31.23593,-94.75468,87.1,10/19/2024,0,NA,27.2,10
USW00093987,"LUFKIN ANGELINA CO AIRPORT, TX US",31.23593,-94.75468,87.1,10/20/2024,0,NA,28.9,9.4
USW00093987,"LUFKIN ANGELINA CO AIRPORT, TX US",31.23593,-94.75468,87.1,10/21/2024,0,NA,28.9,8.3
USW00093987,"LUFKIN ANGELINA CO AIRPORT, TX US",31.23593,-94.75468,87.1,10/22/2024,0,NA,30,8.9
USW00093987,"LUFKIN ANGELINA CO AIRPORT, TX US",31.23593,-94.75468,87.1,10/23/2024,0,NA,31.1,16.7
USW00093987,"LUFKIN ANGELINA CO AIRPORT, TX US",31.23593,-94.75468,87.1,10/24/2024,0,NA,30.6,13.9
USW00093987,"LUFKIN ANGELINA CO AIRPORT, TX US",31.23593,-94.75468,87.1,10/25/2024,0,NA,31.1,13.9
USW00093987,"LUFKIN ANGELINA CO AIRPORT, TX US",31.23593,-94.75468,87.1,10/26/2024,0,NA,31.7,17.8
USW00093987,"LUFKIN ANGELINA CO AIRPORT, TX US",31.23593,-94.75468,87.1,10/27/2024,0,NA,31.7,16.7
USW00093987,"LUFKIN ANGELINA CO AIRPORT, TX US",31.23593,-94.75468,87.1,10/28/2024,0,NA,31.1,16.1
USW00093987,"LUFKIN ANGELINA CO AIRPORT, TX US",31.23593,-94.75468,87.1,10/29/2024,0,NA,31.7,20
USW00093987,"LUFKIN ANGELINA CO AIRPORT, TX US",31.23593,-94.75468,87.1,10/30/2024,8.1,NA,28.3,22.2
USW00093987,"LUFKIN ANGELINA CO AIRPORT, TX US",31.23593,-94.75468,87.1,10/31/2024,2,NA,30,21.7
USW00093987,"LUFKIN ANGELINA CO AIRPORT, TX US",31.23593,-94.75468,87.1,11/1/2024,0.5,NA,24.4,20.6
USW00093987,"LUFKIN ANGELINA CO AIRPORT, TX US",31.23593,-94.75468,87.1,11/2/2024,3.6,NA,28.3,21.1
USW00093987,"LUFKIN ANGELINA CO AIRPORT, TX US",31.23593,-94.75468,87.1,11/3/2024,5.3,NA,26.1,21.1
USW00093987,"LUFKIN ANGELINA CO AIRPORT, TX US",31.23593,-94.75468,87.1,11/4/2024,19.6,NA,29.4,23.9
USW00093987,"LUFKIN ANGELINA CO AIRPORT, TX US",31.23593,-94.75468,87.1,11/5/2024,19.8,NA,24.4,16.7
USW00093987,"LUFKIN ANGELINA CO AIRPORT, TX US",31.23593,-94.75468,87.1,11/6/2024,0,NA,28.3,15.6
USW00093987,"LUFKIN ANGELINA CO AIRPORT, TX US",31.23593,-94.75468,87.1,11/7/2024,0,NA,27.8,18.9
USW00093987,"LUFKIN ANGELINA CO AIRPORT, TX US",31.23593,-94.75468,87.1,11/8/2024,47.2,NA,25.6,21.7
USW00093987,"LUFKIN ANGELINA CO AIRPORT, TX US",31.23593,-94.75468,87.1,11/9/2024,29.5,NA,22.2,16.7
USW00093987,"LUFKIN ANGELINA CO AIRPORT, TX US",31.23593,-94.75468,87.1,11/10/2024,0,NA,28.3,17.8
USW00093987,"LUFKIN ANGELINA CO AIRPORT, TX US",31.23593,-94.75468,87.1,11/11/2024,0,NA,27.8,14.4
USW00093987,"LUFKIN ANGELINA CO AIRPORT, TX US",31.23593,-94.75468,87.1,11/12/2024,0,NA,25,13.3
USW00093987,"LUFKIN ANGELINA CO AIRPORT, TX US",31.23593,-94.75468,87.1,11/13/2024,0,NA,26.7,11.1
USW00093987,"LUFKIN ANGELINA CO AIRPORT, TX US",31.23593,-94.75468,87.1,11/14/2024,0,NA,23.3,7.2
USW00093987,"LUFKIN ANGELINA CO AIRPORT, TX US",31.23593,-94.75468,87.1,11/15/2024,0,NA,22.8,5
USW00093987,"LUFKIN ANGELINA CO AIRPORT, TX US",31.23593,-94.75468,87.1,11/16/2024,0,NA,22.8,6.7
USW00093987,"LUFKIN ANGELINA CO AIRPORT, TX US",31.23593,-94.75468,87.1,11/17/2024,26.4,NA,24.4,17.2
USW00093987,"LUFKIN ANGELINA CO AIRPORT, TX US",31.23593,-94.75468,87.1,11/18/2024,2.3,NA,27.2,15
USW00093987,"LUFKIN ANGELINA CO AIRPORT, TX US",31.23593,-94.75468,87.1,11/19/2024,0,NA,25,10
USW00093987,"LUFKIN ANGELINA CO AIRPORT, TX US",31.23593,-94.75468,87.1,11/20/2024,0,NA,20.6,4.4
USW00093987,"LUFKIN ANGELINA CO AIRPORT, TX US",31.23593,-94.75468,87.1,11/21/2024,0,NA,21.1,2.2
USW00093987,"LUFKIN ANGELINA CO AIRPORT, TX US",31.23593,-94.75468,87.1,11/22/2024,0,NA,21.1,3.9
USW00093987,"LUFKIN ANGELINA CO AIRPORT, TX US",31.23593,-94.75468,87.1,11/23/2024,0,NA,21.7,3.3
USW00093987,"LUFKIN ANGELINA CO AIRPORT, TX US",31.23593,-94.75468,87.1,11/24/2024,0,NA,26.1,9.4
USW00093987,"LUFKIN ANGELINA CO AIRPORT, TX US",31.23593,-94.75468,87.1,11/25/2024,0,NA,28.3,10
USW00093987,"LUFKIN ANGELINA CO AIRPORT, TX US",31.23593,-94.75468,87.1,11/26/2024,0,NA,18.9,5
USW00093987,"LUFKIN ANGELINA CO AIRPORT, TX US",31.23593,-94.75468,87.1,11/27/2024,0,NA,24.4,10
USW00093987,"LUFKIN ANGELINA CO AIRPORT, TX US",31.23593,-94.75468,87.1,11/28/2024,0,NA,20,7.2
USW00093987,"LUFKIN ANGELINA CO AIRPORT, TX US",31.23593,-94.75468,87.1,11/29/2024,0,NA,14.4,2.2
USW00093987,"LUFKIN ANGELINA CO AIRPORT, TX US",31.23593,-94.75468,87.1,11/30/2024,0,NA,13.3,-0.5
USW00093987,"LUFKIN ANGELINA CO AIRPORT, TX US",31.23593,-94.75468,87.1,12/1/2024,0,NA,20,1.1
USW00093987,"LUFKIN ANGELINA CO AIRPORT, TX US",31.23593,-94.75468,87.1,12/2/2024,0,NA,19.4,1.7
USW00093987,"LUFKIN ANGELINA CO AIRPORT, TX US",31.23593,-94.75468,87.1,12/3/2024,0,NA,17.8,1.7
USW00093987,"LUFKIN ANGELINA CO AIRPORT, TX US",31.23593,-94.75468,87.1,12/4/2024,38.9,NA,16.1,8.9
USW00093987,"LUFKIN ANGELINA CO AIRPORT, TX US",31.23593,-94.75468,87.1,12/5/2024,0,NA,18.9,7.8
USW00093987,"LUFKIN ANGELINA CO AIRPORT, TX US",31.23593,-94.75468,87.1,12/6/2024,0.3,NA,12.8,1.1
USW00093987,"LUFKIN ANGELINA CO AIRPORT, TX US",31.23593,-94.75468,87.1,12/7/2024,14.5,NA,7.8,4.4
USW00093987,"LUFKIN ANGELINA CO AIRPORT, TX US",31.23593,-94.75468,87.1,12/8/2024,2.8,NA,15,14.4
USW00093987,"LUFKIN ANGELINA CO AIRPORT, TX US",31.23593,-94.75468,87.1,12/9/2024,0,NA,23.3,13.3
USW00093987,"LUFKIN ANGELINA CO AIRPORT, TX US",31.23593,-94.75468,87.1,12/10/2024,0,NA,16.7,3.9
USW00093987,"LUFKIN ANGELINA CO AIRPORT, TX US",31.23593,-94.75468,87.1,12/11/2024,0,NA,16.1,0
USW00093987,"LUFKIN ANGELINA CO AIRPORT, TX US",31.23593,-94.75468,87.1,12/12/2024,0,NA,16.7,0
USW00093987,"LUFKIN ANGELINA CO AIRPORT, TX US",31.23593,-94.75468,87.1,12/13/2024,0,NA,15.6,8.9
USW00093987,"LUFKIN ANGELINA CO AIRPORT, TX US",31.23593,-94.75468,87.1,12/14/2024,15.5,NA,20,15.6
USW00093987,"LUFKIN ANGELINA CO AIRPORT, TX US",31.23593,-94.75468,87.1,12/15/2024,0.3,NA,26.7,18.3
USW00093987,"LUFKIN ANGELINA CO AIRPORT, TX US",31.23593,-94.75468,87.1,12/16/2024,0,NA,26.7,18.3
USW00093987,"LUFKIN ANGELINA CO AIRPORT, TX US",31.23593,-94.75468,87.1,12/17/2024,0,NA,26.1,18.9
USW00093987,"LUFKIN ANGELINA CO AIRPORT, TX US",31.23593,-94.75468,87.1,12/18/2024,3.6,NA,20.6,9.4
USW00093987,"LUFKIN ANGELINA CO AIRPORT, TX US",31.23593,-94.75468,87.1,12/19/2024,0,NA,18.3,5.6
USW00093987,"LUFKIN ANGELINA CO AIRPORT, TX US",31.23593,-94.75468,87.1,12/20/2024,0,NA,19.4,4.4
USW00093987,"LUFKIN ANGELINA CO AIRPORT, TX US",31.23593,-94.75468,87.1,12/21/2024,0,NA,14.4,1.1
USW00093987,"LUFKIN ANGELINA CO AIRPORT, TX US",31.23593,-94.75468,87.1,12/22/2024,0,NA,16.7,0
USW00093987,"LUFKIN ANGELINA CO AIRPORT, TX US",31.23593,-94.75468,87.1,12/23/2024,0,NA,21.7,3.9
USW00093987,"LUFKIN ANGELINA CO AIRPORT, TX US",31.23593,-94.75468,87.1,12/24/2024,35.3,NA,21.1,12.8
USW00093987,"LUFKIN ANGELINA CO AIRPORT, TX US",31.23593,-94.75468,87.1,12/25/2024,26.9,NA,21.7,12.2
USW00093987,"LUFKIN ANGELINA CO AIRPORT, TX US",31.23593,-94.75468,87.1,12/26/2024,26.2,NA,19.4,10.6
USW00093987,"LUFKIN ANGELINA CO AIRPORT, TX US",31.23593,-94.75468,87.1,12/27/2024,0,NA,23.3,9.4
USW00093987,"LUFKIN ANGELINA CO AIRPORT, TX US",31.23593,-94.75468,87.1,12/28/2024,13.5,NA,23.9,10
USW00093987,"LUFKIN ANGELINA CO AIRPORT, TX US",31.23593,-94.75468,87.1,12/29/2024,0,NA,14.4,9.4
USW00093987,"LUFKIN ANGELINA CO AIRPORT, TX US",31.23593,-94.75468,87.1,12/30/2024,0,NA,23.9,11.7
USW00093987,"LUFKIN ANGELINA CO AIRPORT, TX US",31.23593,-94.75468,87.1,12/31/2024,0,NA,19.4,5.6
USW00093987,"LUFKIN ANGELINA CO AIRPORT, TX US",31.23593,-94.75468,87.1,1/1/2025,0,NA,15.6,4.4
USW00093987,"LUFKIN ANGELINA CO AIRPORT, TX US",31.23593,-94.75468,87.1,1/2/2025,0,NA,13.9,2.2
USW00093987,"LUFKIN ANGELINA CO AIRPORT, TX US",31.23593,-94.75468,87.1,1/3/2025,0,NA,21.1,10
USW00093987,"LUFKIN ANGELINA CO AIRPORT, TX US",31.23593,-94.75468,87.1,1/4/2025,1,NA,17.8,11.1
USW00093987,"LUFKIN ANGELINA CO AIRPORT, TX US",31.23593,-94.75468,87.1,1/5/2025,20.3,NA,23.9,0
USW00093987,"LUFKIN ANGELINA CO AIRPORT, TX US",31.23593,-94.75468,87.1,1/6/2025,0,NA,6.1,-3.2
USW00093987,"LUFKIN ANGELINA CO AIRPORT, TX US",31.23593,-94.75468,87.1,1/7/2025,0,NA,8.9,-2.1
USW00093987,"LUFKIN ANGELINA CO AIRPORT, TX US",31.23593,-94.75468,87.1,1/8/2025,0,NA,6.7,-2.1
USW00093987,"LUFKIN ANGELINA CO AIRPORT, TX US",31.23593,-94.75468,87.1,1/9/2025,46.2,NA,5,-1
USW00093987,"LUFKIN ANGELINA CO AIRPORT, TX US",31.23593,-94.75468,87.1,1/10/2025,4.1,NA,4.4,0.6
USW00093987,"LUFKIN ANGELINA CO AIRPORT, TX US",31.23593,-94.75468,87.1,1/11/2025,0,NA,12.2,-3.2
USW00093987,"LUFKIN ANGELINA CO AIRPORT, TX US",31.23593,-94.75468,87.1,1/12/2025,0,NA,14.4,0
USW00093987,"LUFKIN ANGELINA CO AIRPORT, TX US",31.23593,-94.75468,87.1,1/13/2025,0,NA,14.4,2.8
USW00093987,"LUFKIN ANGELINA CO AIRPORT, TX US",31.23593,-94.75468,87.1,1/14/2025,0,NA,13.3,-1
USW00093987,"LUFKIN ANGELINA CO AIRPORT, TX US",31.23593,-94.75468,87.1,1/15/2025,0,NA,17.2,3.9
USW00093987,"LUFKIN ANGELINA CO AIRPORT, TX US",31.23593,-94.75468,87.1,1/16/2025,0,NA,18.3,-0.5
USW00093987,"LUFKIN ANGELINA CO AIRPORT, TX US",31.23593,-94.75468,87.1,1/17/2025,0,NA,15.6,1.1
USW00093987,"LUFKIN ANGELINA CO AIRPORT, TX US",31.23593,-94.75468,87.1,1/18/2025,0,NA,16.7,4.4
USW00093987,"LUFKIN ANGELINA CO AIRPORT, TX US",31.23593,-94.75468,87.1,1/19/2025,0,NA,5.6,-2.7
USW00093987,"LUFKIN ANGELINA CO AIRPORT, TX US",31.23593,-94.75468,87.1,1/20/2025,0,NA,3.9,-5.5
USW00093987,"LUFKIN ANGELINA CO AIRPORT, TX US",31.23593,-94.75468,87.1,1/21/2025,0,NA,4.4,-7.1
USW00093987,"LUFKIN ANGELINA CO AIRPORT, TX US",31.23593,-94.75468,87.1,1/22/2025,0,NA,8.3,-8.8
USW00093987,"LUFKIN ANGELINA CO AIRPORT, TX US",31.23593,-94.75468,87.1,1/23/2025,0,NA,13.3,-4.9
USW00093987,"LUFKIN ANGELINA CO AIRPORT, TX US",31.23593,-94.75468,87.1,1/24/2025,0,NA,14.4,-4.3
USW00093987,"LUFKIN ANGELINA CO AIRPORT, TX US",31.23593,-94.75468,87.1,1/25/2025,0,NA,12.8,-1
USW00093987,"LUFKIN ANGELINA CO AIRPORT, TX US",31.23593,-94.75468,87.1,1/26/2025,7.6,NA,13.3,10.6
USW00093987,"LUFKIN ANGELINA CO AIRPORT, TX US",31.23593,-94.75468,87.1,1/27/2025,0,NA,11.1,7.2
USW00093987,"LUFKIN ANGELINA CO AIRPORT, TX US",31.23593,-94.75468,87.1,1/28/2025,4.3,NA,13.9,7.2
USW00093987,"LUFKIN ANGELINA CO AIRPORT, TX US",31.23593,-94.75468,87.1,1/29/2025,0.3,NA,20,12.2
USW00093987,"LUFKIN ANGELINA CO AIRPORT, TX US",31.23593,-94.75468,87.1,1/30/2025,6.4,NA,NA,NA
USW00093987,"LUFKIN ANGELINA CO AIRPORT, TX US",31.23593,-94.75468,87.1,1/31/2025,0,NA,NA,NA
USW00093987,"LUFKIN ANGELINA CO AIRPORT, TX US",31.23593,-94.75468,87.1,2/1/2025,0,NA,NA,NA
USW00093987,"LUFKIN ANGELINA CO AIRPORT, TX US",31.23593,-94.75468,87.1,2/2/2025,0,NA,NA,NA
USW00093987,"LUFKIN ANGELINA CO AIRPORT, TX US",31.23593,-94.75468,87.1,2/3/2025,0,NA,NA,NA
USW00093987,"LUFKIN ANGELINA CO AIRPORT, TX US",31.23593,-94.75468,87.1,2/4/2025,0,NA,27.8,17.8
USW00093987,"LUFKIN ANGELINA CO AIRPORT, TX US",31.23593,-94.75468,87.1,2/5/2025,0,NA,27.8,17.8
USW00093987,"LUFKIN ANGELINA CO AIRPORT, TX US",31.23593,-94.75468,87.1,2/6/2025,0,NA,28.3,18.9
USW00093987,"LUFKIN ANGELINA CO AIRPORT, TX US",31.23593,-94.75468,87.1,2/7/2025,0,NA,28.3,18.9
USW00093987,"LUFKIN ANGELINA CO AIRPORT, TX US",31.23593,-94.75468,87.1,2/8/2025,0,NA,29.4,20
USW00093987,"LUFKIN ANGELINA CO AIRPORT, TX US",31.23593,-94.75468,87.1,2/9/2025,0,NA,28.3,12.2
USW00093987,"LUFKIN ANGELINA CO AIRPORT, TX US",31.23593,-94.75468,87.1,2/10/2025,0,NA,12.2,8.9
USW00093987,"LUFKIN ANGELINA CO AIRPORT, TX US",31.23593,-94.75468,87.1,2/11/2025,23.9,NA,13.3,9.4
USW00093987,"LUFKIN ANGELINA CO AIRPORT, TX US",31.23593,-94.75468,87.1,2/12/2025,106.2,NA,16.1,6.1
USW00093987,"LUFKIN ANGELINA CO AIRPORT, TX US",31.23593,-94.75468,87.1,2/13/2025,0,NA,12.2,2.2
USW00093987,"LUFKIN ANGELINA CO AIRPORT, TX US",31.23593,-94.75468,87.1,2/14/2025,0,NA,8.9,2.8
USW00093987,"LUFKIN ANGELINA CO AIRPORT, TX US",31.23593,-94.75468,87.1,2/15/2025,13,NA,25.6,8.9
USW00093987,"LUFKIN ANGELINA CO AIRPORT, TX US",31.23593,-94.75468,87.1,2/16/2025,0,NA,11.7,1.7
USW00093987,"LUFKIN ANGELINA CO AIRPORT, TX US",31.23593,-94.75468,87.1,2/17/2025,0,NA,15,0
USW00093987,"LUFKIN ANGELINA CO AIRPORT, TX US",31.23593,-94.75468,87.1,2/18/2025,11.2,NA,17.2,5
USW00093987,"LUFKIN ANGELINA CO AIRPORT, TX US",31.23593,-94.75468,87.1,2/19/2025,0,NA,5,-2.7
USW00093987,"LUFKIN ANGELINA CO AIRPORT, TX US",31.23593,-94.75468,87.1,2/20/2025,0,NA,4.4,-6
USW00093987,"LUFKIN ANGELINA CO AIRPORT, TX US",31.23593,-94.75468,87.1,2/21/2025,0,NA,2.8,-2.7
USW00093987,"LUFKIN ANGELINA CO AIRPORT, TX US",31.23593,-94.75468,87.1,2/22/2025,15.7,NA,6.7,1.1
USW00093987,"LUFKIN ANGELINA CO AIRPORT, TX US",31.23593,-94.75468,87.1,2/23/2025,4.8,NA,10.6,6.1
USW00093987,"LUFKIN ANGELINA CO AIRPORT, TX US",31.23593,-94.75468,87.1,2/24/2025,0,NA,19.4,6.7
USW00093987,"LUFKIN ANGELINA CO AIRPORT, TX US",31.23593,-94.75468,87.1,2/25/2025,0,NA,24.4,5.6
USW00093987,"LUFKIN ANGELINA CO AIRPORT, TX US",31.23593,-94.75468,87.1,2/26/2025,0,NA,26.1,8.9
USW00093987,"LUFKIN ANGELINA CO AIRPORT, TX US",31.23593,-94.75468,87.1,2/27/2025,0,NA,21.7,7.2
USW00093987,"LUFKIN ANGELINA CO AIRPORT, TX US",31.23593,-94.75468,87.1,2/28/2025,0,NA,24.4,3.3
USW00093987,"LUFKIN ANGELINA CO AIRPORT, TX US",31.23593,-94.75468,87.1,3/1/2025,0,NA,28.3,6.7
USW00093987,"LUFKIN ANGELINA CO AIRPORT, TX US",31.23593,-94.75468,87.1,3/2/2025,0,NA,23.9,9.4
USW00093987,"LUFKIN ANGELINA CO AIRPORT, TX US",31.23593,-94.75468,87.1,3/3/2025,0.3,NA,22.8,13.3
USW00093987,"LUFKIN ANGELINA CO AIRPORT, TX US",31.23593,-94.75468,87.1,3/4/2025,16.5,NA,23.3,12.8
USW00093987,"LUFKIN ANGELINA CO AIRPORT, TX US",31.23593,-94.75468,87.1,3/5/2025,0,NA,18.3,3.9
USW00093987,"LUFKIN ANGELINA CO AIRPORT, TX US",31.23593,-94.75468,87.1,3/6/2025,0,NA,21.7,1.7
USW00093987,"LUFKIN ANGELINA CO AIRPORT, TX US",31.23593,-94.75468,87.1,3/7/2025,0,NA,25,10
USW00093987,"LUFKIN ANGELINA CO AIRPORT, TX US",31.23593,-94.75468,87.1,3/8/2025,2,NA,20,12.2
USW00093987,"LUFKIN ANGELINA CO AIRPORT, TX US",31.23593,-94.75468,87.1,3/9/2025,0,NA,12.8,6.7
USW00093987,"LUFKIN ANGELINA CO AIRPORT, TX US",31.23593,-94.75468,87.1,3/10/2025,0,NA,22.8,3.9
USW00093987,"LUFKIN ANGELINA CO AIRPORT, TX US",31.23593,-94.75468,87.1,3/11/2025,0,NA,25.6,4.4
USW00093987,"LUFKIN ANGELINA CO AIRPORT, TX US",31.23593,-94.75468,87.1,3/12/2025,10.9,NA,27.8,13.3
USW00093987,"LUFKIN ANGELINA CO AIRPORT, TX US",31.23593,-94.75468,87.1,3/13/2025,0,NA,31.1,15
USW00093987,"LUFKIN ANGELINA CO AIRPORT, TX US",31.23593,-94.75468,87.1,3/14/2025,0,NA,28.9,17.2
USW00093987,"LUFKIN ANGELINA CO AIRPORT, TX US",31.23593,-94.75468,87.1,3/15/2025,0.8,NA,26.1,13.9
USW00093987,"LUFKIN ANGELINA CO AIRPORT, TX US",31.23593,-94.75468,87.1,3/16/2025,0,NA,22.8,7.8
USW00093987,"LUFKIN ANGELINA CO AIRPORT, TX US",31.23593,-94.75468,87.1,3/17/2025,0,NA,26.7,4.4
USW00093987,"LUFKIN ANGELINA CO AIRPORT, TX US",31.23593,-94.75468,87.1,3/18/2025,0,NA,26.7,11.1
USW00093987,"LUFKIN ANGELINA CO AIRPORT, TX US",31.23593,-94.75468,87.1,3/19/2025,0,NA,26.7,11.1
USW00093987,"LUFKIN ANGELINA CO AIRPORT, TX US",31.23593,-94.75468,87.1,3/20/2025,0,NA,18.9,3.9
USW00093987,"LUFKIN ANGELINA CO AIRPORT, TX US",31.23593,-94.75468,87.1,3/21/2025,0,NA,23.3,1.1
USW00093987,"LUFKIN ANGELINA CO AIRPORT, TX US",31.23593,-94.75468,87.1,3/22/2025,0,NA,27.8,7.8
USW00093987,"LUFKIN ANGELINA CO AIRPORT, TX US",31.23593,-94.75468,87.1,3/23/2025,0,NA,29.4,18.3
USW00093987,"LUFKIN ANGELINA CO AIRPORT, TX US",31.23593,-94.75468,87.1,3/24/2025,2,NA,28.3,14.4
USW00093987,"LUFKIN ANGELINA CO AIRPORT, TX US",31.23593,-94.75468,87.1,3/25/2025,0,NA,31.7,12.2
USW00093987,"LUFKIN ANGELINA CO AIRPORT, TX US",31.23593,-94.75468,87.1,3/26/2025,0,NA,29.4,13.9
USW00093987,"LUFKIN ANGELINA CO AIRPORT, TX US",31.23593,-94.75468,87.1,3/27/2025,0.8,NA,21.7,15.6
USW00093987,"LUFKIN ANGELINA CO AIRPORT, TX US",31.23593,-94.75468,87.1,3/28/2025,42.9,NA,26.1,17.8
USW00093987,"LUFKIN ANGELINA CO AIRPORT, TX US",31.23593,-94.75468,87.1,3/29/2025,1,NA,28.3,18.3
USW00093987,"LUFKIN ANGELINA CO AIRPORT, TX US",31.23593,-94.75468,87.1,3/30/2025,0,NA,28.9,20.6
USW00093987,"LUFKIN ANGELINA CO AIRPORT, TX US",31.23593,-94.75468,87.1,3/31/2025,16,NA,27.2,15.6
USW00093987,"LUFKIN ANGELINA CO AIRPORT, TX US",31.23593,-94.75468,87.1,4/1/2025,0,NA,23.9,16.1
USW00093987,"LUFKIN ANGELINA CO AIRPORT, TX US",31.23593,-94.75468,87.1,4/2/2025,0,NA,28.9,23.3
USW00093987,"LUFKIN ANGELINA CO AIRPORT, TX US",31.23593,-94.75468,87.1,4/3/2025,2.8,NA,30,23.3
USW00093987,"LUFKIN ANGELINA CO AIRPORT, TX US",31.23593,-94.75468,87.1,4/4/2025,1.5,NA,30.6,23.3
USW00093987,"LUFKIN ANGELINA CO AIRPORT, TX US",31.23593,-94.75468,87.1,4/5/2025,41.4,NA,26.1,12.2
USW00093987,"LUFKIN ANGELINA CO AIRPORT, TX US",31.23593,-94.75468,87.1,4/6/2025,0.8,NA,12.2,8.3
USW00093987,"LUFKIN ANGELINA CO AIRPORT, TX US",31.23593,-94.75468,87.1,4/7/2025,0,NA,19.4,5.6
USW00093987,"LUFKIN ANGELINA CO AIRPORT, TX US",31.23593,-94.75468,87.1,4/8/2025,0,NA,23.9,5
USW00093987,"LUFKIN ANGELINA CO AIRPORT, TX US",31.23593,-94.75468,87.1,4/9/2025,0,NA,26.1,7.2
USW00093987,"LUFKIN ANGELINA CO AIRPORT, TX US",31.23593,-94.75468,87.1,4/10/2025,0,NA,29.4,11.7
USW00093987,"LUFKIN ANGELINA CO AIRPORT, TX US",31.23593,-94.75468,87.1,4/11/2025,0,NA,28.9,12.2
USW00093987,"LUFKIN ANGELINA CO AIRPORT, TX US",31.23593,-94.75468,87.1,4/12/2025,0,NA,28.3,8.3
USW00093987,"LUFKIN ANGELINA CO AIRPORT, TX US",31.23593,-94.75468,87.1,4/13/2025,0,NA,30.6,15
USW00093987,"LUFKIN ANGELINA CO AIRPORT, TX US",31.23593,-94.75468,87.1,4/14/2025,0,NA,29.4,18.3
USW00093987,"LUFKIN ANGELINA CO AIRPORT, TX US",31.23593,-94.75468,87.1,4/15/2025,1.5,NA,27.8,13.9
USW00093987,"LUFKIN ANGELINA CO AIRPORT, TX US",31.23593,-94.75468,87.1,4/16/2025,0,NA,28.3,12.8
USW00093987,"LUFKIN ANGELINA CO AIRPORT, TX US",31.23593,-94.75468,87.1,4/17/2025,0,NA,30.6,17.2
USW00093987,"LUFKIN ANGELINA CO AIRPORT, TX US",31.23593,-94.75468,87.1,4/18/2025,0,NA,31.1,21.1
USW00093987,"LUFKIN ANGELINA CO AIRPORT, TX US",31.23593,-94.75468,87.1,4/19/2025,0,NA,27.8,19.4
USW00093987,"LUFKIN ANGELINA CO AIRPORT, TX US",31.23593,-94.75468,87.1,4/20/2025,3.8,NA,30.6,21.7
USW00093987,"LUFKIN ANGELINA CO AIRPORT, TX US",31.23593,-94.75468,87.1,4/21/2025,0.3,NA,25.6,17.8
USW00093987,"LUFKIN ANGELINA CO AIRPORT, TX US",31.23593,-94.75468,87.1,4/22/2025,0,NA,31.1,17.8
USW00093987,"LUFKIN ANGELINA CO AIRPORT, TX US",31.23593,-94.75468,87.1,4/23/2025,10.4,NA,26.7,20
USW00093987,"LUFKIN ANGELINA CO AIRPORT, TX US",31.23593,-94.75468,87.1,4/24/2025,17,NA,29.4,17.8
USW00093987,"LUFKIN ANGELINA CO AIRPORT, TX US",31.23593,-94.75468,87.1,4/25/2025,19.3,NA,31.7,17.2
USW00093987,"LUFKIN ANGELINA CO AIRPORT, TX US",31.23593,-94.75468,87.1,4/26/2025,0,NA,30.6,18.9
USW00093987,"LUFKIN ANGELINA CO AIRPORT, TX US",31.23593,-94.75468,87.1,4/27/2025,0,NA,31.1,18.3
USW00093987,"LUFKIN ANGELINA CO AIRPORT, TX US",31.23593,-94.75468,87.1,4/28/2025,0,NA,30.6,20.6
USW00093987,"LUFKIN ANGELINA CO AIRPORT, TX US",31.23593,-94.75468,87.1,4/29/2025,0,NA,28.3,20
USW00093987,"LUFKIN ANGELINA CO AIRPORT, TX US",31.23593,-94.75468,87.1,4/30/2025,14,NA,28.3,16.1
USW00093987,"LUFKIN ANGELINA CO AIRPORT, TX US",31.23593,-94.75468,87.1,5/1/2025,0.3,NA,31.1,16.7
USW00093987,"LUFKIN ANGELINA CO AIRPORT, TX US",31.23593,-94.75468,87.1,5/2/2025,97.8,NA,26.7,17.2
USW00093987,"LUFKIN ANGELINA CO AIRPORT, TX US",31.23593,-94.75468,87.1,5/3/2025,0,NA,25.6,12.8
