date,Jday,tempC,raincm,Site
1/1/2001,1,-0.305,0,SFA
1/2/2001,2,-0.335,0,SFA
1/3/2001,3,0.245,0,SFA
1/4/2001,4,4.565,0,SFA
1/5/2001,5,6.816666667,0,SFA
1/6/2001,6,9.941666667,0,SFA
1/7/2001,7,9.606666667,0,SFA
1/8/2001,8,6.71,0,SFA
1/9/2001,9,5.605,0,SFA
1/10/2001,10,3.875,0,SFA
1/11/2001,11,5.188333333,1.27,SFA
1/12/2001,12,4.065,0,SFA
1/13/2001,13,5.796666667,0,SFA
1/14/2001,14,6.04,0,SFA
1/15/2001,15,7.931666667,0,SFA
1/16/2001,16,6.146666667,2.032,SFA
1/17/2001,17,5.53,0.762,SFA
1/18/2001,18,6.38,6.3754,SFA
1/19/2001,19,5.191666667,0,SFA
1/20/2001,20,4.1,0,SFA
1/21/2001,21,7.29,0,SFA
1/22/2001,22,3.543333333,0,SFA
1/23/2001,23,7.208333333,0,SFA
1/24/2001,24,6.756666667,0,SFA
1/25/2001,25,8.56,0,SFA
1/26/2001,26,9.491666667,0,SFA
1/27/2001,27,8.213333333,0.508,SFA
1/28/2001,28,13.60666667,3.81,SFA
1/29/2001,29,8.363333333,0.127,SFA
1/30/2001,30,12.60666667,0,SFA
1/31/2001,31,10.69833333,0,SFA
2/1/2001,32,13.47,0,SFA
2/2/2001,33,4.638333333,0,SFA
2/3/2001,34,6.013333333,0,SFA
2/4/2001,35,7.346666667,0,SFA
2/5/2001,36,9.091666667,0,SFA
2/6/2001,37,15.485,0,SFA
2/7/2001,38,18.72333333,0,SFA
2/8/2001,39,20.50666667,0,SFA
2/9/2001,40,6.42,2.794,SFA
2/10/2001,41,5.531666667,0,SFA
2/11/2001,42,5.668333333,1.27,SFA
2/12/2001,43,11.485,2.54,SFA
2/13/2001,44,16.57,2.54,SFA
2/14/2001,45,18.21666667,0,SFA
2/15/2001,46,17.83333333,1.905,SFA
2/16/2001,47,10.8,0.127,SFA
2/17/2001,48,8.855,0,SFA
2/18/2001,49,10.025,0,SFA
2/19/2001,50,14.595,0,SFA
2/20/2001,51,17.33,0,SFA
2/21/2001,52,15.58833333,0,SFA
2/22/2001,53,10.13333333,0,SFA
2/23/2001,54,14.25666667,0,SFA
2/24/2001,55,13.74,0,SFA
2/25/2001,56,14.06333333,0,SFA
2/26/2001,57,11.95666667,3.302,SFA
2/27/2001,58,16.74,4.572,SFA
2/28/2001,59,10.795,0.762,SFA
3/1/2001,60,10.20333333,4.953,SFA
3/2/2001,61,9.748333333,1.905,SFA
3/3/2001,62,10.33333333,1.524,SFA
3/4/2001,63,12.96166667,0,SFA
3/5/2001,64,11.625,0,SFA
3/6/2001,65,12.14666667,0,SFA
3/7/2001,66,12.415,0,SFA
3/8/2001,67,13.31666667,4.064,SFA
3/9/2001,68,9.685,0,SFA
3/10/2001,69,10.72833333,0,SFA
3/11/2001,70,15.26166667,1.778,SFA
3/12/2001,71,13.68666667,0,SFA
3/13/2001,72,13.68333333,0.254,SFA
3/14/2001,73,12.22333333,0,SFA
3/15/2001,74,15.36166667,2.54,SFA
3/16/2001,75,12.64833333,0,SFA
3/17/2001,76,10.525,0,SFA
3/18/2001,77,9.883333333,0,SFA
3/19/2001,78,10.6,0,SFA
3/20/2001,79,8.876666667,0,SFA
3/21/2001,80,12.41333333,0,SFA
3/22/2001,81,14.70833333,0,SFA
3/23/2001,82,15.21,0,SFA
3/24/2001,83,14.59666667,1.905,SFA
3/25/2001,84,12.83166667,0,SFA
3/26/2001,85,13.725,0,SFA
3/27/2001,86,12.155,2.413,SFA
3/28/2001,87,14.44,0.127,SFA
3/29/2001,88,15.14166667,0.889,SFA
3/30/2001,89,14.48833333,0.381,SFA
3/31/2001,90,17.71166667,0,SFA
4/1/2001,91,19.67833333,0,SFA
4/2/2001,92,21.52666667,0.127,SFA
4/3/2001,93,23.24333333,0,SFA
4/4/2001,94,20.25,0,SFA
4/5/2001,95,21.52333333,0,SFA
4/6/2001,96,23.37,0,SFA
4/7/2001,97,23.11666667,0,SFA
4/8/2001,98,22.475,0,SFA
4/9/2001,99,22.60666667,0,SFA
4/10/2001,100,20.255,0,SFA
4/11/2001,101,16.75,0,SFA
4/12/2001,102,20.38,0,SFA
4/13/2001,103,22.22333333,0,SFA
4/14/2001,104,22.79833333,0,SFA
4/15/2001,105,21.71333333,0,SFA
4/16/2001,106,19.3,0,SFA
4/17/2001,107,13.955,0,SFA
4/18/2001,108,14.595,0,SFA
4/19/2001,109,19.49,0,SFA
4/20/2001,110,19.86833333,0,SFA
4/21/2001,111,21.01333333,0,SFA
4/22/2001,112,21.84166667,0,SFA
4/23/2001,113,18.91666667,0,SFA
4/24/2001,114,18.15833333,0,SFA
4/25/2001,115,18.92,0,SFA
4/26/2001,116,19.80666667,0,SFA
4/27/2001,117,20.37833333,0,SFA
4/28/2001,118,19.36,0,SFA
4/29/2001,119,21.01833333,0,SFA
4/30/2001,120,20.31333333,0,SFA
5/1/2001,121,21.20333333,0,SFA
5/2/2001,122,22.41666667,0,SFA
5/3/2001,123,22.73333333,0,SFA
5/4/2001,124,22.79666667,0,SFA
5/5/2001,125,20.63333333,4.826,SFA
5/6/2001,126,23.05166667,3.683,SFA
5/7/2001,127,20.37666667,0.508,SFA
5/8/2001,128,21.33166667,0.127,SFA
5/9/2001,129,21.71666667,0,SFA
5/10/2001,130,22.16333333,0,SFA
5/11/2001,131,23.18666667,0,SFA
5/12/2001,132,22.675,0.762,SFA
5/13/2001,133,23.12166667,0,SFA
5/14/2001,134,20.44333333,0,SFA
5/15/2001,135,20.76,0,SFA
5/16/2001,136,22.98833333,0,SFA
5/17/2001,137,23.37333333,0,SFA
5/18/2001,138,23.76166667,0,SFA
5/19/2001,139,23.89,0,SFA
5/20/2001,140,25.62666667,0,SFA
5/21/2001,141,20.06666667,0,SFA
5/22/2001,142,20.51333333,0,SFA
5/23/2001,143,23.19333333,0,SFA
5/24/2001,144,21.83833333,0,SFA
5/25/2001,145,21.26833333,0,SFA
5/26/2001,146,23.82833333,0,SFA
5/27/2001,147,25.11,2.54,SFA
5/28/2001,148,24.14166667,0,SFA
5/29/2001,149,23.83,0,SFA
5/30/2001,150,24.79333333,0,SFA
5/31/2001,151,21.96666667,0.508,SFA
6/1/2001,152,22.735,0,SFA
6/2/2001,153,25.17666667,0,SFA
6/3/2001,154,25.045,0,SFA
6/4/2001,155,23.95,1.143,SFA
6/5/2001,156,22.865,5.715,SFA
6/6/2001,157,23.96166667,4.318,SFA
6/7/2001,158,24.73166667,11.684,SFA
6/8/2001,159,24.01166667,0.635,SFA
6/9/2001,160,23.94833333,0.254,SFA
6/10/2001,161,24.4,0,SFA
6/11/2001,162,24.91666667,0,SFA
6/12/2001,163,25.82,0,SFA
6/13/2001,164,26.275,0,SFA
6/14/2001,165,26.93,2.794,SFA
6/15/2001,166,23.82,0,SFA
6/16/2001,167,24.015,0,SFA
6/17/2001,168,23.885,0,SFA
6/18/2001,169,24.65833333,0,SFA
6/19/2001,170,25.885,0,SFA
6/20/2001,171,25.755,0,SFA
6/21/2001,172,25.95,0,SFA
6/22/2001,173,22.41166667,0,SFA
6/23/2001,174,23.95166667,0,SFA
6/24/2001,175,22.48,0,SFA
6/25/2001,176,24.59333333,0,SFA
6/26/2001,177,24.72166667,1.143,SFA
6/27/2001,178,24.27666667,0,SFA
6/28/2001,179,25.56333333,0,SFA
6/29/2001,180,24.41166667,0,SFA
6/30/2001,181,26.40833333,0,SFA
7/1/2001,182,23.13166667,1.016,SFA
7/2/2001,183,25.75833333,0,SFA
7/3/2001,184,24.60166667,1.016,SFA
7/4/2001,185,26.66833333,0,SFA
7/5/2001,186,27.45333333,0,SFA
7/6/2001,187,27.32,0,SFA
7/7/2001,188,27.19,0,SFA
7/8/2001,189,26.99333333,0,SFA
7/9/2001,190,27.45333333,0,SFA
7/10/2001,191,27.38833333,0,SFA
7/11/2001,192,26.67166667,0,SFA
7/12/2001,193,27.38666667,0,SFA
7/13/2001,194,27.45166667,0,SFA
7/14/2001,195,27.715,0,SFA
7/15/2001,196,27.65,0,SFA
7/16/2001,197,28.04333333,0,SFA
7/17/2001,198,27.38833333,0,SFA
7/18/2001,199,26.735,0,SFA
7/19/2001,200,27.255,0,SFA
7/20/2001,201,27.06666667,0,SFA
7/21/2001,202,27.25833333,0,SFA
7/22/2001,203,29.30333333,0,SFA
7/23/2001,204,28.57166667,0,SFA
7/24/2001,205,27.06,0,SFA
7/25/2001,206,28.24,0,SFA
7/26/2001,207,27.585,0,SFA
7/27/2001,208,26.275,0,SFA
7/28/2001,209,26.735,0,SFA
7/29/2001,210,28.24166667,0,SFA
7/30/2001,211,26.35833333,0,SFA
7/31/2001,212,27.98166667,0,SFA
8/1/2001,213,28.11,0,SFA
8/2/2001,214,27.65,0,SFA
8/3/2001,215,27.65,0,SFA
8/4/2001,216,28.37166667,0,SFA
8/5/2001,217,28.835,0,SFA
8/6/2001,218,25.045,0.127,SFA
8/7/2001,219,26.47,0,SFA
8/8/2001,220,26.66833333,0,SFA
8/9/2001,221,27.84666667,0,SFA
8/10/2001,222,28.17666667,0,SFA
8/11/2001,223,28.44166667,0,SFA
8/12/2001,224,28.53,0,SFA
8/13/2001,225,27.18833333,0,SFA
8/14/2001,226,27.45166667,0,SFA
8/15/2001,227,27.91333333,0,SFA
8/16/2001,228,27.52,0,SFA
8/17/2001,229,26.34166667,1.27,SFA
8/18/2001,230,26.73666667,0,SFA
8/19/2001,231,24.335,0.254,SFA
8/20/2001,232,25.51,0,SFA
8/21/2001,233,25.45166667,0,SFA
8/22/2001,234,25.83333333,0,SFA
8/23/2001,235,26.165,0,SFA
8/24/2001,236,25.43333333,0,SFA
8/25/2001,237,26.28333333,0,SFA
8/26/2001,238,24.01333333,0.254,SFA
8/27/2001,239,23.63166667,0,SFA
8/28/2001,240,22.86,0.127,SFA
8/29/2001,241,23.37333333,0.254,SFA
8/30/2001,242,23.56666667,3.81,SFA
8/31/2001,243,25.24333333,0.127,SFA
9/1/2001,244,24.78833333,0,SFA
9/2/2001,245,24.15166667,2.032,SFA
9/3/2001,246,23.62833333,7.62,SFA
9/4/2001,247,23.18,0.127,SFA
9/5/2001,248,23.62833333,0.127,SFA
9/6/2001,249,25.045,0.381,SFA
9/7/2001,250,25.82166667,0,SFA
9/8/2001,251,24.72666667,3.556,SFA
9/9/2001,252,22.28833333,0,SFA
9/10/2001,253,23.31,0,SFA
9/11/2001,254,22.73666667,0,SFA
9/12/2001,255,23.50666667,0,SFA
9/13/2001,256,23.76,0,SFA
9/14/2001,257,23.38166667,0,SFA
9/15/2001,258,23.435,0,SFA
9/16/2001,259,22.79833333,0,SFA
9/17/2001,260,22.10333333,0,SFA
9/18/2001,261,21.47666667,0.254,SFA
9/19/2001,262,22.05333333,0,SFA
9/20/2001,263,19.55166667,0.889,SFA
9/21/2001,264,20.31333333,0,SFA
9/22/2001,265,20.635,0,SFA
9/23/2001,266,19.3,2.032,SFA
9/24/2001,267,17.64666667,0,SFA
9/25/2001,268,15.99666667,0,SFA
9/26/2001,269,16.82333333,0,SFA
9/27/2001,270,17.965,0,SFA
9/28/2001,271,17.58333333,0,SFA
9/29/2001,272,15.35333333,0,SFA
9/30/2001,273,15.55,0,SFA
10/1/2001,274,17.07666667,0,SFA
10/2/2001,275,19.11,0,SFA
10/3/2001,276,20.88666667,0,SFA
10/4/2001,277,20.56666667,0,SFA
10/5/2001,278,20.82333333,4.318,SFA
10/6/2001,279,12.54666667,0,SFA
10/7/2001,280,14.27833333,0,SFA
10/8/2001,281,17.77333333,0,SFA
10/9/2001,282,18.26166667,0,SFA
10/10/2001,283,19.48166667,0.254,SFA
10/11/2001,284,17.64333333,1.27,SFA
10/12/2001,285,19.55333333,0,SFA
10/13/2001,286,15.16833333,10.541,SFA
10/14/2001,287,17.01333333,0,SFA
10/15/2001,288,19.93333333,0,SFA
10/16/2001,289,14.42666667,0,SFA
10/17/2001,290,14.50666667,0,SFA
10/18/2001,291,13.89333333,0,SFA
10/19/2001,292,15.225,0,SFA
10/20/2001,293,15.41,0,SFA
10/21/2001,294,16.02333333,0,SFA
10/22/2001,295,18.07333333,0,SFA
10/23/2001,296,18.78166667,0,SFA
10/24/2001,297,20.12333333,0,SFA
10/25/2001,298,16.11833333,0,SFA
10/26/2001,299,14.45166667,0,SFA
10/27/2001,300,13.35333333,0,SFA
10/28/2001,301,12.24833333,0,SFA
10/29/2001,302,11.69666667,0,SFA
10/30/2001,303,12.79833333,0,SFA
10/31/2001,304,17.01,0,SFA
11/1/2001,305,19.04333333,0,SFA
11/2/2001,306,18.28,0,SFA
11/3/2001,307,17.26666667,0,SFA
11/4/2001,308,16.82333333,0,SFA
11/5/2001,309,14.78666667,0,SFA
11/6/2001,310,14.915,0,SFA
11/7/2001,311,15.61333333,0,SFA
11/8/2001,312,17.45666667,0,SFA
11/9/2001,313,16.505,0,SFA
11/10/2001,314,15.10833333,0,SFA
11/11/2001,315,16.885,0,SFA
11/12/2001,316,15.79,0,SFA
11/13/2001,317,12.91833333,0,SFA
11/14/2001,318,13.66,0,SFA
11/15/2001,319,18.02666667,0,SFA
11/16/2001,320,17.71333333,0,SFA
11/17/2001,321,12.86166667,0,SFA
11/18/2001,322,14.46666667,0,SFA
11/19/2001,323,15.095,0,SFA
11/20/2001,324,6.286666667,0,SFA
11/21/2001,325,6.445,0,SFA
11/22/2001,326,12.155,0,SFA
11/23/2001,327,16.93833333,0,SFA
11/24/2001,328,11.05333333,0,SFA
11/25/2001,329,12.35166667,0,SFA
11/26/2001,330,18.72833333,4.191,SFA
11/27/2001,331,11.11666667,0.635,SFA
11/28/2001,332,8.981666667,3.048,SFA
11/29/2001,333,7.088333333,0.127,SFA
11/30/2001,334,11.425,0,SFA
12/1/2001,335,9.291666667,0,SFA
12/2/2001,336,10.04833333,0,SFA
12/3/2001,337,11.15,0,SFA
12/4/2001,338,14.96333333,0,SFA
12/5/2001,339,18.28,0,SFA
12/6/2001,340,16.02,0,SFA
12/7/2001,341,14.81666667,0,SFA
12/8/2001,342,10.59166667,1.778,SFA
12/9/2001,343,10.86,0,SFA
12/10/2001,344,5.865,0,SFA
12/11/2001,345,10.13666667,9.144,SFA
12/12/2001,346,13.74333333,0,SFA
12/13/2001,347,7.945,2.032,SFA
12/14/2001,348,7.693333333,0,SFA
12/15/2001,349,13.38166667,0,SFA
12/16/2001,350,15.88666667,2.794,SFA
12/17/2001,351,6.64,0,SFA
12/18/2001,352,5.935,0,SFA
12/19/2001,353,4.366666667,0,SFA
12/20/2001,354,7.286666667,0,SFA
12/21/2001,355,8.893333333,0,SFA
12/22/2001,356,11.79666667,0,SFA
12/23/2001,357,5.67,0,SFA
12/24/2001,358,2.6,0,SFA
12/25/2001,359,2.6,0,SFA
12/26/2001,360,0.646666667,0,SFA
12/27/2001,361,4.216666667,0,SFA
12/28/2001,362,8.423333333,0,SFA
12/29/2001,363,6.485,0,SFA
12/30/2001,364,5.191666667,0,SFA
12/31/2001,365,1.308333333,0,SFA
1/1/2002,1,5.241666667,0,SFA
1/2/2002,2,4.598333333,0,SFA
1/3/2002,3,3.665,0,SFA
1/4/2002,4,7.615,0,SFA
1/5/2002,5,6.42,3.81,SFA
1/6/2002,6,8.815,0,SFA
1/7/2002,7,3.046666667,0,SFA
1/8/2002,8,7.493333333,0,SFA
1/9/2002,9,12.995,0,SFA
1/10/2002,10,15.54666667,0,SFA
1/11/2002,11,10.00333333,0,SFA
1/12/2002,12,6.106666667,0,SFA
1/13/2002,13,8.935,0,SFA
1/14/2002,14,7.896666667,0,SFA
1/15/2002,15,11.105,0,SFA
1/16/2002,16,15.34666667,0,SFA
1/17/2002,17,12.71,0,SFA
1/18/2002,18,6.535,0,SFA
1/19/2002,19,4.955,0.889,SFA
1/20/2002,20,7.321666667,0,SFA
1/21/2002,21,12.495,0,SFA
1/22/2002,22,19.04166667,0,SFA
1/23/2002,23,21.65,0,SFA
1/24/2002,24,8.685,2.286,SFA
1/25/2002,25,4.208333333,0,SFA
1/26/2002,26,8.23,0,SFA
1/27/2002,27,11.18166667,0,SFA
1/28/2002,28,15.11666667,0,SFA
1/29/2002,29,14.29666667,0,SFA
1/30/2002,30,15.94833333,0,SFA
1/31/2002,31,5.918333333,0.762,SFA
2/1/2002,32,4.006666667,0,SFA
2/2/2002,33,9.813333333,0,SFA
2/3/2002,34,8.486666667,0,SFA
2/4/2002,35,6.73,0.635,SFA
2/5/2002,36,5.278333333,4.191,SFA
2/6/2002,37,4.806666667,0,SFA
2/7/2002,38,5.09,0,SFA
2/8/2002,39,8.345,0,SFA
2/9/2002,40,10.46,0,SFA
2/10/2002,41,8.271666667,0,SFA
2/11/2002,42,9.233333333,0,SFA
2/12/2002,43,11.56166667,0,SFA
2/13/2002,44,9.746666667,0,SFA
2/14/2002,45,9.876666667,0,SFA
2/15/2002,46,10.45166667,0,SFA
2/16/2002,47,9.285,0,SFA
2/17/2002,48,13.88666667,0,SFA
2/18/2002,49,15.54666667,0,SFA
2/19/2002,50,9.783333333,3.556,SFA
2/20/2002,51,8.266666667,0,SFA
2/21/2002,52,11.96333333,0,SFA
2/22/2002,53,9.675,0,SFA
2/23/2002,54,7.373333333,0,SFA
2/24/2002,55,10.40333333,0,SFA
2/25/2002,56,10.10333333,0,SFA
2/26/2002,57,4.345,0,SFA
2/27/2002,58,7.025,0,SFA
2/28/2002,59,13.15666667,0,SFA
3/1/2002,60,14.76,0.762,SFA
3/2/2002,61,2.495,0,SFA
3/3/2002,62,3.611666667,0,SFA
3/4/2002,63,8.375,0,SFA
3/5/2002,64,10.47,0,SFA
3/6/2002,65,16.76,0,SFA
3/7/2002,66,19.99333333,0,SFA
3/8/2002,67,20.69333333,0,SFA
3/9/2002,68,11.09,0,SFA
3/10/2002,69,12.65333333,0,SFA
3/11/2002,70,17.07333333,1.27,SFA
3/12/2002,71,14.815,0,SFA
3/13/2002,72,16.24333333,0,SFA
3/14/2002,73,19.17,0,SFA
3/15/2002,74,16.04833333,0,SFA
3/16/2002,75,14.78666667,0,SFA
3/17/2002,76,18.02833333,0.127,SFA
3/18/2002,77,17.99666667,0,SFA
3/19/2002,78,18.635,2.54,SFA
3/20/2002,79,13.76666667,0.762,SFA
3/21/2002,80,15.865,0,SFA
3/22/2002,81,12.705,0,SFA
3/23/2002,82,15.16833333,0,SFA
3/24/2002,83,17.77,0,SFA
3/25/2002,84,13.80333333,2.794,SFA
3/26/2002,85,13.07666667,0,SFA
3/27/2002,86,14.34166667,0,SFA
3/28/2002,87,18.08833333,0,SFA
3/29/2002,88,20.12666667,0,SFA
3/30/2002,89,16.82333333,2.54,SFA
3/31/2002,90,17.07666667,0,SFA
4/1/2002,91,18.91833333,0,SFA
4/2/2002,92,19.3,0,SFA
4/3/2002,93,15.35833333,0,SFA
4/4/2002,94,15.86833333,0,SFA
4/5/2002,95,17.455,0,SFA
4/6/2002,96,17.52166667,0,SFA
4/7/2002,97,20.12,9.906,SFA
4/8/2002,98,19.11,0.508,SFA
4/9/2002,99,18.66666667,0,SFA
4/10/2002,100,20.57,0,SFA
4/11/2002,101,21.46333333,0,SFA
4/12/2002,102,22.47666667,0,SFA
4/13/2002,103,22.54,0,SFA
4/14/2002,104,22.66833333,0,SFA
4/15/2002,105,21.08,0,SFA
4/16/2002,106,23.18166667,0,SFA
4/17/2002,107,24.01333333,0,SFA
4/18/2002,108,21.72333333,0,SFA
4/19/2002,109,22.03333333,0,SFA
4/20/2002,110,24.595,0,SFA
4/21/2002,111,24.85166667,0.127,SFA
4/22/2002,112,19.945,0.127,SFA
4/23/2002,113,24.65833333,0,SFA
4/24/2002,114,24.725,0,SFA
4/25/2002,115,19.87333333,0,SFA
4/26/2002,116,20.95,0,SFA
4/27/2002,117,24.72166667,0,SFA
4/28/2002,118,25.69166667,0,SFA
4/29/2002,119,25.49666667,0,SFA
4/30/2002,120,25.885,0,SFA
5/1/2002,121,25.95,0,SFA
5/2/2002,122,25.30166667,0,SFA
5/3/2002,123,23.69666667,0,SFA
5/4/2002,124,24.91666667,0,SFA
5/5/2002,125,24.91833333,0,SFA
5/6/2002,126,23.07166667,0,SFA
5/7/2002,127,23.39,0,SFA
5/8/2002,128,24.98166667,0,SFA
5/9/2002,129,26.08,0,SFA
5/10/2002,130,23.45333333,0,SFA
5/11/2002,131,22.44166667,0,SFA
5/12/2002,132,23.27666667,0.762,SFA
5/13/2002,133,18.47,0,SFA
5/14/2002,134,19.86833333,0,SFA
5/15/2002,135,22.60666667,0,SFA
5/16/2002,136,25.05333333,0,SFA
5/17/2002,137,20.63333333,2.032,SFA
5/18/2002,138,18.925,0,SFA
5/19/2002,139,19.81333333,0,SFA
5/20/2002,140,21.33833333,0,SFA
5/21/2002,141,21.58333333,0,SFA
5/22/2002,142,22.09666667,0,SFA
5/23/2002,143,21.45666667,0,SFA
5/24/2002,144,23.88333333,0,SFA
5/25/2002,145,24.72333333,0,SFA
5/26/2002,146,25.56166667,0,SFA
5/27/2002,147,25.69,2.921,SFA
5/28/2002,148,24.40333333,1.778,SFA
5/29/2002,149,23.635,1.27,SFA
5/30/2002,150,22.555,0,SFA
5/31/2002,151,24.66,0,SFA
6/1/2002,152,25.23666667,0,SFA
6/2/2002,153,26.08,0,SFA
6/3/2002,154,26.53833333,0,SFA
6/4/2002,155,26.47,0,SFA
6/5/2002,156,26.34166667,0,SFA
6/6/2002,157,26.34,0,SFA
6/7/2002,158,26.08166667,0,SFA
6/8/2002,159,24.78666667,1.397,SFA
6/9/2002,160,24.01333333,1.27,SFA
6/10/2002,161,25.11166667,0,SFA
6/11/2002,162,26.21,0,SFA
6/12/2002,163,27.12333333,0,SFA
6/13/2002,164,25.44,0,SFA
6/14/2002,165,24.465,0,SFA
6/15/2002,166,24.14333333,0,SFA
6/16/2002,167,24.20666667,1.3716,SFA
6/17/2002,168,23.885,0,SFA
6/18/2002,169,25.495,0,SFA
6/19/2002,170,25.12333333,0,SFA
6/20/2002,171,24.46333333,5.588,SFA
6/21/2002,172,25.62833333,0.254,SFA
6/22/2002,173,23.95333333,0,SFA
6/23/2002,174,24.33833333,0,SFA
6/24/2002,175,24.14166667,0,SFA
6/25/2002,176,25.625,0,SFA
6/26/2002,177,23.05166667,0.762,SFA
6/27/2002,178,25.49833333,1.016,SFA
6/28/2002,179,24.78833333,1.27,SFA
6/29/2002,180,24.40666667,0,SFA
6/30/2002,181,24.94666667,0.762,SFA
7/1/2002,182,25.82333333,0,SFA
7/2/2002,183,25.75666667,0,SFA
7/3/2002,184,25.12,0,SFA
7/4/2002,185,27.38833333,0,SFA
7/5/2002,186,26.34333333,0,SFA
7/6/2002,187,25.455,0,SFA
7/7/2002,188,27.61333333,0.254,SFA
7/8/2002,189,27.14333333,0,SFA
7/9/2002,190,25.95333333,0,SFA
7/10/2002,191,27.39,0,SFA
7/11/2002,192,27.52,0,SFA
7/12/2002,193,26.21166667,0,SFA
7/13/2002,194,24.41333333,0,SFA
7/14/2002,195,25.37666667,0.508,SFA
7/15/2002,196,25.375,3.81,SFA
7/16/2002,197,25.57166667,1.397,SFA
7/17/2002,198,27.06666667,0,SFA
7/18/2002,199,27.65,0,SFA
7/19/2002,200,26.41333333,0,SFA
7/20/2002,201,28.045,0,SFA
7/21/2002,202,28.44,0,SFA
7/22/2002,203,27.98,0,SFA
7/23/2002,204,28.30666667,0,SFA
7/24/2002,205,28.97166667,0,SFA
7/25/2002,206,26.41,4.572,SFA
7/26/2002,207,25.18833333,0,SFA
7/27/2002,208,26.99333333,0,SFA
7/28/2002,209,26.41833333,0,SFA
7/29/2002,210,27.255,0,SFA
7/30/2002,211,27.25833333,0,SFA
7/31/2002,212,27.91666667,1.016,SFA
8/1/2002,213,27.51666667,0,SFA
8/2/2002,214,27.39,0,SFA
8/3/2002,215,25.44,1.016,SFA
8/4/2002,216,27.125,0,SFA
8/5/2002,217,27.64833333,0,SFA
8/6/2002,218,27.71666667,0,SFA
8/7/2002,219,28.445,0,SFA
8/8/2002,220,25.835,0,SFA
8/9/2002,221,26.34,0,SFA
8/10/2002,222,27.65166667,0,SFA
8/11/2002,223,28.31333333,0,SFA
8/12/2002,224,27.13,0,SFA
8/13/2002,225,25.30666667,0,SFA
8/14/2002,226,24.72,0.508,SFA
8/15/2002,227,24.21166667,0,SFA
8/16/2002,228,27.64833333,0.254,SFA
8/17/2002,229,27.51833333,0,SFA
8/18/2002,230,27.45666667,0,SFA
8/19/2002,231,26.54166667,0,SFA
8/20/2002,232,25.97166667,0,SFA
8/21/2002,233,24.98,0,SFA
8/22/2002,234,25.82333333,0,SFA
8/23/2002,235,28.18166667,0,SFA
8/24/2002,236,27.91333333,0,SFA
8/25/2002,237,25.95,0,SFA
8/26/2002,238,28.37666667,0,SFA
8/27/2002,239,24.47,0,SFA
8/28/2002,240,25.95166667,3.048,SFA
8/29/2002,241,25.83,0,SFA
8/30/2002,242,26.08,0,SFA
8/31/2002,243,26.14666667,0,SFA
9/1/2002,244,25.88833333,0,SFA
9/2/2002,245,26.015,0,SFA
9/3/2002,246,26.73166667,0,SFA
9/4/2002,247,26.665,0,SFA
9/5/2002,248,26.275,0,SFA
9/6/2002,249,26.475,0,SFA
9/7/2002,250,24.85666667,0,SFA
9/8/2002,251,24.14166667,1.27,SFA
9/9/2002,252,24.99,0,SFA
9/10/2002,253,25.175,0,SFA
9/11/2002,254,25.82166667,0,SFA
9/12/2002,255,25.04833333,0,SFA
9/13/2002,256,25.07166667,0,SFA
9/14/2002,257,25.25,0,SFA
9/15/2002,258,24.4,0,SFA
9/16/2002,259,22.73166667,0,SFA
9/17/2002,260,24.27333333,0.254,SFA
9/18/2002,261,25.89333333,0,SFA
9/19/2002,262,23.62833333,0,SFA
9/20/2002,263,22.09666667,1.016,SFA
9/21/2002,264,23.24666667,0,SFA
9/22/2002,265,23.69166667,0,SFA
9/23/2002,266,23.245,0,SFA
9/24/2002,267,24.78833333,0,SFA
9/25/2002,268,24.66,0,SFA
9/26/2002,269,23.63333333,0,SFA
9/27/2002,270,24.47833333,0,SFA
9/28/2002,271,24.91833333,0,SFA
9/29/2002,272,23.5,0,SFA
9/30/2002,273,22.415,0,SFA
10/1/2002,274,23.82833333,0,SFA
10/2/2002,275,23.44833333,0,SFA
10/3/2002,276,22.16666667,0,SFA
10/4/2002,277,24.37666667,0,SFA
10/5/2002,278,23.57666667,0,SFA
10/6/2002,279,20.31666667,0,SFA
10/7/2002,280,17.38333333,0.762,SFA
10/8/2002,281,18.97333333,0.508,SFA
10/9/2002,282,19.23166667,3.048,SFA
10/10/2002,283,18.02666667,0,SFA
10/11/2002,284,20.31333333,0,SFA
10/12/2002,285,19.23666667,0,SFA
10/13/2002,286,15.61833333,0,SFA
10/14/2002,287,14.07666667,0,SFA
10/15/2002,288,14.59,0,SFA
10/16/2002,289,15.8,0,SFA
10/17/2002,290,17.01333333,0,SFA
10/18/2002,291,20.37666667,0,SFA
10/19/2002,292,17.64666667,3.81,SFA
10/20/2002,293,17.26666667,0,SFA
10/21/2002,294,18.34333333,1.27,SFA
10/22/2002,295,16.63166667,0.762,SFA
10/23/2002,296,18.98333333,0,SFA
10/24/2002,297,17.07166667,0.508,SFA
10/25/2002,298,16.675,0.254,SFA
10/26/2002,299,15.34166667,0.508,SFA
10/27/2002,300,15.92166667,0.254,SFA
10/28/2002,301,16.545,6.096,SFA
10/29/2002,302,14.07833333,0,SFA
10/30/2002,303,13.72666667,0,SFA
10/31/2002,304,13.175,0,SFA
11/1/2002,305,9.7777769,0,SFA
11/2/2002,306,10.888888,3.81,SFA
11/3/2002,307,11.1111111,1.778,SFA
11/4/2002,308,10.2777778,10.541,SFA
11/5/2002,309,10.9999996,0,SFA
11/6/2002,310,6.7222214,0,SFA
11/7/2002,311,9.7222222,0,SFA
11/8/2002,312,17.3888885,0,SFA
11/9/2002,313,21.9999992,0,SFA
11/10/2002,314,17.5,0,SFA
11/11/2002,315,11.7222214,0,SFA
11/12/2002,316,9.6111107,0,SFA
11/13/2002,317,8.6111111,0,SFA
11/14/2002,318,16.7777782,0.635,SFA
11/15/2002,319,9.0000004,0,SFA
11/16/2002,320,6.1111111,0,SFA
11/17/2002,321,9.8888885,0,SFA
11/18/2002,322,16.3888889,0,SFA
11/19/2002,323,10.2222231,0,SFA
11/20/2002,324,12.5,0,SFA
11/21/2002,325,13.7222226,0,SFA
11/22/2002,326,6.2777774,0,SFA
11/23/2002,327,10.888888,0,SFA
11/24/2002,328,14.2777782,0,SFA
11/25/2002,329,7.2222222,0,SFA
11/26/2002,330,5.5000008,1.778,SFA
11/27/2002,331,2.7222231,0,SFA
11/28/2002,332,4.3888897,0,SFA
11/29/2002,333,12.1111107,0,SFA
11/30/2002,334,9.8888885,0,SFA
12/1/2002,335,5.888888,0,SFA
12/2/2002,336,14.4999992,0,SFA
12/3/2002,337,14.2777782,5.334,SFA
12/4/2002,338,4.2222214,0.762,SFA
12/5/2002,339,1.2222226,0,SFA
12/6/2002,340,2.3888885,0,SFA
12/7/2002,341,9.111112,0,SFA
12/8/2002,342,9.4999992,0.254,SFA
12/9/2002,343,6.2222226,0.254,SFA
12/10/2002,344,5.9999996,0,SFA
12/11/2002,345,9.0000004,0.127,SFA
12/12/2002,346,9.8888885,5.588,SFA
12/13/2002,347,5,0,SFA
12/14/2002,348,7.3888885,0,SFA
12/15/2002,349,12.6111115,0,SFA
12/16/2002,350,16.3888889,0,SFA
12/17/2002,351,19.4999992,0,SFA
12/18/2002,352,20.1111094,0.889,SFA
12/19/2002,353,10.2777778,0,SFA
12/20/2002,354,7.7222231,0,SFA
12/21/2002,355,14.2777782,0,SFA
12/22/2002,356,12.7222231,0,SFA
12/23/2002,357,7.1111107,12.7,SFA
12/24/2002,358,2.3888885,0,SFA
12/25/2002,359,1.611112,0,SFA
12/26/2002,360,5.2222231,0,SFA
12/27/2002,361,4.8888885,0,SFA
12/28/2002,362,9.7777769,0,SFA
12/29/2002,363,18.7777795,0,SFA
12/30/2002,364,12.3888885,5.08,SFA
12/31/2002,365,7.3888885,0,SFA
1/1/2003,1,11,0,SFA
1/2/2003,2,2,0,SFA
1/3/2003,3,3,0,SFA
1/4/2003,4,5,0,SFA
1/5/2003,5,7,0,SFA
1/6/2003,6,4,0,SFA
1/7/2003,7,2,0,SFA
1/8/2003,8,13,0,SFA
1/9/2003,9,16,0,SFA
1/10/2003,10,3,0,SFA
1/11/2003,11,5,0,SFA
1/12/2003,12,1,0.508,SFA
1/13/2003,13,3,0,SFA
1/14/2003,14,2,0,SFA
1/15/2003,15,7,0,SFA
1/16/2003,16,0,0,SFA
1/17/2003,17,0,0,SFA
1/18/2003,18,2,0,SFA
1/19/2003,19,7,0,SFA
1/20/2003,20,17,0,SFA
1/21/2003,21,13,0,SFA
1/22/2003,22,5,0,SFA
1/23/2003,23,-1,0,SFA
1/24/2003,24,1,0,SFA
1/25/2003,25,2,0,SFA
1/26/2003,26,1,1.524,SFA
1/27/2003,27,11,0,SFA
1/28/2003,28,17,0.254,SFA
1/29/2003,29,11,0,SFA
1/30/2003,30,9,0,SFA
1/31/2003,31,7,0,SFA
2/1/2003,32,12,0,SFA
2/2/2003,33,18,0,SFA
2/3/2003,34,11,0,SFA
2/4/2003,35,2,0,SFA
2/5/2003,36,5,1.27,SFA
2/6/2003,37,6,0.762,SFA
2/7/2003,38,2,0,SFA
2/8/2003,39,4,0,SFA
2/9/2003,40,6,0.508,SFA
2/10/2003,41,3,0,SFA
2/11/2003,42,6,0,SFA
2/12/2003,43,16,0.127,SFA
2/13/2003,44,16,0,SFA
2/14/2003,45,19,0,SFA
2/15/2003,46,10,0,SFA
2/16/2003,47,2,0,SFA
2/17/2003,48,5,0,SFA
2/18/2003,49,14,0,SFA
2/19/2003,50,13,3.556,SFA
2/20/2003,51,13,7.874,SFA
2/21/2003,52,11,4.318,SFA
2/22/2003,53,7,0,SFA
2/23/2003,54,9,0,SFA
2/24/2003,55,5,4.445,SFA
2/25/2003,56,1,0.508,SFA
2/26/2003,57,2,0.127,SFA
2/27/2003,58,6,0,SFA
2/28/2003,59,6,0,SFA
3/1/2003,60,11,0,SFA
3/2/2003,61,12,0,SFA
3/3/2003,62,7,1.905,SFA
3/4/2003,63,13,0,SFA
3/5/2003,64,5,0,SFA
3/6/2003,65,7,0,SFA
3/7/2003,66,11,0,SFA
3/8/2003,67,14,0,SFA
3/9/2003,68,16,0,SFA
3/10/2003,69,16,0.127,SFA
3/11/2003,70,18,0,SFA
3/12/2003,71,19,0,SFA
3/13/2003,72,16,0,SFA
3/14/2003,73,17,0,SFA
3/15/2003,74,17,0,SFA
3/16/2003,75,13,2.794,SFA
3/17/2003,76,16,0,SFA
3/18/2003,77,11,0,SFA
3/19/2003,78,17,0,SFA
3/20/2003,79,13,0,SFA
3/21/2003,80,10,0,SFA
3/22/2003,81,9,0,SFA
3/23/2003,82,12,0,SFA
3/24/2003,83,17,0,SFA
3/25/2003,84,19,1.27,SFA
3/26/2003,85,14,0.127,SFA
3/27/2003,86,18,0,SFA
3/28/2003,87,9,0,SFA
3/29/2003,88,7,0,SFA
3/30/2003,89,5,0,SFA
3/31/2003,90,14,0,SFA
4/1/2003,91,16,0,SFA
4/2/2003,92,18,0,SFA
4/3/2003,93,19,0,SFA
4/4/2003,94,20,0.762,SFA
4/5/2003,95,22,0,SFA
4/6/2003,96,19,6.604,SFA
4/7/2003,97,20,0,SFA
4/8/2003,98,10,0,SFA
4/9/2003,99,8,0,SFA
4/10/2003,100,12,0,SFA
4/11/2003,101,14,0,SFA
4/12/2003,102,17,0,SFA
4/13/2003,103,17,0,SFA
4/14/2003,104,22,0,SFA
4/15/2003,105,21,0,SFA
4/16/2003,106,21,0,SFA
4/17/2003,107,20,0,SFA
4/18/2003,108,24,0,SFA
4/19/2003,109,22,0,SFA
4/20/2003,110,19,0.508,SFA
4/21/2003,111,17,0,SFA
4/22/2003,112,16,0.254,SFA
4/23/2003,113,21,0,SFA
4/24/2003,114,23,0,SFA
4/25/2003,115,17,0,SFA
4/26/2003,116,18,0,SFA
4/27/2003,117,21,0,SFA
4/28/2003,118,20,0,SFA
4/29/2003,119,23,0,SFA
4/30/2003,120,23,0,SFA
5/1/2003,121,22,0,SFA
5/2/2003,122,23,0,SFA
5/3/2003,123,25,0,SFA
5/4/2003,124,24,0,SFA
5/5/2003,125,26,0,SFA
5/6/2003,126,26,0,SFA
5/7/2003,127,27,0,SFA
5/8/2003,128,26,0,SFA
5/9/2003,129,26,0,SFA
5/10/2003,130,27,0,SFA
5/11/2003,131,22,0,SFA
5/12/2003,132,18,0.508,SFA
5/13/2003,133,26,0,SFA
5/14/2003,134,26,0,SFA
5/15/2003,135,26,0,SFA
5/16/2003,136,27,0,SFA
5/17/2003,137,21,0.508,SFA
5/18/2003,138,22,0,SFA
5/19/2003,139,24,0,SFA
5/20/2003,140,22,0,SFA
5/21/2003,141,19,0,SFA
5/22/2003,142,22,0,SFA
5/23/2003,143,20,0,SFA
5/24/2003,144,24,1.778,SFA
5/25/2003,145,24,0,SFA
5/26/2003,146,21,0,SFA
5/27/2003,147,19,0,SFA
5/28/2003,148,21,0,SFA
5/29/2003,149,24,0,SFA
5/30/2003,150,28,0,SFA
5/31/2003,151,26,0,SFA
6/1/2003,152,27,0,SFA
6/2/2003,153,27,0,SFA
6/3/2003,154,28,0,SFA
6/4/2003,155,25,0,SFA
6/5/2003,156,23,0,SFA
6/6/2003,157,22,0,SFA
6/7/2003,158,22,0,SFA
6/8/2003,159,23,0,SFA
6/9/2003,160,27,0,SFA
6/10/2003,161,27,0,SFA
6/11/2003,162,29,0.381,SFA
6/12/2003,163,19,7.874,SFA
6/13/2003,164,22,2.286,SFA
6/14/2003,165,26,1.016,SFA
6/15/2003,166,23,1.524,SFA
6/16/2003,167,23,1.27,SFA
6/17/2003,168,23,0.254,SFA
6/18/2003,169,24,0,SFA
6/19/2003,170,24,0.635,SFA
6/20/2003,171,27,0,SFA
6/21/2003,172,27,0,SFA
6/22/2003,173,28,0,SFA
6/23/2003,174,29,0,SFA
6/24/2003,175,27,0,SFA
6/25/2003,176,28,0,SFA
6/26/2003,177,26,0,SFA
6/27/2003,178,24,0,SFA
6/28/2003,179,24,0,SFA
6/29/2003,180,26,0,SFA
6/30/2003,181,26,0,SFA
7/1/2003,182,27,0,SFA
7/2/2003,183,26,0,SFA
7/3/2003,184,27,0,SFA
7/4/2003,185,23,0,SFA
7/5/2003,186,24,0,SFA
7/6/2003,187,25,1.524,SFA
7/7/2003,188,25,0,SFA
7/8/2003,189,24,0.381,SFA
7/9/2003,190,24,0.508,SFA
7/10/2003,191,26,0,SFA
7/11/2003,192,23,3.81,SFA
7/12/2003,193,27,0,SFA
7/13/2003,194,22,0.508,SFA
7/14/2003,195,26,0,SFA
7/15/2003,196,26,0,SFA
7/16/2003,197,25,0,SFA
7/17/2003,198,27,0,SFA
7/18/2003,199,27,0,SFA
7/19/2003,200,28,0,SFA
7/20/2003,201,29,0,SFA
7/21/2003,202,29,0,SFA
7/22/2003,203,29,8.128,SFA
7/23/2003,204,26,0,SFA
7/24/2003,205,26,0,SFA
7/25/2003,206,27,0,SFA
7/26/2003,207,27,0,SFA
7/27/2003,208,27,0,SFA
7/28/2003,209,26,0,SFA
7/29/2003,210,27,0,SFA
7/30/2003,211,26,0,SFA
7/31/2003,212,26,0,SFA
8/1/2003,213,27,0,SFA
8/2/2003,214,29,0,SFA
8/3/2003,215,26,0,SFA
8/4/2003,216,27,0,SFA
8/5/2003,217,28,0,SFA
8/6/2003,218,28,0,SFA
8/7/2003,219,28,0,SFA
8/8/2003,220,28,0,SFA
8/9/2003,221,26,0,SFA
8/10/2003,222,26,0,SFA
8/11/2003,223,20,1.143,SFA
8/12/2003,224,20,1.27,SFA
8/13/2003,225,24,0,SFA
8/14/2003,226,24,0.127,SFA
8/15/2003,227,26,0,SFA
8/16/2003,228,27,0,SFA
8/17/2003,229,26,0,SFA
8/18/2003,230,27,0,SFA
8/19/2003,231,27,0.508,SFA
8/20/2003,232,27,0,SFA
8/21/2003,233,22,0,SFA
8/22/2003,234,25,0,SFA
8/23/2003,235,26,0,SFA
8/24/2003,236,27,0,SFA
8/25/2003,237,27,0,SFA
8/26/2003,238,26,0,SFA
8/27/2003,239,25,0,SFA
8/28/2003,240,26,0.508,SFA
8/29/2003,241,27,0,SFA
8/30/2003,242,25,0,SFA
8/31/2003,243,24,2.54,SFA
9/1/2003,244,24,6.096,SFA
9/2/2003,245,25,0,SFA
9/3/2003,246,24,0,SFA
9/4/2003,247,23,0.381,SFA
9/5/2003,248,19,0,SFA
9/6/2003,249,19,0,SFA
9/7/2003,250,21,0,SFA
9/8/2003,251,23,0,SFA
9/9/2003,252,21,0,SFA
9/10/2003,253,24,0.127,SFA
9/11/2003,254,22,8.89,SFA
9/12/2003,255,21,0.254,SFA
9/13/2003,256,22,0,SFA
9/14/2003,257,23,0,SFA
9/15/2003,258,22,0,SFA
9/16/2003,259,21,0,SFA
9/17/2003,260,21,0,SFA
9/18/2003,261,22,0,SFA
9/19/2003,262,23,0,SFA
9/20/2003,263,22,0,SFA
9/21/2003,264,20,1.651,SFA
9/22/2003,265,20,0,SFA
9/23/2003,266,21,0,SFA
9/24/2003,267,23,0,SFA
9/25/2003,268,22,0,SFA
9/26/2003,269,21,0,SFA
9/27/2003,270,26,0,SFA
9/28/2003,271,16,0,SFA
9/29/2003,272,14,0,SFA
9/30/2003,273,17,0,SFA
10/1/2003,274,18,0,SFA
10/2/2003,275,12,0,SFA
10/3/2003,276,14,0,SFA
10/4/2003,277,17,0,SFA
10/5/2003,278,18,1.27,SFA
10/6/2003,279,20,0.762,SFA
10/7/2003,280,20,0,SFA
10/8/2003,281,23,0.508,SFA
10/9/2003,282,21,0,SFA
10/10/2003,283,19,0,SFA
10/11/2003,284,22,0,SFA
10/12/2003,285,22,0,SFA
10/13/2003,286,22,0,SFA
10/14/2003,287,13,0,SFA
10/15/2003,288,14,0,SFA
10/16/2003,289,22,0,SFA
10/17/2003,290,16,0,SFA
10/18/2003,291,14,0,SFA
10/19/2003,292,15,0,SFA
10/20/2003,293,17,0,SFA
10/21/2003,294,16,0,SFA
10/22/2003,295,18,0,SFA
10/23/2003,296,18,0.127,SFA
10/24/2003,297,22,0,SFA
10/25/2003,298,19,0,SFA
10/26/2003,299,12,0,SFA
10/27/2003,300,9,0,SFA
10/28/2003,301,12,0,SFA
10/29/2003,302,19,0,SFA
10/30/2003,303,22,0,SFA
10/31/2003,304,22,0,SFA
11/1/2003,305,17,0,SFA
11/2/2003,306,20,0,SFA
11/3/2003,307,16,0,SFA
11/4/2003,308,17,0,SFA
11/5/2003,309,20,0,SFA
11/6/2003,310,12,0,SFA
11/7/2003,311,11,0,SFA
11/8/2003,312,11,0.127,SFA
11/9/2003,313,12,0,SFA
11/10/2003,314,21,0,SFA
11/11/2003,315,22,0,SFA
11/12/2003,316,23,0,SFA
11/13/2003,317,11,0,SFA
11/14/2003,318,10,0,SFA
11/15/2003,319,21,5.08,SFA
11/16/2003,320,17,5.588,SFA
11/17/2003,321,21,2.794,SFA
11/18/2003,322,21,9129.014,SFA
11/19/2003,323,7,0,SFA
11/20/2003,324,13,0,SFA
11/21/2003,325,18,0,SFA
11/22/2003,326,21,0,SFA
11/23/2003,327,5,0,SFA
11/24/2003,328,-1,0,SFA
11/25/2003,329,NA,0.508,SFA
11/26/2003,330,18,0,SFA
11/27/2003,331,9,0,SFA
11/28/2003,332,1,0,SFA
11/29/2003,333,7,0,SFA
11/30/2003,334,9,0,SFA
12/1/2003,335,14,0,SFA
12/2/2003,336,11,0,SFA
12/3/2003,337,9,0,SFA
12/4/2003,338,5,0,SFA
12/5/2003,339,2,0,SFA
12/6/2003,340,0,0,SFA
12/7/2003,341,9,0,SFA
12/8/2003,342,17,0,SFA
12/9/2003,343,6,1.651,SFA
12/10/2003,344,0,0,SFA
12/11/2003,345,6,0,SFA
12/12/2003,346,7,2.286,SFA
12/13/2003,347,6,0.508,SFA
12/14/2003,348,8,0,SFA
12/15/2003,349,18,0,SFA
12/16/2003,350,2,0,SFA
12/17/2003,351,2,0,SFA
12/18/2003,352,6,0,SFA
12/19/2003,353,1,0,SFA
12/20/2003,354,7,0,SFA
12/21/2003,355,16,0,SFA
12/22/2003,356,18,1.016,SFA
12/23/2003,357,2,0,SFA
12/24/2003,358,3,0,SFA
12/25/2003,359,8,0,SFA
12/26/2003,360,14,0,SFA
12/27/2003,361,17,0,SFA
12/28/2003,362,8,0,SFA
12/29/2003,363,2,3.048,SFA
12/30/2003,364,6,0,SFA
12/31/2003,365,14,0,SFA
1/1/2004,1,18,0,SFA
1/2/2004,2,21,0,SFA
1/3/2004,3,19,0,SFA
1/4/2004,4,9,2.286,SFA
1/5/2004,5,2,0,SFA
1/6/2004,6,1,0,SFA
1/7/2004,7,5,0.508,SFA
1/8/2004,8,9,0.508,SFA
1/9/2004,9,2,0,SFA
1/10/2004,10,1,0,SFA
1/11/2004,11,5,0,SFA
1/12/2004,12,12,0,SFA
1/13/2004,13,13,0,SFA
1/14/2004,14,12,0,SFA
1/15/2004,15,15,0.127,SFA
1/16/2004,16,15,3.81,SFA
1/17/2004,17,13,2.54,SFA
1/18/2004,18,4,1.016,SFA
1/19/2004,19,0,0,SFA
1/20/2004,20,3,0,SFA
1/21/2004,21,2,0,SFA
1/22/2004,22,7,0,SFA
1/23/2004,23,15,0,SFA
1/24/2004,24,16,6.35,SFA
1/25/2004,25,14,0,SFA
1/26/2004,26,3,0,SFA
1/27/2004,27,-2,0,SFA
1/28/2004,28,5,0,SFA
1/29/2004,29,9,1.778,SFA
1/30/2004,30,6,0,SFA
1/31/2004,31,7,0,SFA
2/1/2004,32,11,1.524,SFA
2/2/2004,33,2,0,SFA
2/3/2004,34,6,0,SFA
2/4/2004,35,8,2.032,SFA
2/5/2004,36,8,0.254,SFA
2/6/2004,37,2,0,SFA
2/7/2004,38,0,0,SFA
2/8/2004,39,8,0,SFA
2/9/2004,40,12,4.826,SFA
2/10/2004,41,7,1.778,SFA
2/11/2004,42,6,2.413,SFA
2/12/2004,43,4,0,SFA
2/13/2004,44,2,1.778,SFA
2/14/2004,45,2,0,SFA
2/15/2004,46,4,0,SFA
2/16/2004,47,6,0,SFA
2/17/2004,48,8,0,SFA
2/18/2004,49,11,0,SFA
2/19/2004,50,16,0,SFA
2/20/2004,51,14,0,SFA
2/21/2004,52,8,0,SFA
2/22/2004,53,16,1.397,SFA
2/23/2004,54,13,0.127,SFA
2/24/2004,55,11,2.286,SFA
2/25/2004,56,5,0.381,SFA
2/26/2004,57,4,0,SFA
2/27/2004,58,6,0,SFA
2/28/2004,59,13,0,SFA
2/29/2004,60,11,3.175,SFA
3/1/2004,61,14,0,SFA
3/2/2004,62,16,0,SFA
3/3/2004,63,21,0.127,SFA
3/4/2004,64,13,2.794,SFA
3/5/2004,65,14,0,SFA
3/6/2004,66,11,0,SFA
3/7/2004,67,16,0,SFA
3/8/2004,68,11,0,SFA
3/9/2004,69,9,0,SFA
3/10/2004,70,9,0,SFA
3/11/2004,71,12,0,SFA
3/12/2004,72,14,1.016,SFA
3/13/2004,73,16,0,SFA
3/14/2004,74,13,0.254,SFA
3/15/2004,75,14,0,SFA
3/16/2004,76,13,0,SFA
3/17/2004,77,20,0,SFA
3/18/2004,78,21,0,SFA
3/19/2004,79,21,0,SFA
3/20/2004,80,18,0,SFA
3/21/2004,81,16,0,SFA
3/22/2004,82,11,0,SFA
3/23/2004,83,17,0,SFA
3/24/2004,84,18,0,SFA
3/25/2004,85,19,0,SFA
3/26/2004,86,19,0,SFA
3/27/2004,87,21,0,SFA
3/28/2004,88,22,8.89,SFA
3/29/2004,89,11,0,SFA
3/30/2004,90,11,0,SFA
3/31/2004,91,12,0,SFA
4/1/2004,92,12,15064.486,SFA
4/2/2004,93,18,0,SFA
4/3/2004,94,17,0,SFA
4/4/2004,95,18,0,SFA
4/5/2004,96,16,0,SFA
4/6/2004,97,14,0.762,SFA
4/7/2004,98,17,0.381,SFA
4/8/2004,99,17,0,SFA
4/9/2004,100,18,0,SFA
4/10/2004,101,16,1.27,SFA
4/11/2004,102,10,1.016,SFA
4/12/2004,103,9,0.508,SFA
4/13/2004,104,9,0,SFA
4/14/2004,105,12,0,SFA
4/15/2004,106,18,0,SFA
4/16/2004,107,21,0,SFA
4/17/2004,108,21,0,SFA
4/18/2004,109,21,0,SFA
4/19/2004,110,22,0,SFA
4/20/2004,111,20,0,SFA
4/21/2004,112,22,0,SFA
4/22/2004,113,24,0,SFA
4/23/2004,114,24,0,SFA
4/24/2004,115,20,2.54,SFA
4/25/2004,116,18,3.048,SFA
4/26/2004,117,16,0,SFA
4/27/2004,118,16,0,SFA
4/28/2004,119,19,1.27,SFA
4/29/2004,120,23,0,SFA
4/30/2004,121,21,0,SFA
5/1/2004,122,13,7.874,SFA
5/2/2004,123,11,14935.454,SFA
5/3/2004,124,16,0,SFA
5/4/2004,125,18,0,SFA
5/5/2004,126,19,0,SFA
5/6/2004,127,19,0,SFA
5/7/2004,128,23,0,SFA
5/8/2004,129,23,0,SFA
5/9/2004,130,22,0,SFA
5/10/2004,131,21,0,SFA
5/11/2004,132,20,1.397,SFA
5/12/2004,133,25,0,SFA
5/13/2004,134,18,0,SFA
5/14/2004,135,18,4.826,SFA
5/15/2004,136,20,0,SFA
5/16/2004,137,23,0,SFA
5/17/2004,138,21,0,SFA
5/18/2004,139,24,0,SFA
5/19/2004,140,24,0,SFA
5/20/2004,141,25,0,SFA
5/21/2004,142,25,0,SFA
5/22/2004,143,24,0,SFA
5/23/2004,144,25,0,SFA
5/24/2004,145,26,0,SFA
5/25/2004,146,26,0,SFA
5/26/2004,147,26,0,SFA
5/27/2004,148,27,0,SFA
5/28/2004,149,26,0,SFA
5/29/2004,150,27,0,SFA
5/30/2004,151,28,0,SFA
5/31/2004,152,25,0,SFA
6/1/2004,153,28,1.524,SFA
6/2/2004,154,29,2.794,SFA
6/3/2004,155,24,0,SFA
6/4/2004,156,24,0,SFA
6/5/2004,157,21,3451.606,SFA
6/6/2004,158,NA,0,SFA
6/7/2004,159,26,0,SFA
6/8/2004,160,21,3.81,SFA
6/9/2004,161,24,0,SFA
6/10/2004,162,26,0,SFA
6/11/2004,163,27,0,SFA
6/12/2004,164,27,0,SFA
6/13/2004,165,22,0,SFA
6/14/2004,166,25,0,SFA
6/15/2004,167,23,0.508,SFA
6/16/2004,168,24,0,SFA
6/17/2004,169,27,0,SFA
6/18/2004,170,27,0,SFA
6/19/2004,171,24,0,SFA
6/20/2004,172,22,0.762,SFA
6/21/2004,173,26,0,SFA
6/22/2004,174,22,3.683,SFA
6/23/2004,175,25,1.27,SFA
6/24/2004,176,23,0.762,SFA
6/25/2004,177,23,0.508,SFA
6/26/2004,178,23,2.54,SFA
6/27/2004,179,24,2.54,SFA
6/28/2004,180,21,0.381,SFA
6/29/2004,181,22,0.381,SFA
6/30/2004,182,22,1.651,SFA
7/1/2004,183,24,0,SFA
7/2/2004,184,26,0,SFA
7/3/2004,185,26,0,SFA
7/4/2004,186,28,0,SFA
7/5/2004,187,28,0,SFA
7/6/2004,188,27,1.27,SFA
7/7/2004,189,27,0.762,SFA
7/8/2004,190,24,0,SFA
7/9/2004,191,23,0.508,SFA
7/10/2004,192,27,0,SFA
7/11/2004,193,24,0,SFA
7/12/2004,194,27,0,SFA
7/13/2004,195,26,0,SFA
7/14/2004,196,27,0,SFA
7/15/2004,197,27,0,SFA
7/16/2004,198,28,0,SFA
7/17/2004,199,27,0,SFA
7/18/2004,200,25,0,SFA
7/19/2004,201,23,0,SFA
7/20/2004,202,24,0,SFA
7/21/2004,203,26,0,SFA
7/22/2004,204,26,0,SFA
7/23/2004,205,27,0,SFA
7/24/2004,206,27,0,SFA
7/25/2004,207,22,6.35,SFA
7/26/2004,208,23,0,SFA
7/27/2004,209,22,0,SFA
7/28/2004,210,26,0,SFA
7/29/2004,211,26,0.762,SFA
7/30/2004,212,27,0,SFA
7/31/2004,213,24,1645.158,SFA
8/1/2004,214,NA,0.889,SFA
8/2/2004,215,NA,0,SFA
8/3/2004,216,26,0,SFA
8/4/2004,217,28,0,SFA
8/5/2004,218,28,0,SFA
8/6/2004,219,24,0,SFA
8/7/2004,220,22,0,SFA
8/8/2004,221,27,0,SFA
8/9/2004,222,26,0,SFA
8/10/2004,223,26,0,SFA
8/11/2004,224,22,0,SFA
8/12/2004,225,19,0,SFA
8/13/2004,226,19,0,SFA
8/14/2004,227,22,0,SFA
8/15/2004,228,20,0,SFA
8/16/2004,229,24,0,SFA
8/17/2004,230,23,0,SFA
8/18/2004,231,28,0,SFA
8/19/2004,232,23,2.159,SFA
8/20/2004,233,24,0,SFA
8/21/2004,234,21,1.524,SFA
8/22/2004,235,23,1.778,SFA
8/23/2004,236,27,0,SFA
8/24/2004,237,28,0,SFA
8/25/2004,238,29,0,SFA
8/26/2004,239,28,0,SFA
8/27/2004,240,28,0,SFA
8/28/2004,241,25,0.254,SFA
8/29/2004,242,24,0,SFA
8/30/2004,243,23,0,SFA
8/31/2004,244,20,0,SFA
9/1/2004,245,21,0,SFA
9/2/2004,246,23,1.143,SFA
9/3/2004,247,24,0,SFA
9/4/2004,248,25,0,SFA
9/5/2004,249,25,0,SFA
9/6/2004,250,24,1.397,SFA
9/7/2004,251,22,0,SFA
9/8/2004,252,17,0,SFA
9/9/2004,253,20,0,SFA
9/10/2004,254,22,0,SFA
9/11/2004,255,23,0,SFA
9/12/2004,256,22,0,SFA
9/13/2004,257,25,0,SFA
9/14/2004,258,27,2.286,SFA
9/15/2004,259,24,0,SFA
9/16/2004,260,25,0,SFA
9/17/2004,261,24,0,SFA
9/18/2004,262,27,0,SFA
9/19/2004,263,24,0,SFA
9/20/2004,264,21,0,SFA
9/21/2004,265,22,0,SFA
9/22/2004,266,22,0,SFA
9/23/2004,267,22,3.81,SFA
9/24/2004,268,22,0,SFA
9/25/2004,269,22,0,SFA
9/26/2004,270,23,1.524,SFA
9/27/2004,271,21,0,SFA
9/28/2004,272,23,0,SFA
9/29/2004,273,18,0,SFA
9/30/2004,274,20,0,SFA
10/1/2004,275,22,0,SFA
10/2/2004,276,22,3.937,SFA
10/3/2004,277,22,0,SFA
10/4/2004,278,18,2.54,SFA
10/5/2004,279,21,0,SFA
10/6/2004,280,24,0,SFA
10/7/2004,281,22,2.794,SFA
10/8/2004,282,21,0,SFA
10/9/2004,283,19,0,SFA
10/10/2004,284,20,0,SFA
10/11/2004,285,17,1.016,SFA
10/12/2004,286,14,0,SFA
10/13/2004,287,18,0,SFA
10/14/2004,288,8,0,SFA
10/15/2004,289,17,0,SFA
10/16/2004,290,22,0,SFA
10/17/2004,291,25,0,SFA
10/18/2004,292,26,0,SFA
10/19/2004,293,23,0,SFA
10/20/2004,294,24,0,SFA
10/21/2004,295,24,0,SFA
10/22/2004,296,25,0,SFA
10/23/2004,297,21,0.254,SFA
10/24/2004,298,21,2.54,SFA
10/25/2004,299,24,0,SFA
10/26/2004,300,24,0,SFA
10/27/2004,301,24,0,SFA
10/28/2004,302,24,0,SFA
10/29/2004,303,24,0,SFA
10/30/2004,304,24,0,SFA
10/31/2004,305,25,4.318,SFA
11/1/2004,306,18,4.064,SFA
11/2/2004,307,17,0.254,SFA
11/3/2004,308,10,0,SFA
11/4/2004,309,7,0,SFA
11/5/2004,310,8,0,SFA
11/6/2004,311,12,0,SFA
11/7/2004,312,13,0,SFA
11/8/2004,313,15,0,SFA
11/9/2004,314,11,0,SFA
11/10/2004,315,19,0,SFA
11/11/2004,316,11,0,SFA
11/12/2004,317,11,0,SFA
11/13/2004,318,10,0,SFA
11/14/2004,319,14,0,SFA
11/15/2004,320,18,0,SFA
11/16/2004,321,19,0,SFA
11/17/2004,322,16,10.16,SFA
11/18/2004,323,12,0,SFA
11/19/2004,324,15,0,SFA
11/20/2004,325,17,0,SFA
11/21/2004,326,18,5.588,SFA
11/22/2004,327,17,2.54,SFA
11/23/2004,328,18,4.572,SFA
11/24/2004,329,11,0,SFA
11/25/2004,330,NA,0,SFA
11/26/2004,331,18,0,SFA
11/27/2004,332,6,0.381,SFA
11/28/2004,333,13,14548.358,SFA
11/29/2004,334,16,1.524,SFA
11/30/2004,335,1,0,SFA
12/1/2004,336,3,0,SFA
12/2/2004,337,4,0,SFA
12/3/2004,338,11,0,SFA
12/4/2004,339,12,0.254,SFA
12/5/2004,340,20,0,SFA
12/6/2004,341,15,1.778,SFA
12/7/2004,342,7,0,SFA
12/8/2004,343,14,3.048,SFA
12/9/2004,344,10,0,SFA
12/10/2004,345,8,0,SFA
12/11/2004,346,5,0,SFA
12/12/2004,347,12,0,SFA
12/13/2004,348,5,0,SFA
12/14/2004,349,-2,0,SFA
12/15/2004,350,0,0.889,SFA
12/16/2004,351,7,0.254,SFA
12/17/2004,352,2,0,SFA
12/18/2004,353,5,0,SFA
12/19/2004,354,2,0,SFA
12/20/2004,355,14,0,SFA
12/21/2004,356,17,0.762,SFA
12/22/2004,357,1,1.016,SFA
12/23/2004,358,-2,0,SFA
12/24/2004,359,-3,0,SFA
12/25/2004,360,-2,0,SFA
12/26/2004,361,1,0,SFA
12/27/2004,362,2,0,SFA
12/28/2004,363,13,0,SFA
12/29/2004,364,17,0,SFA
12/30/2004,365,18,0,SFA
12/31/2004,366,18,0,SFA
1/1/2005,1,17,0,SFA
1/2/2005,2,19,0,SFA
1/3/2005,3,19,0,SFA
1/4/2005,4,19,0.381,SFA
1/5/2005,5,7,0.889,SFA
1/6/2005,6,1,1.143,SFA
1/7/2005,7,7,0,SFA
1/8/2005,8,7,0,SFA
1/9/2005,9,12,0,SFA
1/10/2005,10,19,0,SFA
1/11/2005,11,19,0,SFA
1/12/2005,12,21,3.429,SFA
1/13/2005,13,4,0,SFA
1/14/2005,14,7,0,SFA
1/15/2005,15,2,0,SFA
1/16/2005,16,1,0,SFA
1/17/2005,17,3,0,SFA
1/18/2005,18,2,0,SFA
1/19/2005,19,12,0,SFA
1/20/2005,20,11,0,SFA
1/21/2005,21,16,0,SFA
1/22/2005,22,4,0,SFA
1/23/2005,23,-2,0,SFA
1/24/2005,24,9,0,SFA
1/25/2005,25,16,0,SFA
1/26/2005,26,18,0,SFA
1/27/2005,27,5,4.318,SFA
1/28/2005,28,7,0,SFA
1/29/2005,29,7,0,SFA
1/30/2005,30,7,0,SFA
1/31/2005,31,6,1.524,SFA
2/1/2005,32,4,0.508,SFA
2/2/2005,33,6,2.54,SFA
2/3/2005,34,3,0,SFA
2/4/2005,35,7,0,SFA
2/5/2005,36,11,0,SFA
2/6/2005,37,18,3.81,SFA
2/7/2005,38,12,0.762,SFA
2/8/2005,39,14,1.778,SFA
2/9/2005,40,4,0,SFA
2/10/2005,41,7,0,SFA
2/11/2005,42,9,0,SFA
2/12/2005,43,16,1.27,SFA
2/13/2005,44,15,0,SFA
2/14/2005,45,13,0,SFA
2/15/2005,46,20,0,SFA
2/16/2005,47,16,0,SFA
2/17/2005,48,11,0,SFA
2/18/2005,49,10,0,SFA
2/19/2005,50,16,14548.358,SFA
2/20/2005,51,20,0,SFA
2/21/2005,52,19,2.54,SFA
2/22/2005,53,16,0.508,SFA
2/23/2005,54,12,0,SFA
2/24/2005,55,7,0,SFA
2/25/2005,56,5,0,SFA
2/26/2005,57,9,0.762,SFA
2/27/2005,58,10,0,SFA
2/28/2005,59,6,0,SFA
3/1/2005,60,9,1.524,SFA
3/2/2005,61,8,0.889,SFA
3/3/2005,62,8,0,SFA
3/4/2005,63,12,0,SFA
3/5/2005,64,12,0,SFA
3/6/2005,65,16,0,SFA
3/7/2005,66,16,0.254,SFA
3/8/2005,67,9,0,SFA
3/9/2005,68,7,0,SFA
3/10/2005,69,12,0,SFA
3/11/2005,70,8,0,SFA
3/12/2005,71,20,0,SFA
3/13/2005,72,13,0,SFA
3/14/2005,73,14,0,SFA
3/15/2005,74,8,0.127,SFA
3/16/2005,75,6,0,SFA
3/17/2005,76,4,0,SFA
3/18/2005,77,16,0,SFA
3/19/2005,78,17,1.778,SFA
3/20/2005,79,16,0,SFA
3/21/2005,80,18,1.651,SFA
3/22/2005,81,14,0,SFA
3/23/2005,82,11,0,SFA
3/24/2005,83,18,0,SFA
3/25/2005,84,15,1.524,SFA
3/26/2005,85,13,0,SFA
3/27/2005,86,8,0,SFA
3/28/2005,87,12,0,SFA
3/29/2005,88,19,0,SFA
3/30/2005,89,16,0,SFA
3/31/2005,90,21,0,SFA
4/1/2005,91,9,0,SFA
4/2/2005,92,10,0,SFA
4/3/2005,93,17,0,SFA
4/4/2005,94,18,0,SFA
4/5/2005,95,21,0.381,SFA
4/6/2005,96,15,0,SFA
4/7/2005,97,16,0,SFA
4/8/2005,98,14,0,SFA
4/9/2005,99,21,0,SFA
4/10/2005,100,20,5.842,SFA
4/11/2005,101,14,0.508,SFA
4/12/2005,102,13,0,SFA
4/13/2005,103,16,0,SFA
4/14/2005,104,14,0,SFA
4/15/2005,105,14,0,SFA
4/16/2005,106,16,0,SFA
4/17/2005,107,19,0,SFA
4/18/2005,108,19,0,SFA
4/19/2005,109,20,0,SFA
4/20/2005,110,26,12354.814,SFA
4/21/2005,111,NA,0,SFA
4/22/2005,112,NA,0,SFA
4/23/2005,113,NA,0,SFA
4/24/2005,114,NA,0.254,SFA
4/25/2005,115,NA,0,SFA
4/26/2005,116,13,0,SFA
4/27/2005,117,21,0,SFA
4/28/2005,118,30,9129.014,SFA
4/29/2005,119,NA,0,SFA
4/30/2005,120,NA,0.508,SFA
5/1/2005,121,NA,0,SFA
5/2/2005,122,NA,0,SFA
5/3/2005,123,NA,0.381,SFA
5/4/2005,124,12,0.127,SFA
5/5/2005,125,16,0,SFA
5/6/2005,126,18,0,SFA
5/7/2005,127,23,0,SFA
5/8/2005,128,17,2.54,SFA
5/9/2005,129,23,0,SFA
5/10/2005,130,25,0,SFA
5/11/2005,131,23,0,SFA
5/12/2005,132,23,0,SFA
5/13/2005,133,24,0,SFA
5/14/2005,134,22,0,SFA
5/15/2005,135,18,0,SFA
5/16/2005,136,18,0,SFA
5/17/2005,137,19,0,SFA
5/18/2005,138,24,0,SFA
5/19/2005,139,22,0,SFA
5/20/2005,140,24,0,SFA
5/21/2005,141,24,0,SFA
5/22/2005,142,24,0,SFA
5/23/2005,143,26,0,SFA
5/24/2005,144,23,0,SFA
5/25/2005,145,19,0.508,SFA
5/26/2005,146,19,0,SFA
5/27/2005,147,22,0,SFA
5/28/2005,148,19,0.381,SFA
5/29/2005,149,24,0,SFA
5/30/2005,150,24,0,SFA
5/31/2005,151,24,0,SFA
6/1/2005,152,22,0,SFA
6/2/2005,153,24,0,SFA
6/3/2005,154,27,0,SFA
6/4/2005,155,27,0,SFA
6/5/2005,156,24,0,SFA
6/6/2005,157,24,0.508,SFA
6/7/2005,158,20,10.668,SFA
6/8/2005,159,27,0,SFA
6/9/2005,160,26,0.508,SFA
6/10/2005,161,28,0,SFA
6/11/2005,162,25,0,SFA
6/12/2005,163,28,0,SFA
6/13/2005,164,27,14419.326,SFA
6/14/2005,165,26,0,SFA
6/15/2005,166,27,0,SFA
6/16/2005,167,27,0,SFA
6/17/2005,168,27,0,SFA
6/18/2005,169,24,0,SFA
6/19/2005,170,23,0,SFA
6/20/2005,171,24,0,SFA
6/21/2005,172,24,0,SFA
6/22/2005,173,29.22222222,13129.006,SFA
6/23/2005,174,27,0,SFA
6/24/2005,175,29.22222222,13129.006,SFA
6/25/2005,176,28,0,SFA
6/26/2005,177,26,0,SFA
6/27/2005,178,27,0,SFA
6/28/2005,179,27,0,SFA
6/29/2005,180,28,0,SFA
6/30/2005,181,28,0,SFA
7/1/2005,182,24,0,SFA
7/2/2005,183,27,0,SFA
7/3/2005,184,30,0,SFA
7/4/2005,185,29,0,SFA
7/5/2005,186,28,0,SFA
7/6/2005,187,29,0,SFA
7/7/2005,188,23,1.016,SFA
7/8/2005,189,25,0,SFA
7/9/2005,190,25,0,SFA
7/10/2005,191,28,0,SFA
7/11/2005,192,25,0,SFA
7/12/2005,193,29,0,SFA
7/13/2005,194,23,0.254,SFA
7/14/2005,195,25,0.254,SFA
7/15/2005,196,26,0,SFA
7/16/2005,197,25,0.508,SFA
7/17/2005,198,25,0,SFA
7/18/2005,199,24,0,SFA
7/19/2005,200,29,0,SFA
7/20/2005,201,26,0,SFA
7/21/2005,202,28,0,SFA
7/22/2005,203,24,0,SFA
7/23/2005,204,27,0,SFA
7/24/2005,205,29,0,SFA
7/25/2005,206,28,0,SFA
7/26/2005,207,25,0,SFA
7/27/2005,208,28,0,SFA
7/28/2005,209,27,0,SFA
7/29/2005,210,24,0,SFA
7/30/2005,211,27,0,SFA
7/31/2005,212,27,0,SFA
8/1/2005,213,23,0.254,SFA
8/2/2005,214,25,0,SFA
8/3/2005,215,26,0,SFA
8/4/2005,216,25,0,SFA
8/5/2005,217,24,0,SFA
8/6/2005,218,26,0,SFA
8/7/2005,219,25,0,SFA
8/8/2005,220,24,0,SFA
8/9/2005,221,23,0.127,SFA
8/10/2005,222,33,10032.238,SFA
8/11/2005,223,26,0,SFA
8/12/2005,224,29,0,SFA
8/13/2005,225,29,0,SFA
8/14/2005,226,24,0.127,SFA
8/15/2005,227,23,0.762,SFA
8/16/2005,228,24,0,SFA
8/17/2005,229,29,0,SFA
8/18/2005,230,29,0,SFA
8/19/2005,231,28,0,SFA
8/20/2005,232,28,0,SFA
8/21/2005,233,29,0,SFA
8/22/2005,234,31,0.635,SFA
8/23/2005,235,NA,0,SFA
8/24/2005,236,NA,0,SFA
8/25/2005,237,NA,1.016,SFA
8/26/2005,238,NA,0,SFA
8/27/2005,239,NA,0,SFA
8/28/2005,240,NA,0,SFA
8/29/2005,241,NA,0,SFA
8/30/2005,242,24,0,SFA
8/31/2005,243,27,0,SFA
9/1/2005,244,23,0,SFA
9/2/2005,245,25,0,SFA
9/3/2005,246,26,0,SFA
9/4/2005,247,24,0,SFA
9/5/2005,248,23,0,SFA
9/6/2005,249,26,0,SFA
9/7/2005,250,22,0,SFA
9/8/2005,251,22,0,SFA
9/9/2005,252,24,0,SFA
9/10/2005,253,27,0,SFA
9/11/2005,254,24,0,SFA
9/12/2005,255,26,0,SFA
9/13/2005,256,28,0,SFA
9/14/2005,257,30,0,SFA
9/15/2005,258,30,0,SFA
9/16/2005,259,26,0,SFA
9/17/2005,260,29,0,SFA
9/18/2005,261,27,0,SFA
9/19/2005,262,26,0,SFA
9/20/2005,263,26,0,SFA
9/21/2005,264,28,0,SFA
9/22/2005,265,28,0,SFA
9/23/2005,266,25,0,SFA
9/24/2005,267,23,6.985,SFA
9/25/2005,268,NA,0,SFA
9/26/2005,269,NA,0,SFA
9/27/2005,270,28,0,SFA
9/28/2005,271,26,0,SFA
9/29/2005,272,21,0,SFA
9/30/2005,273,20,0,SFA
10/1/2005,274,26,0,SFA
10/2/2005,275,26,0,SFA
10/3/2005,276,26,0,SFA
10/4/2005,277,26,0,SFA
10/5/2005,278,23,0,SFA
10/6/2005,279,21,0,SFA
10/7/2005,280,15,0,SFA
10/8/2005,281,13,0,SFA
10/9/2005,282,16,0,SFA
10/10/2005,283,16,0,SFA
10/11/2005,284,22,0,SFA
10/12/2005,285,20,0,SFA
10/13/2005,286,18,0,SFA
10/14/2005,287,18,0,SFA
10/15/2005,288,16,0,SFA
10/16/2005,289,17,0,SFA
10/17/2005,290,18,0,SFA
10/18/2005,291,18,0,SFA
10/19/2005,292,19,0,SFA
10/20/2005,293,22,0,SFA
10/21/2005,294,14,0,SFA
10/22/2005,295,13,0,SFA
10/23/2005,296,9,0,SFA
10/24/2005,297,7,0,SFA
10/25/2005,298,7,0,SFA
10/26/2005,299,9,0,SFA
10/27/2005,300,9,0,SFA
10/28/2005,301,8,0,SFA
10/29/2005,302,11,0,SFA
10/30/2005,303,19,0,SFA
10/31/2005,304,14,2.159,SFA
11/1/2005,305,7,0,SFA
11/2/2005,306,9,0,SFA
11/3/2005,307,25,9129.014,SFA
11/4/2005,308,19,0,SFA
11/5/2005,309,21,0,SFA
11/6/2005,310,19,0,SFA
11/7/2005,311,22,0,SFA
11/8/2005,312,23,0,SFA
11/9/2005,313,19,0,SFA
11/10/2005,314,17,0,SFA
11/11/2005,315,17,0,SFA
11/12/2005,316,23,0,SFA
11/13/2005,317,20,0.762,SFA
11/14/2005,318,22,0,SFA
11/15/2005,319,11,0.254,SFA
11/16/2005,320,1,0,SFA
11/17/2005,321,2,0,SFA
11/18/2005,322,7,0,SFA
11/19/2005,323,7,0,SFA
11/20/2005,324,9,0,SFA
11/21/2005,325,3,0,SFA
11/22/2005,326,6,0,SFA
11/23/2005,327,8,0,SFA
11/24/2005,328,12,0,SFA
11/25/2005,329,14,0,SFA
11/26/2005,330,13,0,SFA
11/27/2005,331,13,1.27,SFA
11/28/2005,332,6,0,SFA
11/29/2005,333,3,0,SFA
11/30/2005,334,12,0,SFA
12/1/2005,335,6,0,SFA
12/2/2005,336,16,0,SFA
12/3/2005,337,22,0,SFA
12/4/2005,338,8,0,SFA
12/5/2005,339,-1,0,SFA
12/6/2005,340,3,0,SFA
12/7/2005,341,5,1.27,SFA
12/8/2005,342,-2,0,SFA
12/9/2005,343,-1,0,SFA
12/10/2005,344,2,0,SFA
12/11/2005,345,3,0,SFA
12/12/2005,346,4,0,SFA
12/13/2005,347,16,0,SFA
12/14/2005,348,8,1.016,SFA
12/15/2005,349,1,0,SFA
12/16/2005,350,4,0,SFA
12/17/2005,351,1,0.508,SFA
12/18/2005,352,1,0,SFA
12/19/2005,353,6,0,SFA
12/20/2005,354,4,0.508,SFA
12/21/2005,355,-1,0,SFA
12/22/2005,356,6,0,SFA
12/23/2005,357,14,0,SFA
12/24/2005,358,11,0,SFA
12/25/2005,359,4,0,SFA
12/26/2005,360,16,0,SFA
12/27/2005,361,18,0,SFA
12/28/2005,362,7,0,SFA
12/29/2005,363,13,0,SFA
12/30/2005,364,9,0,SFA
12/31/2005,365,15,0,SFA
1/1/2006,1,21,0,SFA
1/2/2006,2,11,0,SFA
1/3/2006,3,14,0,SFA
1/4/2006,4,14,0,SFA
1/5/2006,5,8,0,SFA
1/6/2006,6,2,0,SFA
1/7/2006,7,14,0,SFA
1/8/2006,8,17,0,SFA
1/9/2006,9,19,0.127,SFA
1/10/2006,10,2,0,SFA
1/11/2006,11,12,0,SFA
1/12/2006,12,20,0,SFA
1/13/2006,13,7,0,SFA
1/14/2006,14,5,0,SFA
1/15/2006,15,16,0,SFA
1/16/2006,16,16,3.81,SFA
1/17/2006,17,1,0,SFA
1/18/2006,18,15,0,SFA
1/19/2006,19,18,0,SFA
1/20/2006,20,18,0,SFA
1/21/2006,21,12,0,SFA
1/22/2006,22,8,8.128,SFA
1/23/2006,23,11,0,SFA
1/24/2006,24,6,0,SFA
1/25/2006,25,7,0,SFA
1/26/2006,26,9,0,SFA
1/27/2006,27,16,0,SFA
1/28/2006,28,17,2.794,SFA
1/29/2006,29,11,0,SFA
1/30/2006,30,5,0,SFA
1/31/2006,31,14,0,SFA
2/1/2006,32,15,4.826,SFA
2/2/2006,33,13,0,SFA
2/3/2006,34,3,0,SFA
2/4/2006,35,6,0,SFA
2/5/2006,36,14,0.254,SFA
2/6/2006,37,6,0,SFA
2/7/2006,38,2,0,SFA
2/8/2006,39,6,0,SFA
2/9/2006,40,10,0,SFA
2/10/2006,41,5,4.318,SFA
2/11/2006,42,1,0,SFA
2/12/2006,43,6,0,SFA
2/13/2006,44,4,0,SFA
2/14/2006,45,15,0,SFA
2/15/2006,46,19,0,SFA
2/16/2006,47,21,0,SFA
2/17/2006,48,7,0.508,SFA
2/18/2006,49,0,0,SFA
2/19/2006,50,-1,0,SFA
2/20/2006,51,4,0,SFA
2/21/2006,52,11,0,SFA
2/22/2006,53,12,0,SFA
2/23/2006,54,11,0,SFA
2/24/2006,55,11,1.778,SFA
2/25/2006,56,11,2.54,SFA
2/26/2006,57,5,0,SFA
2/27/2006,58,16,0,SFA
2/28/2006,59,18,0,SFA
3/1/2006,60,20,0,SFA
3/2/2006,61,21,0,SFA
3/3/2006,62,16,0,SFA
3/4/2006,63,17,0,SFA
3/5/2006,64,18,0,SFA
3/6/2006,65,16,0,SFA
3/7/2006,66,20,0,SFA
3/8/2006,67,22,0,SFA
3/9/2006,68,12,1.016,SFA
3/10/2006,69,22,0,SFA
3/11/2006,70,24,0,SFA
3/12/2006,71,24,0,SFA
3/13/2006,72,12,0,SFA
3/14/2006,73,7,0,SFA
3/15/2006,74,17,0,SFA
3/16/2006,75,16,0,SFA
3/17/2006,76,19,0,SFA
3/18/2006,77,12,0,SFA
3/19/2006,78,12,0.762,SFA
3/20/2006,79,13,6.35,SFA
3/21/2006,80,9,0,SFA
3/22/2006,81,8,0,SFA
3/23/2006,82,6,0,SFA
3/24/2006,83,4,0,SFA
3/25/2006,84,7,0,SFA
3/26/2006,85,15,0,SFA
3/27/2006,86,17,0,SFA
3/28/2006,87,13,1.778,SFA
3/29/2006,88,18,0.762,SFA
3/30/2006,89,18,0,SFA
3/31/2006,90,22,0,SFA
4/1/2006,91,22,0,SFA
4/2/2006,92,24,0,SFA
4/3/2006,93,20,0,SFA
4/4/2006,94,19,0,SFA
4/5/2006,95,23,0,SFA
4/6/2006,96,22,0,SFA
4/7/2006,97,21,0,SFA
4/8/2006,98,16,0,SFA
4/9/2006,99,13,0,SFA
4/10/2006,100,20,0,SFA
4/11/2006,101,20,0,SFA
4/12/2006,102,17,0,SFA
4/13/2006,103,19,0,SFA
4/14/2006,104,23,0,SFA
4/15/2006,105,22,0,SFA
4/16/2006,106,26,0,SFA
4/17/2006,107,27,0,SFA
4/18/2006,108,27,0,SFA
4/19/2006,109,24,0,SFA
4/20/2006,110,23,1.905,SFA
4/21/2006,111,18,0,SFA
4/22/2006,112,18,0,SFA
4/23/2006,113,23,0,SFA
4/24/2006,114,25,0,SFA
4/25/2006,115,17,1.524,SFA
4/26/2006,116,14,0,SFA
4/27/2006,117,17,0,SFA
4/28/2006,118,23,0.762,SFA
4/29/2006,119,18,0,SFA
4/30/2006,120,18,0,SFA
5/1/2006,121,24,0,SFA
5/2/2006,122,22,0,SFA
5/3/2006,123,23,0,SFA
5/4/2006,124,24,0,SFA
5/5/2006,125,23,1.905,SFA
5/6/2006,126,22,0,SFA
5/7/2006,127,19,0.762,SFA
5/8/2006,128,25,0,SFA
5/9/2006,129,27,0,SFA
5/10/2006,130,21,0,SFA
5/11/2006,131,15,0,SFA
5/12/2006,132,19,0,SFA
5/13/2006,133,24,0,SFA
5/14/2006,134,21,1.905,SFA
5/15/2006,135,15,0,SFA
5/16/2006,136,16,0,SFA
5/17/2006,137,17,0,SFA
5/18/2006,138,19,0,SFA
5/19/2006,139,26,0,SFA
5/20/2006,140,25,0,SFA
5/21/2006,141,23,0,SFA
5/22/2006,142,27,0,SFA
5/23/2006,143,26,0,SFA
5/24/2006,144,27,0,SFA
5/25/2006,145,27,0,SFA
5/26/2006,146,27,0,SFA
5/27/2006,147,28,0,SFA
5/28/2006,148,27,0,SFA
5/29/2006,149,23,0,SFA
5/30/2006,150,24,0,SFA
5/31/2006,151,22,0,SFA
6/1/2006,152,23,0,SFA
6/2/2006,153,23,0,SFA
6/3/2006,154,21,0,SFA
6/4/2006,155,24,0,SFA
6/5/2006,156,23,0,SFA
6/6/2006,157,28,0,SFA
6/7/2006,158,28,0,SFA
6/8/2006,159,25,0,SFA
6/9/2006,160,27,0,SFA
6/10/2006,161,28,0,SFA
6/11/2006,162,26,0,SFA
6/12/2006,163,27,0,SFA
6/13/2006,164,26,0,SFA
6/14/2006,165,25,0,SFA
6/15/2006,166,28,4.826,SFA
6/16/2006,167,26,0,SFA
6/17/2006,168,24,0,SFA
6/18/2006,169,23,0,SFA
6/19/2006,170,25,0,SFA
6/20/2006,171,25,0,SFA
6/21/2006,172,27,0.254,SFA
6/22/2006,173,28,0,SFA
6/23/2006,174,24,0,SFA
6/24/2006,175,24,0.127,SFA
6/25/2006,176,25,0,SFA
6/26/2006,177,23,0,SFA
6/27/2006,178,22,0,SFA
6/28/2006,179,22,0,SFA
6/29/2006,180,26,0,SFA
6/30/2006,181,24,0,SFA
7/1/2006,182,21,0,SFA
7/2/2006,183,23,0,SFA
7/3/2006,184,24,0,SFA
7/4/2006,185,24,0,SFA
7/5/2006,186,25,0.762,SFA
7/6/2006,187,26,0,SFA
7/7/2006,188,28,0,SFA
7/8/2006,189,28,7.62,SFA
7/9/2006,190,24,0,SFA
7/10/2006,191,28,0,SFA
7/11/2006,192,29,0,SFA
7/12/2006,193,31,7193.534,SFA
7/13/2006,194,29,0,SFA
7/14/2006,195,29,0,SFA
7/15/2006,196,31,0,SFA
7/16/2006,197,32,0,SFA
7/17/2006,198,27,0,SFA
7/18/2006,199,30,0,SFA
7/19/2006,200,NA,0.127,SFA
7/20/2006,201,NA,0,SFA
7/21/2006,202,31,0,SFA
7/22/2006,203,24,0,SFA
7/23/2006,204,26,0,SFA
7/24/2006,205,26,0,SFA
7/25/2006,206,25,0.254,SFA
7/26/2006,207,23,5.842,SFA
7/27/2006,208,27,0,SFA
7/28/2006,209,27,0,SFA
7/29/2006,210,28,0,SFA
7/30/2006,211,29,0,SFA
7/31/2006,212,27,0.254,SFA
8/1/2006,213,27,0,SFA
8/2/2006,214,28,0,SFA
8/3/2006,215,28,0,SFA
8/4/2006,216,26,0,SFA
8/5/2006,217,35,10677.398,SFA
8/6/2006,218,NA,0,SFA
8/7/2006,219,26,0.381,SFA
8/8/2006,220,28,0,SFA
8/9/2006,221,29,0,SFA
8/10/2006,222,28,0,SFA
8/11/2006,223,29,0,SFA
8/12/2006,224,29,0,SFA
8/13/2006,225,29,0,SFA
8/14/2006,226,29,0,SFA
8/15/2006,227,27,0,SFA
8/16/2006,228,31,0,SFA
8/17/2006,229,30,0,SFA
8/18/2006,230,30,0,SFA
8/19/2006,231,31,0,SFA
8/20/2006,232,31,0,SFA
8/21/2006,233,31,0,SFA
8/22/2006,234,24,1.27,SFA
8/23/2006,235,27,0,SFA
8/24/2006,236,29,0,SFA
8/25/2006,237,30,0,SFA
8/26/2006,238,24,0,SFA
8/27/2006,239,26,0.381,SFA
8/28/2006,240,24,0.254,SFA
8/29/2006,241,24,0,SFA
8/30/2006,242,25,0,SFA
8/31/2006,243,24,0,SFA
9/1/2006,244,26,0,SFA
9/2/2006,245,24,0,SFA
9/3/2006,246,24,0,SFA
9/4/2006,247,26,0,SFA
9/5/2006,248,23,0,SFA
9/6/2006,249,26,0.254,SFA
9/7/2006,250,22,0,SFA
9/8/2006,251,24,0,SFA
9/9/2006,252,25,0,SFA
9/10/2006,253,27,0,SFA
9/11/2006,254,23,0,SFA
9/12/2006,255,24,0.254,SFA
9/13/2006,256,21,0,SFA
9/14/2006,257,21,0,SFA
9/15/2006,258,27,0,SFA
9/16/2006,259,28,0,SFA
9/17/2006,260,25,3.937,SFA
9/18/2006,261,20,0,SFA
9/19/2006,262,18,0,SFA
9/20/2006,263,18,0,SFA
9/21/2006,264,26,0,SFA
9/22/2006,265,28,0,SFA
9/23/2006,266,23,0.254,SFA
9/24/2006,267,18,0,SFA
9/25/2006,268,15,0,SFA
9/26/2006,269,17,0,SFA
9/27/2006,270,22,0,SFA
9/28/2006,271,16,0,SFA
9/29/2006,272,22,0,SFA
9/30/2006,273,22,0,SFA
10/1/2006,274,22,0,SFA
10/2/2006,275,24,0,SFA
10/3/2006,276,24,0,SFA
10/4/2006,277,22,0,SFA
10/5/2006,278,22,0,SFA
10/6/2006,279,21,5387.086,SFA
10/7/2006,280,19,0,SFA
10/8/2006,281,14,0,SFA
10/9/2006,282,17,0,SFA
10/10/2006,283,18,2.54,SFA
10/11/2006,284,17,0,SFA
10/12/2006,285,13,0.762,SFA
10/13/2006,286,12,0,SFA
10/14/2006,287,19,0,SFA
10/15/2006,288,21,4.318,SFA
10/16/2006,289,22,3.556,SFA
10/17/2006,290,31,9774.174,SFA
10/18/2006,291,NA,0.508,SFA
10/19/2006,292,10,0,SFA
10/20/2006,293,15,11838.686,SFA
10/21/2006,294,NA,0,SFA
10/22/2006,295,NA,0,SFA
10/23/2006,296,20,11193.526,SFA
10/24/2006,297,NA,0,SFA
10/25/2006,298,NA,11.684,SFA
10/26/2006,299,NA,1.651,SFA
10/27/2006,300,NA,0,SFA
10/28/2006,301,NA,0,SFA
10/29/2006,302,NA,0,SFA
10/30/2006,303,NA,0,SFA
10/31/2006,304,20,12354.814,SFA
11/1/2006,305,12,0,SFA
11/2/2006,306,4,0,SFA
11/3/2006,307,4,0,SFA
11/4/2006,308,13,0,SFA
11/5/2006,309,19,0,SFA
11/6/2006,310,15,0,SFA
11/7/2006,311,11,3.556,SFA
11/8/2006,312,18,0,SFA
11/9/2006,313,22,0,SFA
11/10/2006,314,17,0,SFA
11/11/2006,315,5,0,SFA
11/12/2006,316,11,0,SFA
11/13/2006,317,14,0,SFA
11/14/2006,318,20,0,SFA
11/15/2006,319,8,0,SFA
11/16/2006,320,2,0,SFA
11/17/2006,321,6,0,SFA
11/18/2006,322,7,0,SFA
11/19/2006,323,3,0,SFA
11/20/2006,324,0,0,SFA
11/21/2006,325,2,0,SFA
11/22/2006,326,7,0,SFA
11/23/2006,327,12,0,SFA
11/24/2006,328,13,0,SFA
11/25/2006,329,13,0,SFA
11/26/2006,330,18,0,SFA
11/27/2006,331,18,0,SFA
11/28/2006,332,20,0.762,SFA
11/29/2006,333,20,0.762,SFA
11/30/2006,334,-1,0,SFA
12/1/2006,335,-1,0,SFA
12/2/2006,336,4,0,SFA
12/3/2006,337,2,0,SFA
12/4/2006,338,-2,0,SFA
12/5/2006,339,6,0,SFA
12/6/2006,340,12,0,SFA
12/7/2006,341,5,0,SFA
12/8/2006,342,-3,0,SFA
12/9/2006,343,2,0,SFA
12/10/2006,344,12,1.016,SFA
12/11/2006,345,18,0.381,SFA
12/12/2006,346,7,0,SFA
12/13/2006,347,6,0,SFA
12/14/2006,348,11,0,SFA
12/15/2006,349,16,0,SFA
12/16/2006,350,19,0,SFA
12/17/2006,351,18,0,SFA
12/18/2006,352,17,0,SFA
12/19/2006,353,17,0,SFA
12/20/2006,354,12,2.54,SFA
12/21/2006,355,12,0,SFA
12/22/2006,356,3,0,SFA
12/23/2006,357,10,0,SFA
12/24/2006,358,7,0,SFA
12/25/2006,359,4,3.048,SFA
12/26/2006,360,0,0,SFA
12/27/2006,361,9,0,SFA
12/28/2006,362,17,0,SFA
12/29/2006,363,18,0,SFA
12/30/2006,364,12,0,SFA
12/31/2006,365,5,0,SFA
1/1/2007,1,1,0,SFA
1/2/2007,2,2,0,SFA
1/3/2007,3,11,0,SFA
1/4/2007,4,12,0,SFA
1/5/2007,5,8,0,SFA
1/6/2007,6,15,4.064,SFA
1/7/2007,7,8,0,SFA
1/8/2007,8,3,0,SFA
1/9/2007,9,11,0,SFA
1/10/2007,10,10,0,SFA
1/11/2007,11,18,0,SFA
1/12/2007,12,21,0,SFA
1/13/2007,13,13,0,SFA
1/14/2007,14,5,5.842,SFA
1/15/2007,15,-1,7.874,SFA
1/16/2007,16,-1,0,SFA
1/17/2007,17,1,0.381,SFA
1/18/2007,18,4,0.254,SFA
1/19/2007,19,6,0,SFA
1/20/2007,20,7,2.413,SFA
1/21/2007,21,6,0,SFA
1/22/2007,22,5,0,SFA
1/23/2007,23,6,0,SFA
1/24/2007,24,6,0,SFA
1/25/2007,25,4,0,SFA
1/26/2007,26,8,0,SFA
1/27/2007,27,11,0.508,SFA
1/28/2007,28,-1,0,SFA
1/29/2007,29,9,0,SFA
1/30/2007,30,3,0.508,SFA
1/31/2007,31,3,0,SFA
2/1/2007,32,5,0,SFA
2/2/2007,33,-2,0,SFA
2/3/2007,34,3,0,SFA
2/4/2007,35,6,0,SFA
2/5/2007,36,6,0,SFA
2/6/2007,37,14,0,SFA
2/7/2007,38,13,0,SFA
2/8/2007,39,7,0,SFA
2/9/2007,40,4,0,SFA
2/10/2007,41,2,0,SFA
2/11/2007,42,11,3.556,SFA
2/12/2007,43,16,0,SFA
2/13/2007,44,4,0,SFA
2/14/2007,45,2,0,SFA
2/15/2007,46,-3,0,SFA
2/16/2007,47,3,0,SFA
2/17/2007,48,6,0,SFA
2/18/2007,49,8,0,SFA
2/19/2007,50,16,0,SFA
2/20/2007,51,17,0,SFA
2/21/2007,52,11,0,SFA
2/22/2007,53,13,0,SFA
2/23/2007,54,19,0,SFA
2/24/2007,55,18,0.762,SFA
2/25/2007,56,6,0,SFA
2/26/2007,57,11,0,SFA
2/27/2007,58,17,0,SFA
2/28/2007,59,21,0,SFA
3/1/2007,60,7,0,SFA
3/2/2007,61,6,0,SFA
3/3/2007,62,6,0,SFA
3/4/2007,63,2,0,SFA
3/5/2007,64,6,0,SFA
3/6/2007,65,12,0,SFA
3/7/2007,66,10,0,SFA
3/8/2007,67,12,0,SFA
3/9/2007,68,15,0,SFA
3/10/2007,69,17,0,SFA
3/11/2007,70,20,0,SFA
3/12/2007,71,19,0.508,SFA
3/13/2007,72,18,1.397,SFA
3/14/2007,73,16,0,SFA
3/15/2007,74,17,0,SFA
3/16/2007,75,13,0,SFA
3/17/2007,76,17,0,SFA
3/18/2007,77,19,0,SFA
3/19/2007,78,20,0,SFA
3/20/2007,79,21,0,SFA
3/21/2007,80,21,0,SFA
3/22/2007,81,21,0,SFA
3/23/2007,82,21,0,SFA
3/24/2007,83,22,1.016,SFA
3/25/2007,84,21,0,SFA
3/26/2007,85,21,0,SFA
3/27/2007,86,22,0,SFA
3/28/2007,87,23,0,SFA
3/29/2007,88,23,0,SFA
3/30/2007,89,21,0,SFA
3/31/2007,90,17,0,SFA
4/1/2007,91,17,0,SFA
4/2/2007,92,21,0,SFA
4/3/2007,93,22,0,SFA
4/4/2007,94,15,0,SFA
4/5/2007,95,11,0,SFA
4/6/2007,96,11,0,SFA
4/7/2007,97,1,0,SFA
4/8/2007,98,8,0,SFA
4/9/2007,99,13,0,SFA
4/10/2007,100,19,1.016,SFA
4/11/2007,101,13,0,SFA
4/12/2007,102,19,0,SFA
4/13/2007,103,23,0,SFA
4/14/2007,104,9,1.016,SFA
4/15/2007,105,11,0,SFA
4/16/2007,106,17,0.254,SFA
4/17/2007,107,17,0,SFA
4/18/2007,108,14,0,SFA
4/19/2007,109,16,0,SFA
4/20/2007,110,17,0,SFA
4/21/2007,111,21,0,SFA
4/22/2007,112,23,0,SFA
4/23/2007,113,21,0,SFA
4/24/2007,114,23,0,SFA
4/25/2007,115,17,0,SFA
4/26/2007,116,14,0,SFA
4/27/2007,117,18,0,SFA
4/28/2007,118,18,0,SFA
4/29/2007,119,19,0,SFA
4/30/2007,120,21,0.254,SFA
5/1/2007,121,19,3.556,SFA
5/2/2007,122,23,1.27,SFA
5/3/2007,123,18,0.762,SFA
5/4/2007,124,25,0,SFA
5/5/2007,125,26,0,SFA
5/6/2007,126,26,0,SFA
5/7/2007,127,24,0,SFA
5/8/2007,128,23,0,SFA
5/9/2007,129,21,2.54,SFA
5/10/2007,130,21,0,SFA
5/11/2007,131,22,0,SFA
5/12/2007,132,24,0,SFA
5/13/2007,133,24,0,SFA
5/14/2007,134,25,0,SFA
5/15/2007,135,22,0,SFA
5/16/2007,136,16,0,SFA
5/17/2007,137,17,0,SFA
5/18/2007,138,17,0,SFA
5/19/2007,139,17,0,SFA
5/20/2007,140,21,0,SFA
5/21/2007,141,22,0,SFA
5/22/2007,142,19,0.762,SFA
5/23/2007,143,23,0.254,SFA
5/24/2007,144,22,0,SFA
5/25/2007,145,22,0,SFA
5/26/2007,146,20,0,SFA
5/27/2007,147,22,0,SFA
5/28/2007,148,21,0.508,SFA
5/29/2007,149,20,0,SFA
5/30/2007,150,19,1.397,SFA
5/31/2007,151,24,0,SFA
6/1/2007,152,24,0,SFA
6/2/2007,153,23,0,SFA
6/3/2007,154,26,2.413,SFA
6/4/2007,155,NA,0,SFA
6/5/2007,156,NA,0.381,SFA
6/6/2007,157,NA,0,SFA
6/7/2007,158,28,0,SFA
6/8/2007,159,28,0,SFA
6/9/2007,160,27,0,SFA
6/10/2007,161,24,0,SFA
6/11/2007,162,26,0,SFA
6/12/2007,163,26,0,SFA
6/13/2007,164,26,0,SFA
6/14/2007,165,22,3.81,SFA
6/15/2007,166,22,2.54,SFA
6/16/2007,167,22,3.81,SFA
6/17/2007,168,24,0,SFA
6/18/2007,169,26,0,SFA
6/19/2007,170,24,0,SFA
6/20/2007,171,25,0,SFA
6/21/2007,172,23,0.254,SFA
6/22/2007,173,26,0,SFA
6/23/2007,174,21,0,SFA
6/24/2007,175,26,0,SFA
6/25/2007,176,22,0,SFA
6/26/2007,177,27,1.27,SFA
6/27/2007,178,27,0,SFA
6/28/2007,179,24,0,SFA
6/29/2007,180,26,0,SFA
6/30/2007,181,25,0,SFA
7/1/2007,182,24,1.778,SFA
7/2/2007,183,26,0,SFA
7/3/2007,184,24,0,SFA
7/4/2007,185,24,0,SFA
7/5/2007,186,24,6.096,SFA
7/6/2007,187,24,0,SFA
7/7/2007,188,26,0,SFA
7/8/2007,189,26,0.381,SFA
7/9/2007,190,28,0,SFA
7/10/2007,191,27,0,SFA
7/11/2007,192,26,0,SFA
7/12/2007,193,26,0,SFA
7/13/2007,194,24,0,SFA
7/14/2007,195,24,1.651,SFA
7/15/2007,196,26,0,SFA
7/16/2007,197,24,0,SFA
7/17/2007,198,24,0,SFA
7/18/2007,199,27,0,SFA
7/19/2007,200,23,0,SFA
7/20/2007,201,25,1.143,SFA
7/21/2007,202,26,0,SFA
7/22/2007,203,24,0,SFA
7/23/2007,204,21,0,SFA
7/24/2007,205,22,0,SFA
7/25/2007,206,23,0,SFA
7/26/2007,207,24,0.381,SFA
7/27/2007,208,25,0,SFA
7/28/2007,209,24,0,SFA
7/29/2007,210,27,0.508,SFA
7/30/2007,211,27,0,SFA
7/31/2007,212,26,1.143,SFA
8/1/2007,213,24,2.032,SFA
8/2/2007,214,26,0,SFA
8/3/2007,215,26,0,SFA
8/4/2007,216,26,0,SFA
8/5/2007,217,26,0,SFA
8/6/2007,218,27,0,SFA
8/7/2007,219,27,0,SFA
8/8/2007,220,26,0,SFA
8/9/2007,221,26,0,SFA
8/10/2007,222,27,0,SFA
8/11/2007,223,28,0,SFA
8/12/2007,224,29,0,SFA
8/13/2007,225,27,0,SFA
8/14/2007,226,28,0,SFA
8/15/2007,227,29,0,SFA
8/16/2007,228,26,0,SFA
8/17/2007,229,24,0,SFA
8/18/2007,230,27,0,SFA
8/19/2007,231,26,0,SFA
8/20/2007,232,27,0,SFA
8/21/2007,233,26,0,SFA
8/22/2007,234,28,0,SFA
8/23/2007,235,28,0,SFA
8/24/2007,236,29,0,SFA
8/25/2007,237,26,0,SFA
8/26/2007,238,26,0,SFA
8/27/2007,239,27,0,SFA
8/28/2007,240,27,0,SFA
8/29/2007,241,24,0,SFA
8/30/2007,242,24,0.508,SFA
8/31/2007,243,24,0,SFA
9/1/2007,244,24,0,SFA
9/2/2007,245,23,0,SFA
9/3/2007,246,22,0.635,SFA
9/4/2007,247,26,0,SFA
9/5/2007,248,26,0,SFA
9/6/2007,249,26,0,SFA
9/7/2007,250,28,0,SFA
9/8/2007,251,26,0,SFA
9/9/2007,252,26,0,SFA
9/10/2007,253,26,0,SFA
9/11/2007,254,22,0.254,SFA
9/12/2007,255,22,0,SFA
9/13/2007,256,25,0,SFA
9/14/2007,257,24,0,SFA
9/15/2007,258,23,0,SFA
9/16/2007,259,21,0,SFA
9/17/2007,260,22,0,SFA
9/18/2007,261,24,0,SFA
9/19/2007,262,22,0,SFA
9/20/2007,263,20,0,SFA
9/21/2007,264,20,0,SFA
9/22/2007,265,24,0,SFA
9/23/2007,266,24,0.762,SFA
9/24/2007,267,26,0,SFA
9/25/2007,268,25,0,SFA
9/26/2007,269,26,0,SFA
9/27/2007,270,21,0,SFA
9/28/2007,271,23,0,SFA
9/29/2007,272,26,0,SFA
9/30/2007,273,24,2.032,SFA
10/1/2007,274,25,0,SFA
10/2/2007,275,23,0,SFA
10/3/2007,276,22,0,SFA
10/4/2007,277,23,0,SFA
10/5/2007,278,24,0,SFA
10/6/2007,279,24,0,SFA
10/7/2007,280,24,0,SFA
10/8/2007,281,23,0.762,SFA
10/9/2007,282,23,0,SFA
10/10/2007,283,17,0,SFA
10/11/2007,284,16,0,SFA
10/12/2007,285,16,0,SFA
10/13/2007,286,19,0,SFA
10/14/2007,287,24,0,SFA
10/15/2007,288,17,1.778,SFA
10/16/2007,289,21,0.254,SFA
10/17/2007,290,26,0,SFA
10/18/2007,291,18,0,SFA
10/19/2007,292,14,0,SFA
10/20/2007,293,21,0,SFA
10/21/2007,294,23,0,SFA
10/22/2007,295,12,2.54,SFA
10/23/2007,296,8,0,SFA
10/24/2007,297,11,0,SFA
10/25/2007,298,7,0,SFA
10/26/2007,299,8,0,SFA
10/27/2007,300,12,0,SFA
10/28/2007,301,15,0,SFA
10/29/2007,302,9,0,SFA
10/30/2007,303,12,0,SFA
10/31/2007,304,14,0,SFA
11/1/2007,305,20,0,SFA
11/2/2007,306,18,0,SFA
11/3/2007,307,13,0,SFA
11/4/2007,308,17,0,SFA
11/5/2007,309,18,0,SFA
11/6/2007,310,12,0,SFA
11/7/2007,311,12,0,SFA
11/8/2007,312,15,0,SFA
11/9/2007,313,16,0,SFA
11/10/2007,314,20,0,SFA
11/11/2007,315,19,0,SFA
11/12/2007,316,19,0,SFA
11/13/2007,317,21,0,SFA
11/14/2007,318,19,0,SFA
11/15/2007,319,3,0,SFA
11/16/2007,320,13,0,SFA
11/17/2007,321,18,0,SFA
11/18/2007,322,15,3.81,SFA
11/19/2007,323,17,0,SFA
11/20/2007,324,21,0.762,SFA
11/21/2007,325,8,0,SFA
11/22/2007,326,9,0,SFA
11/23/2007,327,8,0,SFA
11/24/2007,328,6,0,SFA
11/25/2007,329,6,7.112,SFA
11/26/2007,330,3,0,SFA
11/27/2007,331,4,0,SFA
11/28/2007,332,10,0,SFA
11/29/2007,333,12,0,SFA
11/30/2007,334,15,0,SFA
12/1/2007,335,21,0,SFA
12/2/2007,336,16,0,SFA
12/3/2007,337,0,0,SFA
12/4/2007,338,5,0,SFA
12/5/2007,339,16,0,SFA
12/6/2007,340,14,0,SFA
12/7/2007,341,22,0,SFA
12/8/2007,342,21,0,SFA
12/9/2007,343,19,0,SFA
12/10/2007,344,19,0,SFA
12/11/2007,345,22,0,SFA
12/12/2007,346,7,0.889,SFA
12/13/2007,347,11,0,SFA
12/14/2007,348,12,0,SFA
12/15/2007,349,3,0,SFA
12/16/2007,350,-1,4.064,SFA
12/17/2007,351,7,0,SFA
12/18/2007,352,15,0,SFA
12/19/2007,353,18,2.794,SFA
12/20/2007,354,9,0,SFA
12/21/2007,355,14,0,SFA
12/22/2007,356,4,0,SFA
12/23/2007,357,-1,0,SFA
12/24/2007,358,1,0,SFA
12/25/2007,359,6,0,SFA
12/26/2007,360,4,2.286,SFA
12/27/2007,361,7,0.381,SFA
12/28/2007,362,6,0,SFA
12/29/2007,363,2,0,SFA
12/30/2007,364,3,0,SFA
12/31/2007,365,6,0,SFA
1/1/2008,1,3,0,SFA
1/2/2008,2,-2,0,SFA
1/3/2008,3,0,0,SFA
1/4/2008,4,14,0,SFA
1/5/2008,5,19,0,SFA
1/6/2008,6,19,0,SFA
1/7/2008,7,21,0,SFA
1/8/2008,8,8,0.254,SFA
1/9/2008,9,10,0,SFA
1/10/2008,10,4,0,SFA
1/11/2008,11,3,0,SFA
1/12/2008,12,8,0,SFA
1/13/2008,13,4,0.508,SFA
1/14/2008,14,6,0,SFA
1/15/2008,15,9,0.508,SFA
1/16/2008,16,9,0,SFA
1/17/2008,17,4,0,SFA
1/18/2008,18,2,0,SFA
1/19/2008,19,-2,1.27,SFA
1/20/2008,20,2,0,SFA
1/21/2008,21,9,0,SFA
1/22/2008,22,6,0,SFA
1/23/2008,23,4,0.508,SFA
1/24/2008,24,7,0,SFA
1/25/2008,25,2,1.016,SFA
1/26/2008,26,6,0,SFA
1/27/2008,27,7,0,SFA
1/28/2008,28,18,0.254,SFA
1/29/2008,29,6,0,SFA
1/30/2008,30,7,1.524,SFA
1/31/2008,31,4,0,SFA
2/1/2008,32,7,0,SFA
2/2/2008,33,18,0,SFA
2/3/2008,34,21,0,SFA
2/4/2008,35,22,0,SFA
2/5/2008,36,13,0.762,SFA
2/6/2008,37,2,0,SFA
2/7/2008,38,6,0,SFA
2/8/2008,39,13,0,SFA
2/9/2008,40,9,0,SFA
2/10/2008,41,14,0,SFA
2/11/2008,42,18,2.921,SFA
2/12/2008,43,7,0,SFA
2/13/2008,44,6,0,SFA
2/14/2008,45,16,0,SFA
2/15/2008,46,18,0,SFA
2/16/2008,47,9,11.684,SFA
2/17/2008,48,10,0,SFA
2/18/2008,49,4,0,SFA
2/19/2008,50,13,0,SFA
2/20/2008,51,17,1.524,SFA
2/21/2008,52,13,0.381,SFA
2/22/2008,53,5,0,SFA
2/23/2008,54,12,0,SFA
2/24/2008,55,8,0,SFA
2/25/2008,56,18,0,SFA
2/26/2008,57,5,0,SFA
2/27/2008,58,5,0,SFA
2/28/2008,59,16,0,SFA
2/29/2008,60,19,0,SFA
3/1/2008,61,19,0,SFA
3/2/2008,62,20,0.254,SFA
3/3/2008,63,5,2.286,SFA
3/4/2008,64,3,0,SFA
3/5/2008,65,14,0,SFA
3/6/2008,66,7,1.905,SFA
3/7/2008,67,2,0,SFA
3/8/2008,68,4,0,SFA
3/9/2008,69,16,0.762,SFA
3/10/2008,70,12,2.54,SFA
3/11/2008,71,11,0,SFA
3/12/2008,72,16,0,SFA
3/13/2008,73,19,0,SFA
3/14/2008,74,24,0,SFA
3/15/2008,75,17,0,SFA
3/16/2008,76,22,0,SFA
3/17/2008,77,24,0,SFA
3/18/2008,78,22,1.651,SFA
3/19/2008,79,11,0,SFA
3/20/2008,80,16,0,SFA
3/21/2008,81,14,1.27,SFA
3/22/2008,82,17,0,SFA
3/23/2008,83,11,0,SFA
3/24/2008,84,11,0,SFA
3/25/2008,85,18,0,SFA
3/26/2008,86,20,0,SFA
3/27/2008,87,21,0,SFA
3/28/2008,88,19,0,SFA
3/29/2008,89,22,0,SFA
3/30/2008,90,20,0,SFA
3/31/2008,91,23,0,SFA
4/1/2008,92,17,0,SFA
4/2/2008,93,18,0,SFA
4/3/2008,94,23,0,SFA
4/4/2008,95,12,3.048,SFA
4/5/2008,96,14,0,SFA
4/6/2008,97,17,0,SFA
4/7/2008,98,21,0,SFA
4/8/2008,99,23,0,SFA
4/9/2008,100,24,0,SFA
4/10/2008,101,19,0.762,SFA
4/11/2008,102,14,0,SFA
4/12/2008,103,11,0,SFA
4/13/2008,104,8,0,SFA
4/14/2008,105,8,0,SFA
4/15/2008,106,14,0,SFA
4/16/2008,107,18,0,SFA
4/17/2008,108,21,1.778,SFA
4/18/2008,109,11,0,SFA
4/19/2008,110,15,0,SFA
4/20/2008,111,20,0,SFA
4/21/2008,112,23,0,SFA
4/22/2008,113,25,0.508,SFA
4/23/2008,114,25,0,SFA
4/24/2008,115,23,0.254,SFA
4/25/2008,116,24,0,SFA
4/26/2008,117,21,0,SFA
4/27/2008,118,13,0,SFA
4/28/2008,119,12,0,SFA
4/29/2008,120,18,0,SFA
4/30/2008,121,21,0,SFA
5/1/2008,122,24,0,SFA
5/2/2008,123,22,0,SFA
5/3/2008,124,14,0,SFA
5/4/2008,125,18,0,SFA
5/5/2008,126,16,0.254,SFA
5/6/2008,127,22,0,SFA
5/7/2008,128,19,0,SFA
5/8/2008,129,20,1.778,SFA
5/9/2008,130,24,0,SFA
5/10/2008,131,24,0.381,SFA
5/11/2008,132,14,0,SFA
5/12/2008,133,21,0,SFA
5/13/2008,134,24,1.27,SFA
5/14/2008,135,21,6.096,SFA
5/15/2008,136,18,0,SFA
5/16/2008,137,14,0,SFA
5/17/2008,138,19,0,SFA
5/18/2008,139,21,0,SFA
5/19/2008,140,24,0,SFA
5/20/2008,141,24,0,SFA
5/21/2008,142,27,0,SFA
5/22/2008,143,25,0,SFA
5/23/2008,144,27,0,SFA
5/24/2008,145,27,0,SFA
5/25/2008,146,28,0,SFA
5/26/2008,147,27,0,SFA
5/27/2008,148,21,0.508,SFA
5/28/2008,149,25,0,SFA
5/29/2008,150,26,0,SFA
5/30/2008,151,26,0,SFA
5/31/2008,152,26,0,SFA
6/1/2008,153,26,0,SFA
6/2/2008,154,29,0,SFA
6/3/2008,155,28,0,SFA
6/4/2008,156,28,0,SFA
6/5/2008,157,28,0,SFA
6/6/2008,158,28,0,SFA
6/7/2008,159,28,0,SFA
6/8/2008,160,29,0,SFA
6/9/2008,161,29,0,SFA
6/10/2008,162,22,5.842,SFA
6/11/2008,163,NA,0,SFA
6/12/2008,164,NA,0,SFA
6/13/2008,165,28,0,SFA
6/14/2008,166,26,0.254,SFA
6/15/2008,167,26,0,SFA
6/16/2008,168,27,0,SFA
6/17/2008,169,22,0,SFA
6/18/2008,170,24,1.016,SFA
6/19/2008,171,26,1.016,SFA
6/20/2008,172,26,0,SFA
6/21/2008,173,26,0,SFA
6/22/2008,174,24,0,SFA
6/23/2008,175,25,0,SFA
6/24/2008,176,24,1.016,SFA
6/25/2008,177,21,1.016,SFA
6/26/2008,178,23,1.27,SFA
6/27/2008,179,28,0,SFA
6/28/2008,180,28,0,SFA
6/29/2008,181,22,0.254,SFA
6/30/2008,182,23,0,SFA
7/1/2008,183,23,0,SFA
7/2/2008,184,26,0,SFA
7/3/2008,185,28,0,SFA
7/4/2008,186,26,0,SFA
7/5/2008,187,27,0,SFA
7/6/2008,188,27,0,SFA
7/7/2008,189,27,0,SFA
7/8/2008,190,26,0,SFA
7/9/2008,191,27,0,SFA
7/10/2008,192,28,0,SFA
7/11/2008,193,31,0,SFA
7/12/2008,194,31,0,SFA
7/13/2008,195,31,0.762,SFA
7/14/2008,196,22,0.508,SFA
7/15/2008,197,26,0,SFA
7/16/2008,198,26,0,SFA
7/17/2008,199,25,0,SFA
7/18/2008,200,28,0,SFA
7/19/2008,201,28,0,SFA
7/20/2008,202,28,0,SFA
7/21/2008,203,30,0,SFA
7/22/2008,204,29,0,SFA
7/23/2008,205,24,0,SFA
7/24/2008,206,25,0,SFA
7/25/2008,207,28,0,SFA
7/26/2008,208,28,0,SFA
7/27/2008,209,28,0,SFA
7/28/2008,210,32,0,SFA
7/29/2008,211,31,0,SFA
7/30/2008,212,30,0,SFA
7/31/2008,213,32,0,SFA
8/1/2008,214,31,0,SFA
8/2/2008,215,31,0,SFA
8/3/2008,216,23,2.286,SFA
8/4/2008,217,31,0,SFA
8/5/2008,218,26,0,SFA
8/6/2008,219,27,0,SFA
8/7/2008,220,28,0,SFA
8/8/2008,221,26,0,SFA
8/9/2008,222,29,0,SFA
8/10/2008,223,31,0,SFA
8/11/2008,224,29,5.08,SFA
8/12/2008,225,25,2.286,SFA
8/13/2008,226,24,0,SFA
8/14/2008,227,24,0,SFA
8/15/2008,228,24,0,SFA
8/16/2008,229,23,0,SFA
8/17/2008,230,25,0,SFA
8/18/2008,231,22,2.032,SFA
8/19/2008,232,23,5.08,SFA
8/20/2008,233,27,0.508,SFA
8/21/2008,234,26,0,SFA
8/22/2008,235,31,8483.854,SFA
8/23/2008,236,NA,1.016,SFA
8/24/2008,237,NA,0,SFA
8/25/2008,238,NA,0,SFA
8/26/2008,239,NA,0,SFA
8/27/2008,240,25,0.508,SFA
8/28/2008,241,26,0,SFA
8/29/2008,242,25,0,SFA
8/30/2008,243,26,0,SFA
8/31/2008,244,28,0,SFA
9/1/2008,245,29,10032.238,SFA
9/2/2008,246,24,1.778,SFA
9/3/2008,247,23,0,SFA
9/4/2008,248,23,0,SFA
9/5/2008,249,22,0,SFA
9/6/2008,250,21,0,SFA
9/7/2008,251,24,0,SFA
9/8/2008,252,24,0.508,SFA
9/9/2008,253,24,0,SFA
9/10/2008,254,27,0,SFA
9/11/2008,255,27,0,SFA
9/12/2008,256,27,0,SFA
9/13/2008,257,25,4096.766,SFA
9/14/2008,258,NA,7.874,SFA
9/15/2008,259,NA,0,SFA
9/16/2008,260,NA,0,SFA
9/17/2008,261,NA,0,SFA
9/18/2008,262,NA,0,SFA
9/19/2008,263,NA,0,SFA
9/20/2008,264,NA,0,SFA
9/21/2008,265,NA,0,SFA
9/22/2008,266,23,0,SFA
9/23/2008,267,24,0,SFA
9/24/2008,268,20,0,SFA
9/25/2008,269,21,0,SFA
9/26/2008,270,17,0,SFA
9/27/2008,271,17,0,SFA
9/28/2008,272,17,0,SFA
9/29/2008,273,18,0,SFA
9/30/2008,274,17,0,SFA
10/1/2008,275,15,0,SFA
10/2/2008,276,17,0,SFA
10/3/2008,277,19,0,SFA
10/4/2008,278,22,0,SFA
10/5/2008,279,21,0,SFA
10/6/2008,280,25,0,SFA
10/7/2008,281,17,0.254,SFA
10/8/2008,282,13,0,SFA
10/9/2008,283,17,0,SFA
10/10/2008,284,18,0,SFA
10/11/2008,285,19,0,SFA
10/12/2008,286,23,0,SFA
10/13/2008,287,23,0,SFA
10/14/2008,288,21,0,SFA
10/15/2008,289,24,1.016,SFA
10/16/2008,290,18,0.254,SFA
10/17/2008,291,14,0,SFA
10/18/2008,292,14,0,SFA
10/19/2008,293,13,0,SFA
10/20/2008,294,14,0,SFA
10/21/2008,295,15,0,SFA
10/22/2008,296,14,0,SFA
10/23/2008,297,8,0,SFA
10/24/2008,298,11,0,SFA
10/25/2008,299,13,0,SFA
10/26/2008,300,16,0,SFA
10/27/2008,301,4,0,SFA
10/28/2008,302,6,0,SFA
10/29/2008,303,12,0,SFA
10/30/2008,304,16,0,SFA
10/31/2008,305,17,0,SFA
11/1/2008,306,17,0,SFA
11/2/2008,307,14,0,SFA
11/3/2008,308,11,0,SFA
11/4/2008,309,17,0,SFA
11/5/2008,310,21,0,SFA
11/6/2008,311,17,0,SFA
11/7/2008,312,6,0,SFA
11/8/2008,313,8,0,SFA
11/9/2008,314,13,0,SFA
11/10/2008,315,14,0,SFA
11/11/2008,316,16,6.096,SFA
11/12/2008,317,11,0,SFA
11/13/2008,318,16,0,SFA
11/14/2008,319,17,0,SFA
11/15/2008,320,2,0,SFA
11/16/2008,321,4,0,SFA
11/17/2008,322,8,0,SFA
11/18/2008,323,6,0,SFA
11/19/2008,324,13,0,SFA
11/20/2008,325,14,0,SFA
11/21/2008,326,0,0,SFA
11/22/2008,327,12,0,SFA
11/23/2008,328,19,0.762,SFA
11/24/2008,329,8,0,SFA
11/25/2008,330,3,0,SFA
11/26/2008,331,16,0,SFA
11/27/2008,332,17,0,SFA
11/28/2008,333,16,0,SFA
11/29/2008,334,11,0.889,SFA
11/30/2008,335,7,0,SFA
12/1/2008,336,-1,0,SFA
12/2/2008,337,12,0,SFA
12/3/2008,338,13,0,SFA
12/4/2008,339,4,0,SFA
12/5/2008,340,0,0,SFA
12/6/2008,341,3,0,SFA
12/7/2008,342,10,0,SFA
12/8/2008,343,19,0.381,SFA
12/9/2008,344,6,5.207,SFA
12/10/2008,345,0,0.762,SFA
12/11/2008,346,2,0,SFA
12/12/2008,347,3,0,SFA
12/13/2008,348,16,0,SFA
12/14/2008,349,19,0,SFA
12/15/2008,350,3,0.254,SFA
12/16/2008,351,4,0,SFA
12/17/2008,352,11,0,SFA
12/18/2008,353,21,0,SFA
12/19/2008,354,17,0,SFA
12/20/2008,355,16,0,SFA
12/21/2008,356,1,0,SFA
12/22/2008,357,1,0.254,SFA
12/23/2008,358,17,0.254,SFA
12/24/2008,359,13,0.381,SFA
12/25/2008,360,16,0,SFA
12/26/2008,361,22,0.508,SFA
12/27/2008,362,11,0,SFA
12/28/2008,363,7,0,SFA
12/29/2008,364,3,0,SFA
12/30/2008,365,6,0,SFA
12/31/2008,366,6,0,SFA
1/1/2009,1,16,0,SFA
1/2/2009,2,18,0,SFA
1/3/2009,3,20,0,SFA
1/4/2009,4,7,0,SFA
1/5/2009,5,5,0,SFA
1/6/2009,6,11,1.905,SFA
1/7/2009,7,7,1.905,SFA
1/8/2009,8,17,11322.558,SFA
1/9/2009,9,20,0,SFA
1/10/2009,10,5,0,SFA
1/11/2009,11,1,0,SFA
1/12/2009,12,3,0,SFA
1/13/2009,13,-2,0,SFA
1/14/2009,14,3,0,SFA
1/15/2009,15,3,0,SFA
1/16/2009,16,6,0,SFA
1/17/2009,17,14,0,SFA
1/18/2009,18,9,0,SFA
1/19/2009,19,5,0,SFA
1/20/2009,20,1,0,SFA
1/21/2009,21,8,0,SFA
1/22/2009,22,16,0,SFA
1/23/2009,23,19,0,SFA
1/24/2009,24,5,0,SFA
1/25/2009,25,8,0,SFA
1/26/2009,26,13,0,SFA
1/27/2009,27,18,0.508,SFA
1/28/2009,28,-2,0,SFA
1/29/2009,29,2,0,SFA
1/30/2009,30,3,0,SFA
1/31/2009,31,11,0,SFA
2/1/2009,32,14,1.016,SFA
2/2/2009,33,1,0,SFA
2/3/2009,34,7,0,SFA
2/4/2009,35,4,0,SFA
2/5/2009,36,13,0,SFA
2/6/2009,37,17,0,SFA
2/7/2009,38,17,0,SFA
2/8/2009,39,17,0.508,SFA
2/9/2009,40,14,1.016,SFA
2/10/2009,41,21,1.524,SFA
2/11/2009,42,8,0,SFA
2/12/2009,43,16,0,SFA
2/13/2009,44,17,0,SFA
2/14/2009,45,13,0,SFA
2/15/2009,46,10,0,SFA
2/16/2009,47,9,0,SFA
2/17/2009,48,19,0,SFA
2/18/2009,49,15,0,SFA
2/19/2009,50,5,0,SFA
2/20/2009,51,13,0,SFA
2/21/2009,52,4,0,SFA
2/22/2009,53,3,0,SFA
2/23/2009,54,10,0,SFA
2/24/2009,55,17,0,SFA
2/25/2009,56,20,0,SFA
2/26/2009,57,21,0,SFA
2/27/2009,58,19,0,SFA
2/28/2009,59,3,0,SFA
3/1/2009,60,3,0,SFA
3/2/2009,61,8,0,SFA
3/3/2009,62,10,0,SFA
3/4/2009,63,17,0,SFA
3/5/2009,64,19,0,SFA
3/6/2009,65,20,0,SFA
3/7/2009,66,22,0,SFA
3/8/2009,67,22,0,SFA
3/9/2009,68,22,0,SFA
3/10/2009,69,23,0,SFA
3/11/2009,70,9,8612.886,SFA
3/12/2009,71,4,1.524,SFA
3/13/2009,72,4,2.032,SFA
3/14/2009,73,8,3.048,SFA
3/15/2009,74,11,0,SFA
3/16/2009,75,16,0,SFA
3/17/2009,76,11,0,SFA
3/18/2009,77,13,0,SFA
3/19/2009,78,18,0,SFA
3/20/2009,79,17,0,SFA
3/21/2009,80,18,0,SFA
3/22/2009,81,21,0,SFA
3/23/2009,82,22,0,SFA
3/24/2009,83,18,2.286,SFA
3/25/2009,84,13,1.524,SFA
3/26/2009,85,17,0,SFA
3/27/2009,86,13,0,SFA
3/28/2009,87,10,0,SFA
3/29/2009,88,13,0.254,SFA
3/30/2009,89,19,1.016,SFA
3/31/2009,90,9,0,SFA
4/1/2009,91,16,0,SFA
4/2/2009,92,14,0.762,SFA
4/3/2009,93,14,0,SFA
4/4/2009,94,21,0,SFA
4/5/2009,95,13,0,SFA
4/6/2009,96,8,0,SFA
4/7/2009,97,7,0,SFA
4/8/2009,98,21,0,SFA
4/9/2009,99,21,0,SFA
4/10/2009,100,14,0,SFA
4/11/2009,101,17,0,SFA
4/12/2009,102,16,2.286,SFA
4/13/2009,103,11,0,SFA
4/14/2009,104,12,0,SFA
4/15/2009,105,16,0,SFA
4/16/2009,106,19,0,SFA
4/17/2009,107,17,0,SFA
4/18/2009,108,16,2.54,SFA
4/19/2009,109,16,5.334,SFA
4/20/2009,110,14,0,SFA
4/21/2009,111,17,0,SFA
4/22/2009,112,24,0,SFA
4/23/2009,113,22,0,SFA
4/24/2009,114,22,0,SFA
4/25/2009,115,23,0,SFA
4/26/2009,116,23,0,SFA
4/27/2009,117,18,1.016,SFA
4/28/2009,118,21,0.254,SFA
4/29/2009,119,23,0,SFA
4/30/2009,120,23,0,SFA
5/1/2009,121,24,0,SFA
5/2/2009,122,24,0,SFA
5/3/2009,123,19,1.778,SFA
5/4/2009,124,19,0,SFA
5/5/2009,125,25,0,SFA
5/6/2009,126,24,0,SFA
5/7/2009,127,26,0,SFA
5/8/2009,128,26,0,SFA
5/9/2009,129,26,0,SFA
5/10/2009,130,26,0,SFA
5/11/2009,131,21,1.016,SFA
5/12/2009,132,26,0,SFA
5/13/2009,133,26,0,SFA
5/14/2009,134,25,0,SFA
5/15/2009,135,26,0,SFA
5/16/2009,136,22,0,SFA
5/17/2009,137,17,0.762,SFA
5/18/2009,138,17,0,SFA
5/19/2009,139,17,0,SFA
5/20/2009,140,17,0,SFA
5/21/2009,141,23,0,SFA
5/22/2009,142,22,0,SFA
5/23/2009,143,22,0,SFA
5/24/2009,144,21,0.762,SFA
5/25/2009,145,22,0,SFA
5/26/2009,146,21,2.286,SFA
5/27/2009,147,22,0,SFA
5/28/2009,148,20,0,SFA
5/29/2009,149,19,0,SFA
5/30/2009,150,21,0,SFA
5/31/2009,151,23,0,SFA
6/1/2009,152,23,0.762,SFA
6/2/2009,153,26,0,SFA
6/3/2009,154,20,0,SFA
6/4/2009,155,19,0,SFA
6/5/2009,156,21,0,SFA
6/6/2009,157,23,0,SFA
6/7/2009,158,26,0,SFA
6/8/2009,159,26,0,SFA
6/9/2009,160,28,0,SFA
6/10/2009,161,28,0,SFA
6/11/2009,162,27,0,SFA
6/12/2009,163,29,0,SFA
6/13/2009,164,28,0,SFA
6/14/2009,165,27,0,SFA
6/15/2009,166,29,0,SFA
6/16/2009,167,30,0,SFA
6/17/2009,168,29,0,SFA
6/18/2009,169,30,0,SFA
6/19/2009,170,29,0,SFA
6/20/2009,171,30,0,SFA
6/21/2009,172,30,0,SFA
6/22/2009,173,28,0,SFA
6/23/2009,174,29,0,SFA
6/24/2009,175,29,1.27,SFA
6/25/2009,176,31,0,SFA
6/26/2009,177,29,0,SFA
6/27/2009,178,29,0,SFA
6/28/2009,179,31,0,SFA
6/29/2009,180,24,0,SFA
6/30/2009,181,27,0,SFA
7/1/2009,182,28,0,SFA
7/2/2009,183,32,0,SFA
7/3/2009,184,32,0,SFA
7/4/2009,185,33,0,SFA
7/5/2009,186,23,0.508,SFA
7/6/2009,187,27,0,SFA
7/7/2009,188,28,0,SFA
7/8/2009,189,28,0,SFA
7/9/2009,190,32,0,SFA
7/10/2009,191,29,0,SFA
7/11/2009,192,30,0,SFA
7/12/2009,193,31,0,SFA
7/13/2009,194,31,0,SFA
7/14/2009,195,33,0,SFA
7/15/2009,196,31,0,SFA
7/16/2009,197,31,0,SFA
7/17/2009,198,26,0.762,SFA
7/18/2009,199,23,0,SFA
7/19/2009,200,28,0,SFA
7/20/2009,201,25,0,SFA
7/21/2009,202,28,0,SFA
7/22/2009,203,28,0,SFA
7/23/2009,204,29,0,SFA
7/24/2009,205,28,0,SFA
7/25/2009,206,28,0,SFA
7/26/2009,207,28,0,SFA
7/27/2009,208,23,0,SFA
7/28/2009,209,28,0.381,SFA
7/29/2009,210,26,0,SFA
7/30/2009,211,26,0.381,SFA
7/31/2009,212,27,1.27,SFA
8/1/2009,213,24,0,SFA
8/2/2009,214,27,0,SFA
8/3/2009,215,29,0,SFA
8/4/2009,216,30,0,SFA
8/5/2009,217,29,0,SFA
8/6/2009,218,27,0,SFA
8/7/2009,219,30,0,SFA
8/8/2009,220,29,0,SFA
8/9/2009,221,28,0,SFA
8/10/2009,222,30,0,SFA
8/11/2009,223,26,0.762,SFA
8/12/2009,224,28,0,SFA
8/13/2009,225,29,0,SFA
8/14/2009,226,29,0,SFA
8/15/2009,227,29,0,SFA
8/16/2009,228,30,0,SFA
8/17/2009,229,27,0,SFA
8/18/2009,230,25,0,SFA
8/19/2009,231,28,0,SFA
8/20/2009,232,29,0,SFA
8/21/2009,233,28,0,SFA
8/22/2009,234,29,0,SFA
8/23/2009,235,28,0,SFA
8/24/2009,236,28,0,SFA
8/25/2009,237,27,0,SFA
8/26/2009,238,22,0.254,SFA
8/27/2009,239,26,0,SFA
8/28/2009,240,23,4.826,SFA
8/29/2009,241,24,0,SFA
8/30/2009,242,26,0,SFA
8/31/2009,243,25,0,SFA
9/1/2009,244,25,0,SFA
9/2/2009,245,22,0,SFA
9/3/2009,246,22,0,SFA
9/4/2009,247,23,0,SFA
9/5/2009,248,24,0.254,SFA
9/6/2009,249,25,0,SFA
9/7/2009,250,25,0,SFA
9/8/2009,251,27,0,SFA
9/9/2009,252,26,0,SFA
9/10/2009,253,27,0,SFA
9/11/2009,254,23,0,SFA
9/12/2009,255,22,0,SFA
9/13/2009,256,24,1.524,SFA
9/14/2009,257,24,0.254,SFA
9/15/2009,258,23,0.254,SFA
9/16/2009,259,22,0,SFA
9/17/2009,260,22,1.27,SFA
9/18/2009,261,27,10548.366,SFA
9/19/2009,262,23,0,SFA
9/20/2009,263,25,0,SFA
9/21/2009,264,24,0.254,SFA
9/22/2009,265,22,0.254,SFA
9/23/2009,266,19,0,SFA
9/24/2009,267,19,1.905,SFA
9/25/2009,268,22,0,SFA
9/26/2009,269,22,0,SFA
9/27/2009,270,23,0,SFA
9/28/2009,271,23,0,SFA
9/29/2009,272,17,0,SFA
9/30/2009,273,22,0,SFA
10/1/2009,274,26,0,SFA
10/2/2009,275,15,2.032,SFA
10/3/2009,276,20,0,SFA
10/4/2009,277,18,0.762,SFA
10/5/2009,278,20,0,SFA
10/6/2009,279,26,0,SFA
10/7/2009,280,22,0,SFA
10/8/2009,281,28,0.381,SFA
10/9/2009,282,13,0,SFA
10/10/2009,283,15,0,SFA
10/11/2009,284,14,3.81,SFA
10/12/2009,285,20,4.318,SFA
10/13/2009,286,22,2.794,SFA
10/14/2009,287,26,0,SFA
10/15/2009,288,19,0,SFA
10/16/2009,289,13,0,SFA
10/17/2009,290,14,0,SFA
10/18/2009,291,10,0,SFA
10/19/2009,292,16,0,SFA
10/20/2009,293,19,0,SFA
10/21/2009,294,21,0,SFA
10/22/2009,295,13,4.445,SFA
10/23/2009,296,9,0,SFA
10/24/2009,297,13,0,SFA
10/25/2009,298,19,0,SFA
10/26/2009,299,13,5.08,SFA
10/27/2009,300,10,0,SFA
10/28/2009,301,22,0,SFA
10/29/2009,302,16,8.382,SFA
10/30/2009,303,9,0,SFA
10/31/2009,304,11,0,SFA
11/1/2009,305,12,0,SFA
11/2/2009,306,11,0,SFA
11/3/2009,307,13,0,SFA
11/4/2009,308,13,0,SFA
11/5/2009,309,13,0,SFA
11/6/2009,310,16,0,SFA
11/7/2009,311,15,0,SFA
11/8/2009,312,19,0,SFA
11/9/2009,313,18,0,SFA
11/10/2009,314,14,0,SFA
11/11/2009,315,12,0,SFA
11/12/2009,316,10,0,SFA
11/13/2009,317,13,0,SFA
11/14/2009,318,18,0,SFA
11/15/2009,319,21,0,SFA
11/16/2009,320,5,1.524,SFA
11/17/2009,321,5,0,SFA
11/18/2009,322,6,0,SFA
11/19/2009,323,15,0.762,SFA
11/20/2009,324,13,0,SFA
11/21/2009,325,11,0,SFA
11/22/2009,326,10,0,SFA
11/23/2009,327,14,0,SFA
11/24/2009,328,7,0,SFA
11/25/2009,329,4,0,SFA
11/26/2009,330,4,0,SFA
11/27/2009,331,9,0,SFA
11/28/2009,332,16,0,SFA
11/29/2009,333,20,0,SFA
11/30/2009,334,9,2.54,SFA
12/1/2009,335,7,0,SFA
12/2/2009,336,7,2.032,SFA
12/3/2009,337,4,0,SFA
12/4/2009,338,-3,0,SFA
12/5/2009,339,2,0,SFA
12/6/2009,340,9,0,SFA
12/7/2009,341,10,0.381,SFA
12/8/2009,342,16,0.508,SFA
12/9/2009,343,1,0,SFA
12/10/2009,344,4,0,SFA
12/11/2009,345,7,0,SFA
12/12/2009,346,9,1.016,SFA
12/13/2009,347,11,1.016,SFA
12/14/2009,348,16,0,SFA
12/15/2009,349,8,0,SFA
12/16/2009,350,9,0,SFA
12/17/2009,351,7,0,SFA
12/18/2009,352,6,0,SFA
12/19/2009,353,5,0,SFA
12/20/2009,354,2,0,SFA
12/21/2009,355,11,0,SFA
12/22/2009,356,15,0,SFA
12/23/2009,357,19,0.762,SFA
12/24/2009,358,1,5.334,SFA
12/25/2009,359,-1,0,SFA
12/26/2009,360,3,0,SFA
12/27/2009,361,2,0,SFA
12/28/2009,362,0,0,SFA
12/29/2009,363,5,1.27,SFA
12/30/2009,364,7,0,SFA
12/31/2009,365,9,0.254,SFA
1/1/2010,1,1,0,SFA
1/2/2010,2,2,0,SFA
1/3/2010,3,7,0,SFA
1/4/2010,4,-2,0,SFA
1/5/2010,5,-2,0,SFA
1/6/2010,6,7,0,SFA
1/7/2010,7,-3,0.381,SFA
1/8/2010,8,-8,0,SFA
1/9/2010,9,-6,0,SFA
1/10/2010,10,-4,0,SFA
1/11/2010,11,-1,0,SFA
1/12/2010,12,2,0,SFA
1/13/2010,13,10,0,SFA
1/14/2010,14,12,0,SFA
1/15/2010,15,9,0.762,SFA
1/16/2010,16,9,0,SFA
1/17/2010,17,6,0,SFA
1/18/2010,18,15,0,SFA
1/19/2010,19,19,0,SFA
1/20/2010,20,21,0,SFA
1/21/2010,21,9,0,SFA
1/22/2010,22,16,0,SFA
1/23/2010,23,13,0.508,SFA
1/24/2010,24,7,0,SFA
1/25/2010,25,4,0,SFA
1/26/2010,26,5,0,SFA
1/27/2010,27,15,0,SFA
1/28/2010,28,18,0,SFA
1/29/2010,29,6,3.81,SFA
1/30/2010,30,3,0,SFA
1/31/2010,31,2,0,SFA
2/1/2010,32,9,0,SFA
2/2/2010,33,7,14419.326,SFA
2/3/2010,34,7,1.016,SFA
2/4/2010,35,8,0.508,SFA
2/5/2010,36,7,0,SFA
2/6/2010,37,4,0,SFA
2/7/2010,38,9,0,SFA
2/8/2010,39,5,2.286,SFA
2/9/2010,40,0,0,SFA
2/10/2010,41,4,0,SFA
2/11/2010,42,1,0,SFA
2/12/2010,43,2,0,SFA
2/13/2010,44,4,0,SFA
2/14/2010,45,3,0,SFA
2/15/2010,46,0,0,SFA
2/16/2010,47,0,3.048,SFA
2/17/2010,48,2,0,SFA
2/18/2010,49,7,0,SFA
2/19/2010,50,14,0,SFA
2/20/2010,51,15,0,SFA
2/21/2010,52,16,0,SFA
2/22/2010,53,5,0,SFA
2/23/2010,54,1,1.778,SFA
2/24/2010,55,2,0,SFA
2/25/2010,56,NA,0.508,SFA
2/26/2010,57,6,0,SFA
2/27/2010,58,4,0,SFA
2/28/2010,59,12,0,SFA
3/1/2010,60,6,1.778,SFA
3/2/2010,61,4,0,SFA
3/3/2010,62,4,0,SFA
3/4/2010,63,8,0,SFA
3/5/2010,64,11,0,SFA
3/6/2010,65,10,0,SFA
3/7/2010,66,14,0,SFA
3/8/2010,67,16,3.302,SFA
3/9/2010,68,14,0,SFA
3/10/2010,69,18,0,SFA
3/11/2010,70,11,0,SFA
3/12/2010,71,8,0,SFA
3/13/2010,72,9,0,SFA
3/14/2010,73,13,0,SFA
3/15/2010,74,16,0,SFA
3/16/2010,75,11,0.762,SFA
3/17/2010,76,12,0,SFA
3/18/2010,77,10,0,SFA
3/19/2010,78,16,0,SFA
3/20/2010,79,3,0.889,SFA
3/21/2010,80,5,0,SFA
3/22/2010,81,9,0,SFA
3/23/2010,82,17,0,SFA
3/24/2010,83,17,0,SFA
3/25/2010,84,12,0.635,SFA
3/26/2010,85,14,0,SFA
3/27/2010,86,20,0,SFA
3/28/2010,87,17,9387.078,SFA
3/29/2010,88,11,0,SFA
3/30/2010,89,19,0,SFA
3/31/2010,90,23,12483.846,SFA
4/1/2010,91,19,0,SFA
4/2/2010,92,21,0,SFA
4/3/2010,93,17,0,SFA
4/4/2010,94,22,0,SFA
4/5/2010,95,22,0,SFA
4/6/2010,96,21,0,SFA
4/7/2010,97,15,2.032,SFA
4/8/2010,98,9,0,SFA
4/9/2010,99,13,0,SFA
4/10/2010,100,16,0,SFA
4/11/2010,101,16,0,SFA
4/12/2010,102,17,0,SFA
4/13/2010,103,27,9774.174,SFA
4/14/2010,104,17,0,SFA
4/15/2010,105,20,0,SFA
4/16/2010,106,18,0,SFA
4/17/2010,107,19,0,SFA
4/18/2010,108,14,0,SFA
4/19/2010,109,15,0,SFA
4/20/2010,110,14,0,SFA
4/21/2010,111,17,0.254,SFA
4/22/2010,112,22,0,SFA
4/23/2010,113,24,0,SFA
4/24/2010,114,17,0.254,SFA
4/25/2010,115,15,0,SFA
4/26/2010,116,21,0,SFA
4/27/2010,117,13,0,SFA
4/28/2010,118,18,0,SFA
4/29/2010,119,23,0,SFA
4/30/2010,120,24,0,SFA
5/1/2010,121,26,0,SFA
5/2/2010,122,16,0,SFA
5/3/2010,123,23,0,SFA
5/4/2010,124,18,0,SFA
5/5/2010,125,21,0,SFA
5/6/2010,126,25,0,SFA
5/7/2010,127,27,0,SFA
5/8/2010,128,18,0,SFA
5/9/2010,129,18,0,SFA
5/10/2010,130,24,0,SFA
5/11/2010,131,27,0,SFA
5/12/2010,132,26,0,SFA
5/13/2010,133,25,0.127,SFA
5/14/2010,134,22,0,SFA
5/15/2010,135,24,0,SFA
5/16/2010,136,25,0,SFA
5/17/2010,137,23,0,SFA
5/18/2010,138,24,0,SFA
5/19/2010,139,27,0,SFA
5/20/2010,140,24,0,SFA
5/21/2010,141,27,0,SFA
5/22/2010,142,28,0,SFA
5/23/2010,143,28,0,SFA
5/24/2010,144,27,0,SFA
5/25/2010,145,26,0,SFA
5/26/2010,146,23,0,SFA
5/27/2010,147,26,0,SFA
5/28/2010,148,26,0,SFA
5/29/2010,149,29,0,SFA
5/30/2010,150,27,0,SFA
5/31/2010,151,24,0,SFA
6/1/2010,152,29,0,SFA
6/2/2010,153,23,0.508,SFA
6/3/2010,154,22,0.889,SFA
6/4/2010,155,26,0,SFA
6/5/2010,156,29,0,SFA
6/6/2010,157,30,0,SFA
6/7/2010,158,24,0,SFA
6/8/2010,159,23,1.778,SFA
6/9/2010,160,23,1.778,SFA
6/10/2010,161,27,0.254,SFA
6/11/2010,162,28,0,SFA
6/12/2010,163,29,0,SFA
6/13/2010,164,29,0,SFA
6/14/2010,165,30,0,SFA
6/15/2010,166,28,0,SFA
6/16/2010,167,29,0,SFA
6/17/2010,168,28,0,SFA
6/18/2010,169,28,0,SFA
6/19/2010,170,28,0,SFA
6/20/2010,171,28,0,SFA
6/21/2010,172,29,0,SFA
6/22/2010,173,29,0,SFA
6/23/2010,174,28,0,SFA
6/24/2010,175,26,0,SFA
6/25/2010,176,28,0,SFA
6/26/2010,177,27,0.762,SFA
6/27/2010,178,31,0,SFA
6/28/2010,179,25,0.508,SFA
6/29/2010,180,25,2.54,SFA
6/30/2010,181,26,0.254,SFA
7/1/2010,182,24,0,SFA
7/2/2010,183,23,0,SFA
7/3/2010,184,25,0.889,SFA
7/4/2010,185,26,0,SFA
7/5/2010,186,27,0,SFA
7/6/2010,187,26,0,SFA
7/7/2010,188,25,1.778,SFA
7/8/2010,189,28,0,SFA
7/9/2010,190,27,0,SFA
7/10/2010,191,28,0,SFA
7/11/2010,192,28,0,SFA
7/12/2010,193,28,0,SFA
7/13/2010,194,29,0,SFA
7/14/2010,195,28,0,SFA
7/15/2010,196,28,0,SFA
7/16/2010,197,29,0,SFA
7/17/2010,198,25,0,SFA
7/18/2010,199,27,0.762,SFA
7/19/2010,200,27,0,SFA
7/20/2010,201,27,0,SFA
7/21/2010,202,26,0,SFA
7/22/2010,203,28,0,SFA
7/23/2010,204,29,0,SFA
7/24/2010,205,28,0,SFA
7/25/2010,206,29,0,SFA
7/26/2010,207,24,1.016,SFA
7/27/2010,208,25,0.762,SFA
7/28/2010,209,25,0.508,SFA
7/29/2010,210,27,0,SFA
7/30/2010,211,27,0,SFA
7/31/2010,212,28,0,SFA
8/1/2010,213,28,0,SFA
8/2/2010,214,31,0,SFA
8/3/2010,215,31,0,SFA
8/4/2010,216,29,0,SFA
8/5/2010,217,31,0,SFA
8/6/2010,218,27,0,SFA
8/7/2010,219,29,0,SFA
8/8/2010,220,31,0,SFA
8/9/2010,221,29,0,SFA
8/10/2010,222,29,0,SFA
8/11/2010,223,32,0,SFA
8/12/2010,224,31,0,SFA
8/13/2010,225,31,0,SFA
8/14/2010,226,26,3580.638,SFA
8/15/2010,227,NA,0,SFA
8/16/2010,228,NA,0.762,SFA
8/17/2010,229,NA,0,SFA
8/18/2010,230,NA,0,SFA
8/19/2010,231,29,0,SFA
8/20/2010,232,31,0,SFA
8/21/2010,233,29,0,SFA
8/22/2010,234,31,0,SFA
8/23/2010,235,31,0,SFA
8/24/2010,236,31,0,SFA
8/25/2010,237,28,0,SFA
8/26/2010,238,28,0,SFA
8/27/2010,239,28,0,SFA
8/28/2010,240,30,0,SFA
8/29/2010,241,30,0,SFA
8/30/2010,242,26,1.778,SFA
8/31/2010,243,24,0,SFA
9/1/2010,244,29,0,SFA
9/2/2010,245,25,0,SFA
9/3/2010,246,25,1.016,SFA
9/4/2010,247,23,0,SFA
9/5/2010,248,23,0,SFA
9/6/2010,249,26,0.635,SFA
9/7/2010,250,23,0.762,SFA
9/8/2010,251,26,1.016,SFA
9/9/2010,252,26,0,SFA
9/10/2010,253,26,1.016,SFA
9/11/2010,254,27,0,SFA
9/12/2010,255,24,0,SFA
9/13/2010,256,21,14419.326,SFA
9/14/2010,257,25,0,SFA
9/15/2010,258,26,0,SFA
9/16/2010,259,26,0,SFA
9/17/2010,260,29,0,SFA
9/18/2010,261,27,0,SFA
9/19/2010,262,23,14419.326,SFA
9/20/2010,263,27,0,SFA
9/21/2010,264,23,14548.358,SFA
9/22/2010,265,24,0,SFA
9/23/2010,266,26,12354.814,SFA
9/24/2010,267,27,12999.974,SFA
9/25/2010,268,28,12612.878,SFA
9/26/2010,269,27.94444444,10677.398,SFA
9/27/2010,270,16,0,SFA
9/28/2010,271,18,0,SFA
9/29/2010,272,21,0,SFA
9/30/2010,273,26,12483.846,SFA
10/1/2010,274,22,0,SFA
10/2/2010,275,19,0,SFA
10/3/2010,276,17,0,SFA
10/4/2010,277,9,14548.358,SFA
10/5/2010,278,21,11967.718,SFA
10/6/2010,279,18,12483.846,SFA
10/7/2010,280,19,6032.246,SFA
10/8/2010,281,NA,0,SFA
10/9/2010,282,NA,0,SFA
10/10/2010,283,NA,0,SFA
10/11/2010,284,17,1.524,SFA
10/12/2010,285,18,0,SFA
10/13/2010,286,18,5903.214,SFA
10/14/2010,287,13,0,SFA
10/15/2010,288,14,0,SFA
10/16/2010,289,14,0,SFA
10/17/2010,290,16,0,SFA
10/18/2010,291,20,0,SFA
10/19/2010,292,19,0,SFA
10/20/2010,293,21,0,SFA
10/21/2010,294,22,0,SFA
10/22/2010,295,24,0,SFA
10/23/2010,296,18,0.381,SFA
10/24/2010,297,26,0,SFA
10/25/2010,298,25,0,SFA
10/26/2010,299,18,0,SFA
10/27/2010,300,23,0,SFA
10/28/2010,301,13,0,SFA
10/29/2010,302,7,0,SFA
10/30/2010,303,12,0,SFA
10/31/2010,304,16,0,SFA
11/1/2010,305,23,0,SFA
11/2/2010,306,14,2.286,SFA
11/3/2010,307,14,0.508,SFA
11/4/2010,308,9,0,SFA
11/5/2010,309,6,0,SFA
11/6/2010,310,6,0,SFA
11/7/2010,311,7,0,SFA
11/8/2010,312,15,0,SFA
11/9/2010,313,18,0,SFA
11/10/2010,314,18,0,SFA
11/11/2010,315,21,0,SFA
11/12/2010,316,21,0,SFA
11/13/2010,317,4,0,SFA
11/14/2010,318,11,2.667,SFA
11/15/2010,319,12,0.381,SFA
11/16/2010,320,6,0,SFA
11/17/2010,321,16,0,SFA
11/18/2010,322,5,0,SFA
11/19/2010,323,9,0,SFA
11/20/2010,324,17,0,SFA
11/21/2010,325,19,0,SFA
11/22/2010,326,23,0,SFA
11/23/2010,327,22,0,SFA
11/24/2010,328,23,0,SFA
11/25/2010,329,7,0.762,SFA
11/26/2010,330,0,0,SFA
11/27/2010,331,2,0,SFA
11/28/2010,332,16,0,SFA
11/29/2010,333,16,1.016,SFA
11/30/2010,334,-1,0,SFA
12/1/2010,335,2,0,SFA
12/2/2010,336,7,0,SFA
12/3/2010,337,16,0,SFA
12/4/2010,338,13,0,SFA
12/5/2010,339,2,0,SFA
12/6/2010,340,0,0,SFA
12/7/2010,341,9,0,SFA
12/8/2010,342,0,0.762,SFA
12/9/2010,343,8,0,SFA
12/10/2010,344,16,0,SFA
12/11/2010,345,11,0,SFA
12/12/2010,346,1,0,SFA
12/13/2010,347,3,0,SFA
12/14/2010,348,11,0,SFA
12/15/2010,349,19,0,SFA
12/16/2010,350,8,0,SFA
12/17/2010,351,8,0,SFA
12/18/2010,352,2,0,SFA
12/19/2010,353,8,0,SFA
12/20/2010,354,18,0,SFA
12/21/2010,355,17,0,SFA
12/22/2010,356,13,0,SFA
12/23/2010,357,9,1.143,SFA
12/24/2010,358,7,0,SFA
12/25/2010,359,3,0,SFA
12/26/2010,360,-3,0,SFA
12/27/2010,361,4,0,SFA
12/28/2010,362,12,0,SFA
12/29/2010,363,13,0,SFA
12/30/2010,364,20,0,SFA
12/31/2010,365,14,0,SFA
1/1/2011,1,2,0,SFA
1/2/2011,2,-1,0,SFA
1/3/2011,3,12,0,SFA
1/4/2011,4,15,0,SFA
1/5/2011,5,8,0,SFA
1/6/2011,6,4,0,SFA
1/7/2011,7,9,0,SFA
1/8/2011,8,8,0,SFA
1/9/2011,9,1,2.921,SFA
1/10/2011,10,1,0,SFA
1/11/2011,11,-2,0,SFA
1/12/2011,12,-1,0,SFA
1/13/2011,13,3,0,SFA
1/14/2011,14,7,0,SFA
1/15/2011,15,8,0,SFA
1/16/2011,16,11,4.699,SFA
1/17/2011,17,11,0,SFA
1/18/2011,18,8,0,SFA
1/19/2011,19,10,0,SFA
1/20/2011,20,-1,0.254,SFA
1/21/2011,21,-1,0,SFA
1/22/2011,22,6,0,SFA
1/23/2011,23,11,0,SFA
1/24/2011,24,6,3.683,SFA
1/25/2011,25,4,0,SFA
1/26/2011,26,2,0,SFA
1/27/2011,27,4,0,SFA
1/28/2011,28,7,0,SFA
1/29/2011,29,17,0,SFA
1/30/2011,30,13,1.651,SFA
1/31/2011,31,16,0,SFA
2/1/2011,32,-6,1.778,SFA
2/2/2011,33,-2,0,SFA
2/3/2011,34,-2,0,SFA
2/4/2011,35,-4,0,SFA
2/5/2011,36,6,0.762,SFA
2/6/2011,37,11,0,SFA
2/7/2011,38,-1,0.508,SFA
2/8/2011,39,7,0,SFA
2/9/2011,40,-4,0,SFA
2/10/2011,41,-5,0,SFA
2/11/2011,42,-1,0,SFA
2/12/2011,43,2,0,SFA
2/13/2011,44,13,0,SFA
2/14/2011,45,11,0,SFA
2/15/2011,46,16,0,SFA
2/16/2011,47,18,0,SFA
2/17/2011,48,19,0,SFA
2/18/2011,49,19,0,SFA
2/19/2011,50,17,0,SFA
2/20/2011,51,18,0,SFA
2/21/2011,52,19,0,SFA
2/22/2011,53,15,1.016,SFA
2/23/2011,54,21,0,SFA
2/24/2011,55,17,0,SFA
2/25/2011,56,7,0,SFA
2/26/2011,57,18,0.762,SFA
2/27/2011,58,22,0,SFA
2/28/2011,59,11,0,SFA
3/1/2011,60,7,0,SFA
3/2/2011,61,13,0,SFA
3/3/2011,62,18,0,SFA
3/4/2011,63,21,0,SFA
3/5/2011,64,7,0,SFA
3/6/2011,65,8,0,SFA
3/7/2011,66,15,0,SFA
3/8/2011,67,20,1.27,SFA
3/9/2011,68,8,0,SFA
3/10/2011,69,5,0,SFA
3/11/2011,70,16,0,SFA
3/12/2011,71,18,0,SFA
3/13/2011,72,21,0,SFA
3/14/2011,73,9,0.254,SFA
3/15/2011,74,13,0,SFA
3/16/2011,75,18,0,SFA
3/17/2011,76,21,0,SFA
3/18/2011,77,22,0,SFA
3/19/2011,78,22,0,SFA
3/20/2011,79,21,0,SFA
3/21/2011,80,21,0,SFA
3/22/2011,81,22,0,SFA
3/23/2011,82,18,0,SFA
3/24/2011,83,18,0,SFA
3/25/2011,84,24,0,SFA
3/26/2011,85,24,0,SFA
3/27/2011,86,13,0,SFA
3/28/2011,87,13,0,SFA
3/29/2011,88,16,0,SFA
3/30/2011,89,12,0,SFA
3/31/2011,90,15,0,SFA
4/1/2011,91,23,0,SFA
4/2/2011,92,23,0,SFA
4/3/2011,93,24,0,SFA
4/4/2011,94,13,1.27,SFA
4/5/2011,95,11,0,SFA
4/6/2011,96,20,0,SFA
4/7/2011,97,28,10419.334,SFA
4/8/2011,98,25,0,SFA
4/9/2011,99,25,0,SFA
4/10/2011,100,24,0,SFA
4/11/2011,101,17,0,SFA
4/12/2011,102,15,0,SFA
4/13/2011,103,22,0,SFA
4/14/2011,104,24,0,SFA
4/15/2011,105,18,0,SFA
4/16/2011,106,12,0,SFA
4/17/2011,107,21,0,SFA
4/18/2011,108,25,0,SFA
4/19/2011,109,27,0,SFA
4/20/2011,110,27,0,SFA
4/21/2011,111,26,0,SFA
4/22/2011,112,25,0,SFA
4/23/2011,113,25,0,SFA
4/24/2011,114,25,2.159,SFA
4/25/2011,115,26,0,SFA
4/26/2011,116,25,4.572,SFA
4/27/2011,117,18,0,SFA
4/28/2011,118,15,0,SFA
4/29/2011,119,21,0,SFA
4/30/2011,120,25,0,SFA
5/1/2011,121,27,0,SFA
5/2/2011,122,13,0.508,SFA
5/3/2011,123,12,0,SFA
5/4/2011,124,14,0,SFA
5/5/2011,125,16,0,SFA
5/6/2011,126,20,0,SFA
5/7/2011,127,26,0,SFA
5/8/2011,128,27,0,SFA
5/9/2011,129,28,0,SFA
5/10/2011,130,26,0,SFA
5/11/2011,131,24,5.588,SFA
5/12/2011,132,19,0,SFA
5/13/2011,133,21,0,SFA
5/14/2011,134,16,0,SFA
5/15/2011,135,17,0,SFA
5/16/2011,136,17,0,SFA
5/17/2011,137,20,0,SFA
5/18/2011,138,23,0,SFA
5/19/2011,139,26,2.794,SFA
5/20/2011,140,27,0,SFA
5/21/2011,141,26,0,SFA
5/22/2011,142,27,0,SFA
5/23/2011,143,27,0,SFA
5/24/2011,144,27,0,SFA
5/25/2011,145,26,0,SFA
5/26/2011,146,21,0,SFA
5/27/2011,147,28,0,SFA
5/28/2011,148,28,0,SFA
5/29/2011,149,27,0,SFA
5/30/2011,150,28,0,SFA
5/31/2011,151,24,0,SFA
6/1/2011,152,26,0,SFA
6/2/2011,153,27,0,SFA
6/3/2011,154,29,0,SFA
6/4/2011,155,29,0,SFA
6/5/2011,156,26,0,SFA
6/6/2011,157,28,0,SFA
6/7/2011,158,29,0,SFA
6/8/2011,159,30,0,SFA
6/9/2011,160,27,0,SFA
6/10/2011,161,29,0,SFA
6/11/2011,162,29,0,SFA
6/12/2011,163,31,0,SFA
6/13/2011,164,31,0,SFA
6/14/2011,165,24,4870.958,SFA
6/15/2011,166,29,0,SFA
6/16/2011,167,32,0,SFA
6/17/2011,168,32,0,SFA
6/18/2011,169,34,0,SFA
6/19/2011,170,31,0,SFA
6/20/2011,171,31,0,SFA
6/21/2011,172,21,5.08,SFA
6/22/2011,173,23,0,SFA
6/23/2011,174,28,0,SFA
6/24/2011,175,29,0,SFA
6/25/2011,176,31,0,SFA
6/26/2011,177,31,0,SFA
6/27/2011,178,32,0,SFA
6/28/2011,179,30,0,SFA
6/29/2011,180,29,0,SFA
6/30/2011,181,32,0,SFA
7/1/2011,182,29,0,SFA
7/2/2011,183,28,0,SFA
7/3/2011,184,30,0,SFA
7/4/2011,185,32,0,SFA
7/5/2011,186,24,4612.894,SFA
7/6/2011,187,28,0,SFA
7/7/2011,188,32,0,SFA
7/8/2011,189,33,0,SFA
7/9/2011,190,32,0,SFA
7/10/2011,191,32,0,SFA
7/11/2011,192,32,0,SFA
7/12/2011,193,33,0,SFA
7/13/2011,194,33,0,SFA
7/14/2011,195,26,0,SFA
7/15/2011,196,27,0,SFA
7/16/2011,197,28,0,SFA
7/17/2011,198,30,0,SFA
7/18/2011,199,26,0.254,SFA
7/19/2011,200,29,0,SFA
7/20/2011,201,31,0,SFA
7/21/2011,202,32,0,SFA
7/22/2011,203,33,0,SFA
7/23/2011,204,26,3322.574,SFA
7/24/2011,205,33,0,SFA
7/25/2011,206,28,0,SFA
7/26/2011,207,32,0,SFA
7/27/2011,208,29,0.762,SFA
7/28/2011,209,28,0,SFA
7/29/2011,210,29,0,SFA
7/30/2011,211,32,0,SFA
7/31/2011,212,32,0,SFA
8/1/2011,213,33,0,SFA
8/2/2011,214,35,0,SFA
8/3/2011,215,36,0,SFA
8/4/2011,216,34,0,SFA
8/5/2011,217,34,0,SFA
8/6/2011,218,34,0,SFA
8/7/2011,219,38,12483.846,SFA
8/8/2011,220,34,0,SFA
8/9/2011,221,33,0,SFA
8/10/2011,222,34,0,SFA
8/11/2011,223,32,0,SFA
8/12/2011,224,33,0,SFA
8/13/2011,225,32,0,SFA
8/14/2011,226,29,0,SFA
8/15/2011,227,33,0,SFA
8/16/2011,228,34,0,SFA
8/17/2011,229,39,3451.606,SFA
8/18/2011,230,32,0,SFA
8/19/2011,231,33,0,SFA
8/20/2011,232,34,0,SFA
8/21/2011,233,32,0,SFA
8/22/2011,234,32,0,SFA
8/23/2011,235,33,0,SFA
8/24/2011,236,23,1.905,SFA
8/25/2011,237,34,8741.918,SFA
8/26/2011,238,31,0,SFA
8/27/2011,239,28,0,SFA
8/28/2011,240,28,0,SFA
8/29/2011,241,30,0,SFA
8/30/2011,242,33,0,SFA
8/31/2011,243,32,0,SFA
9/1/2011,244,32,0,SFA
9/2/2011,245,30,0,SFA
9/3/2011,246,22,0.762,SFA
9/4/2011,247,28,0,SFA
9/5/2011,248,20,0,SFA
9/6/2011,249,21,0,SFA
9/7/2011,250,21,0,SFA
9/8/2011,251,20,0,SFA
9/9/2011,252,22,0,SFA
9/10/2011,253,23,0,SFA
9/11/2011,254,23,0,SFA
9/12/2011,255,25,0,SFA
9/13/2011,256,33,0,SFA
9/14/2011,257,28,0,SFA
9/15/2011,258,24,0,SFA
9/16/2011,259,27,0,SFA
9/17/2011,260,27,0,SFA
9/18/2011,261,25,2.286,SFA
9/19/2011,262,22,0,SFA
9/20/2011,263,23,0,SFA
9/21/2011,264,24,0,SFA
9/22/2011,265,23,0,SFA
9/23/2011,266,20,0,SFA
9/24/2011,267,25,0,SFA
9/25/2011,268,31,0,SFA
9/26/2011,269,30,0,SFA
9/27/2011,270,28,0,SFA
9/28/2011,271,26,0,SFA
9/29/2011,272,28,0,SFA
9/30/2011,273,22,0,SFA
10/1/2011,274,16,0,SFA
10/2/2011,275,14,0,SFA
10/3/2011,276,16,0,SFA
10/4/2011,277,17,0,SFA
10/5/2011,278,21,0,SFA
10/6/2011,279,26,0,SFA
10/7/2011,280,26,0,SFA
10/8/2011,281,27,0,SFA
10/9/2011,282,21,0,SFA
10/10/2011,283,20,0,SFA
10/11/2011,284,21,0.127,SFA
10/12/2011,285,18,0,SFA
10/13/2011,286,18,0,SFA
10/14/2011,287,15,0,SFA
10/15/2011,288,18,0,SFA
10/16/2011,289,19,0,SFA
10/17/2011,290,25,0,SFA
10/18/2011,291,11,1.524,SFA
10/19/2011,292,9,0,SFA
10/20/2011,293,11,0,SFA
10/21/2011,294,22,0,SFA
10/22/2011,295,22,6548.374,SFA
10/23/2011,296,25,2.032,SFA
10/24/2011,297,18,0,SFA
10/25/2011,298,26,7451.598,SFA
10/26/2011,299,24,0,SFA
10/27/2011,300,14,0,SFA
10/28/2011,301,7,0,SFA
10/29/2011,302,8,0,SFA
10/30/2011,303,9,0,SFA
10/31/2011,304,11,0,SFA
11/1/2011,305,19,0,SFA
11/2/2011,306,22,0.635,SFA
11/3/2011,307,6,0,SFA
11/4/2011,308,7,0,SFA
11/5/2011,309,16,0,SFA
11/6/2011,310,21,0,SFA
11/7/2011,311,22,0,SFA
11/8/2011,312,17,4.572,SFA
11/9/2011,313,10,0,SFA
11/10/2011,314,4,0,SFA
11/11/2011,315,12,0,SFA
11/12/2011,316,19,0,SFA
11/13/2011,317,22,0,SFA
11/14/2011,318,22,0,SFA
11/15/2011,319,19,2.286,SFA
11/16/2011,320,16,0,SFA
11/17/2011,321,6,0,SFA
11/18/2011,322,13,0,SFA
11/19/2011,323,23,3967.734,SFA
11/20/2011,324,23,0,SFA
11/21/2011,325,23,0,SFA
11/22/2011,326,12,2.54,SFA
11/23/2011,327,10,0,SFA
11/24/2011,328,6,0,SFA
11/25/2011,329,18,0,SFA
11/26/2011,330,10,3.556,SFA
11/27/2011,331,1,0,SFA
11/28/2011,332,0,0,SFA
11/29/2011,333,6,0,SFA
11/30/2011,334,3,0,SFA
12/1/2011,335,14,0,SFA
12/2/2011,336,13,0,SFA
12/3/2011,337,18,0,SFA
12/4/2011,338,11,0,SFA
12/5/2011,339,7,5.334,SFA
12/6/2011,340,2,0,SFA
12/7/2011,341,-2,0,SFA
12/8/2011,342,4,0,SFA
12/9/2011,343,8,0,SFA
12/10/2011,344,4,0,SFA
12/11/2011,345,6,0,SFA
12/12/2011,346,11,0,SFA
12/13/2011,347,16,0,SFA
12/14/2011,348,19,2.032,SFA
12/15/2011,349,21,6161.278,SFA
12/16/2011,350,NA,0,SFA
12/17/2011,351,NA,0,SFA
12/18/2011,352,NA,0,SFA
12/19/2011,353,NA,1.016,SFA
12/20/2011,354,NA,0,SFA
12/21/2011,355,NA,0,SFA
12/22/2011,356,NA,3.048,SFA
12/23/2011,357,NA,0,SFA
12/24/2011,358,NA,0,SFA
12/25/2011,359,NA,0,SFA
12/26/2011,360,NA,3.048,SFA
12/27/2011,361,2,0,SFA
12/28/2011,362,5,0,SFA
12/29/2011,363,8,0,SFA
12/30/2011,364,6,0,SFA
12/31/2011,365,15,0,SFA
1/1/2012,1,6,0,SFA
1/2/2012,2,4,0,SFA
1/3/2012,3,6,0,SFA
1/4/2012,4,7,0,SFA
1/5/2012,5,9,0,SFA
1/6/2012,6,17,0,SFA
1/7/2012,7,21,9903.206,SFA
1/8/2012,8,16,0,SFA
1/9/2012,9,11,5.842,SFA
1/10/2012,10,8,1.016,SFA
1/11/2012,11,6,5387.086,SFA
1/12/2012,12,-2,0,SFA
1/13/2012,13,-1,0,SFA
1/14/2012,14,3,0,SFA
1/15/2012,15,16,0,SFA
1/16/2012,16,21,0,SFA
1/17/2012,17,8,0,SFA
1/18/2012,18,4,0,SFA
1/19/2012,19,15,0,SFA
1/20/2012,20,21,9774.174,SFA
1/21/2012,21,NA,0,SFA
1/22/2012,22,NA,0,SFA
1/23/2012,23,19,9258.046,SFA
1/24/2012,24,12,4.826,SFA
1/25/2012,25,20,0.254,SFA
1/26/2012,26,6,0,SFA
1/27/2012,27,11,0,SFA
1/28/2012,28,2,0,SFA
1/29/2012,29,4,0,SFA
1/30/2012,30,14,0,SFA
1/31/2012,31,18,0.508,SFA
2/1/2012,32,17,0,SFA
2/2/2012,33,18,0,SFA
2/3/2012,34,21,1.524,SFA
2/4/2012,35,11,6.35,SFA
2/5/2012,36,6,0,SFA
2/6/2012,37,8,0,SFA
2/7/2012,38,NA,0,SFA
2/8/2012,39,3,0.254,SFA
2/9/2012,40,NA,0,SFA
2/10/2012,41,NA,0,SFA
2/11/2012,42,2,0.762,SFA
2/12/2012,43,7,0,SFA
2/13/2012,44,8,0,SFA
2/14/2012,45,10,9387.078,SFA
2/15/2012,46,14,1.016,SFA
2/16/2012,47,11,5903.214,SFA
2/17/2012,48,NA,0,SFA
2/18/2012,49,9,4.318,SFA
2/19/2012,50,11,0,SFA
2/20/2012,51,13,0,SFA
2/21/2012,52,16,0,SFA
2/22/2012,53,18,0,SFA
2/23/2012,54,21,0,SFA
2/24/2012,55,7,0,SFA
2/25/2012,56,4,0,SFA
2/26/2012,57,13,0,SFA
2/27/2012,58,18,0,SFA
2/28/2012,59,22,0,SFA
2/29/2012,60,19,0,SFA
3/1/2012,61,22,0,SFA
3/2/2012,62,16,0,SFA
3/3/2012,63,7,0,SFA
3/4/2012,64,9,0,SFA
3/5/2012,65,16,0,SFA
3/6/2012,66,18,0,SFA
3/7/2012,67,20,0,SFA
3/8/2012,68,13,0,SFA
3/9/2012,69,9,0,SFA
3/10/2012,70,12,0,SFA
3/11/2012,71,16,15.24,SFA
3/12/2012,72,19,0,SFA
3/13/2012,73,22,0,SFA
3/14/2012,74,23,0,SFA
3/15/2012,75,23,0,SFA
3/16/2012,76,23,0,SFA
3/17/2012,77,23,0,SFA
3/18/2012,78,23,0,SFA
3/19/2012,79,23,0,SFA
3/20/2012,80,14,0,SFA
3/21/2012,81,16,4.572,SFA
3/22/2012,82,20,0,SFA
3/23/2012,83,16,0,SFA
3/24/2012,84,14,14290.294,SFA
3/25/2012,85,18,0,SFA
3/26/2012,86,19,0,SFA
3/27/2012,87,20,1.778,SFA
3/28/2012,88,21,0,SFA
3/29/2012,89,19,0,SFA
3/30/2012,90,26,10677.398,SFA
3/31/2012,91,23,0,SFA
4/1/2012,92,24,0,SFA
4/2/2012,93,18,1.27,SFA
4/3/2012,94,24,3.048,SFA
4/4/2012,95,18,0,SFA
4/5/2012,96,17,0,SFA
4/6/2012,97,19,0,SFA
4/7/2012,98,21,0,SFA
4/8/2012,99,21,0,SFA
4/9/2012,100,20,0,SFA
4/10/2012,101,20,0,SFA
4/11/2012,102,21,0,SFA
4/12/2012,103,21,0,SFA
4/13/2012,104,23,2.286,SFA
4/14/2012,105,24,0,SFA
4/15/2012,106,15,0,SFA
4/16/2012,107,17,0,SFA
4/17/2012,108,16,0,SFA
4/18/2012,109,14,0,SFA
4/19/2012,110,18,0,SFA
4/20/2012,111,13,1.27,SFA
4/21/2012,112,13,0,SFA
4/22/2012,113,28,9774.174,SFA
4/23/2012,114,NA,0,SFA
4/24/2012,115,20,0,SFA
4/25/2012,116,24,0,SFA
4/26/2012,117,23,0,SFA
4/27/2012,118,23,0,SFA
4/28/2012,119,23,0,SFA
4/29/2012,120,24,0,SFA
4/30/2012,121,24,0,SFA
5/1/2012,122,25,0,SFA
5/2/2012,123,23,0,SFA
5/3/2012,124,24,0,SFA
5/4/2012,125,26,0,SFA
5/5/2012,126,26,0.635,SFA
5/6/2012,127,21,2.54,SFA
5/7/2012,128,23,0,SFA
5/8/2012,129,22,0,SFA
5/9/2012,130,18,0,SFA
5/10/2012,131,21,0,SFA
5/11/2012,132,19,0.254,SFA
5/12/2012,133,19,0.762,SFA
5/13/2012,134,18,0,SFA
5/14/2012,135,21,0,SFA
5/15/2012,136,16,1.016,SFA
5/16/2012,137,19,0,SFA
5/17/2012,138,21,0,SFA
5/18/2012,139,22,0,SFA
5/19/2012,140,22,0,SFA
5/20/2012,141,22,0,SFA
5/21/2012,142,23,0,SFA
5/22/2012,143,22,0,SFA
5/23/2012,144,26,0,SFA
5/24/2012,145,26,0,SFA
5/25/2012,146,27,0,SFA
5/26/2012,147,26,0,SFA
5/27/2012,148,27,0,SFA
5/28/2012,149,23,0,SFA
5/29/2012,150,25,0,SFA
5/30/2012,151,25,0,SFA
5/31/2012,152,22,1.524,SFA
6/1/2012,153,23,0,SFA
6/2/2012,154,27,0,SFA
6/3/2012,155,28,0,SFA
6/4/2012,156,24,0,SFA
6/5/2012,157,27,0,SFA
6/6/2012,158,23,5.842,SFA
6/7/2012,159,20,741.934,SFA
6/8/2012,160,NA,0,SFA
6/9/2012,161,NA,0,SFA
6/10/2012,162,NA,0,SFA
6/11/2012,163,NA,0,SFA
6/12/2012,164,NA,0,SFA
6/13/2012,165,26,0.762,SFA
6/14/2012,166,24,0,SFA
6/15/2012,167,27,0,SFA
6/16/2012,168,23,0,SFA
6/17/2012,169,23,0,SFA
6/18/2012,170,24,0,SFA
6/19/2012,171,24,1.27,SFA
6/20/2012,172,26,0,SFA
6/21/2012,173,24,0,SFA
6/22/2012,174,26,0,SFA
6/23/2012,175,27,0,SFA
6/24/2012,176,28,0,SFA
6/25/2012,177,29,0,SFA
6/26/2012,178,32,0,SFA
6/27/2012,179,27,0,SFA
6/28/2012,180,30,0,SFA
6/29/2012,181,29,0,SFA
6/30/2012,182,27,0,SFA
7/1/2012,183,23,0,SFA
7/2/2012,184,28,0,SFA
7/3/2012,185,26,0,SFA
7/4/2012,186,29,0,SFA
7/5/2012,187,29,0,SFA
7/6/2012,188,27,0,SFA
7/7/2012,189,24,0,SFA
7/8/2012,190,24,1.905,SFA
7/9/2012,191,23,1.27,SFA
7/10/2012,192,24,0.762,SFA
7/11/2012,193,24,0.508,SFA
7/12/2012,194,23,4.572,SFA
7/13/2012,195,24,0,SFA
7/14/2012,196,24,4.064,SFA
7/15/2012,197,23,0,SFA
7/16/2012,198,25,0.508,SFA
7/17/2012,199,24,0,SFA
7/18/2012,200,28,0,SFA
7/19/2012,201,27,0,SFA
7/20/2012,202,29,0,SFA
7/21/2012,203,23,0.254,SFA
7/22/2012,204,27,0,SFA
7/23/2012,205,26,0,SFA
7/24/2012,206,28,0,SFA
7/25/2012,207,28,0,SFA
7/26/2012,208,28,0,SFA
7/27/2012,209,27,0,SFA
7/28/2012,210,28,0,SFA
7/29/2012,211,28,0,SFA
7/30/2012,212,29,0,SFA
7/31/2012,213,29,0,SFA
8/1/2012,214,29,0,SFA
8/2/2012,215,29,0,SFA
8/3/2012,216,29,0,SFA
8/4/2012,217,29,0,SFA
8/5/2012,218,30,0.254,SFA
8/6/2012,219,29,0,SFA
8/7/2012,220,24,0,SFA
8/8/2012,221,27,0,SFA
8/9/2012,222,31,0,SFA
8/10/2012,223,27,0,SFA
8/11/2012,224,27,0,SFA
8/12/2012,225,29,0,SFA
8/13/2012,226,30,0,SFA
8/14/2012,227,31,0,SFA
8/15/2012,228,31,0,SFA
8/16/2012,229,30,0,SFA
8/17/2012,230,28,0,SFA
8/18/2012,231,25,0,SFA
8/19/2012,232,24,0,SFA
8/20/2012,233,24,0,SFA
8/21/2012,234,24,0,SFA
8/22/2012,235,26,0,SFA
8/23/2012,236,27,0,SFA
8/24/2012,237,26,0,SFA
8/25/2012,238,25,0,SFA
8/26/2012,239,24,0,SFA
8/27/2012,240,26,0,SFA
8/28/2012,241,29,0.254,SFA
8/29/2012,242,31,0,SFA
8/30/2012,243,26,0,SFA
8/31/2012,244,24,0,SFA
9/1/2012,245,25,0,SFA
9/2/2012,246,28,0,SFA
9/3/2012,247,28,0,SFA
9/4/2012,248,29,0,SFA
9/5/2012,249,26,0,SFA
9/6/2012,250,31,0,SFA
9/7/2012,251,28,0,SFA
9/8/2012,252,19,0,SFA
9/9/2012,253,20,0,SFA
9/10/2012,254,22,0,SFA
9/11/2012,255,24,0,SFA
9/12/2012,256,27,0,SFA
9/13/2012,257,22,1.016,SFA
9/14/2012,258,21,0,SFA
9/15/2012,259,23,0,SFA
9/16/2012,260,20,3.556,SFA
9/17/2012,261,20,0.254,SFA
9/18/2012,262,21,0,SFA
9/19/2012,263,17,0,SFA
9/20/2012,264,18,0,SFA
9/21/2012,265,18,0,SFA
9/22/2012,266,21,0,SFA
9/23/2012,267,23,0,SFA
9/24/2012,268,26,0,SFA
9/25/2012,269,26,0,SFA
9/26/2012,270,23,0,SFA
9/27/2012,271,22,0,SFA
9/28/2012,272,26,0,SFA
9/29/2012,273,22,0,SFA
9/30/2012,274,16,17.78,SFA
10/1/2012,275,17,0,SFA
10/2/2012,276,18,0,SFA
10/3/2012,277,17,0,SFA
10/4/2012,278,23,0,SFA
10/5/2012,279,21,0,SFA
10/6/2012,280,11,0,SFA
10/7/2012,281,12,0,SFA
10/8/2012,282,12,0,SFA
10/9/2012,283,21,0,SFA
10/10/2012,284,22,0,SFA
10/11/2012,285,24,0,SFA
10/12/2012,286,22,0,SFA
10/13/2012,287,24,0,SFA
10/14/2012,288,18,0.127,SFA
10/15/2012,289,15,0,SFA
10/16/2012,290,16,0,SFA
10/17/2012,291,23,0,SFA
10/18/2012,292,12,0,SFA
10/19/2012,293,11,0,SFA
10/20/2012,294,21,0,SFA
10/21/2012,295,23,0,SFA
10/22/2012,296,23,0,SFA
10/23/2012,297,19,0,SFA
10/24/2012,298,23,0,SFA
10/25/2012,299,24,0,SFA
10/26/2012,300,11,0.381,SFA
10/27/2012,301,6,0,SFA
10/28/2012,302,5,0,SFA
10/29/2012,303,7,0,SFA
10/30/2012,304,10,0,SFA
10/31/2012,305,14,0,SFA
11/1/2012,306,16,0,SFA
11/2/2012,307,17,0,SFA
11/3/2012,308,17,0,SFA
11/4/2012,309,17,1.3716,SFA
11/5/2012,310,11,0,SFA
11/6/2012,311,8,0,SFA
11/7/2012,312,9,0,SFA
11/8/2012,313,17,0,SFA
11/9/2012,314,18,0,SFA
11/10/2012,315,21,0,SFA
11/11/2012,316,13,1.016,SFA
11/12/2012,317,4,0,SFA
11/13/2012,318,4,0,SFA
11/14/2012,319,3,0,SFA
11/15/2012,320,4,0,SFA
11/16/2012,321,2,0,SFA
11/17/2012,322,5,0,SFA
11/18/2012,323,7,0,SFA
11/19/2012,324,9,0,SFA
11/20/2012,325,12,0,SFA
11/21/2012,326,10,0,SFA
11/22/2012,327,12,0,SFA
11/23/2012,328,9,0.254,SFA
11/24/2012,329,2,0,SFA
11/25/2012,330,14,0,SFA
11/26/2012,331,20,1.778,SFA
11/27/2012,332,4,0,SFA
11/28/2012,333,3,0,SFA
11/29/2012,334,11,0,SFA
11/30/2012,335,16,0,SFA
12/1/2012,336,21,0,SFA
12/2/2012,337,20,0,SFA
12/3/2012,338,20,0,SFA
12/4/2012,339,19,0,SFA
12/5/2012,340,12,0,SFA
12/6/2012,341,11,0,SFA
12/7/2012,342,17,0,SFA
12/8/2012,343,19,0,SFA
12/9/2012,344,15,0,SFA
12/10/2012,345,-1,3.683,SFA
12/11/2012,346,-1,0,SFA
12/12/2012,347,-1,0,SFA
12/13/2012,348,2,0,SFA
12/14/2012,349,14,0,SFA
12/15/2012,350,18,0,SFA
12/16/2012,351,14,1.524,SFA
12/17/2012,352,6,0,SFA
12/18/2012,353,17,0,SFA
12/19/2012,354,23,0.508,SFA
12/20/2012,355,1,0,SFA
12/21/2012,356,2,0,SFA
12/22/2012,357,14,0,SFA
12/23/2012,358,17,0,SFA
12/24/2012,359,6,0,SFA
12/25/2012,360,1,0,SFA
12/26/2012,361,-2,3.81,SFA
12/27/2012,362,6,0,SFA
12/28/2012,363,4,0,SFA
12/29/2012,364,-2,0,SFA
12/30/2012,365,4,0,SFA
12/31/2012,366,13,1.905,SFA
1/1/2013,1,7,0.5334,SFA
1/2/2013,2,2,0,SFA
1/3/2013,3,7,0,SFA
1/4/2013,4,7,0.2032,SFA
1/5/2013,5,6,0.2286,SFA
1/6/2013,6,2,0,SFA
1/7/2013,7,6,0.0254,SFA
1/8/2013,8,14,2.6924,SFA
1/9/2013,9,17,1.8796,SFA
1/10/2013,10,11,0,SFA
1/11/2013,11,18,0,SFA
1/12/2013,12,21,0.889,SFA
1/13/2013,13,3,4.2164,SFA
1/14/2013,14,2,0.0762,SFA
1/15/2013,15,1,0.635,SFA
1/16/2013,16,1,0,SFA
1/17/2013,17,3,0,SFA
1/18/2013,18,3,0,SFA
1/19/2013,19,5,0,SFA
1/20/2013,20,7,0,SFA
1/21/2013,21,11,0.0254,SFA
1/22/2013,22,9,0,SFA
1/23/2013,23,14,0,SFA
1/24/2013,24,17,0,SFA
1/25/2013,25,13,0,SFA
1/26/2013,26,12,0,SFA
1/27/2013,27,19,0.0254,SFA
1/28/2013,28,21,0,SFA
1/29/2013,29,14,0.4826,SFA
1/30/2013,30,2,0.0508,SFA
1/31/2013,31,5,0,SFA
2/1/2013,32,11,0,SFA
2/2/2013,33,12,0,SFA
2/3/2013,34,8,0,SFA
2/4/2013,35,15,0.0762,SFA
2/5/2013,36,16,0,SFA
2/6/2013,37,15,1.7526,SFA
2/7/2013,38,12,0,SFA
2/8/2013,39,10,0,SFA
2/9/2013,40,16,0,SFA
2/10/2013,41,13,2.2098,SFA
2/11/2013,42,11,0.6604,SFA
2/12/2013,43,10,0.2794,SFA
2/13/2013,44,2,0,SFA
2/14/2013,45,4,0,SFA
2/15/2013,46,7,0,SFA
2/16/2013,47,2,0,SFA
2/17/2013,48,14,0,SFA
2/18/2013,49,12,1.016,SFA
2/19/2013,50,11,0,SFA
2/20/2013,51,11,0.0762,SFA
2/21/2013,52,9,1.1938,SFA
2/22/2013,53,10,0,SFA
2/23/2013,54,8,0,SFA
2/24/2013,55,14,0,SFA
2/25/2013,56,9,0.0762,SFA
2/26/2013,57,6,0,SFA
2/27/2013,58,7,0,SFA
2/28/2013,59,3,0,SFA
3/1/2013,60,3,0,SFA
3/2/2013,61,0,0,SFA
3/3/2013,62,13,0,SFA
3/4/2013,63,18,0,SFA
3/5/2013,64,6,0,SFA
3/6/2013,65,7,0,SFA
3/7/2013,66,12,0,SFA
3/8/2013,67,18,0,SFA
3/9/2013,68,18,0,SFA
3/10/2013,69,9,3.556,SFA
3/11/2013,70,4,0,SFA
3/12/2013,71,9,0,SFA
3/13/2013,72,9,0,SFA
3/14/2013,73,14,0,SFA
3/15/2013,74,19,0,SFA
3/16/2013,75,20,0,SFA
3/17/2013,76,22,0,SFA
3/18/2013,77,19,0,SFA
3/19/2013,78,19,0,SFA
3/20/2013,79,10,1.016,SFA
3/21/2013,80,17,0,SFA
3/22/2013,81,17,0,SFA
3/23/2013,82,14,0,SFA
3/24/2013,83,5,0,SFA
3/25/2013,84,7,0,SFA
3/26/2013,85,4,0,SFA
3/27/2013,86,13,0,SFA
3/28/2013,87,16,0,SFA
3/29/2013,88,19,0,SFA
3/30/2013,89,18,1.27,SFA
3/31/2013,90,17,3.81,SFA
4/1/2013,91,19,0,SFA
4/2/2013,92,19,0.1778,SFA
4/3/2013,93,8,1.397,SFA
4/4/2013,94,8,0.7112,SFA
4/5/2013,95,12,0,SFA
4/6/2013,96,18,0,SFA
4/7/2013,97,21,0,SFA
4/8/2013,98,21,0,SFA
4/9/2013,99,23,0,SFA
4/10/2013,100,8,0,SFA
4/11/2013,101,9,0,SFA
4/12/2013,102,13,0,SFA
4/13/2013,103,16,0,SFA
4/14/2013,104,22,0,SFA
4/15/2013,105,24,0,SFA
4/16/2013,106,24,0,SFA
4/17/2013,107,24,0,SFA
4/18/2013,108,9,0.8636,SFA
4/19/2013,109,6,0,SFA
4/20/2013,110,11,0,SFA
4/21/2013,111,13,0,SFA
4/22/2013,112,19,0,SFA
4/23/2013,113,19,0,SFA
4/24/2013,114,13,0.5842,SFA
4/25/2013,115,14,0,SFA
4/26/2013,116,22,0,SFA
4/27/2013,117,22,0.2032,SFA
4/28/2013,118,19,0.0254,SFA
4/29/2013,119,18,0,SFA
4/30/2013,120,19,0,SFA
5/1/2013,121,22,0,SFA
5/2/2013,122,9,0.0508,SFA
5/3/2013,123,8,0,SFA
5/4/2013,124,13,0,SFA
5/5/2013,125,11,0,SFA
5/6/2013,126,16,0,SFA
5/7/2013,127,18,0,SFA
5/8/2013,128,22,0,SFA
5/9/2013,129,21,1.2954,SFA
5/10/2013,130,20,0,SFA
5/11/2013,131,19,2.5654,SFA
5/12/2013,132,13,0,SFA
5/13/2013,133,19.11111111,0,SFA
5/14/2013,134,22,0,SFA
5/15/2013,135,19,0.7366,SFA
5/16/2013,136,23,0.254,SFA
5/17/2013,137,26,0,SFA
5/18/2013,138,26,0,SFA
5/19/2013,139,26,0,SFA
5/20/2013,140,26,0.9144,SFA
5/21/2013,141,19,0,SFA
5/22/2013,142,22,0,SFA
5/23/2013,143,26,0,SFA
5/24/2013,144,21,0,SFA
5/25/2013,145,22,0.0254,SFA
5/26/2013,146,24,0.3302,SFA
5/27/2013,147,26,0,SFA
5/28/2013,148,25,0,SFA
5/29/2013,149,25,0,SFA
5/30/2013,150,26,0,SFA
5/31/2013,151,27,0,SFA
6/1/2013,152,28,0,SFA
6/2/2013,153,21,4.191,SFA
6/3/2013,154,22,0,SFA
6/4/2013,155,24,0,SFA
6/5/2013,156,26,0,SFA
6/6/2013,157,19,0.3556,SFA
6/7/2013,158,20,0,SFA
6/8/2013,159,22,0,SFA
6/9/2013,160,23,0,SFA
6/10/2013,161,24,0,SFA
6/11/2013,162,24,0.127,SFA
6/12/2013,163,27,0,SFA
6/13/2013,164,27,0,SFA
6/14/2013,165,28,0,SFA
6/15/2013,166,28,0.4572,SFA
6/16/2013,167,26,0,SFA
6/17/2013,168,26,0,SFA
6/18/2013,169,22,0.0508,SFA
6/19/2013,170,26,3.81,SFA
6/20/2013,171,28,0,SFA
6/21/2013,172,27,0,SFA
6/22/2013,173,28,0,SFA
6/23/2013,174,28,0,SFA
6/24/2013,175,27,0,SFA
6/25/2013,176,29,0,SFA
6/26/2013,177,29,0,SFA
6/27/2013,178,29,0,SFA
6/28/2013,179,31,0,SFA
6/29/2013,180,27,0,SFA
6/30/2013,181,27,0,SFA
7/1/2013,182,23,0,SFA
7/2/2013,183,24,0,SFA
7/3/2013,184,26,0,SFA
7/4/2013,185,24,0,SFA
7/5/2013,186,27,0,SFA
7/6/2013,187,28,0,SFA
7/7/2013,188,26,0,SFA
7/8/2013,189,27,0,SFA
7/9/2013,190,31,0,SFA
7/10/2013,191,30,0,SFA
7/11/2013,192,24,0.0254,SFA
7/12/2013,193,29,0,SFA
7/13/2013,194,28,0,SFA
7/14/2013,195,24,0.254,SFA
7/15/2013,196,22,3.4036,SFA
7/16/2013,197,24,0.2794,SFA
7/17/2013,198,27,0.0762,SFA
7/18/2013,199,27,0.0762,SFA
7/19/2013,200,23,1.143,SFA
7/20/2013,201,24,0.0254,SFA
7/21/2013,202,26,0,SFA
7/22/2013,203,29,0,SFA
7/23/2013,204,27,0,SFA
7/24/2013,205,25,1.27,SFA
7/25/2013,206,27,0,SFA
7/26/2013,207,28,0.254,SFA
7/27/2013,208,24,0,SFA
7/28/2013,209,27,0,SFA
7/29/2013,210,29,0,SFA
7/30/2013,211,29,0,SFA
7/31/2013,212,27,0,SFA
8/1/2013,213,28,0,SFA
8/2/2013,214,29,0,SFA
8/3/2013,215,30,0,SFA
8/4/2013,216,29,0,SFA
8/5/2013,217,28,0,SFA
8/6/2013,218,29,0,SFA
8/7/2013,219,31,0,SFA
8/8/2013,220,32,0,SFA
8/9/2013,221,29,0,SFA
8/10/2013,222,26,1.8796,SFA
8/11/2013,223,28,0,SFA
8/12/2013,224,29,0,SFA
8/13/2013,225,29,0,SFA
8/14/2013,226,26,0.5588,SFA
8/15/2013,227,26,0,SFA
8/16/2013,228,26,0,SFA
8/17/2013,229,24,0,SFA
8/18/2013,230,27,0,SFA
8/19/2013,231,27,0,SFA
8/20/2013,232,28,0,SFA
8/21/2013,233,27,0,SFA
8/22/2013,234,31,0,SFA
8/23/2013,235,28,0,SFA
8/24/2013,236,30,0,SFA
8/25/2013,237,28,0,SFA
8/26/2013,238,24,0,SFA
8/27/2013,239,25,0,SFA
8/28/2013,240,28,0,SFA
8/29/2013,241,29,0,SFA
8/30/2013,242,28,0,SFA
8/31/2013,243,30,0,SFA
9/1/2013,244,31,0,SFA
9/2/2013,245,27,0,SFA
9/3/2013,246,25,0.0762,SFA
9/4/2013,247,26,0,SFA
9/5/2013,248,29,0,SFA
9/6/2013,249,29,0,SFA
9/7/2013,250,25,1.016,SFA
9/8/2013,251,26,0,SFA
9/9/2013,252,28,0,SFA
9/10/2013,253,26,0,SFA
9/11/2013,254,26,0.3048,SFA
9/12/2013,255,24,0,SFA
9/13/2013,256,26,0,SFA
9/14/2013,257,28,0,SFA
9/15/2013,258,29,0,SFA
9/16/2013,259,27,0,SFA
9/17/2013,260,28,0,SFA
9/18/2013,261,28,0,SFA
9/19/2013,262,24,0,SFA
9/20/2013,263,21,6.858,SFA
9/21/2013,264,22,0,SFA
9/22/2013,265,17,0,SFA
9/23/2013,266,23,0,SFA
9/24/2013,267,21,0,SFA
9/25/2013,268,19,0,SFA
9/26/2013,269,21,0,SFA
9/27/2013,270,25,0,SFA
9/28/2013,271,24,0,SFA
9/29/2013,272,23,0,SFA
9/30/2013,273,23,0,SFA
10/1/2013,274,23,0,SFA
10/2/2013,275,24,0,SFA
10/3/2013,276,23,0,SFA
10/4/2013,277,26,0,SFA
10/5/2013,278,19,0.0254,SFA
10/6/2013,279,13,0,SFA
10/7/2013,280,13,0,SFA
10/8/2013,281,14,0,SFA
10/9/2013,282,17,0,SFA
10/10/2013,283,21,0,SFA
10/11/2013,284,23,0,SFA
10/12/2013,285,20,0,SFA
10/13/2013,286,22,0,SFA
10/14/2013,287,22,6.35,SFA
10/15/2013,288,22,0,SFA
10/16/2013,289,16,0,SFA
10/17/2013,290,12,0.0254,SFA
10/18/2013,291,14,0,SFA
10/19/2013,292,11,4870.958,SFA
10/20/2013,293,12,0,SFA
10/21/2013,294,17,0,SFA
10/22/2013,295,11,0,SFA
10/23/2013,296,14,0,SFA
10/24/2013,297,19,0,SFA
10/25/2013,298,12,0,SFA
10/26/2013,299,17,0,SFA
10/27/2013,300,18,0,SFA
10/28/2013,301,19,1.9812,SFA
10/29/2013,302,22,0,SFA
10/30/2013,303,21,5.2578,SFA
10/31/2013,304,12,1.0922,SFA
11/1/2013,305,14,0,SFA
11/2/2013,306,20,10032.238,SFA
11/3/2013,307,11,0,SFA
11/4/2013,308,18,0,SFA
11/5/2013,309,22,0,SFA
11/6/2013,310,9,0.8636,SFA
11/7/2013,311,15,7322.566,SFA
11/8/2013,312,NA,0,SFA
11/9/2013,313,13,0.1016,SFA
11/10/2013,314,NA,0,SFA
11/11/2013,315,10,0,SFA
11/12/2013,316,7,0.0254,SFA
11/13/2013,317,-1,0,SFA
11/14/2013,318,6,0,SFA
11/15/2013,319,16,0.127,SFA
11/16/2013,320,22,0.2032,SFA
11/17/2013,321,18,0.0254,SFA
11/18/2013,322,16,0,SFA
11/19/2013,323,7,0,SFA
11/20/2013,324,16,0,SFA
11/21/2013,325,21,0,SFA
11/22/2013,326,6,2.7178,SFA
11/23/2013,327,6,0.8128,SFA
11/24/2013,328,3,0,SFA
11/25/2013,329,3,0.3302,SFA
11/26/2013,330,2,4.4196,SFA
11/27/2013,331,-2,1.651,SFA
11/28/2013,332,-1,0,SFA
11/29/2013,333,1,0,SFA
11/30/2013,334,13,0,SFA
12/1/2013,335,16,0,SFA
12/2/2013,336,11,0,SFA
12/3/2013,337,14,0,SFA
12/4/2013,338,21,0,SFA
12/5/2013,339,2,0.0508,SFA
12/6/2013,340,0,0.3302,SFA
12/7/2013,341,0,0,SFA
12/8/2013,342,4,0.0254,SFA
12/9/2013,343,2,0.3556,SFA
12/10/2013,344,-2,0,SFA
12/11/2013,345,4,0,SFA
12/12/2013,346,3,0,SFA
12/13/2013,347,7,2.1844,SFA
12/14/2013,348,4,0.0254,SFA
12/15/2013,349,-1,0,SFA
12/16/2013,350,3,0,SFA
12/17/2013,351,5,0,SFA
12/18/2013,352,13,0,SFA
12/19/2013,353,19,0,SFA
12/20/2013,354,21,0,SFA
12/21/2013,355,12,3.9116,SFA
12/22/2013,356,0,0.0254,SFA
12/23/2013,357,-2,0,SFA
12/24/2013,358,-1,0,SFA
12/25/2013,359,9,0,SFA
12/26/2013,360,4,0,SFA
12/27/2013,361,5,0,SFA
12/28/2013,362,5,0,SFA
12/29/2013,363,9,0,SFA
12/30/2013,364,1,0,SFA
12/31/2013,365,1,0,SFA
1/1/2014,1,13,0,SFA
1/2/2014,2,-1,0,SFA
1/3/2014,3,2,0,SFA
1/4/2014,4,13,0,SFA
1/5/2014,5,-2,0.127,SFA
1/6/2014,6,-7,0,SFA
1/7/2014,7,2,0,SFA
1/8/2014,8,7,0,SFA
1/9/2014,9,13,1.8796,SFA
1/10/2014,10,18,0.1016,SFA
1/11/2014,11,4,0,SFA
1/12/2014,12,15,0.0254,SFA
1/13/2014,13,8,0.0254,SFA
1/14/2014,14,12,0,SFA
1/15/2014,15,1,0,SFA
1/16/2014,16,6,0,SFA
1/17/2014,17,-1,0,SFA
1/18/2014,18,12,0,SFA
1/19/2014,19,2,0,SFA
1/20/2014,20,11,0,SFA
1/21/2014,21,-1,0,SFA
1/22/2014,22,6,0,SFA
1/23/2014,23,-2,0.762,SFA
1/24/2014,24,-2,0.2032,SFA
1/25/2014,25,4,0,SFA
1/26/2014,26,11,0,SFA
1/27/2014,27,5,0,SFA
1/28/2014,28,-1,0.0762,SFA
1/29/2014,29,-1,0,SFA
1/30/2014,30,10,0,SFA
1/31/2014,31,16,0,SFA
2/1/2014,32,18,0,SFA
2/2/2014,33,4,0.762,SFA
2/3/2014,34,4,0,SFA
2/4/2014,35,3,0.762,SFA
2/5/2014,36,-1,0,SFA
2/6/2014,37,0,0,SFA
2/7/2014,38,1,0.635,SFA
2/8/2014,39,6,0,SFA
2/9/2014,40,12,0,SFA
2/10/2014,41,1,0.762,SFA
2/11/2014,42,-1,0,SFA
2/12/2014,43,-1,0,SFA
2/13/2014,44,4,0,SFA
2/14/2014,45,13,0,SFA
2/15/2014,46,11,0,SFA
2/16/2014,47,18,0,SFA
2/17/2014,48,18,0,SFA
2/18/2014,49,19,0,SFA
2/19/2014,50,19,0,SFA
2/20/2014,51,14,0.762,SFA
2/21/2014,52,6,0,SFA
2/22/2014,53,13,0,SFA
2/23/2014,54,18,0,SFA
2/24/2014,55,15,0,SFA
2/25/2014,56,10,0,SFA
2/26/2014,57,2,0.635,SFA
2/27/2014,58,5,0,SFA
2/28/2014,59,14,0,SFA
3/1/2014,60,21,0,SFA
3/2/2014,61,1,0,SFA
3/3/2014,62,-3,0,SFA
3/4/2014,63,1,0,SFA
3/5/2014,64,7,0,SFA
3/6/2014,65,3,0,SFA
3/7/2014,66,12,0,SFA
3/8/2014,67,13,1.524,SFA
3/9/2014,68,10,0,SFA
3/10/2014,69,13,0,SFA
3/11/2014,70,18,0,SFA
3/12/2014,71,8,0,SFA
3/13/2014,72,9,0,SFA
3/14/2014,73,18,0,SFA
3/15/2014,74,16,4.572,SFA
3/16/2014,75,6,0,SFA
3/17/2014,76,7,0,SFA
3/18/2014,77,18,0,SFA
3/19/2014,78,12,0,SFA
3/20/2014,79,11,0,SFA
3/21/2014,80,19,0,SFA
3/22/2014,81,19,0,SFA
3/23/2014,82,10,0,SFA
3/24/2014,83,10,0,SFA
3/25/2014,84,8,0,SFA
3/26/2014,85,12,0,SFA
3/27/2014,86,19,1.016,SFA
3/28/2014,87,16,0,SFA
3/29/2014,88,11,1.651,SFA
3/30/2014,89,17,0,SFA
3/31/2014,90,19,0,SFA
4/1/2014,91,22,0,SFA
4/2/2014,92,22,0,SFA
4/3/2014,93,23,0,SFA
4/4/2014,94,12,0,SFA
4/5/2014,95,13,0,SFA
4/6/2014,96,11,5.842,SFA
4/7/2014,97,12,0,SFA
4/8/2014,98,11,0,SFA
4/9/2014,99,14,0,SFA
4/10/2014,100,20,0,SFA
4/11/2014,101,21,0,SFA
4/12/2014,102,22,0,SFA
4/13/2014,103,21,0.508,SFA
4/14/2014,104,7,0,SFA
4/15/2014,105,6,0,SFA
4/16/2014,106,11,0,SFA
4/17/2014,107,12,0,SFA
4/18/2014,108,15,0,SFA
4/19/2014,109,16,0,SFA
4/20/2014,110,20,0,SFA
4/21/2014,111,21,0,SFA
4/22/2014,112,18,0,SFA
4/23/2014,113,23,0,SFA
4/24/2014,114,20,0,SFA
4/25/2014,115,16,0,SFA
4/26/2014,116,23,0,SFA
4/27/2014,117,24,0,SFA
4/28/2014,118,16,1.016,SFA
4/29/2014,119,16,0,SFA
4/30/2014,120,10,0,SFA
5/1/2014,121,12,0,SFA
5/2/2014,122,14,0,SFA
5/3/2014,123,16,0,SFA
5/4/2014,124,20,0,SFA
5/5/2014,125,22,0,SFA
5/6/2014,126,23,0,SFA
5/7/2014,127,23,0,SFA
5/8/2014,128,22,0,SFA
5/9/2014,129,21,0,SFA
5/10/2014,130,24,0,SFA
5/11/2014,131,26,0,SFA
5/12/2014,132,19,14.732,SFA
5/13/2014,133,16,1.016,SFA
5/14/2014,134,11,0,SFA
5/15/2014,135,14,0,SFA
5/16/2014,136,19,0,SFA
5/17/2014,137,22,0,SFA
5/18/2014,138,23,0,SFA
5/19/2014,139,23,0,SFA
5/20/2014,140,24,0,SFA
5/21/2014,141,24,0,SFA
5/22/2014,142,24,0,SFA
5/23/2014,143,23,0,SFA
5/24/2014,144,21,0,SFA
5/25/2014,145,25,0,SFA
5/26/2014,146,20,0,SFA
5/27/2014,147,19,3.81,SFA
5/28/2014,148,19,2.794,SFA
5/29/2014,149,24,0,SFA
5/30/2014,150,23,1.524,SFA
5/31/2014,151,22,0.254,SFA
6/1/2014,152,24,0,SFA
6/2/2014,153,27,0,SFA
6/3/2014,154,24,0,SFA
6/4/2014,155,26,0,SFA
6/5/2014,156,26,0,SFA
6/6/2014,157,26,0,SFA
6/7/2014,158,25,0,SFA
6/8/2014,159,25.55555556,0,SFA
6/9/2014,160,22,0,SFA
6/10/2014,161,21,6.35,SFA
6/11/2014,162,23,0,SFA
6/12/2014,163,24,0,SFA
6/13/2014,164,24,0,SFA
6/14/2014,165,27,0,SFA
6/15/2014,166,28,0,SFA
6/16/2014,167,26,0,SFA
6/17/2014,168,26,0,SFA
6/18/2014,169,23,0,SFA
6/19/2014,170,24,0,SFA
6/20/2014,171,25,0,SFA
6/21/2014,172,24,0,SFA
6/22/2014,173,23,0,SFA
6/23/2014,174,24,0,SFA
6/24/2014,175,22,2.54,SFA
6/25/2014,176,24,0,SFA
6/26/2014,177,22,0.508,SFA
6/27/2014,178,24,0.762,SFA
6/28/2014,179,26,0,SFA
6/29/2014,180,27,0,SFA
6/30/2014,181,27,0,SFA
7/1/2014,182,25,0,SFA
7/2/2014,183,26,0,SFA
7/3/2014,184,23,0,SFA
7/4/2014,185,23,0,SFA
7/5/2014,186,23,0,SFA
7/6/2014,187,24,0,SFA
7/7/2014,188,27,0.508,SFA
7/8/2014,189,28,0,SFA
7/9/2014,190,26,0,SFA
7/10/2014,191,26,0,SFA
7/11/2014,192,26,0,SFA
7/12/2014,193,28,0,SFA
7/13/2014,194,27,0,SFA
7/14/2014,195,28,0.254,SFA
7/15/2014,196,27,0,SFA
7/16/2014,197,26,0,SFA
7/17/2014,198,23,0,SFA
7/18/2014,199,21,9.144,SFA
7/19/2014,200,21,0,SFA
7/20/2014,201,24,0,SFA
7/21/2014,202,26,0,SFA
7/22/2014,203,24,0,SFA
7/23/2014,204,27,0,SFA
7/24/2014,205,25,0,SFA
7/25/2014,206,26,0,SFA
7/26/2014,207,29,0,SFA
7/27/2014,208,26,0,SFA
7/28/2014,209,23,0.508,SFA
7/29/2014,210,25,0,SFA
7/30/2014,211,27,0,SFA
7/31/2014,212,23,4.572,SFA
8/1/2014,213,21,0,SFA
8/2/2014,214,23,0,SFA
8/3/2014,215,24,0,SFA
8/4/2014,216,26,0,SFA
8/5/2014,217,26,0,SFA
8/6/2014,218,27,0,SFA
8/7/2014,219,28,0,SFA
8/8/2014,220,28,0,SFA
8/9/2014,221,28,0,SFA
8/10/2014,222,29,0,SFA
8/11/2014,223,23,1.778,SFA
8/12/2014,224,23,0,SFA
8/13/2014,225,22,0,SFA
8/14/2014,226,21,0,SFA
8/15/2014,227,26,0,SFA
8/16/2014,228,29,0,SFA
8/17/2014,229,25,0,SFA
8/18/2014,230,27,0,SFA
8/19/2014,231,23,0.508,SFA
8/20/2014,232,25,0,SFA
8/21/2014,233,29,0,SFA
8/22/2014,234,27,0,SFA
8/23/2014,235,27,0,SFA
8/24/2014,236,26,0,SFA
8/25/2014,237,27,0,SFA
8/26/2014,238,27,0,SFA
8/27/2014,239,26,0,SFA
8/28/2014,240,26,0,SFA
8/29/2014,241,25,0,SFA
8/30/2014,242,26,0,SFA
8/31/2014,243,24,0,SFA
9/1/2014,244,28,0,SFA
9/2/2014,245,24,1.016,SFA
9/3/2014,246,28,0,SFA
9/4/2014,247,26,0,SFA
9/5/2014,248,27,0,SFA
9/6/2014,249,24,0,SFA
9/7/2014,250,25,0,SFA
9/8/2014,251,25,0,SFA
9/9/2014,252,28,0,SFA
9/10/2014,253,29,3.302,SFA
9/11/2014,254,25,0,SFA
9/12/2014,255,23,0,SFA
9/13/2014,256,18,0,SFA
9/14/2014,257,22,0,SFA
9/15/2014,258,25,0,SFA
9/16/2014,259,24,0,SFA
9/17/2014,260,24,0,SFA
9/18/2014,261,21,0.508,SFA
9/19/2014,262,23,0,SFA
9/20/2014,263,22,0,SFA
9/21/2014,264,24,0,SFA
9/22/2014,265,22,0,SFA
9/23/2014,266,16,0,SFA
9/24/2014,267,19,0,SFA
9/25/2014,268,21,0,SFA
9/26/2014,269,21,0,SFA
9/27/2014,270,22,0,SFA
9/28/2014,271,23,0,SFA
9/29/2014,272,25,0,SFA
9/30/2014,273,25,0,SFA
10/1/2014,274,26,0,SFA
10/2/2014,275,26,3.81,SFA
10/3/2014,276,17,0,SFA
10/4/2014,277,13,0,SFA
10/5/2014,278,21,0,SFA
10/6/2014,279,19,2.54,SFA
10/7/2014,280,24,0,SFA
10/8/2014,281,24,0,SFA
10/9/2014,282,24,0,SFA
10/10/2014,283,24,0,SFA
10/11/2014,284,18,0,SFA
10/12/2014,285,20,0,SFA
10/13/2014,286,16,0,SFA
10/14/2014,287,11,0,SFA
10/15/2014,288,14,0,SFA
10/16/2014,289,18,0,SFA
10/17/2014,290,18,0,SFA
10/18/2014,291,21,0,SFA
10/19/2014,292,14,0,SFA
10/20/2014,293,14,0,SFA
10/21/2014,294,17,0,SFA
10/22/2014,295,14,0,SFA
10/23/2014,296,12,0,SFA
10/24/2014,297,15,0,SFA
10/25/2014,298,18,0,SFA
10/26/2014,299,18,0,SFA
10/27/2014,300,22,0,SFA
10/28/2014,301,22,0,SFA
10/29/2014,302,12,0,SFA
10/30/2014,303,14,0,SFA
10/31/2014,304,12,0,SFA
11/1/2014,305,4,0,SFA
11/2/2014,306,11,0,SFA
11/3/2014,307,18,0,SFA
11/4/2014,308,15,1.778,SFA
11/5/2014,309,15,2.54,SFA
11/6/2014,310,12,0,SFA
11/7/2014,311,6,0,SFA
11/8/2014,312,7,0,SFA
11/9/2014,313,8,0,SFA
11/10/2014,314,18,0,SFA
11/11/2014,315,4,0,SFA
11/12/2014,316,4,0,SFA
11/13/2014,317,0,0,SFA
11/14/2014,318,4,2.032,SFA
11/15/2014,319,7,0,SFA
11/16/2014,320,5,0,SFA
11/17/2014,321,-3,0,SFA
11/18/2014,322,-1,0,SFA
11/19/2014,323,11,0,SFA
11/20/2014,324,16,0,SFA
11/21/2014,325,14,0.508,SFA
11/22/2014,326,17,0,SFA
11/23/2014,327,14,0,SFA
11/24/2014,328,4,0,SFA
11/25/2014,329,4,6.096,SFA
11/26/2014,330,6.777777778,0,SFA
11/27/2014,331,3,0,SFA
11/28/2014,332,14,0,SFA
11/29/2014,333,18,0,SFA
11/30/2014,334,19,0,SFA
12/1/2014,335,6,0,SFA
12/2/2014,336,10,0,SFA
12/3/2014,337,12,0,SFA
12/4/2014,338,17,0,SFA
12/5/2014,339,20,0,SFA
12/6/2014,340,13,0,SFA
12/7/2014,341,10,0,SFA
12/8/2014,342,5,0,SFA
12/9/2014,343,5,0,SFA
12/10/2014,344,10,0,SFA
12/11/2014,345,12,0,SFA
12/12/2014,346,13,0,SFA
12/13/2014,347,14,0,SFA
12/14/2014,348,18,0,SFA
12/15/2014,349,12,0.508,SFA
12/16/2014,350,4,0,SFA
12/17/2014,351,10,0,SFA
12/18/2014,352,11,0,SFA
12/19/2014,353,8,0,SFA
12/20/2014,354,5,0,SFA
12/21/2014,355,9,0,SFA
12/22/2014,356,11,2.286,SFA
12/23/2014,357,4,0,SFA
12/24/2014,358,4,11838.686,SFA
12/25/2014,359,NA,0,SFA
12/26/2014,360,NA,0,SFA
12/27/2014,361,NA,0,SFA
12/28/2014,362,NA,0,SFA
12/29/2014,363,NA,3.302,SFA
12/30/2014,364,NA,0,SFA
12/31/2014,365,NA,0,SFA
1/1/2015,1,NA,4.0132,SFA
1/2/2015,2,9,1.4732,SFA
1/3/2015,3,3,1.6764,SFA
1/4/2015,4,0,0.5842,SFA
1/5/2015,5,-1,1.143,SFA
1/6/2015,6,4,0,SFA
1/7/2015,7,2,0,SFA
1/8/2015,8,1,0,SFA
1/9/2015,9,3,0.5334,SFA
1/10/2015,10,2,0.1016,SFA
1/11/2015,11,5,2.032,SFA
1/12/2015,12,6,0,SFA
1/13/2015,13,4,0,SFA
1/14/2015,14,5,0,SFA
1/15/2015,15,1,0,SFA
1/16/2015,16,4,0,SFA
1/17/2015,17,7,0,SFA
1/18/2015,18,4,0,SFA
1/19/2015,19,10,0,SFA
1/20/2015,20,10,0,SFA
1/21/2015,21,11,0,SFA
1/22/2015,22,4,0,SFA
1/23/2015,23,3,6.858,SFA
1/24/2015,24,7,0,SFA
1/25/2015,25,11,0,SFA
1/26/2015,26,11,0,SFA
1/27/2015,27,9,0,SFA
1/28/2015,28,16,0,SFA
1/29/2015,29,14,0,SFA
1/30/2015,30,9,0,SFA
1/31/2015,31,13,0,SFA
2/1/2015,32,7,0,SFA
2/2/2015,33,-1,0,SFA
2/3/2015,34,5,0,SFA
2/4/2015,35,9,0.0508,SFA
2/5/2015,36,6,0.1016,SFA
2/6/2015,37,7,0,SFA
2/7/2015,38,14,0.0254,SFA
2/8/2015,39,12,0,SFA
2/9/2015,40,10,0,SFA
2/10/2015,41,13,0,SFA
2/11/2015,42,15,0,SFA
2/12/2015,43,5,0,SFA
2/13/2015,44,6,0,SFA
2/14/2015,45,9,0,SFA
2/15/2015,46,12,0.4318,SFA
2/16/2015,47,1,1.3208,SFA
2/17/2015,48,-1,0,SFA
2/18/2015,49,4,0,SFA
2/19/2015,50,8,0,SFA
2/20/2015,51,18,0,SFA
2/21/2015,52,15,0.1524,SFA
2/22/2015,53,4,0.5588,SFA
2/23/2015,54,-2,0.0762,SFA
2/24/2015,55,1,0,SFA
2/25/2015,56,2,0.889,SFA
2/26/2015,57,1,0.2032,SFA
2/27/2015,58,1,0,SFA
2/28/2015,59,8,0,SFA
3/1/2015,60,7,0,SFA
3/2/2015,61,7,0,SFA
3/3/2015,62,19,0,SFA
3/4/2015,63,7,0,SFA
3/5/2015,64,-2,0,SFA
3/6/2015,65,0,0,SFA
3/7/2015,66,11,0,SFA
3/8/2015,67,7,0,SFA
3/9/2015,68,13,0,SFA
3/10/2015,69,12,0,SFA
3/11/2015,70,13,11.938,SFA
3/12/2015,71,13,0,SFA
3/13/2015,72,14,0,SFA
3/14/2015,73,14,0,SFA
3/15/2015,74,14,0,SFA
3/16/2015,75,21,2.54,SFA
3/17/2015,76,20,0,SFA
3/18/2015,77,17,0,SFA
3/19/2015,78,20,1.524,SFA
3/20/2015,79,16,0.635,SFA
3/21/2015,80,15,0,SFA
3/22/2015,81,14,0,SFA
3/23/2015,82,14,4.572,SFA
3/24/2015,83,19,0,SFA
3/25/2015,84,21,0,SFA
3/26/2015,85,10,0,SFA
3/27/2015,86,11,0,SFA
3/28/2015,87,18,0,SFA
3/29/2015,88,21,0,SFA
3/30/2015,89,17,0,SFA
3/31/2015,90,20,0,SFA
4/1/2015,91,21,0,SFA
4/2/2015,92,23,0,SFA
4/3/2015,93,21,0,SFA
4/4/2015,94,13,0,SFA
4/5/2015,95,14,0,SFA
4/6/2015,96,21,6.604,SFA
4/7/2015,97,24,0,SFA
4/8/2015,98,22,0,SFA
4/9/2015,99,23,0,SFA
4/10/2015,100,14,0.508,SFA
4/11/2015,101,21,0,SFA
4/12/2015,102,21,0,SFA
4/13/2015,103,19,0.762,SFA
4/14/2015,104,17,0,SFA
4/15/2015,105,17,0,SFA
4/16/2015,106,17,0,SFA
4/17/2015,107,21,0,SFA
4/18/2015,108,21,0,SFA
4/19/2015,109,19,0,SFA
4/20/2015,110,13,12.7,SFA
4/21/2015,111,18,0,SFA
4/22/2015,112,23,0,SFA
4/23/2015,113,22,0,SFA
4/24/2015,114,23,0.508,SFA
4/25/2015,115,20,0,SFA
4/26/2015,116,23,0,SFA
4/27/2015,117,19,9.144,SFA
4/28/2015,118,12,0.762,SFA
4/29/2015,119,14,0,SFA
4/30/2015,120,16,0,SFA
5/1/2015,121,17,0,SFA
5/2/2015,122,18,0,SFA
5/3/2015,123,20,0,SFA
5/4/2015,124,21,0,SFA
5/5/2015,125,22,0,SFA
5/6/2015,126,22,0,SFA
5/7/2015,127,23,0,SFA
5/8/2015,128,24,0,SFA
5/9/2015,129,24,0,SFA
5/10/2015,130,24,0,SFA
5/11/2015,131,19,4.064,SFA
5/12/2015,132,18,0,SFA
5/13/2015,133,19,0.762,SFA
5/14/2015,134,21,2.54,SFA
5/15/2015,135,21,0.254,SFA
5/16/2015,136,26,0,SFA
5/17/2015,137,19,0,SFA
5/18/2015,138,21,7.62,SFA
5/19/2015,139,21,0,SFA
5/20/2015,140,26,1.27,SFA
5/21/2015,141,17,7.874,SFA
5/22/2015,142,22,0,SFA
5/23/2015,143,23,0,SFA
5/24/2015,144,22,0,SFA
5/25/2015,145,26,11967.718,SFA
5/26/2015,146,24,5.842,SFA
5/27/2015,147,24,2.032,SFA
5/28/2015,148,26,1.778,SFA
5/29/2015,149,23,0,SFA
5/30/2015,150,22,0,SFA
5/31/2015,151,20,0,SFA
6/1/2015,152,20,1.27,SFA
6/2/2015,153,16,0,SFA
6/3/2015,154,23,0,SFA
6/4/2015,155,24,0,SFA
6/5/2015,156,23,0,SFA
6/6/2015,157,24,0,SFA
6/7/2015,158,25,0,SFA
6/8/2015,159,25,0,SFA
6/9/2015,160,27,0,SFA
6/10/2015,161,27,0,SFA
6/11/2015,162,28,0,SFA
6/12/2015,163,26,0,SFA
6/13/2015,164,23,0,SFA
6/14/2015,165,23,0,SFA
6/15/2015,166,23,1.27,SFA
6/16/2015,167,23,0.635,SFA
6/17/2015,168,23,2.032,SFA
6/18/2015,169,24,7.62,SFA
6/19/2015,170,26,2.032,SFA
6/20/2015,171,24,0,SFA
6/21/2015,172,28,0,SFA
6/22/2015,173,26,0,SFA
6/23/2015,174,27,0,SFA
6/24/2015,175,27,0,SFA
6/25/2015,176,26,0,SFA
6/26/2015,177,27,0,SFA
6/27/2015,178,24,0,SFA
6/28/2015,179,24,0,SFA
6/29/2015,180,26,0,SFA
6/30/2015,181,24,0,SFA
7/1/2015,182,23,0,SFA
7/2/2015,183,27,0,SFA
7/3/2015,184,27,0,SFA
7/4/2015,185,32,9258.046,SFA
7/5/2015,186,28,0,SFA
7/6/2015,187,32,11064.494,SFA
7/7/2015,188,32,10677.398,SFA
7/8/2015,189,33,10419.334,SFA
7/9/2015,190,33,10548.366,SFA
7/10/2015,191,33,10548.366,SFA
7/11/2015,192,32,8741.918,SFA
7/12/2015,193,NA,0,SFA
7/13/2015,194,NA,0,SFA
7/14/2015,195,NA,0,SFA
7/15/2015,196,26,0,SFA
7/16/2015,197,28,0,SFA
7/17/2015,198,29,0,SFA
7/18/2015,199,28,0,SFA
7/19/2015,200,28,0,SFA
7/20/2015,201,28,0,SFA
7/21/2015,202,29,0,SFA
7/22/2015,203,29,0,SFA
7/23/2015,204,28,0,SFA
7/24/2015,205,27,0,SFA
7/25/2015,206,27,0,SFA
7/26/2015,207,28,0,SFA
7/27/2015,208,29,0,SFA
7/28/2015,209,28,1.905,SFA
7/29/2015,210,28,0,SFA
7/30/2015,211,24,0,SFA
7/31/2015,212,26,0,SFA
8/1/2015,213,26,0,SFA
8/2/2015,214,25,0,SFA
8/3/2015,215,27,0,SFA
8/4/2015,216,28,0,SFA
8/5/2015,217,28,0,SFA
8/6/2015,218,28,0,SFA
8/7/2015,219,28,0,SFA
8/8/2015,220,28,0,SFA
8/9/2015,221,27,0,SFA
8/10/2015,222,30,0,SFA
8/11/2015,223,27,0,SFA
8/12/2015,224,32,0,SFA
8/13/2015,225,26,0,SFA
8/14/2015,226,28,0,SFA
8/15/2015,227,29,0,SFA
8/16/2015,228,26,0,SFA
8/17/2015,229,26,0,SFA
8/18/2015,230,28,0,SFA
8/19/2015,231,26,0,SFA
8/20/2015,232,23,0,SFA
8/21/2015,233,26,0,SFA
8/22/2015,234,26,0,SFA
8/23/2015,235,27,0,SFA
8/24/2015,236,27,0.762,SFA
8/25/2015,237,21,0,SFA
8/26/2015,238,22,0,SFA
8/27/2015,239,22,0,SFA
8/28/2015,240,23,0,SFA
8/29/2015,241,26,0,SFA
8/30/2015,242,24,0,SFA
8/31/2015,243,26,0,SFA
9/1/2015,244,24,0,SFA
9/2/2015,245,27,0,SFA
9/3/2015,246,28,0,SFA
9/4/2015,247,27,0,SFA
9/5/2015,248,26,0,SFA
9/6/2015,249,27,0,SFA
9/7/2015,250,25,0,SFA
9/8/2015,251,28,0,SFA
9/9/2015,252,24,0,SFA
9/10/2015,253,23,1.016,SFA
9/11/2015,254,25,0,SFA
9/12/2015,255,17,0,SFA
9/13/2015,256,18,0,SFA
9/14/2015,257,18,0,SFA
9/15/2015,258,24,0,SFA
9/16/2015,259,26,0.254,SFA
9/17/2015,260,26,0,SFA
9/18/2015,261,23,0,SFA
9/19/2015,262,24,0,SFA
9/20/2015,263,25,0,SFA
9/21/2015,264,24,0,SFA
9/22/2015,265,23,0,SFA
9/23/2015,266,21,0,SFA
9/24/2015,267,23,0,SFA
9/25/2015,268,21,0,SFA
9/26/2015,269,19,0,SFA
9/27/2015,270,22,0,SFA
9/28/2015,271,23,0.762,SFA
9/29/2015,272,23,0,SFA
9/30/2015,273,22,0,SFA
10/1/2015,274,22,0,SFA
10/2/2015,275,15,0,SFA
10/3/2015,276,15,0,SFA
10/4/2015,277,17,0,SFA
10/5/2015,278,19,0,SFA
10/6/2015,279,21,0,SFA
10/7/2015,280,21,0,SFA
10/8/2015,281,22,0,SFA
10/9/2015,282,26,0,SFA
10/10/2015,283,16,0,SFA
10/11/2015,284,24,0,SFA
10/12/2015,285,26,0,SFA
10/13/2015,286,17,0,SFA
10/14/2015,287,18,0,SFA
10/15/2015,288,19,0,SFA
10/16/2015,289,23,0,SFA
10/17/2015,290,19,0,SFA
10/18/2015,291,17,0,SFA
10/19/2015,292,13,0,SFA
10/20/2015,293,23,0,SFA
10/21/2015,294,23,0,SFA
10/22/2015,295,24,0,SFA
10/23/2015,296,23,0,SFA
10/24/2015,297,19,0,SFA
10/25/2015,298,14,0,SFA
10/26/2015,299,16,0,SFA
10/27/2015,300,15,10.16,SFA
10/28/2015,301,15,0,SFA
10/29/2015,302,16,0,SFA
10/30/2015,303,20,0,SFA
10/31/2015,304,19,5.08,SFA
11/1/2015,305,17,0,SFA
11/2/2015,306,18,3.048,SFA
11/3/2015,307,18,0,SFA
11/4/2015,308,19,0,SFA
11/5/2015,309,23,0,SFA
11/6/2015,310,17,3.048,SFA
11/7/2015,311,11,0,SFA
11/8/2015,312,12,0,SFA
11/9/2015,313,12,3.556,SFA
11/10/2015,314,19,0,SFA
11/11/2015,315,19,0,SFA
11/12/2015,316,9,0,SFA
11/13/2015,317,7,1.27,SFA
11/14/2015,318,11,0,SFA
11/15/2015,319,13,0,SFA
11/16/2015,320,22,0.508,SFA
11/17/2015,321,11,6.096,SFA
11/18/2015,322,8,14.732,SFA
11/19/2015,323,14,0,SFA
11/20/2015,324,9,0,SFA
11/21/2015,325,6,0,SFA
11/22/2015,326,2,0,SFA
11/23/2015,327,5,0,SFA
11/24/2015,328,12,0,SFA
11/25/2015,329,17,0,SFA
11/26/2015,330,21,0,SFA
11/27/2015,331,14,0,SFA
11/28/2015,332,7,3.556,SFA
11/29/2015,333,11,0,SFA
11/30/2015,334,11,0.508,SFA
12/1/2015,335,8,0,SFA
12/2/2015,336,4,0,SFA
12/3/2015,337,3,0,SFA
12/4/2015,338,3,0,SFA
12/5/2015,339,4,0,SFA
12/6/2015,340,7,0,SFA
12/7/2015,341,7,0,SFA
12/8/2015,342,14,0,SFA
12/9/2015,343,9,0,SFA
12/10/2015,344,18,0,SFA
12/11/2015,345,21,0,SFA
12/12/2015,346,21,0,SFA
12/13/2015,347,10,0,SFA
12/14/2015,348,8,6.604,SFA
12/15/2015,349,19,0,SFA
12/16/2015,350,8,0,SFA
12/17/2015,351,3,0,SFA
12/18/2015,352,2,0,SFA
12/19/2015,353,6,0,SFA
12/20/2015,354,16,0,SFA
12/21/2015,355,14,0,SFA
12/22/2015,356,19,0,SFA
12/23/2015,357,11,0,SFA
12/24/2015,358,21,0,SFA
12/25/2015,359,23,0,SFA
12/26/2015,360,23,0,SFA
12/27/2015,361,13,0,SFA
12/28/2015,362,4,0,SFA
12/29/2015,363,3,0,SFA
12/30/2015,364,6,0,SFA
12/31/2015,365,5,0,SFA
1/1/2016,1,3,0,SFA
1/2/2016,2,2,0,SFA
1/3/2016,3,3,0,SFA
1/4/2016,4,2,0,SFA
1/5/2016,5,3,0,SFA
1/6/2016,6,11,0,SFA
1/7/2016,7,8,1.905,SFA
1/8/2016,8,14,0,SFA
1/9/2016,9,4,0,SFA
1/10/2016,10,-1,0,SFA
1/11/2016,11,1,0,SFA
1/12/2016,12,3,0,SFA
1/13/2016,13,4,0,SFA
1/14/2016,14,13,0,SFA
1/15/2016,15,6,0,SFA
1/16/2016,16,5,0,SFA
1/17/2016,17,3,0,SFA
1/18/2016,18,3,0,SFA
1/19/2016,19,13,0,SFA
1/20/2016,20,13,0,SFA
1/21/2016,21,4,0,SFA
1/22/2016,22,2,4.064,SFA
1/23/2016,23,1,0,SFA
1/24/2016,24,12,0,SFA
1/25/2016,25,16,0,SFA
1/26/2016,26,9,0,SFA
1/27/2016,27,1,0,SFA
1/28/2016,28,4,0,SFA
1/29/2016,29,15,0,SFA
1/30/2016,30,17,0,SFA
1/31/2016,31,18,0,SFA
2/1/2016,32,20,0,SFA
2/2/2016,33,10,0,SFA
2/3/2016,34,3,0,SFA
2/4/2016,35,-1,0,SFA
2/5/2016,36,1,0,SFA
2/6/2016,37,1,0,SFA
2/7/2016,38,4,0,SFA
2/8/2016,39,4,0,SFA
2/9/2016,40,5,0,SFA
2/10/2016,41,11,0,SFA
2/11/2016,42,11,0,SFA
2/12/2016,43,14,0,SFA
2/13/2016,44,12,0,SFA
2/14/2016,45,17,0,SFA
2/15/2016,46,7,0,SFA
2/16/2016,47,13,0,SFA
2/17/2016,48,8,0,SFA
2/18/2016,49,16,0,SFA
2/19/2016,50,18,0,SFA
2/20/2016,51,19,0,SFA
2/21/2016,52,18,0,SFA
2/22/2016,53,13,4.064,SFA
2/23/2016,54,6,2.032,SFA
2/24/2016,55,3,0.254,SFA
2/25/2016,56,8,0,SFA
2/26/2016,57,3,0,SFA
2/27/2016,58,12,0,SFA
2/28/2016,59,17,0,SFA
2/29/2016,60,19,0,SFA
3/1/2016,61,11,0,SFA
3/2/2016,62,17,0,SFA
3/3/2016,63,14,0,SFA
3/4/2016,64,9,0,SFA
3/5/2016,65,12,0,SFA
3/6/2016,66,17,0,SFA
3/7/2016,67,19,0,SFA
3/8/2016,68,20,0,SFA
3/9/2016,69,16,10.16,SFA
3/10/2016,70,18,9.144,SFA
3/11/2016,71,17,1.27,SFA
3/12/2016,72,14,0,SFA
3/13/2016,73,17,0,SFA
3/14/2016,74,23,1.016,SFA
3/15/2016,75,20,0,SFA
3/16/2016,76,18,0,SFA
3/17/2016,77,16,0,SFA
3/18/2016,78,18,0,SFA
3/19/2016,79,7,0,SFA
3/20/2016,80,-3,0,SFA
3/21/2016,81,9,0,SFA
3/22/2016,82,17,0,SFA
3/23/2016,83,20,0,SFA
3/24/2016,84,9,1.524,SFA
3/25/2016,85,12,0,SFA
3/26/2016,86,16,0,SFA
3/27/2016,87,13,0,SFA
3/28/2016,88,12,0,SFA
3/29/2016,89,19,0,SFA
3/30/2016,90,22,0,SFA
3/31/2016,91,20,0.254,SFA
4/1/2016,92,8,0,SFA
4/2/2016,93,7.888888889,0,SFA
4/3/2016,94,11,0,SFA
4/4/2016,95,15,0,SFA
4/5/2016,96,19,0,SFA
4/6/2016,97,13,0,SFA
4/7/2016,98,16,0,SFA
4/8/2016,99,15,0,SFA
4/9/2016,100,19,0,SFA
4/10/2016,101,22,0,SFA
4/11/2016,102,22,0,SFA
4/12/2016,103,16,0.254,SFA
4/13/2016,104,18,0.635,SFA
4/14/2016,105,16,0,SFA
4/15/2016,106,18,0,SFA
4/16/2016,107,20.5,0,SFA
4/17/2016,108,21,0,SFA
4/18/2016,109,19,5.334,SFA
4/19/2016,110,19,2.286,SFA
4/20/2016,111,18,0,SFA
4/21/2016,112,18,1.524,SFA
4/22/2016,113,16,1.016,SFA
4/23/2016,114,16,0,SFA
4/24/2016,115,20,0,SFA
4/25/2016,116,23,0,SFA
4/26/2016,117,23,0,SFA
4/27/2016,118,19,2.794,SFA
4/28/2016,119,26,0,SFA
4/29/2016,120,23,0,SFA
4/30/2016,121,21,0,SFA
5/1/2016,122,23,0,SFA
5/2/2016,123,16,7.62,SFA
5/3/2016,124,14,0,SFA
5/4/2016,125,17,0,SFA
5/5/2016,126,16,0,SFA
5/6/2016,127,17,0,SFA
5/7/2016,128,21,0,SFA
5/8/2016,129,21,0,SFA
5/9/2016,130,23,0,SFA
5/10/2016,131,24,0,SFA
5/11/2016,132,24,0,SFA
5/12/2016,133,23,0,SFA
5/13/2016,134,18,0,SFA
5/14/2016,135,19,0,SFA
5/15/2016,136,19,0,SFA
5/16/2016,137,19,0.635,SFA
5/17/2016,138,21,0.508,SFA
5/18/2016,139,16,0,SFA
5/19/2016,140,18,0,SFA
5/20/2016,141,19,1.27,SFA
5/21/2016,142,23,0,SFA
5/22/2016,143,22,0,SFA
5/23/2016,144,25,0,SFA
5/24/2016,145,26,0,SFA
5/25/2016,146,26,0,SFA
5/26/2016,147,22,0,SFA
5/27/2016,148,19,6.35,SFA
5/28/2016,149,25,0,SFA
5/29/2016,150,22,0,SFA
5/30/2016,151,22,0,SFA
5/31/2016,152,26,3.81,SFA
6/1/2016,153,22,0,SFA
6/2/2016,154,21,1.016,SFA
6/3/2016,155,21,3.048,SFA
6/4/2016,156,22,0,SFA
6/5/2016,157,23,0,SFA
6/6/2016,158,23,0,SFA
6/7/2016,159,22,0,SFA
6/8/2016,160,24,0,SFA
6/9/2016,161,24,0,SFA
6/10/2016,162,26,0,SFA
6/11/2016,163,25,0,SFA
6/12/2016,164,23,0,SFA
6/13/2016,165,26,2.54,SFA
6/14/2016,166,28,0,SFA
6/15/2016,167,26,0,SFA
6/16/2016,168,27,0,SFA
6/17/2016,169,26,0,SFA
6/18/2016,170,22,0,SFA
6/19/2016,171,25,0,SFA
6/20/2016,172,27,0,SFA
6/21/2016,173,27,0,SFA
6/22/2016,174,27,0,SFA
6/23/2016,175,27,0,SFA
6/24/2016,176,27,0,SFA
6/25/2016,177,26,0,SFA
6/26/2016,178,27,0,SFA
6/27/2016,179,24,0,SFA
6/28/2016,180,24,0.508,SFA
6/29/2016,181,26,0,SFA
6/30/2016,182,25,0,SFA
7/1/2016,183,25,0,SFA
7/2/2016,184,27,0,SFA
7/3/2016,185,29,0,SFA
7/4/2016,186,29,0,SFA
7/5/2016,187,28,0,SFA
7/6/2016,188,31,12612.878,SFA
7/7/2016,189,29,0,SFA
7/8/2016,190,29,0,SFA
7/9/2016,191,28,0,SFA
7/10/2016,192,26,0,SFA
7/11/2016,193,33,11838.686,SFA
7/12/2016,194,33,12483.846,SFA
7/13/2016,195,34,12354.814,SFA
7/14/2016,196,35,11967.718,SFA
7/15/2016,197,33,12483.846,SFA
7/16/2016,198,35,11193.526,SFA
7/17/2016,199,35,11193.526,SFA
7/18/2016,200,34,9258.046,SFA
7/19/2016,201,35,10419.334,SFA
7/20/2016,202,35,11193.526,SFA
7/21/2016,203,36.11111111,11322.558,SFA
7/22/2016,204,37.22222222,10032.238,SFA
7/23/2016,205,36.11111111,10032.238,SFA
7/24/2016,206,NA,0,SFA
7/25/2016,207,NA,0.254,SFA
7/26/2016,208,NA,0.254,SFA
7/27/2016,209,30,11838.686,SFA
7/28/2016,210,33.88888889,9258.046,SFA
7/29/2016,211,NA,0,SFA
7/30/2016,212,33.88888889,9258.046,SFA
7/31/2016,213,35,10677.398,SFA
8/1/2016,214,36.11111111,10677.398,SFA
8/2/2016,215,NA,0,SFA
8/3/2016,216,NA,0,SFA
8/4/2016,217,36.11111111,9129.014,SFA
8/5/2016,218,NA,0,SFA
8/6/2016,219,36.11111111,9258.046,SFA
8/7/2016,220,NA,0,SFA
8/8/2016,221,NA,0,SFA
8/9/2016,222,NA,0.254,SFA
8/10/2016,223,NA,0,SFA
8/11/2016,224,NA,0,SFA
8/12/2016,225,NA,0,SFA
8/13/2016,226,NA,0,SFA
8/14/2016,227,NA,0,SFA
8/15/2016,228,NA,7.62,SFA
8/16/2016,229,NA,3.81,SFA
8/17/2016,230,NA,1.016,SFA
8/18/2016,231,NA,3.81,SFA
8/19/2016,232,NA,0.254,SFA
8/20/2016,233,NA,0,SFA
8/21/2016,234,NA,0,SFA
8/22/2016,235,NA,4.826,SFA
8/23/2016,236,NA,3.048,SFA
8/24/2016,237,NA,0,SFA
8/25/2016,238,NA,0,SFA
8/26/2016,239,NA,0,SFA
8/27/2016,240,NA,0,SFA
8/28/2016,241,NA,0,SFA
8/29/2016,242,NA,0.762,SFA
8/30/2016,243,NA,3.81,SFA
8/31/2016,244,NA,0,SFA
9/1/2016,245,NA,0,SFA
9/2/2016,246,NA,0,SFA
9/3/2016,247,NA,0,SFA
9/4/2016,248,NA,0,SFA
9/5/2016,249,NA,0,SFA
9/6/2016,250,NA,0,SFA
9/7/2016,251,NA,0,SFA
9/8/2016,252,NA,0,SFA
9/9/2016,253,NA,0,SFA
9/10/2016,254,NA,0,SFA
9/11/2016,255,NA,0,SFA
9/12/2016,256,26.11111111,6.096,SFA
9/13/2016,257,25,0,SFA
9/14/2016,258,23.88888889,0,SFA
9/15/2016,259,23.88888889,0,SFA
9/16/2016,260,27.22222222,0,SFA
9/17/2016,261,26.11111111,0,SFA
9/18/2016,262,26.11111111,0,SFA
9/19/2016,263,26.11111111,0,SFA
9/20/2016,264,22.77777778,0,SFA
9/21/2016,265,22.22222222,0,SFA
9/22/2016,266,26.11111111,0,SFA
9/23/2016,267,25,0,SFA
9/24/2016,268,26.11111111,0,SFA
9/25/2016,269,22.22222222,0,SFA
9/26/2016,270,22.22222222,1.27,SFA
9/27/2016,271,18.88888889,0,SFA
9/28/2016,272,18.88888889,0,SFA
9/29/2016,273,15,0,SFA
9/30/2016,274,16.11111111,0,SFA
10/1/2016,275,17.22222222,0,SFA
10/2/2016,276,17.77777778,0,SFA
10/3/2016,277,17.77777778,0,SFA
10/4/2016,278,23.88888889,0,SFA
10/5/2016,279,23.88888889,0,SFA
10/6/2016,280,22.22222222,0,SFA
10/7/2016,281,22.22222222,0,SFA
10/8/2016,282,18.88888889,0,SFA
10/9/2016,283,13.88888889,0,SFA
10/10/2016,284,16.11111111,0,SFA
10/11/2016,285,21.11111111,0,SFA
10/12/2016,286,23.88888889,0,SFA
10/13/2016,287,23.88888889,0,SFA
10/14/2016,288,21.11111111,6.35,SFA
10/15/2016,289,23.88888889,0,SFA
10/16/2016,290,25,0,SFA
10/17/2016,291,25,0,SFA
10/18/2016,292,23.88888889,0,SFA
10/19/2016,293,22.77777778,0,SFA
10/20/2016,294,17.22222222,0,SFA
10/21/2016,295,17.22222222,0,SFA
10/22/2016,296,11.11111111,0.508,SFA
10/23/2016,297,15,0,SFA
10/24/2016,298,17.77777778,0,SFA
10/25/2016,299,15,0,SFA
10/26/2016,300,17.22222222,0,SFA
10/27/2016,301,17.22222222,0,SFA
10/28/2016,302,17.22222222,0,SFA
10/29/2016,303,18.88888889,0,SFA
10/30/2016,304,16.11111111,0,SFA
10/31/2016,305,17.22222222,0,SFA
11/1/2016,306,23.88888889,0,SFA
11/2/2016,307,22.77777778,0,SFA
11/3/2016,308,21.11111111,0,SFA
11/4/2016,309,21.11111111,0,SFA
11/5/2016,310,18.88888889,0,SFA
11/6/2016,311,18.88888889,0,SFA
11/7/2016,312,17.22222222,1.27,SFA
11/8/2016,313,17.77777778,0,SFA
11/9/2016,314,16.11111111,0,SFA
11/10/2016,315,12.22222222,0,SFA
11/11/2016,316,15,0,SFA
11/12/2016,317,16.11111111,0,SFA
11/13/2016,318,8.888888889,0,SFA
11/14/2016,319,13.88888889,0,SFA
11/15/2016,320,12.22222222,0,SFA
11/16/2016,321,17.77777778,0,SFA
11/17/2016,322,21.11111111,0,SFA
11/18/2016,323,11.11111111,0,SFA
11/19/2016,324,2.222222222,0,SFA
11/20/2016,325,2.222222222,0,SFA
11/21/2016,326,13.88888889,0.762,SFA
11/22/2016,327,20,0,SFA
11/23/2016,328,8.888888889,4.572,SFA
11/24/2016,329,11.11111111,0,SFA
11/25/2016,330,13.88888889,0,SFA
11/26/2016,331,8.888888889,0,SFA
11/27/2016,332,16.11111111,0,SFA
11/28/2016,333,10,1.524,SFA
11/29/2016,334,13.88888889,0.762,SFA
11/30/2016,335,3.888888889,0,SFA
12/1/2016,336,5,0,SFA
12/2/2016,337,12.77777778,0,SFA
12/3/2016,338,8.888888889,0,SFA
12/4/2016,339,8.888888889,0,SFA
12/5/2016,340,8.888888889,14.478,SFA
12/6/2016,341,10,1.016,SFA
12/7/2016,342,12.22222222,0.254,SFA
12/8/2016,343,2.777777778,0,SFA
12/9/2016,344,-1.111111111,0,SFA
12/10/2016,345,8.888888889,0,SFA
12/11/2016,346,18.88888889,0,SFA
12/12/2016,347,16.11111111,0,SFA
12/13/2016,348,12.77777778,0,SFA
12/14/2016,349,11.11111111,0,SFA
12/15/2016,350,2.777777778,0,SFA
12/16/2016,351,21.11111111,0,SFA
12/17/2016,352,7.777777778,0,SFA
12/18/2016,353,-1.111111111,0,SFA
12/19/2016,354,-2.222222222,0,SFA
12/20/2016,355,11.11111111,0,SFA
12/21/2016,356,13.88888889,0,SFA
12/22/2016,357,12.77777778,0,SFA
12/23/2016,358,18.88888889,0,SFA
12/24/2016,359,18.88888889,0,SFA
12/25/2016,360,22.22222222,0,SFA
12/26/2016,361,21.11111111,0,SFA
12/27/2016,362,15,0,SFA
12/28/2016,363,21.11111111,0,SFA
12/29/2016,364,5,0,SFA
12/30/2016,365,5,0,SFA
12/31/2016,366,13.88888889,0,SFA
1/1/2017,1,17.77777778,0,SFA
1/2/2017,2,17.77777778,0,SFA
1/3/2017,3,8.888888889,0,SFA
1/4/2017,4,6.111111111,0,SFA
1/5/2017,5,3.888888889,0,SFA
1/6/2017,6,-2.777777778,0,SFA
1/7/2017,7,-3.888888889,0,SFA
1/8/2017,8,2.222222222,0,SFA
1/9/2017,9,13.88888889,0,SFA
1/10/2017,10,18.88888889,0,SFA
1/11/2017,11,21.11111111,0,SFA
1/12/2017,12,17.77777778,0,SFA
1/13/2017,13,16.11111111,0.508,SFA
1/14/2017,14,16.11111111,0,SFA
1/15/2017,15,17.77777778,0,SFA
1/16/2017,16,16.11111111,0,SFA
1/17/2017,17,12.22222222,0.508,SFA
1/18/2017,18,15,2.54,SFA
1/19/2017,19,16.11111111,5.08,SFA
1/20/2017,20,13.88888889,0.254,SFA
1/21/2017,21,13.88888889,0,SFA
1/22/2017,22,12.77777778,0,SFA
1/23/2017,23,7.222222222,0,SFA
1/24/2017,24,18.88888889,0,SFA
1/25/2017,25,11.11111111,0,SFA
1/26/2017,26,2.222222222,0,SFA
1/27/2017,27,6.111111111,0,SFA
1/28/2017,28,2.777777778,0,SFA
1/29/2017,29,6.111111111,0,SFA
1/30/2017,30,7.777777778,0,SFA
1/31/2017,31,15,0,SFA
2/1/2017,32,18.88888889,0,SFA
2/2/2017,33,7.222222222,0,SFA
2/3/2017,34,7.222222222,0,SFA
2/4/2017,35,5,0,SFA
2/5/2017,36,18.88888889,0,SFA
2/6/2017,37,18.88888889,0,SFA
2/7/2017,38,12.77777778,0,SFA
2/8/2017,39,13.88888889,0,SFA
2/9/2017,40,10,0,SFA
2/10/2017,41,18.88888889,0,SFA
2/11/2017,42,22.22222222,0,SFA
2/12/2017,43,20,0,SFA
2/13/2017,44,15,0,SFA
2/14/2017,45,8.888888889,3.302,SFA
2/15/2017,46,7.222222222,0,SFA
2/16/2017,47,6.111111111,0,SFA
2/17/2017,48,15,0,SFA
2/18/2017,49,18.88888889,0,SFA
2/19/2017,50,21.11111111,0,SFA
2/20/2017,51,13.88888889,0,SFA
2/21/2017,52,12.77777778,3.048,SFA
2/22/2017,53,17.22222222,0,SFA
2/23/2017,54,18.88888889,0,SFA
2/24/2017,55,13.88888889,0,SFA
2/25/2017,56,6.111111111,0,SFA
2/26/2017,57,17.77777778,0,SFA
2/27/2017,58,22.22222222,0,SFA
2/28/2017,59,22.22222222,0,SFA
3/1/2017,60,11.11111111,0,SFA
3/2/2017,61,8.888888889,0,SFA
3/3/2017,62,8.888888889,0,SFA
3/4/2017,63,11.11111111,0,SFA
3/5/2017,64,17.22222222,0,SFA
3/6/2017,65,21.11111111,3.302,SFA
3/7/2017,66,11.11111111,0.508,SFA
3/8/2017,67,17.77777778,0,SFA
3/9/2017,68,20,0,SFA
3/10/2017,69,15,0,SFA
3/11/2017,70,11.11111111,0,SFA
3/12/2017,71,7.777777778,0,SFA
3/13/2017,72,7.777777778,0,SFA
3/14/2017,73,8.888888889,0,SFA
3/15/2017,74,10,0,SFA
3/16/2017,75,17.22222222,0,SFA
3/17/2017,76,20,0,SFA
3/18/2017,77,17.77777778,0,SFA
3/19/2017,78,18.88888889,0,SFA
3/20/2017,79,21.11111111,0,SFA
3/21/2017,80,17.77777778,0,SFA
3/22/2017,81,17.22222222,0,SFA
3/23/2017,82,22.22222222,0,SFA
3/24/2017,83,21.11111111,0,SFA
3/25/2017,84,13.88888889,0,SFA
3/26/2017,85,22.22222222,0,SFA
3/27/2017,86,18.88888889,0,SFA
3/28/2017,87,22.77777778,0,SFA
3/29/2017,88,17.77777778,1.016,SFA
3/30/2017,89,12.77777778,0,SFA
3/31/2017,90,22.22222222,0,SFA
4/1/2017,91,22.22222222,0,SFA
4/2/2017,92,17.77777778,0,SFA
4/3/2017,93,16.11111111,8.89,SFA
4/4/2017,94,22.77777778,0,SFA
4/5/2017,95,11.11111111,0,SFA
4/6/2017,96,12.22222222,0,SFA
4/7/2017,97,13.88888889,0,SFA
4/8/2017,98,12.77777778,0,SFA
4/9/2017,99,17.22222222,0,SFA
4/10/2017,100,20,0,SFA
4/11/2017,101,20,2.032,SFA
4/12/2017,102,17.77777778,2.032,SFA
4/13/2017,103,17.77777778,0,SFA
4/14/2017,104,16.66666667,0,SFA
4/15/2017,105,17.22222222,0,SFA
4/16/2017,106,18.88888889,0,SFA
4/17/2017,107,20.55555556,0,SFA
4/18/2017,108,19.44444444,0,SFA
4/19/2017,109,17.77777778,0,SFA
4/20/2017,110,20.55555556,0,SFA
4/21/2017,111,20.55555556,0,SFA
4/22/2017,112,22.77777778,0,SFA
4/23/2017,113,22.77777778,0,SFA
4/24/2017,114,8.888888889,0,SFA
4/25/2017,115,15.55555556,1.27,SFA
4/26/2017,116,22.22222222,0,SFA
4/27/2017,117,8.888888889,0,SFA
4/28/2017,118,17.22222222,0,SFA
4/29/2017,119,25.55555556,0,SFA
4/30/2017,120,25.55555556,0,SFA
5/1/2017,121,10.55555556,0.762,SFA
5/2/2017,122,15.55555556,0,SFA
5/3/2017,123,18.88888889,0,SFA
5/4/2017,124,12.22222222,5.588,SFA
5/5/2017,125,11.66666667,0,SFA
5/6/2017,126,10.55555556,0,SFA
5/7/2017,127,13.88888889,0,SFA
5/8/2017,128,16.66666667,0,SFA
5/9/2017,129,17.77777778,0,SFA
5/10/2017,130,20,0,SFA
5/11/2017,131,21.11111111,0,SFA
5/12/2017,132,16.11111111,3.81,SFA
5/13/2017,133,16.66666667,0,SFA
5/14/2017,134,14.44444444,0,SFA
5/15/2017,135,17.77777778,0,SFA
5/16/2017,136,18.88888889,0,SFA
5/17/2017,137,21.66666667,0,SFA
5/18/2017,138,24.44444444,0,SFA
5/19/2017,139,23.33333333,0,SFA
5/20/2017,140,24.44444444,0,SFA
5/21/2017,141,20.55555556,0,SFA
5/22/2017,142,17.77777778,12.192,SFA
5/23/2017,143,16.11111111,0.254,SFA
5/24/2017,144,13.88888889,3.302,SFA
5/25/2017,145,13.33333333,0,SFA
5/26/2017,146,21.11111111,0,SFA
5/27/2017,147,25.55555556,0,SFA
5/28/2017,148,24.44444444,0,SFA
5/29/2017,149,27.77777778,8083.8548,SFA
5/30/2017,150,22.22222222,6.35,SFA
5/31/2017,151,21.11111111,0.508,SFA
6/1/2017,152,23.33333333,0,SFA
6/2/2017,153,21.11111111,0,SFA
6/3/2017,154,20.55555556,0,SFA
6/4/2017,155,23.33333333,0,SFA
6/5/2017,156,21.66666667,1.27,SFA
6/6/2017,157,22.77777778,0,SFA
6/7/2017,158,21.66666667,0,SFA
6/8/2017,159,19.44444444,0,SFA
6/9/2017,160,17.77777778,0,SFA
6/10/2017,161,21.66666667,0,SFA
6/11/2017,162,23.33333333,0,SFA
6/12/2017,163,25,0,SFA
6/13/2017,164,25,0,SFA
6/14/2017,165,25,0,SFA
6/15/2017,166,25.55555556,0,SFA
6/16/2017,167,26.11111111,0,SFA
6/17/2017,168,25.55555556,0,SFA
6/18/2017,169,25.55555556,0,SFA
6/19/2017,170,25,0,SFA
6/20/2017,171,24.44444444,0,SFA
6/21/2017,172,24.44444444,0,SFA
6/22/2017,173,24.44444444,2.286,SFA
6/23/2017,174,25,0,SFA
6/24/2017,175,21.66666667,0,SFA
6/25/2017,176,23.33333333,0,SFA
6/26/2017,177,21.66666667,2.032,SFA
6/27/2017,178,22.77777778,0,SFA
6/28/2017,179,22.77777778,0,SFA
6/29/2017,180,24.44444444,0,SFA
6/30/2017,181,26.66666667,0,SFA
7/1/2017,182,26.11111111,0,SFA
7/2/2017,183,22.77777778,0,SFA
7/3/2017,184,26.11111111,0,SFA
7/4/2017,185,26.66666667,0,SFA
7/5/2017,186,26.11111111,0,SFA
7/6/2017,187,25,0,SFA
7/7/2017,188,24.44444444,0,SFA
7/8/2017,189,26.66666667,0,SFA
7/9/2017,190,21.66666667,0,SFA
7/10/2017,191,21.66666667,3.048,SFA
7/11/2017,192,24.44444444,0,SFA
7/12/2017,193,24.44444444,0,SFA
7/13/2017,194,23.88888889,0,SFA
7/14/2017,195,26.11111111,0,SFA
7/15/2017,196,23.33333333,0,SFA
7/16/2017,197,25.55555556,0,SFA
7/17/2017,198,25,3.048,SFA
7/18/2017,199,26.11111111,0,SFA
7/19/2017,200,26.66666667,0,SFA
7/20/2017,201,26.66666667,0,SFA
7/21/2017,202,26.66666667,0,SFA
7/22/2017,203,26.11111111,0,SFA
7/23/2017,204,26.66666667,0,SFA
7/24/2017,205,27.22222222,4.572,SFA
7/25/2017,206,23.88888889,1.778,SFA
7/26/2017,207,25.55555556,0,SFA
7/27/2017,208,26.66666667,0,SFA
7/28/2017,209,27.77777778,0,SFA
7/29/2017,210,28.33333333,0,SFA
7/30/2017,211,26.11111111,0,SFA
7/31/2017,212,20.55555556,0,SFA
8/1/2017,213,24.44444444,0,SFA
8/2/2017,214,23.88888889,0,SFA
8/3/2017,215,23.33333333,2.286,SFA
8/4/2017,216,23.33333333,11954.8148,SFA
8/5/2017,217,26.11111111,0,SFA
8/6/2017,218,27.22222222,0,SFA
8/7/2017,219,23.88888889,1.778,SFA
8/8/2017,220,NA,1.016,SFA
8/9/2017,221,NA,0,SFA
8/10/2017,222,NA,1.524,SFA
8/11/2017,223,NA,0,SFA
8/12/2017,224,NA,0,SFA
8/13/2017,225,NA,0,SFA
8/14/2017,226,NA,0,SFA
8/15/2017,227,NA,0,SFA
8/16/2017,228,NA,0,SFA
8/17/2017,229,26.11111111,0,SFA
8/18/2017,230,27.22222222,3.302,SFA
8/19/2017,231,28.88888889,0,SFA
8/20/2017,232,26.11111111,0,SFA
8/21/2017,233,26.66666667,13264.4896,SFA
8/22/2017,234,27.22222222,13264.4896,SFA
8/23/2017,235,22.77777778,13735.4564,SFA
8/24/2017,236,27.22222222,13264.4896,SFA
8/25/2017,237,25.55555556,13264.4896,SFA
8/26/2017,238,22.77777778,13670.9404,SFA
8/27/2017,239,20,13264.4896,SFA
8/28/2017,240,21.66666667,15.24,SFA
8/29/2017,241,21.11111111,1.778,SFA
8/30/2017,242,22.22222222,4.572,SFA
8/31/2017,243,23.33333333,4.826,SFA
9/1/2017,244,23.33333333,13264.4896,SFA
9/2/2017,245,22.22222222,13264.4896,SFA
9/3/2017,246,23.88888889,13264.4896,SFA
9/4/2017,247,23.88888889,13264.4896,SFA
9/5/2017,248,23.88888889,13574.1664,SFA
9/6/2017,249,17.77777778,4.572,SFA
9/7/2017,250,17.22222222,13264.4896,SFA
9/8/2017,251,18.33333333,13264.4896,SFA
9/9/2017,252,19.44444444,13264.4896,SFA
9/10/2017,253,21.11111111,13264.4896,SFA
9/11/2017,254,17.77777778,13264.4896,SFA
9/12/2017,255,20,13264.4896,SFA
9/13/2017,256,18.88888889,13264.4896,SFA
9/14/2017,257,22.77777778,13264.4896,SFA
9/15/2017,258,23.88888889,13264.4896,SFA
9/16/2017,259,22.22222222,13264.4896,SFA
9/17/2017,260,23.88888889,13264.4896,SFA
9/18/2017,261,22.77777778,13264.4896,SFA
9/19/2017,262,26.11111111,13264.4896,SFA
9/20/2017,263,25,13264.4896,SFA
9/21/2017,264,22.77777778,13264.4896,SFA
9/22/2017,265,23.88888889,0.508,SFA
9/23/2017,266,23.88888889,13264.4896,SFA
9/24/2017,267,23.88888889,13264.4896,SFA
9/25/2017,268,22.77777778,13264.4896,SFA
9/26/2017,269,23.33333333,13264.4896,SFA
9/27/2017,270,24.44444444,13264.4896,SFA
9/28/2017,271,25.55555556,13264.4896,SFA
9/29/2017,272,23.88888889,13264.4896,SFA
9/30/2017,273,21.11111111,13264.4896,SFA
10/1/2017,274,22.22222222,13264.4896,SFA
10/2/2017,275,23.88888889,13690.2952,SFA
10/3/2017,276,25,13264.4896,SFA
10/4/2017,277,23.88888889,1.27,SFA
10/5/2017,278,20.55555556,13264.4896,SFA
10/6/2017,279,19.44444444,13264.4896,SFA
10/7/2017,280,23.33333333,13264.4896,SFA
10/8/2017,281,23.33333333,13264.4896,SFA
10/9/2017,282,24.44444444,13264.4896,SFA
10/10/2017,283,18.33333333,13264.4896,SFA
10/11/2017,284,17.22222222,13264.4896,SFA
10/12/2017,285,22.77777778,13264.4896,SFA
10/13/2017,286,20.55555556,15199.9696,SFA
10/14/2017,287,26.11111111,13264.4896,SFA
10/15/2017,288,18.88888889,13264.4896,SFA
10/16/2017,289,15,13264.4896,SFA
10/17/2017,290,11.66666667,13264.4896,SFA
10/18/2017,291,15,13264.4896,SFA
10/19/2017,292,17.77777778,13264.4896,SFA
10/20/2017,293,21.11111111,13264.4896,SFA
10/21/2017,294,24.44444444,13264.4896,SFA
10/22/2017,295,13.88888889,13264.4896,SFA
10/23/2017,296,13.33333333,4.064,SFA
10/24/2017,297,12.77777778,13264.4896,SFA
10/25/2017,298,10.55555556,13264.4896,SFA
10/26/2017,299,20,13264.4896,SFA
10/27/2017,300,7.222222222,13264.4896,SFA
10/28/2017,301,2.222222222,13264.4896,SFA
10/29/2017,302,13.33333333,13264.4896,SFA
10/30/2017,303,12.77777778,13264.4896,SFA
10/31/2017,304,11.11111111,13264.4896,SFA
11/1/2017,305,20.55555556,7.62,SFA
11/2/2017,306,24.44444444,13264.4896,SFA
11/3/2017,307,23.33333333,13264.4896,SFA
11/4/2017,308,22.77777778,13264.4896,SFA
11/5/2017,309,23.33333333,13909.6496,SFA
11/6/2017,310,20,13264.4896,SFA
11/7/2017,311,15,13619.3276,SFA
11/8/2017,312,10.55555556,13264.4896,SFA
11/9/2017,313,8.333333333,1.27,SFA
11/10/2017,314,13.33333333,13264.4896,SFA
11/11/2017,315,13.88888889,13264.4896,SFA
11/12/2017,316,18.33333333,13264.4896,SFA
11/13/2017,317,16.11111111,13264.4896,SFA
11/14/2017,318,18.88888889,13264.4896,SFA
11/15/2017,319,18.33333333,13264.4896,SFA
11/16/2017,320,19.44444444,13264.4896,SFA
11/17/2017,321,22.22222222,13264.4896,SFA
11/18/2017,322,13.88888889,13264.4896,SFA
11/19/2017,323,6.111111111,13264.4896,SFA
11/20/2017,324,9.444444444,13264.4896,SFA
11/21/2017,325,13.88888889,13264.4896,SFA
11/22/2017,326,6.666666667,13264.4896,SFA
11/23/2017,327,6.111111111,13264.4896,SFA
11/24/2017,328,12.77777778,13264.4896,SFA
11/25/2017,329,13.33333333,13264.4896,SFA
11/26/2017,330,8.333333333,13264.4896,SFA
11/27/2017,331,12.22222222,13264.4896,SFA
11/28/2017,332,15,13264.4896,SFA
11/29/2017,333,11.66666667,13264.4896,SFA
11/30/2017,334,11.11111111,13264.4896,SFA
12/1/2017,335,13.33333333,13264.4896,SFA
12/2/2017,336,13.33333333,13264.4896,SFA
12/3/2017,337,14.44444444,13264.4896,SFA
12/4/2017,338,21.11111111,13264.4896,SFA
12/5/2017,339,11.66666667,0.762,SFA
12/6/2017,340,5.555555556,0.762,SFA
12/7/2017,341,3.333333333,0.762,SFA
12/8/2017,342,-2.777777778,13264.4896,SFA
12/9/2017,343,2.222222222,13264.4896,SFA
12/10/2017,344,5.555555556,13264.4896,SFA
12/11/2017,345,13.33333333,13264.4896,SFA
12/12/2017,346,2.777777778,13264.4896,SFA
12/13/2017,347,7.777777778,13264.4896,SFA
12/14/2017,348,6.111111111,13264.4896,SFA
12/15/2017,349,3.333333333,13264.4896,SFA
12/16/2017,350,7.777777778,13264.4896,SFA
12/17/2017,351,10.55555556,13264.4896,SFA
12/18/2017,352,15,3.81,SFA
12/19/2017,353,22.22222222,1.27,SFA
12/20/2017,354,12.22222222,3.302,SFA
12/21/2017,355,21.11111111,13587.0696,SFA
12/22/2017,356,11.11111111,13264.4896,SFA
12/23/2017,357,3.888888889,13264.4896,SFA
12/24/2017,358,3.333333333,13264.4896,SFA
12/25/2017,359,5,13264.4896,SFA
12/26/2017,360,3.888888889,13264.4896,SFA
12/27/2017,361,3.888888889,13264.4896,SFA
12/28/2017,362,3.888888889,1.016,SFA
12/29/2017,363,7.777777778,13625.7792,SFA
12/30/2017,364,6.666666667,13264.4896,SFA
12/31/2017,365,1.666666667,13264.4896,SFA
1/1/2018,1,-3.333333333,13264.4896,SFA
1/2/2018,2,-6.111111111,4232.2496,SFA
1/3/2018,3,-3.333333333,13264.4896,SFA
1/4/2018,4,1.111111111,13264.4896,SFA
1/5/2018,5,4.444444444,13264.4896,SFA
1/6/2018,6,7.222222222,13264.4896,SFA
1/7/2018,7,15,13264.4896,SFA
1/8/2018,8,5.555555556,1.27,SFA
1/9/2018,9,8.888888889,13264.4896,SFA
1/10/2018,10,13.88888889,13729.0048,SFA
1/11/2018,11,14.44444444,13264.4896,SFA
1/12/2018,12,0.555555556,2.794,SFA
1/13/2018,13,-1.111111111,13264.4896,SFA
1/14/2018,14,1.666666667,13264.4896,SFA
1/15/2018,15,12.77777778,13264.4896,SFA
1/16/2018,16,-5.555555556,13264.4896,SFA
1/17/2018,17,-4.444444444,2.54,SFA
1/18/2018,18,4.444444444,13264.4896,SFA
1/19/2018,19,11.11111111,13632.2308,SFA
1/20/2018,20,17.22222222,13677.392,SFA
1/21/2018,21,19.44444444,13264.4896,SFA
1/22/2018,22,8.888888889,13264.4896,SFA
1/23/2018,23,4.444444444,13264.4896,SFA
1/24/2018,24,5,13264.4896,SFA
1/25/2018,25,7.777777778,13264.4896,SFA
1/26/2018,26,16.11111111,0.7112,SFA
1/27/2018,27,16.11111111,13709.65,SFA
1/28/2018,28,10,13264.4896,SFA
1/29/2018,29,5.555555556,13264.4896,SFA
1/30/2018,30,7.222222222,13264.4896,SFA
1/31/2018,31,15,13264.4896,SFA
2/1/2018,32,16.66666667,13264.4896,SFA
2/2/2018,33,6.111111111,13264.4896,SFA
2/3/2018,34,7.222222222,13264.4896,SFA
2/4/2018,35,7.777777778,13651.5856,SFA
2/5/2018,36,12.22222222,13264.4896,SFA
2/6/2018,37,12.77777778,0.6858,SFA
2/7/2018,38,4.444444444,13264.4896,SFA
2/8/2018,39,8.333333333,13264.4896,SFA
2/9/2018,40,17.22222222,13264.4896,SFA
2/10/2018,41,6.111111111,13709.65,SFA
2/11/2018,42,0,13264.4896,SFA
2/12/2018,43,2.777777778,13670.9404,SFA
2/13/2018,44,7.777777778,13264.4896,SFA
2/14/2018,45,20,1.524,SFA
2/15/2018,46,21.66666667,13264.4896,SFA
2/16/2018,47,13.33333333,13264.4896,SFA
2/17/2018,48,11.11111111,13587.0696,SFA
2/18/2018,49,19.44444444,13264.4896,SFA
2/19/2018,50,22.22222222,13703.1984,SFA
2/20/2018,51,22.22222222,13264.4896,SFA
2/21/2018,52,10,6.858,SFA
2/22/2018,53,16.66666667,2.54,SFA
2/23/2018,54,21.66666667,0.254,SFA
2/24/2018,55,17.22222222,13658.0372,SFA
2/25/2018,56,10,13593.5212,SFA
2/26/2018,57,13.33333333,3.048,SFA
2/27/2018,58,21.66666667,13264.4896,SFA
2/28/2018,59,22.22222222,0.508,SFA
3/1/2018,60,13.88888889,0.508,SFA
3/2/2018,61,15.55555556,13264.4896,SFA
3/3/2018,62,17.77777778,13264.4896,SFA
3/4/2018,63,21.11111111,13754.8112,SFA
3/5/2018,64,16.66666667,13264.4896,SFA
3/6/2018,65,11.66666667,0.762,SFA
3/7/2018,66,6.666666667,13264.4896,SFA
3/8/2018,67,13.33333333,13264.4896,SFA
3/9/2018,68,17.77777778,13264.4896,SFA
3/10/2018,69,22.77777778,13264.4896,SFA
3/11/2018,70,15,13264.4896,SFA
3/12/2018,71,8.333333333,13264.4896,SFA
3/13/2018,72,8.888888889,13264.4896,SFA
3/14/2018,73,8.888888889,13264.4896,SFA
3/15/2018,74,18.88888889,13264.4896,SFA
3/16/2018,75,22.22222222,13264.4896,SFA
3/17/2018,76,20.55555556,13264.4896,SFA
3/18/2018,77,19.44444444,13264.4896,SFA
3/19/2018,78,18.88888889,3.81,SFA
3/20/2018,79,11.11111111,13264.4896,SFA
3/21/2018,80,12.22222222,13264.4896,SFA
3/22/2018,81,18.88888889,13264.4896,SFA
3/23/2018,82,20.55555556,13264.4896,SFA
3/24/2018,83,21.66666667,13264.4896,SFA
3/25/2018,84,22.22222222,13264.4896,SFA
3/26/2018,85,22.77777778,13264.4896,SFA
3/27/2018,86,21.66666667,13264.4896,SFA
3/28/2018,87,16.66666667,0.508,SFA
3/29/2018,88,16.66666667,9.144,SFA
3/30/2018,89,15.55555556,13264.4896,SFA
3/31/2018,90,19.44444444,13264.4896,SFA
4/1/2018,91,20.55555556,13264.4896,SFA
4/2/2018,92,22.77777778,13264.4896,SFA
4/3/2018,93,17.77777778,13599.9728,SFA
4/4/2018,94,10.55555556,2.032,SFA
4/5/2018,95,17.77777778,13264.4896,SFA
4/6/2018,96,23.88888889,13264.4896,SFA
4/7/2018,97,5.555555556,13264.4896,SFA
4/8/2018,98,11.11111111,13264.4896,SFA
4/9/2018,99,14.44444444,1.778,SFA
4/10/2018,100,12.22222222,13264.4896,SFA
4/11/2018,101,19.44444444,13264.4896,SFA
4/12/2018,102,21.66666667,13264.4896,SFA
4/13/2018,103,23.33333333,13264.4896,SFA
4/14/2018,104,7.777777778,13264.4896,SFA
4/15/2018,105,7.777777778,13264.4896,SFA
4/16/2018,106,16.66666667,3.81,SFA
4/17/2018,107,21.66666667,13264.4896,SFA
4/18/2018,108,17.22222222,13264.4896,SFA
4/19/2018,109,12.77777778,13264.4896,SFA
4/20/2018,110,11.11111111,13264.4896,SFA
4/21/2018,111,19.44444444,13264.4896,SFA
4/22/2018,112,13.33333333,13264.4896,SFA
4/23/2018,113,12.22222222,1.524,SFA
4/24/2018,114,16.66666667,13264.4896,SFA
4/25/2018,115,16.11111111,13264.4896,SFA
4/26/2018,116,13.5,0,SFA
4/27/2018,117,15,0,SFA
4/28/2018,118,16.7,0,SFA
4/29/2018,119,18.2,0,SFA
4/30/2018,120,18.8,0,SFA
5/1/2018,121,22.9,0,SFA
5/2/2018,122,24,0,SFA
5/3/2018,123,23.5,0,SFA
5/4/2018,124,17.9,0,SFA
5/5/2018,125,18.1,0,SFA
5/6/2018,126,18.8,0,SFA
5/7/2018,127,20.3,0.508,SFA
5/8/2018,128,20.9,0,SFA
5/9/2018,129,20.6,0,SFA
5/10/2018,130,20.3,0,SFA
5/11/2018,131,24.5,0,SFA
5/12/2018,132,23.5,0,SFA
5/13/2018,133,24.3,0,SFA
5/14/2018,134,21.6,0,SFA
5/15/2018,135,22.8,0,SFA
5/16/2018,136,22.6,0,SFA
5/17/2018,137,23.5,0,SFA
5/18/2018,138,26.2,0,SFA
5/19/2018,139,25,0,SFA
5/20/2018,140,20.6,0,SFA
5/21/2018,141,22.1,5.588,SFA
5/22/2018,142,24.2,0,SFA
5/23/2018,143,22.1,0.508,SFA
5/24/2018,144,24.1,0,SFA
5/25/2018,145,21.9,0,SFA
5/26/2018,146,22.3,0,SFA
5/27/2018,147,24.4,0,SFA
5/28/2018,148,25,0,SFA
5/29/2018,149,25.5,0,SFA
5/30/2018,150,26.7,0,SFA
5/31/2018,151,27.6,0,SFA
6/1/2018,152,26.6,0,SFA
6/2/2018,153,26.7,0,SFA
6/3/2018,154,27.6,0,SFA
6/4/2018,155,22.8,3.302,SFA
6/5/2018,156,25.6,0,SFA
6/6/2018,157,25.8,0,SFA
6/7/2018,158,25.6,0,SFA
6/8/2018,159,24.9,0,SFA
6/9/2018,160,25.1,0,SFA
6/10/2018,161,22.5,0.508,SFA
6/11/2018,162,27.8,0,SFA
6/12/2018,163,27.8,0,SFA
6/13/2018,164,26,0,SFA
6/14/2018,165,25.6,0,SFA
6/15/2018,166,26.8,0,SFA
6/16/2018,167,26.6,0,SFA
6/17/2018,168,25.2,0,SFA
6/18/2018,169,24.6,0,SFA
6/19/2018,170,23.4,0,SFA
6/20/2018,171,24.7,0.762,SFA
6/21/2018,172,28.2,0,SFA
6/22/2018,173,27.4,0,SFA
6/23/2018,174,29,0,SFA
6/24/2018,175,27.9,0,SFA
6/25/2018,176,27.2,0,SFA
6/26/2018,177,32.3,0,SFA
6/27/2018,178,31.2,0,SFA
6/28/2018,179,30,0,SFA
6/29/2018,180,33.5,0,SFA
6/30/2018,181,32.4,0,SFA
7/1/2018,182,29.2,0,SFA
7/2/2018,183,31.1,0,SFA
7/3/2018,184,28.6,0,SFA
7/4/2018,185,25.3,0,SFA
7/5/2018,186,32.3,2.286,SFA
7/6/2018,187,30.3,0,SFA
7/7/2018,188,29.4,0,SFA
7/8/2018,189,28.9,0,SFA
7/9/2018,190,27.6,1.524,SFA
7/10/2018,191,31.9,0.508,SFA
7/11/2018,192,30.6,0,SFA
7/12/2018,193,27.6,0,SFA
7/13/2018,194,35.5,0,SFA
7/14/2018,195,32.7,0,SFA
7/15/2018,196,34.9,0,SFA
7/16/2018,197,33.9,0,SFA
7/17/2018,198,32,0,SFA
7/18/2018,199,30.7,0,SFA
7/19/2018,200,30.8,0,SFA
7/20/2018,201,31.7,0,SFA
7/21/2018,202,34.5,0,SFA
7/22/2018,203,38,0,SFA
7/23/2018,204,33.4,0,SFA
7/24/2018,205,29.9,0,SFA
7/25/2018,206,30.6,0,SFA
7/26/2018,207,32.4,0,SFA
7/27/2018,208,29.2,0,SFA
7/28/2018,209,35,0,SFA
7/29/2018,210,30.2,0,SFA
7/30/2018,211,31.8,0,SFA
7/31/2018,212,26.1,1.778,SFA
8/1/2018,213,25.2,0.762,SFA
8/2/2018,214,24.6,0,SFA
8/3/2018,215,23.6,0,SFA
8/4/2018,216,27.2,0,SFA
8/5/2018,217,27.9,0,SFA
8/6/2018,218,26.8,0,SFA
8/7/2018,219,35.2,0,SFA
8/8/2018,220,34,0,SFA
8/9/2018,221,29.6,0,SFA
8/10/2018,222,30.5,0.254,SFA
8/11/2018,223,27.8,0,SFA
8/12/2018,224,25.2,0,SFA
8/13/2018,225,29.8,0,SFA
8/14/2018,226,30.1,0,SFA
8/15/2018,227,32.1,0,SFA
8/16/2018,228,38.2,0,SFA
8/17/2018,229,30.9,0,SFA
8/18/2018,230,33.8,0,SFA
8/19/2018,231,37.5,0,SFA
8/20/2018,232,41.2,0,SFA
8/21/2018,233,34,0,SFA
8/22/2018,234,22.6,0,SFA
8/23/2018,235,29.5,0,SFA
8/24/2018,236,30.9,0,SFA
8/25/2018,237,29.6,0,SFA
8/26/2018,238,30.7,0,SFA
8/27/2018,239,34.3,0,SFA
8/28/2018,240,NA,0,SFA
8/29/2018,241,NA,0,SFA
8/30/2018,242,29.9,1.27,SFA
8/31/2018,243,29.4,0,SFA
9/1/2018,244,34.7,0,SFA
9/2/2018,245,25.9,0,SFA
9/3/2018,246,25.8,0,SFA
9/4/2018,247,28.6,3.302,SFA
9/5/2018,248,34.9,1.524,SFA
9/6/2018,249,34.4,0,SFA
9/7/2018,250,32.1,0,SFA
9/8/2018,251,32.1,0,SFA
9/9/2018,252,27.8,0,SFA
9/10/2018,253,23.6,8.89,SFA
9/11/2018,254,23.9,1.016,SFA
9/12/2018,255,29.9,0,SFA
9/13/2018,256,NA,2.286,SFA
9/14/2018,257,25.5,0.254,SFA
9/15/2018,258,28.5,0,SFA
9/16/2018,259,43.2,0,SFA
9/17/2018,260,32.1,0,SFA
9/18/2018,261,30.7,0,SFA
9/19/2018,262,29.4,0,SFA
9/20/2018,263,26,0,SFA
9/21/2018,264,30.2,0,SFA
9/22/2018,265,30.2,0,SFA
9/23/2018,266,NA,0,SFA
9/24/2018,267,27.7,8.382,SFA
9/25/2018,268,28.2,0,SFA
9/26/2018,269,29.8,0.508,SFA
9/27/2018,270,20.3,0.762,SFA
9/28/2018,271,22.4,0,SFA
9/29/2018,272,23.3,0,SFA
9/30/2018,273,21.9,0,SFA
10/1/2018,274,28.7,0.508,SFA
10/2/2018,275,28.1,0,SFA
10/3/2018,276,28.1,0,SFA
10/4/2018,277,27.2,0,SFA
10/5/2018,278,31,0,SFA
10/6/2018,279,31.6,0,SFA
10/7/2018,280,24.9,2.0828,SFA
10/8/2018,281,29.4,0.3556,SFA
10/9/2018,282,21,1.778,SFA
10/10/2018,283,21.1,1.7018,SFA
10/11/2018,284,16.9,0.508,SFA
10/12/2018,285,21.1,0,SFA
10/13/2018,286,26.4,0,SFA
10/14/2018,287,29.5,0,SFA
10/15/2018,288,11.6,1.0922,SFA
10/16/2018,289,11.6,4.9276,SFA
10/17/2018,290,11.8,7.5946,SFA
10/18/2018,291,17.1,0.3302,SFA
10/19/2018,292,18.1,0,SFA
10/20/2018,293,14.5,0.381,SFA
10/21/2018,294,11.1,0.5842,SFA
10/22/2018,295,13.2,0,SFA
10/23/2018,296,13.7,0,SFA
10/24/2018,297,13.2,0,SFA
10/25/2018,298,14.5,5.1308,SFA
10/26/2018,299,12.4,0,SFA
10/27/2018,300,17.4,0.7874,SFA
10/28/2018,301,16.9,0,SFA
10/29/2018,302,18.6,0,SFA
10/30/2018,303,23.3,0,SFA
10/31/2018,304,19.1,0,SFA
11/1/2018,305,9.8,4.3942,SFA
11/2/2018,306,11.1,0.0254,SFA
11/3/2018,307,18,0,SFA
11/4/2018,308,11.6,0,SFA
11/5/2018,309,21.2,2.6162,SFA
11/6/2018,310,22.8,0,SFA
11/7/2018,311,17,0,SFA
11/8/2018,312,13.9,0.0254,SFA
11/9/2018,313,8.9,0.889,SFA
11/10/2018,314,7.4,1.524,SFA
11/11/2018,315,7.7,0,SFA
11/12/2018,316,5.8,2.8956,SFA
11/13/2018,317,1.5,0.7874,SFA
11/14/2018,318,-0.2,0,SFA
11/15/2018,319,4.9,0,SFA
11/16/2018,320,7.1,0,SFA
11/17/2018,321,11.5,0,SFA
11/18/2018,322,8.9,0,SFA
11/19/2018,323,6.9,0.0762,SFA
11/20/2018,324,6.6,1.4478,SFA
11/21/2018,325,8.5,0,SFA
11/22/2018,326,7.4,0,SFA
11/23/2018,327,11.5,0,SFA
11/24/2018,328,12.4,0,SFA
11/25/2018,329,9.9,0.0254,SFA
11/26/2018,330,2.9,0,SFA
11/27/2018,331,5.3,0,SFA
11/28/2018,332,14.8,0,SFA
11/29/2018,333,20,0,SFA
11/30/2018,334,21.7,0.0508,SFA
12/1/2018,335,10.5,0.4826,SFA
12/2/2018,336,11.5,0,SFA
12/3/2018,337,8.9,0,SFA
12/4/2018,338,3.8,0,SFA
12/5/2018,339,5.4,0,SFA
12/6/2018,340,12.3,0,SFA
12/7/2018,341,8,0.0254,SFA
12/8/2018,342,4.8,9.8298,SFA
12/9/2018,343,5.1,2.4892,SFA
12/10/2018,344,2,0.0254,SFA
12/11/2018,345,8.9,0,SFA
12/12/2018,346,15.6,0,SFA
12/13/2018,347,13.3,0,SFA
12/14/2018,348,8.7,4.318,SFA
12/15/2018,349,10.2,1.016,SFA
12/16/2018,350,11.3,0,SFA
12/17/2018,351,10.3,0,SFA
12/18/2018,352,9.2,0,SFA
12/19/2018,353,11.8,0.0508,SFA
12/20/2018,354,11.1,2.6416,SFA
12/21/2018,355,4.2,0.3302,SFA
12/22/2018,356,13.1,0,SFA
12/23/2018,357,7.9,0,SFA
12/24/2018,358,15.9,0,SFA
12/25/2018,359,16,0,SFA
12/26/2018,360,18.9,0,SFA
12/27/2018,361,14.3,0,SFA
12/28/2018,362,11.6,0,SFA
12/29/2018,363,8.2,0,SFA
12/30/2018,364,8.2,0,SFA
12/31/2018,365,12.4,0,SFA
1/1/2019,1,19.5,0.127,SFA
1/2/2019,2,10.9,0,SFA
1/3/2019,3,8.7,3.2004,SFA
1/4/2019,4,6.9,1.5748,SFA
1/5/2019,5,8.6,0,SFA
1/6/2019,6,16,0,SFA
1/7/2019,7,19.5,0,SFA
1/8/2019,8,16.8,0,SFA
1/9/2019,9,NA,0,SFA
1/10/2019,10,11.5,0,SFA
1/11/2019,11,15.1,0,SFA
1/12/2019,12,12.4,0,SFA
1/13/2019,13,4.8,1.3208,SFA
1/14/2019,14,7.3,0,SFA
1/15/2019,15,10.4,0,SFA
1/16/2019,16,13.4,0,SFA
1/17/2019,17,13,0.0508,SFA
1/18/2019,18,25.4,0.0508,SFA
1/19/2019,19,2.9,0.0508,SFA
1/20/2019,20,1.9,0.8128,SFA
1/21/2019,21,13.9,0,SFA
1/22/2019,22,17.8,0,SFA
1/23/2019,23,2.6,1.778,SFA
1/24/2019,24,4.2,2.794,SFA
1/25/2019,25,11.1,0,SFA
1/26/2019,26,8.7,0,SFA
1/27/2019,27,7.9,0,SFA
1/28/2019,28,13.7,0,SFA
1/29/2019,29,5,0,SFA
1/30/2019,30,3.3,0,SFA
1/31/2019,31,13.5,0,SFA
2/1/2019,32,16.7,0,SFA
2/2/2019,33,16.4,0,SFA
2/3/2019,34,19.6,0,SFA
2/4/2019,35,17.2,0,SFA
2/5/2019,36,20.9,0.0762,SFA
2/6/2019,37,21.8,0.0254,SFA
2/7/2019,38,4.7,0,SFA
2/8/2019,39,0.2,1.9812,SFA
2/9/2019,40,3.4,0.0254,SFA
2/10/2019,41,18.4,0.2032,SFA
2/11/2019,42,17.8,0,SFA
2/12/2019,43,8.9,0.6096,SFA
2/13/2019,44,15,0.0254,SFA
2/14/2019,45,24.2,0,SFA
2/15/2019,46,18.5,0,SFA
2/16/2019,47,11.6,0,SFA
2/17/2019,48,8.1,0,SFA
2/18/2019,49,12.2,0,SFA
2/19/2019,50,9.2,0,SFA
2/20/2019,51,8.9,0.762,SFA
2/21/2019,52,8.8,0.1016,SFA
2/22/2019,53,15.5,1.0922,SFA
2/23/2019,54,14.2,2.1844,SFA
2/24/2019,55,8.6,0.3302,SFA
2/25/2019,56,14.9,0,SFA
2/26/2019,57,17.8,0,SFA
2/27/2019,58,21.6,0.2286,SFA
2/28/2019,59,7.1,0.1016,SFA
3/1/2019,60,13.4,0.0254,SFA
3/2/2019,61,22.6,0,SFA
3/3/2019,62,5.3,0.0254,SFA
3/4/2019,63,0.4,0.3302,SFA
3/5/2019,64,1.3,0,SFA
3/6/2019,65,9.7,0,SFA
3/7/2019,66,16.1,0,SFA
3/8/2019,67,21.9,0,SFA
3/9/2019,68,19.9,0,SFA
3/10/2019,69,20.9,0.127,SFA
3/11/2019,70,14.7,0,SFA
3/12/2019,71,24.5,0,SFA
3/13/2019,72,17,0,SFA
3/14/2019,73,15,1.5748,SFA
3/15/2019,74,11.9,0.5842,SFA
3/16/2019,75,11.8,0,SFA
3/17/2019,76,10.2,0,SFA
3/18/2019,77,11.2,0,SFA
3/19/2019,78,11.5,0,SFA
3/20/2019,79,15.4,0,SFA
3/21/2019,80,13.5,0,SFA
3/22/2019,81,14.9,0,SFA
3/23/2019,82,22,0,SFA
3/24/2019,83,23.1,0,SFA
3/25/2019,84,22.5,0,SFA
3/26/2019,85,17.7,0.5334,SFA
3/27/2019,86,12.9,0,SFA
3/28/2019,87,21.9,0,SFA
3/29/2019,88,20.1,0,SFA
3/30/2019,89,9.4,0,SFA
3/31/2019,90,10.3,0.1016,SFA
4/1/2019,91,6.3,0,SFA
4/2/2019,92,10.4,0,SFA
4/3/2019,93,19.3,0,SFA
4/4/2019,94,22.2,0,SFA
4/5/2019,95,21.6,0.127,SFA
4/6/2019,96,21.4,0,SFA
4/7/2019,97,18.9,1.0668,SFA
4/8/2019,98,21.8,5.9436,SFA
4/9/2019,99,23.3,0.5842,SFA
4/10/2019,100,23.6,0,SFA
4/11/2019,101,19.1,0,SFA
4/12/2019,102,30.8,0,SFA
4/13/2019,103,16.7,0,SFA
4/14/2019,104,12.6,0.9144,SFA
4/15/2019,105,23.3,0,SFA
4/16/2019,106,23.4,0,SFA
4/17/2019,107,22.8,0,SFA
4/18/2019,108,17.2,0,SFA
4/19/2019,109,14,4.2926,SFA
4/20/2019,110,16.2,0,SFA
4/21/2019,111,26.9,0,SFA
4/22/2019,112,23.6,0,SFA
4/23/2019,113,24.5,0,SFA
4/24/2019,114,23.4,0,SFA
4/25/2019,115,18.4,2.6416,SFA
4/26/2019,116,16.4,0,SFA
4/27/2019,117,31.7,0,SFA
4/28/2019,118,24.2,0,SFA
4/29/2019,119,33.9,0,SFA
4/30/2019,120,27.9,0,SFA
5/1/2019,121,25.6,0,SFA
5/2/2019,122,19.2,0,SFA
5/3/2019,123,23.7,5.842,SFA
5/4/2019,124,24.9,0.0508,SFA
5/5/2019,125,23.6,0.9144,SFA
5/6/2019,126,25.4,0,SFA
5/7/2019,127,25.8,0,SFA
5/8/2019,128,21,0,SFA
5/9/2019,129,25.9,1.8288,SFA
5/10/2019,130,21.8,1.6256,SFA
5/11/2019,131,24.3,0.254,SFA
5/12/2019,132,18.2,1.397,SFA
5/13/2019,133,29.9,0.0254,SFA
5/14/2019,134,22.1,0,SFA
5/15/2019,135,23.4,0,SFA
5/16/2019,136,21.7,0,SFA
5/17/2019,137,26.2,0,SFA
5/18/2019,138,24.2,0,SFA
5/19/2019,139,26,5.3086,SFA
5/20/2019,140,27,0.127,SFA
5/21/2019,141,30.6,0,SFA
5/22/2019,142,29.3,0.1778,SFA
5/23/2019,143,27.8,0.0254,SFA
5/24/2019,144,26.3,0,SFA
5/25/2019,145,27.3,0,SFA
5/26/2019,146,28.7,0,SFA
5/27/2019,147,27.4,0,SFA
5/28/2019,148,28.6,0,SFA
5/29/2019,149,28.6,0.0508,SFA
5/30/2019,150,24,0,SFA
5/31/2019,151,23,1.1684,SFA
6/1/2019,152,27.4,0.3302,SFA
6/2/2019,153,24.3,0,SFA
6/3/2019,154,31.4,0,SFA
6/4/2019,155,19.9,0,SFA
6/5/2019,156,25.7,0,SFA
6/6/2019,157,27.9,3.0734,SFA
6/7/2019,158,27.8,0,SFA
6/8/2019,159,28.9,0.1016,SFA
6/9/2019,160,30.1,0,SFA
6/10/2019,161,29.8,0,SFA
6/11/2019,162,22.9,0,SFA
6/12/2019,163,25,0,SFA
6/13/2019,164,22.2,0,SFA
6/14/2019,165,NA,0,SFA
6/15/2019,166,30.1,0,SFA
6/16/2019,167,20.4,0,SFA
6/17/2019,168,NA,5.334,SFA
6/18/2019,169,NA,0.0762,SFA
6/19/2019,170,29.3,0,SFA
6/20/2019,171,NA,0.1016,SFA
6/21/2019,172,NA,0,SFA
6/22/2019,173,NA,0,SFA
6/23/2019,174,31.2,0,SFA
6/24/2019,175,NA,0.2032,SFA
6/25/2019,176,25.4,2.4638,SFA
6/26/2019,177,27,0,SFA
6/27/2019,178,25.6,0.2032,SFA
6/28/2019,179,27.8,0.1524,SFA
6/29/2019,180,23.5,0,SFA
6/30/2019,181,29.9,1.0414,SFA
7/1/2019,182,NA,0.0508,SFA
7/2/2019,183,31,0.5588,SFA
7/3/2019,184,28.6,0,SFA
7/4/2019,185,27.9,0,SFA
7/5/2019,186,31.5,0.0762,SFA
7/6/2019,187,27.9,0,SFA
7/7/2019,188,30.6,0,SFA
7/8/2019,189,28.6,0,SFA
7/9/2019,190,29.2,0,SFA
7/10/2019,191,30,0,SFA
7/11/2019,192,30.4,0,SFA
7/12/2019,193,29.8,0,SFA
7/13/2019,194,28.4,0,SFA
7/14/2019,195,28.6,0.0508,SFA
7/15/2019,196,28.2,0.1524,SFA
7/16/2019,197,30.5,0.0254,SFA
7/17/2019,198,31,0,SFA
7/18/2019,199,30.5,0,SFA
7/19/2019,200,29.9,0,SFA
7/20/2019,201,32.7,0,SFA
7/21/2019,202,26.6,0,SFA
7/22/2019,203,29,0,SFA
7/23/2019,204,28.1,0,SFA
7/24/2019,205,27.4,0,SFA
7/25/2019,206,23.3,0,SFA
7/26/2019,207,25.3,0,SFA
7/27/2019,208,29.2,0,SFA
7/28/2019,209,28.6,0,SFA
7/29/2019,210,26.3,0,SFA
7/30/2019,211,30.7,0,SFA
7/31/2019,212,29.1,1.778,SFA
8/1/2019,213,28,0,SFA
8/2/2019,214,28.6,0,SFA
8/3/2019,215,28.2,0,SFA
8/4/2019,216,NA,0.0508,SFA
8/5/2019,217,26.5,0.8382,SFA
8/6/2019,218,28.7,0,SFA
8/7/2019,219,31.4,0,SFA
8/8/2019,220,29.7,0,SFA
8/9/2019,221,30.3,0,SFA
8/10/2019,222,30.4,0,SFA
8/11/2019,223,28.9,0,SFA
8/12/2019,224,29.6,0,SFA
8/13/2019,225,30,0,SFA
8/14/2019,226,32.4,0,SFA
8/15/2019,227,35.3,1.2954,SFA
8/16/2019,228,29.4,0,SFA
8/17/2019,229,29,0,SFA
8/18/2019,230,32,0,SFA
8/19/2019,231,31.8,0,SFA
8/20/2019,232,29.2,0,SFA
8/21/2019,233,28.5,0,SFA
8/22/2019,234,29.3,0,SFA
8/23/2019,235,30.5,0,SFA
8/24/2019,236,39.9,0,SFA
8/25/2019,237,-4.5,0,SFA
8/26/2019,238,33.8,0,SFA
8/27/2019,239,32.9,0,SFA
8/28/2019,240,28.3,0,SFA
8/29/2019,241,34.3,0.4318,SFA
8/30/2019,242,-2,0,SFA
8/31/2019,243,29.9,0.0254,SFA
9/1/2019,244,31.6,0,SFA
9/2/2019,245,27.5,0,SFA
9/3/2019,246,5.6,0,SFA
9/4/2019,247,26.2,0,SFA
9/5/2019,248,33,0,SFA
9/6/2019,249,31.4,0,SFA
9/7/2019,250,-1.7,0,SFA
9/8/2019,251,30.7,0,SFA
9/9/2019,252,33.5,0,SFA
9/10/2019,253,28.5,0.0762,SFA
9/11/2019,254,29.4,0,SFA
9/12/2019,255,28,1.397,SFA
9/13/2019,256,34.4,0.0254,SFA
9/14/2019,257,33.2,0,SFA
9/15/2019,258,30.7,0,SFA
9/16/2019,259,26.3,0,SFA
9/17/2019,260,26.8,0,SFA
9/18/2019,261,61.8,0.0762,SFA
9/19/2019,262,23.3,3.4544,SFA
9/20/2019,263,NA,5.2832,SFA
9/21/2019,264,29.2,0.0508,SFA
9/22/2019,265,NA,0,SFA
9/23/2019,266,30.2,0,SFA
9/24/2019,267,29.6,0.1016,SFA
9/25/2019,268,25.4,0.0254,SFA
9/26/2019,269,29.4,0,SFA
9/27/2019,270,37.4,0,SFA
9/28/2019,271,30.5,0,SFA
9/29/2019,272,25.1,0,SFA
9/30/2019,273,34.9,0,SFA
10/1/2019,274,24.7,0,SFA
10/2/2019,275,26.9,0,SFA
10/3/2019,276,24.6,0,SFA
10/4/2019,277,28.2,2.2606,SFA
10/5/2019,278,26.8,0.0254,SFA
10/6/2019,279,25.4,0,SFA
10/7/2019,280,23,0,SFA
10/8/2019,281,17,0,SFA
10/9/2019,282,27,0.0254,SFA
10/10/2019,283,29.3,0,SFA
10/11/2019,284,9.6,0,SFA
10/12/2019,285,12,1.6764,SFA
10/13/2019,286,18.6,0,SFA
10/14/2019,287,21.5,0,SFA
10/15/2019,288,24.4,1.2954,SFA
10/16/2019,289,11.7,0.1778,SFA
10/17/2019,290,13.2,0.0508,SFA
10/18/2019,291,15,0,SFA
10/19/2019,292,22.5,0,SFA
10/20/2019,293,28.9,0,SFA
10/21/2019,294,13.8,0,SFA
10/22/2019,295,10.2,1.8796,SFA
10/23/2019,296,13.5,0,SFA
10/24/2019,297,24.2,0,SFA
10/25/2019,298,12.3,0.2286,SFA
10/26/2019,299,12.2,2.921,SFA
10/27/2019,300,15.6,0,SFA
10/28/2019,301,17.2,0,SFA
10/29/2019,302,18.6,0,SFA
10/30/2019,303,7.6,0.8128,SFA
10/31/2019,304,2.2,1.0668,SFA
11/1/2019,305,7.9,0.0254,SFA
11/2/2019,306,6.5,0,SFA
11/3/2019,307,9.2,0,SFA
11/4/2019,308,17.2,0,SFA
11/5/2019,309,19,0,SFA
11/6/2019,310,16.6,0,SFA
11/7/2019,311,10,0,SFA
11/8/2019,312,4.7,0,SFA
11/9/2019,313,7.7,0,SFA
11/10/2019,314,13.3,0,SFA
11/11/2019,315,4.2,0,SFA
11/12/2019,316,-0.9,0.4064,SFA
11/13/2019,317,5.3,0,SFA
11/14/2019,318,4.8,0,SFA
11/15/2019,319,4.2,1.3462,SFA
11/16/2019,320,4,0.0254,SFA
11/17/2019,321,7,0,SFA
11/18/2019,322,8.2,0,SFA
11/19/2019,323,12.2,0,SFA
11/20/2019,324,18.4,0,SFA
11/21/2019,325,21,0,SFA
11/22/2019,326,9.6,0.0508,SFA
11/23/2019,327,-1.5,0.1778,SFA
11/24/2019,328,8.5,0,SFA
11/25/2019,329,20.8,0,SFA
11/26/2019,330,24.3,0,SFA
11/27/2019,331,15.6,0,SFA
11/28/2019,332,16.4,0,SFA
11/29/2019,333,22,0.0508,SFA
11/30/2019,334,16.8,0,SFA
12/1/2019,335,6.7,0.1524,SFA
12/2/2019,336,4.5,0,SFA
12/3/2019,337,9.4,0,SFA
12/4/2019,338,11.4,0,SFA
12/5/2019,339,24.3,0,SFA
12/6/2019,340,17.5,0,SFA
12/7/2019,341,12.6,0,SFA
12/8/2019,342,16.4,0,SFA
12/9/2019,343,24.4,0,SFA
12/10/2019,344,16.2,0,SFA
12/11/2019,345,5.6,2.3368,SFA
12/12/2019,346,7.4,0,SFA
12/13/2019,347,10.2,0,SFA
12/14/2019,348,12,0,SFA
12/15/2019,349,22.3,0,SFA
12/16/2019,350,14.8,0,SFA
12/17/2019,351,1,0.1016,SFA
12/18/2019,352,1,0,SFA
12/19/2019,353,2.2,0,SFA
12/20/2019,354,7.1,0,SFA
12/21/2019,355,6.6,0.1016,SFA
12/22/2019,356,5.5,0,SFA
12/23/2019,357,8,0.0254,SFA
12/24/2019,358,11.5,0,SFA
12/25/2019,359,12.3,0,SFA
12/26/2019,360,13,0,SFA
12/27/2019,361,17.2,0,SFA
12/28/2019,362,21.5,0.0254,SFA
12/29/2019,363,8.9,0.762,SFA
12/30/2019,364,5.4,0.3302,SFA
12/31/2019,365,5.1,0,SFA
1/1/2020,1,10.2,0,SFA
1/2/2020,2,15,0.0508,SFA
1/3/2020,3,9.7,3.4544,SFA
1/4/2020,4,6.6,0,SFA
1/5/2020,5,9.8,0.0254,SFA
1/6/2020,6,16.1,0,SFA
1/7/2020,7,5.8,0,SFA
1/8/2020,8,13.4,0,SFA
1/9/2020,9,23.5,0,SFA
1/10/2020,10,24,0,SFA
1/11/2020,11,3.9,0.4318,SFA
1/12/2020,12,7.2,2.7178,SFA
1/13/2020,13,15.6,0,SFA
1/14/2020,14,24.8,0.0254,SFA
1/15/2020,15,18.9,1.397,SFA
1/16/2020,16,14,0.0254,SFA
1/17/2020,17,18.1,0.0254,SFA
1/18/2020,18,12.4,0.2794,SFA
1/19/2020,19,5,0.6096,SFA
1/20/2020,20,3.8,0,SFA
1/21/2020,21,6.2,0,SFA
1/22/2020,22,8.3,0,SFA
1/23/2020,23,5.4,2.8956,SFA
1/24/2020,24,5.8,0.2032,SFA
1/25/2020,25,NA,0.0254,SFA
1/26/2020,26,8.9,0,SFA
1/27/2020,27,12.1,0.3302,SFA
1/28/2020,28,14.4,0,SFA
1/29/2020,29,9.7,0.6096,SFA
1/30/2020,30,11.2,0,SFA
1/31/2020,31,7.4,0,SFA
2/1/2020,32,12.2,0,SFA
2/2/2020,33,15.6,0,SFA
2/3/2020,34,22.4,0,SFA
2/4/2020,35,14.5,0,SFA
2/5/2020,36,10.5,0,SFA
2/6/2020,37,2.9,0.0508,SFA
2/7/2020,38,9.7,0.1778,SFA
2/8/2020,39,18.1,0,SFA
2/9/2020,40,20.7,0,SFA
2/10/2020,41,11.2,0.1524,SFA
2/11/2020,42,9.2,0.8382,SFA
2/12/2020,43,11.1,3.2004,SFA
2/13/2020,44,9.4,0.6096,SFA
2/14/2020,45,9.6,0.0254,SFA
2/15/2020,46,16.6,0,SFA
2/16/2020,47,16.8,0,SFA
2/17/2020,48,23.7,0,SFA
2/18/2020,49,12.8,0,SFA
2/19/2020,50,9.4,1.3716,SFA
2/20/2020,51,9,3.683,SFA
2/21/2020,52,8.6,1.9558,SFA
2/22/2020,53,7.4,0,SFA
2/23/2020,54,14.9,0,SFA
2/24/2020,55,16.7,0.0254,SFA
2/25/2020,56,17.2,0.508,SFA
2/26/2020,57,6.5,0,SFA
2/27/2020,58,4.4,0,SFA
2/28/2020,59,7.9,0,SFA
2/29/2020,60,17.3,0,SFA
3/1/2020,61,20.6,0,SFA
3/2/2020,62,23.9,0,SFA
3/3/2020,63,23.3,0,SFA
3/4/2020,64,13.6,0,SFA
3/5/2020,65,16.8,5.1054,SFA
3/6/2020,66,22,0.0254,SFA
3/7/2020,67,14.4,0,SFA
3/8/2020,68,17.7,0,SFA
3/9/2020,69,19.7,0,SFA
3/10/2020,70,21.9,0.3556,SFA
3/11/2020,71,21.3,0,SFA
3/12/2020,72,22.2,0,SFA
3/13/2020,73,21.9,0,SFA
3/14/2020,74,22.7,0,SFA
3/15/2020,75,15.9,0,SFA
3/16/2020,76,18.3,0,SFA
3/17/2020,77,23.2,0.0508,SFA
3/18/2020,78,25.6,0.127,SFA
3/19/2020,79,24.3,0,SFA
3/20/2020,80,13.4,0.254,SFA
3/21/2020,81,14.9,1.3462,SFA
3/22/2020,82,21.8,2.1336,SFA
3/23/2020,83,27.9,2.794,SFA
3/24/2020,84,20.3,0,SFA
3/25/2020,85,19.1,0,SFA
3/26/2020,86,23.9,0.0254,SFA
3/27/2020,87,23.9,0,SFA
3/28/2020,88,13.5,0,SFA
3/29/2020,89,22.1,0.1016,SFA
3/30/2020,90,27.1,0,SFA
3/31/2020,91,37.8,0.6858,SFA
4/1/2020,92,19.6,0,SFA
4/2/2020,93,27.1,0,SFA
4/3/2020,94,21.6,0.635,SFA
4/4/2020,95,17.9,0.0254,SFA
4/5/2020,96,25.4,0.4572,SFA
4/6/2020,97,27.8,0.0254,SFA
4/7/2020,98,23,0,SFA
4/8/2020,99,25.5,0,SFA
4/9/2020,100,22.6,0,SFA
4/10/2020,101,14.8,0.7112,SFA
4/11/2020,102,25.9,0,SFA
4/12/2020,103,25.2,0,SFA
4/13/2020,104,12.7,2.0574,SFA
4/14/2020,105,13.1,0,SFA
4/15/2020,106,17.3,0,SFA
4/16/2020,107,19.6,0,SFA
4/17/2020,108,13.8,0,SFA
4/18/2020,109,18.5,0.2032,SFA
4/19/2020,110,18.7,0.0254,SFA
4/20/2020,111,21,4.6482,SFA
4/21/2020,112,26.3,0,SFA
4/22/2020,113,29.5,0,SFA
4/23/2020,114,25.6,1.8542,SFA
4/24/2020,115,24.6,0.0254,SFA
4/25/2020,116,21.6,0,SFA
4/26/2020,117,20,0,SFA
4/27/2020,118,22.4,0,SFA
4/28/2020,119,25.8,0,SFA
4/29/2020,120,25.3,0.1778,SFA
4/30/2020,121,17.6,1.9304,SFA
5/1/2020,122,24.4,0,SFA
5/2/2020,123,24.5,0,SFA
5/3/2020,124,23.8,0,SFA
5/4/2020,125,25.8,0,SFA
5/5/2020,126,20.7,0,SFA
5/6/2020,127,22.4,0.0508,SFA
5/7/2020,128,23.9,0,SFA
5/8/2020,129,20.3,0,SFA
5/9/2020,130,15.6,0.9652,SFA
5/10/2020,131,19.2,0,SFA
5/11/2020,132,20.9,0,SFA
5/12/2020,133,21.5,0,SFA
5/13/2020,134,23,0.2032,SFA
5/14/2020,135,28.5,0.1778,SFA
5/15/2020,136,23.7,0,SFA
5/16/2020,137,26.1,0,SFA
5/17/2020,138,35.1,0.4318,SFA
5/18/2020,139,31,0.2286,SFA
5/19/2020,140,25,0,SFA
5/20/2020,141,26.6,0,SFA
5/21/2020,142,26.4,0,SFA
5/22/2020,143,25.1,0,SFA
5/23/2020,144,26.5,0.381,SFA
5/24/2020,145,25.2,0.4064,SFA
5/25/2020,146,25.7,3.0988,SFA
5/26/2020,147,30.3,0,SFA
5/27/2020,148,31.2,0,SFA
5/28/2020,149,23.7,0,SFA
5/29/2020,150,22.6,0.0254,SFA
5/30/2020,151,23.1,0,SFA
5/31/2020,152,23.9,0,SFA
6/1/2020,153,23.9,0,SFA
6/2/2020,154,29.7,0,SFA
6/3/2020,155,26.4,0,SFA
6/4/2020,156,27.3,0,SFA
6/5/2020,157,28.7,0,SFA
6/6/2020,158,28.4,0,SFA
6/7/2020,159,27.7,0,SFA
6/8/2020,160,28.2,0,SFA
6/9/2020,161,29.3,0,SFA
6/10/2020,162,23.6,0,SFA
6/11/2020,163,22.1,0,SFA
6/12/2020,164,23.5,0,SFA
6/13/2020,165,30.9,0,SFA
6/14/2020,166,29.8,0,SFA
6/15/2020,167,20.6,0,SFA
6/16/2020,168,26.3,0,SFA
6/17/2020,169,25.4,0,SFA
6/18/2020,170,29.3,0,SFA
6/19/2020,171,27.7,0,SFA
6/20/2020,172,27.2,0,SFA
6/21/2020,173,27.5,0.254,SFA
6/22/2020,174,31.8,0,SFA
6/23/2020,175,24.8,0.0254,SFA
6/24/2020,176,29.4,2.7178,SFA
6/25/2020,177,28.3,0.9144,SFA
6/26/2020,178,28.6,2.4892,SFA
6/27/2020,179,28.4,0,SFA
6/28/2020,180,30.2,0,SFA
6/29/2020,181,29.3,0,SFA
6/30/2020,182,29.6,0,SFA
7/1/2020,183,32.5,0,SFA
7/2/2020,184,28.8,0,SFA
7/3/2020,185,26.3,0,SFA
7/4/2020,186,29.4,0.4318,SFA
7/5/2020,187,29.2,0,SFA
7/6/2020,188,29.8,0,SFA
7/7/2020,189,27.4,0.8636,SFA
7/8/2020,190,28.5,0.8382,SFA
7/9/2020,191,31.2,0,SFA
7/10/2020,192,33.9,0,SFA
7/11/2020,193,30.1,0,SFA
7/12/2020,194,38.2,0,SFA
7/13/2020,195,38.2,0,SFA
7/14/2020,196,32.2,0,SFA
7/15/2020,197,30.7,0,SFA
7/16/2020,198,30.2,0,SFA
7/17/2020,199,29.9,0,SFA
7/18/2020,200,28.4,0,SFA
7/19/2020,201,29.1,0,SFA
7/20/2020,202,33.3,0,SFA
7/21/2020,203,28.4,0.9652,SFA
7/22/2020,204,28.7,0.2286,SFA
7/23/2020,205,28.9,1.9304,SFA
7/24/2020,206,32.1,0,SFA
7/25/2020,207,27,0.0762,SFA
7/26/2020,208,28,0.6858,SFA
7/27/2020,209,30.6,0.0254,SFA
7/28/2020,210,31.4,0.0254,SFA
7/29/2020,211,29.9,0.0508,SFA
7/30/2020,212,29.1,0,SFA
7/31/2020,213,24.1,0,SFA
8/1/2020,214,37.4,1.1938,SFA
8/2/2020,215,15.4,0,SFA
8/3/2020,216,28.2,0,SFA
8/4/2020,217,27,0,SFA
8/5/2020,218,26.2,0,SFA
8/6/2020,219,28.9,0,SFA
8/7/2020,220,27.7,0,SFA
8/8/2020,221,27.5,0,SFA
8/9/2020,222,31.6,0,SFA
8/10/2020,223,30,0,SFA
8/11/2020,224,31.9,0,SFA
8/12/2020,225,31.4,0,SFA
8/13/2020,226,29,0,SFA
8/14/2020,227,30,0,SFA
8/15/2020,228,28.8,0,SFA
8/16/2020,229,31.8,0,SFA
8/17/2020,230,NA,1.524,SFA
8/18/2020,231,27.9,2.159,SFA
8/19/2020,232,31.1,0,SFA
8/20/2020,233,23,0,SFA
8/21/2020,234,30,0,SFA
8/22/2020,235,26.5,0,SFA
8/23/2020,236,34,0,SFA
8/24/2020,237,34.4,0,SFA
8/25/2020,238,30.2,0,SFA
8/26/2020,239,34.3,0,SFA
8/27/2020,240,-6.4,0,SFA
8/28/2020,241,-3.4,1.6002,SFA
8/29/2020,242,35.3,1.5748,SFA
8/30/2020,243,30.6,0,SFA
8/31/2020,244,31.7,0,SFA
9/1/2020,245,38,0.0254,SFA
9/2/2020,246,35,0,SFA
9/3/2020,247,31.2,1.778,SFA
9/4/2020,248,28.3,0.0254,SFA
9/5/2020,249,24.1,0.0254,SFA
9/6/2020,250,28,0.3302,SFA
9/7/2020,251,30.2,0.0254,SFA
9/8/2020,252,30.2,0,SFA
9/9/2020,253,31.4,0.6604,SFA
9/10/2020,254,33.3,0.0762,SFA
9/11/2020,255,32.8,0,SFA
9/12/2020,256,32.5,0,SFA
9/13/2020,257,33.1,0,SFA
9/14/2020,258,31.6,0.5842,SFA
9/15/2020,259,27.8,0,SFA
9/16/2020,260,30.3,0,SFA
9/17/2020,261,26.2,0,SFA
9/18/2020,262,25.4,0,SFA
9/19/2020,263,23,0,SFA
9/20/2020,264,26.5,0,SFA
9/21/2020,265,20.6,0,SFA
9/22/2020,266,21.3,1.5494,SFA
9/23/2020,267,20.4,0.8382,SFA
9/24/2020,268,21,0.9906,SFA
9/25/2020,269,18.6,0.0254,SFA
9/26/2020,270,21.9,0,SFA
9/27/2020,271,28.2,0,SFA
9/28/2020,272,NA,0,SFA
9/29/2020,273,18.5,0.4064,SFA
9/30/2020,274,17.4,0,SFA
10/1/2020,275,NA,0,SFA
10/2/2020,276,NA,0,SFA
10/3/2020,277,NA,0,SFA
10/4/2020,278,NA,0,SFA
10/5/2020,279,NA,0,SFA
10/6/2020,280,NA,0,SFA
10/7/2020,281,NA,0,SFA
10/8/2020,282,NA,0,SFA
10/9/2020,283,NA,0,SFA
10/10/2020,284,NA,1.3208,SFA
10/11/2020,285,NA,0,SFA
10/12/2020,286,NA,0,SFA
10/13/2020,287,NA,0,SFA
10/14/2020,288,NA,0,SFA
10/15/2020,289,NA,0,SFA
10/16/2020,290,NA,0,SFA
10/17/2020,291,NA,0.127,SFA
10/18/2020,292,NA,0,SFA
10/19/2020,293,NA,0,SFA
10/20/2020,294,NA,0,SFA
10/21/2020,295,NA,0,SFA
10/22/2020,296,NA,0,SFA
10/23/2020,297,NA,0,SFA
10/24/2020,298,NA,1.905,SFA
10/25/2020,299,NA,0,SFA
10/26/2020,300,NA,0,SFA
10/27/2020,301,NA,0.0254,SFA
10/28/2020,302,NA,0,SFA
10/29/2020,303,NA,0.5842,SFA
10/30/2020,304,NA,0.0254,SFA
10/31/2020,305,NA,0,SFA
11/1/2020,306,NA,0,SFA
11/2/2020,307,NA,0,SFA
11/3/2020,308,NA,0,SFA
11/4/2020,309,NA,0,SFA
11/5/2020,310,NA,0,SFA
11/6/2020,311,NA,0,SFA
11/7/2020,312,NA,0,SFA
11/8/2020,313,NA,0,SFA
11/9/2020,314,NA,0,SFA
11/10/2020,315,NA,0.0254,SFA
11/11/2020,316,NA,0.0508,SFA
11/12/2020,317,NA,0,SFA
11/13/2020,318,NA,0,SFA
11/14/2020,319,NA,0,SFA
11/15/2020,320,NA,0,SFA
11/16/2020,321,NA,0.2032,SFA
11/17/2020,322,NA,0,SFA
11/18/2020,323,NA,0,SFA
11/19/2020,324,NA,0,SFA
11/20/2020,325,NA,0,SFA
11/21/2020,326,NA,0,SFA
11/22/2020,327,NA,0,SFA
11/23/2020,328,NA,0,SFA
11/24/2020,329,NA,0,SFA
11/25/2020,330,NA,0.127,SFA
11/26/2020,331,NA,1.6002,SFA
11/27/2020,332,NA,0,SFA
11/28/2020,333,NA,0.5842,SFA
11/29/2020,334,NA,0.508,SFA
11/30/2020,335,NA,0.635,SFA
12/1/2020,336,NA,0,SFA
12/2/2020,337,NA,0,SFA
12/3/2020,338,NA,3.5306,SFA
12/4/2020,339,NA,0,SFA
12/5/2020,340,NA,0,SFA
12/6/2020,341,NA,0,SFA
12/7/2020,342,NA,0.0508,SFA
12/8/2020,343,NA,0,SFA
12/9/2020,344,NA,0,SFA
12/10/2020,345,NA,0,SFA
12/11/2020,346,NA,0,SFA
12/12/2020,347,NA,5.461,SFA
12/13/2020,348,NA,0,SFA
12/14/2020,349,NA,0.5588,SFA
12/15/2020,350,NA,0,SFA
12/16/2020,351,NA,0.2794,SFA
12/17/2020,352,NA,0,SFA
12/18/2020,353,NA,0,SFA
12/19/2020,354,NA,0,SFA
12/20/2020,355,NA,1.8796,SFA
12/21/2020,356,NA,0,SFA
12/22/2020,357,NA,0,SFA
12/23/2020,358,NA,0,SFA
12/24/2020,359,NA,0,SFA
12/25/2020,360,NA,0,SFA
12/26/2020,361,NA,0,SFA
12/27/2020,362,NA,0,SFA
12/28/2020,363,NA,0,SFA
12/29/2020,364,NA,0,SFA
12/30/2020,365,NA,0,SFA
12/31/2020,366,NA,3.5052,SFA
1/1/2021,1,5,3.6576,SFA
1/2/2021,2,2,0.0254,SFA
1/3/2021,3,11,0,SFA
1/4/2021,4,7,0,SFA
1/5/2021,5,8.9,0,SFA
1/6/2021,6,11,0,SFA
1/7/2021,7,6,2.54,SFA
1/8/2021,8,3,0,SFA
1/9/2021,9,4,0,SFA
1/10/2021,10,0,0,SFA
1/11/2021,11,-3,0.2794,SFA
1/12/2021,12,5,1.5494,SFA
1/13/2021,13,7,0,SFA
1/14/2021,14,8,0,SFA
1/15/2021,15,2,0,SFA
1/16/2021,16,0,0,SFA
1/17/2021,17,3,0,SFA
1/18/2021,18,14,0,SFA
1/19/2021,19,12,0,SFA
1/20/2021,20,14.4,0,SFA
1/21/2021,21,15,0.1016,SFA
1/22/2021,22,12,0.3048,SFA
1/23/2021,23,11,0.1016,SFA
1/24/2021,24,20,0,SFA
1/25/2021,25,11,0.0254,SFA
1/26/2021,26,10,0.2032,SFA
1/27/2021,27,6,0,SFA
1/28/2021,28,3,0,SFA
1/29/2021,29,12,0,SFA
1/30/2021,30,18,0,SFA
1/31/2021,31,8,0.1016,SFA
2/1/2021,32,4,0.0254,SFA
2/2/2021,33,4,0,SFA
2/3/2021,34,13,0,SFA
2/4/2021,35,12,0,SFA
2/5/2021,36,6,0,SFA
2/6/2021,37,8,0.0254,SFA
2/7/2021,38,9,0,SFA
2/8/2021,39,11,0,SFA
2/9/2021,40,11,0,SFA
2/10/2021,41,6,0,SFA
2/11/2021,42,1,0.9398,SFA
2/12/2021,43,1,0.3302,SFA
2/13/2021,44,0,0,SFA
2/14/2021,45,-4,0,SFA
2/15/2021,46,-13,0,SFA
2/16/2021,47,-2,0,SFA
2/17/2021,48,0,0.381,SFA
2/18/2021,49,NA,2.1082,SFA
2/19/2021,50,NA,0.4572,SFA
2/20/2021,51,7,0.4826,SFA
2/21/2021,52,14,0,SFA
2/22/2021,53,18,0,SFA
2/23/2021,54,NA,0,SFA
2/24/2021,55,16,0,SFA
2/25/2021,56,17,0,SFA
2/26/2021,57,17,0.1524,SFA
2/27/2021,58,22,0.4826,SFA
2/28/2021,59,22,0,SFA
3/1/2021,60,8,0,SFA
3/2/2021,61,6,1.651,SFA
3/3/2021,62,7,0.127,SFA
3/4/2021,63,12,0,SFA
3/5/2021,64,11,0,SFA
3/6/2021,65,7,0.1524,SFA
3/7/2021,66,8,0,SFA
3/8/2021,67,16,0,SFA
3/9/2021,68,17,0,SFA
3/10/2021,69,21,0,SFA
3/11/2021,70,21,0,SFA
3/12/2021,71,21,0,SFA
3/13/2021,72,21,0,SFA
3/14/2021,73,14,0,SFA
3/15/2021,74,18,0.889,SFA
3/16/2021,75,22,0.9398,SFA
3/17/2021,76,14,0,SFA
3/18/2021,77,8,1.5494,SFA
3/19/2021,78,6,0,SFA
3/20/2021,79,9,0,SFA
3/21/2021,80,15,0,SFA
3/22/2021,81,19,0,SFA
3/23/2021,82,14,0,SFA
3/24/2021,83,21,0.6858,SFA
3/25/2021,84,13,0,SFA
3/26/2021,85,17,0,SFA
3/27/2021,86,24,0,SFA
3/28/2021,87,11,0.1778,SFA
3/29/2021,88,16,0.0254,SFA
3/30/2021,89,24,0,SFA
3/31/2021,90,12,0,SFA
4/1/2021,91,9,0,SFA
4/2/2021,92,12,0,SFA
4/3/2021,93,12,0,SFA
4/4/2021,94,16,0.0508,SFA
4/5/2021,95,19,0,SFA
4/6/2021,96,22,0,SFA
4/7/2021,97,14,0,SFA
4/8/2021,98,24,1.524,SFA
4/9/2021,99,19,0,SFA
4/10/2021,100,13,0.889,SFA
4/11/2021,101,16,0.6858,SFA
4/12/2021,102,23,0,SFA
4/13/2021,103,21,0,SFA
4/14/2021,104,18,0,SFA
4/15/2021,105,17,0.0508,SFA
4/16/2021,106,15,0.254,SFA
4/17/2021,107,11,4.3434,SFA
4/18/2021,108,11,0.0254,SFA
4/19/2021,109,12,0.0254,SFA
4/20/2021,110,15,0,SFA
4/21/2021,111,9,0,SFA
4/22/2021,112,17,0,SFA
4/23/2021,113,18,0,SFA
4/24/2021,114,18,2.413,SFA
4/25/2021,115,19,0.0508,SFA
4/26/2021,116,22,0,SFA
4/27/2021,117,23,0,SFA
4/28/2021,118,24,0,SFA
4/29/2021,119,24,0,SFA
4/30/2021,120,21,5.6388,SFA
5/1/2021,121,20,2.3114,SFA
5/2/2021,122,24,0.2032,SFA
5/3/2021,123,26,5.7658,SFA
5/4/2021,124,18,0,SFA
5/5/2021,125,17,1.4986,SFA
5/6/2021,126,17,0,SFA
5/7/2021,127,21,0,SFA
5/8/2021,128,24,0,SFA
5/9/2021,129,20,0,SFA
5/10/2021,130,19,16.4592,SFA
5/11/2021,131,16,3.1242,SFA
5/12/2021,132,16,3.4544,SFA
5/13/2021,133,17,0,SFA
5/14/2021,134,17,0,SFA
5/15/2021,135,21,0,SFA
5/16/2021,136,21,0,SFA
5/17/2021,137,19,0.2032,SFA
5/18/2021,138,23,1.6764,SFA
5/19/2021,139,21,5.8928,SFA
5/20/2021,140,22,2.3876,SFA
5/21/2021,141,22,3.7084,SFA
5/22/2021,142,22,3.4544,SFA
5/23/2021,143,22,0,SFA
5/24/2021,144,21,0,SFA
5/25/2021,145,19,0.0254,SFA
5/26/2021,146,25,3.81,SFA
5/27/2021,147,26,0,SFA
5/28/2021,148,23,0.0254,SFA
5/29/2021,149,24,1.2954,SFA
5/30/2021,150,21,0,SFA
5/31/2021,151,23,0,SFA
6/1/2021,152,22,0.4318,SFA
6/2/2021,153,22,2.0828,SFA
6/3/2021,154,23,0,SFA
6/4/2021,155,21,0,SFA
6/5/2021,156,22,1.524,SFA
6/6/2021,157,24,0.2794,SFA
6/7/2021,158,22,0.5842,SFA
6/8/2021,159,28,2.5654,SFA
6/9/2021,160,28,0.381,SFA
6/10/2021,161,28,0,SFA
6/11/2021,162,25,0,SFA
6/12/2021,163,27,0,SFA
6/13/2021,164,27,0,SFA
6/14/2021,165,26,0,SFA
6/15/2021,166,26,0,SFA
6/16/2021,167,27,0,SFA
6/17/2021,168,24,0,SFA
6/18/2021,169,24,0,SFA
6/19/2021,170,27,0,SFA
6/20/2021,171,27,0,SFA
6/21/2021,172,26,0,SFA
6/22/2021,173,24,0.2286,SFA
6/23/2021,174,28,0.0254,SFA
6/24/2021,175,28,0,SFA
6/25/2021,176,27,0,SFA
6/26/2021,177,26,0,SFA
6/27/2021,178,24,0,SFA
6/28/2021,179,24,0.0254,SFA
6/29/2021,180,24,1.27,SFA
6/30/2021,181,26,0,SFA
7/1/2021,182,27,0,SFA
7/2/2021,183,24,0,SFA
7/3/2021,184,24,0.1016,SFA
7/4/2021,185,24,0,SFA
7/5/2021,186,24,0,SFA
7/6/2021,187,24,0.7366,SFA
7/7/2021,188,26,0.0254,SFA
7/8/2021,189,26,0,SFA
7/9/2021,190,24,0,SFA
7/10/2021,191,28,0.4826,SFA
7/11/2021,192,27,0,SFA
7/12/2021,193,21,0.6604,SFA
7/13/2021,194,23,2.5654,SFA
7/14/2021,195,25,0,SFA
7/15/2021,196,24,0,SFA
7/16/2021,197,27,0.0254,SFA
7/17/2021,198,27,0,SFA
7/18/2021,199,28,0.0254,SFA
7/19/2021,200,23,0,SFA
7/20/2021,201,25,0.7874,SFA
7/21/2021,202,26,0,SFA
7/22/2021,203,27,0.1524,SFA
7/23/2021,204,27,0,SFA
7/24/2021,205,27,0,SFA
7/25/2021,206,26,0,SFA
7/26/2021,207,28,0,SFA
7/27/2021,208,27,0,SFA
7/28/2021,209,27,0,SFA
7/29/2021,210,26,0,SFA
7/30/2021,211,28,0,SFA
7/31/2021,212,27,0,SFA
8/1/2021,213,28,0,SFA
8/2/2021,214,24,0.0254,SFA
8/3/2021,215,24,2.2352,SFA
8/4/2021,216,24,0.0254,SFA
8/5/2021,217,24,0,SFA
8/6/2021,218,26,0,SFA
8/7/2021,219,28,0,SFA
8/8/2021,220,29,0,SFA
8/9/2021,221,29,0,SFA
8/10/2021,222,27,0,SFA
8/11/2021,223,29,0.1778,SFA
8/12/2021,224,27,0,SFA
8/13/2021,225,28,0,SFA
8/14/2021,226,24,0,SFA
8/15/2021,227,26,0.0254,SFA
8/16/2021,228,25,0,SFA
8/17/2021,229,28,0.4318,SFA
8/18/2021,230,26,0,SFA
8/19/2021,231,27,1.4478,SFA
8/20/2021,232,27,0.3302,SFA
8/21/2021,233,28,0,SFA
8/22/2021,234,27,0,SFA
8/23/2021,235,27,0,SFA
8/24/2021,236,29,0,SFA
8/25/2021,237,26,0,SFA
8/26/2021,238,24,0.1524,SFA
8/27/2021,239,28,0.4318,SFA
8/28/2021,240,24,0.0254,SFA
8/29/2021,241,27,0.0762,SFA
8/30/2021,242,27,0,SFA
8/31/2021,243,28,0,SFA
9/1/2021,244,29,0,SFA
9/2/2021,245,28,0,SFA
9/3/2021,246,27,0,SFA
9/4/2021,247,27,0,SFA
9/5/2021,248,28,0,SFA
9/6/2021,249,22,0.508,SFA
9/7/2021,250,22,0,SFA
9/8/2021,251,24,0,SFA
9/9/2021,252,19,0,SFA
9/10/2021,253,21,0,SFA
9/11/2021,254,21,0,SFA
9/12/2021,255,26,0,SFA
9/13/2021,256,25,0,SFA
9/14/2021,257,22,0,SFA
9/15/2021,258,24,0.381,SFA
9/16/2021,259,24,0,SFA
9/17/2021,260,26,0,SFA
9/18/2021,261,26,0,SFA
9/19/2021,262,26,0,SFA
9/20/2021,263,26,0,SFA
9/21/2021,264,26,0,SFA
9/22/2021,265,16,0,SFA
9/23/2021,266,17,0,SFA
9/24/2021,267,18,0,SFA
9/25/2021,268,19,0,SFA
9/26/2021,269,21,0,SFA
9/27/2021,270,23,0,SFA
9/28/2021,271,24,0,SFA
9/29/2021,272,24,0,SFA
9/30/2021,273,24,0,SFA
10/1/2021,274,23,0,SFA
10/2/2021,275,24,1.397,SFA
10/3/2021,276,21,0,SFA
10/4/2021,277,19,0.127,SFA
10/5/2021,278,19,0,SFA
10/6/2021,279,19,0,SFA
10/7/2021,280,21,0,SFA
10/8/2021,281,23,0,SFA
10/9/2021,282,24,0,SFA
10/10/2021,283,27,0,SFA
10/11/2021,284,18,0,SFA
10/12/2021,285,27,0.7112,SFA
10/13/2021,286,26,0.1778,SFA
10/14/2021,287,24,0,SFA
10/15/2021,288,21,0.508,SFA
10/16/2021,289,11,0,SFA
10/17/2021,290,14,0,SFA
10/18/2021,291,12,0,SFA
10/19/2021,292,20,0,SFA
10/20/2021,293,22,0,SFA
10/21/2021,294,24,0,SFA
10/22/2021,295,20,0,SFA
10/23/2021,296,22,0,SFA
10/24/2021,297,24,0.0254,SFA
10/25/2021,298,24,0,SFA
10/26/2021,299,24,0,SFA
10/27/2021,300,18,0,SFA
10/28/2021,301,18,2.5908,SFA
10/29/2021,302,12,0.0254,SFA
10/30/2021,303,10,0,SFA
10/31/2021,304,13,0,SFA
11/1/2021,305,13,0,SFA
11/2/2021,306,18,0,SFA
11/3/2021,307,8,0,SFA
11/4/2021,308,6,0.9906,SFA
11/5/2021,309,6,0.0254,SFA
11/6/2021,310,8,0,SFA
11/7/2021,311,8,0,SFA
11/8/2021,312,10,0,SFA
11/9/2021,313,13,0,SFA
11/10/2021,314,21,0,SFA
11/11/2021,315,10,0,SFA
11/12/2021,316,11,3.3528,SFA
11/13/2021,317,5,0,SFA
11/14/2021,318,12,0,SFA
11/15/2021,319,NA,0,SFA
11/16/2021,320,19,0,SFA
11/17/2021,321,20,0,SFA
11/18/2021,322,11,0,SFA
11/19/2021,323,5,0.0254,SFA
11/20/2021,324,18,0,SFA
11/21/2021,325,19,0,SFA
11/22/2021,326,5,0,SFA
11/23/2021,327,12,0,SFA
11/24/2021,328,19,0,SFA
11/25/2021,329,10,0,SFA
11/26/2021,330,4,1.6002,SFA
11/27/2021,331,9,0,SFA
11/28/2021,332,7,0.7874,SFA
11/29/2021,333,7,0.3556,SFA
11/30/2021,334,12,0.0254,SFA
12/1/2021,335,13,0,SFA
12/2/2021,336,14,0.0254,SFA
12/3/2021,337,19,0,SFA
12/4/2021,338,21,0,SFA
12/5/2021,339,21,0,SFA
12/6/2021,340,13,0,SFA
12/7/2021,341,9,0.127,SFA
12/8/2021,342,13,0,SFA
12/9/2021,343,21,0,SFA
12/10/2021,344,23,0,SFA
12/11/2021,345,5,0,SFA
12/12/2021,346,3,1.27,SFA
12/13/2021,347,16,0,SFA
12/14/2021,348,20,0,SFA
12/15/2021,349,22,0.0254,SFA
12/16/2021,350,22,0,SFA
12/17/2021,351,21,0,SFA
12/18/2021,352,10,0,SFA
12/19/2021,353,7,2.921,SFA
12/20/2021,354,3,0,SFA
12/21/2021,355,3,0.4318,SFA
12/22/2021,356,9,0,SFA
12/23/2021,357,17,0,SFA
12/24/2021,358,19,0,SFA
12/25/2021,359,16,0,SFA
12/26/2021,360,21,0,SFA
12/27/2021,361,22,0,SFA
12/28/2021,362,18,0,SFA
12/29/2021,363,18,0,SFA
12/30/2021,364,19,0,SFA
12/31/2021,365,22,0,SFA
1/1/2022,1,15,0,SFA
1/2/2022,2,-2,0,SFA
1/3/2022,3,-1,0.0254,SFA
1/4/2022,4,11,0,SFA
1/5/2022,5,16,0,SFA
1/6/2022,6,5,0,SFA
1/7/2022,7,9,0,SFA
1/8/2022,8,20,0,SFA
1/9/2022,9,12,0.5588,SFA
1/10/2022,10,2,0.8636,SFA
1/11/2022,11,7,0,SFA
1/12/2022,12,6,0,SFA
1/13/2022,13,7,0,SFA
1/14/2022,14,16,0,SFA
1/15/2022,15,-1,0,SFA
1/16/2022,16,-1,0,SFA
1/17/2022,17,17.2,0,SFA
1/18/2022,18,16,0,SFA
1/19/2022,19,13,0,SFA
1/20/2022,20,4,1.6764,SFA
1/21/2022,21,-2,0,SFA
1/22/2022,22,-2,0,SFA
1/23/2022,23,3,0,SFA
1/24/2022,24,8,0,SFA
1/25/2022,25,8,1.8288,SFA
1/26/2022,26,0,0.0762,SFA
1/27/2022,27,6,0,SFA
1/28/2022,28,1,0,SFA
1/29/2022,29,9,0,SFA
1/30/2022,30,6,0,SFA
1/31/2022,31,11,0,SFA
2/1/2022,32,15,0.127,SFA
2/2/2022,33,17,0,SFA
2/3/2022,34,-3,0.889,SFA
2/4/2022,35,-3,1.1684,SFA
2/5/2022,36,-2,0,SFA
2/6/2022,37,2,0,SFA
2/7/2022,38,3,0,SFA
2/8/2022,39,4,0,SFA
2/9/2022,40,6,0,SFA
2/10/2022,41,8,0,SFA
2/11/2022,42,13,0,SFA
2/12/2022,43,-3,0,SFA
2/13/2022,44,2,0.7874,SFA
2/14/2022,45,11,0,SFA
2/15/2022,46,15,0,SFA
2/16/2022,47,19,0,SFA
2/17/2022,48,3,0.1524,SFA
2/18/2022,49,1,0.7112,SFA
2/19/2022,50,6,0,SFA
2/20/2022,51,14,0,SFA
2/21/2022,52,21,0,SFA
2/22/2022,53,13,0.1524,SFA
2/23/2022,54,3,0,SFA
2/24/2022,55,2,0,SFA
2/25/2022,56,4,0.0254,SFA
2/26/2022,57,3,0.0254,SFA
2/27/2022,58,2,1.4732,SFA
2/28/2022,59,5,0.0762,SFA
3/1/2022,60,7,0,SFA
3/2/2022,61,12,0,SFA
3/3/2022,62,12,0,SFA
3/4/2022,63,19,0,SFA
3/5/2022,64,22,0,SFA
3/6/2022,65,22,0,SFA
3/7/2022,66,6,0.0254,SFA
3/8/2022,67,4,0.1524,SFA
3/9/2022,68,5,3.3274,SFA
3/10/2022,69,8,0.0254,SFA
3/11/2022,70,2,0,SFA
3/12/2022,71,2,0.127,SFA
3/13/2022,72,12,0,SFA
3/14/2022,73,17,0,SFA
3/15/2022,74,12,1.4224,SFA
3/16/2022,75,15,0.0254,SFA
3/17/2022,76,17,0,SFA
3/18/2022,77,11,0.6096,SFA
3/19/2022,78,11,0,SFA
3/20/2022,79,18,0,SFA
3/21/2022,80,21,0,SFA
3/22/2022,81,11,0.7366,SFA
3/23/2022,82,10,5.4356,SFA
3/24/2022,83,9,0.0254,SFA
3/25/2022,84,14,0,SFA
3/26/2022,85,17,0,SFA
3/27/2022,86,21,0,SFA
3/28/2022,87,22,0,SFA
3/29/2022,88,23,0,SFA
3/30/2022,89,15,0,SFA
3/31/2022,90,12,1.1938,SFA
4/1/2022,91,16,0,SFA
4/2/2022,92,17,0,SFA
4/3/2022,93,22,0.0508,SFA
4/4/2022,94,22,0,SFA
4/5/2022,95,24,0.1524,SFA
4/6/2022,96,17,1.4732,SFA
4/7/2022,97,12,0,SFA
4/8/2022,98,11,0,SFA
4/9/2022,99,21,0,SFA
4/10/2022,100,22,0,SFA
4/11/2022,101,24,0,SFA
4/12/2022,102,24,0.0254,SFA
4/13/2022,103,16,4.7752,SFA
4/14/2022,104,14,0.3556,SFA
4/15/2022,105,23,0,SFA
4/16/2022,106,26,0,SFA
4/17/2022,107,21,0,SFA
4/18/2022,108,17.2,0,SFA
4/19/2022,109,17.2,0,SFA
4/20/2022,110,23,0,SFA
4/21/2022,111,23,0,SFA
4/22/2022,112,22,0,SFA
4/23/2022,113,23,0,SFA
4/24/2022,114,24,0,SFA
4/25/2022,115,17,0,SFA
4/26/2022,116,14,5.969,SFA
4/27/2022,117,15,0,SFA
4/28/2022,118,22,0,SFA
4/29/2022,119,23,0,SFA
4/30/2022,120,23,0,SFA
5/1/2022,121,24,0,SFA
5/2/2022,122,24,0,SFA
5/3/2022,123,24,0,SFA
5/4/2022,124,26,2.1336,SFA
5/5/2022,125,19,0,SFA
5/6/2022,126,21,1.9558,SFA
5/7/2022,127,27,0.0254,SFA
5/8/2022,128,27,0.0254,SFA
5/9/2022,129,27,0,SFA
5/10/2022,130,26,0,SFA
5/11/2022,131,24,0,SFA
5/12/2022,132,24,0,SFA
5/13/2022,133,25,0,SFA
5/14/2022,134,23,0,SFA
5/15/2022,135,23,0,SFA
5/16/2022,136,24,0,SFA
5/17/2022,137,24,0.0762,SFA
5/18/2022,138,28,0,SFA
5/19/2022,139,NA,0,SFA
5/20/2022,140,28,0,SFA
5/21/2022,141,28,0,SFA
5/22/2022,142,21,0.4826,SFA
5/23/2022,143,21,0.4572,SFA
5/24/2022,144,21,0,SFA
5/25/2022,145,NA,0.4318,SFA
5/26/2022,146,20,2.286,SFA
5/27/2022,147,19,0,SFA
5/28/2022,148,24,0,SFA
5/29/2022,149,27,0,SFA
5/30/2022,150,27,0,SFA
5/31/2022,151,28,0,SFA
6/1/2022,152,26,0,SFA
6/2/2022,153,23,0.381,SFA
6/3/2022,154,23,0,SFA
6/4/2022,155,24,0,SFA
6/5/2022,156,27,0.0508,SFA
6/6/2022,157,28,0,SFA
6/7/2022,158,27,0,SFA
6/8/2022,159,NA,0,SFA
6/9/2022,160,NA,0,SFA
6/10/2022,161,NA,0,SFA
6/11/2022,162,34,0,SFA
6/12/2022,163,NA,0,SFA
6/13/2022,164,NA,0,SFA
6/14/2022,165,NA,0,SFA
6/15/2022,166,30,0,SFA
6/16/2022,167,28,0,SFA
6/17/2022,168,24,0,SFA
6/18/2022,169,28,0,SFA
6/19/2022,170,26,0,SFA
6/20/2022,171,29,0,SFA
6/21/2022,172,31,0,SFA
6/22/2022,173,29,0,SFA
6/23/2022,174,30,0,SFA
6/24/2022,175,29,0,SFA
6/25/2022,176,29,0,SFA
6/26/2022,177,32,0,SFA
6/27/2022,178,34,0,SFA
6/28/2022,179,26.7,0,SFA
6/29/2022,180,28.3,0,SFA
6/30/2022,181,28,0.0254,SFA
7/1/2022,182,25,0,SFA
7/2/2022,183,27,0.0254,SFA
7/3/2022,184,30,3.6576,SFA
7/4/2022,185,31,0,SFA
7/5/2022,186,31,0,SFA
7/6/2022,187,29,0,SFA
7/7/2022,188,32,0,SFA
7/8/2022,189,29,0,SFA
7/9/2022,190,30,0,SFA
7/10/2022,191,31,0,SFA
7/11/2022,192,32,0,SFA
7/12/2022,193,32,0,SFA
7/13/2022,194,29,0,SFA
7/14/2022,195,28,0,SFA
7/15/2022,196,28,0,SFA
7/16/2022,197,31,0,SFA
7/17/2022,198,31,0,SFA
7/18/2022,199,33,0,SFA
7/19/2022,200,33,0,SFA
7/20/2022,201,32,0,SFA
7/21/2022,202,30,0,SFA
7/22/2022,203,26,0,SFA
7/23/2022,204,29,0,SFA
7/24/2022,205,31,0,SFA
7/25/2022,206,32,0,SFA
7/26/2022,207,31,0,SFA
7/27/2022,208,29,0,SFA
7/28/2022,209,31,0,SFA
7/29/2022,210,27,0,SFA
7/30/2022,211,27,0,SFA
7/31/2022,212,32,0,SFA
8/1/2022,213,30,0,SFA
8/2/2022,214,31,0,SFA
8/3/2022,215,30,0,SFA
8/4/2022,216,32,0,SFA
8/5/2022,217,25,0,SFA
8/6/2022,218,28,0.1778,SFA
8/7/2022,219,31,0.0254,SFA
8/8/2022,220,27,0,SFA
8/9/2022,221,24,0.8128,SFA
8/10/2022,222,25,0,SFA
8/11/2022,223,27,0.0762,SFA
8/12/2022,224,27,0.0254,SFA
8/13/2022,225,30,0,SFA
8/14/2022,226,29,0,SFA
8/15/2022,227,29,0,SFA
8/16/2022,228,29,0,SFA
8/17/2022,229,27,0,SFA
8/18/2022,230,23,0.2286,SFA
8/19/2022,231,24.3,6.5532,SFA
8/20/2022,232,25.3,0.127,SFA
8/21/2022,233,24.3,0.0254,SFA
8/22/2022,234,23.4,0.635,SFA
8/23/2022,235,24.3,6.6548,SFA
8/24/2022,236,24.5,0.4572,SFA
8/25/2022,237,25.9,0,SFA
8/26/2022,238,26.9,0,SFA
8/27/2022,239,26.2,0,SFA
8/28/2022,240,27.2,0,SFA
8/29/2022,241,25.8,0,SFA
8/30/2022,242,23.5,0.1524,SFA
8/31/2022,243,26.6,0.0508,SFA
9/1/2022,244,24.4,0,SFA
9/2/2022,245,23.8,0,SFA
9/3/2022,246,23,0,SFA
9/4/2022,247,25.3,0,SFA
9/5/2022,248,24.9,0,SFA
9/6/2022,249,24.2,0,SFA
9/7/2022,250,23.7,0,SFA
9/8/2022,251,23.1,1.4224,SFA
9/9/2022,252,22.4,0.0254,SFA
9/10/2022,253,23.2,0,SFA
9/11/2022,254,23.4,0,SFA
9/12/2022,255,20,0,SFA
9/13/2022,256,19.6,0,SFA
9/14/2022,257,20.8,0,SFA
9/15/2022,258,21.2,0,SFA
9/16/2022,259,23.9,0,SFA
9/17/2022,260,24.7,0,SFA
9/18/2022,261,26,0.2286,SFA
9/19/2022,262,24.3,0,SFA
9/20/2022,263,25.1,0,SFA
9/21/2022,264,24.8,0,SFA
9/22/2022,265,25,0,SFA
9/23/2022,266,24.9,0,SFA
9/24/2022,267,22.8,0,SFA
9/25/2022,268,24.3,0,SFA
9/26/2022,269,17.8,0,SFA
9/27/2022,270,18.9,0,SFA
9/28/2022,271,22.4,0,SFA
9/29/2022,272,15.7,0,SFA
9/30/2022,273,15.5,0,SFA
10/1/2022,274,14.9,0,SFA
10/2/2022,275,17.5,0,SFA
10/3/2022,276,18.9,0,SFA
10/4/2022,277,18.2,0,SFA
10/5/2022,278,17.9,0,SFA
10/6/2022,279,19.3,0,SFA
10/7/2022,280,23.3,0,SFA
10/8/2022,281,21.8,0,SFA
10/9/2022,282,18.5,0,SFA
10/10/2022,283,17.9,0,SFA
10/11/2022,284,17.1,0,SFA
10/12/2022,285,22.2,0,SFA
10/13/2022,286,16,0,SFA
10/14/2022,287,21.1,0,SFA
10/15/2022,288,21.3,0,SFA
10/16/2022,289,20.7,0,SFA
10/17/2022,290,15.1,0.0254,SFA
10/18/2022,291,9.7,1.2954,SFA
10/19/2022,292,6.7,0,SFA
10/20/2022,293,15.6,0,SFA
10/21/2022,294,21.2,0,SFA
10/22/2022,295,22,0,SFA
10/23/2022,296,22.7,0,SFA
10/24/2022,297,24.6,0,SFA
10/25/2022,298,10,1.4478,SFA
10/26/2022,299,10.6,0.0762,SFA
10/27/2022,300,13,0,SFA
10/28/2022,301,15.8,0,SFA
10/29/2022,302,15.7,3.175,SFA
10/30/2022,303,13.6,0.2032,SFA
10/31/2022,304,14.8,0,SFA
11/1/2022,305,13.8,0,SFA
11/2/2022,306,16.2,0,SFA
11/3/2022,307,22.2,0,SFA
11/4/2022,308,20.3,0,SFA
11/5/2022,309,10.7,0.1524,SFA
11/6/2022,310,21.1,0.0762,SFA
11/7/2022,311,22.5,0.0762,SFA
11/8/2022,312,21,0,SFA
11/9/2022,313,19.3,0,SFA
11/10/2022,314,16.6,0,SFA
11/11/2022,315,7.9,0,SFA
11/12/2022,316,3.8,3.175,SFA
11/13/2022,317,5.8,0,SFA
11/14/2022,318,6.8,0,SFA
11/15/2022,319,5.4,1.3208,SFA
11/16/2022,320,3.4,0.0254,SFA
11/17/2022,321,3.4,0,SFA
11/18/2022,322,9.2,0,SFA
11/19/2022,323,5.6,0,SFA
11/20/2022,324,7.7,0,SFA
11/21/2022,325,6.7,0,SFA
11/22/2022,326,9.2,0.1016,SFA
11/23/2022,327,13.8,0,SFA
11/24/2022,328,15.7,0,SFA
11/25/2022,329,14.9,1.9558,SFA
11/26/2022,330,9,0,SFA
11/27/2022,331,9.5,1.2954,SFA
11/28/2022,332,10.8,0,SFA
11/29/2022,333,21.4,0,SFA
11/30/2022,334,5.7,0,SFA
12/1/2022,335,7.4,0.0254,SFA
12/2/2022,336,20.6,0,SFA
12/3/2022,337,15.4,0,SFA
12/4/2022,338,17,0,SFA
12/5/2022,339,21,0,SFA
12/6/2022,340,22.2,0,SFA
12/7/2022,341,19.7,0.0254,SFA
12/8/2022,342,18.3,0,SFA
12/9/2022,343,18.1,0,SFA
12/10/2022,344,20.5,0,SFA
12/11/2022,345,16,5.1054,SFA
12/12/2022,346,16.9,1.0668,SFA
12/13/2022,347,14.6,0.0254,SFA
12/14/2022,348,8.7,0.3556,SFA
12/15/2022,349,4.3,0.0762,SFA
12/16/2022,350,4.7,0,SFA
12/17/2022,351,1.3,0.1778,SFA
12/18/2022,352,8.2,0,SFA
12/19/2022,353,5.5,0,SFA
12/20/2022,354,5.4,4.9276,SFA
12/21/2022,355,4.2,0.762,SFA
12/22/2022,356,-8.2,0.0254,SFA
12/23/2022,357,-5.7,0,SFA
12/24/2022,358,-3.7,0,SFA
12/25/2022,359,-1.6,0,SFA
12/26/2022,360,0.2,0,SFA
12/27/2022,361,-0.2,0,SFA
12/28/2022,362,17.8,0,SFA
12/29/2022,363,17.6,0,SFA
12/30/2022,364,13.2,7.874,SFA
12/31/2022,365,12.4,0.7366,SFA
1/1/2023,1,19.3,0,SFA
1/2/2023,2,22.5,0,SFA
1/3/2023,3,11.7,2.1336,SFA
1/4/2023,4,7.8,0.5842,SFA
1/5/2023,5,6.6,0,SFA
1/6/2023,6,18,0,SFA
1/7/2023,7,18.2,0,SFA
1/8/2023,8,8,0.1016,SFA
1/9/2023,9,9.1,0.8636,SFA
1/10/2023,10,14.7,0,SFA
1/11/2023,11,19.4,0.0254,SFA
1/12/2023,12,9,0,SFA
1/13/2023,13,4,0.3556,SFA
1/14/2023,14,7,0,SFA
1/15/2023,15,16.4,0,SFA
1/16/2023,16,16,0,SFA
1/17/2023,17,17.1,0,SFA
1/18/2023,18,11.6,0,SFA
1/19/2023,19,6.5,1.1938,SFA
1/20/2023,20,8.1,0.0254,SFA
1/21/2023,21,9.6,0,SFA
1/22/2023,22,4.1,0.0254,SFA
1/23/2023,23,8,0,SFA
1/24/2023,24,7.2,0,SFA
1/25/2023,25,4.1,5.7912,SFA
1/26/2023,26,2.3,0,SFA
1/27/2023,27,6.6,0,SFA
1/28/2023,28,18.5,0,SFA
1/29/2023,29,8.8,0.8128,SFA
1/30/2023,30,2.1,1.397,SFA
1/31/2023,31,1.5,0.3556,SFA
2/1/2023,32,2.5,0.2286,SFA
2/2/2023,33,4.6,3.0988,SFA
2/3/2023,34,4,3.2004,SFA
2/4/2023,35,5.2,0.0254,SFA
2/5/2023,36,11.1,0,SFA
2/6/2023,37,16,0,SFA
2/7/2023,38,18.6,0,SFA
2/8/2023,39,8.9,0,SFA
2/9/2023,40,9.8,0.1524,SFA
2/10/2023,41,6.9,0.0254,SFA
2/11/2023,42,4.4,0,SFA
2/12/2023,43,7.9,0.1016,SFA
2/13/2023,44,11.4,0.0254,SFA
2/14/2023,45,14.1,0,SFA
2/15/2023,46,22.5,0.254,SFA
2/16/2023,47,8,0,SFA
2/17/2023,48,2.6,0.2794,SFA
2/18/2023,49,8.3,0,SFA
2/19/2023,50,13,0,SFA
2/20/2023,51,21.7,0,SFA
2/21/2023,52,22.5,0,SFA
2/22/2023,53,21.8,0,SFA
2/23/2023,54,21.8,0.0762,SFA
2/24/2023,55,17.1,0,SFA
2/25/2023,56,15.1,0,SFA
2/26/2023,57,21.6,0,SFA
2/27/2023,58,13,0,SFA
2/28/2023,59,19.3,0,SFA
3/1/2023,60,23.8,0,SFA
3/2/2023,61,23.6,0,SFA
3/3/2023,62,10.6,1.8542,SFA
3/4/2023,63,13.2,0.0508,SFA
3/5/2023,64,14.4,0,SFA
3/6/2023,65,18,0,SFA
3/7/2023,66,20.9,0,SFA
3/8/2023,67,21.5,0,SFA
3/9/2023,68,19.8,0,SFA
3/10/2023,69,14.7,0.254,SFA
3/11/2023,70,22.5,1.5748,SFA
3/12/2023,71,13.6,0,SFA
3/13/2023,72,10.3,0,SFA
3/14/2023,73,9.5,0,SFA
3/15/2023,74,16.1,0,SFA
3/16/2023,75,20.3,0,SFA
3/17/2023,76,8.4,3.048,SFA
3/18/2023,77,8.6,0.1016,SFA
3/19/2023,78,2.9,0,SFA
3/20/2023,79,10.1,0,SFA
3/21/2023,80,19.3,0,SFA
3/22/2023,81,21.3,0,SFA
3/23/2023,82,23.6,0,SFA
3/24/2023,83,19.3,0,SFA
3/25/2023,84,14.3,0,SFA
3/26/2023,85,15.3,0,SFA
3/27/2023,86,19.7,0.3048,SFA
3/28/2023,87,15.5,0,SFA
3/29/2023,88,14.7,0,SFA
3/30/2023,89,21.1,0.3556,SFA
3/31/2023,90,20.5,0,SFA
4/1/2023,91,15.7,0.0254,SFA
4/2/2023,92,23.6,0.0508,SFA
4/3/2023,93,23.6,0,SFA
4/4/2023,94,25.2,0,SFA
4/5/2023,95,14.5,0,SFA
4/6/2023,96,10.7,0.6858,SFA
4/7/2023,97,11.4,6.8834,SFA
4/8/2023,98,17.2,0.5334,SFA
4/9/2023,99,16.4,0,SFA
4/10/2023,100,14,0,SFA
4/11/2023,101,14.6,0,SFA
4/12/2023,102,16.3,0,SFA
4/13/2023,103,14.7,0.1778,SFA
4/14/2023,104,20.9,0,SFA
4/15/2023,105,22.2,0,SFA
4/16/2023,106,11.5,0,SFA
4/17/2023,107,15.2,0,SFA
4/18/2023,108,17.7,0,SFA
4/19/2023,109,22.1,0,SFA
6/15/2005,166,29.4,NA,DC
6/16/2005,167,26.7,0,DC
6/17/2005,168,28.3,0,DC
6/18/2005,169,25,0,DC
6/19/2005,170,26.7,0,DC
6/20/2005,171,25,0,DC
6/21/2005,172,26,0,DC
6/22/2005,173,26.1,0,DC
6/23/2005,174,27.2,0,DC
6/24/2005,175,27.8,0,DC
6/25/2005,176,27.8,0,DC
6/26/2005,177,28.3,0,DC
6/27/2005,178,28.3,0,DC
6/28/2005,179,29.4,0,DC
6/29/2005,180,30,0,DC
6/30/2005,181,32.2,0,DC
7/1/2005,182,27.8,0,DC
7/2/2005,183,28.3,0,DC
7/3/2005,184,30,NA,DC
7/4/2005,185,30.6,0,DC
7/5/2005,186,28.9,0.18,DC
7/6/2005,187,30.6,0,DC
7/7/2005,188,23.3,2.64,DC
7/8/2005,189,25,0.03,DC
7/9/2005,190,25,0.05,DC
7/10/2005,191,28.9,NA,DC
7/11/2005,192,25.6,3.84,DC
7/12/2005,193,28.9,0,DC
7/13/2005,194,22.8,3.17,DC
7/14/2005,195,24.4,0,DC
7/15/2005,196,29.4,0,DC
7/16/2005,197,25,NA,DC
7/17/2005,198,25,NA,DC
7/18/2005,199,25.6,NA,DC
7/19/2005,200,28.9,0,DC
7/20/2005,201,24.4,0.56,DC
7/21/2005,202,27.8,0,DC
7/22/2005,203,23.9,0.1,DC
7/23/2005,204,27.2,0,DC
7/24/2005,205,28.3,NA,DC
7/25/2005,206,27.8,0,DC
7/26/2005,207,26.7,0,DC
7/27/2005,208,27.8,0,DC
7/28/2005,209,26.7,0,DC
7/29/2005,210,25.6,0,DC
7/30/2005,211,26.1,0,DC
7/31/2005,212,28.3,NA,DC
8/1/2005,213,28.3,0.1,DC
8/2/2005,214,23.3,2.31,DC
8/3/2005,215,25.6,0,DC
8/4/2005,216,26.1,0.2,DC
8/5/2005,217,25.6,0.3,DC
8/6/2005,218,27.8,0.03,DC
8/7/2005,219,22.2,NA,DC
8/8/2005,220,22.8,0.64,DC
8/9/2005,221,22.2,2.18,DC
8/10/2005,222,22.2,0.18,DC
8/11/2005,223,26.7,0,DC
8/12/2005,224,27.8,0,DC
8/13/2005,225,27.8,0,DC
8/14/2005,226,22.8,NA,DC
8/15/2005,227,22.8,0.99,DC
8/16/2005,228,24.4,0.03,DC
8/17/2005,229,28.3,0,DC
8/18/2005,230,27.8,0,DC
8/19/2005,231,27.8,0,DC
8/20/2005,232,28.9,0,DC
8/21/2005,233,30,NA,DC
8/22/2005,234,26.7,0.05,DC
8/23/2005,235,29.4,0,DC
8/24/2005,236,29.4,0,DC
8/25/2005,237,30,0,DC
8/26/2005,238,27.8,0.08,DC
8/27/2005,239,23.9,0.36,DC
8/28/2005,240,25,NA,DC
8/29/2005,241,24.4,0.69,DC
8/30/2005,242,26.1,0.03,DC
8/31/2005,243,27.2,0,DC
9/1/2005,244,26.7,0,DC
9/2/2005,245,26.7,0,DC
9/3/2005,246,27.8,0,DC
9/4/2005,247,27.2,0,DC
9/5/2005,248,26.1,0,DC
9/6/2005,249,26.1,0,DC
9/7/2005,250,25,0,DC
9/8/2005,251,25,0,DC
9/9/2005,252,26.1,0,DC
9/10/2005,253,25.6,0,DC
9/11/2005,254,26.1,NA,DC
9/12/2005,255,26.1,NA,DC
9/13/2005,256,28.9,0,DC
9/14/2005,257,30,0,DC
9/15/2005,258,30,0,DC
9/16/2005,259,26.7,0.05,DC
9/17/2005,260,28.9,0,DC
9/18/2005,261,29.4,NA,DC
9/19/2005,262,29.4,0,DC
9/20/2005,263,28.3,0,DC
9/21/2005,264,31.1,0,DC
9/22/2005,265,30,0,DC
9/23/2005,266,27.8,0.05,DC
9/24/2005,267,21.7,9.4,DC
9/25/2005,268,27.2,NA,DC
9/26/2005,269,29.4,0,DC
9/27/2005,270,28.3,0,DC
9/28/2005,271,26.7,0,DC
9/29/2005,272,21.1,0,DC
9/30/2005,273,20.6,0,DC
10/1/2005,274,25.6,0,DC
10/2/2005,275,23.9,NA,DC
10/3/2005,276,26.1,0,DC
10/4/2005,277,25,0,DC
10/5/2005,278,25.6,0,DC
10/6/2005,279,20.6,0,DC
10/7/2005,280,15,0,DC
10/8/2005,281,13.9,0,DC
10/9/2005,282,17.8,NA,DC
10/10/2005,283,18.9,0.05,DC
10/11/2005,284,22.2,0,DC
10/12/2005,285,21.7,0,DC
10/13/2005,286,21.1,0,DC
10/14/2005,287,22.2,0,DC
10/15/2005,288,19.4,0,DC
10/16/2005,289,20.6,NA,DC
10/17/2005,290,21.7,0,DC
10/18/2005,291,23.3,0,DC
10/19/2005,292,23.3,0,DC
10/20/2005,293,23.9,0,DC
10/21/2005,294,17.8,0,DC
10/22/2005,295,16.7,0,DC
10/23/2005,296,9.4,0,DC
10/24/2005,297,10.6,0,DC
10/25/2005,298,12.2,0,DC
10/26/2005,299,13.3,0,DC
10/27/2005,300,12.8,0,DC
10/28/2005,301,11.7,0,DC
10/29/2005,302,13.3,0,DC
10/30/2005,303,19.4,0,DC
10/31/2005,304,13.3,2.26,DC
11/1/2005,305,10,0,DC
11/2/2005,306,14.4,0,DC
11/3/2005,307,17.2,0,DC
11/4/2005,308,18.9,0,DC
11/5/2005,309,21.7,0,DC
11/6/2005,310,21.7,0,DC
11/7/2005,311,22.8,0,DC
11/8/2005,312,22.8,0,DC
11/9/2005,313,20.6,0,DC
11/10/2005,314,17.2,0,DC
11/11/2005,315,18.3,0,DC
11/12/2005,316,20.6,0.51,DC
11/13/2005,317,21.7,0.03,DC
11/14/2005,318,22.2,0,DC
11/15/2005,319,11.7,0.13,DC
11/16/2005,320,5,0,DC
11/17/2005,321,5,0,DC
11/18/2005,322,7.8,0,DC
11/19/2005,323,9.4,0,DC
11/20/2005,324,10,0,DC
11/21/2005,325,8.3,0,DC
11/22/2005,326,12.2,0,DC
11/23/2005,327,17.8,0,DC
11/24/2005,328,15..0,0,DC
11/25/2005,329,13.9,0,DC
11/26/2005,330,13.9,0.76,DC
11/27/2005,331,12.8,0.2,DC
11/28/2005,332,9.4,0.03,DC
11/29/2005,333,6.7,0,DC
11/30/2005,334,12.2,0,DC
12/1/2005,335,8.9,0,DC
12/2/2005,336,16.1,0,DC
12/3/2005,337,21.7,0,DC
12/4/2005,338,9.4,0,DC
12/5/2005,339,2.2,0,DC
12/6/2005,340,5.6,0,DC
12/7/2005,341,4.4,1.14,DC
12/8/2005,342,-2.8,0.38,DC
12/9/2005,343,2.8,0,DC
12/10/2005,344,6.7,0,DC
12/11/2005,345,7.8,0,DC
12/12/2005,346,10,0,DC
12/13/2005,347,16.1,0,DC
12/14/2005,348,6.7,0.66,DC
12/15/2005,349,4.4,0,DC
12/16/2005,350,3.3,0.15,DC
12/17/2005,351,2.8,0.41,DC
12/18/2005,352,5.6,0,DC
12/19/2005,353,5.6,0,DC
12/20/2005,354,4.4,0.13,DC
12/21/2005,355,1.7,0,DC
12/22/2005,356,7.2,0.03,DC
12/23/2005,357,13.9,0,DC
12/24/2005,358,11.7,0,DC
12/25/2005,359,9.4,0,DC
12/26/2005,360,15,0,DC
12/27/2005,361,18.3,0,DC
12/28/2005,362,12.2,0,DC
12/29/2005,363,13.9,0,DC
12/30/2005,364,13.9,0,DC
12/31/2005,365,16.1,0,DC
1/1/2006,1,21.1,0,DC
1/2/2006,2,16.7,0,DC
1/3/2006,3,16.7,0,DC
1/4/2006,4,16.7,0,DC
1/5/2006,5,11.7,0,DC
1/6/2006,6,6.7,0,DC
1/7/2006,7,16.1,0,DC
1/8/2006,8,17.2,0,DC
1/9/2006,9,20,0,DC
1/10/2006,10,4.4,0.03,DC
1/11/2006,11,11.7,0,DC
1/12/2006,12,18.9,0,DC
1/13/2006,13,8.9,0.13,DC
1/14/2006,14,11.1,0,DC
1/15/2006,15,16.7,0,DC
1/16/2006,16,15.6,1.02,DC
1/17/2006,17,4.4,0.03,DC
1/18/2006,18,14.4,0,DC
1/19/2006,19,18.3,0,DC
1/20/2006,20,17.8,0.15,DC
1/21/2006,21,12.2,0,DC
1/22/2006,22,7.2,5.66,DC
1/23/2006,23,9.4,0,DC
1/24/2006,24,8.9,0,DC
1/25/2006,25,12.8,0,DC
1/26/2006,26,8.9,0,DC
1/27/2006,27,16.7,0,DC
1/28/2006,28,17.2,3.23,DC
1/29/2006,29,16.7,0,DC
1/30/2006,30,10,0,DC
1/31/2006,31,13.3,0,DC
2/1/2006,32,15,4.6,DC
2/2/2006,33,14.4,0.23,DC
2/3/2006,34,6.7,0.13,DC
2/4/2006,35,8.9,0.03,DC
2/5/2006,36,15,0,DC
2/6/2006,37,8.3,0,DC
2/7/2006,38,5.6,0,DC
2/8/2006,39,12.8,0,DC
2/9/2006,40,11.7,0,DC
2/10/2006,41,5.6,3.96,DC
2/11/2006,42,1.7,0,DC
2/12/2006,43,8.3,0,DC
2/13/2006,44,6.7,0,DC
2/14/2006,45,14.4,0,DC
2/15/2006,46,18.3,0,DC
2/16/2006,47,20,0,DC
2/17/2006,48,5.6,0.2,DC
2/18/2006,49,0,0.15,DC
2/19/2006,50,-0.6,0.05,DC
2/20/2006,51,3.9,0.13,DC
2/21/2006,52,10,0.08,DC
2/22/2006,53,22.2,0.03,DC
2/23/2006,54,NA,NA,DC
2/24/2006,55,NA,NA,DC
2/25/2006,56,NA,NA,DC
2/26/2006,57,7.2,0,DC
2/27/2006,58,15.6,0,DC
2/28/2006,59,17.8,0,DC
3/1/2006,60,20,0,DC
3/2/2006,61,20,0,DC
3/3/2006,62,15.6,0,DC
3/4/2006,63,16.1,0,DC
3/5/2006,64,18.9,0,DC
3/6/2006,65,17.8,0,DC
3/7/2006,66,NA,NA,DC
3/8/2006,67,NA,NA,DC
3/9/2006,68,NA,NA,DC
3/10/2006,69,21.1,NA,DC
3/11/2006,70,23.3,0,DC
3/12/2006,71,23.3,0,DC
3/13/2006,72,13.9,0,DC
3/14/2006,73,12.2,0,DC
3/15/2006,74,16.7,0,DC
3/16/2006,75,17.8,0.05,DC
3/17/2006,76,19.4,0,DC
3/18/2006,77,12.2,0,DC
3/19/2006,78,12.2,0.13,DC
3/20/2006,79,15,5.82,DC
3/21/2006,80,8.3,0,DC
3/22/2006,81,8.3,0,DC
3/23/2006,82,5.6,0.03,DC
3/24/2006,83,5.6,0,DC
3/25/2006,84,11.7,0,DC
3/26/2006,85,14.4,0,DC
3/27/2006,86,17.2,0,DC
3/28/2006,87,13.3,3.63,DC
3/29/2006,88,17.2,0.13,DC
3/30/2006,89,20,0,DC
3/31/2006,90,21.1,0,DC
4/1/2006,91,21.1,0,DC
4/2/2006,92,23.3,NA,DC
4/3/2006,93,21.7,0,DC
4/4/2006,94,21.1,0,DC
4/5/2006,95,22.2,0,DC
4/6/2006,96,21.1,0,DC
4/7/2006,97,23.3,0,DC
4/8/2006,98,17.2,0,DC
4/9/2006,99,16.1,0,DC
4/10/2006,100,17.8,0,DC
4/11/2006,101,18.9,0,DC
4/12/2006,102,18.9,0,DC
4/13/2006,103,20.6,0,DC
4/14/2006,104,22.2,0,DC
4/15/2006,105,21.7,0,DC
4/16/2006,106,24.4,0,DC
4/17/2006,107,26.1,0,DC
4/18/2006,108,26.1,0,DC
4/19/2006,109,24.4,0,DC
4/20/2006,110,22.2,0.25,DC
4/21/2006,111,19.4,0.66,DC
4/22/2006,112,21.1,0.03,DC
4/23/2006,113,23.3,0,DC
4/24/2006,114,23.9,0,DC
4/25/2006,115,16.7,0,DC
4/26/2006,116,14.4,0.1,DC
4/27/2006,117,18.3,0,DC
4/28/2006,118,22.2,0,DC
4/29/2006,119,18.9,3.35,DC
4/30/2006,120,20,0,DC
5/1/2006,121,23.9,0,DC
5/2/2006,122,22.8,0,DC
5/3/2006,123,23.9,0,DC
5/4/2006,124,22.8,0,DC
5/5/2006,125,22.2,0,DC
5/6/2006,126,22.2,2.18,DC
5/7/2006,127,18.9,0,DC
5/8/2006,128,23.9,0.61,DC
5/9/2006,129,26.7,0,DC
5/10/2006,130,21.7,0.13,DC
5/11/2006,131,16.7,0,DC
5/12/2006,132,20,0,DC
5/13/2006,133,23.3,0,DC
5/14/2006,134,19.4,NA,DC
5/15/2006,135,17.8,0,DC
5/16/2006,136,17.8,0,DC
5/17/2006,137,19.4,0,DC
5/18/2006,138,22.2,0,DC
5/19/2006,139,26.1,0,DC
5/20/2006,140,24.4,0,DC
5/21/2006,141,23.9,NA,DC
5/22/2006,142,26.1,NA,DC
5/23/2006,143,25.6,0,DC
5/24/2006,144,26.7,0,DC
5/25/2006,145,27.2,0,DC
5/26/2006,146,27.2,0,DC
5/27/2006,147,27.2,0,DC
5/28/2006,148,26.1,NA,DC
5/29/2006,149,22.8,0.56,DC
5/30/2006,150,23.3,0,DC
5/31/2006,151,21.7,0.2,DC
6/1/2006,152,22.8,2.34,DC
6/2/2006,153,23.3,0,DC
6/3/2006,154,23.9,0,DC
6/4/2006,155,25.6,NA,DC
6/5/2006,156,25,0,DC
6/6/2006,157,27.8,0,DC
6/7/2006,158,28.3,0,DC
6/8/2006,159,27.2,0,DC
6/9/2006,160,28.3,0,DC
6/10/2006,161,28.3,0,DC
6/11/2006,162,27.2,0,DC
6/12/2006,163,27.8,0,DC
6/13/2006,164,26.7,0,DC
6/14/2006,165,26.1,0,DC
6/15/2006,166,28.9,0,DC
6/16/2006,167,26.1,0.03,DC
6/17/2006,168,25,3.05,DC
6/18/2006,169,23.9,NA,DC
6/19/2006,170,23.3,NA,DC
6/20/2006,171,25.6,0,DC
6/21/2006,172,25.6,0.05,DC
6/22/2006,173,23.9,0,DC
6/23/2006,174,26.7,0,DC
6/24/2006,175,24.4,0.36,DC
6/25/2006,176,24.4,NA,DC
6/26/2006,177,25.6,0,DC
6/27/2006,178,23.3,0,DC
6/28/2006,179,24.4,0,DC
6/29/2006,180,26.1,0,DC
6/30/2006,181,27.2,0,DC
7/1/2006,182,21.1,0.86,DC
7/2/2006,183,23.3,NA,DC
7/3/2006,184,23.9,0,DC
7/4/2006,185,23.9,0,DC
7/5/2006,186,25,0.3,DC
7/6/2006,187,26.1,0,DC
7/7/2006,188,27.2,0,DC
7/8/2006,189,27.8,0,DC
7/9/2006,190,25.6,NA,DC
7/10/2006,191,28.3,0,DC
7/11/2006,192,29.4,0,DC
7/12/2006,193,29.4,0,DC
7/13/2006,194,30,0,DC
7/14/2006,195,28.9,0,DC
7/15/2006,196,30.6,0,DC
7/16/2006,197,31.7,NA,DC
7/17/2006,198,23.9,NA,DC
7/18/2006,199,30.6,0,DC
7/19/2006,200,30,0,DC
7/20/2006,201,29.4,0.23,DC
7/21/2006,202,29.4,0,DC
7/22/2006,203,24.4,0,DC
7/23/2006,204,26.1,0,DC
7/24/2006,205,27.2,0,DC
7/25/2006,206,24.4,0,DC
7/26/2006,207,23.3,0.38,DC
7/27/2006,208,26.7,4.75,DC
7/28/2006,209,28.3,0,DC
7/29/2006,210,28.9,0,DC
7/30/2006,211,28.9,0,DC
7/31/2006,212,28.3,0,DC
8/1/2006,213,26.7,0,DC
8/2/2006,214,28.3,0,DC
8/3/2006,215,28.3,0,DC
8/4/2006,216,29.4,0,DC
8/5/2006,217,30.6,0,DC
8/6/2006,218,28.9,0,DC
8/7/2006,219,25.6,5.87,DC
8/8/2006,220,28.3,0,DC
8/9/2006,221,29.4,0,DC
8/10/2006,222,27.8,0,DC
8/11/2006,223,29.4,0,DC
8/12/2006,224,28.3,0,DC
8/13/2006,225,28.9,0,DC
8/14/2006,226,28.9,0,DC
8/15/2006,227,30,0,DC
8/16/2006,228,31.1,0,DC
8/17/2006,229,29.4,0,DC
8/18/2006,230,30,0,DC
8/19/2006,231,30,0,DC
8/20/2006,232,29.4,0,DC
8/21/2006,233,28.9,0,DC
8/22/2006,234,23.3,0.48,DC
8/23/2006,235,28.3,0.03,DC
8/24/2006,236,29.4,0,DC
8/25/2006,237,30,0,DC
8/26/2006,238,24.4,0.71,DC
8/27/2006,239,26.1,0.05,DC
8/28/2006,240,25,0,DC
8/29/2006,241,26.7,0,DC
8/30/2006,242,26.1,0,DC
8/31/2006,243,27.2,0,DC
9/1/2006,244,27.2,0,DC
9/2/2006,245,27.2,0,DC
9/3/2006,246,26.7,0,DC
9/4/2006,247,25.6,0,DC
9/5/2006,248,23.9,0.03,DC
9/6/2006,249,26.1,0,DC
9/7/2006,250,24.4,0,DC
9/8/2006,251,26.1,0,DC
9/9/2006,252,25,0,DC
9/10/2006,253,26.1,0,DC
9/11/2006,254,22.8,0.3,DC
9/12/2006,255,23.3,0.18,DC
9/13/2006,256,24.4,0,DC
9/14/2006,257,25,0,DC
9/15/2006,258,27.8,0,DC
9/16/2006,259,28.3,0,DC
9/17/2006,260,24.6,3.33,DC
9/18/2006,261,19.4,7.87,DC
9/19/2006,262,21.1,0.03,DC
9/20/2006,263,21.1,0,DC
9/21/2006,264,27.2,0,DC
9/22/2006,265,28.3,0,DC
9/23/2006,266,23.3,0.28,DC
9/24/2006,267,20,0.03,DC
9/25/2006,268,17.8,0,DC
9/26/2006,269,19.4,0,DC
9/27/2006,270,23.3,0,DC
9/28/2006,271,18.3,0,DC
9/29/2006,272,21.7,0,DC
9/30/2006,273,24.4,0,DC
10/1/2006,274,24.4,0,DC
10/2/2006,275,23.9,0,DC
10/3/2006,276,23.9,0,DC
10/4/2006,277,23.9,0,DC
10/5/2006,278,25,0,DC
10/6/2006,279,21.7,0,DC
10/7/2006,280,19.4,0,DC
10/8/2006,281,19.4,0,DC
10/9/2006,282,21.7,0,DC
10/10/2006,283,18.9,6.45,DC
10/11/2006,284,19.4,0,DC
10/12/2006,285,13.3,0.15,DC
10/13/2006,286,15,0.03,DC
10/14/2006,287,18.9,0,DC
10/15/2006,288,20.6,2.39,DC
10/16/2006,289,21.7,5.44,DC
10/17/2006,290,21.7,0.03,DC
10/18/2006,291,23.3,0.41,DC
10/19/2006,292,11.7,0.81,DC
10/20/2006,293,12.2,0,DC
10/21/2006,294,16.7,0,DC
10/22/2006,295,11.7,0,DC
10/23/2006,296,11.7,0,DC
10/24/2006,297,16.1,0.03,DC
10/25/2006,298,19.4,8.74,DC
10/26/2006,299,22.8,8.36,DC
10/27/2006,300,12.8,0,DC
10/28/2006,301,13.3,0,DC
10/29/2006,302,15.6,0,DC
10/30/2006,303,19.4,0,DC
10/31/2006,304,16.7000000,0,DC
11/1/2006,305,10.6000000,0,DC
11/2/2006,306,6.7000000,0,DC
11/3/2006,307,8.3000000,0,DC
11/4/2006,308,13.3000000,0,DC
11/5/2006,309,18.9000000,0.08,DC
11/6/2006,310,15.6000000,6.83,DC
11/7/2006,311,13.9000000,0.03,DC
11/8/2006,312,18.3000000,0,DC
11/9/2006,313,22.8000000,0,DC
11/10/2006,314,17.2000000,0,DC
11/11/2006,315,7.8000000,0,DC
11/12/2006,316,11.7000000,0,DC
11/13/2006,317,16.7000000,0,DC
11/14/2006,318,20.0000000,0,DC
11/15/2006,319,8.3000000,0,DC
11/16/2006,320,4.4000000,0,DC
11/17/2006,321,11.1000000,0,DC
11/18/2006,322,13.3000000,0,DC
11/19/2006,323,7.2000000,0,DC
11/20/2006,324,5.6000000,0,DC
11/21/2006,325,7.2000000,0,DC
11/22/2006,326,12.2000000,0,DC
11/23/2006,327,14.4000000,0,DC
11/24/2006,328,12.8000000,0,DC
11/25/2006,329,12.8000000,0.03,DC
11/26/2006,330,16.7000000,0,DC
11/27/2006,331,17.8000000,0.86,DC
11/28/2006,332,19.4000000,0.56,DC
11/29/2006,333,20.6000000,0,DC
11/30/2006,334,-0.6000000,0.71,DC
12/1/2006,335,1.7000000,0,DC
12/2/2006,336,5.0000000,0,DC
12/3/2006,337,3.9000000,0,DC
12/4/2006,338,1.1000000,0,DC
12/5/2006,339,7.8000000,0,DC
12/6/2006,340,12.2000000,0,DC
12/7/2006,341,5.6000000,0,DC
12/8/2006,342,-0.6000000,0,DC
12/9/2006,343,1.7000000,0,DC
12/10/2006,344,11.7000000,0.69,DC
12/11/2006,345,17.8000000,0.99,DC
12/12/2006,346,8.9000000,0,DC
12/13/2006,347,11.7000000,0,DC
12/14/2006,348,13.9000000,0,DC
12/15/2006,349,15.6000000,0,DC
12/16/2006,350,18.3000000,0,DC
12/17/2006,351,18.3000000,0,DC
12/18/2006,352,17.2000000,0.74,DC
12/19/2006,353,16.7000000,0.2,DC
12/20/2006,354,12.2000000,0.94,DC
12/21/2006,355,12.2000000,0.03,DC
12/22/2006,356,7.2000000,0,DC
12/23/2006,357,10.0000000,0.03,DC
12/24/2006,358,6.1000000,2.44,DC
12/25/2006,359,3.3000000,0.1,DC
12/26/2006,360,3.3000000,0,DC
12/27/2006,361,8.3000000,0,DC
12/28/2006,362,16.7000000,0,DC
12/29/2006,363,18.9000000,1.98,DC
12/30/2006,364,11.1000000,0.05,DC
12/31/2006,365,5,0,DC
1/1/2007,1,5,0,DC
1/2/2007,2,4.4,0,DC
1/3/2007,3,10.6,NA,DC
1/4/2007,4,11.1,3.66,DC
1/5/2007,5,11.7,0,DC
1/6/2007,6,13.3,0.38,DC
1/7/2007,7,8.3,0.66,DC
1/8/2007,8,7.8,0,DC
1/9/2007,9,10,0,DC
1/10/2007,10,10.6,0,DC
1/11/2007,11,17.2,0,DC
1/12/2007,12,19.4,0,DC
1/13/2007,13,8.9,2.74,DC
1/14/2007,14,3.3,3.81,DC
1/15/2007,15,-1.7,4.09,DC
1/16/2007,16,-1.7,0,DC
1/17/2007,17,0,0.46,DC
1/18/2007,18,3.9,0.46,DC
1/19/2007,19,5,0,DC
1/20/2007,20,7.2,1.12,DC
1/21/2007,21,8.9,0,DC
1/22/2007,22,4.4,0,DC
1/23/2007,23,4.4,0.03,DC
1/24/2007,24,6.7,0,DC
1/25/2007,25,10.6,0,DC
1/26/2007,26,10.6,0,DC
1/27/2007,27,9.4,0.13,DC
1/28/2007,28,0.6,0,DC
1/29/2007,29,7.8,0,DC
1/30/2007,30,5.6,0.23,DC
1/31/2007,31,3.3,0.05,DC
2/1/2007,32,5,0.03,DC
2/2/2007,33,1.1,0,DC
2/3/2007,34,3.9,0,DC
2/4/2007,35,8.3,0,DC
2/5/2007,36,8.9,0,DC
2/6/2007,37,13.9,0,DC
2/7/2007,38,16.1,0,DC
2/8/2007,39,7.8,0,DC
2/9/2007,40,4.4,0,DC
2/10/2007,41,2.8,0,DC
2/11/2007,42,9.4,0,DC
2/12/2007,43,15.6,2.44,DC
2/13/2007,44,3.3,0.03,DC
2/14/2007,45,1.1,0,DC
2/15/2007,46,-2.2,0,DC
2/16/2007,47,2.2,0,DC
2/17/2007,48,7.8,0,DC
2/18/2007,49,7.2,0,DC
2/19/2007,50,15,0,DC
2/20/2007,51,16.1,0,DC
2/21/2007,52,16.7,0,DC
2/22/2007,53,16.7,0,DC
2/23/2007,54,17.8,0,DC
2/24/2007,55,17.2,0.51,DC
2/25/2007,56,8.9,0,DC
2/26/2007,57,18.3,0,DC
2/27/2007,58,17.8,0,DC
2/28/2007,59,20,0,DC
3/1/2007,60,10.6,0,DC
3/2/2007,61,10.6,0,DC
3/3/2007,62,7.8,0,DC
3/4/2007,63,5,0,DC
3/5/2007,64,9.4,0,DC
3/6/2007,65,12.2,0,DC
3/7/2007,66,13.9,0,DC
3/8/2007,67,15.6,0,DC
3/9/2007,68,17.8,0,DC
3/10/2007,69,18.3,0,DC
3/11/2007,70,19.4,0,DC
3/12/2007,71,17.8,1.22,DC
3/13/2007,72,17.8,1.24,DC
3/14/2007,73,15.6,1.04,DC
3/15/2007,74,18.9,0,DC
3/16/2007,75,13.3,0.03,DC
3/17/2007,76,17.2,0,DC
3/18/2007,77,17.2,0,DC
3/19/2007,78,18.9,0,DC
3/20/2007,79,20,0,DC
3/21/2007,80,20,0,DC
3/22/2007,81,20,0,DC
3/23/2007,82,18.9,0,DC
3/24/2007,83,21.7,0,DC
3/25/2007,84,20.6,0,DC
3/26/2007,85,20.6,0,DC
3/27/2007,86,21.1,1.96,DC
3/28/2007,87,22.2,0,DC
3/29/2007,88,22.2,0,DC
3/30/2007,89,19.4,0,DC
3/31/2007,90,16.7,0.18,DC
4/1/2007,91,19.4,0,DC
4/2/2007,92,21.02,2.44,DC
4/3/2007,93,22.8,0,DC
4/4/2007,94,14.4,0,DC
4/5/2007,95,13.3,0,DC
4/6/2007,96,10.6,0,DC
4/7/2007,97,0,0.03,DC
4/8/2007,98,7.8,1.17,DC
4/9/2007,99,12.8,0,DC
4/10/2007,100,20,0.1,DC
4/11/2007,101,16.7,0,DC
4/12/2007,102,17.2,0,DC
4/13/2007,103,22.2,0.18,DC
4/14/2007,104,8.3,0.46,DC
4/15/2007,105,13.3,0,DC
4/16/2007,106,17.2,0,DC
4/17/2007,107,16.7,0.53,DC
4/18/2007,108,16.1,0.03,DC
4/19/2007,109,18.9,0,DC
4/20/2007,110,19.4,0,DC
4/21/2007,111,19.4,0,DC
4/22/2007,112,22.2,0,DC
4/23/2007,113,21.1,0,DC
4/24/2007,114,22.2,0,DC
4/25/2007,115,16.7,1.75,DC
4/26/2007,116,16.1,0.03,DC
4/27/2007,117,18.9,0,DC
4/28/2007,118,21.7,0,DC
4/29/2007,119,22.2,0,DC
4/30/2007,120,18.3,0.74,DC
5/1/2007,121,18.3,5.71,DC
5/2/2007,122,22.8,0.05,DC
5/3/2007,123,18.3,1.68,DC
5/4/2007,124,23.9,0,DC
5/5/2007,125,25.6,0,DC
5/6/2007,126,25.6,0,DC
5/7/2007,127,24.4,0,DC
5/8/2007,128,22.2,0.1,DC
5/9/2007,129,21.1,1.22,DC
5/10/2007,130,21.1,0,DC
5/11/2007,131,21.1,0.51,DC
5/12/2007,132,24.4,0,DC
5/13/2007,133,23.3,0,DC
5/14/2007,134,23.9,0,DC
5/15/2007,135,25,0,DC
5/16/2007,136,17.8,0,DC
5/17/2007,137,17.8,0,DC
5/18/2007,138,17.8,0,DC
5/19/2007,139,18.3,0,DC
5/20/2007,140,21.7,0,DC
5/21/2007,141,20.6,0.2,DC
5/22/2007,142,20,3.78,DC
5/23/2007,143,21.1,0.48,DC
5/24/2007,144,21.7,0.03,DC
5/25/2007,145,21.1,0,DC
5/26/2007,146,20.6,0.66,DC
5/27/2007,147,20.6,0.81,DC
5/28/2007,148,20,0.84,DC
5/29/2007,149,19.4,0.58,DC
5/30/2007,150,17.8,1.73,DC
5/31/2007,151,23.9,0,DC
6/1/2007,152,25,0,DC
6/2/2007,153,23.9,0,DC
6/3/2007,154,22.8,1.22,DC
6/4/2007,155,20,0,DC
6/5/2007,156,24.4,0,DC
6/6/2007,157,25.6,0,DC
6/7/2007,158,27.2,0,DC
6/8/2007,159,27.8,0,DC
6/9/2007,160,26.7,0,DC
6/10/2007,161,25,0,DC
6/11/2007,162,27.2,0,DC
6/12/2007,163,26.1,0,DC
6/13/2007,164,25.6,0,DC
6/14/2007,165,21.1,3.38,DC
6/15/2007,166,22.2,1.04,DC
6/16/2007,167,22.2,3.17,DC
6/17/2007,168,23.3,1.3,DC
6/18/2007,169,26.7,0,DC
6/19/2007,170,22.2,0.13,DC
6/20/2007,171,26.1,0,DC
6/21/2007,172,21.1,1.09,DC
6/22/2007,173,24.4,0,DC
6/23/2007,174,19.4,0.53,DC
6/24/2007,175,25,0.28,DC
6/25/2007,176,22.2,0.61,DC
6/26/2007,177,26.7,0.1,DC
6/27/2007,178,26.1,0,DC
6/28/2007,179,26.1,0,DC
6/29/2007,180,24.4,0.64,DC
6/30/2007,181,23.9,0.18,DC
7/1/2007,182,24.4,2.92,DC
7/2/2007,183,24.4,0,DC
7/3/2007,184,24.4,1.63,DC
7/4/2007,185,23.3,0.1,DC
7/5/2007,186,23.3,3.2,DC
7/6/2007,187,24.4,2.57,DC
7/7/2007,188,26.1,0,DC
7/8/2007,189,26.7,0.84,DC
7/9/2007,190,27.2,0,DC
7/10/2007,191,27.2,0,DC
7/11/2007,192,27.2,0,DC
7/12/2007,193,26.7,0,DC
7/13/2007,194,26.1,0,DC
7/14/2007,195,24.4,3.78,DC
7/15/2007,196,25,0,DC
7/16/2007,197,23.9,0,DC
7/17/2007,198,23.3,0,DC
7/18/2007,199,25.6,0,DC
7/19/2007,200,22.8,2.39,DC
7/20/2007,201,24.4,0.08,DC
7/21/2007,202,26.7,0,DC
7/22/2007,203,26.1,0,DC
7/23/2007,204,21.7,0,DC
7/24/2007,205,23.3,0,DC
7/25/2007,206,24.4,0,DC
7/26/2007,207,24.4,0.58,DC
7/27/2007,208,23.9,0,DC
7/28/2007,209,25.6,0,DC
7/29/2007,210,25.6,0.84,DC
7/30/2007,211,26.1,0,DC
7/31/2007,212,26.7,0,DC
8/1/2007,213,23.3,2.64,DC
8/2/2007,214,23.9,0.23,DC
8/3/2007,215,27.2,0,DC
8/4/2007,216,26.7,0,DC
8/5/2007,217,27.2,0,DC
8/6/2007,218,27.8,0,DC
8/7/2007,219,27.2,0,DC
8/8/2007,220,26.7,0,DC
8/9/2007,221,26.7,0,DC
8/10/2007,222,28.3,0,DC
8/11/2007,223,28.9,0,DC
8/12/2007,224,30.6,0,DC
8/13/2007,225,28.3,0,DC
8/14/2007,226,29.4,0,DC
8/15/2007,227,27.8,0,DC
8/16/2007,228,26.1,0,DC
8/17/2007,229,23.3,1.22,DC
8/18/2007,230,26.7,0.03,DC
8/19/2007,231,26.7,0,DC
8/20/2007,232,26.7,0,DC
8/21/2007,233,27.2,0,DC
8/22/2007,234,27.2,0,DC
8/23/2007,235,27.8,0,DC
8/24/2007,236,27.8,0,DC
8/25/2007,237,26.7,0,DC
8/26/2007,238,27.8,0,DC
8/27/2007,239,25,0,DC
8/28/2007,240,26.7,0,DC
8/29/2007,241,23.3,0.13,DC
8/30/2007,242,22.8,0.05,DC
8/31/2007,243,23.3,0.36,DC
9/1/2007,244,24.4,0,DC
9/2/2007,245,22.8,0,DC
9/3/2007,246,22.2,0.69,DC
9/4/2007,247,25.6,0.18,DC
9/5/2007,248,25,0.69,DC
9/6/2007,249,26.1,0.03,DC
9/7/2007,250,27.2,0,DC
9/8/2007,251,27.8,0,DC
9/9/2007,252,26.1,0,DC
9/10/2007,253,26.7,0,DC
9/11/2007,254,22.8,2.72,DC
9/12/2007,255,22.2,0,DC
9/13/2007,256,23.9,0,DC
9/14/2007,257,25.6,0,DC
9/15/2007,258,23.9,0,DC
9/16/2007,259,22.8,0,DC
9/17/2007,260,23.9,0,DC
9/18/2007,261,25,0,DC
9/19/2007,262,25,0,DC
9/20/2007,263,22.2,0,DC
9/21/2007,264,22.8,0,DC
9/22/2007,265,25,0,DC
9/23/2007,266,23.9,0,DC
9/24/2007,267,25,0,DC
9/25/2007,268,25,0,DC
9/26/2007,269,25.6,0,DC
9/27/2007,270,20.6,1.14,DC
9/28/2007,271,22.2,0,DC
9/29/2007,272,24.4,0,DC
9/30/2007,273,24.4,0,DC
10/1/2007,274,25,0,DC
10/2/2007,275,23.9,0,DC
10/3/2007,276,23.9,0,DC
10/4/2007,277,25.6,0,DC
10/5/2007,278,25.6,0,DC
10/6/2007,279,25,0.51,DC
10/7/2007,280,25.6,0,DC
10/8/2007,281,25,0,DC
10/9/2007,282,23.9,0,DC
10/10/2007,283,20..0,0,DC
10/11/2007,284,21.1,0,DC
10/12/2007,285,18.9,0,DC
10/13/2007,286,20,0,DC
10/14/2007,287,24.4,0,DC
10/15/2007,288,17.2,1.12,DC
10/16/2007,289,21.1,0,DC
10/17/2007,290,25.6,0.03,DC
10/18/2007,291,21.1,0,DC
10/19/2007,292,16.7,0,DC
10/20/2007,293,21.7,0,DC
10/21/2007,294,21.7,0,DC
10/22/2007,295,12.2,0.94,DC
10/23/2007,296,10.6,0,DC
10/24/2007,297,13.3,0,DC
10/25/2007,298,10,0,DC
10/26/2007,299,12.2,0,DC
10/27/2007,300,15,0,DC
10/28/2007,301,15.6,0,DC
10/29/2007,302,15,0,DC
10/30/2007,303,15,0,DC
10/31/2007,304,16.7,0,DC
11/1/2007,305,20,0,DC
11/2/2007,306,19.4,0,DC
11/3/2007,307,18.3,0,DC
11/4/2007,308,18.3,0,DC
11/5/2007,309,18.9,0,DC
11/6/2007,310,11.1,0,DC
11/7/2007,311,11.7,0,DC
11/8/2007,312,14.4,0,DC
11/9/2007,313,18.9,0,DC
11/10/2007,314,19.4,0.23,DC
11/11/2007,315,18.9,0,DC
11/12/2007,316,19.4,0,DC
11/13/2007,317,20.6,0,DC
11/14/2007,318,18.3,0,DC
11/15/2007,319,7.2,0,DC
11/16/2007,320,13.3,0,DC
11/17/2007,321,18.3,1.27,DC
11/18/2007,322,15.6,1.27,DC
11/19/2007,323,17.2,0,DC
11/20/2007,324,20.6,0,DC
11/21/2007,325,9.4,0.64,DC
11/22/2007,326,8.3,0.03,DC
11/23/2007,327,7.2,0.03,DC
11/24/2007,328,4.4,4.9,DC
11/25/2007,329,5,1.09,DC
11/26/2007,330,6.1,0,DC
11/27/2007,331,6.7,0,DC
11/28/2007,332,11.7,0,DC
11/29/2007,333,12.2,0,DC
11/30/2007,334,13.9,0,DC
12/1/2007,335,20,0,DC
12/2/2007,336,16.7,0,DC
12/3/2007,337,3.3,0,DC
12/4/2007,338,9.4,0,DC
12/5/2007,339,15.6,0,DC
12/6/2007,340,15,0,DC
12/7/2007,341,21.7,0,DC
12/8/2007,342,21.1,0,DC
12/9/2007,343,15.6,0.05,DC
12/10/2007,344,18.9,0.08,DC
12/11/2007,345,22.2,0.03,DC
12/12/2007,346,6.1,0.79,DC
12/13/2007,347,10,0.61,DC
12/14/2007,348,12.2,0,DC
12/15/2007,349,2.8,3.51,DC
12/16/2007,350,0.6,0,DC
12/17/2007,351,7.2,0,DC
12/18/2007,352,13.9,0,DC
12/19/2007,353,17.8,0.15,DC
12/20/2007,354,11.7,2.13,DC
12/21/2007,355,14.4,0,DC
12/22/2007,356,3.3,0.08,DC
12/23/2007,357,1.7,0,DC
12/24/2007,358,4.4,0,DC
12/25/2007,359,6.1,0,DC
12/26/2007,360,3.3,1.22,DC
12/27/2007,361,7.2,0,DC
12/28/2007,362,6.1,0.05,DC
12/29/2007,363,4.4,0,DC
12/30/2007,364,9.4,0,DC
12/31/2007,365,8.3,0,DC
1/1/2008,1,3.3,0,DC
1/2/2008,2,0,0,DC
1/3/2008,3,0.6,0,DC
1/4/2008,4,13.3,0,DC
1/5/2008,5,18.9,0,DC
1/6/2008,6,18.9,0,DC
1/7/2008,7,20.6,0,DC
1/8/2008,8,8.9,0.08,DC
1/9/2008,9,9.4,0,DC
1/10/2008,10,7.2,0,DC
1/11/2008,11,7.8,0,DC
1/12/2008,12,7.8,1.09,DC
1/13/2008,13,6.7,0,DC
1/14/2008,14,8.3,0,DC
1/15/2008,15,8.3,0.13,DC
1/16/2008,16,9.4,0.25,DC
1/17/2008,17,4.4,0,DC
1/18/2008,18,1.1,0.74,DC
1/19/2008,19,2.2,0.03,DC
1/20/2008,20,2.8,0,DC
1/21/2008,21,8.3,0.13,DC
1/22/2008,22,5,0.25,DC
1/23/2008,23,4.4,0,DC
1/24/2008,24,4.4,0.23,DC
1/25/2008,25,2.2,0.79,DC
1/26/2008,26,6.1,0.03,DC
1/27/2008,27,7.2,0,DC
1/28/2008,28,17.2,0,DC
1/29/2008,29,6.7,0.08,DC
1/30/2008,30,6.1,0.13,DC
1/31/2008,31,3.9,1.37,DC
2/1/2008,32,6.7,0,DC
2/2/2008,33,17.2,0,DC
2/3/2008,34,20.6,0,DC
2/4/2008,35,21.7,0,DC
2/5/2008,36,14.4,0.1,DC
2/6/2008,37,3.9,0,DC
2/7/2008,38,7.2,0,DC
2/8/2008,39,15.6,0,DC
2/9/2008,40,14.4,0,DC
2/10/2008,41,15.6,0,DC
2/11/2008,42,16.7,0,DC
2/12/2008,43,6.7,3.61,DC
2/13/2008,44,5.6,0,DC
2/14/2008,45,15,0,DC
2/15/2008,46,17.2,1.65,DC
2/16/2008,47,7.8,6.27,DC
2/17/2008,48,9.4,0,DC
2/18/2008,49,6.1,0,DC
2/19/2008,50,13.3,0,DC
2/20/2008,51,16.7,0.38,DC
2/21/2008,52,11.7,1.83,DC
2/22/2008,53,3.3,0,DC
2/23/2008,54,11.7,0,DC
2/24/2008,55,10.6,0,DC
2/25/2008,56,20.6,0,DC
2/26/2008,57,5.6,0,DC
2/27/2008,58,7.8,0,DC
2/28/2008,59,15.6,0,DC
2/29/2008,60,17.2,0.33,DC
3/1/2008,61,18.3,0.36,DC
3/2/2008,62,20,0.05,DC
3/3/2008,63,4.4,2.77,DC
3/4/2008,64,6.7,0,DC
3/5/2008,65,13.9,0,DC
3/6/2008,66,5.6,2.87,DC
3/7/2008,67,3.3,0.69,DC
3/8/2008,68,5.6,0,DC
3/9/2008,69,16.7,0,DC
3/10/2008,70,11.7,3.4,DC
3/11/2008,71,11.1,0,DC
3/12/2008,72,16.7,0,DC
3/13/2008,73,18.3,0,DC
3/14/2008,74,23.3,0,DC
3/15/2008,75,17.8,0,DC
3/16/2008,76,22.2,0,DC
3/17/2008,77,23.3,0,DC
3/18/2008,78,20,0.33,DC
3/19/2008,79,12.2,0.2,DC
3/20/2008,80,16.7,0,DC
3/21/2008,81,17.2,0,DC
3/22/2008,82,17.2,0,DC
3/23/2008,83,11.7,0,DC
3/24/2008,84,10.6,0,DC
3/25/2008,85,17.8,0,DC
3/26/2008,86,19.4,0,DC
3/27/2008,87,21.1,0,DC
3/28/2008,88,20.6,0,DC
3/29/2008,89,22.2,0.13,DC
3/30/2008,90,20,5.05,DC
3/31/2008,91,21.7,0,DC
4/1/2008,92,17.2,0,DC
4/2/2008,93,19.4,0,DC
4/3/2008,94,21.7,0,DC
4/4/2008,95,11.7,5.41,DC
4/5/2008,96,12.2,0,DC
4/6/2008,97,18.3,0,DC
4/7/2008,98,21.1,0,DC
4/8/2008,99,22.2,0,DC
4/9/2008,100,23.3,0,DC
4/10/2008,101,18.3,1.12,DC
4/11/2008,102,15.6,0.15,DC
4/12/2008,103,12.8,0,DC
4/13/2008,104,10.6,0,DC
4/14/2008,105,10.6,0,DC
4/15/2008,106,13.3,0,DC
4/16/2008,107,18.3,0,DC
4/17/2008,108,20.6,0,DC
4/18/2008,109,12.2,2.82,DC
4/19/2008,110,18.9,0,DC
4/20/2008,111,20.6,0,DC
4/21/2008,112,22.2,0,DC
4/22/2008,113,24.4,0,DC
4/23/2008,114,23.9,0,DC
4/24/2008,115,22.2,0.25,DC
4/25/2008,116,22.8,0,DC
4/26/2008,117,21.7,0,DC
4/27/2008,118,13.9,0,DC
4/28/2008,119,13.9,0,DC
4/29/2008,120,18.9,0,DC
4/30/2008,121,21.1,0,DC
5/1/2008,122,22.8,0,DC
5/2/2008,123,20.6,0,DC
5/3/2008,124,16.1,0,DC
5/4/2008,125,18.9,0,DC
5/5/2008,126,16.1,0.38,DC
5/6/2008,127,21.7,0,DC
5/7/2008,128,19.4,0.64,DC
5/8/2008,129,21.1,0,DC
5/9/2008,130,25.6,0,DC
5/10/2008,131,25,0,DC
5/11/2008,132,17.2,0,DC
5/12/2008,133,20.6,0,DC
5/13/2008,134,24.4,0.2,DC
5/14/2008,135,21.1,1.78,DC
5/15/2008,136,17.8,3.73,DC
5/16/2008,137,17.2,0,DC
5/17/2008,138,16.7,0.08,DC
5/18/2008,139,22.8,0.03,DC
5/19/2008,140,25,0,DC
5/20/2008,141,26.1,0,DC
5/21/2008,142,25.6,0,DC
5/22/2008,143,25,0,DC
5/23/2008,144,27.2,0,DC
5/24/2008,145,26.1,0,DC
5/25/2008,146,27.2,0,DC
5/26/2008,147,26.7,0,DC
5/27/2008,148,19.4,3.51,DC
5/28/2008,149,25.6,0,DC
5/29/2008,150,24.4,0,DC
5/30/2008,151,25,0,DC
5/31/2008,152,25.6,0,DC
6/1/2008,153,25.6,0,DC
6/2/2008,154,27.2,0,DC
6/3/2008,155,27.8,0,DC
6/4/2008,156,27.2,0,DC
6/5/2008,157,27.2,0,DC
6/6/2008,158,27.2,0.48,DC
6/7/2008,159,27.8,0,DC
6/8/2008,160,27.8,0,DC
6/9/2008,161,27.2,0,DC
6/10/2008,162,22.2,3.58,DC
6/11/2008,163,26.7,0,DC
6/12/2008,164,27.2,0,DC
6/13/2008,165,26.7,0,DC
6/14/2008,166,25.6,0,DC
6/15/2008,167,27.2,0,DC
6/16/2008,168,27.8,0,DC
6/17/2008,169,20.6,0.66,DC
6/18/2008,170,25,0.08,DC
6/19/2008,171,24.4,0,DC
6/20/2008,172,26.7,0,DC
6/21/2008,173,26.1,1.63,DC
6/22/2008,174,28.3,0,DC
6/23/2008,175,25,0,DC
6/24/2008,176,23.9,0,DC
6/25/2008,177,20,0.64,DC
6/26/2008,178,23.9,0.03,DC
6/27/2008,179,27.8,0,DC
6/28/2008,180,26.7,0,DC
6/29/2008,181,22.2,0.91,DC
6/30/2008,182,22.8,0,DC
7/1/2008,183,24.4,0,DC
7/2/2008,184,27.2,0,DC
7/3/2008,185,28.3,0,DC
7/4/2008,186,25.6,0,DC
7/5/2008,187,26.7,0,DC
7/6/2008,188,27.8,0,DC
7/7/2008,189,23.3,1.35,DC
7/8/2008,190,26.7,0.33,DC
7/9/2008,191,25,0.03,DC
7/10/2008,192,27.2,0.15,DC
7/11/2008,193,29.4,0,DC
7/12/2008,194,29.4,0,DC
7/13/2008,195,29.4,0,DC
7/14/2008,196,22.2,0.36,DC
7/15/2008,197,27.2,0,DC
7/16/2008,198,28.3,0,DC
7/17/2008,199,27.2,0,DC
7/18/2008,200,27.8,0,DC
7/19/2008,201,27.2,0,DC
7/20/2008,202,29.4,0,DC
7/21/2008,203,30.6,0,DC
7/22/2008,204,29.4,0,DC
7/23/2008,205,27.2,0.03,DC
7/24/2008,206,25,0.15,DC
7/25/2008,207,30,0,DC
7/26/2008,208,29.4,0,DC
7/27/2008,209,30.6,0,DC
7/28/2008,210,31.7,0,DC
7/29/2008,211,31.1,0,DC
7/30/2008,212,30.6,0,DC
7/31/2008,213,31.7,0,DC
8/1/2008,214,31.1,0,DC
8/2/2008,215,32.2,0,DC
8/3/2008,216,22.2,1.78,DC
8/4/2008,217,30,0,DC
8/5/2008,218,23.9,0.03,DC
8/6/2008,219,25.6,0.43,DC
8/7/2008,220,29.4,0,DC
8/8/2008,221,26.7,0,DC
8/9/2008,222,28.3,2.87,DC
8/10/2008,223,29.4,0,DC
8/11/2008,224,28.9,0,DC
8/12/2008,225,24.4,6.65,DC
8/13/2008,226,25.6,0.03,DC
8/14/2008,227,26.7,0,DC
8/15/2008,228,23.3,0,DC
8/16/2008,229,23.9,0,DC
8/17/2008,230,23.9,0,DC
8/18/2008,231,21.7,7.52,DC
8/19/2008,232,22.8,2.49,DC
8/20/2008,233,23.9,1.93,DC
8/21/2008,234,24.4,0.1,DC
8/22/2008,235,26.7,0,DC
8/23/2008,236,22.2,1.5,DC
8/24/2008,237,26.1,0.03,DC
8/25/2008,238,26.1,0,DC
8/26/2008,239,25.6,0,DC
8/27/2008,240,26.1,0,DC
8/28/2008,241,27.2,NA,DC
8/29/2008,242,25.6,0.05,DC
8/30/2008,243,26.7,0,DC
8/31/2008,244,26.7,0,DC
9/1/2008,245,26.1,0.03,DC
9/2/2008,246,24.4,0.3,DC
9/3/2008,247,22.8,0.03,DC
9/4/2008,248,24.4,0,DC
9/5/2008,249,21.7,0,DC
9/6/2008,250,21.7,0,DC
9/7/2008,251,23.3,0,DC
9/8/2008,252,23.9,0.08,DC
9/9/2008,253,24.4,0.03,DC
9/10/2008,254,26.1,0,DC
9/11/2008,255,26.7,0,DC
9/12/2008,256,26.1,0.08,DC
9/13/2008,257,25,9.78,DC
9/14/2008,258,21.1,0,DC
9/15/2008,259,17.8,0,DC
9/16/2008,260,17.2,0,DC
9/17/2008,261,17.8,0,DC
9/18/2008,262,20,0,DC
9/19/2008,263,21.7,0,DC
9/20/2008,264,22.2,0,DC
9/21/2008,265,21.7,0,DC
9/22/2008,266,22.8,0,DC
9/23/2008,267,23.9,0,DC
9/24/2008,268,21.1,0,DC
9/25/2008,269,21.1,0,DC
9/26/2008,270,20.6,0,DC
9/27/2008,271,20,0,DC
9/28/2008,272,22.2,0,DC
9/29/2008,273,20.6,0,DC
9/30/2008,274,20.6,0,DC
10/1/2008,275,17.2,0,DC
10/2/2008,276,20,0,DC
10/3/2008,277,21.1,0,DC
10/4/2008,278,21.7,0,DC
10/5/2008,279,21.1,0,DC
10/6/2008,280,24.4,0.03,DC
10/7/2008,281,17.8,0.66,DC
10/8/2008,282,17.8,0,DC
10/9/2008,283,18.3,0,DC
10/10/2008,284,19.4,0,DC
10/11/2008,285,20,0,DC
10/12/2008,286,21.7,0,DC
10/13/2008,287,22.8,0,DC
10/14/2008,288,22.2,0,DC
10/15/2008,289,23.3,0.64,DC
10/16/2008,290,16.7,0.03,DC
10/17/2008,291,17.8,0.03,DC
10/18/2008,292,17.8,0,DC
10/19/2008,293,15.6,0,DC
10/20/2008,294,17.2,0,DC
10/21/2008,295,16.7,0,DC
10/22/2008,296,13.3,0,DC
10/23/2008,297,10,0.05,DC
10/24/2008,298,13.3,0,DC
10/25/2008,299,18.3,0,DC
10/26/2008,300,20.6,0,DC
10/27/2008,301,6.7,0,DC
10/28/2008,302,9.4,0,DC
10/29/2008,303,13.3,0,DC
10/30/2008,304,16.1,0,DC
10/31/2008,305,18.3,0,DC
11/1/2008,306,17.8,0,DC
11/2/2008,307,17.2,0,DC
11/3/2008,308,15.0,0,DC
11/4/2008,309,17.2,0,DC
11/5/2008,310,20.6,0,DC
11/6/2008,311,17.8,0.15,DC
11/7/2008,312,10.6,0,DC
11/8/2008,313,11.7,0,DC
11/9/2008,314,13.3,0,DC
11/10/2008,315,15.6,0.94,DC
11/11/2008,316,15.0,4.29,DC
11/12/2008,317,12.8,0.33,DC
11/13/2008,318,15.6,0.03,DC
11/14/2008,319,15.6,0.08,DC
11/15/2008,320,4.4,0,DC
11/16/2008,321,7.2,0,DC
11/17/2008,322,12.8,0,DC
11/18/2008,323,8.3,NA,DC
11/19/2008,324,14.4,0,DC
11/20/2008,325,12.8,0,DC
11/21/2008,326,3.3,0,DC
11/22/2008,327,11.1,0,DC
11/23/2008,328,19.4,0,DC
11/24/2008,329,10.0,0.23,DC
11/25/2008,330,7.8,0,DC
11/26/2008,331,15.6,0,DC
11/27/2008,332,17.8,0,DC
11/28/2008,333,15.0,0.66,DC
11/29/2008,334,10.0,0.03,DC
11/30/2008,335,6.7,0,DC
12/1/2008,336,1.7,0,DC
12/2/2008,337,11.7,0,DC
12/3/2008,338,12.2,0.28,DC
12/4/2008,339,3.9,0,DC
12/5/2008,340,2.2,0,DC
12/6/2008,341,6.1,0,DC
12/7/2008,342,10.0,0,DC
12/8/2008,343,18.9,0,DC
12/9/2008,344,4.4,5.41,DC
12/10/2008,345,-1.1,0.28,DC
12/11/2008,346,5.6,0.66,DC
12/12/2008,347,8.3,0,DC
12/13/2008,348,15.0,0.03,DC
12/14/2008,349,18.9,0,DC
12/15/2008,350,1.7,0.05,DC
12/16/2008,351,2.8,0,DC
12/17/2008,352,11.7,0.03,DC
12/18/2008,353,20.0,0.03,DC
12/19/2008,354,18.9,0.05,DC
12/20/2008,355,16.1,0,DC
12/21/2008,356,1.1,0,DC
12/22/2008,357,0.6,0,DC
12/23/2008,358,15.6,0.08,DC
12/24/2008,359,12.8,0.03,DC
12/25/2008,360,16.7,0,DC
12/26/2008,361,21.7,0.03,DC
12/27/2008,362,11.1,0.23,DC
12/28/2008,363,6.7,0.08,DC
12/29/2008,364,7.2,0,DC
12/30/2008,365,10,0,DC
12/31/2008,366,6.1,0,DC
1/1/2009,1,15,0,DC
1/2/2009,2,17.2,0,DC
1/3/2009,3,20,0,DC
1/4/2009,4,6.7,0,DC
1/5/2009,5,3.9,1.14,DC
1/6/2009,6,11.1,2.01,DC
1/7/2009,7,11.7,NA,DC
1/8/2009,8,13.9,0,DC
1/9/2009,9,19.4,0,DC
1/10/2009,10,5,0,DC
1/11/2009,11,3.9,0,DC
1/12/2009,12,8.3,0,DC
1/13/2009,13,0.6,0,DC
1/14/2009,14,8.3,0,DC
1/15/2009,15,3.3,0,DC
1/16/2009,16,5,0,DC
1/17/2009,17,14.4,0,DC
1/18/2009,18,11.1,0,DC
1/19/2009,19,9.4,0,DC
1/20/2009,20,4.4,0,DC
1/21/2009,21,9.4,0,DC
1/22/2009,22,16.7,0,DC
1/23/2009,23,19.4,0,DC
1/24/2009,24,5,0,DC
1/25/2009,25,7.8,0,DC
1/26/2009,26,15.6,0,DC
1/27/2009,27,2.8,0.05,DC
1/28/2009,28,-0.6,0.33,DC
1/29/2009,29,5.6,0,DC
1/30/2009,30,9.4,0,DC
1/31/2009,31,10.6,0,DC
2/1/2009,32,14.4,0,DC
2/2/2009,33,5,0.53,DC
2/3/2009,34,11.1,0,DC
2/4/2009,35,5.6,0,DC
2/5/2009,36,13.3,0,DC
2/6/2009,37,16.7,0,DC
2/7/2009,38,16.1,0,DC
2/8/2009,39,17.2,0,DC
2/9/2009,40,13.3,0.71,DC
2/10/2009,41,21.1,0.2,DC
2/11/2009,42,13.9,1.68,DC
2/12/2009,43,16.1,0,DC
2/13/2009,44,18.3,0,DC
2/14/2009,45,12.8,0,DC
2/15/2009,46,10.6,0.03,DC
2/16/2009,47,8.3,0,DC
2/17/2009,48,19.4,0,DC
2/18/2009,49,17.8,0,DC
2/19/2009,50,8.3,0,DC
2/20/2009,51,12.8,0,DC
2/21/2009,52,7.2,0.23,DC
2/22/2009,53,7.8,0,DC
2/23/2009,54,10,0,DC
2/24/2009,55,17.2,0,DC
2/25/2009,56,20,0,DC
2/26/2009,57,20,0,DC
2/27/2009,58,20.6,0,DC
2/28/2009,59,4.4,0,DC
3/1/2009,60,6.1,0,DC
3/2/2009,61,9.4,0,DC
3/3/2009,62,12.2,0,DC
3/4/2009,63,17.2,0,DC
3/5/2009,64,19.4,0,DC
3/6/2009,65,20,0,DC
3/7/2009,66,21.1,0,DC
3/8/2009,67,21.7,0,DC
3/9/2009,68,21.1,0,DC
3/10/2009,69,22.2,0,DC
3/11/2009,70,7.8,0.25,DC
3/12/2009,71,4.4,1.22,DC
3/13/2009,72,3.9,6.96,DC
3/14/2009,73,7.2,0.13,DC
3/15/2009,74,10,0,DC
3/16/2009,75,16.7,0,DC
3/17/2009,76,13.9,0,DC
3/18/2009,77,17.2,0,DC
3/19/2009,78,18.9,0,DC
3/20/2009,79,18.3,0,DC
3/21/2009,80,19.4,0,DC
3/22/2009,81,19.4,0,DC
3/23/2009,82,21.7,0,DC
3/24/2009,83,20,2.54,DC
3/25/2009,84,12.2,2.49,DC
3/26/2009,85,16.1,0.03,DC
3/27/2009,86,11.1,0.43,DC
3/28/2009,87,10,0,DC
3/29/2009,88,13.3,0,DC
3/30/2009,89,17.8,0,DC
3/31/2009,90,12.2,0.64,DC
4/1/2009,91,15.6,0,DC
4/2/2009,92,14.4,0.94,DC
4/3/2009,93,15,0,DC
4/4/2009,94,20,0,DC
4/5/2009,95,12.2,0,DC
4/6/2009,96,8.3,0,DC
4/7/2009,97,11.7,0,DC
4/8/2009,98,20.6,0,DC
4/9/2009,99,21.1,0,DC
4/10/2009,100,17.2,0,DC
4/11/2009,101,15.6,0.23,DC
4/12/2009,102,15.6,3.76,DC
4/13/2009,103,13.3,0.03,DC
4/14/2009,104,15,0,DC
4/15/2009,105,17.8,0,DC
4/16/2009,106,18.9,0,DC
4/17/2009,107,16.1,5.23,DC
4/18/2009,108,16.7,5.16,DC
4/19/2009,109,15.6,0.03,DC
4/20/2009,110,17.8,0,DC
4/21/2009,111,22.2,0,DC
4/22/2009,112,25,0,DC
4/23/2009,113,21.7,0,DC
4/24/2009,114,22.2,0,DC
4/25/2009,115,23.3,0,DC
4/26/2009,116,23.3,0,DC
4/27/2009,117,17.8,0.61,DC
4/28/2009,118,21.1,0.74,DC
4/29/2009,119,21.1,0,DC
4/30/2009,120,22.8,0,DC
5/1/2009,121,23.3,0,DC
5/2/2009,122,23.3,0,DC
5/3/2009,123,17.2,1.7,DC
5/4/2009,124,19.4,0,DC
5/5/2009,125,23.9,0,DC
5/6/2009,126,25.6,0.03,DC
5/7/2009,127,25.6,0,DC
5/8/2009,128,25.6,0,DC
5/9/2009,129,25,0,DC
5/10/2009,130,25,0,DC
5/11/2009,131,20.6,0,DC
5/12/2009,132,20.6,0,DC
5/13/2009,133,25.6,0,DC
5/14/2009,134,25.6,0,DC
5/15/2009,135,24.4,0,DC
5/16/2009,136,25,0,DC
5/17/2009,137,20.6,0.64,DC
5/18/2009,138,17.2,0.56,DC
5/19/2009,139,17.8,0,DC
5/20/2009,140,18.3,0,DC
5/21/2009,141,20,0,DC
5/22/2009,142,22.8,0,DC
5/23/2009,143,22.2,0,DC
5/24/2009,144,20.6,0.36,DC
5/25/2009,145,23.3,0,DC
5/26/2009,146,22.2,1.17,DC
5/27/2009,147,22.2,0,DC
5/28/2009,148,23.3,0,DC
5/29/2009,149,22.2,0,DC
5/30/2009,150,22.2,0,DC
5/31/2009,151,23.9,0,DC
6/1/2009,152,23.9,0,DC
6/2/2009,153,25.6,0,DC
6/3/2009,154,20.6,1.04,DC
6/4/2009,155,20.6,0,DC
6/5/2009,156,22.2,0,DC
6/6/2009,157,24.4,0,DC
6/7/2009,158,26.7,0,DC
6/8/2009,159,25.6,0,DC
6/9/2009,160,27.8,0,DC
6/10/2009,161,27.8,0,DC
6/11/2009,162,27.8,2.39,DC
6/12/2009,163,28.9,0,DC
6/13/2009,164,28.3,0,DC
6/14/2009,165,27.8,0,DC
6/15/2009,166,29.4,0,DC
6/16/2009,167,28.3,0,DC
6/17/2009,168,28.3,0,DC
6/18/2009,169,29.4,0,DC
6/19/2009,170,29.4,0,DC
6/20/2009,171,30,0,DC
6/21/2009,172,29.4,0,DC
6/22/2009,173,30.6,0,DC
6/23/2009,174,30.6,0,DC
6/24/2009,175,27.2,0.36,DC
6/25/2009,176,30.6,0,DC
6/26/2009,177,30.6,0,DC
6/27/2009,178,31.1,0,DC
6/28/2009,179,32.2,0,DC
6/29/2009,180,26.7,0.03,DC
6/30/2009,181,28.3,0,DC
7/1/2009,182,29.4,0,DC
7/2/2009,183,32.2,0,DC
7/3/2009,184,31.7,0,DC
7/4/2009,185,32.8,0,DC
7/5/2009,186,24.4,0,DC
7/6/2009,187,26.1,0.23,DC
7/7/2009,188,28.3,0,DC
7/8/2009,189,30.6,0,DC
7/9/2009,190,32.8,0,DC
7/10/2009,191,32.2,0,DC
7/11/2009,192,31.7,0,DC
7/12/2009,193,32.8,0,DC
7/13/2009,194,33.3,0,DC
7/14/2009,195,32.2,0,DC
7/15/2009,196,38.9,0,DC
7/16/2009,197,30.6,NA,DC
7/17/2009,198,27.2,1.42,DC
7/18/2009,199,25,0,DC
7/19/2009,200,23.3,0.97,DC
7/20/2009,201,24.4,2.21,DC
7/21/2009,202,27.8,0.36,DC
7/22/2009,203,27.8,0,DC
7/23/2009,204,28.3,0,DC
7/24/2009,205,27.2,0,DC
7/25/2009,206,25.6,0.36,DC
7/26/2009,207,27.8,0,DC
7/27/2009,208,23.3,0.79,DC
7/28/2009,209,27.8,0.13,DC
7/29/2009,210,28.9,0,DC
7/30/2009,211,27.2,2.36,DC
7/31/2009,212,25.6,0.46,DC
8/1/2009,213,25,0.08,DC
8/2/2009,214,27.8,0,DC
8/3/2009,215,29.4,0,DC
8/4/2009,216,29.4,0,DC
8/5/2009,217,30,0,DC
8/6/2009,218,28.3,0,DC
8/7/2009,219,29.4,0,DC
8/8/2009,220,29.4,0,DC
8/9/2009,221,27.2,0,DC
8/10/2009,222,27.8,0.43,DC
8/11/2009,223,25.6,0.89,DC
8/12/2009,224,28.3,0,DC
8/13/2009,225,28.9,0,DC
8/14/2009,226,28.3,0,DC
8/15/2009,227,28.9,0,DC
8/16/2009,228,30,0,DC
8/17/2009,229,26.7,0.03,DC
8/18/2009,230,24.4,1.63,DC
8/19/2009,231,28.3,0,DC
8/20/2009,232,28.3,0,DC
8/21/2009,233,28.3,0,DC
8/22/2009,234,29.4,0,DC
8/23/2009,235,27.8,0,DC
8/24/2009,236,27.8,0,DC
8/25/2009,237,21.7,0.41,DC
8/26/2009,238,20.6,0.84,DC
8/27/2009,239,26.1,0,DC
8/28/2009,240,22.2,3.81,DC
8/29/2009,241,25,0,DC
8/30/2009,242,25,0,DC
8/31/2009,243,24.4,0,DC
9/1/2009,244,23.9,0,DC
9/2/2009,245,24.4,0,DC
9/3/2009,246,23.3,0,DC
9/4/2009,247,23.3,0.13,DC
9/5/2009,248,22.2,0.25,DC
9/6/2009,249,26.7,0,DC
9/7/2009,250,26.7,0,DC
9/8/2009,251,26.7,0,DC
9/9/2009,252,25,0,DC
9/10/2009,253,25.6,0,DC
9/11/2009,254,21.7,0.66,DC
9/12/2009,255,21.7,0.97,DC
9/13/2009,256,23.3,0.36,DC
9/14/2009,257,23.3,0.76,DC
9/15/2009,258,26.7,NA,DC
9/16/2009,259,NA,NA,DC
9/17/2009,260,22.2,NA,DC
9/18/2009,261,22.2,0.15,DC
9/19/2009,262,22.8,0,DC
9/20/2009,263,24.4,0,DC
9/21/2009,264,24.4,0,DC
9/22/2009,265,20.6,1.02,DC
9/23/2009,266,17.8,0,DC
9/24/2009,267,18.3,1.88,DC
9/25/2009,268,21.7,0,DC
9/26/2009,269,23.9,0,DC
9/27/2009,270,26.1,0,DC
9/28/2009,271,23.9,0,DC
9/29/2009,272,18.9,0,DC
9/30/2009,273,22.8,0,DC
10/1/2009,274,25.6,1.3,DC
10/2/2009,275,18.3,0,DC
10/3/2009,276,20,1.24,DC
10/4/2009,277,18.3,1.02,DC
10/5/2009,278,20,0.03,DC
10/6/2009,279,26.7,0,DC
10/7/2009,280,22.2,0.33,DC
10/8/2009,281,27.2,0.03,DC
10/9/2009,282,12.8,4.47,DC
10/10/2009,283,14.4,0.03,DC
10/11/2009,284,13.9,3.56,DC
10/12/2009,285,20,1.07,DC
10/13/2009,286,21.7,1.73,DC
10/14/2009,287,25.6,0.2,DC
10/15/2009,288,18.3,0,DC
10/16/2009,289,15.6,0,DC
10/17/2009,290,13.9,0,DC
10/18/2009,291,10.6,0,DC
10/19/2009,292,16.1,0,DC
10/20/2009,293,19.4,0,DC
10/21/2009,294,20.6,0.1,DC
10/22/2009,295,12.8,3.17,DC
10/23/2009,296,10.6,0,DC
10/24/2009,297,15,0,DC
10/25/2009,298,19.4,0,DC
10/26/2009,299,12.8,5.56,DC
10/27/2009,300,11.7,0.1,DC
10/28/2009,301,21.7,0.03,DC
10/29/2009,302,15.6,6.27,DC
10/30/2009,303,10,0.33,DC
10/31/2009,304,12.2,0,DC
11/1/2009,305,13.3,0,DC
11/2/2009,306,13.9,0,DC
11/3/2009,307,15,0,DC
11/4/2009,308,15,0,DC
11/5/2009,309,15,0,DC
11/6/2009,310,16.1,0,DC
11/7/2009,311,15.6,0,DC
11/8/2009,312,18.9,0.05,DC
11/9/2009,313,17.8,0.05,DC
11/10/2009,314,17.8,0,DC
11/11/2009,315,16.7,0,DC
11/12/2009,316,12.2,0,DC
11/13/2009,317,14.4,0,DC
11/14/2009,318,19.4,0,DC
11/15/2009,319,20.6,0,DC
11/16/2009,320,6.1,1.65,DC
11/17/2009,321,7.2,0,DC
11/18/2009,322,9.4,0,DC
11/19/2009,323,16.1,0,DC
11/20/2009,324,12.2,0.08,DC
11/21/2009,325,10,0.51,DC
11/22/2009,326,11.1,0,DC
11/23/2009,327,13.9,0,DC
11/24/2009,328,7.8,0.05,DC
11/25/2009,329,8.9,0,DC
11/26/2009,330,7.2,0,DC
11/27/2009,331,10.6,0,DC
11/28/2009,332,15.6,0,DC
11/29/2009,333,19.4,1.14,DC
11/30/2009,334,7.2,0.08,DC
12/1/2009,335,7.2,2.46,DC
12/2/2009,336,7.2,0.03,DC
12/3/2009,337,3.3,0,DC
12/4/2009,338,-2.8,0,DC
12/5/2009,339,1.7,0,DC
12/6/2009,340,9.4,0,DC
12/7/2009,341,9.4,0.38,DC
12/8/2009,342,15,0.18,DC
12/9/2009,343,0.6,0,DC
12/10/2009,344,3.3,0,DC
12/11/2009,345,7.2,0,DC
12/12/2009,346,8.3,0.69,DC
12/13/2009,347,9.4,0,DC
12/14/2009,348,15,0.15,DC
12/15/2009,349,7.2,0.33,DC
12/16/2009,350,7.8,0,DC
12/17/2009,351,7.2,0,DC
12/18/2009,352,8.9,0,DC
12/19/2009,353,6.1,0,DC
12/20/2009,354,6.7,0,DC
12/21/2009,355,10.6,0,DC
12/22/2009,356,15.6,0.48,DC
12/23/2009,357,18.9,0.18,DC
12/24/2009,358,0.6,1.73,DC
12/25/2009,359,-3.5,0,DC
12/26/2009,360,6.1,0,DC
12/27/2009,361,3.9,0,DC
12/28/2009,362,4.4,0,DC
12/29/2009,363,3.9,0.3,DC
12/30/2009,364,6.7,0.89,DC
12/31/2009,365,8.3,0.13,DC
1/1/2010,1,3.3,0,DC
1/2/2010,2,3.9,0,DC
1/3/2010,3,7.2,0,DC
1/4/2010,4,-0.6,0,DC
1/5/2010,5,1.1,0,DC
1/6/2010,6,6.1,0,DC
1/7/2010,7,-2.8,0.28,DC
1/8/2010,8,-6.1,0,DC
1/9/2010,9,-3.3,0,DC
1/10/2010,10,-0.6,0,DC
1/11/2010,11,6.1,0,DC
1/12/2010,12,7.8,0,DC
1/13/2010,13,10.6,0,DC
1/14/2010,14,11.1,0.08,DC
1/15/2010,15,9.4,0.23,DC
1/16/2010,16,8.3,0.43,DC
1/17/2010,17,8.9,0,DC
1/18/2010,18,14.4,0,DC
1/19/2010,19,17.8,0,DC
1/20/2010,20,20,0,DC
1/21/2010,21,13.3,0,DC
1/22/2010,22,15.6,0,DC
1/23/2010,23,14.4,0.3,DC
1/24/2010,24,9.4,0,DC
1/25/2010,25,9.4,0,DC
1/26/2010,26,9.4,0,DC
1/27/2010,27,13.9,0,DC
1/28/2010,28,15.6,0.3,DC
1/29/2010,29,2.2,5.49,DC
1/30/2010,30,-1.1,0,DC
1/31/2010,31,3.3,0,DC
2/1/2010,32,7.8,0,DC
2/2/2010,33,7.8,0.03,DC
2/3/2010,34,6.1,0.53,DC
2/4/2010,35,7.2,2.29,DC
2/5/2010,36,7.8,0,DC
2/6/2010,37,4.4,0,DC
2/7/2010,38,8.3,0,DC
2/8/2010,39,4.4,2.36,DC
2/9/2010,40,0.6,0,DC
2/10/2010,41,3.3,0,DC
2/11/2010,42,0.6,2.34,DC
2/12/2010,43,0.6,1.55,DC
2/13/2010,44,4.4,0.2,DC
2/14/2010,45,3.3,0,DC
2/15/2010,46,1.7,0,DC
2/16/2010,47,3.3,0,DC
2/17/2010,48,4.4,0,DC
2/18/2010,49,8.9,0,DC
2/19/2010,50,12.8,0,DC
2/20/2010,51,14.4,0,DC
2/21/2010,52,15.6,0.15,DC
2/22/2010,53,3.9,0,DC
2/23/2010,54,0,1.09,DC
2/24/2010,55,1.1,0.71,DC
2/25/2010,56,10,0,DC
2/26/2010,57,5.6,0.13,DC
2/27/2010,58,7.8,0,DC
2/28/2010,59,12.2,0,DC
3/1/2010,60,5,2.92,DC
3/2/2010,61,5.6,0,DC
3/3/2010,62,8.3,0,DC
3/4/2010,63,11.1,0,DC
3/5/2010,64,11.1,0,DC
3/6/2010,65,11.7,0,DC
3/7/2010,66,12.2,0,DC
3/8/2010,67,15.6,5.33,DC
3/9/2010,68,16.7,0.23,DC
3/10/2010,69,18.9,0,DC
3/11/2010,70,14.4,0.05,DC
3/12/2010,71,11.7,0,DC
3/13/2010,72,11.7,0,DC
3/14/2010,73,18.3,0,DC
3/15/2010,74,15.6,0,DC
3/16/2010,75,11.1,0.76,DC
3/17/2010,76,13.9,0.03,DC
3/18/2010,77,12.2,0,DC
3/19/2010,78,16.1,0,DC
3/20/2010,79,2.2,1.12,DC
3/21/2010,80,5.6,0.03,DC
3/22/2010,81,11.7,0,DC
3/23/2010,82,16.7,0,DC
3/24/2010,83,15,0.1,DC
3/25/2010,84,11.1,0.08,DC
3/26/2010,85,13.3,0,DC
3/27/2010,86,20,0,DC
3/28/2010,87,11.7,0,DC
3/29/2010,88,14.4,0,DC
3/30/2010,89,18.9,0,DC
3/31/2010,90,19.4,0,DC
4/1/2010,91,18.9,0,DC
4/2/2010,92,20.6,0,DC
4/3/2010,93,19.4,0.2,DC
4/4/2010,94,21.1,0,DC
4/5/2010,95,20.6,0,DC
4/6/2010,96,20,0,DC
4/7/2010,97,15,1.37,DC
4/8/2010,98,11.1,0,DC
4/9/2010,99,15,0,DC
4/10/2010,100,16.7,0,DC
4/11/2010,101,20,0,DC
4/12/2010,102,20,0,DC
4/13/2010,103,20.6,0,DC
4/14/2010,104,19.4,0,DC
4/15/2010,105,19.4,0.03,DC
4/16/2010,106,20.6,0,DC
4/17/2010,107,18.9,0.36,DC
4/18/2010,108,15.6,0.08,DC
4/19/2010,109,14.4,0.1,DC
4/20/2010,110,16.1,0,DC
4/21/2010,111,18.9,0,DC
4/22/2010,112,22.2,0,DC
4/23/2010,113,22.8,0.46,DC
4/24/2010,114,20.6,0,DC
4/25/2010,115,17.2,0,DC
4/26/2010,116,22.2,0,DC
4/27/2010,117,16.1,0.23,DC
4/28/2010,118,20.6,0,DC
4/29/2010,119,22.8,0,DC
4/30/2010,120,23.9,0.08,DC
5/1/2010,121,23.9,0.13,DC
5/2/2010,122,19.4,0,DC
5/3/2010,123,21.7,0,DC
5/4/2010,124,21.1,0.03,DC
5/5/2010,125,24.4,0,DC
5/6/2010,126,24.4,0,DC
5/7/2010,127,26.7,0,DC
5/8/2010,128,18.3,0,DC
5/9/2010,129,17.2,0,DC
5/10/2010,130,23.9,0,DC
5/11/2010,131,25.6,0,DC
5/12/2010,132,25.6,0,DC
5/13/2010,133,24.4,0,DC
5/14/2010,134,18.9,0.99,DC
5/15/2010,135,22.8,0,DC
5/16/2010,136,25,0,DC
5/17/2010,137,19.4,3.15,DC
5/18/2010,138,24.4,0,DC
5/19/2010,139,26.1,0,DC
5/20/2010,140,26.1,0,DC
5/21/2010,141,26.7,0,DC
5/22/2010,142,26.7,0,DC
5/23/2010,143,27.2,0,DC
5/24/2010,144,26.1,0,DC
5/25/2010,145,26.7,0,DC
5/26/2010,146,23.3,0,DC
5/27/2010,147,26.7,0,DC
5/28/2010,148,26.7,0,DC
5/29/2010,149,27.8,0,DC
5/30/2010,150,24.4,0.08,DC
5/31/2010,151,25.6,0,DC
6/1/2010,152,28.9,0,DC
6/2/2010,153,25.6,0,DC
6/3/2010,154,21.1,2.36,DC
6/4/2010,155,26.7,0.1,DC
6/5/2010,156,27.8,0,DC
6/6/2010,157,28.9,0,DC
6/7/2010,158,24.4,0,DC
6/8/2010,159,22.8,0.61,DC
6/9/2010,160,23.3,4.29,DC
6/10/2010,161,27.2,0.28,DC
6/11/2010,162,27.2,0,DC
6/12/2010,163,28.3,0,DC
6/13/2010,164,28.3,0,DC
6/14/2010,165,28.3,0,DC
6/15/2010,166,28.3,0,DC
6/16/2010,167,29.4,0,DC
6/17/2010,168,28.3,0.3,DC
6/18/2010,169,28.3,0,DC
6/19/2010,170,27.8,0,DC
6/20/2010,171,29.4,0,DC
6/21/2010,172,30,0,DC
6/22/2010,173,29.4,0,DC
6/23/2010,174,27.2,0,DC
6/24/2010,175,25.6,2.51,DC
6/25/2010,176,27.8,0,DC
6/26/2010,177,30,0,DC
6/27/2010,178,28.9,0,DC
6/28/2010,179,24.4,0.76,DC
6/29/2010,180,24.4,2.34,DC
6/30/2010,181,25.6,0.2,DC
7/1/2010,182,23.3,3.73,DC
7/2/2010,183,22.8,2.16,DC
7/3/2010,184,23.9,2.13,DC
7/4/2010,185,29.4,2.64,DC
7/5/2010,186,27.2,0,DC
7/6/2010,187,26.7,0,DC
7/7/2010,188,24.4,2.16,DC
7/8/2010,189,25,0,DC
7/9/2010,190,27.2,0,DC
7/10/2010,191,27.8,0,DC
7/11/2010,192,27.2,0,DC
7/12/2010,193,29.4,0,DC
7/13/2010,194,28.3,0,DC
7/14/2010,195,27.8,0,DC
7/15/2010,196,28.3,0,DC
7/16/2010,197,28.9,0,DC
7/17/2010,198,26.7,0,DC
7/18/2010,199,25.6,0.1,DC
7/19/2010,200,26.1,1.52,DC
7/20/2010,201,28.3,0,DC
7/21/2010,202,26.7,0,DC
7/22/2010,203,27.2,0,DC
7/23/2010,204,28.3,0,DC
7/24/2010,205,28.9,0,DC
7/25/2010,206,29.4,0,DC
7/26/2010,207,23.3,9.12,DC
7/27/2010,208,24.4,0.3,DC
7/28/2010,209,25.6,0.05,DC
7/29/2010,210,27.2,0,DC
7/30/2010,211,27.8,0,DC
7/31/2010,212,28.9,0,DC
8/1/2010,213,28.9,0,DC
8/2/2010,214,31.1,0,DC
8/3/2010,215,30,0,DC
8/4/2010,216,29.4,0,DC
8/5/2010,217,30,0,DC
8/6/2010,218,23.9,3.33,DC
8/7/2010,219,29.4,0,DC
8/8/2010,220,29.4,0,DC
8/9/2010,221,29.4,0,DC
8/10/2010,222,29.4,0,DC
8/11/2010,223,29.4,0,DC
8/12/2010,224,28.9,0,DC
8/13/2010,225,28.9,0,DC
8/14/2010,226,29.4,0,DC
8/15/2010,227,31.1,0,DC
8/16/2010,228,27.2,0,DC
8/17/2010,229,28.9,0,DC
8/18/2010,230,26.1,0.03,DC
8/19/2010,231,28.3,0,DC
8/20/2010,232,29.4,0,DC
8/21/2010,233,30,0,DC
8/22/2010,234,30,0,DC
8/23/2010,235,27.8,0,DC
8/24/2010,236,28.3,0.23,DC
8/25/2010,237,28.3,0,DC
8/26/2010,238,27.8,0,DC
8/27/2010,239,27.8,0,DC
8/28/2010,240,28.9,0,DC
8/29/2010,241,30,0,DC
8/30/2010,242,26.1,1.35,DC
8/31/2010,243,25,0,DC
9/1/2010,244,28.3,0,DC
9/2/2010,245,25.6,0,DC
9/3/2010,246,24.4,0.2,DC
9/4/2010,247,23.3,0,DC
9/5/2010,248,25,0,DC
9/6/2010,249,24.4,0.03,DC
9/7/2010,250,23.3,1.68,DC
9/8/2010,251,26.7,0.03,DC
9/9/2010,252,26.1,0.36,DC
9/10/2010,253,27.2,0,DC
9/11/2010,254,27.2,0,DC
9/12/2010,255,25,0.71,DC
9/13/2010,256,25.6,0,DC
9/14/2010,257,26.7,0,DC
9/15/2010,258,26.1,0,DC
9/16/2010,259,27.2,0,DC
9/17/2010,260,27.2,0,DC
9/18/2010,261,27.2,0,DC
9/19/2010,262,25,0,DC
9/20/2010,263,26.7,0,DC
9/21/2010,264,23.3,1.55,DC
9/22/2010,265,25,0,DC
9/23/2010,266,26.7,0,DC
9/24/2010,267,26.7,0,DC
9/25/2010,268,23.9,2.87,DC
9/26/2010,269,20.6,0,DC
9/27/2010,270,16.7,0,DC
9/28/2010,271,21.1,0,DC
9/29/2010,272,23.9,0,DC
9/30/2010,273,25,0,DC
10/1/2010,274,22.2,0,DC
10/2/2010,275,22.2,0,DC
10/3/2010,276,16.1,0,DC
10/4/2010,277,15.6,0,DC
10/5/2010,278,16.7,0,DC
10/6/2010,279,17.8,0,DC
10/7/2010,280,20,0,DC
10/8/2010,281,21.1,0,DC
10/9/2010,282,21.7,0,DC
10/10/2010,283,21.1,0,DC
10/11/2010,284,18.9,1.75,DC
10/12/2010,285,19.4,0.58,DC
10/13/2010,286,21.7,0,DC
10/14/2010,287,17.8,0,DC
10/15/2010,288,17.8,0,DC
10/16/2010,289,19.4,0,DC
10/17/2010,290,20,0,DC
10/18/2010,291,21.7,0,DC
10/19/2010,292,21.7,0,DC
10/20/2010,293,23.3,0,DC
10/21/2010,294,23.9,0,DC
10/22/2010,295,23.3,0,DC
10/23/2010,296,17.2,1.14,DC
10/24/2010,297,22.8,0.03,DC
10/25/2010,298,25.6,0,DC
10/26/2010,299,21.1,0,DC
10/27/2010,300,26.1,0,DC
10/28/2010,301,15.6,0,DC
10/29/2010,302,13.3,0,DC
10/30/2010,303,15.6,0,DC
10/31/2010,304,19.4,0,DC
11/1/2010,305,23.3,0,DC
11/2/2010,306,12.8,3.71,DC
11/3/2010,307,13.9,0.1,DC
11/4/2010,308,10.6,0,DC
11/5/2010,309,10,0,DC
11/6/2010,310,9.4,0,DC
11/7/2010,311,11.1,0,DC
11/8/2010,312,13.9,0,DC
11/9/2010,313,16.7,0,DC
11/10/2010,314,17.2,0,DC
11/11/2010,315,20.6,0,DC
11/12/2010,316,20.6,2.13,DC
11/13/2010,317,6.1,0.03,DC
11/14/2010,318,9.4,0.08,DC
11/15/2010,319,12.2,1.42,DC
11/16/2010,320,8.3,0.03,DC
11/17/2010,321,16.1,0,DC
11/18/2010,322,6.7,0,DC
11/19/2010,323,9.4,0,DC
11/20/2010,324,16.7,0,DC
11/21/2010,325,19.4,0,DC
11/22/2010,326,22.2,0,DC
11/23/2010,327,21.7,0,DC
11/24/2010,328,22.2,0,DC
11/25/2010,329,5.6,0.43,DC
11/26/2010,330,2.2,0,DC
11/27/2010,331,6.1,0,DC
11/28/2010,332,14.4,0,DC
11/29/2010,333,16.7,0.15,DC
11/30/2010,334,2.8,0.03,DC
12/1/2010,335,7.2,0,DC
12/2/2010,336,12.2,0,DC
12/3/2010,337,16.1,0,DC
12/4/2010,338,14.4,0,DC
12/5/2010,339,4.4,0,DC
12/6/2010,340,2.2,0,DC
12/7/2010,341,8.3,0.08,DC
12/8/2010,342,3.3,0.53,DC
12/9/2010,343,7.8,0,DC
12/10/2010,344,15,0,DC
12/11/2010,345,11.7,0,DC
12/12/2010,346,2.8,0,DC
12/13/2010,347,3.9,0,DC
12/14/2010,348,11.1,0,DC
12/15/2010,349,18.9,0,DC
12/16/2010,350,8.9,0,DC
12/17/2010,351,7.2,0,DC
12/18/2010,352,4.4,0,DC
12/19/2010,353,9.4,0,DC
12/20/2010,354,19.4,0,DC
12/21/2010,355,19.4,0,DC
12/22/2010,356,13.3,0,DC
12/23/2010,357,8.3,0,DC
12/24/2010,358,6.7,1.04,DC
12/25/2010,359,2.2,0.03,DC
12/26/2010,360,0,0,DC
12/27/2010,361,6.7,0,DC
12/28/2010,362,12.2,0.03,DC
12/29/2010,363,13.3,0.38,DC
12/30/2010,364,20,0.03,DC
12/31/2010,365,13.3,0,DC
1/1/2011,1,3.9,0,DC
1/2/2011,2,3.3,0,DC
1/3/2011,3,11.7,0,DC
1/4/2011,4,15,0.15,DC
1/5/2011,5,10.6,0.03,DC
1/6/2011,6,8.3,0,DC
1/7/2011,7,12.8,0,DC
1/8/2011,8,8.3,0,DC
1/9/2011,9,1.1,4.11,DC
1/10/2011,10,1.1,0,DC
1/11/2011,11,-2.2,0,DC
1/12/2011,12,-1.7,0,DC
1/13/2011,13,1.7,0,DC
1/14/2011,14,6.1,0,DC
1/15/2011,15,7.2,0.53,DC
1/16/2011,16,11.7,5.89,DC
1/17/2011,17,9.4,0.3,DC
1/18/2011,18,8.9,0.05,DC
1/19/2011,19,9.4,0,DC
1/20/2011,20,-1.1,0.08,DC
1/21/2011,21,0.6,0,DC
1/22/2011,22,6.1,0,DC
1/23/2011,23,10.6,0.03,DC
1/24/2011,24,5.6,2.03,DC
1/25/2011,25,3.3,0.36,DC
1/26/2011,26,5,0,DC
1/27/2011,27,11.1,0,DC
1/28/2011,28,12.8,0,DC
1/29/2011,29,17.2,0,DC
1/30/2011,30,13.3,2.97,DC
1/31/2011,31,16.1,0,DC
2/1/2011,32,-6.1,1.14,DC
2/2/2011,33,-2.8,0,DC
2/3/2011,34,-1.7,0,DC
2/4/2011,35,-5.6,0.08,DC
2/5/2011,36,7.2,0.46,DC
2/6/2011,37,11.1,0,DC
2/7/2011,38,3.3,0,DC
2/8/2011,39,7.2,0,DC
2/9/2011,40,-4.4,0.36,DC
2/10/2011,41,-3.3,0,DC
2/11/2011,42,1.7,0,DC
2/12/2011,43,8.3,0,DC
2/13/2011,44,12.2,0,DC
2/14/2011,45,13.3,0,DC
2/15/2011,46,15.6,0,DC
2/16/2011,47,17.8,0,DC
2/17/2011,48,19.4,0,DC
2/18/2011,49,17.8,0,DC
2/19/2011,50,17.2,0,DC
2/20/2011,51,17.8,0,DC
2/21/2011,52,19.4,0,DC
2/22/2011,53,15.6,0,DC
2/23/2011,54,19.4,0,DC
2/24/2011,55,17.8,0.66,DC
2/25/2011,56,10,0,DC
2/26/2011,57,17.8,0.05,DC
2/27/2011,58,21.7,0.03,DC
2/28/2011,59,10.6,0.08,DC
3/1/2011,60,13.3,0,DC
3/2/2011,61,14.4,0,DC
3/3/2011,62,17.8,0,DC
3/4/2011,63,18.9,0,DC
3/5/2011,64,7.2,0.1,DC
3/6/2011,65,8.3,0,DC
3/7/2011,66,15,0,DC
3/8/2011,67,19.4,0.3,DC
3/9/2011,68,11.1,0.03,DC
3/10/2011,69,8.3,0,DC
3/11/2011,70,15.6,0,DC
3/12/2011,71,17.2,0,DC
3/13/2011,72,20,0,DC
3/14/2011,73,10.6,0.41,DC
3/15/2011,74,13.3,0,DC
3/16/2011,75,17.8,0,DC
3/17/2011,76,20.6,0,DC
3/18/2011,77,22.2,0,DC
3/19/2011,78,21.7,0,DC
3/20/2011,79,20,0,DC
3/21/2011,80,20.6,0,DC
3/22/2011,81,22.2,0,DC
3/23/2011,82,22.8,0,DC
3/24/2011,83,18.9,0,DC
3/25/2011,84,23.3,0,DC
3/26/2011,85,24.4,0,DC
3/27/2011,86,14.4,0,DC
3/28/2011,87,13.3,0,DC
3/29/2011,88,15.6,0.05,DC
3/30/2011,89,11.7,0,DC
3/31/2011,90,17.2,0,DC
4/1/2011,91,22.8,0,DC
4/2/2011,92,22.8,0,DC
4/3/2011,93,23.3,0,DC
4/4/2011,94,13.3,1.02,DC
4/5/2011,95,13.3,0,DC
4/6/2011,96,19.4,0,DC
4/7/2011,97,22.8,0,DC
4/8/2011,98,24.4,0,DC
4/9/2011,99,23.9,0,DC
4/10/2011,100,23.9,0,DC
4/11/2011,101,18.9,0.13,DC
4/12/2011,102,18.9,0,DC
4/13/2011,103,21.7,0,DC
4/14/2011,104,23.9,0,DC
4/15/2011,105,17.2,0.05,DC
4/16/2011,106,17.2,0,DC
4/17/2011,107,21.1,0,DC
4/18/2011,108,24.4,0,DC
4/19/2011,109,26.1,0,DC
4/20/2011,110,26.7,0,DC
4/21/2011,111,25,0,DC
4/22/2011,112,25,0,DC
4/23/2011,113,25,0,DC
4/24/2011,114,25,0,DC
4/25/2011,115,25.6,3.66,DC
4/26/2011,116,25,0,DC
4/27/2011,117,18.3,0.41,DC
4/28/2011,118,17.8,0,DC
4/29/2011,119,21.1,0,DC
4/30/2011,120,24.4,0.03,DC
5/1/2011,121,21.7,0,DC
5/2/2011,122,12.2,0.03,DC
5/3/2011,123,15,0.05,DC
5/4/2011,124,16.7,0,DC
5/5/2011,125,18.3,0,DC
5/6/2011,126,23.3,0,DC
5/7/2011,127,25.6,0,DC
5/8/2011,128,25,0,DC
5/9/2011,129,26.7,0,DC
5/10/2011,130,26.1,0,DC
5/11/2011,131,22.8,3.3,DC
5/12/2011,132,18.3,1.8,DC
5/13/2011,133,20.6,0,DC
5/14/2011,134,15.6,0,DC
5/15/2011,135,17.2,0,DC
5/16/2011,136,17.8,0,DC
5/17/2011,137,21.1,0,DC
5/18/2011,138,23.3,0,DC
5/19/2011,139,25,0,DC
5/20/2011,140,26.7,0.1,DC
5/21/2011,141,25.6,0.33,DC
5/22/2011,142,26.7,0,DC
5/23/2011,143,26.1,0,DC
5/24/2011,144,26.1,0,DC
5/25/2011,145,28.9,0,DC
5/26/2011,146,22.2,0,DC
5/27/2011,147,28.3,0,DC
5/28/2011,148,27.2,0,DC
5/29/2011,149,27.2,0,DC
5/30/2011,150,27.8,0,DC
5/31/2011,151,27.8,0,DC
6/1/2011,152,28.3,0,DC
6/2/2011,153,28.9,0,DC
6/3/2011,154,30,0,DC
6/4/2011,155,29.4,0,DC
6/5/2011,156,26.1,0.18,DC
6/6/2011,157,28.3,0,DC
6/7/2011,158,29.4,0,DC
6/8/2011,159,29.4,0,DC
6/9/2011,160,28.9,0,DC
6/10/2011,161,29.4,0,DC
6/11/2011,162,29.4,0,DC
6/12/2011,163,30.6,0,DC
6/13/2011,164,30.6,0,DC
6/14/2011,165,32.8,0,DC
6/15/2011,166,31.1,0,DC
6/16/2011,167,32.2,0,DC
6/17/2011,168,31.1,0,DC
6/18/2011,169,33.9,0,DC
6/19/2011,170,30.6,0,DC
6/20/2011,171,30.6,0,DC
6/21/2011,172,20.6,0.38,DC
6/22/2011,173,23.3,3.1,DC
6/23/2011,174,27.8,0,DC
6/24/2011,175,28.9,0,DC
6/25/2011,176,30.6,0,DC
6/26/2011,177,31.1,0,DC
6/27/2011,178,31.7,0,DC
6/28/2011,179,30,0,DC
6/29/2011,180,30,0,DC
6/30/2011,181,30,0,DC
7/1/2011,182,31.1,0,DC
7/2/2011,183,28.3,0,DC
7/3/2011,184,29.4,0,DC
7/4/2011,185,31.1,0,DC
7/5/2011,186,23.9,1.55,DC
7/6/2011,187,24.4,0.58,DC
7/7/2011,188,30.6,0,DC
7/8/2011,189,33.3,0,DC
7/9/2011,190,31.7,0,DC
7/10/2011,191,32.8,0,DC
7/11/2011,192,32.8,0,DC
7/12/2011,193,32.2,0.03,DC
7/13/2011,194,32.8,0,DC
7/14/2011,195,27.2,0,DC
7/15/2011,196,26.7,0.94,DC
7/16/2011,197,27.8,0,DC
7/17/2011,198,30.6,0,DC
7/18/2011,199,25,2.46,DC
7/19/2011,200,28.3,0.53,DC
7/20/2011,201,30,0,DC
7/21/2011,202,31.1,0,DC
7/22/2011,203,31.1,0,DC
7/23/2011,204,32.2,0,DC
7/24/2011,205,32.2,0,DC
7/25/2011,206,28.9,0,DC
7/26/2011,207,31.7,0,DC
7/27/2011,208,30,0.03,DC
7/28/2011,209,28.9,0,DC
7/29/2011,210,26.7,0.94,DC
7/30/2011,211,31.7,0,DC
7/31/2011,212,32.8,0,DC
8/1/2011,213,27.8,0.03,DC
8/2/2011,214,34.4,0,DC
8/3/2011,215,34.4,0,DC
8/4/2011,216,33.3,0,DC
8/5/2011,217,33.9,0,DC
8/6/2011,218,33.9,0,DC
8/7/2011,219,33.3,0,DC
8/8/2011,220,33.9,0,DC
8/9/2011,221,33.3,0,DC
8/10/2011,222,33.3,0,DC
8/11/2011,223,32.8,0,DC
8/12/2011,224,32.8,0,DC
8/13/2011,225,32.2,0,DC
8/14/2011,226,27.8,0,DC
8/15/2011,227,32.8,0,DC
8/16/2011,228,33.3,0,DC
8/17/2011,229,33.3,0,DC
8/18/2011,230,33.3,0,DC
8/19/2011,231,32.2,0,DC
8/20/2011,232,31.7,0,DC
8/21/2011,233,32.2,0,DC
8/22/2011,234,33.3,0,DC
8/23/2011,235,31.7,0,DC
8/24/2011,236,25,0.15,DC
8/25/2011,237,28.9,0.53,DC
8/26/2011,238,31.7,0,DC
8/27/2011,239,32.2,0,DC
8/28/2011,240,32.8,0,DC
8/29/2011,241,30.6,0,DC
8/30/2011,242,33.3,0,DC
8/31/2011,243,31.7,0,DC
9/1/2011,244,31.7,0,DC
9/2/2011,245,30,0,DC
9/3/2011,246,23.9,0.13,DC
9/4/2011,247,29.4,0,DC
9/5/2011,248,24.4,0,DC
9/6/2011,249,23.9,0,DC
9/7/2011,250,24.4,0,DC
9/8/2011,251,26.1,0,DC
9/9/2011,252,24.4,0,DC
9/10/2011,253,26.1,0,DC
9/11/2011,254,28.3,0,DC
9/12/2011,255,29.4,0,DC
9/13/2011,256,31.7,0,DC
9/14/2011,257,28.9,0,DC
9/15/2011,258,25,0,DC
9/16/2011,259,27.2,0,DC
9/17/2011,260,27.8,0,DC
9/18/2011,261,26.1,0,DC
9/19/2011,262,22.8,2.21,DC
9/20/2011,263,25,0,DC
9/21/2011,264,25.6,0,DC
9/22/2011,265,23.9,0.03,DC
9/23/2011,266,23.3,0,DC
9/24/2011,267,25,0,DC
9/25/2011,268,30.6,0,DC
9/26/2011,269,30.6,0,DC
9/27/2011,270,30.6,0,DC
9/28/2011,271,27.2,0,DC
9/29/2011,272,27.8,0,DC
9/30/2011,273,22.2,0,DC
10/1/2011,274,21.7,0,DC
10/2/2011,275,20.6,0,DC
10/3/2011,276,21.7,0,DC
10/4/2011,277,21.1,0,DC
10/5/2011,278,22.8,0,DC
10/6/2011,279,25.6,0,DC
10/7/2011,280,25.6,0,DC
10/8/2011,281,25.6,0,DC
10/9/2011,282,19.4,1.63,DC
10/10/2011,283,27.1,0.05,DC
10/11/2011,284,22.2,0,DC
10/12/2011,285,20,0,DC
10/13/2011,286,19.4,0,DC
10/14/2011,287,21.1,0,DC
10/15/2011,288,23.3,0,DC
10/16/2011,289,21.7,0,DC
10/17/2011,290,24.4,0,DC
10/18/2011,291,12.8,0.28,DC
10/19/2011,292,13.9,0,DC
10/20/2011,293,16.1,0,DC
10/21/2011,294,22.2,0,DC
10/22/2011,295,22.8,0,DC
10/23/2011,296,21.1,1.63,DC
10/24/2011,297,21.7,0,DC
10/25/2011,298,23.3,0,DC
10/26/2011,299,23.3,0,DC
10/27/2011,300,13.9,0.94,DC
10/28/2011,301,8.9,0.05,DC
10/29/2011,302,10.6,0,DC
10/30/2011,303,13.3,0,DC
10/31/2011,304,16.1,0,DC
11/1/2011,305,17.8,0,DC
11/2/2011,306,22.2,0.3,DC
11/3/2011,307,9.4,0,DC
11/4/2011,308,12.2,0,DC
11/5/2011,309,17.2,0,DC
11/6/2011,310,21.7,0,DC
11/7/2011,311,21.7,0.03,DC
11/8/2011,312,18.3,2.06,DC
11/9/2011,313,10.6,0,DC
11/10/2011,314,7.8,0,DC
11/11/2011,315,11.7,0,DC
11/12/2011,316,19.4,0,DC
11/13/2011,317,21.7,0,DC
11/14/2011,318,21.7,0,DC
11/15/2011,319,17.8,0.91,DC
11/16/2011,320,16.1,0,DC
11/17/2011,321,7.2,0,DC
11/18/2011,322,13.3,0,DC
11/19/2011,323,22.2,0,DC
11/20/2011,324,22.2,0,DC
11/21/2011,325,22.8,0,DC
11/22/2011,326,12.2,2.87,DC
11/23/2011,327,11.7,0,DC
11/24/2011,328,7.8,0,DC
11/25/2011,329,17.2,0,DC
11/26/2011,330,9.4,2.82,DC
11/27/2011,331,2.8,0,DC
11/28/2011,332,3.3,0,DC
11/29/2011,333,8.3,0,DC
11/30/2011,334,7.2,0,DC
12/1/2011,335,15,0,DC
12/2/2011,336,13.3,0,DC
12/3/2011,337,18.9,0.05,DC
12/4/2011,338,10.6,1.52,DC
12/5/2011,339,5.6,1.09,DC
12/6/2011,340,-1.1,0,DC
12/7/2011,341,0,0,DC
12/8/2011,342,5,0,DC
12/9/2011,343,8.9,0,DC
12/10/2011,344,6.1,0,DC
12/11/2011,345,6.1,0,DC
12/12/2011,346,10.6,0,DC
12/13/2011,347,16.1,0,DC
12/14/2011,348,18.9,0,DC
12/15/2011,349,12.8,0.41,DC
12/16/2011,350,10.6,1.78,DC
12/17/2011,351,8.3,0,DC
12/18/2011,352,10.6,0,DC
12/19/2011,353,17.2,0.36,DC
12/20/2011,354,8.3,0.38,DC
12/21/2011,355,8.9,0,DC
12/22/2011,356,11.1,3.1,DC
12/23/2011,357,7.8,0,DC
12/24/2011,358,5,2.95,DC
12/25/2011,359,7.2,0.48,DC
12/26/2011,360,3.9,0.51,DC
12/27/2011,361,7.2,0,DC
12/28/2011,362,7.8,0,DC
12/29/2011,363,7.2,0.03,DC
12/30/2011,364,12.2,0,DC
12/31/2011,365,17.8,0,DC
1/1/2012,1,8.9,0,DC
1/2/2012,2,6.1,0,DC
1/3/2012,3,7.2,0,DC
1/4/2012,4,12.2,0,DC
1/5/2012,5,13.3,0,DC
1/6/2012,6,16.7,0,DC
1/7/2012,7,13.3,0,DC
1/8/2012,8,16.7,1.88,DC
1/9/2012,9,10.6,1.78,DC
1/10/2012,10,7.2,0.13,DC
1/11/2012,11,13.3,0,DC
1/12/2012,12,-0.6,0,DC
1/13/2012,13,4.4,0,DC
1/14/2012,14,9.4,0,DC
1/15/2012,15,16.1,0,DC
1/16/2012,16,19.4,0,DC
1/17/2012,17,7.8,0.08,DC
1/18/2012,18,7.8,0,DC
1/19/2012,19,16.1,0,DC
1/20/2012,20,21.1,0,DC
1/21/2012,21,12.2,0,DC
1/22/2012,22,21.7,0,DC
1/23/2012,23,12.2,0,DC
1/24/2012,24,12.2,0.2,DC
1/25/2012,25,10.6,3.12,DC
1/26/2012,26,8.3,0,DC
1/27/2012,27,12.2,0,DC
1/28/2012,28,7.2,0,DC
1/29/2012,29,9.4,0,DC
1/30/2012,30,13.9,0,DC
1/31/2012,31,17.8,0.61,DC
2/1/2012,32,17.8,0,DC
2/2/2012,33,17.8,0.05,DC
2/3/2012,34,20,0.15,DC
2/4/2012,35,11.1,7.49,DC
2/5/2012,36,5.6,0,DC
2/6/2012,37,9.4,0,DC
2/7/2012,38,10,0.03,DC
2/8/2012,39,7.2,0,DC
2/9/2012,40,8.9,0,DC
2/10/2012,41,8.9,0.15,DC
2/11/2012,42,2.2,0,DC
2/12/2012,43,6.7,0,DC
2/13/2012,44,7.2,0.74,DC
2/14/2012,45,8.9,0.03,DC
2/15/2012,46,16.7,1.22,DC
2/16/2012,47,11.1,0.03,DC
2/17/2012,48,13.9,0.05,DC
2/18/2012,49,8.9,5.13,DC
2/19/2012,50,9.4,0,DC
2/20/2012,51,13.3,0,DC
2/21/2012,52,16.7,0.2,DC
2/22/2012,53,20.6,NA,DC
2/23/2012,54,22.8,0,DC
2/24/2012,55,9.4,0,DC
2/25/2012,56,7.2,0,DC
2/26/2012,57,15,0,DC
2/27/2012,58,17.8,0,DC
2/28/2012,59,21.1,0,DC
2/29/2012,60,18.3,0,DC
3/1/2012,61,21.7,0,DC
3/2/2012,62,16.7,0.08,DC
3/3/2012,63,10,0,DC
3/4/2012,64,15.6,0,DC
3/5/2012,65,17.8,0,DC
3/6/2012,66,17.8,0,DC
3/7/2012,67,19.4,0.2,DC
3/8/2012,68,13.3,6.53,DC
3/9/2012,69,7.8,3.56,DC
3/10/2012,70,11.7,1.57,DC
3/11/2012,71,16.1,5.46,DC
3/12/2012,72,20.6,0,DC
3/13/2012,73,NA,NA,DC
3/14/2012,74,NA,NA,DC
3/15/2012,75,NA,NA,DC
3/16/2012,76,22.2,0,DC
3/17/2012,77,22.2,0,DC
3/18/2012,78,22.8,0,DC
3/19/2012,79,21.7,0.1,DC
3/20/2012,80,14.4,4.19,DC
3/21/2012,81,13.9,0.05,DC
3/22/2012,82,19.4,0,DC
3/23/2012,83,18.3,0,DC
3/24/2012,84,19.4,0,DC
3/25/2012,85,21.7,0,DC
3/26/2012,86,21.1,0,DC
3/27/2012,87,19.4,0,DC
3/28/2012,88,20.6,0,DC
3/29/2012,89,17.8,1.09,DC
3/30/2012,90,21.1,0,DC
3/31/2012,91,23.9,0,DC
4/1/2012,92,23.3,0,DC
4/2/2012,93,17.2,1.57,DC
4/3/2012,94,23.9,0,DC
4/4/2012,95,20,0.71,DC
4/5/2012,96,20.6,0,DC
4/6/2012,97,20,0,DC
4/7/2012,98,21.1,0,DC
4/8/2012,99,19.4,0.05,DC
4/9/2012,100,20.6,0,DC
4/10/2012,101,21.7,0,DC
4/11/2012,102,20.6,0,DC
4/12/2012,103,20.6,0,DC
4/13/2012,104,22.8,0,DC
4/14/2012,105,23.3,0,DC
4/15/2012,106,16.7,0.25,DC
4/16/2012,107,16.7,0.15,DC
4/17/2012,108,17.8,0,DC
4/18/2012,109,17.8,0,DC
4/19/2012,110,20.6,0,DC
4/20/2012,111,15,0.51,DC
4/21/2012,112,16.1,0,DC
4/22/2012,113,21.7,0,DC
4/23/2012,114,16.7,0,DC
4/24/2012,115,21.1,0,DC
4/25/2012,116,25,0,DC
4/26/2012,117,23.9,0,DC
4/27/2012,118,22.8,0,DC
4/28/2012,119,22.8,0,DC
4/29/2012,120,23.9,0,DC
4/30/2012,121,22.8,0,DC
5/1/2012,122,23.9,0,DC
5/2/2012,123,23.9,0,DC
5/3/2012,124,24.4,0,DC
5/4/2012,125,24.4,0,DC
5/5/2012,126,25.6,0,DC
5/6/2012,127,24.4,0,DC
5/7/2012,128,25,0.08,DC
5/8/2012,129,21.1,1.12,DC
5/9/2012,130,21.1,0,DC
5/10/2012,131,21.1,0,DC
5/11/2012,132,20.6,1.78,DC
5/12/2012,133,19.4,0.36,DC
5/13/2012,134,20.6,0,DC
5/14/2012,135,20.6,0,DC
5/15/2012,136,17.2,0.53,DC
5/16/2012,137,21.7,0,DC
5/17/2012,138,23.3,0,DC
5/18/2012,139,23.9,0,DC
5/19/2012,140,23.9,0,DC
5/20/2012,141,24.4,0,DC
5/21/2012,142,25.6,0,DC
5/22/2012,143,25.6,0,DC
5/23/2012,144,25,0,DC
5/24/2012,145,25,0,DC
5/25/2012,146,26.7,0,DC
5/26/2012,147,26.1,0,DC
5/27/2012,148,25.6,0,DC
5/28/2012,149,25.6,0,DC
5/29/2012,150,26.7,0,DC
5/30/2012,151,26.1,0,DC
5/31/2012,152,23.9,0.69,DC
6/1/2012,153,23.9,0,DC
6/2/2012,154,27.2,0,DC
6/3/2012,155,28.3,0,DC
6/4/2012,156,26.7,0,DC
6/5/2012,157,28.3,0,DC
6/6/2012,158,21.7,4.39,DC
6/7/2012,159,23.9,0,DC
6/8/2012,160,25.6,0,DC
6/9/2012,161,26.1,0,DC
6/10/2012,162,27.8,0,DC
6/11/2012,163,30,0,DC
6/12/2012,164,23.3,0.64,DC
6/13/2012,165,26.1,NA,DC
6/14/2012,166,26.7,6.05,DC
6/15/2012,167,22.8,2.59,DC
6/16/2012,168,24.4,0,DC
6/17/2012,169,24.4,0,DC
6/18/2012,170,24.4,0.03,DC
6/19/2012,171,22.8,0.46,DC
6/20/2012,172,24.4,0,DC
6/21/2012,173,25.6,0,DC
6/22/2012,174,25.6,0,DC
6/23/2012,175,28.3,0,DC
6/24/2012,176,29.4,0,DC
6/25/2012,177,30,0,DC
6/26/2012,178,38.9,0,DC
6/27/2012,179,30.6,NA,DC
6/28/2012,180,29.4,NA,DC
6/29/2012,181,27.8,0,DC
6/30/2012,182,25.6,0,DC
7/1/2012,183,22.8,0.33,DC
7/2/2012,184,27.2,0,DC
7/3/2012,185,25.6,0,DC
7/4/2012,186,29.4,0,DC
7/5/2012,187,29.4,0,DC
7/6/2012,188,27.2,0,DC
7/7/2012,189,22.8,4.93,DC
7/8/2012,190,23.9,2.29,DC
7/9/2012,191,22.8,6.17,DC
7/10/2012,192,24.4,0.03,DC
7/11/2012,193,24.4,0,DC
7/12/2012,194,24.4,NA,DC
7/13/2012,195,27.2,NA,DC
7/14/2012,196,NA,NA,DC
7/15/2012,197,NA,NA,DC
7/16/2012,198,32.2,NA,DC
7/17/2012,199,NA,NA,DC
7/18/2012,200,27.8,NA,DC
7/19/2012,201,28.9,0,DC
7/20/2012,202,29.4,0,DC
7/21/2012,203,23.9,1.57,DC
7/22/2012,204,27.2,0,DC
7/23/2012,205,26.1,0.08,DC
7/24/2012,206,27.8,0,DC
7/25/2012,207,28.3,0,DC
7/26/2012,208,28.3,0,DC
7/27/2012,209,28.9,0,DC
7/28/2012,210,28.9,0,DC
7/29/2012,211,30.6,0,DC
7/30/2012,212,29.4,0,DC
7/31/2012,213,29.4,0,DC
8/1/2012,214,29.4,0,DC
8/2/2012,215,28.9,0,DC
8/3/2012,216,29.4,0,DC
8/4/2012,217,29.4,0,DC
8/5/2012,218,27.2,0.05,DC
8/6/2012,219,29.4,0,DC
8/7/2012,220,28.9,0,DC
8/8/2012,221,27.2,0,DC
8/9/2012,222,30.6,0,DC
8/10/2012,223,28.3,0,DC
8/11/2012,224,28.3,0,DC
8/12/2012,225,30,0,DC
8/13/2012,226,31.1,0,DC
8/14/2012,227,30.6,0,DC
8/15/2012,228,29.4,0,DC
8/16/2012,229,30,0,DC
8/17/2012,230,29.4,0,DC
8/18/2012,231,24.4,0,DC
8/19/2012,232,26.1,0,DC
8/20/2012,233,28.9,0,DC
8/21/2012,234,28.3,0,DC
8/22/2012,235,22.8,0,DC
8/23/2012,236,35.6,NA,DC
8/24/2012,237,32.2,NA,DC
8/25/2012,238,32.8,NA,DC
8/26/2012,239,30.6,NA,DC
8/27/2012,240,30.6,NA,DC
8/28/2012,241,28.3,NA,DC
8/29/2012,242,29.4,0,DC
8/30/2012,243,25,0.03,DC
8/31/2012,244,23.3,3.61,DC
9/1/2012,245,25.6,1.73,DC
9/2/2012,246,28.9,0.03,DC
9/3/2012,247,29.4,0,DC
9/4/2012,248,29.4,0,DC
9/5/2012,249,29.4,0,DC
9/6/2012,250,29.4,0,DC
9/7/2012,251,28.9,0,DC
9/8/2012,252,21.1,0.08,DC
9/9/2012,253,23.9,0,DC
9/10/2012,254,23.9,0,DC
9/11/2012,255,25,0,DC
9/12/2012,256,27.8,0,DC
9/13/2012,257,22.2,1.17,DC
9/14/2012,258,21.1,0.25,DC
9/15/2012,259,23.9,0.03,DC
9/16/2012,260,20,1.45,DC
9/17/2012,261,20,1.3,DC
9/18/2012,262,22.2,0,DC
9/19/2012,263,19.4,0,DC
9/20/2012,264,21.7,0,DC
9/21/2012,265,21.7,0,DC
9/22/2012,266,23.9,0,DC
9/23/2012,267,25,0,DC
9/24/2012,268,26.1,0,DC
9/25/2012,269,26.1,0,DC
9/26/2012,270,25.6,0,DC
9/27/2012,271,23.9,0,DC
9/28/2012,272,25.6,0,DC
9/29/2012,273,21.7,9.58,DC
9/30/2012,274,15,9.5,DC
10/1/2012,275,19.4,0,DC
10/2/2012,276,19.4,0.03,DC
10/3/2012,277,18.3,0,DC
10/4/2012,278,22.2,0,DC
10/5/2012,279,30.6,0,DC
10/6/2012,280,11.1,NA,DC
10/7/2012,281,11.1,0,DC
10/8/2012,282,11.7,0.03,DC
10/9/2012,283,20.6,0,DC
10/10/2012,284,23.3,0,DC
10/11/2012,285,23.9,0,DC
10/12/2012,286,22.2,0,DC
10/13/2012,287,22.8,0.05,DC
10/14/2012,288,21.7,0.1,DC
10/15/2012,289,17.2,0,DC
10/16/2012,290,16.1,0.23,DC
10/17/2012,291,24.4,0,DC
10/18/2012,292,17.8,0,DC
10/19/2012,293,15,0,DC
10/20/2012,294,21.7,0,DC
10/21/2012,295,23.3,0,DC
10/22/2012,296,22.2,0,DC
10/23/2012,297,21.1,0,DC
10/24/2012,298,22.2,0,DC
10/25/2012,299,22.8,0,DC
10/26/2012,300,10.6,0.79,DC
10/27/2012,301,8.3,0,DC
10/28/2012,302,8.9,0,DC
10/29/2012,303,10.6,0,DC
10/30/2012,304,13.3,0,DC
10/31/2012,305,16.7,0,DC
11/1/2012,306,21.1,0,DC
11/2/2012,307,20,0,DC
11/3/2012,308,17.2,0,DC
11/4/2012,309,17.2,0,DC
11/5/2012,310,14.4,0,DC
11/6/2012,311,13.3,0,DC
11/7/2012,312,13.3,0,DC
11/8/2012,313,17.2,0,DC
11/9/2012,314,18.3,0,DC
11/10/2012,315,20.6,0,DC
11/11/2012,316,13.9,0.15,DC
11/12/2012,317,7.2,0.03,DC
11/13/2012,318,7.2,0,DC
11/14/2012,319,7.2,0,DC
11/15/2012,320,7.8,0,DC
11/16/2012,321,7.8,0,DC
11/17/2012,322,11.1,0,DC
11/18/2012,323,11.7,0,DC
11/19/2012,324,13.9,0,DC
11/20/2012,325,16.1,0,DC
11/21/2012,326,15.6,0,DC
11/22/2012,327,16.7,0,DC
11/23/2012,328,12.2,0.03,DC
11/24/2012,329,5.6,0,DC
11/25/2012,330,16.1,0,DC
11/26/2012,331,21.1,1.27,DC
11/27/2012,332,7.8,0,DC
11/28/2012,333,8.3,0,DC
11/29/2012,334,12.8,0,DC
11/30/2012,335,17.8,0,DC
12/1/2012,336,20,0,DC
12/2/2012,337,19.4,0,DC
12/3/2012,338,20,0.08,DC
12/4/2012,339,16.7,0.36,DC
12/5/2012,340,13.3,0,DC
12/6/2012,341,12.2,0,DC
12/7/2012,342,17.2,0,DC
12/8/2012,343,19.4,0.03,DC
12/9/2012,344,13.9,0.3,DC
12/10/2012,345,1.1,0.43,DC
12/11/2012,346,3.9,0,DC
12/12/2012,347,3.3,0,DC
12/13/2012,348,10,0,DC
12/14/2012,349,11.7,NA,DC
12/15/2012,350,21.7,NA,DC
12/16/2012,351,18.3,NA,DC
12/17/2012,352,15.6,NA,DC
12/18/2012,353,22.2,NA,DC
12/19/2012,354,23.9,NA,DC
12/20/2012,355,7.2,NA,DC
12/21/2012,356,11.1,NA,DC
12/22/2012,357,16.7,NA,DC
12/23/2012,358,21.7,NA,DC
12/24/2012,359,17.2,NA,DC
12/25/2012,360,10.6,NA,DC
12/26/2012,361,1.7,NA,DC
12/27/2012,362,6.1,NA,DC
12/28/2012,363,7.2,NA,DC
12/29/2012,364,4.4,NA,DC
12/30/2012,365,7.2,NA,DC
12/31/2012,366,NA,NA,DC
1/1/2013,1,8.9,NA,DC
1/2/2013,2,5,NA,DC
1/3/2013,3,8.9,NA,DC
1/4/2013,4,7.2,NA,DC
1/5/2013,5,7.2,NA,DC
1/6/2013,6,8.9,NA,DC
1/7/2013,7,8.3,NA,DC
1/8/2013,8,14.4,2.44,DC
1/9/2013,9,17.2,3.05,DC
1/10/2013,10,10.6,0.05,DC
1/11/2013,11,17.8,0,DC
1/12/2013,12,21.1,0.15,DC
1/13/2013,13,3.9,2.26,DC
1/14/2013,14,1.7,0.08,DC
1/15/2013,15,0,0.79,DC
1/16/2013,16,1.1,0,DC
1/17/2013,17,9.4,0,DC
1/18/2013,18,7.2,0,DC
1/19/2013,19,9.4,0,DC
1/20/2013,20,12.2,0,DC
1/21/2013,21,11.7,0,DC
1/22/2013,22,12.2,0,DC
1/23/2013,23,15,0,DC
1/24/2013,24,17.2,0,DC
1/25/2013,25,16.1,0,DC
1/26/2013,26,13.9,0,DC
1/27/2013,27,20,0,DC
1/28/2013,28,21.1,0,DC
1/29/2013,29,13.9,0.66,DC
1/30/2013,30,4.4,0.03,DC
1/31/2013,31,9.4,0,DC
2/1/2013,32,13.3,0,DC
2/2/2013,33,15,0,DC
2/3/2013,34,12.2,0,DC
2/4/2013,35,15.6,0.05,DC
2/5/2013,36,16.1,0.03,DC
2/6/2013,37,15.6,0.79,DC
2/7/2013,38,14.4,0,DC
2/8/2013,39,10.6,0,DC
2/9/2013,40,15,0,DC
2/10/2013,41,13.9,2.26,DC
2/11/2013,42,10,0.56,DC
2/12/2013,43,10,0.2,DC
2/13/2013,44,3.3,0,DC
2/14/2013,45,10,0,DC
2/15/2013,46,6.7,0,DC
2/16/2013,47,5,0,DC
2/17/2013,48,13.9,0,DC
2/18/2013,49,13.9,0.84,DC
2/19/2013,50,11.7,0,DC
2/20/2013,51,9.4,0.08,DC
2/21/2013,52,13.3,0.91,DC
2/22/2013,53,11.1,0,DC
2/23/2013,54,8.9,0,DC
2/24/2013,55,15,0,DC
2/25/2013,56,8.3,0,DC
2/26/2013,57,7.8,0,DC
2/27/2013,58,8.3,0,DC
2/28/2013,59,6.1,0,DC
3/1/2013,60,7.2,0,DC
3/2/2013,61,3.3,0,DC
3/3/2013,62,12.8,0,DC
3/4/2013,63,19.4,0,DC
3/5/2013,64,8.9,0,DC
3/6/2013,65,8.3,0,DC
3/7/2013,66,12.2,0,DC
3/8/2013,67,17.2,0,DC
3/9/2013,68,18.9,0,DC
3/10/2013,69,9.4,2.74,DC
3/11/2013,70,7.8,0,DC
3/12/2013,71,13.9,0,DC
3/13/2013,72,13.3,0,DC
3/14/2013,73,16.1,0,DC
3/15/2013,74,18.9,0,DC
3/16/2013,75,20.6,0,DC
3/17/2013,76,21.7,0,DC
3/18/2013,77,20,0,DC
3/19/2013,78,18.9,0,DC
3/20/2013,79,13.9,1.47,DC
3/21/2013,80,17.2,0,DC
3/22/2013,81,17.2,0,DC
3/23/2013,82,13.3,0,DC
3/24/2013,83,7.8,0,DC
3/25/2013,84,7.2,0,DC
3/26/2013,85,7.2,0,DC
3/27/2013,86,20,0,DC
3/28/2013,87,17.2,NA,DC
3/29/2013,88,19.4,0,DC
3/30/2013,89,20,0.71,DC
3/31/2013,90,18.9,0.69,DC
4/1/2013,91,19.4,0,DC
4/2/2013,92,18.3,0.25,DC
4/3/2013,93,8.3,0.97,DC
4/4/2013,94,8.3,0.08,DC
4/5/2013,95,14.4,0.03,DC
4/6/2013,96,17.8,0,DC
4/7/2013,97,20,0,DC
4/8/2013,98,21.1,0,DC
4/9/2013,99,23.9,0,DC
4/10/2013,100,7.2,0.18,DC
4/11/2013,101,11.7,0.05,DC
4/12/2013,102,17.2,0.03,DC
4/13/2013,103,18.3,0,DC
4/14/2013,104,21.7,0,DC
4/15/2013,105,23.3,0,DC
4/16/2013,106,23.9,0,DC
4/17/2013,107,23.3,0.03,DC
4/18/2013,108,8.9,0.18,DC
4/19/2013,109,8.9,0.03,DC
4/20/2013,110,13.3,0.03,DC
4/21/2013,111,16.1,0.2,DC
4/22/2013,112,18.3,0,DC
4/23/2013,113,17.2,0,DC
4/24/2013,114,13.9,0.38,DC
4/25/2013,115,16.7,0,DC
4/26/2013,116,22.8,0,DC
4/27/2013,117,22.2,0,DC
4/28/2013,118,22.2,0,DC
4/29/2013,119,21.1,0,DC
4/30/2013,120,20.6,0.05,DC
5/1/2013,121,21.7,0.03,DC
5/2/2013,122,8.9,0,DC
5/3/2013,123,11.1,0,DC
5/4/2013,124,17.8,0,DC
5/5/2013,125,12.8,0,DC
5/6/2013,126,18.9,0,DC
5/7/2013,127,21.7,0,DC
5/8/2013,128,22.8,0,DC
5/9/2013,129,20.6,1.04,DC
5/10/2013,130,21.1,0,DC
5/11/2013,131,21.1,0.91,DC
5/12/2013,132,16.7,0,DC
5/13/2013,133,20,0,DC
5/14/2013,134,22.2,0,DC
5/15/2013,135,18.9,0.97,DC
5/16/2013,136,23.3,0.74,DC
5/17/2013,137,25.6,0,DC
5/18/2013,138,26.1,0,DC
5/19/2013,139,25,0,DC
5/20/2013,140,25.6,0,DC
5/21/2013,141,19.4,0.48,DC
5/22/2013,142,24.4,0.03,DC
5/23/2013,143,26.1,0,DC
5/24/2013,144,21.1,0,DC
5/25/2013,145,23.3,0,DC
5/26/2013,146,24.4,0.03,DC
5/27/2013,147,25.6,0,DC
5/28/2013,148,25.6,0,DC
5/29/2013,149,25,0,DC
5/30/2013,150,26.1,0,DC
5/31/2013,151,27.2,0,DC
6/1/2013,152,28.9,0,DC
6/2/2013,153,23.3,9.6,DC
6/3/2013,154,23.3,0,DC
6/4/2013,155,25.6,0,DC
6/5/2013,156,27.8,0,DC
6/6/2013,157,20,2.44,DC
6/7/2013,158,21.1,0.03,DC
6/8/2013,159,24.4,0,DC
6/9/2013,160,24.4,0,DC
6/10/2013,161,26.7,0,DC
6/11/2013,162,25,0,DC
6/12/2013,163,27.2,0,DC
6/13/2013,164,28.3,0,DC
6/14/2013,165,28.9,0,DC
6/15/2013,166,27.2,0.69,DC
6/16/2013,167,27.2,0,DC
6/17/2013,168,26.7,0,DC
6/18/2013,169,23.3,0.03,DC
6/19/2013,170,26.1,0.08,DC
6/20/2013,171,27.8,0,DC
6/21/2013,172,27.8,0,DC
6/22/2013,173,27.8,0,DC
6/23/2013,174,27.2,0,DC
6/24/2013,175,28.9,0,DC
6/25/2013,176,28.9,0,DC
6/26/2013,177,29.4,0,DC
6/27/2013,178,28.9,0,DC
6/28/2013,179,30.6,0,DC
6/29/2013,180,30,0,DC
6/30/2013,181,27.8,0,DC
7/1/2013,182,25.6,0,DC
7/2/2013,183,26.7,0,DC
7/3/2013,184,25.6,0,DC
7/4/2013,185,25.6,0,DC
7/5/2013,186,27.2,0,DC
7/6/2013,187,28.9,0,DC
7/7/2013,188,26.7,0.36,DC
7/8/2013,189,26.1,0,DC
7/9/2013,190,30.6,0,DC
7/10/2013,191,30.6,0,DC
7/11/2013,192,22.2,1.12,DC
7/12/2013,193,28.9,0.03,DC
7/13/2013,194,27.8,0,DC
7/14/2013,195,23.9,0.03,DC
7/15/2013,196,21.1,1.02,DC
7/16/2013,197,23.3,NA,DC
7/17/2013,198,25,0.33,DC
7/18/2013,199,28.3,0,DC
7/19/2013,200,23.9,2.46,DC
7/20/2013,201,23.9,0,DC
7/21/2013,202,25.6,0.05,DC
7/22/2013,203,29.4,0,DC
7/23/2013,204,28.3,0,DC
7/24/2013,205,27.8,0,DC
7/25/2013,206,28.3,0,DC
7/26/2013,207,28.9,0,DC
7/27/2013,208,23.9,0.48,DC
7/28/2013,209,26.7,0,DC
7/29/2013,210,29.4,0,DC
7/30/2013,211,29.4,0,DC
7/31/2013,212,29.4,0,DC
8/1/2013,213,31.1,0,DC
8/2/2013,214,30,0,DC
8/3/2013,215,30,0,DC
8/4/2013,216,31.1,0,DC
8/5/2013,217,30.6,0,DC
8/6/2013,218,31.7,0,DC
8/7/2013,219,30.6,0,DC
8/8/2013,220,31.7,0,DC
8/9/2013,221,30.6,0,DC
8/10/2013,222,26.1,0,DC
8/11/2013,223,28.3,0,DC
8/12/2013,224,30.6,0,DC
8/13/2013,225,30,0,DC
8/14/2013,226,25.6,0.38,DC
8/15/2013,227,26.7,0,DC
8/16/2013,228,25,1.12,DC
8/17/2013,229,25.6,0.03,DC
8/18/2013,230,26.7,0,DC
8/19/2013,231,27.8,0,DC
8/20/2013,232,27.8,0,DC
8/21/2013,233,29.4,0,DC
8/22/2013,234,28.9,0,DC
8/23/2013,235,25,0,DC
8/24/2013,236,28.9,0,DC
8/25/2013,237,28.3,0,DC
8/26/2013,238,23.3,0,DC
8/27/2013,239,27.2,0,DC
8/28/2013,240,29.4,0,DC
8/29/2013,241,30,0,DC
8/30/2013,242,30.6,0,DC
8/31/2013,243,30.6,0,DC
9/1/2013,244,30.6,0,DC
9/2/2013,245,26.7,0,DC
9/3/2013,246,23.9,0.56,DC
9/4/2013,247,27.2,0,DC
9/5/2013,248,29.4,0,DC
9/6/2013,249,29.4,0,DC
9/7/2013,250,23.9,0.33,DC
9/8/2013,251,28.3,0,DC
9/9/2013,252,28.3,0,DC
9/10/2013,253,26.7,0,DC
9/11/2013,254,27.2,0,DC
9/12/2013,255,27.2,0,DC
9/13/2013,256,29.4,0,DC
9/14/2013,257,28.3,0,DC
9/15/2013,258,27.8,0,DC
9/16/2013,259,28.3,0,DC
9/17/2013,260,28.3,0,DC
9/18/2013,261,28.9,0,DC
9/19/2013,262,23.9,1.73,DC
9/20/2013,263,21.1,9.83,DC
9/21/2013,264,21.7,0.03,DC
9/22/2013,265,20.6,0,DC
9/23/2013,266,23.9,0,DC
9/24/2013,267,25,0,DC
9/25/2013,268,25,0,DC
9/26/2013,269,24.4,0,DC
9/27/2013,270,25.6,0,DC
9/28/2013,271,23.9,1.55,DC
9/29/2013,272,22.2,0.36,DC
9/30/2013,273,23.9,0,DC
10/1/2013,274,23.9,0,DC
10/2/2013,275,22.2,0.76,DC
10/3/2013,276,24.4,0,DC
10/4/2013,277,26.1,0,DC
10/5/2013,278,17.8,0.18,DC
10/6/2013,279,16.1,0,DC
10/7/2013,280,19.4,0,DC
10/8/2013,281,18.3,0,DC
10/9/2013,282,18.9,0,DC
10/10/2013,283,20.6,0,DC
10/11/2013,284,23.9,0,DC
10/12/2013,285,20,8.05,DC
10/13/2013,286,21.1,0.05,DC
10/14/2013,287,22.8,0,DC
10/15/2013,288,22.2,0.53,DC
10/16/2013,289,15,0.86,DC
10/17/2013,290,14.4,0.03,DC
10/18/2013,291,15.6,0,DC
10/19/2013,292,11.7,0,DC
10/20/2013,293,13.3,0,DC
10/21/2013,294,19.4,0,DC
10/22/2013,295,14.4,0,DC
10/23/2013,296,18.3,0,DC
10/24/2013,297,18.3,0,DC
10/25/2013,298,13.3,0,DC
10/26/2013,299,18.9,0,DC
10/27/2013,300,16.1,3.63,DC
10/28/2013,301,20.6,0,DC
10/29/2013,302,21.7,0,DC
10/30/2013,303,21.7,3.96,DC
10/31/2013,304,15,1.55,DC
11/1/2013,305,17.2,0,DC
11/2/2013,306,12.2,0,DC
11/3/2013,307,11.7,0,DC
11/4/2013,308,17.8,0,DC
11/5/2013,309,21.7,0,DC
11/6/2013,310,9.4,0.3,DC
11/7/2013,311,8.9,0,DC
11/8/2013,312,10.6,0,DC
11/9/2013,313,11.7,0.13,DC
11/10/2013,314,12.8,0,DC
11/11/2013,315,12.2,0,DC
11/12/2013,316,7.2,0,DC
11/13/2013,317,2.8,0,DC
11/14/2013,318,8.9,0,DC
11/15/2013,319,16.1,0.03,DC
11/16/2013,320,22.2,0.25,DC
11/17/2013,321,20.6,0,DC
11/18/2013,322,14.4,0,DC
11/19/2013,323,10.6,0,DC
11/20/2013,324,15.6,0,DC
11/21/2013,325,21.7,0,DC
11/22/2013,326,5,9.6,DC
11/23/2013,327,6.1,1.45,DC
11/24/2013,328,2.2,0.23,DC
11/25/2013,329,2.2,3.78,DC
11/26/2013,330,2.8,1.22,DC
11/27/2013,331,0,0,DC
11/28/2013,332,2.8,0,DC
11/29/2013,333,5,0,DC
11/30/2013,334,13.3,0,DC
12/1/2013,335,15.6,0,DC
12/2/2013,336,14.4,0,DC
12/3/2013,337,17.2,0,DC
12/4/2013,338,20.6,0,DC
12/5/2013,339,1.1,0,DC
12/6/2013,340,-0.6,0.64,DC
12/7/2013,341,0,0,DC
12/8/2013,342,3.9,0.03,DC
12/9/2013,343,2.8,0.03,DC
12/10/2013,344,0.6,0,DC
12/11/2013,345,5,0,DC
12/12/2013,346,4.4,0,DC
12/13/2013,347,7.8,0,DC
12/14/2013,348,4.4,0,DC
12/15/2013,349,3.3,0,DC
12/16/2013,350,7.8,0,DC
12/17/2013,351,9.4,0,DC
12/18/2013,352,12.8,0,DC
12/19/2013,353,19.4,0,DC
12/20/2013,354,21.7,0,DC
12/21/2013,355,12.8,0,DC
12/22/2013,356,0.6,0,DC
12/23/2013,357,2.2,0.18,DC
12/24/2013,358,3.9,0,DC
12/25/2013,359,9.4,0,DC
12/26/2013,360,7.2,0,DC
12/27/2013,361,7.2,0,DC
12/28/2013,362,6.7,0,DC
12/29/2013,363,9.4,0,DC
12/30/2013,364,2.2,0,DC
12/31/2013,365,1.7,0,DC
1/1/2014,1,14.4,0,DC
1/2/2014,2,1.7,0,DC
1/3/2014,3,3.9,0,DC
1/4/2014,4,15,0,DC
1/5/2014,5,0,0.03,DC
1/6/2014,6,-5.6,0,DC
1/7/2014,7,3.3,0,DC
1/8/2014,8,8.3,0,DC
1/9/2014,9,13.3,2.77,DC
1/10/2014,10,18.3,0.48,DC
1/11/2014,11,10,0,DC
1/12/2014,12,16.1,0.05,DC
1/13/2014,13,9.4,0.03,DC
1/14/2014,14,12.8,0,DC
1/15/2014,15,4.4,0,DC
1/16/2014,16,11.1,0,DC
1/17/2014,17,3.9,0,DC
1/18/2014,18,13.3,0,DC
1/19/2014,19,6.7,0,DC
1/20/2014,20,15,0,DC
1/21/2014,21,2.2,0,DC
1/22/2014,22,10.6,0,DC
1/23/2014,23,-1.1,0.61,DC
1/24/2014,24,-1.7,0.38,DC
1/25/2014,25,6.1,0,DC
1/26/2014,26,13.3,0,DC
1/27/2014,27,6.1,0,DC
1/28/2014,28,0,0.23,DC
1/29/2014,29,-1.1,0,DC
1/30/2014,30,10.6,0,DC
1/31/2014,31,16.7,0,DC
2/1/2014,32,18.3,0,DC
2/2/2014,33,3.3,1.32,DC
2/3/2014,34,4.4,0.03,DC
2/4/2014,35,5.6,0.76,DC
2/5/2014,36,-0.6,0,DC
2/6/2014,37,-0.6,0,DC
2/7/2014,38,0.6,0.3,DC
2/8/2014,39,5.6,0,DC
2/9/2014,40,12.8,0,DC
2/10/2014,41,1.1,0.36,DC
2/11/2014,42,0,0.94,DC
2/12/2014,43,2.8,0.15,DC
2/13/2014,44,8.3,0,DC
2/14/2014,45,15,0,DC
2/15/2014,46,12.2,0,DC
2/16/2014,47,17.8,0,DC
2/17/2014,48,18.9,0,DC
2/18/2014,49,18.9,0,DC
2/19/2014,50,18.9,0,DC
2/20/2014,51,14.4,0.99,DC
2/21/2014,52,10,0,DC
2/22/2014,53,13.3,0,DC
2/23/2014,54,16.7,0,DC
2/24/2014,55,15,0,DC
2/25/2014,56,1,0.03,DC
2/26/2014,57,2.2,0.48,DC
2/27/2014,58,7.2,0,DC
2/28/2014,59,15,0.05,DC
3/1/2014,60,20.6,0,DC
3/2/2014,61,-1.1,0.46,DC
3/3/2014,62,-3.9,0,DC
3/4/2014,63,1.1,0,DC
3/5/2014,64,7.2,0.03,DC
3/6/2014,65,6.7,0,DC
3/7/2014,66,12.8,0,DC
3/8/2014,67,11.1,1.37,DC
3/9/2014,68,10,0.33,DC
3/10/2014,69,16.7,0,DC
3/11/2014,70,17.8,0,DC
3/12/2014,71,11.1,0,DC
3/13/2014,72,12.8,0,DC
3/14/2014,73,17.8,0,DC
3/15/2014,74,16.1,3.45,DC
3/16/2014,75,6.1,0.61,DC
3/17/2014,76,9.4,0,DC
3/18/2014,77,18.3,0,DC
3/19/2014,78,13.9,0,DC
3/20/2014,79,15,0,DC
3/21/2014,80,20,0,DC
3/22/2014,81,20,0,DC
3/23/2014,82,10.6,0.05,DC
3/24/2014,83,13.3,NA,DC
3/25/2014,84,11.1,0,DC
3/26/2014,85,12.8,0,DC
3/27/2014,86,19.4,0.46,DC
3/28/2014,87,15,0.69,DC
3/29/2014,88,16.7,0.03,DC
3/30/2014,89,17.2,0,DC
3/31/2014,90,19.4,0,DC
4/1/2014,91,21.7,0,DC
4/2/2014,92,22.8,0.08,DC
4/3/2014,93,22.8,0,DC
4/4/2014,94,15,0.46,DC
4/5/2014,95,13.3,0,DC
4/6/2014,96,10.6,1.55,DC
4/7/2014,97,11.1,0,DC
4/8/2014,98,15.6,0,DC
4/9/2014,99,18.3,0,DC
4/10/2014,100,20,0,DC
4/11/2014,101,20.6,0,DC
4/12/2014,102,21.7,0,DC
4/13/2014,103,21.1,0.36,DC
4/14/2014,104,7.2,1.27,DC
4/15/2014,105,8.9,0,DC
4/16/2014,106,11.1,0,DC
4/17/2014,107,16.1,0,DC
4/18/2014,108,17.2,0,DC
4/19/2014,109,19.4,0,DC
4/20/2014,110,20,0,DC
4/21/2014,111,21.1,0,DC
4/22/2014,112,21.1,0.51,DC
4/23/2014,113,22.8,0,DC
4/24/2014,114,21.7,0.03,DC
4/25/2014,115,20,0,DC
4/26/2014,116,22.8,0,DC
4/27/2014,117,23.9,0,DC
4/28/2014,118,19.4,1.12,DC
4/29/2014,119,18.9,0,DC
4/30/2014,120,12.2,0,DC
5/1/2014,121,15.6,0,DC
5/2/2014,122,16.7,0,DC
5/3/2014,123,21.1,0,DC
5/4/2014,124,21.7,0,DC
5/5/2014,125,22.2,0,DC
5/6/2014,126,21.7,0,DC
5/7/2014,127,23.3,0,DC
5/8/2014,128,22.2,5.61,DC
5/9/2014,129,21.1,0.05,DC
5/10/2014,130,23.9,0,DC
5/11/2014,131,24.4,0,DC
5/12/2014,132,18.9,7.06,DC
5/13/2014,133,15.6,3.51,DC
5/14/2014,134,14.4,0.25,DC
5/15/2014,135,17.2,0,DC
5/16/2014,136,20,0,DC
5/17/2014,137,22.2,0,DC
5/18/2014,138,22.2,0,DC
5/19/2014,139,22.2,0,DC
5/20/2014,140,23.9,0,DC
5/21/2014,141,24.4,0,DC
5/22/2014,142,23.9,0,DC
5/23/2014,143,23.3,0,DC
5/24/2014,144,23.3,0,DC
5/25/2014,145,24.4,0,DC
5/26/2014,146,19.4,1.07,DC
5/27/2014,147,18.9,2.29,DC
5/28/2014,148,21.1,0.03,DC
5/29/2014,149,23.3,0,DC
5/30/2014,150,23.9,0.86,DC
5/31/2014,151,23.3,0.05,DC
6/1/2014,152,23.9,0,DC
6/2/2014,153,25.6,0,DC
6/3/2014,154,25.6,0,DC
6/4/2014,155,25.6,0,DC
6/5/2014,156,26.1,0,DC
6/6/2014,157,26.1,0,DC
6/7/2014,158,26.7,0,DC
6/8/2014,159,26.1,0,DC
6/9/2014,160,22.8,3.53,DC
6/10/2014,161,22.2,0.36,DC
6/11/2014,162,24.4,0,DC
6/12/2014,163,24.4,0.08,DC
6/13/2014,164,24.4,0.1,DC
6/14/2014,165,25.6,0,DC
6/15/2014,166,26.7,0,DC
6/16/2014,167,25.6,0.03,DC
6/17/2014,168,27.2,0,DC
6/18/2014,169,23.3,0.2,DC
6/19/2014,170,25.6,0,DC
6/20/2014,171,25.6,0,DC
6/21/2014,172,25.6,0,DC
6/22/2014,173,23.3,0,DC
6/23/2014,174,24.4,1.73,DC
6/24/2014,175,22.2,0.03,DC
6/25/2014,176,23.3,0.23,DC
6/26/2014,177,22.8,1.6,DC
6/27/2014,178,25,0.03,DC
6/28/2014,179,26.7,0.18,DC
6/29/2014,180,27.2,0,DC
6/30/2014,181,27.2,0,DC
7/1/2014,182,27.2,0,DC
7/2/2014,183,27.8,0,DC
7/3/2014,184,20.6,6.81,DC
7/4/2014,185,25,0.03,DC
7/5/2014,186,25,0,DC
7/6/2014,187,26.7,0,DC
7/7/2014,188,27.2,0,DC
7/8/2014,189,27.8,0,DC
7/9/2014,190,26.7,0,DC
7/10/2014,191,25.6,0,DC
7/11/2014,192,27.2,0,DC
7/12/2014,193,27.8,0,DC
7/13/2014,194,28.3,0,DC
7/14/2014,195,28.3,0,DC
7/15/2014,196,25.6,0.25,DC
7/16/2014,197,24.4,0,DC
7/17/2014,198,22.8,7.09,DC
7/18/2014,199,21.1,2.36,DC
7/19/2014,200,20,0,DC
7/20/2014,201,25.6,0,DC
7/21/2014,202,26.7,0,DC
7/22/2014,203,25.6,0,DC
7/23/2014,204,28.3,0,DC
7/24/2014,205,25.6,0,DC
7/25/2014,206,27.2,0,DC
7/26/2014,207,28.3,0,DC
7/27/2014,208,27.8,0,DC
7/28/2014,209,22.8,0.05,DC
7/29/2014,210,26.1,0,DC
7/30/2014,211,25.6,0,DC
7/31/2014,212,23.9,0.53,DC
8/1/2014,213,21.7,0.03,DC
8/2/2014,214,23.9,0,DC
8/3/2014,215,24.4,0,DC
8/4/2014,216,25.6,0,DC
8/5/2014,217,26.7,0,DC
8/6/2014,218,27.2,0,DC
8/7/2014,219,27.8,0,DC
8/8/2014,220,28.3,0,DC
8/9/2014,221,28.3,0,DC
8/10/2014,222,27.8,0,DC
8/11/2014,223,22.8,0.51,DC
8/12/2014,224,26.7,0.03,DC
8/13/2014,225,23.3,0,DC
8/14/2014,226,24.4,0,DC
8/15/2014,227,27.2,0,DC
8/16/2014,228,29.4,0,DC
8/17/2014,229,26.1,0,DC
8/18/2014,230,26.7,0,DC
8/19/2014,231,22.2,0.25,DC
8/20/2014,232,25,0,DC
8/21/2014,233,28.3,0,DC
8/22/2014,234,27.2,0,DC
8/23/2014,235,27.2,0,DC
8/24/2014,236,27.8,0,DC
8/25/2014,237,28.3,0,DC
8/26/2014,238,26.7,0,DC
8/27/2014,239,26.7,0,DC
8/28/2014,240,26.1,0,DC
8/29/2014,241,24.4,0.05,DC
8/30/2014,242,26.1,0,DC
8/31/2014,243,24.4,0,DC
9/1/2014,244,27.2,0,DC
9/2/2014,245,24.4,0,DC
9/3/2014,246,26.7,0,DC
9/4/2014,247,25.6,0,DC
9/5/2014,248,26.7,0,DC
9/6/2014,249,27.8,0,DC
9/7/2014,250,23.3,0.1,DC
9/8/2014,251,26.7,0,DC
9/9/2014,252,27.2,0,DC
9/10/2014,253,28.3,0,DC
9/11/2014,254,26.7,0,DC
9/12/2014,255,22.8,1.24,DC
9/13/2014,256,18.3,0.03,DC
9/14/2014,257,24.4,0,DC
9/15/2014,258,24.4,0,DC
9/16/2014,259,23.3,0.41,DC
9/17/2014,260,23.9,0.03,DC
9/18/2014,261,21.7,1.93,DC
9/19/2014,262,25,0,DC
9/20/2014,263,23.3,0,DC
9/21/2014,264,25,0,DC
9/22/2014,265,22.8,0,DC
9/23/2014,266,19.4,0,DC
9/24/2014,267,21.1,0,DC
9/25/2014,268,22.2,0,DC
9/26/2014,269,22.2,0,DC
9/27/2014,270,23.3,0,DC
9/28/2014,271,23.3,0,DC
9/29/2014,272,24.4,0,DC
9/30/2014,273,24.4,0,DC
10/1/2014,274,25.6,0,DC
10/2/2014,275,28.3,1.85,DC
10/3/2014,276,19.4,0,DC
10/4/2014,277,15.6,0,DC
10/5/2014,278,20,0,DC
10/6/2014,279,20,2.82,DC
10/7/2014,280,23.9,0,DC
10/8/2014,281,23.9,0,DC
10/9/2014,282,23.3,0,DC
10/10/2014,283,23.9,0.53,DC
10/11/2014,284,17.2,0.84,DC
10/12/2014,285,20.6,0.2,DC
10/13/2014,286,16.1,3.76,DC
10/14/2014,287,14.4,0,DC
10/15/2014,288,16.7,0,DC
10/16/2014,289,19.4,0,DC
10/17/2014,290,20,0,DC
10/18/2014,291,20.6,0,DC
10/19/2014,292,17.2,0,DC
10/20/2014,293,17.2,0,DC
10/21/2014,294,19.4,0,DC
10/22/2014,295,17.8,0,DC
10/23/2014,296,15,0,DC
10/24/2014,297,17.2,0,DC
10/25/2014,298,20.6,0,DC
10/26/2014,299,19.4,0,DC
10/27/2014,300,21.1,0,DC
10/28/2014,301,21.7,0,DC
10/29/2014,302,15.6,0,DC
10/30/2014,303,16.1,0,DC
10/31/2014,304,12.8,0,DC
11/1/2014,305,7.2,0,DC
11/2/2014,306,12.2,0,DC
11/3/2014,307,17.8,0,DC
11/4/2014,308,15,1.17,DC
11/5/2014,309,15,3.71,DC
11/6/2014,310,13.9,0.05,DC
11/7/2014,311,8.9,0,DC
11/8/2014,312,10,0,DC
11/9/2014,313,11.1,0,DC
11/10/2014,314,17.8,0,DC
11/11/2014,315,5,0,DC
11/12/2014,316,3.9,0,DC
11/13/2014,317,-0.6,0,DC
11/14/2014,318,4.4,0,DC
11/15/2014,319,6.7,0,DC
11/16/2014,320,5,1.32,DC
11/17/2014,321,0.6,0,DC
11/18/2014,322,2.2,0,DC
11/19/2014,323,10.6,0,DC
11/20/2014,324,16.1,0,DC
11/21/2014,325,14.4,2.36,DC
11/22/2014,326,15.6,5.23,DC
11/23/2014,327,17.2,0.71,DC
11/24/2014,328,8.3,0,DC
11/25/2014,329,7.2,0,DC
11/26/2014,330,12.2,0,DC
11/27/2014,331,6.7,0,DC
11/28/2014,332,14.4,0,DC
11/29/2014,333,18.3,0,DC
11/30/2014,334,20,0,DC
12/1/2014,335,5.6,0.05,DC
12/2/2014,336,9.4,0,DC
12/3/2014,337,13.9,0.03,DC
12/4/2014,338,17.2,0,DC
12/5/2014,339,19.4,0,DC
12/6/2014,340,13.3,0,DC
12/7/2014,341,10,0,DC
12/8/2014,342,8.9,0,DC
12/9/2014,343,8.3,0,DC
12/10/2014,344,10.6,0,DC
12/11/2014,345,13.3,0.1,DC
12/12/2014,346,13.9,0.1,DC
12/13/2014,347,14.4,0.03,DC
12/14/2014,348,18.9,0,DC
12/15/2014,349,12.8,0.03,DC
12/16/2014,350,6.7,0,DC
12/17/2014,351,8.9,0,DC
12/18/2014,352,11.7,0,DC
12/19/2014,353,8.3,1.4,DC
12/20/2014,354,8.9,0,DC
12/21/2014,355,10,0,DC
12/22/2014,356,15,0,DC
12/23/2014,357,6.1,0.03,DC
12/24/2014,358,4.4,0,DC
12/25/2014,359,10,0,DC
12/26/2014,360,16.1,0.28,DC
12/27/2014,361,6.1,1.55,DC
12/28/2014,362,3.9,1.32,DC
12/29/2014,363,6.7,0.03,DC
12/30/2014,364,1.1,0,DC
12/31/2014,365,3.9,NA,DC
1/1/2015,1,4.4,3.2,DC
1/2/2015,2,8.3,1.4,DC
1/3/2015,3,5,2.13,DC
1/4/2015,4,0,0.03,DC
1/5/2015,5,2.2,0,DC
1/6/2015,6,8.9,0,DC
1/7/2015,7,2.2,0,DC
1/8/2015,8,1.7,0,DC
1/9/2015,9,1.7,0.69,DC
1/10/2015,10,1.7,0.2,DC
1/11/2015,11,5.6,2.06,DC
1/12/2015,12,6.1,0.03,DC
1/13/2015,13,4.4,0,DC
1/14/2015,14,5,0,DC
1/15/2015,15,5,0,DC
1/16/2015,16,7.2,0,DC
1/17/2015,17,11.1,0,DC
1/18/2015,18,9.4,0,DC
1/19/2015,19,12.8,0,DC
1/20/2015,20,13.3,0,DC
1/21/2015,21,10.6,0.03,DC
1/22/2015,22,4.4,6.88,DC
1/23/2015,23,3.9,0.03,DC
1/24/2015,24,8.9,0,DC
1/25/2015,25,11.7,0,DC
1/26/2015,26,13.3,0,DC
1/27/2015,27,15.6,0,DC
1/28/2015,28,16.1,0,DC
1/29/2015,29,16.1,0,DC
1/30/2015,30,8.3,0,DC
1/31/2015,31,12.2,0.03,DC
2/1/2015,32,7.8,0.03,DC
2/2/2015,33,1.7,0,DC
2/3/2015,34,5,0,DC
2/4/2015,35,10,0.13,DC
2/5/2015,36,2.8,0.13,DC
2/6/2015,37,6.1,0,DC
2/7/2015,38,13.3,0,DC
2/8/2015,39,16.1,0,DC
2/9/2015,40,16.1,0,DC
2/10/2015,41,13.3,0,DC
2/11/2015,42,16.1,0,DC
2/12/2015,43,10,0,DC
2/13/2015,44,9.4,0,DC
2/14/2015,45,15.6,0,DC
2/15/2015,46,14.4,0.64,DC
2/16/2015,47,0.6,1.68,DC
2/17/2015,48,2.8,0,DC
2/18/2015,49,7.8,0,DC
2/19/2015,50,9.4,0,DC
2/20/2015,51,17.8,0.03,DC
2/21/2015,52,14.4,0.03,DC
2/22/2015,53,4.4,0.2,DC
2/23/2015,54,-1.7,0.1,DC
2/24/2015,55,1.7,0,DC
2/25/2015,56,0.6,0.94,DC
2/26/2015,57,1.1,0.03,DC
2/27/2015,58,1.1,0,DC
2/28/2015,59,7.2,0.03,DC
3/1/2015,60,6.1,0.3,DC
3/2/2015,61,7.8,0.05,DC
3/3/2015,62,19.4,0.03,DC
3/4/2015,63,5.6,0.28,DC
3/5/2015,64,0.6,0.74,DC
3/6/2015,65,3.3,0,DC
3/7/2015,66,11.7,0,DC
3/8/2015,67,7.8,2.57,DC
3/9/2015,68,12.8,7.49,DC
3/10/2015,69,11.7,0,DC
3/11/2015,70,12.8,0,DC
3/12/2015,71,12.8,0.3,DC
3/13/2015,72,14.4,0.13,DC
3/14/2015,73,14.4,0,DC
3/15/2015,74,14.4,0,DC
3/16/2015,75,20,0,DC
3/17/2015,76,20,0,DC
3/18/2015,77,16.7,1.37,DC
3/19/2015,78,20,0,DC
3/20/2015,79,16.1,4.45,DC
3/21/2015,80,15.6,1.68,DC
3/22/2015,81,14.4,0.03,DC
3/23/2015,82,17.2,0,DC
3/24/2015,83,20,0,DC
3/25/2015,84,20.6,0,DC
3/26/2015,85,13.3,0,DC
3/27/2015,86,16.1,0,DC
3/28/2015,87,20,0,DC
3/29/2015,88,21.7,0,DC
3/30/2015,89,19.4,0,DC
3/31/2015,90,20.6,0,DC
4/1/2015,91,20,0.1,DC
4/2/2015,92,22.8,0.03,DC
4/3/2015,93,21.7,0,DC
4/4/2015,94,14.4,0.51,DC
4/5/2015,95,15,2.29,DC
4/6/2015,96,21.1,0,DC
4/7/2015,97,23.3,0,DC
4/8/2015,98,22.8,0,DC
4/9/2015,99,23.3,0,DC
4/10/2015,100,14.4,0.2,DC
4/11/2015,101,21.7,0,DC
4/12/2015,102,21.7,0.56,DC
4/13/2015,103,21.1,0.28,DC
4/14/2015,104,16.7,1.14,DC
4/15/2015,105,17.8,0,DC
4/16/2015,106,17.2,4.39,DC
4/17/2015,107,20,0.43,DC
4/18/2015,108,20.6,0.51,DC
4/19/2015,109,20.6,0.38,DC
4/20/2015,110,15,0,DC
4/21/2015,111,18.3,0,DC
4/22/2015,112,22.8,0.08,DC
4/23/2015,113,22.8,0.36,DC
4/24/2015,114,22.8,1.4,DC
4/25/2015,115,22.8,0.05,DC
4/26/2015,116,22.8,0,DC
4/27/2015,117,19.4,2.51,DC
4/28/2015,118,12.8,1.75,DC
4/29/2015,119,16.7,0,DC
4/30/2015,120,18.3,0,DC
5/1/2015,121,20,0,DC
5/2/2015,122,20.6,0,DC
5/3/2015,123,20.6,0,DC
5/4/2015,124,20.6,0,DC
5/5/2015,125,21.1,0.99,DC
5/6/2015,126,21.7,0.13,DC
5/7/2015,127,23.9,0,DC
5/8/2015,128,22.8,0.05,DC
5/9/2015,129,24.4,0,DC
5/10/2015,130,24.4,0.25,DC
5/11/2015,131,20,5.54,DC
5/12/2015,132,18.9,0.51,DC
5/13/2015,133,18.3,4.27,DC
5/14/2015,134,19.4,0.61,DC
5/15/2015,135,22.2,2.13,DC
5/16/2015,136,25.6,0,DC
5/17/2015,137,20.6,1.5,DC
5/18/2015,138,21.7,6.93,DC
5/19/2015,139,22.2,0.08,DC
5/20/2015,140,26.1,0,DC
5/21/2015,141,17.8,3.43,DC
5/22/2015,142,21.1,0,DC
5/23/2015,143,23.9,0,DC
5/24/2015,144,22.2,0.61,DC
5/25/2015,145,17.8,4.84,DC
5/26/2015,146,24.4,0,DC
5/27/2015,147,24.4,1.83,DC
5/28/2015,148,25,0,DC
5/29/2015,149,23.9,0,DC
5/30/2015,150,21.1,0.08,DC
5/31/2015,151,21.7,0,DC
6/1/2015,152,21.7,0,DC
6/2/2015,153,22.8,0,DC
6/3/2015,154,23.9,0,DC
6/4/2015,155,25,0,DC
6/5/2015,156,25,0,DC
6/6/2015,157,26.1,0,DC
6/7/2015,158,26.7,0,DC
6/8/2015,159,26.7,0,DC
6/9/2015,160,26.7,0,DC
6/10/2015,161,26.7,0,DC
6/11/2015,162,27.2,0,DC
6/12/2015,163,27.2,0,DC
6/13/2015,164,25.6,0,DC
6/14/2015,165,23.3,0.28,DC
6/15/2015,166,23.3,0.28,DC
6/16/2015,167,22.8,0.71,DC
6/17/2015,168,23.9,0.91,DC
6/18/2015,169,24.4,2.16,DC
6/19/2015,170,24.4,4.98,DC
6/20/2015,171,26.1,0,DC
6/21/2015,172,23.3,0,DC
6/22/2015,173,27.2,0.03,DC
6/23/2015,174,26.7,0,DC
6/24/2015,175,27.2,0,DC
6/25/2015,176,26.7,0,DC
6/26/2015,177,26.7,0,DC
6/27/2015,178,25,0.3,DC
6/28/2015,179,26.1,0,DC
6/29/2015,180,27.2,0,DC
6/30/2015,181,24.4,0,DC
7/1/2015,182,22.8,0.05,DC
7/2/2015,183,26.7,0.03,DC
7/3/2015,184,25,0,DC
7/4/2015,185,24.4,0.08,DC
7/5/2015,186,27.8,0.03,DC
7/6/2015,187,26.7,0,DC
7/7/2015,188,26.7,0,DC
7/8/2015,189,27.2,0,DC
7/9/2015,190,27.8,0,DC
7/10/2015,191,26.7,0,DC
7/11/2015,192,27.8,0,DC
7/12/2015,193,27.8,0,DC
7/13/2015,194,27.2,0,DC
7/14/2015,195,27.2,0,DC
7/15/2015,196,27.2,0,DC
7/16/2015,197,28.3,0,DC
7/17/2015,198,29.4,0,DC
7/18/2015,199,28.3,0,DC
7/19/2015,200,28.9,0,DC
7/20/2015,201,28.9,0,DC
7/21/2015,202,29.4,0,DC
7/22/2015,203,29.4,0,DC
7/23/2015,204,28.9,0,DC
7/24/2015,205,28.9,0,DC
7/25/2015,206,29.4,0,DC
7/26/2015,207,30.6,0,DC
7/27/2015,208,30,0,DC
7/28/2015,209,28.9,0,DC
7/29/2015,210,30,0,DC
7/30/2015,211,27.8,0,DC
7/31/2015,212,27.2,0,DC
8/1/2015,213,27.2,0,DC
8/2/2015,214,27.8,0,DC
8/3/2015,215,28.3,0,DC
8/4/2015,216,30.6,0,DC
8/5/2015,217,30.6,0,DC
8/6/2015,218,30.6,0,DC
8/7/2015,219,30.6,0,DC
8/8/2015,220,30.6,0,DC
8/9/2015,221,30,0,DC
8/10/2015,222,31.7,0,DC
8/11/2015,223,29.4,0,DC
8/12/2015,224,30.6,0,DC
8/13/2015,225,28.9,0,DC
8/14/2015,226,28.3,0,DC
8/15/2015,227,29.4,0,DC
8/16/2015,228,24.4,0,DC
8/17/2015,229,27.8,0,DC
8/18/2015,230,28.9,0,DC
8/19/2015,231,26.1,0,DC
8/20/2015,232,23.3,0,DC
8/21/2015,233,25,0.08,DC
8/22/2015,234,26.7,0.38,DC
8/23/2015,235,28.9,0,DC
8/24/2015,236,30.6,0,DC
8/25/2015,237,22.8,0.71,DC
8/26/2015,238,25.6,0,DC
8/27/2015,239,25.6,0,DC
8/28/2015,240,26.1,0,DC
8/29/2015,241,27.2,0,DC
8/30/2015,242,25.6,0,DC
8/31/2015,243,26.7,0,DC
9/1/2015,244,24.4,0,DC
9/2/2015,245,27.2,0,DC
9/3/2015,246,25.6,0.03,DC
9/4/2015,247,28.3,0,DC
9/5/2015,248,26.7,0,DC
9/6/2015,249,28.9,0.18,DC
9/7/2015,250,24.4,1.24,DC
9/8/2015,251,28.3,0,DC
9/9/2015,252,25,0,DC
9/10/2015,253,23.3,0.08,DC
9/11/2015,254,26.1,0.33,DC
9/12/2015,255,21.7,0,DC
9/13/2015,256,21.7,0,DC
9/14/2015,257,21.7,0,DC
9/15/2015,258,25.6,0,DC
9/16/2015,259,26.7,0,DC
9/17/2015,260,26.1,0,DC
9/18/2015,261,25.6,0,DC
9/19/2015,262,25.6,0,DC
9/20/2015,263,27.8,0,DC
9/21/2015,264,25.6,0,DC
9/22/2015,265,26.1,0,DC
9/23/2015,266,24.4,0,DC
9/24/2015,267,25.6,0,DC
9/25/2015,268,26.7,0,DC
9/26/2015,269,24.4,0,DC
9/27/2015,270,22.8,0,DC
9/28/2015,271,21.7,0.61,DC
9/29/2015,272,25.6,0.03,DC
9/30/2015,273,25,0,DC
10/1/2015,274,22.8,0,DC
10/2/2015,275,19.4,0,DC
10/3/2015,276,20.6,0,DC
10/4/2015,277,19.4,0,DC
10/5/2015,278,22.8,0,DC
10/6/2015,279,23.9,0,DC
10/7/2015,280,24.4,0,DC
10/8/2015,281,24.4,0,DC
10/9/2015,282,26.7,0,DC
10/10/2015,283,21.1,0,DC
10/11/2015,284,25,0,DC
10/12/2015,285,27.2,0,DC
10/13/2015,286,21.7,0,DC
10/14/2015,287,23.3,0,DC
10/15/2015,288,23.3,0,DC
10/16/2015,289,23.3,0,DC
10/17/2015,290,18.3,0,DC
10/18/2015,291,18.9,0,DC
10/19/2015,292,18.3,0,DC
10/20/2015,293,20.6,0,DC
10/21/2015,294,23.3,0,DC
10/22/2015,295,23.9,0,DC
10/23/2015,296,23.9,1.07,DC
10/24/2015,297,19.4,1.93,DC
10/25/2015,298,15,3.84,DC
10/26/2015,299,17.2,NA,DC
10/27/2015,300,17.2,0,DC
10/28/2015,301,16.1,0,DC
10/29/2015,302,17.8,0,DC
10/30/2015,303,20.6,0.48,DC
10/31/2015,304,19.4,3.51,DC
11/1/2015,305,17.8,2.72,DC
11/2/2015,306,15.6,0.03,DC
11/3/2015,307,17.2,0,DC
11/4/2015,308,18.9,0,DC
11/5/2015,309,23.3,0.15,DC
11/6/2015,310,16.7,3.51,DC
11/7/2015,311,10.6,2.92,DC
11/8/2015,312,12.2,0,DC
11/9/2015,313,15,0,DC
11/10/2015,314,20,0,DC
11/11/2015,315,18.9,1.09,DC
11/12/2015,316,11.7,0,DC
11/13/2015,317,8.9,0,DC
11/14/2015,318,13.3,0,DC
11/15/2015,319,13.3,0.53,DC
11/16/2015,320,22.2,0.03,DC
11/17/2015,321,11.1,10.82,DC
11/18/2015,322,12.2,NA,DC
11/19/2015,323,14.4,0,DC
11/20/2015,324,12.8,0,DC
11/21/2015,325,6.1,0.05,DC
11/22/2015,326,2.8,0,DC
11/23/2015,327,8.3,0,DC
11/24/2015,328,14.4,0,DC
11/25/2015,329,17.8,0,DC
11/26/2015,330,21.1,0,DC
11/27/2015,331,11.1,0.08,DC
11/28/2015,332,6.7,2.57,DC
11/29/2015,333,10,2.21,DC
11/30/2015,334,9.4,NA,DC
12/1/2015,335,8.3,0,DC
12/2/2015,336,7.2,0,DC
12/3/2015,337,8.3,0,DC
12/4/2015,338,6.1,0,DC
12/5/2015,339,7.2,0,DC
12/6/2015,340,11.1,0,DC
12/7/2015,341,10.6,0,DC
12/8/2015,342,14.4,0,DC
12/9/2015,343,14.4,0,DC
12/10/2015,344,17.8,0,DC
12/11/2015,345,20,0,DC
12/12/2015,346,21.1,1.65,DC
12/13/2015,347,10,4.19,DC
12/14/2015,348,12.8,NA,DC
12/15/2015,349,18.9,0,DC
12/16/2015,350,8.9,0.79,DC
12/17/2015,351,6.7,0,DC
12/18/2015,352,3.9,0,DC
12/19/2015,353,7.8,0,DC
12/20/2015,354,15.6,0.05,DC
12/21/2015,355,17.2,0.03,DC
12/22/2015,356,19.4,0,DC
12/23/2015,357,15.6,0,DC
12/24/2015,358,20.6,0,DC
12/25/2015,359,22.8,0,DC
12/26/2015,360,23.3,0.03,DC
12/27/2015,361,9.4,7.52,DC
12/28/2015,362,3.9,NA,DC
12/29/2015,363,6.7,0,DC
12/30/2015,364,7.2,0.15,DC
12/31/2015,365,7.8,NA,DC
1/1/2016,1,5.6,0,DC
1/2/2016,2,6.7,0,DC
1/3/2016,3,6.7,0,DC
1/4/2016,4,5.6,0,DC
1/5/2016,5,2.8,0,DC
1/6/2016,6,11.1,0.2,DC
1/7/2016,7,12.8,1.24,DC
1/8/2016,8,14.4,0.36,DC
1/9/2016,9,4.4,0.18,DC
1/10/2016,10,2.2,0,DC
1/11/2016,11,3.3,0,DC
1/12/2016,12,8.9,0,DC
1/13/2016,13,9.4,0,DC
1/14/2016,14,13.9,0,DC
1/15/2016,15,10.6,0,DC
1/16/2016,16,5,0.1,DC
1/17/2016,17,5.6,0,DC
1/18/2016,18,7.2,0,DC
1/19/2016,19,12.8,0,DC
1/20/2016,20,12.2,0,DC
1/21/2016,21,5.6,0.28,DC
1/22/2016,22,3.9,0,DC
1/23/2016,23,3.3,0,DC
1/24/2016,24,13.3,0,DC
1/25/2016,25,17.2,0,DC
1/26/2016,26,8.9,0,DC
1/27/2016,27,6.1,0,DC
1/28/2016,28,10.6,0,DC
1/29/2016,29,16.1,0,DC
1/30/2016,30,17.2,0,DC
1/31/2016,31,18.3,0,DC
2/1/2016,32,20,0,DC
2/2/2016,33,12.2,0,DC
2/3/2016,34,5.6,0,DC
2/4/2016,35,3.3,0,DC
2/5/2016,36,4.4,0,DC
2/6/2016,37,5,0.28,DC
2/7/2016,38,8.9,0,DC
2/8/2016,39,6.7,0,DC
2/9/2016,40,10,0,DC
2/10/2016,41,13.3,0,DC
2/11/2016,42,17.2,0,DC
2/12/2016,43,15,0,DC
2/13/2016,44,13.9,0,DC
2/14/2016,45,17.2,0,DC
2/15/2016,46,11.1,0.03,DC
2/16/2016,47,16.1,0,DC
2/17/2016,48,12.2,0,DC
2/18/2016,49,17.2,0,DC
2/19/2016,50,18.9,0,DC
2/20/2016,51,20,0,DC
2/21/2016,52,18.9,0.61,DC
2/22/2016,53,15,2.9,DC
2/23/2016,54,6.7,1.63,DC
2/24/2016,55,15,0,DC
2/25/2016,56,18.9,NA,DC
2/26/2016,57,NA,NA,DC
2/27/2016,58,11.1,NA,DC
2/28/2016,59,NA,NA,DC
2/29/2016,60,NA,NA,DC
3/1/2016,61,20.6,NA,DC
3/2/2016,62,16.7,NA,DC
3/3/2016,63,16.1,0.03,DC
3/4/2016,64,13.9,0,DC
3/5/2016,65,15.6,0,DC
3/6/2016,66,16.7,0,DC
3/7/2016,67,20,0,DC
3/8/2016,68,19.4,0,DC
3/9/2016,69,15.6,NA,DC
3/10/2016,70,18.3,NA,DC
3/11/2016,71,16.7,0.81,DC
3/12/2016,72,17.2,0.05,DC
3/13/2016,73,20,0,DC
3/14/2016,74,25,0,DC
3/15/2016,75,22.2,0,DC
3/16/2016,76,21.7,0,DC
3/17/2016,77,16.7,0,DC
3/18/2016,78,20,0.03,DC
3/19/2016,79,10.6,0,DC
3/20/2016,80,7.8,0,DC
3/21/2016,81,10.6,0,DC
3/22/2016,82,16.7,0,DC
3/23/2016,83,20.6,0,DC
3/24/2016,84,11.7,1.27,DC
3/25/2016,85,13.9,0,DC
3/26/2016,86,18.9,0,DC
3/27/2016,87,15,0,DC
3/28/2016,88,15.6,0,DC
3/29/2016,89,20,0,DC
3/30/2016,90,22.2,0.03,DC
3/31/2016,91,21.7,0,DC
4/1/2016,92,9.4,0.23,DC
4/2/2016,93,11.7,0,DC
4/3/2016,94,14.4,0,DC
4/4/2016,95,18.3,0,DC
4/5/2016,96,20.6,0,DC
4/6/2016,97,17.2,0,DC
4/7/2016,98,19.4,0,DC
4/8/2016,99,17.2,0,DC
4/9/2016,100,18.3,0,DC
4/10/2016,101,22.2,0,DC
4/11/2016,102,22.2,0.28,DC
4/12/2016,103,17.2,0.38,DC
4/13/2016,104,17.8,0.74,DC
4/14/2016,105,16.1,0.03,DC
4/15/2016,106,18.3,0,DC
4/16/2016,107,22.8,0,DC
4/17/2016,108,21.7,0,DC
4/18/2016,109,20,9.4,DC
4/19/2016,110,20.6,0,DC
4/20/2016,111,19.4,1.65,DC
4/21/2016,112,20,1.52,DC
4/22/2016,113,18.3,0,DC
4/23/2016,114,19.4,0,DC
4/24/2016,115,20,0,DC
4/25/2016,116,24.4,0,DC
4/26/2016,117,23.3,0,DC
4/27/2016,118,21.1,2.59,DC
4/28/2016,119,24.4,0,DC
4/29/2016,120,23.3,2.69,DC
4/30/2016,121,23.3,5.94,DC
5/1/2016,122,23.3,0,DC
5/2/2016,123,16.1,0.03,DC
5/3/2016,124,17.2,0,DC
5/4/2016,125,19.4,0,DC
5/5/2016,126,20,0,DC
5/6/2016,127,20,0,DC
5/7/2016,128,21.7,0,DC
5/8/2016,129,20,0,DC
5/9/2016,130,23.9,0,DC
5/10/2016,131,25,0,DC
5/11/2016,132,23.9,0,DC
5/12/2016,133,25,0,DC
5/13/2016,134,21.7,0,DC
5/14/2016,135,20.6,0,DC
5/15/2016,136,20,0.03,DC
5/16/2016,137,20,0.99,DC
5/17/2016,138,22.8,0,DC
5/18/2016,139,17.2,0,DC
5/19/2016,140,18.3,1.55,DC
5/20/2016,141,20,0.03,DC
5/21/2016,142,23.9,0,DC
5/22/2016,143,23.9,0,DC
5/23/2016,144,24.4,0,DC
5/24/2016,145,26.1,0,DC
5/25/2016,146,26.1,0,DC
5/26/2016,147,21.1,11.94,DC
5/27/2016,148,18.9,3.76,DC
5/28/2016,149,25,0,DC
5/29/2016,150,23.9,0,DC
5/30/2016,151,23.9,0,DC
5/31/2016,152,25,0,DC
6/1/2016,153,22.2,3.68,DC
6/2/2016,154,21.7,0.64,DC
6/3/2016,155,21.7,0.53,DC
6/4/2016,156,22.2,0.33,DC
6/5/2016,157,22.8,0.18,DC
6/6/2016,158,25,0.1,DC
6/7/2016,159,24.4,0.08,DC
6/8/2016,160,25,0,DC
6/9/2016,161,26.1,0.03,DC
6/10/2016,162,25,0,DC
6/11/2016,163,26.1,0,DC
6/12/2016,164,24.4,0.13,DC
6/13/2016,165,27.2,0.46,DC
6/14/2016,166,28.3,0.05,DC
6/15/2016,167,27.8,0.03,DC
6/16/2016,168,27.8,0,DC
6/17/2016,169,27.2,0,DC
6/18/2016,170,22.8,0,DC
6/19/2016,171,23.9,0,DC
6/20/2016,172,26.7,0,DC
6/21/2016,173,26.7,0,DC
6/22/2016,174,27.2,0,DC
6/23/2016,175,28.3,73.2,DC
6/24/2016,176,27.2,0,DC
6/25/2016,177,26.7,0,DC
6/26/2016,178,27.2,0,DC
6/27/2016,179,25,0,DC
6/28/2016,180,22.8,0.13,DC
6/29/2016,181,26.7,0.03,DC
6/30/2016,182,26.7,0,DC
7/1/2016,183,27.2,0,DC
7/2/2016,184,28.3,0,DC
7/3/2016,185,29.4,0,DC
7/4/2016,186,28.9,0,DC
7/5/2016,187,28.9,0,DC
7/6/2016,188,28.9,0,DC
7/7/2016,189,29.4,0,DC
7/8/2016,190,30,0,DC
7/9/2016,191,29.4,0,DC
7/10/2016,192,27.8,0,DC
7/11/2016,193,28.9,0,DC
7/12/2016,194,29.4,0,DC
7/13/2016,195,30,0,DC
7/14/2016,196,28.9,0,DC
7/15/2016,197,28.9,0,DC
7/16/2016,198,28.3,0,DC
7/17/2016,199,27.8,0,DC
7/18/2016,200,26.1,0,DC
7/19/2016,201,29.4,0,DC
7/20/2016,202,29.4,0,DC
7/21/2016,203,30,0,DC
7/22/2016,204,30.6,0,DC
7/23/2016,205,30,0,DC
7/24/2016,206,30,0,DC
7/25/2016,207,25,0.05,DC
7/26/2016,208,26.7,0.03,DC
7/27/2016,209,26.7,0,DC
7/28/2016,210,23.9,0.15,DC
7/29/2016,211,25.6,0.03,DC
7/30/2016,212,28.9,0,DC
7/31/2016,213,29.4,0,DC
8/1/2016,214,28.9,0,DC
8/2/2016,215,29.4,0,DC
8/3/2016,216,30,0,DC
8/4/2016,217,30,0,DC
8/5/2016,218,30.6,0,DC
8/6/2016,219,30.6,0,DC
8/7/2016,220,30.6,0,DC
8/8/2016,221,28.9,0,DC
8/9/2016,222,30.6,0,DC
8/10/2016,223,31.1,0,DC
8/11/2016,224,30.6,0,DC
8/12/2016,225,31.7,0,DC
8/13/2016,226,24.4,0.1,DC
8/14/2016,227,22.8,0.03,DC
8/15/2016,228,23.9,1.04,DC
8/16/2016,229,23.3,3.91,DC
8/17/2016,230,23.3,5.13,DC
8/18/2016,231,23.9,0.33,DC
8/19/2016,232,23.3,0.33,DC
8/20/2016,233,24.4,0.58,DC
8/21/2016,234,23.3,1.5,DC
8/22/2016,235,25,1.04,DC
8/23/2016,236,27.2,0,DC
8/24/2016,237,26.7,0,DC
8/25/2016,238,23.3,0.51,DC
8/26/2016,239,23.3,0.84,DC
8/27/2016,240,23.9,0.1,DC
8/28/2016,241,22.2,1.8,DC
8/29/2016,242,21.7,1.07,DC
8/30/2016,243,26.7,0.03,DC
8/31/2016,244,26.1,0,DC
9/1/2016,245,25.6,0,DC
9/2/2016,246,25,0,DC
9/3/2016,247,23.9,0,DC
9/4/2016,248,27.8,0,DC
9/5/2016,249,23.3,0.03,DC
9/6/2016,250,26.1,0,DC
9/7/2016,251,26.7,0,DC
9/8/2016,252,27.2,0,DC
9/9/2016,253,23.9,0,DC
9/10/2016,254,22.8,0,DC
9/11/2016,255,23.9,0,DC
9/12/2016,256,25,0,DC
9/13/2016,257,25.6,0,DC
9/14/2016,258,26.1,0,DC
9/15/2016,259,26.1,0,DC
9/16/2016,260,26.7,0,DC
9/17/2016,261,26.7,0,DC
9/18/2016,262,26.7,0,DC
9/19/2016,263,27.8,0,DC
9/20/2016,264,26.1,0,DC
9/21/2016,265,26.1,0,DC
9/22/2016,266,26.7,0,DC
9/23/2016,267,23.3,0.48,DC
9/24/2016,268,25.6,0,DC
9/25/2016,269,21.7,1.63,DC
9/26/2016,270,23.3,0,DC
9/27/2016,271,20.6,0,DC
9/28/2016,272,19.4,0,DC
9/29/2016,273,19.4,0,DC
9/30/2016,274,17.8,0,DC
10/1/2016,275,18.3,0,DC
10/2/2016,276,20,0,DC
10/3/2016,277,20,0,DC
10/4/2016,278,24.4,0,DC
10/5/2016,279,25.6,0,DC
10/6/2016,280,23.3,0,DC
10/7/2016,281,23.9,0,DC
10/8/2016,282,20,0,DC
10/9/2016,283,17.8,0,DC
10/10/2016,284,18.9,0,DC
10/11/2016,285,21.7,0,DC
10/12/2016,286,24.4,0,DC
10/13/2016,287,23.3,1.88,DC
10/14/2016,288,21.1,2.9,DC
10/15/2016,289,23.3,0,DC
10/16/2016,290,23.3,0,DC
10/17/2016,291,25,0,DC
10/18/2016,292,25,0,DC
10/19/2016,293,23.9,0.18,DC
10/20/2016,294,18.3,0,DC
10/21/2016,295,13.3,0,DC
10/22/2016,296,14.4,0,DC
10/23/2016,297,17.8,0,DC
10/24/2016,298,18.3,0.13,DC
10/25/2016,299,17.8,0.03,DC
10/26/2016,300,20,0,DC
10/27/2016,301,19.4,0,DC
10/28/2016,302,20.6,0,DC
10/29/2016,303,22.2,0,DC
10/30/2016,304,19.4,0,DC
10/31/2016,305,20.6,0,DC
11/1/2016,306,22.8,0,DC
11/2/2016,307,22.8,0,DC
11/3/2016,308,21.7,0.15,DC
11/4/2016,309,22.2,0,DC
11/5/2016,310,17.2,0.08,DC
11/6/2016,311,17.8,0.43,DC
11/7/2016,312,18.3,0.56,DC
11/8/2016,313,17.8,0,DC
11/9/2016,314,16.1,0.05,DC
11/10/2016,315,13.9,0,DC
11/11/2016,316,16.1,0,DC
11/12/2016,317,15,0,DC
11/13/2016,318,12.2,0,DC
11/14/2016,319,16.7,0,DC
11/15/2016,320,15.6,0,DC
11/16/2016,321,18.3,0,DC
11/17/2016,322,20,0,DC
11/18/2016,323,11.1,0.43,DC
11/19/2016,324,7.8,0,DC
11/20/2016,325,6.7,0,DC
11/21/2016,326,15.6,0,DC
11/22/2016,327,18.9,0,DC
11/23/2016,328,12.8,0,DC
11/24/2016,329,13.9,0,DC
11/25/2016,330,14.4,0,DC
11/26/2016,331,10.6,0,DC
11/27/2016,332,17.2,0,DC
11/28/2016,333,12.8,1.4,DC
11/29/2016,334,16.1,0.03,DC
11/30/2016,335,7.2,0,DC
12/1/2016,336,7.8,0,DC
12/2/2016,337,13.3,0.36,DC
12/3/2016,338,8.9,6.32,DC
12/4/2016,339,9.4,0.03,DC
12/5/2016,340,9.4,1.73,DC
12/6/2016,341,9.4,0.05,DC
12/7/2016,342,11.7,0,DC
12/8/2016,343,2.8,0.03,DC
12/9/2016,344,1.7,0,DC
12/10/2016,345,8.3,0,DC
12/11/2016,346,20,0,DC
12/12/2016,347,15.6,0,DC
12/13/2016,348,13.3,0,DC
12/14/2016,349,11.7,0,DC
12/15/2016,350,3.9,0,DC
12/16/2016,351,20.6,0.03,DC
12/17/2016,352,7.8,0,DC
12/18/2016,353,-1.7,0,DC
12/19/2016,354,0.6,0,DC
12/20/2016,355,10,0,DC
12/21/2016,356,15,0,DC
12/22/2016,357,11.1,0,DC
12/23/2016,358,18.9,0,DC
12/24/2016,359,19.4,0.05,DC
12/25/2016,360,20.6,0.05,DC
12/26/2016,361,21.1,0.05,DC
12/27/2016,362,16.1,0.3,DC
12/28/2016,363,22.2,0,DC
12/29/2016,364,8.3,0,DC
12/30/2016,365,7.8,0,DC
12/31/2016,366,16.1,0.05,DC
1/1/2017,1,17.2,0.03,DC
1/2/2017,2,15.6,1.47,DC
1/3/2017,3,8.9,0,DC
1/4/2017,4,5.6,0,DC
1/5/2017,5,5,0.05,DC
1/6/2017,6,-3.9,0,DC
1/7/2017,7,-1.7,0,DC
1/8/2017,8,2.2,0,DC
1/9/2017,9,13.9,0,DC
1/10/2017,10,18.3,0,DC
1/11/2017,11,20,0,DC
1/12/2017,12,19.4,0,DC
1/13/2017,13,17.8,0,DC
1/14/2017,14,17.2,0.03,DC
1/15/2017,15,18.9,0.99,DC
1/16/2017,16,15.6,1.52,DC
1/17/2017,17,11.1,2.11,DC
1/18/2017,18,11.7,3.96,DC
1/19/2017,19,13.9,0.1,DC
1/20/2017,20,15,0,DC
1/21/2017,21,16.1,0,DC
1/22/2017,22,13.3,0.28,DC
1/23/2017,23,11.7,0,DC
1/24/2017,24,19.4,0,DC
1/25/2017,25,10.6,0.13,DC
1/26/2017,26,6.7,0,DC
1/27/2017,27,7.2,0,DC
1/28/2017,28,7.2,0,DC
1/29/2017,29,10,0,DC
1/30/2017,30,15,0,DC
1/31/2017,31,14.4,0,DC
2/1/2017,32,19.4,0,DC
2/2/2017,33,8.3,0,DC
2/3/2017,34,7.8,0,DC
2/4/2017,35,10.6,0,DC
2/5/2017,36,18.9,0.71,DC
2/6/2017,37,20.6,0,DC
2/7/2017,38,17.8,0,DC
2/8/2017,39,15,0,DC
2/9/2017,40,10,0,DC
2/10/2017,41,19.4,0,DC
2/11/2017,42,22.2,0,DC
2/12/2017,43,19.4,0,DC
2/13/2017,44,15,0,DC
2/14/2017,45,8.9,2.34,DC
2/15/2017,46,8.3,0,DC
2/16/2017,47,10,0,DC
2/17/2017,48,15,0.08,DC
2/18/2017,49,19.4,0,DC
2/19/2017,50,20.6,0,DC
2/20/2017,51,13.3,4.29,DC
2/21/2017,52,14.4,0.1,DC
2/22/2017,53,17.8,0,DC
2/23/2017,54,19.4,0,DC
2/24/2017,55,13.9,0,DC
2/25/2017,56,8.3,0,DC
2/26/2017,57,18.3,0,DC
2/27/2017,58,21.7,0,DC
2/28/2017,59,21.7,0,DC
3/1/2017,60,13.3,0,DC
3/2/2017,61,11.1,0,DC
3/3/2017,62,12.8,0,DC
3/4/2017,63,10,0.91,DC
3/5/2017,64,17.2,0.56,DC
3/6/2017,65,21.7,0.18,DC
3/7/2017,66,13.3,0.05,DC
3/8/2017,67,18.9,0,DC
3/9/2017,68,21.1,0,DC
3/10/2017,69,18.3,1.09,DC
3/11/2017,70,15,0.38,DC
3/12/2017,71,8.9,0,DC
3/13/2017,72,10,0,DC
3/14/2017,73,11.7,0,DC
3/15/2017,74,11.1,0,DC
3/16/2017,75,18.3,0,DC
3/17/2017,76,20.6,0,DC
3/18/2017,77,20.6,0,DC
3/19/2017,78,20.6,0,DC
3/20/2017,79,21.1,0,DC
3/21/2017,80,20.6,0,DC
3/22/2017,81,20.6,0,DC
3/23/2017,82,21.7,0,DC
3/24/2017,83,21.7,0,DC
3/25/2017,84,16.7,0.23,DC
3/26/2017,85,22.2,0,DC
3/27/2017,86,21.1,0,DC
3/28/2017,87,22.8,0,DC
3/29/2017,88,19.4,1.93,DC
3/30/2017,89,16.1,0,DC
3/31/2017,90,21.1,0,DC
4/1/2017,91,21.1,0,DC
4/2/2017,92,18.3,4.7,DC
4/3/2017,93,18.9,0,DC
4/4/2017,94,22.2,0,DC
4/5/2017,95,13.3,0.05,DC
4/6/2017,96,16.1,0,DC
4/7/2017,97,17.2,0,DC
4/8/2017,98,20.6,0,DC
4/9/2017,99,21.7,0,DC
4/10/2017,100,21.1,0.03,DC
4/11/2017,101,16.1,4.39,DC
4/12/2017,102,20,0,DC
4/13/2017,103,20.6,0,DC
4/14/2017,104,20.6,0,DC
4/15/2017,105,22.2,0,DC
4/16/2017,106,20.6,0,DC
4/17/2017,107,18.3,2.72,DC
4/18/2017,108,19.4,0.33,DC
4/19/2017,109,20.6,0.91,DC
4/20/2017,110,22.2,0,DC
4/21/2017,111,23.9,0,DC
4/22/2017,112,13.3,0.05,DC
4/23/2017,113,14.4,0,DC
4/24/2017,114,18.3,0,DC
4/25/2017,115,23.9,0,DC
4/26/2017,116,15,0.69,DC
4/27/2017,117,20,0,DC
4/28/2017,118,26.1,0,DC
4/29/2017,119,24.4,0.53,DC
4/30/2017,120,15,0.97,DC
5/1/2017,121,20.6,0,DC
5/2/2017,122,22.8,0,DC
5/3/2017,123,17.2,1.3,DC
5/4/2017,124,15,0,DC
5/5/2017,125,17.8,0,DC
5/6/2017,126,18.9,0,DC
5/7/2017,127,21.1,0,DC
5/8/2017,128,20.6,0,DC
5/9/2017,129,22.2,0,DC
5/10/2017,130,23.3,0,DC
5/11/2017,131,19.4,3.58,DC
5/12/2017,132,20.6,0.71,DC
5/13/2017,133,20,0,DC
5/14/2017,134,21.7,0,DC
5/15/2017,135,22.2,0,DC
5/16/2017,136,23.9,0,DC
5/17/2017,137,25,0,DC
5/18/2017,138,25,0,DC
5/19/2017,139,26.1,0,DC
5/20/2017,140,22.2,2.59,DC
5/21/2017,141,19.4,0.1,DC
5/22/2017,142,17.2,5.64,DC
5/23/2017,143,17.8,2.08,DC
5/24/2017,144,17.8,0.03,DC
5/25/2017,145,25,0,DC
5/26/2017,146,26.1,0,DC
5/27/2017,147,26.7,0,DC
5/28/2017,148,20.6,9.83,DC
5/29/2017,149,22.8,0.66,DC
5/30/2017,150,23.9,0,DC
5/31/2017,151,23.9,0,DC
6/1/2017,152,24.4,0.03,DC
6/2/2017,153,24.4,0,DC
6/3/2017,154,22.8,1.4,DC
6/4/2017,155,21.7,0.33,DC
6/5/2017,156,22.2,0.03,DC
6/6/2017,157,23.3,0,DC
6/7/2017,158,24.4,0,DC
6/8/2017,159,22.2,0,DC
6/9/2017,160,22.2,0,DC
6/10/2017,161,25,0,DC
6/11/2017,162,25,0,DC
6/12/2017,163,26.1,0.15,DC
6/13/2017,164,26.7,0,DC
6/14/2017,165,27.8,0,DC
6/15/2017,166,26.7,0,DC
6/16/2017,167,27.8,0,DC
6/17/2017,168,28.3,0,DC
6/18/2017,169,27.8,0,DC
6/19/2017,170,26.7,0,DC
6/20/2017,171,26.7,0,DC
6/21/2017,172,25.6,0,DC
6/22/2017,173,25,3.35,DC
6/23/2017,174,27.8,0,DC
6/24/2017,175,25.6,0.38,DC
6/25/2017,176,24.4,0,DC
6/26/2017,177,25.6,0,DC
6/27/2017,178,25,0,DC
6/28/2017,179,25.6,0,DC
6/29/2017,180,27.8,0,DC
6/30/2017,181,28.3,0,DC
7/1/2017,182,28.3,0,DC
7/2/2017,183,28.3,0,DC
7/3/2017,184,27.8,0,DC
7/4/2017,185,27.8,0.13,DC
7/5/2017,186,27.8,0,DC
7/6/2017,187,26.1,0,DC
7/7/2017,188,27.2,0,DC
7/8/2017,189,22.2,2.72,DC
7/9/2017,190,22.2,1.19,DC
7/10/2017,191,25,0,DC
7/11/2017,192,25.6,0,DC
7/12/2017,193,26.1,0.2,DC
7/13/2017,194,28.3,0,DC
7/14/2017,195,27.2,0,DC
7/15/2017,196,23.9,0.71,DC
7/16/2017,197,24.4,0,DC
7/17/2017,198,26.1,0,DC
7/18/2017,199,27.8,0,DC
7/19/2017,200,27.8,0,DC
7/20/2017,201,27.8,0,DC
7/21/2017,202,27.8,0,DC
7/22/2017,203,27.2,0,DC
7/23/2017,204,33.3,0.38,DC
7/24/2017,205,26.7,8.36,DC
7/25/2017,206,27.8,0,DC
7/26/2017,207,28.3,0,DC
7/27/2017,208,27.8,0,DC
7/28/2017,209,28.9,0,DC
7/29/2017,210,27.8,0,DC
7/30/2017,211,25.6,0,DC
7/31/2017,212,25.6,0,DC
8/1/2017,213,26.7,0,DC
8/2/2017,214,23.3,1.12,DC
8/3/2017,215,25,0,DC
8/4/2017,216,27.2,0,DC
8/5/2017,217,26.1,0,DC
8/6/2017,218,26.7,0,DC
8/7/2017,219,22.8,0.61,DC
8/8/2017,220,23.9,0.46,DC
8/9/2017,221,25,0.2,DC
8/10/2017,222,27.8,0,DC
8/11/2017,223,28.3,0,DC
8/12/2017,224,28.3,0,DC
8/13/2017,225,27.8,0,DC
8/14/2017,226,28.9,0,DC
8/15/2017,227,28.3,0,DC
8/16/2017,228,29.4,0,DC
8/17/2017,229,27.2,1.5,DC
8/18/2017,230,27.2,0,DC
8/19/2017,231,28.3,0,DC
8/20/2017,232,26.1,0,DC
8/21/2017,233,27.2,0,DC
8/22/2017,234,27.2,0,DC
8/23/2017,235,25.6,1.73,DC
8/24/2017,236,26.1,0.08,DC
8/25/2017,237,25.6,0,DC
8/26/2017,238,23.3,2.36,DC
8/27/2017,239,20,5.77,DC
8/28/2017,240,21.7,3.45,DC
8/29/2017,241,20.6,0.86,DC
8/30/2017,242,21.7,2.49,DC
8/31/2017,243,23.9,0,DC
9/1/2017,244,23.9,0,DC
9/2/2017,245,24.4,0,DC
9/3/2017,246,24.4,0,DC
9/4/2017,247,24.4,0,DC
9/5/2017,248,26.1,0.33,DC
9/6/2017,249,21.1,0,DC
9/7/2017,250,18.3,0,DC
9/8/2017,251,19.4,0,DC
9/9/2017,252,20,0,DC
9/10/2017,253,21.1,0,DC
9/11/2017,254,20,0,DC
9/12/2017,255,20.6,0,DC
9/13/2017,256,21.1,0,DC
9/14/2017,257,23.3,0,DC
9/15/2017,258,23.3,0,DC
9/16/2017,259,23.3,0,DC
9/17/2017,260,24.4,0,DC
9/18/2017,261,22.8,0,DC
9/19/2017,262,25.6,0,DC
9/20/2017,263,25.6,0,DC
9/21/2017,264,23.9,0,DC
9/22/2017,265,25,0,DC
9/23/2017,266,24.4,0.13,DC
9/24/2017,267,22.8,0,DC
9/25/2017,268,23.9,0,DC
9/26/2017,269,24.4,0,DC
9/27/2017,270,26.1,0,DC
9/28/2017,271,25,0,DC
9/29/2017,272,24.4,0,DC
9/30/2017,273,21.1,0,DC
10/1/2017,274,23.3,0,DC
10/2/2017,275,23.9,0,DC
10/3/2017,276,25,0.03,DC
10/4/2017,277,22.8,0.03,DC
10/5/2017,278,21.7,0,DC
10/6/2017,279,20.6,0,DC
10/7/2017,280,25,0,DC
10/8/2017,281,23.9,0,DC
10/9/2017,282,25,0,DC
10/10/2017,283,17.8,0,DC
10/11/2017,284,18.3,0,DC
10/12/2017,285,22.8,0,DC
10/13/2017,286,23.9,0,DC
10/14/2017,287,25.6,0,DC
10/15/2017,288,19.4,0,DC
10/16/2017,289,15.6,0,DC
10/17/2017,290,14.4,0,DC
10/18/2017,291,17.2,0,DC
10/19/2017,292,18.9,0,DC
10/20/2017,293,20.6,0.18,DC
10/21/2017,294,24.4,0,DC
10/22/2017,295,14.4,4.32,DC
10/23/2017,296,16.1,0,DC
10/24/2017,297,14.4,0,DC
10/25/2017,298,14.4,0,DC
10/26/2017,299,20,0,DC
10/27/2017,300,7.8,0,DC
10/28/2017,301,6.1,0,DC
10/29/2017,302,12.8,0,DC
10/30/2017,303,15.6,0,DC
10/31/2017,304,11.7,1.42,DC
11/1/2017,305,20,4.11,DC
11/2/2017,306,23.3,0,DC
11/3/2017,307,23.3,0,DC
11/4/2017,308,22.8,0,DC
11/5/2017,309,22.2,0,DC
11/6/2017,310,21.1,0,DC
11/7/2017,311,14.4,0,DC
11/8/2017,312,10,0.58,DC
11/9/2017,313,9.4,0,DC
11/10/2017,314,13.9,0,DC
11/11/2017,315,13.3,0,DC
11/12/2017,316,17.2,0,DC
11/13/2017,317,17.2,0,DC
11/14/2017,318,17.8,0,DC
11/15/2017,319,19.4,0,DC
11/16/2017,320,18.3,0.03,DC
11/17/2017,321,21.7,0,DC
11/18/2017,322,12.8,0,DC
11/19/2017,323,7.2,0,DC
11/20/2017,324,9.4,0,DC
11/21/2017,325,14.4,0,DC
11/22/2017,326,8.3,0,DC
11/23/2017,327,7.2,0,DC
11/24/2017,328,12.8,0,DC
11/25/2017,329,16.7,0,DC
11/26/2017,330,12.8,0,DC
11/27/2017,331,11.7,0,DC
11/28/2017,332,15.6,0,DC
11/29/2017,333,12.8,0,DC
11/30/2017,334,14.4,0,DC
12/1/2017,335,12.8,0,DC
12/2/2017,336,14.4,0,DC
12/3/2017,337,15,0.41,DC
12/4/2017,338,21.1,0.03,DC
12/5/2017,339,11.1,0.41,DC
12/6/2017,340,5,0.69,DC
12/7/2017,341,1.7,0,DC
12/8/2017,342,-1.7,0,DC
12/9/2017,343,7.2,0,DC
12/10/2017,344,9.4,0,DC
12/11/2017,345,15,0,DC
12/12/2017,346,7.2,0,DC
12/13/2017,347,8.3,0,DC
12/14/2017,348,10,0,DC
12/15/2017,349,5,0,DC
12/16/2017,350,7.2,1.22,DC
12/17/2017,351,10,1.52,DC
12/18/2017,352,15.6,1.02,DC
12/19/2017,353,21.1,3.91,DC
12/20/2017,354,13.3,0.15,DC
12/21/2017,355,20,0,DC
12/22/2017,356,5.6,0.13,DC
12/23/2017,357,3.3,0,DC
12/24/2017,358,3.9,0,DC
12/25/2017,359,3.9,0,DC
12/26/2017,360,3.9,0.58,DC
12/27/2017,361,3.9,0.03,DC
12/28/2017,362,3.9,0,DC
12/29/2017,363,7.8,0,DC
12/30/2017,364,6.7,0.03,DC
12/31/2017,365,1.1,0,DC
1/1/2018,1,-3.9,0,DC
1/2/2018,2,-1.7,0,DC
1/3/2018,3,1.1,0,DC
1/4/2018,4,3.9,0,DC
1/5/2018,5,7.2,0,DC
1/6/2018,6,9.4,0,DC
1/7/2018,7,14.4,0.18,DC
1/8/2018,8,8.9,0.08,DC
1/9/2018,9,8.3,0,DC
1/10/2018,10,14.4,0.05,DC
1/11/2018,11,3.3,2.59,DC
1/12/2018,12,1.7,0,DC
1/13/2018,13,2.8,0,DC
1/14/2018,14,2.8,0,DC
1/15/2018,15,12.2,0.13,DC
1/16/2018,16,-6.1,0.1,DC
1/17/2018,17,-3.9,0.03,DC
1/18/2018,18,3.3,0,DC
1/19/2018,19,11.7,0,DC
1/20/2018,20,17.8,0,DC
1/21/2018,21,19.4,0.1,DC
1/22/2018,22,8.9,0.05,DC
1/23/2018,23,8.3,0,DC
1/24/2018,24,7.2,0,DC
1/25/2018,25,8.3,0,DC
1/26/2018,26,16.7,0,DC
1/27/2018,27,15.6,0.41,DC
1/28/2018,28,11.1,0,DC
1/29/2018,29,7.2,0,DC
1/30/2018,30,7.8,0,DC
1/31/2018,31,14.4,0,DC
2/1/2018,32,16.1,0,DC
2/2/2018,33,6.1,0,DC
2/3/2018,34,7.8,0.03,DC
2/4/2018,35,9.4,0.03,DC
2/5/2018,36,12.2,0,DC
2/6/2018,37,10,0.41,DC
2/7/2018,38,3.9,0.36,DC
2/8/2018,39,8.3,0,DC
2/9/2018,40,16.7,0,DC
2/10/2018,41,4.4,0.3,DC
2/11/2018,42,-0.6,0.05,DC
2/12/2018,43,2.2,0,DC
2/13/2018,44,6.7,0.33,DC
2/14/2018,45,19.4,0.18,DC
2/15/2018,46,19.4,0,DC
2/16/2018,47,14.4,0,DC
2/17/2018,48,10.6,0.25,DC
2/18/2018,49,19.4,0.13,DC
2/19/2018,50,21.1,0.03,DC
2/20/2018,51,21.7,0.81,DC
2/21/2018,52,8.9,2.34,DC
2/22/2018,53,10,0.66,DC
2/23/2018,54,18.9,0.05,DC
2/24/2018,55,15,0.28,DC
2/25/2018,56,10,1.42,DC
2/26/2018,57,12.2,0.03,DC
2/27/2018,58,19.4,1.5,DC
2/28/2018,59,21.7,0,DC
3/1/2018,60,12.8,0.41,DC
3/2/2018,61,14.4,0,DC
3/3/2018,62,18.3,0,DC
3/4/2018,63,20,0,DC
3/5/2018,64,17.8,0.28,DC
3/6/2018,65,11.7,0,DC
3/7/2018,66,7.2,0,DC
3/8/2018,67,11.1,0,DC
3/9/2018,68,16.7,0,DC
3/10/2018,69,21.7,0,DC
3/11/2018,70,15,0,DC
3/12/2018,71,9.4,0,DC
3/13/2018,72,10.6,0,DC
3/14/2018,73,12.2,0,DC
3/15/2018,74,18.3,0,DC
3/16/2018,75,21.7,0,DC
3/17/2018,76,20,0.23,DC
3/18/2018,77,20.6,1.85,DC
3/19/2018,78,18.9,0.03,DC
3/20/2018,79,12.8,0,DC
3/21/2018,80,15.6,0.1,DC
3/22/2018,81,18.3,0,DC
3/23/2018,82,20,0,DC
3/24/2018,83,21.7,0,DC
3/25/2018,84,23.3,0,DC
3/26/2018,85,22.2,0,DC
3/27/2018,86,21.1,0.08,DC
3/28/2018,87,16.1,0.71,DC
3/29/2018,88,17.2,0.71,DC
3/30/2018,89,16.1,0,DC
3/31/2018,90,19.4,0,DC
4/1/2018,91,21.1,0,DC
4/2/2018,92,22.2,0,DC
4/3/2018,93,17.8,1.88,DC
4/4/2018,94,12.2,0,DC
4/5/2018,95,18.3,0,DC
4/6/2018,96,23.3,0,DC
4/7/2018,97,5.6,0.89,DC
4/8/2018,98,10.6,0,DC
4/9/2018,99,13.3,0,DC
4/10/2018,100,15,0,DC
4/11/2018,101,18.9,0,DC
4/12/2018,102,21.1,0,DC
4/13/2018,103,22.8,0.08,DC
4/14/2018,104,8.9,2.11,DC
4/15/2018,105,9.4,0,DC
4/16/2018,106,17.8,0,DC
4/17/2018,107,21.1,0,DC
4/18/2018,108,20.6,0,DC
4/19/2018,109,13.3,0,DC
4/20/2018,110,12.8,0,DC
4/21/2018,111,18.9,1.65,DC
4/22/2018,112,13.3,1.37,DC
4/23/2018,113,16.7,0,DC
4/24/2018,114,20.6,0,DC
4/25/2018,115,15.6,0,DC
4/26/2018,116,15,0,DC
4/27/2018,117,17.2,0,DC
4/28/2018,118,19.4,0,DC
4/29/2018,119,20,0,DC
4/30/2018,120,20.6,0,DC
5/1/2018,121,22.8,0,DC
5/2/2018,122,24.4,0,DC
5/3/2018,123,23.9,0,DC
5/4/2018,124,18.3,0.13,DC
5/5/2018,125,19.4,0.03,DC
5/6/2018,126,21.1,0,DC
5/7/2018,127,23.3,0,DC
5/8/2018,128,22.8,0,DC
5/9/2018,129,23.3,0,DC
5/10/2018,130,23.3,0,DC
5/11/2018,131,25,0,DC
5/12/2018,132,25,0,DC
5/13/2018,133,25,0,DC
5/14/2018,134,22.8,0,DC
5/15/2018,135,23.9,0,DC
5/16/2018,136,25.6,0,DC
5/17/2018,137,26.1,0,DC
5/18/2018,138,26.1,0,DC
5/19/2018,139,26.7,0,DC
5/20/2018,140,20,0.69,DC
5/21/2018,141,21.7,0.25,DC
5/22/2018,142,22.8,4.34,DC
5/23/2018,143,23.3,0.03,DC
5/24/2018,144,25.6,0,DC
5/25/2018,145,23.9,0,DC
5/26/2018,146,25,0,DC
5/27/2018,147,24.4,1.19,DC
5/28/2018,148,26.1,0,DC
5/29/2018,149,27.8,0,DC
5/30/2018,150,27.8,0,DC
5/31/2018,151,28.3,0,DC
6/1/2018,152,27.2,0,DC
6/2/2018,153,28.3,0,DC
6/3/2018,154,28.9,0,DC
6/4/2018,155,25.6,0,DC
6/5/2018,156,27.8,0,DC
6/6/2018,157,28.3,0,DC
6/7/2018,158,27.8,0,DC
6/8/2018,159,27.2,0,DC
6/9/2018,160,27.8,0,DC
6/10/2018,161,25,0.18,DC
6/11/2018,162,29.4,0,DC
6/12/2018,163,30,0,DC
6/13/2018,164,27.8,0,DC
6/14/2018,165,28.3,0,DC
6/15/2018,166,28.9,0,DC
6/16/2018,167,27.8,0,DC
6/17/2018,168,25.6,0.51,DC
6/18/2018,169,24.4,0,DC
6/19/2018,170,25,0.08,DC
6/20/2018,171,23.9,2.06,DC
6/21/2018,172,28.9,0.03,DC
6/22/2018,173,28.9,0,DC
6/23/2018,174,28.9,0,DC
6/24/2018,175,28.9,0,DC
6/25/2018,176,28.3,0,DC
6/26/2018,177,28.9,0,DC
6/27/2018,178,29.4,0,DC
6/28/2018,179,30,0,DC
6/29/2018,180,30,0,DC
6/30/2018,181,30,0,DC
7/1/2018,182,30.6,0,DC
7/2/2018,183,30.6,0,DC
7/3/2018,184,22.2,0.71,DC
7/4/2018,185,24.4,0.13,DC
7/5/2018,186,23.3,0.28,DC
7/6/2018,187,25.6,0,DC
7/7/2018,188,24.4,0.43,DC
7/8/2018,189,23.3,0.15,DC
7/9/2018,190,25,0.03,DC
7/10/2018,191,24.4,0,DC
7/11/2018,192,27.2,0,DC
7/12/2018,193,23.3,0,DC
7/13/2018,194,27.2,0.08,DC
7/14/2018,195,28.9,0,DC
7/15/2018,196,28.9,0.03,DC
7/16/2018,197,29.4,0,DC
7/17/2018,198,30,0,DC
7/18/2018,199,30.6,0,DC
7/19/2018,200,31.1,0,DC
7/20/2018,201,30.6,0,DC
7/21/2018,202,30.6,0,DC
7/22/2018,203,33.3,0,DC
7/23/2018,204,33.9,0,DC
7/24/2018,205,29.4,0,DC
7/25/2018,206,29.4,0,DC
7/26/2018,207,31.1,0,DC
7/27/2018,208,29.4,0,DC
7/28/2018,209,28.3,0,DC
7/29/2018,210,25,0.18,DC
7/30/2018,211,30.6,0.15,DC
7/31/2018,212,26.1,0.13,DC
8/1/2018,213,26.7,2.84,DC
8/2/2018,214,25.6,0,DC
8/3/2018,215,26.1,0,DC
8/4/2018,216,25.6,0,DC
8/5/2018,217,27.2,0,DC
8/6/2018,218,27.2,0,DC
8/7/2018,219,26.1,0,DC
8/8/2018,220,26.7,0.46,DC
8/9/2018,221,26.7,0.13,DC
8/10/2018,222,27.2,0,DC
8/11/2018,223,24.4,0.03,DC
8/12/2018,224,21.7,0.15,DC
8/13/2018,225,27.8,0,DC
8/14/2018,226,27.8,0,DC
8/15/2018,227,28.9,0,DC
8/16/2018,228,30,0,DC
8/17/2018,229,30,0,DC
8/18/2018,230,30.6,0,DC
8/19/2018,231,30,0,DC
8/20/2018,232,28.9,0.05,DC
8/21/2018,233,29.4,0,DC
8/22/2018,234,29.4,0,DC
8/23/2018,235,28.9,0,DC
8/24/2018,236,30,0,DC
8/25/2018,237,28.9,0,DC
8/26/2018,238,29.4,0,DC
8/27/2018,239,27.2,0,DC
8/28/2018,240,26.7,0,DC
8/29/2018,241,26.1,0,DC
8/30/2018,242,28.3,0,DC
8/31/2018,243,28.3,0,DC
9/1/2018,244,27.8,0,DC
9/2/2018,245,24.4,0.48,DC
9/3/2018,246,24.4,0.23,DC
9/4/2018,247,23.9,0.76,DC
9/5/2018,248,24.4,0.71,DC
9/6/2018,249,27.2,0,DC
9/7/2018,250,27.8,0,DC
9/8/2018,251,22.2,0.61,DC
9/9/2018,252,23.9,0,DC
9/10/2018,253,22.2,0.05,DC
9/11/2018,254,22.8,1.12,DC
9/12/2018,255,22.2,3.2,DC
9/13/2018,256,22.8,1.4,DC
9/14/2018,257,22.8,0.64,DC
9/15/2018,258,24.4,0.08,DC
9/16/2018,259,25,0.03,DC
9/17/2018,260,26.7,0,DC
9/18/2018,261,27.8,0,DC
9/19/2018,262,27.2,0,DC
9/20/2018,263,22.8,0.41,DC
9/21/2018,264,23.3,0.74,DC
9/22/2018,265,23.3,4.14,DC
9/23/2018,266,21.7,0.74,DC
9/24/2018,267,22.8,0,DC
9/25/2018,268,25.6,0,DC
9/26/2018,269,21.7,0.58,DC
9/27/2018,270,20,0.03,DC
9/28/2018,271,21.7,0,DC
9/29/2018,272,22.2,0.43,DC
9/30/2018,273,22.2,0.41,DC
10/1/2018,274,21.7,0.41,DC
10/2/2018,275,24.4,0,DC
10/3/2018,276,25,0,DC
10/4/2018,277,25,0,DC
10/5/2018,278,25.6,0,DC
10/6/2018,279,23.9,0,DC
10/7/2018,280,24.4,0.41,DC
10/8/2018,281,21.7,0.33,DC
10/9/2018,282,19.4,4.93,DC
10/10/2018,283,19.4,0.13,DC
10/11/2018,284,16.7,0,DC
10/12/2018,285,20.6,0,DC
10/13/2018,286,22.8,0.36,DC
10/14/2018,287,24.4,1.52,DC
10/15/2018,288,9.4,3.53,DC
10/16/2018,289,11.1,6.81,DC
10/17/2018,290,11.7,0.28,DC
10/18/2018,291,16.1,0,DC
10/19/2018,292,17.2,0.23,DC
10/20/2018,293,15,2.46,DC
10/21/2018,294,11.7,0,DC
10/22/2018,295,12.8,0,DC
10/23/2018,296,14.4,0.08,DC
10/24/2018,297,12.2,3.91,DC
10/25/2018,298,13.9,0.53,DC
10/26/2018,299,13.9,0.03,DC
10/27/2018,300,19.4,0,DC
10/28/2018,301,18.3,0,DC
10/29/2018,302,19.4,0,DC
10/30/2018,303,21.7,0,DC
10/31/2018,304,16.7,4.57,DC
11/1/2018,305,9.4,0.53,DC
11/2/2018,306,13.3,0,DC
11/3/2018,307,17.8,0,DC
11/4/2018,308,11.1,1.88,DC
11/5/2018,309,20.6,0,DC
11/6/2018,310,21.7,0,DC
11/7/2018,311,15,0.13,DC
11/8/2018,312,13.3,1.17,DC
11/9/2018,313,7.8,1.19,DC
11/10/2018,314,6.7,0,DC
11/11/2018,315,7.2,2.84,DC
11/12/2018,316,5,1.24,DC
11/13/2018,317,1.1,0,DC
11/14/2018,318,0.6,0,DC
11/15/2018,319,6.7,0,DC
11/16/2018,320,9.4,0,DC
11/17/2018,321,13.9,0,DC
11/18/2018,322,7.8,0.08,DC
11/19/2018,323,6.7,1.07,DC
11/20/2018,324,6.7,0,DC
11/21/2018,325,8.9,0.03,DC
11/22/2018,326,8.9,0,DC
11/23/2018,327,13.9,0.03,DC
11/24/2018,328,14.4,0,DC
11/25/2018,329,8.9,0,DC
11/26/2018,330,2.8,0,DC
11/27/2018,331,7.2,0,DC
11/28/2018,332,15,0,DC
11/29/2018,333,20,0.03,DC
11/30/2018,334,21.7,0.03,DC
12/1/2018,335,13.9,0.1,DC
12/2/2018,336,12.2,0,DC
12/3/2018,337,7.8,0,DC
12/4/2018,338,5.6,0,DC
12/5/2018,339,6.1,0,DC
12/6/2018,340,12.2,0.03,DC
12/7/2018,341,7.2,6.68,DC
12/8/2018,342,4.4,3.96,DC
12/9/2018,343,3.3,0.03,DC
12/10/2018,344,3.9,0,DC
12/11/2018,345,8.3,0,DC
12/12/2018,346,15,0,DC
12/13/2018,347,11.7,1.98,DC
12/14/2018,348,8.3,1.17,DC
12/15/2018,349,8.3,0.03,DC
12/16/2018,350,10.6,0,DC
12/17/2018,351,8.9,0,DC
12/18/2018,352,8.3,0,DC
12/19/2018,353,11.1,2.24,DC
12/20/2018,354,10,1.04,DC
12/21/2018,355,6.1,0,DC
12/22/2018,356,15,0,DC
12/23/2018,357,8.9,0,DC
12/24/2018,358,13.9,0,DC
12/25/2018,359,16.1,0,DC
12/26/2018,360,16.7,2.06,DC
12/27/2018,361,11.7,8.48,DC
12/28/2018,362,7.8,0,DC
12/29/2018,363,6.7,0,DC
12/30/2018,364,6.1,1.42,DC
12/31/2018,365,8.3,0.51,DC
1/1/2019,1,10,0,DC
1/2/2019,2,8.3,4.089,DC
1/3/2019,3,5,1.27,DC
1/4/2019,4,6,0,DC
1/5/2019,5,10.6,0,DC
1/6/2019,6,15,0,DC
1/7/2019,7,17.2,0,DC
1/8/2019,8,15.6,0.025,DC
1/9/2019,9,8.9,0,DC
1/10/2019,10,9.4,0,DC
1/11/2019,11,13.9,0.102,DC
1/12/2019,12,7.8,1.143,DC
1/13/2019,13,2.8,0,DC
1/14/2019,14,2.8,0,DC
1/15/2019,15,8.9,0,DC
1/16/2019,16,12.2,0.076,DC
1/17/2019,17,10.6,0.025,DC
1/18/2019,18,18.3,0.127,DC
1/19/2019,19,1.7,1.143,DC
1/20/2019,20,2.2,0,DC
1/21/2019,21,10.6,0,DC
1/22/2019,22,17.2,3.81,DC
1/23/2019,23,0.6,2.565,DC
1/24/2019,24,6.7,0,DC
1/25/2019,25,8.9,0,DC
1/26/2019,26,8.3,0.025,DC
1/27/2019,27,7.8,0,DC
1/28/2019,28,12.2,0,DC
1/29/2019,29,3.3,0,DC
1/30/2019,30,2.2,0,DC
1/31/2019,31,10.6,0,DC
2/1/2019,32,14.4,0.025,DC
2/2/2019,33,15,0,DC
2/3/2019,34,17.8,0,DC
2/4/2019,35,19.4,0.025,DC
2/5/2019,36,20.6,0.025,DC
2/6/2019,37,21.1,0,DC
2/7/2019,38,3.3,0.838,DC
2/8/2019,39,-0.6,0,DC
2/9/2019,40,0,0.178,DC
2/10/2019,41,15.6,0,DC
2/11/2019,42,16.7,1.118,DC
2/12/2019,43,7.8,0,DC
2/13/2019,44,11.1,0,DC
2/14/2019,45,16.7,0,DC
2/15/2019,46,19.4,0,DC
2/16/2019,47,11.1,0,DC
2/17/2019,48,7.8,0.025,DC
2/18/2019,49,7.2,0,DC
2/19/2019,50,6.1,0.508,DC
2/20/2019,51,7.8,0.051,DC
2/21/2019,52,7.2,0.737,DC
2/22/2019,53,11.7,0.584,DC
2/23/2019,54,15,0.229,DC
2/24/2019,55,10,0,DC
2/25/2019,56,11.7,9,DC
2/26/2019,57,13.3,0.152,DC
2/27/2019,58,17.2,0.152,DC
2/28/2019,59,5,0,DC
3/1/2019,60,9.4,0,DC
3/2/2019,61,11.7,0.076,DC
3/3/2019,62,1.7,0.305,DC
3/4/2019,63,0,0,DC
3/5/2019,64,6.1,0,DC
3/6/2019,65,10.6,0,DC
3/7/2019,66,17.2,0,DC
3/8/2019,67,21.7,0,DC
3/9/2019,68,17.2,0,DC
3/10/2019,69,20.6,0,DC
3/11/2019,70,15,0,DC
3/12/2019,71,19.4,0,DC
3/13/2019,72,16.7,1.118,DC
3/14/2019,73,12.8,0.686,DC
3/15/2019,74,10,0,DC
3/16/2019,75,11.7,0,DC
3/17/2019,76,10.6,0,DC
3/18/2019,77,13.3,0,DC
3/19/2019,78,12.8,0,DC
3/20/2019,79,13.9,0,DC
3/21/2019,80,15.6,0,DC
3/22/2019,81,15.6,0,DC
3/23/2019,82,16.7,0,DC
3/24/2019,83,20,0,DC
3/25/2019,84,17.2,0.584,DC
3/26/2019,85,13.9,0,DC
3/27/2019,86,13.9,0,DC
3/28/2019,87,16.7,0,DC
3/29/2019,88,20,0.025,DC
3/30/2019,89,8.9,0.102,DC
3/31/2019,90,6.1,0,DC
4/1/2019,91,5.6,0,DC
4/2/2019,92,10.6,0,DC
4/3/2019,93,16.7,0.051,DC
4/4/2019,94,20.6,0.635,DC
4/5/2019,95,18.9,0,DC
4/6/2019,96,17.2,0.229,DC
4/7/2019,97,17.8,3.505,DC
4/8/2019,98,20,0.127,DC
4/9/2019,99,20.6,0,DC
4/10/2019,100,21.1,0,DC
4/11/2019,101,16.1,0,DC
4/12/2019,102,18.9,0,DC
4/13/2019,103,12.8,1.118,DC
4/14/2019,104,11.1,0,DC
4/15/2019,105,17.8,0,DC
4/16/2019,106,19.4,0,DC
4/17/2019,107,21.1,0.051,DC
4/18/2019,108,13.3,5.41,DC
4/19/2019,109,11.7,0,DC
4/20/2019,110,15.6,0,DC
4/21/2019,111,18.9,0,DC
4/22/2019,112,17.8,0,DC
4/23/2019,113,18.9,0,DC
4/24/2019,114,19.4,2.591,DC
4/25/2019,115,18.9,0.025,DC
4/26/2019,116,16.1,0,DC
4/27/2019,117,20,0,DC
4/28/2019,118,20,0,DC
4/29/2019,119,23.3,0,DC
4/30/2019,120,23.9,0,DC
5/1/2019,121,23.9,0,DC
5/2/2019,122,18.3,6.172,DC
5/3/2019,123,20,0.432,DC
5/4/2019,124,18.9,0.762,DC
5/5/2019,125,20,0,DC
5/6/2019,126,21.7,0,DC
5/7/2019,127,22.2,0,DC
5/8/2019,128,18.9,3.048,DC
5/9/2019,129,23.9,4.902,DC
5/10/2019,130,18.3,0.178,DC
5/11/2019,131,16.7,1.041,DC
5/12/2019,132,16.7,0,DC
5/13/2019,133,18.9,0,DC
5/14/2019,134,20,0,DC
5/15/2019,135,21.1,0,DC
5/16/2019,136,22.2,0,DC
5/17/2019,137,23.9,0,DC
5/18/2019,138,25.6,4.42,DC
5/19/2019,139,21.1,4.039,DC
5/20/2019,140,25.6,0,DC
5/21/2019,141,22.2,0.381,DC
5/22/2019,142,26.1,0,DC
5/23/2019,143,25.6,0,DC
5/24/2019,144,25,0,DC
5/25/2019,145,25,0,DC
5/26/2019,146,24.4,0,DC
5/27/2019,147,24.4,0,DC
5/28/2019,148,26.1,0,DC
5/29/2019,149,25,0,DC
5/30/2019,150,23.3,2.743,DC
5/31/2019,151,22.2,2.083,DC
6/1/2019,152,25,0,DC
6/2/2019,153,22.8,0,DC
6/3/2019,154,25.6,0,DC
6/4/2019,155,25.6,0,DC
6/5/2019,156,22.8,1.956,DC
6/6/2019,157,23.3,0.025,DC
6/7/2019,158,22.8,0.025,DC
6/8/2019,159,23.9,0,DC
6/9/2019,160,24.4,0,DC
6/10/2019,161,23.9,0,DC
6/11/2019,162,21.1,0,DC
6/12/2019,163,23.3,0,DC
6/13/2019,164,21.1,0,DC
6/14/2019,165,25,0,DC
6/15/2019,166,26.1,0,DC
6/16/2019,167,19.4,9.601,DC
6/17/2019,168,23.9,0.102,DC
6/18/2019,169,25.6,0,DC
6/19/2019,170,27.2,0.025,DC
6/20/2019,171,27.8,0.051,DC
6/21/2019,172,26.7,0,DC
6/22/2019,173,27.8,0,DC
6/23/2019,174,26.1,0.432,DC
6/24/2019,175,23.3,5.029,DC
6/25/2019,176,23.9,0,DC
6/26/2019,177,22.8,0,DC
6/27/2019,178,22.2,1.676,DC
6/28/2019,179,25,0,DC
6/29/2019,180,20,0.051,DC
6/30/2019,181,23.3,0,DC
7/1/2019,182,23.3,0.229,DC
7/2/2019,183,24.4,0,DC
7/3/2019,184,24.4,0.102,DC
7/4/2019,185,26.1,0.025,DC
7/5/2019,186,26.1,0,DC
7/6/2019,187,26.1,0,DC
7/7/2019,188,26.7,0,DC
7/8/2019,189,26.1,0,DC
7/9/2019,190,26.7,0,DC
7/10/2019,191,27.8,0.025,DC
7/11/2019,192,27.2,0,DC
7/12/2019,193,26.7,0,DC
7/13/2019,194,26.1,0.076,DC
7/14/2019,195,22.8,0.279,DC
7/15/2019,196,25.6,0.025,DC
7/16/2019,197,26.7,0,DC
7/17/2019,198,27.8,0,DC
7/18/2019,199,27.2,0,DC
7/19/2019,200,27.8,0,DC
7/20/2019,201,27.8,0,DC
7/21/2019,202,25.6,0,DC
7/22/2019,203,25.6,0,DC
7/23/2019,204,23.3,0,DC
7/24/2019,205,22.2,0,DC
7/25/2019,206,21.7,0,DC
7/26/2019,207,23.9,0,DC
7/27/2019,208,25.6,0,DC
7/28/2019,209,26.1,0,DC
7/29/2019,210,24.4,0.33,DC
7/30/2019,211,22.2,0.305,DC
7/31/2019,212,26.1,0,DC
8/1/2019,213,26.7,0,DC
8/2/2019,214,26.1,0,DC
8/3/2019,215,26.1,0.127,DC
8/4/2019,216,25.6,0.127,DC
8/5/2019,217,26.1,0.051,DC
8/6/2019,218,28.3,0,DC
8/7/2019,219,27.8,0,DC
8/8/2019,220,28.9,0,DC
8/9/2019,221,28.9,0,DC
8/10/2019,222,27.8,0,DC
8/11/2019,223,28.3,0,DC
8/12/2019,224,27.8,0,DC
8/13/2019,225,28.3,0,DC
8/14/2019,226,25,0,DC
8/15/2019,227,27.8,0,DC
8/16/2019,228,26.7,0.102,DC
8/17/2019,229,28.3,0,DC
8/18/2019,230,29.4,0,DC
8/19/2019,231,28.3,0,DC
8/20/2019,232,26.7,0,DC
8/21/2019,233,28.3,0,DC
8/22/2019,234,28.3,0,DC
8/23/2019,235,26.1,0.203,DC
8/24/2019,236,26.7,0,DC
8/25/2019,237,25.6,0,DC
8/26/2019,238,29.4,0,DC
8/27/2019,239,27.8,0,DC
8/28/2019,240,25,3.861,DC
8/29/2019,241,26.7,0,DC
8/30/2019,242,24.4,0,DC
8/31/2019,243,25,0,DC
9/1/2019,244,25,0,DC
9/2/2019,245,26.1,0,DC
9/3/2019,246,26.7,0,DC
9/4/2019,247,26.1,0,DC
9/5/2019,248,25,0,DC
9/6/2019,249,26.7,0,DC
9/7/2019,250,27.8,0,DC
9/8/2019,251,27.2,0,DC
9/9/2019,252,22.8,0.254,DC
9/10/2019,253,22.2,0.635,DC
9/11/2019,254,23.3,0.102,DC
9/12/2019,255,25,0,DC
9/13/2019,256,26.7,0,DC
9/14/2019,257,25,0.076,DC
9/15/2019,258,26.7,0,DC
9/16/2019,259,24.4,0,DC
9/17/2019,260,23.9,0.305,DC
9/18/2019,261,23.3,1.346,DC
9/19/2019,262,22.8,0.94,DC
9/20/2019,263,24.4,1.194,DC
9/21/2019,264,24.4,0,DC
9/22/2019,265,25,0,DC
9/23/2019,266,25.6,0,DC
9/24/2019,267,25,0,DC
9/25/2019,268,25.6,0,DC
9/26/2019,269,23.9,0,DC
9/27/2019,270,25,0,DC
9/28/2019,271,25.6,0,DC
9/29/2019,272,24.4,0,DC
9/30/2019,273,26.1,0,DC
10/1/2019,274,25,0,DC
10/2/2019,275,24.4,0,DC
10/3/2019,276,22.8,0,DC
10/4/2019,277,25.6,0,DC
10/5/2019,278,23.9,0,DC
10/6/2019,279,24.4,0,DC
10/7/2019,280,17.8,0,DC
10/8/2019,281,16.7,0,DC
10/9/2019,282,23.3,0,DC
10/10/2019,283,24.4,0,DC
10/11/2019,284,10,3.505,DC
10/12/2019,285,11.1,0,DC
10/13/2019,286,18.3,0,DC
10/14/2019,287,21.1,2.311,DC
10/15/2019,288,23.3,0.051,DC
10/16/2019,289,12.8,0.076,DC
10/17/2019,290,11.7,0,DC
10/18/2019,291,15.6,0,DC
10/19/2019,292,21.7,0,DC
10/20/2019,293,25.6,0,DC
10/21/2019,294,13.9,NA,DC
10/22/2019,295,12.2,0,DC
10/23/2019,296,16.1,0,DC
10/24/2019,297,18.3,0.254,DC
10/25/2019,298,10,2.946,DC
10/26/2019,299,11.1,0.025,DC
10/27/2019,300,15,0.025,DC
10/28/2019,301,18.3,0,DC
10/29/2019,302,17.8,0.787,DC
10/30/2019,303,6.1,2.438,DC
10/31/2019,304,2.2,0,DC
11/1/2019,305,9.4,0,DC
11/2/2019,306,7.8,0,DC
11/3/2019,307,10.6,0,DC
11/4/2019,308,18.3,0,DC
11/5/2019,309,20,0,DC
11/6/2019,310,18.3,0,DC
11/7/2019,311,8.3,0.076,DC
11/8/2019,312,5.6,0.051,DC
11/9/2019,313,8.9,0,DC
11/10/2019,314,15,0,DC
11/11/2019,315,2.2,0.406,DC
11/12/2019,316,-1.1,0,DC
11/13/2019,317,5,0.025,DC
11/14/2019,318,2.8,1.118,DC
11/15/2019,319,5.6,0.025,DC
11/16/2019,320,5.6,0,DC
11/17/2019,321,10.6,0,DC
11/18/2019,322,11.7,0,DC
11/19/2019,323,16.1,0,DC
11/20/2019,324,18.9,0,DC
11/21/2019,325,20.6,0,DC
11/22/2019,326,8.9,0.356,DC
11/23/2019,327,8.3,0,DC
11/24/2019,328,11.1,0,DC
11/25/2019,329,18.3,0,DC
11/26/2019,330,21.7,0,DC
11/27/2019,331,13.3,0,DC
11/28/2019,332,16.1,0,DC
11/29/2019,333,21.7,0,DC
11/30/2019,334,17.2,0.152,DC
12/1/2019,335,8.1,0,DC
12/2/2019,336,5,0,DC
12/3/2019,337,10,0,DC
12/4/2019,338,11.1,0,DC
12/5/2019,339,17.2,0,DC
12/6/2019,340,15,0,DC
12/7/2019,341,10.6,0,DC
12/8/2019,342,14.4,0,DC
12/9/2019,343,20,0.229,DC
12/10/2019,344,5,1.753,DC
12/11/2019,345,5,0,DC
12/12/2019,346,6.7,0,DC
12/13/2019,347,10.6,0,DC
12/14/2019,348,11.7,0,DC
12/15/2019,349,20,0,DC
12/16/2019,350,5,0.152,DC
12/17/2019,351,3.3,0,DC
12/18/2019,352,2.8,0,DC
12/19/2019,353,5,0,DC
12/20/2019,354,6.7,0.102,DC
12/21/2019,355,6.7,0,DC
12/22/2019,356,8.3,0,DC
12/23/2019,357,10.6,0,DC
12/24/2019,358,12.8,0,DC
12/25/2019,359,12.8,0,DC
12/26/2019,360,14.4,0,DC
12/27/2019,361,15.6,0,DC
12/28/2019,362,19.4,0.203,DC
12/29/2019,363,8.3,0,DC
12/30/2019,364,6.7,0,DC
12/31/2019,365,6.7,0,DC
1/1/2020,1,10,0.025,DC
1/2/2020,2,13.9,2.108,DC
1/3/2020,3,9.4,0,DC
1/4/2020,4,8.3,0,DC
1/5/2020,5,12.8,0,DC
1/6/2020,6,15,0,DC
1/7/2020,7,7.2,0,DC
1/8/2020,8,12.8,0,DC
1/9/2020,9,19.4,0.102,DC
1/10/2020,10,21.1,1.93,DC
1/11/2020,11,-0.6,0.432,DC
1/12/2020,12,6.7,0.025,DC
1/13/2020,13,13.9,0.051,DC
1/14/2020,14,18.3,0.635,DC
1/15/2020,15,20,0,DC
1/16/2020,16,12.8,0.076,DC
1/17/2020,17,17.8,0.254,DC
1/18/2020,18,11.1,0.762,DC
1/19/2020,19,6.7,0,DC
1/20/2020,20,7.2,0,DC
1/21/2020,21,5.6,0,DC
1/22/2020,22,7.8,2.997,DC
1/23/2020,23,6.7,0.279,DC
1/24/2020,24,8.3,0,DC
1/25/2020,25,13.3,0,DC
1/26/2020,26,11.7,0.178,DC
1/27/2020,27,9.4,0,DC
1/28/2020,28,10.6,1.168,DC
1/29/2020,29,7.2,0,DC
1/30/2020,30,8.9,0,DC
1/31/2020,31,5,0,DC
2/1/2020,32,11.1,0.025,DC
2/2/2020,33,16.1,0,DC
2/3/2020,34,17.8,0,DC
2/4/2020,35,12.2,0.025,DC
2/5/2020,36,4.4,0.076,DC
2/6/2020,37,0,0.0127,DC
2/7/2020,38,11.7,0,DC
2/8/2020,39,13.9,0,DC
2/9/2020,40,18.3,0.051,DC
2/10/2020,41,8.9,1.6,DC
2/11/2020,42,7.8,4.26,DC
2/12/2020,43,8.9,1.168,DC
2/13/2020,44,5.6,0,DC
2/14/2020,45,5,0,DC
2/15/2020,46,13.9,0,DC
2/16/2020,47,14.4,0,DC
2/17/2020,48,20,0,DC
2/18/2020,49,12.2,1.041,DC
2/19/2020,50,6.7,2.642,DC
2/20/2020,51,6.7,2.159,DC
2/21/2020,52,3.9,0,DC
2/22/2020,53,6.7,0,DC
2/23/2020,54,13.9,0.102,DC
2/24/2020,55,12.2,0.635,DC
2/25/2020,56,11.7,0,DC
2/26/2020,57,3.3,0,DC
2/27/2020,58,5.6,0,DC
2/28/2020,59,12.2,0,DC
2/29/2020,60,14.4,0,DC
3/1/2020,61,18.3,0,DC
3/2/2020,62,19.4,0,DC
3/3/2020,63,20,0,DC
3/4/2020,64,11.7,3.988,DC
3/5/2020,65,15,0.051,DC
3/6/2020,66,12.8,0,DC
3/7/2020,67,10,0,DC
3/8/2020,68,16.7,0,DC
3/9/2020,69,17.2,0.279,DC
3/10/2020,70,19.4,0,DC
3/11/2020,71,20,0.025,DC
3/12/2020,72,21.7,0,DC
3/13/2020,73,21.1,0,DC
3/14/2020,74,22.2,0,DC
3/15/2020,75,17.2,0,DC
3/16/2020,76,17.2,0,DC
3/17/2020,77,19.4,0.381,DC
3/18/2020,78,21.7,0.025,DC
3/19/2020,79,22.8,0.203,DC
3/20/2020,80,10,1.676,DC
3/21/2020,81,11.7,1.651,DC
3/22/2020,82,17.2,2.642,DC
3/23/2020,83,22.2,0.025,DC
3/24/2020,84,20.6,0,DC
3/25/2020,85,21.7,0.025,DC
3/26/2020,86,22.8,0,DC
3/27/2020,87,23.3,0,DC
3/28/2020,88,12.8,0.051,DC
3/29/2020,89,17.8,0.025,DC
3/30/2020,90,17.8,0.051,DC
3/31/2020,91,11.1,0,DC
4/1/2020,92,17.2,0,DC
4/2/2020,93,16.7,0.762,DC
4/3/2020,94,13.9,0.025,DC
4/4/2020,95,11.7,1.067,DC
4/5/2020,96,16.1,0,DC
4/6/2020,97,21.1,0,DC
4/7/2020,98,22.2,0,DC
4/8/2020,99,24.4,0,DC
4/9/2020,100,18.9,2.21,DC
4/10/2020,101,13.3,0,DC
4/11/2020,102,20.6,0.102,DC
4/12/2020,103,18.9,2.007,DC
4/13/2020,104,9.4,0,DC
4/14/2020,105,10,0,DC
4/15/2020,106,10.6,0,DC
4/16/2020,107,16.1,0,DC
4/17/2020,108,16.1,0.432,DC
4/18/2020,109,17.2,0.025,DC
4/19/2020,110,17.8,2.819,DC
4/20/2020,111,18.3,0.025,DC
4/21/2020,112,21.7,0,DC
4/22/2020,113,21.1,1.702,DC
4/23/2020,114,17.2,0,DC
4/24/2020,115,21.1,0.254,DC
4/25/2020,116,17.8,0,DC
4/26/2020,117,17.2,0,DC
4/27/2020,118,20.6,0,DC
4/28/2020,119,22.2,0,DC
4/29/2020,120,18.3,1.88,DC
4/30/2020,121,16.7,0,DC
5/1/2020,122,20.6,0,DC
5/2/2020,123,22.8,0,DC
5/3/2020,124,22.8,0,DC
5/4/2020,125,24.4,0,DC
5/5/2020,126,19.4,0.178,DC
5/6/2020,127,19.4,0,DC
5/7/2020,128,22.2,0,DC
5/8/2020,129,16.1,0.178,DC
5/9/2020,130,12.8,0,DC
5/10/2020,131,16.1,0,DC
5/11/2020,132,19.4,0,DC
5/12/2020,133,18.3,0.533,DC
5/13/2020,134,22.2,0.051,DC
5/14/2020,135,21.1,0,DC
5/15/2020,136,21.7,0.076,DC
5/16/2020,137,18.9,1.905,DC
5/17/2020,138,20,0.279,DC
5/18/2020,139,22.2,0,DC
5/19/2020,140,25,0,DC
5/20/2020,141,20.6,0,DC
5/21/2020,142,25,0,DC
5/22/2020,143,24.4,0,DC
5/23/2020,144,23.9,0,DC
5/24/2020,145,18.9,4.445,DC
5/25/2020,146,18.9,0.051,DC
5/26/2020,147,20.6,0,DC
5/27/2020,148,20,0,DC
5/28/2020,149,21.1,0,DC
5/29/2020,150,22.2,0,DC
5/30/2020,151,22.8,0,DC
5/31/2020,152,22.8,0,DC
6/1/2020,153,22.2,0,DC
6/2/2020,154,24.4,0,DC
6/3/2020,155,23.3,0,DC
6/4/2020,156,25,0,DC
6/5/2020,157,26.1,0,DC
6/6/2020,158,25.6,0,DC
6/7/2020,159,26.7,0,DC
6/8/2020,160,27.2,0,DC
6/9/2020,161,28.3,2.489,DC
6/10/2020,162,22.8,0,DC
6/11/2020,163,22.2,0,DC
6/12/2020,164,23.9,0,DC
6/13/2020,165,23.9,0,DC
6/14/2020,166,25.6,0,DC
6/15/2020,167,25,0,DC
6/16/2020,168,23.3,0,DC
6/17/2020,169,24.4,0,DC
6/18/2020,170,25.6,0,DC
6/19/2020,171,25.6,0,DC
6/20/2020,172,22.8,0.152,DC
6/21/2020,173,22.8,0.025,DC
6/22/2020,174,23.3,0.102,DC
6/23/2020,175,22.2,4.166,DC
6/24/2020,176,23.9,1.473,DC
6/25/2020,177,24.4,0.102,DC
6/26/2020,178,26.1,0.025,DC
6/27/2020,179,26.1,0,DC
6/28/2020,180,26.7,0,DC
6/29/2020,181,26.7,0,DC
6/30/2020,182,27.2,0,DC
7/1/2020,183,27.2,0,DC
7/2/2020,184,26.7,0,DC
7/3/2020,185,21.7,0,DC
7/4/2020,186,27.2,0,DC
7/5/2020,187,26.1,0,DC
7/6/2020,188,26.7,1.194,DC
7/7/2020,189,22.8,0.914,DC
7/8/2020,190,27.8,0,DC
7/9/2020,191,28.3,0,DC
7/10/2020,192,27.2,0,DC
7/11/2020,193,27.8,0,DC
7/12/2020,194,28.9,0,DC
7/13/2020,195,29.4,0,DC
7/14/2020,196,28.3,0,DC
7/15/2020,197,27.8,0,DC
7/16/2020,198,26.7,0,DC
7/17/2020,199,26.7,0,DC
7/18/2020,200,25.6,0.356,DC
7/19/2020,201,27.8,0,DC
7/20/2020,202,23.9,0.127,DC
7/21/2020,203,24.4,0,DC
7/22/2020,204,25.6,0,DC
7/23/2020,205,27.8,0,DC
7/24/2020,206,25.6,0.051,DC
7/25/2020,207,24.4,0.254,DC
7/26/2020,208,23.3,0.051,DC
7/27/2020,209,26.1,0,DC
7/28/2020,210,23.9,1.676,DC
7/29/2020,211,25.6,0,DC
7/30/2020,212,27.2,0,DC
7/31/2020,213,23.3,1.295,DC
8/1/2020,214,24.4,0,DC
8/2/2020,215,23.3,0,DC
8/3/2020,216,26.7,0,DC
8/4/2020,217,27.2,0,DC
8/5/2020,218,26.7,0,DC
8/6/2020,219,28.3,0,DC
8/7/2020,220,25.6,0.457,DC
8/8/2020,221,27.2,0,DC
8/9/2020,222,27.8,0,DC
8/10/2020,223,28.9,0,DC
8/11/2020,224,29.4,0,DC
8/12/2020,225,29.4,0,DC
8/13/2020,226,29.4,0,DC
8/14/2020,227,29.4,0,DC
8/15/2020,228,31.1,0,DC
8/16/2020,229,30.6,3.556,DC
8/17/2020,230,25.6,0.635,DC
8/18/2020,231,26.7,0,DC
8/19/2020,232,25,0,DC
8/20/2020,233,23.9,0,DC
8/21/2020,234,24.4,0,DC
8/22/2020,235,23.3,0.33,DC
8/23/2020,236,26.7,0,DC
8/24/2020,237,27.2,0,DC
8/25/2020,238,27.8,0,DC
8/26/2020,239,25.6,0,DC
8/27/2020,240,25.6,0,DC
8/28/2020,241,24.4,0.483,DC
8/29/2020,242,28.3,0.025,DC
8/30/2020,243,28.9,0,DC
8/31/2020,244,28.9,0.051,DC
9/1/2020,245,29.4,0,DC
9/2/2020,246,24.4,2.108,DC
9/3/2020,247,23.3,1.372,DC
9/4/2020,248,22.2,0.457,DC
9/5/2020,249,22.8,0,DC
9/6/2020,250,24.4,0,DC
9/7/2020,251,23.9,0,DC
9/8/2020,252,23.9,0,DC
9/9/2020,253,24.4,0.025,DC
9/10/2020,254,21.7,0,DC
9/11/2020,255,25,0,DC
9/12/2020,256,26.1,0,DC
9/13/2020,257,25,0,DC
9/14/2020,258,25,0,DC
9/15/2020,259,26.1,0,DC
9/16/2020,260,26.1,0,DC
9/17/2020,261,22.2,0.051,DC
9/18/2020,262,22.8,0,DC
9/19/2020,263,19.4,0,DC
9/20/2020,264,24.4,0,DC
9/21/2020,265,20,2.159,DC
9/22/2020,266,20.6,1.27,DC
9/23/2020,267,19.4,1.143,DC
9/24/2020,268,20,0.025,DC
9/25/2020,269,18.3,0,DC
9/26/2020,270,20,0,DC
9/27/2020,271,24.4,0,DC
9/28/2020,272,16.7,0.178,DC
9/29/2020,273,15,0,DC
9/30/2020,274,17.8,0,DC
10/1/2020,275,18.3,0,DC
10/2/2020,276,15.6,0,DC
10/3/2020,277,17.9,0,DC
10/4/2020,278,18.9,0,DC
10/5/2020,279,17.2,0,DC
10/6/2020,280,18.9,0,DC
10/7/2020,281,20.6,0,DC
10/8/2020,282,23.3,0,DC
10/9/2020,283,20.6,0.076,DC
10/10/2020,284,21.7,0,DC
10/11/2020,285,25,0,DC
10/12/2020,286,19.4,0,DC
10/13/2020,287,17.2,0,DC
10/14/2020,288,22.2,0,DC
10/15/2020,289,16.7,0,DC
10/16/2020,290,12.8,0,DC
10/17/2020,291,21.7,0,DC
10/18/2020,292,23.9,0,DC
10/19/2020,293,23.3,0,DC
10/20/2020,294,21.7,0,DC
10/21/2020,295,21.7,0,DC
10/22/2020,296,22.8,0,DC
10/23/2020,297,12.2,2.032,DC
10/24/2020,298,11.1,0,DC
10/25/2020,299,15.6,0.051,DC
10/26/2020,300,4.9,0.102,DC
10/27/2020,301,4,0.051,DC
10/28/2020,302,6.1,1.753,DC
10/29/2020,303,6.7,0.025,DC
10/30/2020,304,10.6,0,DC
10/31/2020,305,12.2,0,DC
11/1/2020,306,14.4,0,DC
11/2/2020,307,10.6,0,DC
11/3/2020,308,12.8,0,DC
11/4/2020,309,16.1,0,DC
11/5/2020,310,16.7,0,DC
11/6/2020,311,16.7,0,DC
11/7/2020,312,16.1,0,DC
11/8/2020,313,18.3,0,DC
11/9/2020,314,20.6,0,DC
11/10/2020,315,20,0.1,DC
11/11/2020,316,16.1,0,DC
11/12/2020,317,17.8,0,DC
11/13/2020,318,20.6,0,DC
11/14/2020,319,23.3,0,DC
11/15/2020,320,12.8,0.38,DC
11/16/2020,321,11.7,0,DC
11/17/2020,322,14.4,0,DC
11/18/2020,323,13.3,0,DC
11/19/2020,324,17.8,0,DC
11/20/2020,325,17.8,0,DC
11/21/2020,326,16.7,0,DC
11/22/2020,327,13.9,0,DC
11/23/2020,328,12.2,0,DC
11/24/2020,329,21.1,0.15,DC
11/25/2020,330,8.9,1.3,DC
11/26/2020,331,18.9,0,DC
11/27/2020,332,16.1,0,DC
11/28/2020,333,11.1,0.25,DC
11/29/2020,334,7.2,0.58,DC
11/30/2020,335,2.2,0,DC
12/1/2020,336,8.9,0,DC
12/2/2020,337,10.6,2.46,DC
12/3/2020,338,6.7,0,DC
12/4/2020,339,3.9,0,DC
12/5/2020,340,8.3,0,DC
12/6/2020,341,7.8,0.08,DC
12/7/2020,342,8.3,0,DC
12/8/2020,343,10,0,DC
12/9/2020,344,12.8,0,DC
12/10/2020,345,16.1,0,DC
12/11/2020,346,16.1,3.68,DC
12/12/2020,347,7.8,0,DC
12/13/2020,348,5.6,1.14,DC
12/14/2020,349,2.8,0,DC
12/15/2020,350,6.1,0.18,DC
12/16/2020,351,-0.06,0.03,DC
12/17/2020,352,3.9,0,DC
12/18/2020,353,13.3,0,DC
12/19/2020,354,12.2,2.18,DC
12/20/2020,355,7.2,0,DC
12/21/2020,356,11.7,0,DC
12/22/2020,357,12.8,0,DC
12/23/2020,358,12.8,0,DC
12/24/2020,359,4.4,0,DC
12/25/2020,360,5,0,DC
12/26/2020,361,11.1,0,DC
12/27/2020,362,15,0,DC
12/28/2020,363,16.1,0,DC
12/29/2020,364,17.2,0,DC
12/30/2020,365,10,4.47,DC
12/31/2020,366,7.8,4.55,DC
1/1/2021,1,5,0.03,DC
1/2/2021,2,3.9,0,DC
1/3/2021,3,10,0,DC
1/4/2021,4,14.4,0,DC
1/5/2021,5,11.1,0,DC
1/6/2021,6,8.9,4.55,DC
1/7/2021,7,7.2,0,DC
1/8/2021,8,3.3,0,DC
1/9/2021,9,4.4,0,DC
1/10/2021,10,-0.3,0.13,DC
1/11/2021,11,-1.1,1.55,DC
1/12/2021,12,4.4,0.33,DC
1/13/2021,13,7.8,0,DC
1/14/2021,14,10.6,0,DC
1/15/2021,15,5,0,DC
1/16/2021,16,3.3,0,DC
1/17/2021,17,6.7,0,DC
1/18/2021,18,13.9,0,DC
1/19/2021,19,11.1,0.08,DC
1/20/2021,20,15.6,0.08,DC
1/21/2021,21,15,0.23,DC
1/22/2021,22,11.7,0.05,DC
1/23/2021,23,11.7,0.05,DC
1/24/2021,24,20,0.03,DC
1/25/2021,25,14.4,0.1,DC
1/26/2021,26,12.8,0,DC
1/27/2021,27,7.2,0,DC
1/28/2021,28,5.6,0,DC
1/29/2021,29,11.7,0,DC
1/30/2021,30,17.8,0.1,DC
1/31/2021,31,8.3,0,DC
2/1/2021,32,8.3,0,DC
2/2/2021,33,8.3,0,DC
2/3/2021,34,9.2,0,DC
2/4/2021,35,12.8,0,DC
2/5/2021,36,5.6,0.15,DC
2/6/2021,37,7.8,0,DC
2/7/2021,38,9.4,0,DC
2/8/2021,39,12.8,0,DC
2/9/2021,40,9.4,0.03,DC
2/10/2021,41,4.4,0,DC
2/11/2021,42,0,1.37,DC
2/12/2021,43,-1.1,0,DC
2/13/2021,44,-1.1,0,DC
2/14/2021,45,-5.6,0,DC
2/15/2021,46,-12.2,0,DC
2/16/2021,47,-3.3,0.84,DC
2/17/2021,48,-1.1,0,DC
2/18/2021,49,NA,NA,DC
2/19/2021,50,-2.8,0.46,DC
2/20/2021,51,6.7,0,DC
2/21/2021,52,13.9,0,DC
2/22/2021,53,10.6,0.03,DC
2/23/2021,54,16.7,0,DC
2/24/2021,55,18.9,0,DC
2/25/2021,56,17.8,0.18,DC
2/26/2021,57,16.7,0,DC
2/27/2021,58,21.1,0.08,DC
2/28/2021,59,21.7,0,DC
3/1/2021,60,7.8,2.97,DC
3/2/2021,61,8.3,0.15,DC
3/3/2021,62,11.7,0,DC
3/4/2021,63,14.4,0,DC
3/5/2021,64,11.7,0,DC
3/6/2021,65,10.6,0,DC
3/7/2021,66,11.7,0,DC
3/8/2021,67,14.4,0,DC
3/9/2021,68,16.7,0,DC
3/10/2021,69,20.6,0,DC
3/11/2021,70,20,0,DC
3/12/2021,71,19.4,0,DC
3/13/2021,72,20,0,DC
3/14/2021,73,12.8,1.02,DC
3/15/2021,74,19.4,0.03,DC
3/16/2021,75,22.2,0,DC
3/17/2021,76,15,1.12,DC
3/18/2021,77,10,0,DC
3/19/2021,78,7.2,0,DC
3/20/2021,79,11.7,0,DC
3/21/2021,80,14.4,0,DC
3/22/2021,81,18.9,0,DC
3/23/2021,82,17.8,0.91,DC
3/24/2021,83,20,0,DC
3/25/2021,84,15.6,0,DC
3/26/2021,85,20.6,0,DC
3/27/2021,86,23.3,0,DC
3/28/2021,87,14.4,0.03,DC
3/29/2021,88,15.6,0,DC
3/30/2021,89,23.3,0,DC
3/31/2021,90,12.2,0.03,DC
4/1/2021,91,13.3,0,DC
4/2/2021,92,12.2,0,DC
4/3/2021,93,11.7,0.05,DC
4/4/2021,94,16.7,0,DC
4/5/2021,95,18.9,0,DC
4/6/2021,96,21.7,0,DC
4/7/2021,97,15.6,0.28,DC
4/8/2021,98,23.3,0.03,DC
4/9/2021,99,21.1,0.38,DC
4/10/2021,100,17.2,0.03,DC
4/11/2021,101,18.3,0,DC
4/12/2021,102,22.2,0,DC
4/13/2021,103,22.8,0.1,DC
4/14/2021,104,18.3,0,DC
4/15/2021,105,15.6,0.69,DC
4/16/2021,106,14.4,2.11,DC
4/17/2021,107,10.6,0.08,DC
4/18/2021,108,12.2,0,DC
4/19/2021,109,15,0,DC
4/20/2021,110,15,0,DC
4/21/2021,111,10.6,0,DC
4/22/2021,112,17.2,0,DC
4/23/2021,113,17.2,1.57,DC
4/24/2021,114,18.9,0,DC
4/25/2021,115,18.9,0,DC
4/26/2021,116,21.1,0,DC
4/27/2021,117,22.8,0,DC
4/28/2021,118,25.6,0,DC
4/29/2021,119,24.4,0.56,DC
4/30/2021,120,20,4.6,DC
5/1/2021,121,19.4,9.35,DC
5/2/2021,122,22.8,6.83,DC
5/3/2021,123,25,0,DC
5/4/2021,124,19.4,2.03,DC
5/5/2021,125,18.9,0,DC
5/6/2021,126,21.1,0,DC
5/7/2021,127,21.7,0,DC
5/8/2021,128,23.9,0,DC
5/9/2021,129,20,7.49,DC
5/10/2021,130,20,0.23,DC
5/11/2021,131,16.1,4.7,DC
5/12/2021,132,15.6,0.08,DC
5/13/2021,133,18.9,0.05,DC
5/14/2021,134,18.3,0,DC
5/15/2021,135,21.1,0,DC
5/16/2021,136,22.2,0.43,DC
5/17/2021,137,19.4,1.47,DC
5/18/2021,138,22.8,2.13,DC
5/19/2021,139,19.4,3.53,DC
5/20/2021,140,22.2,1.07,DC
5/21/2021,141,21.7,2.67,DC
5/22/2021,142,21.7,3.15,DC
5/23/2021,143,22.2,0.03,DC
5/24/2021,144,21.7,0.33,DC
5/25/2021,145,19.4,2.57,DC
5/26/2021,146,25,0.03,DC
5/27/2021,147,26.1,0,DC
5/28/2021,148,21.7,1.04,DC
5/29/2021,149,23.9,0,DC
5/30/2021,150,20.6,0,DC
5/31/2021,151,25,0,DC
6/1/2021,152,22.2,4.34,DC
6/2/2021,153,22.8,0,DC
6/3/2021,154,22.2,0.03,DC
6/4/2021,155,21.1,0.53,DC
6/5/2021,156,21.1,0.48,DC
6/6/2021,157,25.6,0,DC
6/7/2021,158,21.7,2.39,DC
6/8/2021,159,27.2,0,DC
6/9/2021,160,27.8,0,DC
6/10/2021,161,27.8,0,DC
6/11/2021,162,25.6,0,DC
6/12/2021,163,26.7,0,DC
6/13/2021,164,27.8,0,DC
6/14/2021,165,27.8,0,DC
6/15/2021,166,26.7,0,DC
6/16/2021,167,27.8,0,DC
6/17/2021,168,26.1,0,DC
6/18/2021,169,26.1,0,DC
6/19/2021,170,27.8,0,DC
6/20/2021,171,27.8,0,DC
6/21/2021,172,24.4,5.44,DC
6/22/2021,173,23.9,0.03,DC
6/23/2021,174,27.8,0,DC
6/24/2021,175,27.8,0,DC
6/25/2021,176,26.7,0,DC
6/26/2021,177,26.1,0,DC
6/27/2021,178,23.9,0.3,DC
6/28/2021,179,23.9,0.25,DC
6/29/2021,180,23.9,2.18,DC
6/30/2021,181,26.1,0.03,DC
7/1/2021,182,27.2,0,DC
7/2/2021,183,24.4,0.86,DC
7/3/2021,184,24.4,0,DC
7/4/2021,185,25.6,0,DC
7/5/2021,186,22.2,1.12,DC
7/6/2021,187,22.2,1.32,DC
7/7/2021,188,26.1,0.23,DC
7/8/2021,189,25.6,0,DC
7/9/2021,190,23.9,0.13,DC
7/10/2021,191,27.2,0,DC
7/11/2021,192,26.1,1.42,DC
7/12/2021,193,21.1,5.23,DC
7/13/2021,194,22.2,0.03,DC
7/14/2021,195,24.4,0,DC
7/15/2021,196,25,0,DC
7/16/2021,197,27.2,0,DC
7/17/2021,198,26.7,0,DC
7/18/2021,199,27.8,0,DC
7/19/2021,200,23.3,0.79,DC
7/20/2021,201,25.6,0.03,DC
7/21/2021,202,24.4,0.05,DC
7/22/2021,203,21.9,0,DC
7/23/2021,204,27.2,0,DC
7/24/2021,205,26.7,0,DC
7/25/2021,206,26.7,0,DC
7/26/2021,207,27.2,0,DC
7/27/2021,208,28.3,0,DC
7/28/2021,209,24.4,0.05,DC
7/29/2021,210,23.9,0.33,DC
7/30/2021,211,28.3,0,DC
7/31/2021,212,27.8,0,DC
8/1/2021,213,27.8,0,DC
8/2/2021,214,23.9,3.68,DC
8/3/2021,215,25,0.03,DC
8/4/2021,216,25,0,DC
8/5/2021,217,24.4,0,DC
8/6/2021,218,26.1,0,DC
8/7/2021,219,27.2,0,DC
8/8/2021,220,28.3,0,DC
8/9/2021,221,27.8,0,DC
8/10/2021,222,27.2,0,DC
8/11/2021,223,28.3,0,DC
8/12/2021,224,26.7,0,DC
8/13/2021,225,27.8,0,DC
8/14/2021,226,23.9,0,DC
8/15/2021,227,25.6,0.48,DC
8/16/2021,228,25.6,0,DC
8/17/2021,229,27.2,0,DC
8/18/2021,230,22.8,1.96,DC
8/19/2021,231,26.7,0.03,DC
8/20/2021,232,27.2,0,DC
8/21/2021,233,27.2,0,DC
8/22/2021,234,26.7,0,DC
8/23/2021,235,26.7,0,DC
8/24/2021,236,27.8,0,DC
8/25/2021,237,29.4,0,DC
8/26/2021,238,24.4,0.25,DC
8/27/2021,239,26.7,0,DC
8/28/2021,240,24.4,0,DC
8/29/2021,241,27.8,0,DC
8/30/2021,242,26.1,0,DC
8/31/2021,243,27.8,0,DC
9/1/2021,244,28.3,0,DC
9/2/2021,245,27.2,0,DC
9/3/2021,246,26.1,0,DC
9/4/2021,247,26.7,0,DC
9/5/2021,248,28.3,0,DC
9/6/2021,249,25,0,DC
9/7/2021,250,13.1,0,DC
9/8/2021,251,25,0,DC
9/9/2021,252,23.3,0,DC
9/10/2021,253,23.9,0,DC
9/11/2021,254,22.8,0,DC
9/12/2021,255,26.1,0,DC
9/13/2021,256,25,0,DC
9/14/2021,257,21.7,0.64,DC
9/15/2021,258,23.3,0,DC
9/16/2021,259,22.8,0,DC
9/17/2021,260,25.6,0,DC
9/18/2021,261,25,0,DC
9/19/2021,262,25.6,0,DC
9/20/2021,263,26.7,0,DC
9/21/2021,264,26.1,0,DC
9/22/2021,265,20.6,0,DC
9/23/2021,266,20,0,DC
9/24/2021,267,20,0,DC
9/25/2021,268,21.1,0,DC
9/26/2021,269,21.1,0,DC
9/27/2021,270,23.9,0,DC
9/28/2021,271,24.4,0,DC
9/29/2021,272,22.8,0.53,DC
9/30/2021,273,22.8,0.18,DC
10/1/2021,274,21.7,1.73,DC
10/2/2021,275,23.9,0,DC
10/3/2021,276,22.2,0,DC
10/4/2021,277,21.7,0,DC
10/5/2021,278,23.3,0,DC
10/6/2021,279,20.6,0,DC
10/7/2021,280,21.7,0,DC
10/8/2021,281,22.2,0,DC
10/9/2021,282,23.3,0,DC
10/10/2021,283,26.1,0,DC
10/11/2021,284,20,1.12,DC
10/12/2021,285,26.7,0,DC
10/13/2021,286,25.6,0,DC
10/14/2021,287,22.8,0.43,DC
10/15/2021,288,21.1,0,DC
10/16/2021,289,14.4,0,DC
10/17/2021,290,16.1,0,DC
10/18/2021,291,14.4,0,DC
10/19/2021,292,18.9,0,DC
10/20/2021,293,22.2,0,DC
10/21/2021,294,24.4,0,DC
10/22/2021,295,21.7,0,DC
10/23/2021,296,21.7,0,DC
10/24/2021,297,23.3,0,DC
10/25/2021,298,25,0,DC
10/26/2021,299,24.4,0,DC
10/27/2021,300,17.9,2.21,DC
10/28/2021,301,17.8,0,DC
10/29/2021,302,13.3,0,DC
10/30/2021,303,13.3,0,DC
10/31/2021,304,16.7,0,DC
11/1/2021,305,16.1,0,DC
11/2/2021,306,17.8,0,DC
11/3/2021,307,8.9,0.79,DC
11/4/2021,308,8.3,0.05,DC
11/5/2021,309,9.4,0,DC
11/6/2021,310,11.1,0,DC
11/7/2021,311,11.1,0,DC
11/8/2021,312,13.9,0,DC
11/9/2021,313,15,0,DC
11/10/2021,314,20.6,0,DC
11/11/2021,315,13.3,2.64,DC
11/12/2021,316,13.3,0,DC
11/13/2021,317,7.8,0,DC
11/14/2021,318,15.6,0,DC
11/15/2021,319,17.8,0,DC
11/16/2021,320,18.9,0,DC
11/17/2021,321,18.9,0,DC
11/18/2021,322,9.4,0,DC
11/19/2021,323,7.8,0,DC
11/20/2021,324,16.7,0,DC
11/21/2021,325,18.3,0,DC
11/22/2021,326,8.3,0,DC
11/23/2021,327,11.1,0,DC
11/24/2021,328,19.4,0,DC
11/25/2021,329,10.6,1.7,DC
11/26/2021,330,6.1,0,DC
11/27/2021,331,8.9,0.81,DC
11/28/2021,332,10,0.76,DC
11/29/2021,333,10.6,0,DC
11/30/2021,334,13.3,0,DC
12/1/2021,335,16.1,0,DC
12/2/2021,336,16.7,0,DC
12/3/2021,337,18.9,0.03,DC
12/4/2021,338,20,0,DC
12/5/2021,339,20,0,DC
12/6/2021,340,11.7,0.03,DC
12/7/2021,341,10.6,0,DC
12/8/2021,342,13.3,0,DC
12/9/2021,343,21.1,0,DC
12/10/2021,344,22.2,0,DC
12/11/2021,345,5.6,0.43,DC
12/12/2021,346,6.7,0,DC
12/13/2021,347,13.9,0.18,DC
12/14/2021,348,19.4,0.03,DC
12/15/2021,349,21.1,0,DC
12/16/2021,350,20,0.64,DC
12/17/2021,351,19.4,0,DC
12/18/2021,352,10,3.25,DC
12/19/2021,353,6.7,0,DC
12/20/2021,354,3.9,0.58,DC
12/21/2021,355,6.1,0,DC
12/22/2021,356,12.8,0,DC
12/23/2021,357,16.7,0,DC
12/24/2021,358,18.9,0,DC
12/25/2021,359,17.2,0,DC
12/26/2021,360,19.4,0,DC
12/27/2021,361,21.7,0,DC
12/28/2021,362,19.4,0,DC
12/29/2021,363,19.4,0,DC
12/30/2021,364,19.4,0,DC
12/31/2021,365,21.7,0,DC
1/1/2022,1,17.22,0,DC
1/2/2022,2,-0.56,0.03,DC
1/3/2022,3,1.67,0,DC
1/4/2022,4,10.56,0,DC
1/5/2022,5,13.33,0,DC
1/6/2022,6,5,0,DC
1/7/2022,7,8.89,0,DC
1/8/2022,8,20,0.18,DC
1/9/2022,9,11.11,0.13,DC
1/10/2022,10,6.11,0,DC
1/11/2022,11,8.89,0,DC
1/12/2022,12,9.44,0.03,DC
1/13/2022,13,12.22,0,DC
1/14/2022,14,15,0,DC
1/15/2022,15,-0.56,0,DC
1/16/2022,16,4.44,0,DC
1/17/2022,17,8.33,0,DC
1/18/2022,18,15.56,0,DC
1/19/2022,19,12.22,0,DC
1/20/2022,20,2.78,0,DC
1/21/2022,21,0.56,0,DC
1/22/2022,22,2.78,0,DC
1/23/2022,23,8.33,0,DC
1/24/2022,24,8.33,1.6002,DC
1/25/2022,25,6.11,0.1778,DC
1/26/2022,26,3.89,0,DC
1/27/2022,27,6.67,0,DC
1/28/2022,28,5,0,DC
1/29/2022,29,9.44,0,DC
1/30/2022,30,10,0,DC
1/31/2022,31,12.78,0.5588,DC
2/1/2022,32,14.44,0.1016,DC
2/2/2022,33,14.44,1.016,DC
2/3/2022,34,-3.33,2.4892,DC
2/4/2022,35,-1.11,0,DC
2/5/2022,36,1.11,0,DC
2/6/2022,37,5.56,0,DC
2/7/2022,38,7.78,0,DC
2/8/2022,39,7.78,0,DC
2/9/2022,40,11.11,0,DC
2/10/2022,41,11.67,0,DC
2/11/2022,42,13.89,0,DC
2/12/2022,43,0.56,0.9144,DC
2/13/2022,44,6.11,0,DC
2/14/2022,45,11.67,0,DC
2/15/2022,46,15.56,0,DC
2/16/2022,47,18.89,0.0508,DC
2/17/2022,48,3.33,0.8128,DC
2/18/2022,49,6.67,0,DC
2/19/2022,50,10,0,DC
2/20/2022,51,14.44,0,DC
2/21/2022,52,20.56,0.0508,DC
2/22/2022,53,12.78,0.0508,DC
2/23/2022,54,0.56,0.0254,DC
2/24/2022,55,1.11,0.1016,DC
2/25/2022,56,4.44,0,DC
2/26/2022,57,2.22,1.651,DC
2/27/2022,58,6.11,0.0508,DC
2/28/2022,59,8.33,0,DC
3/1/2022,60,11.67,0,DC
3/2/2022,61,15,0,DC
3/3/2022,62,15.56,0,DC
3/4/2022,63,18.89,0,DC
3/5/2022,64,21.67,0,DC
3/6/2022,65,22.22,0,DC
3/7/2022,66,6.67,0,DC
3/8/2022,67,4.44,2.9718,DC
3/9/2022,68,6.67,0,DC
3/10/2022,69,13.89,0,DC
3/11/2022,70,1.67,0.2032,DC
3/12/2022,71,5,0,DC
3/13/2022,72,11.67,0,DC
3/14/2022,73,16.67,1.3462,DC
3/15/2022,74,13.89,0.0254,DC
3/16/2022,75,17.22,0,DC
3/17/2022,76,17.22,0.2032,DC
3/18/2022,77,12.78,0,DC
3/19/2022,78,14.44,0,DC
3/20/2022,79,17.22,0,DC
3/21/2022,80,20.56,1.0414,DC
3/22/2022,81,10.56,10.1092,DC
3/23/2022,82,11.67,0,DC
3/24/2022,83,11.67,0,DC
3/25/2022,84,18.33,0,DC
3/26/2022,85,20.56,0,DC
3/27/2022,86,21.67,0,DC
3/28/2022,87,21.67,0,DC
3/29/2022,88,22.78,0,DC
3/30/2022,89,15.56,1.0922,DC
3/31/2022,90,13.89,0,DC
4/1/2022,91,16.67,0,DC
4/2/2022,92,21.11,0.0762,DC
4/3/2022,93,21.67,0,DC
4/4/2022,94,20.56,0.0508,DC
4/5/2022,95,24.44,2.7178,DC
4/6/2022,96,18.33,0,DC
4/7/2022,97,14.44,0,DC
4/8/2022,98,11.67,0,DC
4/9/2022,99,21.11,0,DC
4/10/2022,100,21.11,0,DC
4/11/2022,101,23.33,0,DC
4/12/2022,102,23.89,1.8542,DC
4/13/2022,103,17.78,1.8288,DC
4/14/2022,104,17.78,0,DC
4/15/2022,105,23.33,0,DC
4/16/2022,106,25,0,DC
4/17/2022,107,22.22,0,DC
4/18/2022,108,16.11,0,DC
4/19/2022,109,18.33,0,DC
4/20/2022,110,22.78,0,DC
4/21/2022,111,23.33,0,DC
4/22/2022,112,22.78,0,DC
4/23/2022,113,22.22,0,DC
4/24/2022,114,23.33,0,DC
4/25/2022,115,16.67,4.572,DC
4/26/2022,116,16.11,0,DC
4/27/2022,117,18.33,0,DC
4/28/2022,118,21.67,0,DC
4/29/2022,119,22.78,0,DC
4/30/2022,120,23.89,0,DC
5/1/2022,121,22.22,0.4826,DC
5/2/2022,122,23.89,0,DC
5/3/2022,123,23.89,0.127,DC
5/4/2022,124,25,0,DC
5/5/2022,125,18.89,3.1242,DC
5/6/2022,126,22.22,0,DC
5/7/2022,127,25,0.1778,DC
5/8/2022,128,26.11,0,DC
5/9/2022,129,26.67,0,DC
5/10/2022,130,25,0,DC
5/11/2022,131,24.44,0,DC
5/12/2022,132,24.44,0,DC
5/13/2022,133,24.44,0,DC
5/14/2022,134,23.33,0,DC
5/15/2022,135,23.89,0,DC
5/16/2022,136,25,0.2286,DC
5/17/2022,137,26.67,0,DC
5/18/2022,138,27.22,0,DC
5/19/2022,139,25.56,0,DC
5/20/2022,140,27.22,0,DC
5/21/2022,141,28.33,0.1778,DC
5/22/2022,142,20.56,0.9652,DC
5/23/2022,143,21.11,0,DC
5/24/2022,144,20.56,0.2794,DC
5/25/2022,145,18.33,3.1242,DC
5/26/2022,146,23.89,0,DC
5/27/2022,147,22.78,0,DC
5/28/2022,148,25.56,0,DC
5/29/2022,149,26.11,0,DC
5/30/2022,150,26.67,0,DC
5/31/2022,151,27.22,0,DC
6/1/2022,152,26.11,0,DC
6/2/2022,153,23.33,0,DC
6/3/2022,154,23.89,0,DC
6/4/2022,155,24.44,0.7112,DC
6/5/2022,156,27.22,0,DC
6/6/2022,157,26.67,0,DC
6/7/2022,158,27.78,0,DC
6/8/2022,159,27.78,0,DC
6/9/2022,160,28.33,0,DC
6/10/2022,161,28.89,0,DC
6/11/2022,162,28.89,0,DC
6/12/2022,163,29.44,0,DC
6/13/2022,164,30,0,DC
6/14/2022,165,28.89,0,DC
6/15/2022,166,29.44,0,DC
6/16/2022,167,28.89,0,DC
6/17/2022,168,26.11,0,DC
6/18/2022,169,25,0.9398,DC
6/19/2022,170,27.22,0.0508,DC
6/20/2022,171,30.56,0,DC
6/21/2022,172,29.44,0,DC
6/22/2022,173,28.89,0,DC
6/23/2022,174,28.89,0,DC
6/24/2022,175,30,0,DC
6/25/2022,176,30,0,DC
6/26/2022,177,31.67,0,DC
6/27/2022,178,29.44,0,DC
6/28/2022,179,26.67,0,DC
6/29/2022,180,29.44,0,DC
6/30/2022,181,26.67,0,DC
7/1/2022,182,25,0.127,DC
7/2/2022,183,28.33,0.8382,DC
7/3/2022,184,30,0,DC
7/4/2022,185,31.11,0,DC
7/5/2022,186,30.56,0,DC
7/6/2022,187,29.44,0,DC
7/7/2022,188,31.67,0,DC
7/8/2022,189,31.67,0,DC
7/9/2022,190,33.33,0,DC
7/10/2022,191,33.33,0,DC
7/11/2022,192,32.22,0,DC
7/12/2022,193,32.78,0,DC
7/13/2022,194,33.33,0,DC
7/14/2022,195,28.33,1.0922,DC
7/15/2022,196,28.33,0,DC
7/16/2022,197,31.11,0,DC
7/17/2022,198,31.11,0,DC
7/18/2022,199,32.78,0,DC
7/19/2022,200,32.78,0,DC
7/20/2022,201,33.89,0,DC
7/21/2022,202,32.78,0,DC
7/22/2022,203,23.89,0,DC
7/23/2022,204,30,0,DC
7/24/2022,205,29.44,0.1016,DC
7/25/2022,206,31.67,0,DC
7/26/2022,207,32.22,0,DC
7/27/2022,208,30.56,0,DC
7/28/2022,209,28.89,0.1524,DC
7/29/2022,210,30,0,DC
7/30/2022,211,27.22,0.1778,DC
7/31/2022,212,31.67,0,DC
8/1/2022,213,30,0.0254,DC
8/2/2022,214,32.22,0,DC
8/3/2022,215,30.56,0,DC
8/4/2022,216,32.78,0,DC
8/5/2022,217,25,0.5588,DC
8/6/2022,218,27.78,0.3556,DC
8/7/2022,219,30,0,DC
8/8/2022,220,28.33,0,DC
8/9/2022,221,26.67,0,DC
8/10/2022,222,26.67,0,DC
8/11/2022,223,28.33,0,DC
8/12/2022,224,28.33,0.508,DC
8/13/2022,225,30,0,DC
8/14/2022,226,28.89,0,DC
8/15/2022,227,30.56,0,DC
8/16/2022,228,31.11,0,DC
8/17/2022,229,30,0,DC
8/18/2022,230,23.33,5.588,DC
8/19/2022,231,24.44,0.127,DC
8/20/2022,232,25,1.4732,DC
8/21/2022,233,25.56,0.0508,DC
8/22/2022,234,22.78,2.8194,DC
8/23/2022,235,26.11,0.0508,DC
8/24/2022,236,25,0.1524,DC
8/25/2022,237,25.56,0,DC
8/26/2022,238,27.22,0,DC
8/27/2022,239,27.22,0,DC
8/28/2022,240,27.78,0,DC
8/29/2022,241,25.56,0.4572,DC
8/30/2022,242,23.33,1.9812,DC
8/31/2022,243,27.22,0,DC
9/1/2022,244,23.89,0.8128,DC
9/2/2022,245,24.44,0,DC
9/3/2022,246,23.33,0,DC
9/4/2022,247,26.11,0,DC
9/5/2022,248,,0,DC
9/6/2022,249,26.11,0.0254,DC
9/7/2022,250,26.11,0,DC
9/8/2022,251,25,0,DC
9/9/2022,252,23.89,0,DC
9/10/2022,253,25.56,0,DC
9/11/2022,254,25.56,0,DC
9/12/2022,255,22.22,0,DC
9/13/2022,256,22.22,0,DC
9/14/2022,257,22.22,0,DC
9/15/2022,258,23.33,0,DC
9/16/2022,259,24.44,0,DC
9/17/2022,260,26.11,0,DC
9/18/2022,261,27.22,0,DC
9/19/2022,262,26.67,0,DC
9/20/2022,263,26.11,0,DC
9/21/2022,264,26.11,0,DC
9/22/2022,265,28.33,0,DC
9/23/2022,266,27.22,0,DC
9/24/2022,267,26.11,0,DC
9/25/2022,268,27.78,0,DC
9/26/2022,269,22.22,0,DC
9/27/2022,270,22.22,0,DC
9/28/2022,271,23.33,0,DC
9/29/2022,272,20,0,DC
9/30/2022,273,18.89,0,DC
10/1/2022,274,20,0,DC
10/2/2022,275,20.56,0,DC
10/3/2022,276,22.22,0,DC
10/4/2022,277,21.67,0,DC
10/5/2022,278,22.78,0,DC
10/6/2022,279,22.78,0,DC
10/7/2022,280,23.89,0,DC
10/8/2022,281,21.67,0,DC
10/9/2022,282,22.22,0,DC
10/10/2022,283,21.67,0,DC
10/11/2022,284,20,0,DC
10/12/2022,285,26.11,0.7112,DC
10/13/2022,286,21.67,0,DC
10/14/2022,287,22.78,0,DC
10/15/2022,288,24.44,0.381,DC
10/16/2022,289,20.56,1.5494,DC
10/17/2022,290,16.11,0,DC
10/18/2022,291,11.11,0,DC
10/19/2022,292,9.44,0,DC
10/20/2022,293,18.89,0,DC
10/21/2022,294,21.67,0,DC
10/22/2022,295,22.22,0,DC
10/23/2022,296,23.33,0,DC
10/24/2022,297,24.44,1.1938,DC
10/25/2022,298,12.78,0,DC
10/26/2022,299,15,0,DC
10/27/2022,300,16.11,4.191,DC
10/28/2022,301,15,0.1016,DC
10/29/2022,302,14.44,0.0254,DC
10/30/2022,303,15,0,DC
10/31/2022,304,16.11,0.0254,DC
11/1/2022,305,15,0,DC
11/2/2022,306,18.33,0,DC
11/3/2022,307,22.78,0.254,DC
11/4/2022,308,25.56,0.6858,DC
11/5/2022,309,12.22,0,DC
11/6/2022,310,22.78,0,DC
11/7/2022,311,23.33,0,DC
11/8/2022,312,22.22,0,DC
11/9/2022,313,20.56,0,DC
11/10/2022,314,18.33,2.413,DC
11/11/2022,315,6.67,0,DC
11/12/2022,316,3.89,1.9558,DC
11/13/2022,317,,NA,DC
11/14/2022,318,,NA,DC
11/15/2022,319,,NA,DC
11/16/2022,320,,NA,DC
11/17/2022,321,5,NA,DC
11/18/2022,322,,NA,DC
11/19/2022,323,5,NA,DC
11/20/2022,324,,NA,DC
11/21/2022,325,,NA,DC
11/22/2022,326,11.11,NA,DC
11/23/2022,327,16.11,0,DC
11/24/2022,328,15.56,3.2258,DC
11/25/2022,329,14.44,0,DC
11/26/2022,330,8.89,1.9812,DC
11/27/2022,331,12.22,0,DC
11/28/2022,332,15,0,DC
11/29/2022,333,21.67,0,DC
11/30/2022,334,5.56,0,DC
12/1/2022,335,7.22,0,DC
12/2/2022,336,20.56,0.0762,DC
12/3/2022,337,14.44,0,DC
12/4/2022,338,17.22,0,DC
12/5/2022,339,21.67,0,DC
12/6/2022,340,21.11,0,DC
12/7/2022,341,21.11,0,DC
12/8/2022,342,20,0,DC
12/9/2022,343,19.44,0,DC
12/10/2022,344,20,3.3528,DC
12/11/2022,345,15,1.6764,DC
12/12/2022,346,16.67,0,DC
12/13/2022,347,14.44,1.1176,DC
12/14/2022,348,7.78,0.0254,DC
12/15/2022,349,6.67,0,DC
12/16/2022,350,3.89,0.2286,DC
12/17/2022,351,2.78,0,DC
12/18/2022,352,8.89,0,DC
12/19/2022,353,5,4.1402,DC
12/20/2022,354,5,0.4318,DC
12/21/2022,355,3.89,0,DC
12/22/2022,356,-8.89,0,DC
12/23/2022,357,-6.11,0,DC
12/24/2022,358,-1.11,0,DC
12/25/2022,359,1.11,0,DC
12/26/2022,360,3.89,0,DC
12/27/2022,361,2.22,0,DC
12/28/2022,362,17.22,0,DC
12/29/2022,363,18.89,4.8514,DC
12/30/2022,364,13.33,0.5588,DC
12/31/2022,365,15,0,DC
1/1/2023,1,19.44,0,DC
1/2/2023,2,22.22,0.1778,DC
1/3/2023,3,14.44,0.1778,DC
1/4/2023,4,11.67,0,DC
1/5/2023,5,9.44,0,DC
1/6/2023,6,17.78,0,DC
1/7/2023,7,17.78,0,DC
1/8/2023,8,12.22,0.1016,DC
1/9/2023,9,12.22,0,DC
1/10/2023,10,17.22,0,DC
1/11/2023,11,20.56,0,DC
1/12/2023,12,9.44,0.3048,DC
1/13/2023,13,7.78,0,DC
1/14/2023,14,8.33,0,DC
1/15/2023,15,17.78,0,DC
1/16/2023,16,17.78,0,DC
1/17/2023,17,18.33,0,DC
1/18/2023,18,12.78,2.159,DC
1/19/2023,19,9.44,0,DC
1/20/2023,20,8.33,0,DC
1/21/2023,21,9.44,0.1778,DC
1/22/2023,22,3.89,0,DC
1/23/2023,23,7.78,0,DC
1/24/2023,24,6.67,4.2418,DC
1/25/2023,25,3.89,0,DC
1/26/2023,26,3.33,0,DC
1/27/2023,27,8.33,0,DC
1/28/2023,28,18.33,0.9144,DC
1/29/2023,29,7.22,1.2192,DC
1/30/2023,30,1.11,0.2032,DC
1/31/2023,31,1.11,0.0762,DC
2/1/2023,32,1.67,3.1242,DC
2/2/2023,33,3.33,3.7338,DC
2/3/2023,34,6.67,0,DC
2/4/2023,35,7.78,0,DC
2/5/2023,36,13.33,0,DC
2/6/2023,37,15.56,0,DC
2/7/2023,38,18.33,0.0508,DC
2/8/2023,39,7.78,0.4064,DC
2/9/2023,40,12.22,0,DC
2/10/2023,41,6.11,0,DC
2/11/2023,42,5.56,0,DC
2/12/2023,43,10.56,0,DC
2/13/2023,44,13.89,0,DC
2/14/2023,45,16.11,0.3302,DC
2/15/2023,46,22.22,0,DC
2/16/2023,47,7.22,0.2032,DC
2/17/2023,48,3.33,0,DC
2/18/2023,49,8.33,0,DC
2/19/2023,50,15,0,DC
2/20/2023,51,21.67,0,DC
2/21/2023,52,21.67,0,DC
2/22/2023,53,21.11,0.0508,DC
2/23/2023,54,20,0,DC
2/24/2023,55,18.33,0,DC
2/25/2023,56,15.56,0,DC
2/26/2023,57,20.56,0,DC
2/27/2023,58,15.56,0.0254,DC
2/28/2023,59,21.67,0,DC
3/1/2023,60,22.78,0,DC
3/2/2023,61,23.33,2.0828,DC
3/3/2023,62,10.56,0.0254,DC
3/4/2023,63,16.11,0,DC
3/5/2023,64,16.67,0,DC
3/6/2023,65,18.89,0,DC
3/7/2023,66,21.67,0,DC
3/8/2023,67,21.67,0,DC
3/9/2023,68,21.67,0,DC
3/10/2023,69,15,0.381,DC
3/11/2023,70,23.33,0,DC
3/12/2023,71,13.33,0,DC
3/13/2023,72,12.78,0,DC
3/14/2023,73,11.11,0,DC
3/15/2023,74,17.78,0,DC
3/16/2023,75,20,2.794,DC
3/17/2023,76,7.22,1.9812,DC
3/18/2023,77,7.78,0,DC
3/19/2023,78,5,0,DC
3/20/2023,79,10,0,DC
3/21/2023,80,18.33,0,DC
3/22/2023,81,22.22,0,DC
3/23/2023,82,23.33,0,DC
3/24/2023,83,21.11,0.0508,DC
3/25/2023,84,17.78,0,DC
3/26/2023,85,15.56,0.1016,DC
3/27/2023,86,20,0,DC
3/28/2023,87,15.56,0,DC
3/29/2023,88,15.56,0.4064,DC
3/30/2023,89,20.56,0,DC
3/31/2023,90,19.44,0.7366,DC
4/1/2023,91,18.89,0.0254,DC
4/2/2023,92,23.89,0,DC
4/3/2023,93,24.44,0,DC
4/4/2023,94,25,0,DC
4/5/2023,95,13.89,2.5654,DC
4/6/2023,96,10,6.7056,DC
4/7/2023,97,11.11,1.016,DC
4/8/2023,98,17.78,0,DC
4/9/2023,99,17.22,0,DC
4/10/2023,100,16.11,0.0254,DC
4/11/2023,101,16.11,0,DC
4/12/2023,102,15.56,0.889,DC
4/13/2023,103,16.67,0,DC
4/14/2023,104,21.11,0,DC
4/15/2023,105,22.78,0,DC
4/16/2023,106,13.89,0,DC
4/17/2023,107,18.33,0,DC
4/18/2023,108,17.78,0.254,DC
4/19/2023,109,21.67,0,DC
